storage_variant,trigger_policy,quality_id,disturbance_family,severity,horizon,prompt_envelope,n,completion,progress,retries,wakes,false_wakes,late_wakes,wasted_wakes,thrash,trigger_precision,trigger_recall,cost_proxy,storage_reads,storage_writes,storage_bytes,storage_age,escalation_event,escalation_failure
LIVE_BELIEF,EVENT_DRIVEN,Q00_CLEAN,AVAILABILITY_LOSS,HIGH,4,COMPACT_TYPED,12,1.0,8.0,0.0,1.0,0.0,0.0,0.0,1.0,1.0,1.0,8.0,1.0,1.0,167.0,6.0,1.0,0.0
LIVE_BELIEF,EVENT_DRIVEN,Q00_CLEAN,AVAILABILITY_LOSS,HIGH,4,VERBOSE_TYPED,12,1.0,8.0,0.0,1.0,0.0,0.0,0.0,1.0,1.0,1.0,11.0,1.0,1.0,168.0,6.0,1.0,0.0
LIVE_BELIEF,EVENT_DRIVEN,Q00_CLEAN,AVAILABILITY_LOSS,HIGH,8,COMPACT_TYPED,12,1.0,12.0,0.0,1.0,0.0,0.0,0.0,1.0,1.0,1.0,8.0,1.0,1.0,167.0,8.0,1.0,0.0
LIVE_BELIEF,EVENT_DRIVEN,Q00_CLEAN,AVAILABILITY_LOSS,HIGH,8,VERBOSE_TYPED,12,1.0,12.0,0.0,1.0,0.0,0.0,0.0,1.0,1.0,1.0,11.0,1.0,1.0,168.0,8.0,1.0,0.0
LIVE_BELIEF,EVENT_DRIVEN,Q00_CLEAN,AVAILABILITY_LOSS,HIGH,12,COMPACT_TYPED,12,1.0,16.0,0.0,1.0,0.0,0.0,0.0,1.0,1.0,1.0,8.0,1.0,1.0,167.0,10.0,1.0,0.0
LIVE_BELIEF,EVENT_DRIVEN,Q00_CLEAN,AVAILABILITY_LOSS,HIGH,12,VERBOSE_TYPED,12,1.0,16.0,0.0,1.0,0.0,0.0,0.0,1.0,1.0,1.0,11.0,1.0,1.0,168.0,10.0,1.0,0.0
LIVE_BELIEF,EVENT_DRIVEN,Q00_CLEAN,AVAILABILITY_LOSS,LOW,4,COMPACT_TYPED,12,1.0,8.0,0.0,1.0,0.0,0.0,0.0,1.0,1.0,1.0,8.0,1.0,1.0,167.0,6.0,1.0,0.0
LIVE_BELIEF,EVENT_DRIVEN,Q00_CLEAN,AVAILABILITY_LOSS,LOW,4,VERBOSE_TYPED,12,1.0,8.0,0.0,1.0,0.0,0.0,0.0,1.0,1.0,1.0,11.0,1.0,1.0,168.0,6.0,1.0,0.0
LIVE_BELIEF,EVENT_DRIVEN,Q00_CLEAN,AVAILABILITY_LOSS,LOW,8,COMPACT_TYPED,12,1.0,12.0,0.0,1.0,0.0,0.0,0.0,1.0,1.0,1.0,8.0,1.0,1.0,167.0,8.0,1.0,0.0
LIVE_BELIEF,EVENT_DRIVEN,Q00_CLEAN,AVAILABILITY_LOSS,LOW,8,VERBOSE_TYPED,12,1.0,12.0,0.0,1.0,0.0,0.0,0.0,1.0,1.0,1.0,11.0,1.0,1.0,168.0,8.0,1.0,0.0
LIVE_BELIEF,EVENT_DRIVEN,Q00_CLEAN,AVAILABILITY_LOSS,LOW,12,COMPACT_TYPED,12,1.0,16.0,0.0,1.0,0.0,0.0,0.0,1.0,1.0,1.0,8.0,1.0,1.0,167.0,10.0,1.0,0.0
LIVE_BELIEF,EVENT_DRIVEN,Q00_CLEAN,AVAILABILITY_LOSS,LOW,12,VERBOSE_TYPED,12,1.0,16.0,0.0,1.0,0.0,0.0,0.0,1.0,1.0,1.0,11.0,1.0,1.0,168.0,10.0,1.0,0.0
LIVE_BELIEF,EVENT_DRIVEN,Q00_CLEAN,CONTROL_FAILURE,HIGH,4,COMPACT_TYPED,12,1.0,5.0,3.0,1.0,0.0,0.0,1.0,0.0,1.0,1.0,14.0,1.0,1.0,166.0,6.0,1.0,0.0
LIVE_BELIEF,EVENT_DRIVEN,Q00_CLEAN,CONTROL_FAILURE,HIGH,4,VERBOSE_TYPED,12,1.0,5.0,3.0,1.0,0.0,0.0,1.0,0.0,1.0,1.0,17.0,1.0,1.0,167.0,6.0,1.0,0.0
LIVE_BELIEF,EVENT_DRIVEN,Q00_CLEAN,CONTROL_FAILURE,HIGH,8,COMPACT_TYPED,12,1.0,9.0,3.0,1.0,0.0,0.0,1.0,0.0,1.0,1.0,14.0,1.0,1.0,166.0,8.0,1.0,0.0
LIVE_BELIEF,EVENT_DRIVEN,Q00_CLEAN,CONTROL_FAILURE,HIGH,8,VERBOSE_TYPED,12,1.0,9.0,3.0,1.0,0.0,0.0,1.0,0.0,1.0,1.0,17.0,1.0,1.0,167.0,8.0,1.0,0.0
LIVE_BELIEF,EVENT_DRIVEN,Q00_CLEAN,CONTROL_FAILURE,HIGH,12,COMPACT_TYPED,12,1.0,13.0,3.0,1.0,0.0,0.0,1.0,0.0,1.0,1.0,14.0,1.0,1.0,166.0,10.0,1.0,0.0
LIVE_BELIEF,EVENT_DRIVEN,Q00_CLEAN,CONTROL_FAILURE,HIGH,12,VERBOSE_TYPED,12,1.0,13.0,3.0,1.0,0.0,0.0,1.0,0.0,1.0,1.0,17.0,1.0,1.0,167.0,10.0,1.0,0.0
LIVE_BELIEF,EVENT_DRIVEN,Q00_CLEAN,CONTROL_FAILURE,LOW,4,COMPACT_TYPED,12,1.0,6.0,2.0,1.0,0.0,0.0,1.0,0.0,1.0,1.0,12.0,1.0,1.0,166.0,6.0,1.0,0.0
LIVE_BELIEF,EVENT_DRIVEN,Q00_CLEAN,CONTROL_FAILURE,LOW,4,VERBOSE_TYPED,12,1.0,6.0,2.0,1.0,0.0,0.0,1.0,0.0,1.0,1.0,15.0,1.0,1.0,167.0,6.0,1.0,0.0
LIVE_BELIEF,EVENT_DRIVEN,Q00_CLEAN,CONTROL_FAILURE,LOW,8,COMPACT_TYPED,12,1.0,10.0,2.0,1.0,0.0,0.0,1.0,0.0,1.0,1.0,12.0,1.0,1.0,166.0,8.0,1.0,0.0
LIVE_BELIEF,EVENT_DRIVEN,Q00_CLEAN,CONTROL_FAILURE,LOW,8,VERBOSE_TYPED,12,1.0,10.0,2.0,1.0,0.0,0.0,1.0,0.0,1.0,1.0,15.0,1.0,1.0,167.0,8.0,1.0,0.0
LIVE_BELIEF,EVENT_DRIVEN,Q00_CLEAN,CONTROL_FAILURE,LOW,12,COMPACT_TYPED,12,1.0,14.0,2.0,1.0,0.0,0.0,1.0,0.0,1.0,1.0,12.0,1.0,1.0,166.0,10.0,1.0,0.0
LIVE_BELIEF,EVENT_DRIVEN,Q00_CLEAN,CONTROL_FAILURE,LOW,12,VERBOSE_TYPED,12,1.0,14.0,2.0,1.0,0.0,0.0,1.0,0.0,1.0,1.0,15.0,1.0,1.0,167.0,10.0,1.0,0.0
LIVE_BELIEF,EVENT_DRIVEN,Q00_CLEAN,POSE_SHIFT,HIGH,4,COMPACT_TYPED,12,1.0,8.0,0.0,1.0,0.0,0.0,0.0,0.0,1.0,1.0,8.0,1.0,1.0,161.0,6.0,1.0,0.0
LIVE_BELIEF,EVENT_DRIVEN,Q00_CLEAN,POSE_SHIFT,HIGH,4,VERBOSE_TYPED,12,1.0,8.0,0.0,1.0,0.0,0.0,0.0,0.0,1.0,1.0,11.0,1.0,1.0,162.0,6.0,1.0,0.0
LIVE_BELIEF,EVENT_DRIVEN,Q00_CLEAN,POSE_SHIFT,HIGH,8,COMPACT_TYPED,12,1.0,12.0,0.0,1.0,0.0,0.0,0.0,0.0,1.0,1.0,8.0,1.0,1.0,161.0,8.0,1.0,0.0
LIVE_BELIEF,EVENT_DRIVEN,Q00_CLEAN,POSE_SHIFT,HIGH,8,VERBOSE_TYPED,12,1.0,12.0,0.0,1.0,0.0,0.0,0.0,0.0,1.0,1.0,11.0,1.0,1.0,162.0,8.0,1.0,0.0
LIVE_BELIEF,EVENT_DRIVEN,Q00_CLEAN,POSE_SHIFT,HIGH,12,COMPACT_TYPED,12,1.0,16.0,0.0,1.0,0.0,0.0,0.0,0.0,1.0,1.0,8.0,1.0,1.0,161.0,10.0,1.0,0.0
LIVE_BELIEF,EVENT_DRIVEN,Q00_CLEAN,POSE_SHIFT,HIGH,12,VERBOSE_TYPED,12,1.0,16.0,0.0,1.0,0.0,0.0,0.0,0.0,1.0,1.0,11.0,1.0,1.0,162.0,10.0,1.0,0.0
LIVE_BELIEF,EVENT_DRIVEN,Q00_CLEAN,POSE_SHIFT,LOW,4,COMPACT_TYPED,12,1.0,8.0,0.0,1.0,0.0,0.0,0.0,0.0,1.0,1.0,8.0,1.0,1.0,161.0,6.0,1.0,0.0
LIVE_BELIEF,EVENT_DRIVEN,Q00_CLEAN,POSE_SHIFT,LOW,4,VERBOSE_TYPED,12,1.0,8.0,0.0,1.0,0.0,0.0,0.0,0.0,1.0,1.0,11.0,1.0,1.0,162.0,6.0,1.0,0.0
LIVE_BELIEF,EVENT_DRIVEN,Q00_CLEAN,POSE_SHIFT,LOW,8,COMPACT_TYPED,12,1.0,12.0,0.0,1.0,0.0,0.0,0.0,0.0,1.0,1.0,8.0,1.0,1.0,161.0,8.0,1.0,0.0
LIVE_BELIEF,EVENT_DRIVEN,Q00_CLEAN,POSE_SHIFT,LOW,8,VERBOSE_TYPED,12,1.0,12.0,0.0,1.0,0.0,0.0,0.0,0.0,1.0,1.0,11.0,1.0,1.0,162.0,8.0,1.0,0.0
LIVE_BELIEF,EVENT_DRIVEN,Q00_CLEAN,POSE_SHIFT,LOW,12,COMPACT_TYPED,12,1.0,16.0,0.0,1.0,0.0,0.0,0.0,0.0,1.0,1.0,8.0,1.0,1.0,161.0,10.0,1.0,0.0
LIVE_BELIEF,EVENT_DRIVEN,Q00_CLEAN,POSE_SHIFT,LOW,12,VERBOSE_TYPED,12,1.0,16.0,0.0,1.0,0.0,0.0,0.0,0.0,1.0,1.0,11.0,1.0,1.0,162.0,10.0,1.0,0.0
LIVE_BELIEF,EVENT_DRIVEN,Q00_CLEAN,RESTRICTION_CHANGE,HIGH,4,COMPACT_TYPED,12,1.0,8.0,0.0,1.0,0.0,0.0,0.0,1.0,1.0,1.0,8.0,1.0,1.0,164.0,6.0,1.0,0.0
LIVE_BELIEF,EVENT_DRIVEN,Q00_CLEAN,RESTRICTION_CHANGE,HIGH,4,VERBOSE_TYPED,12,1.0,8.0,0.0,1.0,0.0,0.0,0.0,1.0,1.0,1.0,11.0,1.0,1.0,165.0,6.0,1.0,0.0
LIVE_BELIEF,EVENT_DRIVEN,Q00_CLEAN,RESTRICTION_CHANGE,HIGH,8,COMPACT_TYPED,12,1.0,12.0,0.0,1.0,0.0,0.0,0.0,1.0,1.0,1.0,8.0,1.0,1.0,164.0,8.0,1.0,0.0
LIVE_BELIEF,EVENT_DRIVEN,Q00_CLEAN,RESTRICTION_CHANGE,HIGH,8,VERBOSE_TYPED,12,1.0,12.0,0.0,1.0,0.0,0.0,0.0,1.0,1.0,1.0,11.0,1.0,1.0,165.0,8.0,1.0,0.0
LIVE_BELIEF,EVENT_DRIVEN,Q00_CLEAN,RESTRICTION_CHANGE,HIGH,12,COMPACT_TYPED,12,1.0,16.0,0.0,1.0,0.0,0.0,0.0,1.0,1.0,1.0,8.0,1.0,1.0,164.0,10.0,1.0,0.0
LIVE_BELIEF,EVENT_DRIVEN,Q00_CLEAN,RESTRICTION_CHANGE,HIGH,12,VERBOSE_TYPED,12,1.0,16.0,0.0,1.0,0.0,0.0,0.0,1.0,1.0,1.0,11.0,1.0,1.0,165.0,10.0,1.0,0.0
LIVE_BELIEF,EVENT_DRIVEN,Q00_CLEAN,RESTRICTION_CHANGE,LOW,4,COMPACT_TYPED,12,1.0,8.0,0.0,1.0,0.0,0.0,0.0,1.0,1.0,1.0,8.0,1.0,1.0,164.0,6.0,1.0,0.0
LIVE_BELIEF,EVENT_DRIVEN,Q00_CLEAN,RESTRICTION_CHANGE,LOW,4,VERBOSE_TYPED,12,1.0,8.0,0.0,1.0,0.0,0.0,0.0,1.0,1.0,1.0,11.0,1.0,1.0,165.0,6.0,1.0,0.0
LIVE_BELIEF,EVENT_DRIVEN,Q00_CLEAN,RESTRICTION_CHANGE,LOW,8,COMPACT_TYPED,12,1.0,12.0,0.0,1.0,0.0,0.0,0.0,1.0,1.0,1.0,8.0,1.0,1.0,164.0,8.0,1.0,0.0
LIVE_BELIEF,EVENT_DRIVEN,Q00_CLEAN,RESTRICTION_CHANGE,LOW,8,VERBOSE_TYPED,12,1.0,12.0,0.0,1.0,0.0,0.0,0.0,1.0,1.0,1.0,11.0,1.0,1.0,165.0,8.0,1.0,0.0
LIVE_BELIEF,EVENT_DRIVEN,Q00_CLEAN,RESTRICTION_CHANGE,LOW,12,COMPACT_TYPED,12,1.0,16.0,0.0,1.0,0.0,0.0,0.0,1.0,1.0,1.0,8.0,1.0,1.0,164.0,10.0,1.0,0.0
LIVE_BELIEF,EVENT_DRIVEN,Q00_CLEAN,RESTRICTION_CHANGE,LOW,12,VERBOSE_TYPED,12,1.0,16.0,0.0,1.0,0.0,0.0,0.0,1.0,1.0,1.0,11.0,1.0,1.0,165.0,10.0,1.0,0.0
LIVE_BELIEF,EVENT_DRIVEN,Q01_RECALL75,AVAILABILITY_LOSS,HIGH,4,COMPACT_TYPED,12,0.5,4.5,3.5,0.5,0.0,0.5,0.0,0.5,0.5,0.5,11.0,0.5,0.5,83.5,7.0,0.5,0.0
LIVE_BELIEF,EVENT_DRIVEN,Q01_RECALL75,AVAILABILITY_LOSS,HIGH,4,VERBOSE_TYPED,12,0.5,4.5,3.5,0.5,0.0,0.5,0.0,0.5,0.5,0.5,12.5,0.5,0.5,84.0,7.0,0.5,0.0
LIVE_BELIEF,EVENT_DRIVEN,Q01_RECALL75,AVAILABILITY_LOSS,HIGH,8,COMPACT_TYPED,12,0.75,9.75,2.25,0.75,0.0,0.25,0.0,0.75,0.75,0.75,10.5,0.75,0.75,125.25,9.0,0.75,0.0
LIVE_BELIEF,EVENT_DRIVEN,Q01_RECALL75,AVAILABILITY_LOSS,HIGH,8,VERBOSE_TYPED,12,0.75,9.75,2.25,0.75,0.0,0.25,0.0,0.75,0.75,0.75,12.75,0.75,0.75,126.0,9.0,0.75,0.0
LIVE_BELIEF,EVENT_DRIVEN,Q01_RECALL75,AVAILABILITY_LOSS,HIGH,12,COMPACT_TYPED,12,0.833333,14.166667,1.833333,0.833333,0.0,0.166667,0.0,0.833333,0.833333,0.833333,10.333333,0.833333,0.833333,139.166667,11.0,0.833333,0.0
LIVE_BELIEF,EVENT_DRIVEN,Q01_RECALL75,AVAILABILITY_LOSS,HIGH,12,VERBOSE_TYPED,12,0.833333,14.166667,1.833333,0.833333,0.0,0.166667,0.0,0.833333,0.833333,0.833333,12.833333,0.833333,0.833333,140.0,11.0,0.833333,0.0
LIVE_BELIEF,EVENT_DRIVEN,Q01_RECALL75,AVAILABILITY_LOSS,LOW,4,COMPACT_TYPED,12,0.833333,6.833333,1.166667,0.833333,0.0,0.166667,0.0,0.833333,0.833333,0.833333,9.0,0.833333,0.833333,139.166667,6.333333,0.833333,0.0
LIVE_BELIEF,EVENT_DRIVEN,Q01_RECALL75,AVAILABILITY_LOSS,LOW,4,VERBOSE_TYPED,12,0.833333,6.833333,1.166667,0.833333,0.0,0.166667,0.0,0.833333,0.833333,0.833333,11.5,0.833333,0.833333,140.0,6.333333,0.833333,0.0
LIVE_BELIEF,EVENT_DRIVEN,Q01_RECALL75,AVAILABILITY_LOSS,LOW,8,COMPACT_TYPED,12,0.75,9.75,2.25,0.75,0.0,0.25,0.0,0.75,0.75,0.75,10.5,0.75,0.75,125.25,9.0,0.75,0.0
LIVE_BELIEF,EVENT_DRIVEN,Q01_RECALL75,AVAILABILITY_LOSS,LOW,8,VERBOSE_TYPED,12,0.75,9.75,2.25,0.75,0.0,0.25,0.0,0.75,0.75,0.75,12.75,0.75,0.75,126.0,9.0,0.75,0.0
LIVE_BELIEF,EVENT_DRIVEN,Q01_RECALL75,AVAILABILITY_LOSS,LOW,12,COMPACT_TYPED,12,0.75,13.25,2.75,0.75,0.0,0.25,0.0,0.75,0.75,0.75,11.5,0.75,0.75,125.25,11.5,0.75,0.0
LIVE_BELIEF,EVENT_DRIVEN,Q01_RECALL75,AVAILABILITY_LOSS,LOW,12,VERBOSE_TYPED,12,0.75,13.25,2.75,0.75,0.0,0.25,0.0,0.75,0.75,0.75,13.75,0.75,0.75,126.0,11.5,0.75,0.0
LIVE_BELIEF,EVENT_DRIVEN,Q01_RECALL75,CONTROL_FAILURE,HIGH,4,COMPACT_TYPED,12,1.0,5.0,3.0,0.583333,0.0,0.416667,0.583333,0.0,0.583333,0.583333,10.666667,0.583333,0.583333,96.833333,6.833333,0.583333,0.0
LIVE_BELIEF,EVENT_DRIVEN,Q01_RECALL75,CONTROL_FAILURE,HIGH,4,VERBOSE_TYPED,12,1.0,5.0,3.0,0.583333,0.0,0.416667,0.583333,0.0,0.583333,0.583333,12.416667,0.583333,0.583333,97.416667,6.833333,0.583333,0.0
LIVE_BELIEF,EVENT_DRIVEN,Q01_RECALL75,CONTROL_FAILURE,HIGH,8,COMPACT_TYPED,12,1.0,9.0,3.0,0.833333,0.0,0.166667,0.833333,0.0,0.833333,0.833333,12.666667,0.833333,0.833333,138.333333,8.666667,0.833333,0.0
LIVE_BELIEF,EVENT_DRIVEN,Q01_RECALL75,CONTROL_FAILURE,HIGH,8,VERBOSE_TYPED,12,1.0,9.0,3.0,0.833333,0.0,0.166667,0.833333,0.0,0.833333,0.833333,15.166667,0.833333,0.833333,139.166667,8.666667,0.833333,0.0
LIVE_BELIEF,EVENT_DRIVEN,Q01_RECALL75,CONTROL_FAILURE,HIGH,12,COMPACT_TYPED,12,1.0,13.0,3.0,0.75,0.0,0.25,0.75,0.0,0.75,0.75,12.0,0.75,0.75,124.5,11.5,0.75,0.0
LIVE_BELIEF,EVENT_DRIVEN,Q01_RECALL75,CONTROL_FAILURE,HIGH,12,VERBOSE_TYPED,12,1.0,13.0,3.0,0.75,0.0,0.25,0.75,0.0,0.75,0.75,14.25,0.75,0.75,125.25,11.5,0.75,0.0
LIVE_BELIEF,EVENT_DRIVEN,Q01_RECALL75,CONTROL_FAILURE,LOW,4,COMPACT_TYPED,12,1.0,6.0,2.0,0.833333,0.0,0.166667,0.833333,0.0,0.833333,0.833333,10.666667,0.833333,0.833333,138.333333,6.333333,0.833333,0.0
LIVE_BELIEF,EVENT_DRIVEN,Q01_RECALL75,CONTROL_FAILURE,LOW,4,VERBOSE_TYPED,12,1.0,6.0,2.0,0.833333,0.0,0.166667,0.833333,0.0,0.833333,0.833333,13.166667,0.833333,0.833333,139.166667,6.333333,0.833333,0.0
LIVE_BELIEF,EVENT_DRIVEN,Q01_RECALL75,CONTROL_FAILURE,LOW,8,COMPACT_TYPED,12,1.0,10.0,2.0,0.75,0.0,0.25,0.75,0.0,0.75,0.75,10.0,0.75,0.75,124.5,9.0,0.75,0.0
LIVE_BELIEF,EVENT_DRIVEN,Q01_RECALL75,CONTROL_FAILURE,LOW,8,VERBOSE_TYPED,12,1.0,10.0,2.0,0.75,0.0,0.25,0.75,0.0,0.75,0.75,12.25,0.75,0.75,125.25,9.0,0.75,0.0
LIVE_BELIEF,EVENT_DRIVEN,Q01_RECALL75,CONTROL_FAILURE,LOW,12,COMPACT_TYPED,12,1.0,14.0,2.0,0.916667,0.0,0.083333,0.916667,0.0,0.916667,0.916667,11.333333,0.916667,0.916667,152.166667,10.5,0.916667,0.0
LIVE_BELIEF,EVENT_DRIVEN,Q01_RECALL75,CONTROL_FAILURE,LOW,12,VERBOSE_TYPED,12,1.0,14.0,2.0,0.916667,0.0,0.083333,0.916667,0.0,0.916667,0.916667,14.083333,0.916667,0.916667,153.083333,10.5,0.916667,0.0
LIVE_BELIEF,EVENT_DRIVEN,Q01_RECALL75,POSE_SHIFT,HIGH,4,COMPACT_TYPED,12,0.583333,5.083333,2.916667,0.583333,0.0,0.416667,0.0,0.0,0.583333,0.583333,10.5,0.583333,0.583333,93.916667,6.833333,0.583333,0.0
LIVE_BELIEF,EVENT_DRIVEN,Q01_RECALL75,POSE_SHIFT,HIGH,4,VERBOSE_TYPED,12,0.583333,5.083333,2.916667,0.583333,0.0,0.416667,0.0,0.0,0.583333,0.583333,12.25,0.583333,0.583333,94.5,6.833333,0.583333,0.0
LIVE_BELIEF,EVENT_DRIVEN,Q01_RECALL75,POSE_SHIFT,HIGH,8,COMPACT_TYPED,12,0.75,9.75,2.25,0.75,0.0,0.25,0.0,0.0,0.75,0.75,10.5,0.75,0.75,120.75,9.0,0.75,0.0
LIVE_BELIEF,EVENT_DRIVEN,Q01_RECALL75,POSE_SHIFT,HIGH,8,VERBOSE_TYPED,12,0.75,9.75,2.25,0.75,0.0,0.25,0.0,0.0,0.75,0.75,12.75,0.75,0.75,121.5,9.0,0.75,0.0
LIVE_BELIEF,EVENT_DRIVEN,Q01_RECALL75,POSE_SHIFT,HIGH,12,COMPACT_TYPED,12,0.666667,12.333333,3.666667,0.666667,0.0,0.333333,0.0,0.0,0.666667,0.666667,12.666667,0.666667,0.666667,107.333333,12.0,0.666667,0.0
LIVE_BELIEF,EVENT_DRIVEN,Q01_RECALL75,POSE_SHIFT,HIGH,12,VERBOSE_TYPED,12,0.666667,12.333333,3.666667,0.666667,0.0,0.333333,0.0,0.0,0.666667,0.666667,14.666667,0.666667,0.666667,108.0,12.0,0.666667,0.0
LIVE_BELIEF,EVENT_DRIVEN,Q01_RECALL75,POSE_SHIFT,LOW,4,COMPACT_TYPED,12,0.75,6.25,1.75,0.75,0.0,0.25,0.0,0.0,0.75,0.75,9.5,0.75,0.75,120.75,6.5,0.75,0.0
LIVE_BELIEF,EVENT_DRIVEN,Q01_RECALL75,POSE_SHIFT,LOW,4,VERBOSE_TYPED,12,0.75,6.25,1.75,0.75,0.0,0.25,0.0,0.0,0.75,0.75,11.75,0.75,0.75,121.5,6.5,0.75,0.0
LIVE_BELIEF,EVENT_DRIVEN,Q01_RECALL75,POSE_SHIFT,LOW,8,COMPACT_TYPED,12,0.833333,10.5,1.5,0.833333,0.0,0.166667,0.0,0.0,0.833333,0.833333,9.666667,0.833333,0.833333,134.166667,8.666667,0.833333,0.0
LIVE_BELIEF,EVENT_DRIVEN,Q01_RECALL75,POSE_SHIFT,LOW,8,VERBOSE_TYPED,12,0.833333,10.5,1.5,0.833333,0.0,0.166667,0.0,0.0,0.833333,0.833333,12.166667,0.833333,0.833333,135.0,8.666667,0.833333,0.0
LIVE_BELIEF,EVENT_DRIVEN,Q01_RECALL75,POSE_SHIFT,LOW,12,COMPACT_TYPED,12,0.666667,12.333333,3.666667,0.666667,0.0,0.333333,0.0,0.0,0.666667,0.666667,12.666667,0.666667,0.666667,107.333333,12.0,0.666667,0.0
LIVE_BELIEF,EVENT_DRIVEN,Q01_RECALL75,POSE_SHIFT,LOW,12,VERBOSE_TYPED,12,0.666667,12.333333,3.666667,0.666667,0.0,0.333333,0.0,0.0,0.666667,0.666667,14.666667,0.666667,0.666667,108.0,12.0,0.666667,0.0
LIVE_BELIEF,EVENT_DRIVEN,Q01_RECALL75,RESTRICTION_CHANGE,HIGH,4,COMPACT_TYPED,12,0.666667,5.666667,2.333333,0.666667,0.0,0.333333,0.0,0.666667,0.666667,0.666667,10.0,0.666667,0.666667,109.333333,6.666667,0.666667,0.0
LIVE_BELIEF,EVENT_DRIVEN,Q01_RECALL75,RESTRICTION_CHANGE,HIGH,4,VERBOSE_TYPED,12,0.666667,5.666667,2.333333,0.666667,0.0,0.333333,0.0,0.666667,0.666667,0.666667,12.0,0.666667,0.666667,110.0,6.666667,0.666667,0.0
LIVE_BELIEF,EVENT_DRIVEN,Q01_RECALL75,RESTRICTION_CHANGE,HIGH,8,COMPACT_TYPED,12,0.833333,10.5,1.5,0.833333,0.0,0.166667,0.0,0.833333,0.833333,0.833333,9.666667,0.833333,0.833333,136.666667,8.666667,0.833333,0.0
LIVE_BELIEF,EVENT_DRIVEN,Q01_RECALL75,RESTRICTION_CHANGE,HIGH,8,VERBOSE_TYPED,12,0.833333,10.5,1.5,0.833333,0.0,0.166667,0.0,0.833333,0.833333,0.833333,12.166667,0.833333,0.833333,137.5,8.666667,0.833333,0.0
LIVE_BELIEF,EVENT_DRIVEN,Q01_RECALL75,RESTRICTION_CHANGE,HIGH,12,COMPACT_TYPED,12,0.833333,14.166667,1.833333,0.833333,0.0,0.166667,0.0,0.833333,0.833333,0.833333,10.333333,0.833333,0.833333,136.666667,11.0,0.833333,0.0
LIVE_BELIEF,EVENT_DRIVEN,Q01_RECALL75,RESTRICTION_CHANGE,HIGH,12,VERBOSE_TYPED,12,0.833333,14.166667,1.833333,0.833333,0.0,0.166667,0.0,0.833333,0.833333,0.833333,12.833333,0.833333,0.833333,137.5,11.0,0.833333,0.0
LIVE_BELIEF,EVENT_DRIVEN,Q01_RECALL75,RESTRICTION_CHANGE,LOW,4,COMPACT_TYPED,12,0.833333,6.833333,1.166667,0.833333,0.0,0.166667,0.0,0.833333,0.833333,0.833333,9.0,0.833333,0.833333,136.666667,6.333333,0.833333,0.0
LIVE_BELIEF,EVENT_DRIVEN,Q01_RECALL75,RESTRICTION_CHANGE,LOW,4,VERBOSE_TYPED,12,0.833333,6.833333,1.166667,0.833333,0.0,0.166667,0.0,0.833333,0.833333,0.833333,11.5,0.833333,0.833333,137.5,6.333333,0.833333,0.0
LIVE_BELIEF,EVENT_DRIVEN,Q01_RECALL75,RESTRICTION_CHANGE,LOW,8,COMPACT_TYPED,12,0.833333,10.5,1.5,0.833333,0.0,0.166667,0.0,0.833333,0.833333,0.833333,9.666667,0.833333,0.833333,136.666667,8.666667,0.833333,0.0
LIVE_BELIEF,EVENT_DRIVEN,Q01_RECALL75,RESTRICTION_CHANGE,LOW,8,VERBOSE_TYPED,12,0.833333,10.5,1.5,0.833333,0.0,0.166667,0.0,0.833333,0.833333,0.833333,12.166667,0.833333,0.833333,137.5,8.666667,0.833333,0.0
LIVE_BELIEF,EVENT_DRIVEN,Q01_RECALL75,RESTRICTION_CHANGE,LOW,12,COMPACT_TYPED,12,0.833333,14.166667,1.833333,0.833333,0.0,0.166667,0.0,0.833333,0.833333,0.833333,10.333333,0.833333,0.833333,136.666667,11.0,0.833333,0.0
LIVE_BELIEF,EVENT_DRIVEN,Q01_RECALL75,RESTRICTION_CHANGE,LOW,12,VERBOSE_TYPED,12,0.833333,14.166667,1.833333,0.833333,0.0,0.166667,0.0,0.833333,0.833333,0.833333,12.833333,0.833333,0.833333,137.5,11.0,0.833333,0.0
LIVE_BELIEF,EVENT_DRIVEN,Q02_RECALL50,AVAILABILITY_LOSS,HIGH,4,COMPACT_TYPED,12,0.166667,2.166667,5.833333,0.166667,0.0,0.833333,0.0,0.166667,0.166667,0.166667,13.0,0.166667,0.166667,27.833333,7.666667,0.166667,0.0
LIVE_BELIEF,EVENT_DRIVEN,Q02_RECALL50,AVAILABILITY_LOSS,HIGH,4,VERBOSE_TYPED,12,0.166667,2.166667,5.833333,0.166667,0.0,0.833333,0.0,0.166667,0.166667,0.166667,13.5,0.166667,0.166667,28.0,7.666667,0.166667,0.0
LIVE_BELIEF,EVENT_DRIVEN,Q02_RECALL50,AVAILABILITY_LOSS,HIGH,8,COMPACT_TYPED,12,0.583333,8.25,3.75,0.583333,0.0,0.416667,0.0,0.583333,0.583333,0.583333,12.166667,0.583333,0.583333,97.416667,9.666667,0.583333,0.0
LIVE_BELIEF,EVENT_DRIVEN,Q02_RECALL50,AVAILABILITY_LOSS,HIGH,8,VERBOSE_TYPED,12,0.583333,8.25,3.75,0.583333,0.0,0.416667,0.0,0.583333,0.583333,0.583333,13.916667,0.583333,0.583333,98.0,9.666667,0.583333,0.0
LIVE_BELIEF,EVENT_DRIVEN,Q02_RECALL50,AVAILABILITY_LOSS,HIGH,12,COMPACT_TYPED,12,0.75,13.25,2.75,0.75,0.0,0.25,0.0,0.75,0.75,0.75,11.5,0.75,0.75,125.25,11.5,0.75,0.0
LIVE_BELIEF,EVENT_DRIVEN,Q02_RECALL50,AVAILABILITY_LOSS,HIGH,12,VERBOSE_TYPED,12,0.75,13.25,2.75,0.75,0.0,0.25,0.0,0.75,0.75,0.75,13.75,0.75,0.75,126.0,11.5,0.75,0.0
LIVE_BELIEF,EVENT_DRIVEN,Q02_RECALL50,AVAILABILITY_LOSS,LOW,4,COMPACT_TYPED,12,0.583333,5.083333,2.916667,0.583333,0.0,0.416667,0.0,0.583333,0.583333,0.583333,10.5,0.583333,0.583333,97.416667,6.833333,0.583333,0.0
LIVE_BELIEF,EVENT_DRIVEN,Q02_RECALL50,AVAILABILITY_LOSS,LOW,4,VERBOSE_TYPED,12,0.583333,5.083333,2.916667,0.583333,0.0,0.416667,0.0,0.583333,0.583333,0.583333,12.25,0.583333,0.583333,98.0,6.833333,0.583333,0.0
LIVE_BELIEF,EVENT_DRIVEN,Q02_RECALL50,AVAILABILITY_LOSS,LOW,8,COMPACT_TYPED,12,0.583333,8.25,3.75,0.583333,0.0,0.416667,0.0,0.583333,0.583333,0.583333,12.166667,0.583333,0.583333,97.416667,9.666667,0.583333,0.0
LIVE_BELIEF,EVENT_DRIVEN,Q02_RECALL50,AVAILABILITY_LOSS,LOW,8,VERBOSE_TYPED,12,0.583333,8.25,3.75,0.583333,0.0,0.416667,0.0,0.583333,0.583333,0.583333,13.916667,0.583333,0.583333,98.0,9.666667,0.583333,0.0
LIVE_BELIEF,EVENT_DRIVEN,Q02_RECALL50,AVAILABILITY_LOSS,LOW,12,COMPACT_TYPED,12,0.416667,9.583333,6.416667,0.416667,0.0,0.583333,0.0,0.416667,0.416667,0.416667,16.166667,0.416667,0.416667,69.583333,13.5,0.416667,0.0
LIVE_BELIEF,EVENT_DRIVEN,Q02_RECALL50,AVAILABILITY_LOSS,LOW,12,VERBOSE_TYPED,12,0.416667,9.583333,6.416667,0.416667,0.0,0.583333,0.0,0.416667,0.416667,0.416667,17.416667,0.416667,0.416667,70.0,13.5,0.416667,0.0
LIVE_BELIEF,EVENT_DRIVEN,Q02_RECALL50,CONTROL_FAILURE,HIGH,4,COMPACT_TYPED,12,1.0,5.0,3.0,0.5,0.0,0.5,0.5,0.0,0.5,0.5,10.0,0.5,0.5,83.0,7.0,0.5,0.0
LIVE_BELIEF,EVENT_DRIVEN,Q02_RECALL50,CONTROL_FAILURE,HIGH,4,VERBOSE_TYPED,12,1.0,5.0,3.0,0.5,0.0,0.5,0.5,0.0,0.5,0.5,11.5,0.5,0.5,83.5,7.0,0.5,0.0
LIVE_BELIEF,EVENT_DRIVEN,Q02_RECALL50,CONTROL_FAILURE,HIGH,8,COMPACT_TYPED,12,1.0,9.0,3.0,0.5,0.0,0.5,0.5,0.0,0.5,0.5,10.0,0.5,0.5,83.0,10.0,0.5,0.0
LIVE_BELIEF,EVENT_DRIVEN,Q02_RECALL50,CONTROL_FAILURE,HIGH,8,VERBOSE_TYPED,12,1.0,9.0,3.0,0.5,0.0,0.5,0.5,0.0,0.5,0.5,11.5,0.5,0.5,83.5,10.0,0.5,0.0
LIVE_BELIEF,EVENT_DRIVEN,Q02_RECALL50,CONTROL_FAILURE,HIGH,12,COMPACT_TYPED,12,1.0,13.0,3.0,0.416667,0.0,0.583333,0.416667,0.0,0.416667,0.416667,9.333333,0.416667,0.416667,69.166667,13.5,0.416667,0.0
LIVE_BELIEF,EVENT_DRIVEN,Q02_RECALL50,CONTROL_FAILURE,HIGH,12,VERBOSE_TYPED,12,1.0,13.0,3.0,0.416667,0.0,0.583333,0.416667,0.0,0.416667,0.416667,10.583333,0.416667,0.416667,69.583333,13.5,0.416667,0.0
LIVE_BELIEF,EVENT_DRIVEN,Q02_RECALL50,CONTROL_FAILURE,LOW,4,COMPACT_TYPED,12,1.0,6.0,2.0,0.5,0.0,0.5,0.5,0.0,0.5,0.5,8.0,0.5,0.5,83.0,7.0,0.5,0.0
LIVE_BELIEF,EVENT_DRIVEN,Q02_RECALL50,CONTROL_FAILURE,LOW,4,VERBOSE_TYPED,12,1.0,6.0,2.0,0.5,0.0,0.5,0.5,0.0,0.5,0.5,9.5,0.5,0.5,83.5,7.0,0.5,0.0
LIVE_BELIEF,EVENT_DRIVEN,Q02_RECALL50,CONTROL_FAILURE,LOW,8,COMPACT_TYPED,12,1.0,10.0,2.0,0.75,0.0,0.25,0.75,0.0,0.75,0.75,10.0,0.75,0.75,124.5,9.0,0.75,0.0
LIVE_BELIEF,EVENT_DRIVEN,Q02_RECALL50,CONTROL_FAILURE,LOW,8,VERBOSE_TYPED,12,1.0,10.0,2.0,0.75,0.0,0.25,0.75,0.0,0.75,0.75,12.25,0.75,0.75,125.25,9.0,0.75,0.0
LIVE_BELIEF,EVENT_DRIVEN,Q02_RECALL50,CONTROL_FAILURE,LOW,12,COMPACT_TYPED,12,1.0,14.0,2.0,0.583333,0.0,0.416667,0.583333,0.0,0.583333,0.583333,8.666667,0.583333,0.583333,96.833333,12.5,0.583333,0.0
LIVE_BELIEF,EVENT_DRIVEN,Q02_RECALL50,CONTROL_FAILURE,LOW,12,VERBOSE_TYPED,12,1.0,14.0,2.0,0.583333,0.0,0.416667,0.583333,0.0,0.583333,0.583333,10.416667,0.583333,0.583333,97.416667,12.5,0.583333,0.0
LIVE_BELIEF,EVENT_DRIVEN,Q02_RECALL50,POSE_SHIFT,HIGH,4,COMPACT_TYPED,12,0.583333,5.083333,2.916667,0.583333,0.0,0.416667,0.0,0.0,0.583333,0.583333,10.5,0.583333,0.583333,93.916667,6.833333,0.583333,0.0
LIVE_BELIEF,EVENT_DRIVEN,Q02_RECALL50,POSE_SHIFT,HIGH,4,VERBOSE_TYPED,12,0.583333,5.083333,2.916667,0.583333,0.0,0.416667,0.0,0.0,0.583333,0.583333,12.25,0.583333,0.583333,94.5,6.833333,0.583333,0.0
LIVE_BELIEF,EVENT_DRIVEN,Q02_RECALL50,POSE_SHIFT,HIGH,8,COMPACT_TYPED,12,0.583333,8.25,3.75,0.583333,0.0,0.416667,0.0,0.0,0.583333,0.583333,12.166667,0.583333,0.583333,93.916667,9.666667,0.583333,0.0
LIVE_BELIEF,EVENT_DRIVEN,Q02_RECALL50,POSE_SHIFT,HIGH,8,VERBOSE_TYPED,12,0.583333,8.25,3.75,0.583333,0.0,0.416667,0.0,0.0,0.583333,0.583333,13.916667,0.583333,0.583333,94.5,9.666667,0.583333,0.0
LIVE_BELIEF,EVENT_DRIVEN,Q02_RECALL50,POSE_SHIFT,HIGH,12,COMPACT_TYPED,12,0.5,10.5,5.5,0.5,0.0,0.5,0.0,0.0,0.5,0.5,15.0,0.5,0.5,80.5,13.0,0.5,0.0
LIVE_BELIEF,EVENT_DRIVEN,Q02_RECALL50,POSE_SHIFT,HIGH,12,VERBOSE_TYPED,12,0.5,10.5,5.5,0.5,0.0,0.5,0.0,0.0,0.5,0.5,16.5,0.5,0.5,81.0,13.0,0.5,0.0
LIVE_BELIEF,EVENT_DRIVEN,Q02_RECALL50,POSE_SHIFT,LOW,4,COMPACT_TYPED,12,0.583333,5.083333,2.916667,0.583333,0.0,0.416667,0.0,0.0,0.583333,0.583333,10.5,0.583333,0.583333,93.916667,6.833333,0.583333,0.0
LIVE_BELIEF,EVENT_DRIVEN,Q02_RECALL50,POSE_SHIFT,LOW,4,VERBOSE_TYPED,12,0.583333,5.083333,2.916667,0.583333,0.0,0.416667,0.0,0.0,0.583333,0.583333,12.25,0.583333,0.583333,94.5,6.833333,0.583333,0.0
LIVE_BELIEF,EVENT_DRIVEN,Q02_RECALL50,POSE_SHIFT,LOW,8,COMPACT_TYPED,12,0.583333,8.25,3.75,0.583333,0.0,0.416667,0.0,0.0,0.583333,0.583333,12.166667,0.583333,0.583333,93.916667,9.666667,0.583333,0.0
LIVE_BELIEF,EVENT_DRIVEN,Q02_RECALL50,POSE_SHIFT,LOW,8,VERBOSE_TYPED,12,0.583333,8.25,3.75,0.583333,0.0,0.416667,0.0,0.0,0.583333,0.583333,13.916667,0.583333,0.583333,94.5,9.666667,0.583333,0.0
LIVE_BELIEF,EVENT_DRIVEN,Q02_RECALL50,POSE_SHIFT,LOW,12,COMPACT_TYPED,12,0.333333,8.666667,7.333333,0.333333,0.0,0.666667,0.0,0.0,0.333333,0.333333,17.333333,0.333333,0.333333,53.666667,14.0,0.333333,0.0
LIVE_BELIEF,EVENT_DRIVEN,Q02_RECALL50,POSE_SHIFT,LOW,12,VERBOSE_TYPED,12,0.333333,8.666667,7.333333,0.333333,0.0,0.666667,0.0,0.0,0.333333,0.333333,18.333333,0.333333,0.333333,54.0,14.0,0.333333,0.0
LIVE_BELIEF,EVENT_DRIVEN,Q02_RECALL50,RESTRICTION_CHANGE,HIGH,4,COMPACT_TYPED,12,0.416667,3.916667,4.083333,0.416667,0.0,0.583333,0.0,0.416667,0.416667,0.416667,11.5,0.416667,0.416667,68.333333,7.166667,0.416667,0.0
LIVE_BELIEF,EVENT_DRIVEN,Q02_RECALL50,RESTRICTION_CHANGE,HIGH,4,VERBOSE_TYPED,12,0.416667,3.916667,4.083333,0.416667,0.0,0.583333,0.0,0.416667,0.416667,0.416667,12.75,0.416667,0.416667,68.75,7.166667,0.416667,0.0
LIVE_BELIEF,EVENT_DRIVEN,Q02_RECALL50,RESTRICTION_CHANGE,HIGH,8,COMPACT_TYPED,12,0.666667,9.0,3.0,0.666667,0.0,0.333333,0.0,0.666667,0.666667,0.666667,11.333333,0.666667,0.666667,109.333333,9.333333,0.666667,0.0
LIVE_BELIEF,EVENT_DRIVEN,Q02_RECALL50,RESTRICTION_CHANGE,HIGH,8,VERBOSE_TYPED,12,0.666667,9.0,3.0,0.666667,0.0,0.333333,0.0,0.666667,0.666667,0.666667,13.333333,0.666667,0.666667,110.0,9.333333,0.666667,0.0
LIVE_BELIEF,EVENT_DRIVEN,Q02_RECALL50,RESTRICTION_CHANGE,HIGH,12,COMPACT_TYPED,12,0.583333,11.416667,4.583333,0.583333,0.0,0.416667,0.0,0.583333,0.583333,0.583333,13.833333,0.583333,0.583333,95.666667,12.5,0.583333,0.0
LIVE_BELIEF,EVENT_DRIVEN,Q02_RECALL50,RESTRICTION_CHANGE,HIGH,12,VERBOSE_TYPED,12,0.583333,11.416667,4.583333,0.583333,0.0,0.416667,0.0,0.583333,0.583333,0.583333,15.583333,0.583333,0.583333,96.25,12.5,0.583333,0.0
LIVE_BELIEF,EVENT_DRIVEN,Q02_RECALL50,RESTRICTION_CHANGE,LOW,4,COMPACT_TYPED,12,0.583333,5.083333,2.916667,0.583333,0.0,0.416667,0.0,0.583333,0.583333,0.583333,10.5,0.583333,0.583333,95.666667,6.833333,0.583333,0.0
LIVE_BELIEF,EVENT_DRIVEN,Q02_RECALL50,RESTRICTION_CHANGE,LOW,4,VERBOSE_TYPED,12,0.583333,5.083333,2.916667,0.583333,0.0,0.416667,0.0,0.583333,0.583333,0.583333,12.25,0.583333,0.583333,96.25,6.833333,0.583333,0.0
LIVE_BELIEF,EVENT_DRIVEN,Q02_RECALL50,RESTRICTION_CHANGE,LOW,8,COMPACT_TYPED,12,0.583333,8.25,3.75,0.583333,0.0,0.416667,0.0,0.583333,0.583333,0.583333,12.166667,0.583333,0.583333,95.666667,9.666667,0.583333,0.0
LIVE_BELIEF,EVENT_DRIVEN,Q02_RECALL50,RESTRICTION_CHANGE,LOW,8,VERBOSE_TYPED,12,0.583333,8.25,3.75,0.583333,0.0,0.416667,0.0,0.583333,0.583333,0.583333,13.916667,0.583333,0.583333,96.25,9.666667,0.583333,0.0
LIVE_BELIEF,EVENT_DRIVEN,Q02_RECALL50,RESTRICTION_CHANGE,LOW,12,COMPACT_TYPED,12,0.75,13.25,2.75,0.75,0.0,0.25,0.0,0.75,0.75,0.75,11.5,0.75,0.75,123.0,11.5,0.75,0.0
LIVE_BELIEF,EVENT_DRIVEN,Q02_RECALL50,RESTRICTION_CHANGE,LOW,12,VERBOSE_TYPED,12,0.75,13.25,2.75,0.75,0.0,0.25,0.0,0.75,0.75,0.75,13.75,0.75,0.75,123.75,11.5,0.75,0.0
LIVE_BELIEF,EVENT_DRIVEN,Q03_RECALL25,AVAILABILITY_LOSS,HIGH,4,COMPACT_TYPED,12,0.166667,2.166667,5.833333,0.166667,0.0,0.833333,0.0,0.166667,0.166667,0.166667,13.0,0.166667,0.166667,27.833333,7.666667,0.166667,0.0
LIVE_BELIEF,EVENT_DRIVEN,Q03_RECALL25,AVAILABILITY_LOSS,HIGH,4,VERBOSE_TYPED,12,0.166667,2.166667,5.833333,0.166667,0.0,0.833333,0.0,0.166667,0.166667,0.166667,13.5,0.166667,0.166667,28.0,7.666667,0.166667,0.0
LIVE_BELIEF,EVENT_DRIVEN,Q03_RECALL25,AVAILABILITY_LOSS,HIGH,8,COMPACT_TYPED,12,0.416667,6.75,5.25,0.416667,0.0,0.583333,0.0,0.416667,0.416667,0.416667,13.833333,0.416667,0.416667,69.583333,10.333333,0.416667,0.0
LIVE_BELIEF,EVENT_DRIVEN,Q03_RECALL25,AVAILABILITY_LOSS,HIGH,8,VERBOSE_TYPED,12,0.416667,6.75,5.25,0.416667,0.0,0.583333,0.0,0.416667,0.416667,0.416667,15.083333,0.416667,0.416667,70.0,10.333333,0.416667,0.0
LIVE_BELIEF,EVENT_DRIVEN,Q03_RECALL25,AVAILABILITY_LOSS,HIGH,12,COMPACT_TYPED,12,0.583333,11.416667,4.583333,0.583333,0.0,0.416667,0.0,0.583333,0.583333,0.583333,13.833333,0.583333,0.583333,97.416667,12.5,0.583333,0.0
LIVE_BELIEF,EVENT_DRIVEN,Q03_RECALL25,AVAILABILITY_LOSS,HIGH,12,VERBOSE_TYPED,12,0.583333,11.416667,4.583333,0.583333,0.0,0.416667,0.0,0.583333,0.583333,0.583333,15.583333,0.583333,0.583333,98.0,12.5,0.583333,0.0
LIVE_BELIEF,EVENT_DRIVEN,Q03_RECALL25,AVAILABILITY_LOSS,LOW,4,COMPACT_TYPED,12,0.416667,3.916667,4.083333,0.416667,0.0,0.583333,0.0,0.416667,0.416667,0.416667,11.5,0.416667,0.416667,69.583333,7.166667,0.416667,0.0
LIVE_BELIEF,EVENT_DRIVEN,Q03_RECALL25,AVAILABILITY_LOSS,LOW,4,VERBOSE_TYPED,12,0.416667,3.916667,4.083333,0.416667,0.0,0.583333,0.0,0.416667,0.416667,0.416667,12.75,0.416667,0.416667,70.0,7.166667,0.416667,0.0
LIVE_BELIEF,EVENT_DRIVEN,Q03_RECALL25,AVAILABILITY_LOSS,LOW,8,COMPACT_TYPED,12,0.333333,6.0,6.0,0.333333,0.0,0.666667,0.0,0.333333,0.333333,0.333333,14.666667,0.333333,0.333333,55.666667,10.666667,0.333333,0.0
LIVE_BELIEF,EVENT_DRIVEN,Q03_RECALL25,AVAILABILITY_LOSS,LOW,8,VERBOSE_TYPED,12,0.333333,6.0,6.0,0.333333,0.0,0.666667,0.0,0.333333,0.333333,0.333333,15.666667,0.333333,0.333333,56.0,10.666667,0.333333,0.0
LIVE_BELIEF,EVENT_DRIVEN,Q03_RECALL25,AVAILABILITY_LOSS,LOW,12,COMPACT_TYPED,12,0.25,7.75,8.25,0.25,0.0,0.75,0.0,0.25,0.25,0.25,18.5,0.25,0.25,41.75,14.5,0.25,0.0
LIVE_BELIEF,EVENT_DRIVEN,Q03_RECALL25,AVAILABILITY_LOSS,LOW,12,VERBOSE_TYPED,12,0.25,7.75,8.25,0.25,0.0,0.75,0.0,0.25,0.25,0.25,19.25,0.25,0.25,42.0,14.5,0.25,0.0
LIVE_BELIEF,EVENT_DRIVEN,Q03_RECALL25,CONTROL_FAILURE,HIGH,4,COMPACT_TYPED,12,1.0,5.0,3.0,0.25,0.0,0.75,0.25,0.0,0.25,0.25,8.0,0.25,0.25,41.5,7.5,0.25,0.0
LIVE_BELIEF,EVENT_DRIVEN,Q03_RECALL25,CONTROL_FAILURE,HIGH,4,VERBOSE_TYPED,12,1.0,5.0,3.0,0.25,0.0,0.75,0.25,0.0,0.25,0.25,8.75,0.25,0.25,41.75,7.5,0.25,0.0
LIVE_BELIEF,EVENT_DRIVEN,Q03_RECALL25,CONTROL_FAILURE,HIGH,8,COMPACT_TYPED,12,1.0,9.0,3.0,0.25,0.0,0.75,0.25,0.0,0.25,0.25,8.0,0.25,0.25,41.5,11.0,0.25,0.0
LIVE_BELIEF,EVENT_DRIVEN,Q03_RECALL25,CONTROL_FAILURE,HIGH,8,VERBOSE_TYPED,12,1.0,9.0,3.0,0.25,0.0,0.75,0.25,0.0,0.25,0.25,8.75,0.25,0.25,41.75,11.0,0.25,0.0
LIVE_BELIEF,EVENT_DRIVEN,Q03_RECALL25,CONTROL_FAILURE,HIGH,12,COMPACT_TYPED,12,1.0,13.0,3.0,0.166667,0.0,0.833333,0.166667,0.0,0.166667,0.166667,7.333333,0.166667,0.166667,27.666667,15.0,0.166667,0.0
LIVE_BELIEF,EVENT_DRIVEN,Q03_RECALL25,CONTROL_FAILURE,HIGH,12,VERBOSE_TYPED,12,1.0,13.0,3.0,0.166667,0.0,0.833333,0.166667,0.0,0.166667,0.166667,7.833333,0.166667,0.166667,27.833333,15.0,0.166667,0.0
LIVE_BELIEF,EVENT_DRIVEN,Q03_RECALL25,CONTROL_FAILURE,LOW,4,COMPACT_TYPED,12,1.0,6.0,2.0,0.166667,0.0,0.833333,0.166667,0.0,0.166667,0.166667,5.333333,0.166667,0.166667,27.666667,7.666667,0.166667,0.0
LIVE_BELIEF,EVENT_DRIVEN,Q03_RECALL25,CONTROL_FAILURE,LOW,4,VERBOSE_TYPED,12,1.0,6.0,2.0,0.166667,0.0,0.833333,0.166667,0.0,0.166667,0.166667,5.833333,0.166667,0.166667,27.833333,7.666667,0.166667,0.0
LIVE_BELIEF,EVENT_DRIVEN,Q03_RECALL25,CONTROL_FAILURE,LOW,8,COMPACT_TYPED,12,1.0,10.0,2.0,0.583333,0.0,0.416667,0.583333,0.0,0.583333,0.583333,8.666667,0.583333,0.583333,96.833333,9.666667,0.583333,0.0
LIVE_BELIEF,EVENT_DRIVEN,Q03_RECALL25,CONTROL_FAILURE,LOW,8,VERBOSE_TYPED,12,1.0,10.0,2.0,0.583333,0.0,0.416667,0.583333,0.0,0.583333,0.583333,10.416667,0.583333,0.583333,97.416667,9.666667,0.583333,0.0
LIVE_BELIEF,EVENT_DRIVEN,Q03_RECALL25,CONTROL_FAILURE,LOW,12,COMPACT_TYPED,12,1.0,14.0,2.0,0.25,0.0,0.75,0.25,0.0,0.25,0.25,6.0,0.25,0.25,41.5,14.5,0.25,0.0
LIVE_BELIEF,EVENT_DRIVEN,Q03_RECALL25,CONTROL_FAILURE,LOW,12,VERBOSE_TYPED,12,1.0,14.0,2.0,0.25,0.0,0.75,0.25,0.0,0.25,0.25,6.75,0.25,0.25,41.75,14.5,0.25,0.0
LIVE_BELIEF,EVENT_DRIVEN,Q03_RECALL25,POSE_SHIFT,HIGH,4,COMPACT_TYPED,12,0.083333,1.583333,6.416667,0.083333,0.0,0.916667,0.0,0.0,0.083333,0.083333,13.5,0.083333,0.083333,13.416667,7.833333,0.083333,0.0
LIVE_BELIEF,EVENT_DRIVEN,Q03_RECALL25,POSE_SHIFT,HIGH,4,VERBOSE_TYPED,12,0.083333,1.583333,6.416667,0.083333,0.0,0.916667,0.0,0.0,0.083333,0.083333,13.75,0.083333,0.083333,13.5,7.833333,0.083333,0.0
LIVE_BELIEF,EVENT_DRIVEN,Q03_RECALL25,POSE_SHIFT,HIGH,8,COMPACT_TYPED,12,0.5,7.5,4.5,0.5,0.0,0.5,0.0,0.0,0.5,0.5,13.0,0.5,0.5,80.5,10.0,0.5,0.0
LIVE_BELIEF,EVENT_DRIVEN,Q03_RECALL25,POSE_SHIFT,HIGH,8,VERBOSE_TYPED,12,0.5,7.5,4.5,0.5,0.0,0.5,0.0,0.0,0.5,0.5,14.5,0.5,0.5,81.0,10.0,0.5,0.0
LIVE_BELIEF,EVENT_DRIVEN,Q03_RECALL25,POSE_SHIFT,HIGH,12,COMPACT_TYPED,12,0.166667,6.833333,9.166667,0.166667,0.0,0.833333,0.0,0.0,0.166667,0.166667,19.666667,0.166667,0.166667,26.833333,15.0,0.166667,0.0
LIVE_BELIEF,EVENT_DRIVEN,Q03_RECALL25,POSE_SHIFT,HIGH,12,VERBOSE_TYPED,12,0.166667,6.833333,9.166667,0.166667,0.0,0.833333,0.0,0.0,0.166667,0.166667,20.166667,0.166667,0.166667,27.0,15.0,0.166667,0.0
LIVE_BELIEF,EVENT_DRIVEN,Q03_RECALL25,POSE_SHIFT,LOW,4,COMPACT_TYPED,12,0.5,4.5,3.5,0.5,0.0,0.5,0.0,0.0,0.5,0.5,11.0,0.5,0.5,80.5,7.0,0.5,0.0
LIVE_BELIEF,EVENT_DRIVEN,Q03_RECALL25,POSE_SHIFT,LOW,4,VERBOSE_TYPED,12,0.5,4.5,3.5,0.5,0.0,0.5,0.0,0.0,0.5,0.5,12.5,0.5,0.5,81.0,7.0,0.5,0.0
LIVE_BELIEF,EVENT_DRIVEN,Q03_RECALL25,POSE_SHIFT,LOW,8,COMPACT_TYPED,12,0.5,7.5,4.5,0.5,0.0,0.5,0.0,0.0,0.5,0.5,13.0,0.5,0.5,80.5,10.0,0.5,0.0
LIVE_BELIEF,EVENT_DRIVEN,Q03_RECALL25,POSE_SHIFT,LOW,8,VERBOSE_TYPED,12,0.5,7.5,4.5,0.5,0.0,0.5,0.0,0.0,0.5,0.5,14.5,0.5,0.5,81.0,10.0,0.5,0.0
LIVE_BELIEF,EVENT_DRIVEN,Q03_RECALL25,POSE_SHIFT,LOW,12,COMPACT_TYPED,12,0.333333,8.666667,7.333333,0.333333,0.0,0.666667,0.0,0.0,0.333333,0.333333,17.333333,0.333333,0.333333,53.666667,14.0,0.333333,0.0
LIVE_BELIEF,EVENT_DRIVEN,Q03_RECALL25,POSE_SHIFT,LOW,12,VERBOSE_TYPED,12,0.333333,8.666667,7.333333,0.333333,0.0,0.666667,0.0,0.0,0.333333,0.333333,18.333333,0.333333,0.333333,54.0,14.0,0.333333,0.0
LIVE_BELIEF,EVENT_DRIVEN,Q03_RECALL25,RESTRICTION_CHANGE,HIGH,4,COMPACT_TYPED,12,0.083333,1.583333,6.416667,0.083333,0.0,0.916667,0.0,0.083333,0.083333,0.083333,13.5,0.083333,0.083333,13.666667,7.833333,0.083333,0.0
LIVE_BELIEF,EVENT_DRIVEN,Q03_RECALL25,RESTRICTION_CHANGE,HIGH,4,VERBOSE_TYPED,12,0.083333,1.583333,6.416667,0.083333,0.0,0.916667,0.0,0.083333,0.083333,0.083333,13.75,0.083333,0.083333,13.75,7.833333,0.083333,0.0
LIVE_BELIEF,EVENT_DRIVEN,Q03_RECALL25,RESTRICTION_CHANGE,HIGH,8,COMPACT_TYPED,12,0.416667,6.75,5.25,0.416667,0.0,0.583333,0.0,0.416667,0.416667,0.416667,13.833333,0.416667,0.416667,68.333333,10.333333,0.416667,0.0
LIVE_BELIEF,EVENT_DRIVEN,Q03_RECALL25,RESTRICTION_CHANGE,HIGH,8,VERBOSE_TYPED,12,0.416667,6.75,5.25,0.416667,0.0,0.583333,0.0,0.416667,0.416667,0.416667,15.083333,0.416667,0.416667,68.75,10.333333,0.416667,0.0
LIVE_BELIEF,EVENT_DRIVEN,Q03_RECALL25,RESTRICTION_CHANGE,HIGH,12,COMPACT_TYPED,12,0.25,7.75,8.25,0.25,0.0,0.75,0.0,0.25,0.25,0.25,18.5,0.25,0.25,41.0,14.5,0.25,0.0
LIVE_BELIEF,EVENT_DRIVEN,Q03_RECALL25,RESTRICTION_CHANGE,HIGH,12,VERBOSE_TYPED,12,0.25,7.75,8.25,0.25,0.0,0.75,0.0,0.25,0.25,0.25,19.25,0.25,0.25,41.25,14.5,0.25,0.0
LIVE_BELIEF,EVENT_DRIVEN,Q03_RECALL25,RESTRICTION_CHANGE,LOW,4,COMPACT_TYPED,12,0.25,2.75,5.25,0.25,0.0,0.75,0.0,0.25,0.25,0.25,12.5,0.25,0.25,41.0,7.5,0.25,0.0
LIVE_BELIEF,EVENT_DRIVEN,Q03_RECALL25,RESTRICTION_CHANGE,LOW,4,VERBOSE_TYPED,12,0.25,2.75,5.25,0.25,0.0,0.75,0.0,0.25,0.25,0.25,13.25,0.25,0.25,41.25,7.5,0.25,0.0
LIVE_BELIEF,EVENT_DRIVEN,Q03_RECALL25,RESTRICTION_CHANGE,LOW,8,COMPACT_TYPED,12,0.416667,6.75,5.25,0.416667,0.0,0.583333,0.0,0.416667,0.416667,0.416667,13.833333,0.416667,0.416667,68.333333,10.333333,0.416667,0.0
LIVE_BELIEF,EVENT_DRIVEN,Q03_RECALL25,RESTRICTION_CHANGE,LOW,8,VERBOSE_TYPED,12,0.416667,6.75,5.25,0.416667,0.0,0.583333,0.0,0.416667,0.416667,0.416667,15.083333,0.416667,0.416667,68.75,10.333333,0.416667,0.0
LIVE_BELIEF,EVENT_DRIVEN,Q03_RECALL25,RESTRICTION_CHANGE,LOW,12,COMPACT_TYPED,12,0.416667,9.583333,6.416667,0.416667,0.0,0.583333,0.0,0.416667,0.416667,0.416667,16.166667,0.416667,0.416667,68.333333,13.5,0.416667,0.0
LIVE_BELIEF,EVENT_DRIVEN,Q03_RECALL25,RESTRICTION_CHANGE,LOW,12,VERBOSE_TYPED,12,0.416667,9.583333,6.416667,0.416667,0.0,0.583333,0.0,0.416667,0.416667,0.416667,17.416667,0.416667,0.416667,68.75,13.5,0.416667,0.0
LIVE_BELIEF,EVENT_DRIVEN,Q04_DELAY1,AVAILABILITY_LOSS,HIGH,4,COMPACT_TYPED,12,1.0,7.0,1.0,1.0,0.0,0.0,0.0,1.0,1.0,1.0,10.0,1.0,1.0,167.0,5.0,1.0,0.0
LIVE_BELIEF,EVENT_DRIVEN,Q04_DELAY1,AVAILABILITY_LOSS,HIGH,4,VERBOSE_TYPED,12,1.0,7.0,1.0,1.0,0.0,0.0,0.0,1.0,1.0,1.0,13.0,1.0,1.0,168.0,5.0,1.0,0.0
LIVE_BELIEF,EVENT_DRIVEN,Q04_DELAY1,AVAILABILITY_LOSS,HIGH,8,COMPACT_TYPED,12,1.0,11.0,1.0,1.0,0.0,0.0,0.0,1.0,1.0,1.0,10.0,1.0,1.0,167.0,7.0,1.0,0.0
LIVE_BELIEF,EVENT_DRIVEN,Q04_DELAY1,AVAILABILITY_LOSS,HIGH,8,VERBOSE_TYPED,12,1.0,11.0,1.0,1.0,0.0,0.0,0.0,1.0,1.0,1.0,13.0,1.0,1.0,168.0,7.0,1.0,0.0
LIVE_BELIEF,EVENT_DRIVEN,Q04_DELAY1,AVAILABILITY_LOSS,HIGH,12,COMPACT_TYPED,12,1.0,15.0,1.0,1.0,0.0,0.0,0.0,1.0,1.0,1.0,10.0,1.0,1.0,167.0,9.0,1.0,0.0
LIVE_BELIEF,EVENT_DRIVEN,Q04_DELAY1,AVAILABILITY_LOSS,HIGH,12,VERBOSE_TYPED,12,1.0,15.0,1.0,1.0,0.0,0.0,0.0,1.0,1.0,1.0,13.0,1.0,1.0,168.0,9.0,1.0,0.0
LIVE_BELIEF,EVENT_DRIVEN,Q04_DELAY1,AVAILABILITY_LOSS,LOW,4,COMPACT_TYPED,12,1.0,7.0,1.0,1.0,0.0,0.0,0.0,1.0,1.0,1.0,10.0,1.0,1.0,167.0,5.0,1.0,0.0
LIVE_BELIEF,EVENT_DRIVEN,Q04_DELAY1,AVAILABILITY_LOSS,LOW,4,VERBOSE_TYPED,12,1.0,7.0,1.0,1.0,0.0,0.0,0.0,1.0,1.0,1.0,13.0,1.0,1.0,168.0,5.0,1.0,0.0
LIVE_BELIEF,EVENT_DRIVEN,Q04_DELAY1,AVAILABILITY_LOSS,LOW,8,COMPACT_TYPED,12,1.0,11.0,1.0,1.0,0.0,0.0,0.0,1.0,1.0,1.0,10.0,1.0,1.0,167.0,7.0,1.0,0.0
LIVE_BELIEF,EVENT_DRIVEN,Q04_DELAY1,AVAILABILITY_LOSS,LOW,8,VERBOSE_TYPED,12,1.0,11.0,1.0,1.0,0.0,0.0,0.0,1.0,1.0,1.0,13.0,1.0,1.0,168.0,7.0,1.0,0.0
LIVE_BELIEF,EVENT_DRIVEN,Q04_DELAY1,AVAILABILITY_LOSS,LOW,12,COMPACT_TYPED,12,1.0,15.0,1.0,1.0,0.0,0.0,0.0,1.0,1.0,1.0,10.0,1.0,1.0,167.0,9.0,1.0,0.0
LIVE_BELIEF,EVENT_DRIVEN,Q04_DELAY1,AVAILABILITY_LOSS,LOW,12,VERBOSE_TYPED,12,1.0,15.0,1.0,1.0,0.0,0.0,0.0,1.0,1.0,1.0,13.0,1.0,1.0,168.0,9.0,1.0,0.0
LIVE_BELIEF,EVENT_DRIVEN,Q04_DELAY1,CONTROL_FAILURE,HIGH,4,COMPACT_TYPED,12,1.0,5.0,3.0,1.0,0.0,0.0,1.0,0.0,1.0,1.0,14.0,1.0,1.0,166.0,5.0,1.0,0.0
LIVE_BELIEF,EVENT_DRIVEN,Q04_DELAY1,CONTROL_FAILURE,HIGH,4,VERBOSE_TYPED,12,1.0,5.0,3.0,1.0,0.0,0.0,1.0,0.0,1.0,1.0,17.0,1.0,1.0,167.0,5.0,1.0,0.0
LIVE_BELIEF,EVENT_DRIVEN,Q04_DELAY1,CONTROL_FAILURE,HIGH,8,COMPACT_TYPED,12,1.0,9.0,3.0,1.0,0.0,0.0,1.0,0.0,1.0,1.0,14.0,1.0,1.0,166.0,7.0,1.0,0.0
LIVE_BELIEF,EVENT_DRIVEN,Q04_DELAY1,CONTROL_FAILURE,HIGH,8,VERBOSE_TYPED,12,1.0,9.0,3.0,1.0,0.0,0.0,1.0,0.0,1.0,1.0,17.0,1.0,1.0,167.0,7.0,1.0,0.0
LIVE_BELIEF,EVENT_DRIVEN,Q04_DELAY1,CONTROL_FAILURE,HIGH,12,COMPACT_TYPED,12,1.0,13.0,3.0,1.0,0.0,0.0,1.0,0.0,1.0,1.0,14.0,1.0,1.0,166.0,9.0,1.0,0.0
LIVE_BELIEF,EVENT_DRIVEN,Q04_DELAY1,CONTROL_FAILURE,HIGH,12,VERBOSE_TYPED,12,1.0,13.0,3.0,1.0,0.0,0.0,1.0,0.0,1.0,1.0,17.0,1.0,1.0,167.0,9.0,1.0,0.0
LIVE_BELIEF,EVENT_DRIVEN,Q04_DELAY1,CONTROL_FAILURE,LOW,4,COMPACT_TYPED,12,1.0,6.0,2.0,1.0,0.0,0.0,1.0,0.0,1.0,1.0,12.0,1.0,1.0,166.0,5.0,1.0,0.0
LIVE_BELIEF,EVENT_DRIVEN,Q04_DELAY1,CONTROL_FAILURE,LOW,4,VERBOSE_TYPED,12,1.0,6.0,2.0,1.0,0.0,0.0,1.0,0.0,1.0,1.0,15.0,1.0,1.0,167.0,5.0,1.0,0.0
LIVE_BELIEF,EVENT_DRIVEN,Q04_DELAY1,CONTROL_FAILURE,LOW,8,COMPACT_TYPED,12,1.0,10.0,2.0,1.0,0.0,0.0,1.0,0.0,1.0,1.0,12.0,1.0,1.0,166.0,7.0,1.0,0.0
LIVE_BELIEF,EVENT_DRIVEN,Q04_DELAY1,CONTROL_FAILURE,LOW,8,VERBOSE_TYPED,12,1.0,10.0,2.0,1.0,0.0,0.0,1.0,0.0,1.0,1.0,15.0,1.0,1.0,167.0,7.0,1.0,0.0
LIVE_BELIEF,EVENT_DRIVEN,Q04_DELAY1,CONTROL_FAILURE,LOW,12,COMPACT_TYPED,12,1.0,14.0,2.0,1.0,0.0,0.0,1.0,0.0,1.0,1.0,12.0,1.0,1.0,166.0,9.0,1.0,0.0
LIVE_BELIEF,EVENT_DRIVEN,Q04_DELAY1,CONTROL_FAILURE,LOW,12,VERBOSE_TYPED,12,1.0,14.0,2.0,1.0,0.0,0.0,1.0,0.0,1.0,1.0,15.0,1.0,1.0,167.0,9.0,1.0,0.0
LIVE_BELIEF,EVENT_DRIVEN,Q04_DELAY1,POSE_SHIFT,HIGH,4,COMPACT_TYPED,12,1.0,7.0,1.0,1.0,0.0,0.0,0.0,0.0,1.0,1.0,10.0,1.0,1.0,161.0,5.0,1.0,0.0
LIVE_BELIEF,EVENT_DRIVEN,Q04_DELAY1,POSE_SHIFT,HIGH,4,VERBOSE_TYPED,12,1.0,7.0,1.0,1.0,0.0,0.0,0.0,0.0,1.0,1.0,13.0,1.0,1.0,162.0,5.0,1.0,0.0
LIVE_BELIEF,EVENT_DRIVEN,Q04_DELAY1,POSE_SHIFT,HIGH,8,COMPACT_TYPED,12,1.0,11.0,1.0,1.0,0.0,0.0,0.0,0.0,1.0,1.0,10.0,1.0,1.0,161.0,7.0,1.0,0.0
LIVE_BELIEF,EVENT_DRIVEN,Q04_DELAY1,POSE_SHIFT,HIGH,8,VERBOSE_TYPED,12,1.0,11.0,1.0,1.0,0.0,0.0,0.0,0.0,1.0,1.0,13.0,1.0,1.0,162.0,7.0,1.0,0.0
LIVE_BELIEF,EVENT_DRIVEN,Q04_DELAY1,POSE_SHIFT,HIGH,12,COMPACT_TYPED,12,1.0,15.0,1.0,1.0,0.0,0.0,0.0,0.0,1.0,1.0,10.0,1.0,1.0,161.0,9.0,1.0,0.0
LIVE_BELIEF,EVENT_DRIVEN,Q04_DELAY1,POSE_SHIFT,HIGH,12,VERBOSE_TYPED,12,1.0,15.0,1.0,1.0,0.0,0.0,0.0,0.0,1.0,1.0,13.0,1.0,1.0,162.0,9.0,1.0,0.0
LIVE_BELIEF,EVENT_DRIVEN,Q04_DELAY1,POSE_SHIFT,LOW,4,COMPACT_TYPED,12,1.0,7.0,1.0,1.0,0.0,0.0,0.0,0.0,1.0,1.0,10.0,1.0,1.0,161.0,5.0,1.0,0.0
LIVE_BELIEF,EVENT_DRIVEN,Q04_DELAY1,POSE_SHIFT,LOW,4,VERBOSE_TYPED,12,1.0,7.0,1.0,1.0,0.0,0.0,0.0,0.0,1.0,1.0,13.0,1.0,1.0,162.0,5.0,1.0,0.0
LIVE_BELIEF,EVENT_DRIVEN,Q04_DELAY1,POSE_SHIFT,LOW,8,COMPACT_TYPED,12,1.0,11.0,1.0,1.0,0.0,0.0,0.0,0.0,1.0,1.0,10.0,1.0,1.0,161.0,7.0,1.0,0.0
LIVE_BELIEF,EVENT_DRIVEN,Q04_DELAY1,POSE_SHIFT,LOW,8,VERBOSE_TYPED,12,1.0,11.0,1.0,1.0,0.0,0.0,0.0,0.0,1.0,1.0,13.0,1.0,1.0,162.0,7.0,1.0,0.0
LIVE_BELIEF,EVENT_DRIVEN,Q04_DELAY1,POSE_SHIFT,LOW,12,COMPACT_TYPED,12,1.0,15.0,1.0,1.0,0.0,0.0,0.0,0.0,1.0,1.0,10.0,1.0,1.0,161.0,9.0,1.0,0.0
LIVE_BELIEF,EVENT_DRIVEN,Q04_DELAY1,POSE_SHIFT,LOW,12,VERBOSE_TYPED,12,1.0,15.0,1.0,1.0,0.0,0.0,0.0,0.0,1.0,1.0,13.0,1.0,1.0,162.0,9.0,1.0,0.0
LIVE_BELIEF,EVENT_DRIVEN,Q04_DELAY1,RESTRICTION_CHANGE,HIGH,4,COMPACT_TYPED,12,1.0,7.0,1.0,1.0,0.0,0.0,0.0,1.0,1.0,1.0,10.0,1.0,1.0,164.0,5.0,1.0,0.0
LIVE_BELIEF,EVENT_DRIVEN,Q04_DELAY1,RESTRICTION_CHANGE,HIGH,4,VERBOSE_TYPED,12,1.0,7.0,1.0,1.0,0.0,0.0,0.0,1.0,1.0,1.0,13.0,1.0,1.0,165.0,5.0,1.0,0.0
LIVE_BELIEF,EVENT_DRIVEN,Q04_DELAY1,RESTRICTION_CHANGE,HIGH,8,COMPACT_TYPED,12,1.0,11.0,1.0,1.0,0.0,0.0,0.0,1.0,1.0,1.0,10.0,1.0,1.0,164.0,7.0,1.0,0.0
LIVE_BELIEF,EVENT_DRIVEN,Q04_DELAY1,RESTRICTION_CHANGE,HIGH,8,VERBOSE_TYPED,12,1.0,11.0,1.0,1.0,0.0,0.0,0.0,1.0,1.0,1.0,13.0,1.0,1.0,165.0,7.0,1.0,0.0
LIVE_BELIEF,EVENT_DRIVEN,Q04_DELAY1,RESTRICTION_CHANGE,HIGH,12,COMPACT_TYPED,12,1.0,15.0,1.0,1.0,0.0,0.0,0.0,1.0,1.0,1.0,10.0,1.0,1.0,164.0,9.0,1.0,0.0
LIVE_BELIEF,EVENT_DRIVEN,Q04_DELAY1,RESTRICTION_CHANGE,HIGH,12,VERBOSE_TYPED,12,1.0,15.0,1.0,1.0,0.0,0.0,0.0,1.0,1.0,1.0,13.0,1.0,1.0,165.0,9.0,1.0,0.0
LIVE_BELIEF,EVENT_DRIVEN,Q04_DELAY1,RESTRICTION_CHANGE,LOW,4,COMPACT_TYPED,12,1.0,7.0,1.0,1.0,0.0,0.0,0.0,1.0,1.0,1.0,10.0,1.0,1.0,164.0,5.0,1.0,0.0
LIVE_BELIEF,EVENT_DRIVEN,Q04_DELAY1,RESTRICTION_CHANGE,LOW,4,VERBOSE_TYPED,12,1.0,7.0,1.0,1.0,0.0,0.0,0.0,1.0,1.0,1.0,13.0,1.0,1.0,165.0,5.0,1.0,0.0
LIVE_BELIEF,EVENT_DRIVEN,Q04_DELAY1,RESTRICTION_CHANGE,LOW,8,COMPACT_TYPED,12,1.0,11.0,1.0,1.0,0.0,0.0,0.0,1.0,1.0,1.0,10.0,1.0,1.0,164.0,7.0,1.0,0.0
LIVE_BELIEF,EVENT_DRIVEN,Q04_DELAY1,RESTRICTION_CHANGE,LOW,8,VERBOSE_TYPED,12,1.0,11.0,1.0,1.0,0.0,0.0,0.0,1.0,1.0,1.0,13.0,1.0,1.0,165.0,7.0,1.0,0.0
LIVE_BELIEF,EVENT_DRIVEN,Q04_DELAY1,RESTRICTION_CHANGE,LOW,12,COMPACT_TYPED,12,1.0,15.0,1.0,1.0,0.0,0.0,0.0,1.0,1.0,1.0,10.0,1.0,1.0,164.0,9.0,1.0,0.0
LIVE_BELIEF,EVENT_DRIVEN,Q04_DELAY1,RESTRICTION_CHANGE,LOW,12,VERBOSE_TYPED,12,1.0,15.0,1.0,1.0,0.0,0.0,0.0,1.0,1.0,1.0,13.0,1.0,1.0,165.0,9.0,1.0,0.0
LIVE_BELIEF,EVENT_DRIVEN,Q05_DELAY3,AVAILABILITY_LOSS,HIGH,4,COMPACT_TYPED,12,1.0,5.0,3.0,1.0,0.0,1.0,0.0,1.0,1.0,1.0,14.0,1.0,1.0,167.0,3.0,1.0,0.0
LIVE_BELIEF,EVENT_DRIVEN,Q05_DELAY3,AVAILABILITY_LOSS,HIGH,4,VERBOSE_TYPED,12,1.0,5.0,3.0,1.0,0.0,1.0,0.0,1.0,1.0,1.0,17.0,1.0,1.0,168.0,3.0,1.0,0.0
LIVE_BELIEF,EVENT_DRIVEN,Q05_DELAY3,AVAILABILITY_LOSS,HIGH,8,COMPACT_TYPED,12,1.0,9.0,3.0,1.0,0.0,1.0,0.0,1.0,1.0,1.0,14.0,1.0,1.0,167.0,5.0,1.0,0.0
LIVE_BELIEF,EVENT_DRIVEN,Q05_DELAY3,AVAILABILITY_LOSS,HIGH,8,VERBOSE_TYPED,12,1.0,9.0,3.0,1.0,0.0,1.0,0.0,1.0,1.0,1.0,17.0,1.0,1.0,168.0,5.0,1.0,0.0
LIVE_BELIEF,EVENT_DRIVEN,Q05_DELAY3,AVAILABILITY_LOSS,HIGH,12,COMPACT_TYPED,12,1.0,13.0,3.0,1.0,0.0,1.0,0.0,1.0,1.0,1.0,14.0,1.0,1.0,167.0,7.0,1.0,0.0
LIVE_BELIEF,EVENT_DRIVEN,Q05_DELAY3,AVAILABILITY_LOSS,HIGH,12,VERBOSE_TYPED,12,1.0,13.0,3.0,1.0,0.0,1.0,0.0,1.0,1.0,1.0,17.0,1.0,1.0,168.0,7.0,1.0,0.0
LIVE_BELIEF,EVENT_DRIVEN,Q05_DELAY3,AVAILABILITY_LOSS,LOW,4,COMPACT_TYPED,12,1.0,5.0,3.0,1.0,0.0,1.0,0.0,1.0,1.0,1.0,14.0,1.0,1.0,167.0,3.0,1.0,0.0
LIVE_BELIEF,EVENT_DRIVEN,Q05_DELAY3,AVAILABILITY_LOSS,LOW,4,VERBOSE_TYPED,12,1.0,5.0,3.0,1.0,0.0,1.0,0.0,1.0,1.0,1.0,17.0,1.0,1.0,168.0,3.0,1.0,0.0
LIVE_BELIEF,EVENT_DRIVEN,Q05_DELAY3,AVAILABILITY_LOSS,LOW,8,COMPACT_TYPED,12,1.0,9.0,3.0,1.0,0.0,1.0,0.0,1.0,1.0,1.0,14.0,1.0,1.0,167.0,5.0,1.0,0.0
LIVE_BELIEF,EVENT_DRIVEN,Q05_DELAY3,AVAILABILITY_LOSS,LOW,8,VERBOSE_TYPED,12,1.0,9.0,3.0,1.0,0.0,1.0,0.0,1.0,1.0,1.0,17.0,1.0,1.0,168.0,5.0,1.0,0.0
LIVE_BELIEF,EVENT_DRIVEN,Q05_DELAY3,AVAILABILITY_LOSS,LOW,12,COMPACT_TYPED,12,1.0,13.0,3.0,1.0,0.0,1.0,0.0,1.0,1.0,1.0,14.0,1.0,1.0,167.0,7.0,1.0,0.0
LIVE_BELIEF,EVENT_DRIVEN,Q05_DELAY3,AVAILABILITY_LOSS,LOW,12,VERBOSE_TYPED,12,1.0,13.0,3.0,1.0,0.0,1.0,0.0,1.0,1.0,1.0,17.0,1.0,1.0,168.0,7.0,1.0,0.0
LIVE_BELIEF,EVENT_DRIVEN,Q05_DELAY3,CONTROL_FAILURE,HIGH,4,COMPACT_TYPED,12,1.0,5.0,3.0,1.0,0.0,1.0,1.0,0.0,1.0,1.0,14.0,1.0,1.0,166.0,3.0,1.0,0.0
LIVE_BELIEF,EVENT_DRIVEN,Q05_DELAY3,CONTROL_FAILURE,HIGH,4,VERBOSE_TYPED,12,1.0,5.0,3.0,1.0,0.0,1.0,1.0,0.0,1.0,1.0,17.0,1.0,1.0,167.0,3.0,1.0,0.0
LIVE_BELIEF,EVENT_DRIVEN,Q05_DELAY3,CONTROL_FAILURE,HIGH,8,COMPACT_TYPED,12,1.0,9.0,3.0,1.0,0.0,1.0,1.0,0.0,1.0,1.0,14.0,1.0,1.0,166.0,5.0,1.0,0.0
LIVE_BELIEF,EVENT_DRIVEN,Q05_DELAY3,CONTROL_FAILURE,HIGH,8,VERBOSE_TYPED,12,1.0,9.0,3.0,1.0,0.0,1.0,1.0,0.0,1.0,1.0,17.0,1.0,1.0,167.0,5.0,1.0,0.0
LIVE_BELIEF,EVENT_DRIVEN,Q05_DELAY3,CONTROL_FAILURE,HIGH,12,COMPACT_TYPED,12,1.0,13.0,3.0,1.0,0.0,1.0,1.0,0.0,1.0,1.0,14.0,1.0,1.0,166.0,7.0,1.0,0.0
LIVE_BELIEF,EVENT_DRIVEN,Q05_DELAY3,CONTROL_FAILURE,HIGH,12,VERBOSE_TYPED,12,1.0,13.0,3.0,1.0,0.0,1.0,1.0,0.0,1.0,1.0,17.0,1.0,1.0,167.0,7.0,1.0,0.0
LIVE_BELIEF,EVENT_DRIVEN,Q05_DELAY3,CONTROL_FAILURE,LOW,4,COMPACT_TYPED,12,1.0,6.0,2.0,1.0,0.0,1.0,1.0,0.0,1.0,1.0,12.0,1.0,1.0,166.0,3.0,1.0,0.0
LIVE_BELIEF,EVENT_DRIVEN,Q05_DELAY3,CONTROL_FAILURE,LOW,4,VERBOSE_TYPED,12,1.0,6.0,2.0,1.0,0.0,1.0,1.0,0.0,1.0,1.0,15.0,1.0,1.0,167.0,3.0,1.0,0.0
LIVE_BELIEF,EVENT_DRIVEN,Q05_DELAY3,CONTROL_FAILURE,LOW,8,COMPACT_TYPED,12,1.0,10.0,2.0,1.0,0.0,1.0,1.0,0.0,1.0,1.0,12.0,1.0,1.0,166.0,5.0,1.0,0.0
LIVE_BELIEF,EVENT_DRIVEN,Q05_DELAY3,CONTROL_FAILURE,LOW,8,VERBOSE_TYPED,12,1.0,10.0,2.0,1.0,0.0,1.0,1.0,0.0,1.0,1.0,15.0,1.0,1.0,167.0,5.0,1.0,0.0
LIVE_BELIEF,EVENT_DRIVEN,Q05_DELAY3,CONTROL_FAILURE,LOW,12,COMPACT_TYPED,12,1.0,14.0,2.0,1.0,0.0,1.0,1.0,0.0,1.0,1.0,12.0,1.0,1.0,166.0,7.0,1.0,0.0
LIVE_BELIEF,EVENT_DRIVEN,Q05_DELAY3,CONTROL_FAILURE,LOW,12,VERBOSE_TYPED,12,1.0,14.0,2.0,1.0,0.0,1.0,1.0,0.0,1.0,1.0,15.0,1.0,1.0,167.0,7.0,1.0,0.0
LIVE_BELIEF,EVENT_DRIVEN,Q05_DELAY3,POSE_SHIFT,HIGH,4,COMPACT_TYPED,12,1.0,5.0,3.0,1.0,0.0,1.0,0.0,0.0,1.0,1.0,14.0,1.0,1.0,161.0,3.0,1.0,0.0
LIVE_BELIEF,EVENT_DRIVEN,Q05_DELAY3,POSE_SHIFT,HIGH,4,VERBOSE_TYPED,12,1.0,5.0,3.0,1.0,0.0,1.0,0.0,0.0,1.0,1.0,17.0,1.0,1.0,162.0,3.0,1.0,0.0
LIVE_BELIEF,EVENT_DRIVEN,Q05_DELAY3,POSE_SHIFT,HIGH,8,COMPACT_TYPED,12,1.0,9.0,3.0,1.0,0.0,1.0,0.0,0.0,1.0,1.0,14.0,1.0,1.0,161.0,5.0,1.0,0.0
LIVE_BELIEF,EVENT_DRIVEN,Q05_DELAY3,POSE_SHIFT,HIGH,8,VERBOSE_TYPED,12,1.0,9.0,3.0,1.0,0.0,1.0,0.0,0.0,1.0,1.0,17.0,1.0,1.0,162.0,5.0,1.0,0.0
LIVE_BELIEF,EVENT_DRIVEN,Q05_DELAY3,POSE_SHIFT,HIGH,12,COMPACT_TYPED,12,1.0,13.0,3.0,1.0,0.0,1.0,0.0,0.0,1.0,1.0,14.0,1.0,1.0,161.0,7.0,1.0,0.0
LIVE_BELIEF,EVENT_DRIVEN,Q05_DELAY3,POSE_SHIFT,HIGH,12,VERBOSE_TYPED,12,1.0,13.0,3.0,1.0,0.0,1.0,0.0,0.0,1.0,1.0,17.0,1.0,1.0,162.0,7.0,1.0,0.0
LIVE_BELIEF,EVENT_DRIVEN,Q05_DELAY3,POSE_SHIFT,LOW,4,COMPACT_TYPED,12,1.0,5.0,3.0,1.0,0.0,1.0,0.0,0.0,1.0,1.0,14.0,1.0,1.0,161.0,3.0,1.0,0.0
LIVE_BELIEF,EVENT_DRIVEN,Q05_DELAY3,POSE_SHIFT,LOW,4,VERBOSE_TYPED,12,1.0,5.0,3.0,1.0,0.0,1.0,0.0,0.0,1.0,1.0,17.0,1.0,1.0,162.0,3.0,1.0,0.0
LIVE_BELIEF,EVENT_DRIVEN,Q05_DELAY3,POSE_SHIFT,LOW,8,COMPACT_TYPED,12,1.0,9.0,3.0,1.0,0.0,1.0,0.0,0.0,1.0,1.0,14.0,1.0,1.0,161.0,5.0,1.0,0.0
LIVE_BELIEF,EVENT_DRIVEN,Q05_DELAY3,POSE_SHIFT,LOW,8,VERBOSE_TYPED,12,1.0,9.0,3.0,1.0,0.0,1.0,0.0,0.0,1.0,1.0,17.0,1.0,1.0,162.0,5.0,1.0,0.0
LIVE_BELIEF,EVENT_DRIVEN,Q05_DELAY3,POSE_SHIFT,LOW,12,COMPACT_TYPED,12,1.0,13.0,3.0,1.0,0.0,1.0,0.0,0.0,1.0,1.0,14.0,1.0,1.0,161.0,7.0,1.0,0.0
LIVE_BELIEF,EVENT_DRIVEN,Q05_DELAY3,POSE_SHIFT,LOW,12,VERBOSE_TYPED,12,1.0,13.0,3.0,1.0,0.0,1.0,0.0,0.0,1.0,1.0,17.0,1.0,1.0,162.0,7.0,1.0,0.0
LIVE_BELIEF,EVENT_DRIVEN,Q05_DELAY3,RESTRICTION_CHANGE,HIGH,4,COMPACT_TYPED,12,1.0,5.0,3.0,1.0,0.0,1.0,0.0,1.0,1.0,1.0,14.0,1.0,1.0,164.0,3.0,1.0,0.0
LIVE_BELIEF,EVENT_DRIVEN,Q05_DELAY3,RESTRICTION_CHANGE,HIGH,4,VERBOSE_TYPED,12,1.0,5.0,3.0,1.0,0.0,1.0,0.0,1.0,1.0,1.0,17.0,1.0,1.0,165.0,3.0,1.0,0.0
LIVE_BELIEF,EVENT_DRIVEN,Q05_DELAY3,RESTRICTION_CHANGE,HIGH,8,COMPACT_TYPED,12,1.0,9.0,3.0,1.0,0.0,1.0,0.0,1.0,1.0,1.0,14.0,1.0,1.0,164.0,5.0,1.0,0.0
LIVE_BELIEF,EVENT_DRIVEN,Q05_DELAY3,RESTRICTION_CHANGE,HIGH,8,VERBOSE_TYPED,12,1.0,9.0,3.0,1.0,0.0,1.0,0.0,1.0,1.0,1.0,17.0,1.0,1.0,165.0,5.0,1.0,0.0
LIVE_BELIEF,EVENT_DRIVEN,Q05_DELAY3,RESTRICTION_CHANGE,HIGH,12,COMPACT_TYPED,12,1.0,13.0,3.0,1.0,0.0,1.0,0.0,1.0,1.0,1.0,14.0,1.0,1.0,164.0,7.0,1.0,0.0
LIVE_BELIEF,EVENT_DRIVEN,Q05_DELAY3,RESTRICTION_CHANGE,HIGH,12,VERBOSE_TYPED,12,1.0,13.0,3.0,1.0,0.0,1.0,0.0,1.0,1.0,1.0,17.0,1.0,1.0,165.0,7.0,1.0,0.0
LIVE_BELIEF,EVENT_DRIVEN,Q05_DELAY3,RESTRICTION_CHANGE,LOW,4,COMPACT_TYPED,12,1.0,5.0,3.0,1.0,0.0,1.0,0.0,1.0,1.0,1.0,14.0,1.0,1.0,164.0,3.0,1.0,0.0
LIVE_BELIEF,EVENT_DRIVEN,Q05_DELAY3,RESTRICTION_CHANGE,LOW,4,VERBOSE_TYPED,12,1.0,5.0,3.0,1.0,0.0,1.0,0.0,1.0,1.0,1.0,17.0,1.0,1.0,165.0,3.0,1.0,0.0
LIVE_BELIEF,EVENT_DRIVEN,Q05_DELAY3,RESTRICTION_CHANGE,LOW,8,COMPACT_TYPED,12,1.0,9.0,3.0,1.0,0.0,1.0,0.0,1.0,1.0,1.0,14.0,1.0,1.0,164.0,5.0,1.0,0.0
LIVE_BELIEF,EVENT_DRIVEN,Q05_DELAY3,RESTRICTION_CHANGE,LOW,8,VERBOSE_TYPED,12,1.0,9.0,3.0,1.0,0.0,1.0,0.0,1.0,1.0,1.0,17.0,1.0,1.0,165.0,5.0,1.0,0.0
LIVE_BELIEF,EVENT_DRIVEN,Q05_DELAY3,RESTRICTION_CHANGE,LOW,12,COMPACT_TYPED,12,1.0,13.0,3.0,1.0,0.0,1.0,0.0,1.0,1.0,1.0,14.0,1.0,1.0,164.0,7.0,1.0,0.0
LIVE_BELIEF,EVENT_DRIVEN,Q05_DELAY3,RESTRICTION_CHANGE,LOW,12,VERBOSE_TYPED,12,1.0,13.0,3.0,1.0,0.0,1.0,0.0,1.0,1.0,1.0,17.0,1.0,1.0,165.0,7.0,1.0,0.0
LIVE_BELIEF,EVENT_DRIVEN,Q06_FALSE3,AVAILABILITY_LOSS,HIGH,4,COMPACT_TYPED,12,1.0,8.0,0.0,2.0,1.0,0.0,1.0,1.0,0.5,1.0,20.0,2.0,4.0,665.0,5.0,2.0,0.0
LIVE_BELIEF,EVENT_DRIVEN,Q06_FALSE3,AVAILABILITY_LOSS,HIGH,4,VERBOSE_TYPED,12,1.0,8.0,0.0,2.0,1.0,0.0,1.0,1.0,0.5,1.0,32.0,2.0,4.0,669.0,5.0,2.0,0.0
LIVE_BELIEF,EVENT_DRIVEN,Q06_FALSE3,AVAILABILITY_LOSS,HIGH,8,COMPACT_TYPED,12,1.0,12.0,0.0,2.0,1.0,0.0,1.0,1.0,0.5,1.0,20.0,2.0,4.0,665.0,7.0,2.0,0.0
LIVE_BELIEF,EVENT_DRIVEN,Q06_FALSE3,AVAILABILITY_LOSS,HIGH,8,VERBOSE_TYPED,12,1.0,12.0,0.0,2.0,1.0,0.0,1.0,1.0,0.5,1.0,32.0,2.0,4.0,669.0,7.0,2.0,0.0
LIVE_BELIEF,EVENT_DRIVEN,Q06_FALSE3,AVAILABILITY_LOSS,HIGH,12,COMPACT_TYPED,12,1.0,16.0,0.0,2.0,1.0,0.0,1.0,1.0,0.5,1.0,20.0,2.0,4.0,665.0,9.0,2.0,0.0
LIVE_BELIEF,EVENT_DRIVEN,Q06_FALSE3,AVAILABILITY_LOSS,HIGH,12,VERBOSE_TYPED,12,1.0,16.0,0.0,2.0,1.0,0.0,1.0,1.0,0.5,1.0,32.0,2.0,4.0,669.0,9.0,2.0,0.0
LIVE_BELIEF,EVENT_DRIVEN,Q06_FALSE3,AVAILABILITY_LOSS,LOW,4,COMPACT_TYPED,12,1.0,8.0,0.0,2.0,1.0,0.0,1.0,1.0,0.5,1.0,20.0,2.0,4.0,665.0,5.0,2.0,0.0
LIVE_BELIEF,EVENT_DRIVEN,Q06_FALSE3,AVAILABILITY_LOSS,LOW,4,VERBOSE_TYPED,12,1.0,8.0,0.0,2.0,1.0,0.0,1.0,1.0,0.5,1.0,32.0,2.0,4.0,669.0,5.0,2.0,0.0
LIVE_BELIEF,EVENT_DRIVEN,Q06_FALSE3,AVAILABILITY_LOSS,LOW,8,COMPACT_TYPED,12,1.0,12.0,0.0,2.0,1.0,0.0,1.0,1.0,0.5,1.0,20.0,2.0,4.0,665.0,7.0,2.0,0.0
LIVE_BELIEF,EVENT_DRIVEN,Q06_FALSE3,AVAILABILITY_LOSS,LOW,8,VERBOSE_TYPED,12,1.0,12.0,0.0,2.0,1.0,0.0,1.0,1.0,0.5,1.0,32.0,2.0,4.0,669.0,7.0,2.0,0.0
LIVE_BELIEF,EVENT_DRIVEN,Q06_FALSE3,AVAILABILITY_LOSS,LOW,12,COMPACT_TYPED,12,1.0,16.0,0.0,2.0,1.0,0.0,1.0,1.0,0.5,1.0,20.0,2.0,4.0,665.0,9.0,2.0,0.0
LIVE_BELIEF,EVENT_DRIVEN,Q06_FALSE3,AVAILABILITY_LOSS,LOW,12,VERBOSE_TYPED,12,1.0,16.0,0.0,2.0,1.0,0.0,1.0,1.0,0.5,1.0,32.0,2.0,4.0,669.0,9.0,2.0,0.0
LIVE_BELIEF,EVENT_DRIVEN,Q06_FALSE3,CONTROL_FAILURE,HIGH,4,COMPACT_TYPED,12,1.0,5.0,3.0,2.0,1.0,0.0,2.0,0.0,0.5,1.0,26.0,2.0,4.0,664.0,5.0,2.0,0.0
LIVE_BELIEF,EVENT_DRIVEN,Q06_FALSE3,CONTROL_FAILURE,HIGH,4,VERBOSE_TYPED,12,1.0,5.0,3.0,2.0,1.0,0.0,2.0,0.0,0.5,1.0,38.0,2.0,4.0,668.0,5.0,2.0,0.0
LIVE_BELIEF,EVENT_DRIVEN,Q06_FALSE3,CONTROL_FAILURE,HIGH,8,COMPACT_TYPED,12,1.0,9.0,3.0,2.0,1.0,0.0,2.0,0.0,0.5,1.0,26.0,2.0,4.0,664.0,7.0,2.0,0.0
LIVE_BELIEF,EVENT_DRIVEN,Q06_FALSE3,CONTROL_FAILURE,HIGH,8,VERBOSE_TYPED,12,1.0,9.0,3.0,2.0,1.0,0.0,2.0,0.0,0.5,1.0,38.0,2.0,4.0,668.0,7.0,2.0,0.0
LIVE_BELIEF,EVENT_DRIVEN,Q06_FALSE3,CONTROL_FAILURE,HIGH,12,COMPACT_TYPED,12,1.0,13.0,3.0,2.0,1.0,0.0,2.0,0.0,0.5,1.0,26.0,2.0,4.0,664.0,9.0,2.0,0.0
LIVE_BELIEF,EVENT_DRIVEN,Q06_FALSE3,CONTROL_FAILURE,HIGH,12,VERBOSE_TYPED,12,1.0,13.0,3.0,2.0,1.0,0.0,2.0,0.0,0.5,1.0,38.0,2.0,4.0,668.0,9.0,2.0,0.0
LIVE_BELIEF,EVENT_DRIVEN,Q06_FALSE3,CONTROL_FAILURE,LOW,4,COMPACT_TYPED,12,1.0,6.0,2.0,2.0,1.0,0.0,2.0,0.0,0.5,1.0,24.0,2.0,4.0,664.0,5.0,2.0,0.0
LIVE_BELIEF,EVENT_DRIVEN,Q06_FALSE3,CONTROL_FAILURE,LOW,4,VERBOSE_TYPED,12,1.0,6.0,2.0,2.0,1.0,0.0,2.0,0.0,0.5,1.0,36.0,2.0,4.0,668.0,5.0,2.0,0.0
LIVE_BELIEF,EVENT_DRIVEN,Q06_FALSE3,CONTROL_FAILURE,LOW,8,COMPACT_TYPED,12,1.0,10.0,2.0,2.0,1.0,0.0,2.0,0.0,0.5,1.0,24.0,2.0,4.0,664.0,7.0,2.0,0.0
LIVE_BELIEF,EVENT_DRIVEN,Q06_FALSE3,CONTROL_FAILURE,LOW,8,VERBOSE_TYPED,12,1.0,10.0,2.0,2.0,1.0,0.0,2.0,0.0,0.5,1.0,36.0,2.0,4.0,668.0,7.0,2.0,0.0
LIVE_BELIEF,EVENT_DRIVEN,Q06_FALSE3,CONTROL_FAILURE,LOW,12,COMPACT_TYPED,12,1.0,14.0,2.0,2.0,1.0,0.0,2.0,0.0,0.5,1.0,24.0,2.0,4.0,664.0,9.0,2.0,0.0
LIVE_BELIEF,EVENT_DRIVEN,Q06_FALSE3,CONTROL_FAILURE,LOW,12,VERBOSE_TYPED,12,1.0,14.0,2.0,2.0,1.0,0.0,2.0,0.0,0.5,1.0,36.0,2.0,4.0,668.0,9.0,2.0,0.0
LIVE_BELIEF,EVENT_DRIVEN,Q06_FALSE3,POSE_SHIFT,HIGH,4,COMPACT_TYPED,12,1.0,8.0,0.0,2.0,1.0,0.0,1.0,0.0,0.5,1.0,20.0,2.0,4.0,659.0,5.0,2.0,0.0
LIVE_BELIEF,EVENT_DRIVEN,Q06_FALSE3,POSE_SHIFT,HIGH,4,VERBOSE_TYPED,12,1.0,8.0,0.0,2.0,1.0,0.0,1.0,0.0,0.5,1.0,32.0,2.0,4.0,663.0,5.0,2.0,0.0
LIVE_BELIEF,EVENT_DRIVEN,Q06_FALSE3,POSE_SHIFT,HIGH,8,COMPACT_TYPED,12,1.0,12.0,0.0,2.0,1.0,0.0,1.0,0.0,0.5,1.0,20.0,2.0,4.0,659.0,7.0,2.0,0.0
LIVE_BELIEF,EVENT_DRIVEN,Q06_FALSE3,POSE_SHIFT,HIGH,8,VERBOSE_TYPED,12,1.0,12.0,0.0,2.0,1.0,0.0,1.0,0.0,0.5,1.0,32.0,2.0,4.0,663.0,7.0,2.0,0.0
LIVE_BELIEF,EVENT_DRIVEN,Q06_FALSE3,POSE_SHIFT,HIGH,12,COMPACT_TYPED,12,1.0,16.0,0.0,2.0,1.0,0.0,1.0,0.0,0.5,1.0,20.0,2.0,4.0,659.0,9.0,2.0,0.0
LIVE_BELIEF,EVENT_DRIVEN,Q06_FALSE3,POSE_SHIFT,HIGH,12,VERBOSE_TYPED,12,1.0,16.0,0.0,2.0,1.0,0.0,1.0,0.0,0.5,1.0,32.0,2.0,4.0,663.0,9.0,2.0,0.0
LIVE_BELIEF,EVENT_DRIVEN,Q06_FALSE3,POSE_SHIFT,LOW,4,COMPACT_TYPED,12,1.0,8.0,0.0,2.0,1.0,0.0,1.0,0.0,0.5,1.0,20.0,2.0,4.0,659.0,5.0,2.0,0.0
LIVE_BELIEF,EVENT_DRIVEN,Q06_FALSE3,POSE_SHIFT,LOW,4,VERBOSE_TYPED,12,1.0,8.0,0.0,2.0,1.0,0.0,1.0,0.0,0.5,1.0,32.0,2.0,4.0,663.0,5.0,2.0,0.0
LIVE_BELIEF,EVENT_DRIVEN,Q06_FALSE3,POSE_SHIFT,LOW,8,COMPACT_TYPED,12,1.0,12.0,0.0,2.0,1.0,0.0,1.0,0.0,0.5,1.0,20.0,2.0,4.0,659.0,7.0,2.0,0.0
LIVE_BELIEF,EVENT_DRIVEN,Q06_FALSE3,POSE_SHIFT,LOW,8,VERBOSE_TYPED,12,1.0,12.0,0.0,2.0,1.0,0.0,1.0,0.0,0.5,1.0,32.0,2.0,4.0,663.0,7.0,2.0,0.0
LIVE_BELIEF,EVENT_DRIVEN,Q06_FALSE3,POSE_SHIFT,LOW,12,COMPACT_TYPED,12,1.0,16.0,0.0,2.0,1.0,0.0,1.0,0.0,0.5,1.0,20.0,2.0,4.0,659.0,9.0,2.0,0.0
LIVE_BELIEF,EVENT_DRIVEN,Q06_FALSE3,POSE_SHIFT,LOW,12,VERBOSE_TYPED,12,1.0,16.0,0.0,2.0,1.0,0.0,1.0,0.0,0.5,1.0,32.0,2.0,4.0,663.0,9.0,2.0,0.0
LIVE_BELIEF,EVENT_DRIVEN,Q06_FALSE3,RESTRICTION_CHANGE,HIGH,4,COMPACT_TYPED,12,1.0,8.0,0.0,2.0,1.0,0.0,1.0,1.0,0.5,1.0,20.0,2.0,4.0,662.0,5.0,2.0,0.0
LIVE_BELIEF,EVENT_DRIVEN,Q06_FALSE3,RESTRICTION_CHANGE,HIGH,4,VERBOSE_TYPED,12,1.0,8.0,0.0,2.0,1.0,0.0,1.0,1.0,0.5,1.0,32.0,2.0,4.0,666.0,5.0,2.0,0.0
LIVE_BELIEF,EVENT_DRIVEN,Q06_FALSE3,RESTRICTION_CHANGE,HIGH,8,COMPACT_TYPED,12,1.0,12.0,0.0,2.0,1.0,0.0,1.0,1.0,0.5,1.0,20.0,2.0,4.0,662.0,7.0,2.0,0.0
LIVE_BELIEF,EVENT_DRIVEN,Q06_FALSE3,RESTRICTION_CHANGE,HIGH,8,VERBOSE_TYPED,12,1.0,12.0,0.0,2.0,1.0,0.0,1.0,1.0,0.5,1.0,32.0,2.0,4.0,666.0,7.0,2.0,0.0
LIVE_BELIEF,EVENT_DRIVEN,Q06_FALSE3,RESTRICTION_CHANGE,HIGH,12,COMPACT_TYPED,12,1.0,16.0,0.0,2.0,1.0,0.0,1.0,1.0,0.5,1.0,20.0,2.0,4.0,662.0,9.0,2.0,0.0
LIVE_BELIEF,EVENT_DRIVEN,Q06_FALSE3,RESTRICTION_CHANGE,HIGH,12,VERBOSE_TYPED,12,1.0,16.0,0.0,2.0,1.0,0.0,1.0,1.0,0.5,1.0,32.0,2.0,4.0,666.0,9.0,2.0,0.0
LIVE_BELIEF,EVENT_DRIVEN,Q06_FALSE3,RESTRICTION_CHANGE,LOW,4,COMPACT_TYPED,12,1.0,8.0,0.0,2.0,1.0,0.0,1.0,1.0,0.5,1.0,20.0,2.0,4.0,662.0,5.0,2.0,0.0
LIVE_BELIEF,EVENT_DRIVEN,Q06_FALSE3,RESTRICTION_CHANGE,LOW,4,VERBOSE_TYPED,12,1.0,8.0,0.0,2.0,1.0,0.0,1.0,1.0,0.5,1.0,32.0,2.0,4.0,666.0,5.0,2.0,0.0
LIVE_BELIEF,EVENT_DRIVEN,Q06_FALSE3,RESTRICTION_CHANGE,LOW,8,COMPACT_TYPED,12,1.0,12.0,0.0,2.0,1.0,0.0,1.0,1.0,0.5,1.0,20.0,2.0,4.0,662.0,7.0,2.0,0.0
LIVE_BELIEF,EVENT_DRIVEN,Q06_FALSE3,RESTRICTION_CHANGE,LOW,8,VERBOSE_TYPED,12,1.0,12.0,0.0,2.0,1.0,0.0,1.0,1.0,0.5,1.0,32.0,2.0,4.0,666.0,7.0,2.0,0.0
LIVE_BELIEF,EVENT_DRIVEN,Q06_FALSE3,RESTRICTION_CHANGE,LOW,12,COMPACT_TYPED,12,1.0,16.0,0.0,2.0,1.0,0.0,1.0,1.0,0.5,1.0,20.0,2.0,4.0,662.0,9.0,2.0,0.0
LIVE_BELIEF,EVENT_DRIVEN,Q06_FALSE3,RESTRICTION_CHANGE,LOW,12,VERBOSE_TYPED,12,1.0,16.0,0.0,2.0,1.0,0.0,1.0,1.0,0.5,1.0,32.0,2.0,4.0,666.0,9.0,2.0,0.0
LIVE_BELIEF,EVENT_DRIVEN,Q07_DUP_OOO,AVAILABILITY_LOSS,HIGH,4,COMPACT_TYPED,12,1.0,7.0,1.0,2.0,0.0,0.0,1.0,1.0,1.0,1.0,20.0,2.0,3.0,501.0,4.0,2.0,0.0
LIVE_BELIEF,EVENT_DRIVEN,Q07_DUP_OOO,AVAILABILITY_LOSS,HIGH,4,VERBOSE_TYPED,12,1.0,7.0,1.0,2.0,0.0,0.0,1.0,1.0,1.0,1.0,29.0,2.0,3.0,504.0,4.0,2.0,0.0
LIVE_BELIEF,EVENT_DRIVEN,Q07_DUP_OOO,AVAILABILITY_LOSS,HIGH,8,COMPACT_TYPED,12,1.0,11.0,1.0,2.0,0.0,0.0,1.0,1.0,1.0,1.0,20.0,2.0,3.0,501.0,6.0,2.0,0.0
LIVE_BELIEF,EVENT_DRIVEN,Q07_DUP_OOO,AVAILABILITY_LOSS,HIGH,8,VERBOSE_TYPED,12,1.0,11.0,1.0,2.0,0.0,0.0,1.0,1.0,1.0,1.0,29.0,2.0,3.0,504.0,6.0,2.0,0.0
LIVE_BELIEF,EVENT_DRIVEN,Q07_DUP_OOO,AVAILABILITY_LOSS,HIGH,12,COMPACT_TYPED,12,1.0,15.0,1.0,2.0,0.0,0.0,1.0,1.0,1.0,1.0,20.0,2.0,3.0,501.0,8.0,2.0,0.0
LIVE_BELIEF,EVENT_DRIVEN,Q07_DUP_OOO,AVAILABILITY_LOSS,HIGH,12,VERBOSE_TYPED,12,1.0,15.0,1.0,2.0,0.0,0.0,1.0,1.0,1.0,1.0,29.0,2.0,3.0,504.0,8.0,2.0,0.0
LIVE_BELIEF,EVENT_DRIVEN,Q07_DUP_OOO,AVAILABILITY_LOSS,LOW,4,COMPACT_TYPED,12,1.0,7.0,1.0,2.0,0.0,0.0,1.0,1.0,1.0,1.0,20.0,2.0,3.0,501.0,4.0,2.0,0.0
LIVE_BELIEF,EVENT_DRIVEN,Q07_DUP_OOO,AVAILABILITY_LOSS,LOW,4,VERBOSE_TYPED,12,1.0,7.0,1.0,2.0,0.0,0.0,1.0,1.0,1.0,1.0,29.0,2.0,3.0,504.0,4.0,2.0,0.0
LIVE_BELIEF,EVENT_DRIVEN,Q07_DUP_OOO,AVAILABILITY_LOSS,LOW,8,COMPACT_TYPED,12,1.0,11.0,1.0,2.0,0.0,0.0,1.0,1.0,1.0,1.0,20.0,2.0,3.0,501.0,6.0,2.0,0.0
LIVE_BELIEF,EVENT_DRIVEN,Q07_DUP_OOO,AVAILABILITY_LOSS,LOW,8,VERBOSE_TYPED,12,1.0,11.0,1.0,2.0,0.0,0.0,1.0,1.0,1.0,1.0,29.0,2.0,3.0,504.0,6.0,2.0,0.0
LIVE_BELIEF,EVENT_DRIVEN,Q07_DUP_OOO,AVAILABILITY_LOSS,LOW,12,COMPACT_TYPED,12,1.0,15.0,1.0,2.0,0.0,0.0,1.0,1.0,1.0,1.0,20.0,2.0,3.0,501.0,8.0,2.0,0.0
LIVE_BELIEF,EVENT_DRIVEN,Q07_DUP_OOO,AVAILABILITY_LOSS,LOW,12,VERBOSE_TYPED,12,1.0,15.0,1.0,2.0,0.0,0.0,1.0,1.0,1.0,1.0,29.0,2.0,3.0,504.0,8.0,2.0,0.0
LIVE_BELIEF,EVENT_DRIVEN,Q07_DUP_OOO,CONTROL_FAILURE,HIGH,4,COMPACT_TYPED,12,1.0,5.0,3.0,2.0,0.0,0.0,2.0,0.0,1.0,1.0,24.0,2.0,3.0,498.0,4.0,2.0,0.0
LIVE_BELIEF,EVENT_DRIVEN,Q07_DUP_OOO,CONTROL_FAILURE,HIGH,4,VERBOSE_TYPED,12,1.0,5.0,3.0,2.0,0.0,0.0,2.0,0.0,1.0,1.0,33.0,2.0,3.0,501.0,4.0,2.0,0.0
LIVE_BELIEF,EVENT_DRIVEN,Q07_DUP_OOO,CONTROL_FAILURE,HIGH,8,COMPACT_TYPED,12,1.0,9.0,3.0,2.0,0.0,0.0,2.0,0.0,1.0,1.0,24.0,2.0,3.0,498.0,6.0,2.0,0.0
LIVE_BELIEF,EVENT_DRIVEN,Q07_DUP_OOO,CONTROL_FAILURE,HIGH,8,VERBOSE_TYPED,12,1.0,9.0,3.0,2.0,0.0,0.0,2.0,0.0,1.0,1.0,33.0,2.0,3.0,501.0,6.0,2.0,0.0
LIVE_BELIEF,EVENT_DRIVEN,Q07_DUP_OOO,CONTROL_FAILURE,HIGH,12,COMPACT_TYPED,12,1.0,13.0,3.0,2.0,0.0,0.0,2.0,0.0,1.0,1.0,24.0,2.0,3.0,498.0,8.0,2.0,0.0
LIVE_BELIEF,EVENT_DRIVEN,Q07_DUP_OOO,CONTROL_FAILURE,HIGH,12,VERBOSE_TYPED,12,1.0,13.0,3.0,2.0,0.0,0.0,2.0,0.0,1.0,1.0,33.0,2.0,3.0,501.0,8.0,2.0,0.0
LIVE_BELIEF,EVENT_DRIVEN,Q07_DUP_OOO,CONTROL_FAILURE,LOW,4,COMPACT_TYPED,12,1.0,6.0,2.0,2.0,0.0,0.0,2.0,0.0,1.0,1.0,22.0,2.0,3.0,498.0,4.0,2.0,0.0
LIVE_BELIEF,EVENT_DRIVEN,Q07_DUP_OOO,CONTROL_FAILURE,LOW,4,VERBOSE_TYPED,12,1.0,6.0,2.0,2.0,0.0,0.0,2.0,0.0,1.0,1.0,31.0,2.0,3.0,501.0,4.0,2.0,0.0
LIVE_BELIEF,EVENT_DRIVEN,Q07_DUP_OOO,CONTROL_FAILURE,LOW,8,COMPACT_TYPED,12,1.0,10.0,2.0,2.0,0.0,0.0,2.0,0.0,1.0,1.0,22.0,2.0,3.0,498.0,6.0,2.0,0.0
LIVE_BELIEF,EVENT_DRIVEN,Q07_DUP_OOO,CONTROL_FAILURE,LOW,8,VERBOSE_TYPED,12,1.0,10.0,2.0,2.0,0.0,0.0,2.0,0.0,1.0,1.0,31.0,2.0,3.0,501.0,6.0,2.0,0.0
LIVE_BELIEF,EVENT_DRIVEN,Q07_DUP_OOO,CONTROL_FAILURE,LOW,12,COMPACT_TYPED,12,1.0,14.0,2.0,2.0,0.0,0.0,2.0,0.0,1.0,1.0,22.0,2.0,3.0,498.0,8.0,2.0,0.0
LIVE_BELIEF,EVENT_DRIVEN,Q07_DUP_OOO,CONTROL_FAILURE,LOW,12,VERBOSE_TYPED,12,1.0,14.0,2.0,2.0,0.0,0.0,2.0,0.0,1.0,1.0,31.0,2.0,3.0,501.0,8.0,2.0,0.0
LIVE_BELIEF,EVENT_DRIVEN,Q07_DUP_OOO,POSE_SHIFT,HIGH,4,COMPACT_TYPED,12,1.0,7.0,1.0,2.0,0.0,0.0,1.0,0.0,1.0,1.0,20.0,2.0,3.0,483.0,4.0,2.0,0.0
LIVE_BELIEF,EVENT_DRIVEN,Q07_DUP_OOO,POSE_SHIFT,HIGH,4,VERBOSE_TYPED,12,1.0,7.0,1.0,2.0,0.0,0.0,1.0,0.0,1.0,1.0,29.0,2.0,3.0,486.0,4.0,2.0,0.0
LIVE_BELIEF,EVENT_DRIVEN,Q07_DUP_OOO,POSE_SHIFT,HIGH,8,COMPACT_TYPED,12,1.0,11.0,1.0,2.0,0.0,0.0,1.0,0.0,1.0,1.0,20.0,2.0,3.0,483.0,6.0,2.0,0.0
LIVE_BELIEF,EVENT_DRIVEN,Q07_DUP_OOO,POSE_SHIFT,HIGH,8,VERBOSE_TYPED,12,1.0,11.0,1.0,2.0,0.0,0.0,1.0,0.0,1.0,1.0,29.0,2.0,3.0,486.0,6.0,2.0,0.0
LIVE_BELIEF,EVENT_DRIVEN,Q07_DUP_OOO,POSE_SHIFT,HIGH,12,COMPACT_TYPED,12,1.0,15.0,1.0,2.0,0.0,0.0,1.0,0.0,1.0,1.0,20.0,2.0,3.0,483.0,8.0,2.0,0.0
LIVE_BELIEF,EVENT_DRIVEN,Q07_DUP_OOO,POSE_SHIFT,HIGH,12,VERBOSE_TYPED,12,1.0,15.0,1.0,2.0,0.0,0.0,1.0,0.0,1.0,1.0,29.0,2.0,3.0,486.0,8.0,2.0,0.0
LIVE_BELIEF,EVENT_DRIVEN,Q07_DUP_OOO,POSE_SHIFT,LOW,4,COMPACT_TYPED,12,1.0,7.0,1.0,2.0,0.0,0.0,1.0,0.0,1.0,1.0,20.0,2.0,3.0,483.0,4.0,2.0,0.0
LIVE_BELIEF,EVENT_DRIVEN,Q07_DUP_OOO,POSE_SHIFT,LOW,4,VERBOSE_TYPED,12,1.0,7.0,1.0,2.0,0.0,0.0,1.0,0.0,1.0,1.0,29.0,2.0,3.0,486.0,4.0,2.0,0.0
LIVE_BELIEF,EVENT_DRIVEN,Q07_DUP_OOO,POSE_SHIFT,LOW,8,COMPACT_TYPED,12,1.0,11.0,1.0,2.0,0.0,0.0,1.0,0.0,1.0,1.0,20.0,2.0,3.0,483.0,6.0,2.0,0.0
LIVE_BELIEF,EVENT_DRIVEN,Q07_DUP_OOO,POSE_SHIFT,LOW,8,VERBOSE_TYPED,12,1.0,11.0,1.0,2.0,0.0,0.0,1.0,0.0,1.0,1.0,29.0,2.0,3.0,486.0,6.0,2.0,0.0
LIVE_BELIEF,EVENT_DRIVEN,Q07_DUP_OOO,POSE_SHIFT,LOW,12,COMPACT_TYPED,12,1.0,15.0,1.0,2.0,0.0,0.0,1.0,0.0,1.0,1.0,20.0,2.0,3.0,483.0,8.0,2.0,0.0
LIVE_BELIEF,EVENT_DRIVEN,Q07_DUP_OOO,POSE_SHIFT,LOW,12,VERBOSE_TYPED,12,1.0,15.0,1.0,2.0,0.0,0.0,1.0,0.0,1.0,1.0,29.0,2.0,3.0,486.0,8.0,2.0,0.0
LIVE_BELIEF,EVENT_DRIVEN,Q07_DUP_OOO,RESTRICTION_CHANGE,HIGH,4,COMPACT_TYPED,12,1.0,7.0,1.0,2.0,0.0,0.0,1.0,1.0,1.0,1.0,20.0,2.0,3.0,492.0,4.0,2.0,0.0
LIVE_BELIEF,EVENT_DRIVEN,Q07_DUP_OOO,RESTRICTION_CHANGE,HIGH,4,VERBOSE_TYPED,12,1.0,7.0,1.0,2.0,0.0,0.0,1.0,1.0,1.0,1.0,29.0,2.0,3.0,495.0,4.0,2.0,0.0
LIVE_BELIEF,EVENT_DRIVEN,Q07_DUP_OOO,RESTRICTION_CHANGE,HIGH,8,COMPACT_TYPED,12,1.0,11.0,1.0,2.0,0.0,0.0,1.0,1.0,1.0,1.0,20.0,2.0,3.0,492.0,6.0,2.0,0.0
LIVE_BELIEF,EVENT_DRIVEN,Q07_DUP_OOO,RESTRICTION_CHANGE,HIGH,8,VERBOSE_TYPED,12,1.0,11.0,1.0,2.0,0.0,0.0,1.0,1.0,1.0,1.0,29.0,2.0,3.0,495.0,6.0,2.0,0.0
LIVE_BELIEF,EVENT_DRIVEN,Q07_DUP_OOO,RESTRICTION_CHANGE,HIGH,12,COMPACT_TYPED,12,1.0,15.0,1.0,2.0,0.0,0.0,1.0,1.0,1.0,1.0,20.0,2.0,3.0,492.0,8.0,2.0,0.0
LIVE_BELIEF,EVENT_DRIVEN,Q07_DUP_OOO,RESTRICTION_CHANGE,HIGH,12,VERBOSE_TYPED,12,1.0,15.0,1.0,2.0,0.0,0.0,1.0,1.0,1.0,1.0,29.0,2.0,3.0,495.0,8.0,2.0,0.0
LIVE_BELIEF,EVENT_DRIVEN,Q07_DUP_OOO,RESTRICTION_CHANGE,LOW,4,COMPACT_TYPED,12,1.0,7.0,1.0,2.0,0.0,0.0,1.0,1.0,1.0,1.0,20.0,2.0,3.0,492.0,4.0,2.0,0.0
LIVE_BELIEF,EVENT_DRIVEN,Q07_DUP_OOO,RESTRICTION_CHANGE,LOW,4,VERBOSE_TYPED,12,1.0,7.0,1.0,2.0,0.0,0.0,1.0,1.0,1.0,1.0,29.0,2.0,3.0,495.0,4.0,2.0,0.0
LIVE_BELIEF,EVENT_DRIVEN,Q07_DUP_OOO,RESTRICTION_CHANGE,LOW,8,COMPACT_TYPED,12,1.0,11.0,1.0,2.0,0.0,0.0,1.0,1.0,1.0,1.0,20.0,2.0,3.0,492.0,6.0,2.0,0.0
LIVE_BELIEF,EVENT_DRIVEN,Q07_DUP_OOO,RESTRICTION_CHANGE,LOW,8,VERBOSE_TYPED,12,1.0,11.0,1.0,2.0,0.0,0.0,1.0,1.0,1.0,1.0,29.0,2.0,3.0,495.0,6.0,2.0,0.0
LIVE_BELIEF,EVENT_DRIVEN,Q07_DUP_OOO,RESTRICTION_CHANGE,LOW,12,COMPACT_TYPED,12,1.0,15.0,1.0,2.0,0.0,0.0,1.0,1.0,1.0,1.0,20.0,2.0,3.0,492.0,8.0,2.0,0.0
LIVE_BELIEF,EVENT_DRIVEN,Q07_DUP_OOO,RESTRICTION_CHANGE,LOW,12,VERBOSE_TYPED,12,1.0,15.0,1.0,2.0,0.0,0.0,1.0,1.0,1.0,1.0,29.0,2.0,3.0,495.0,8.0,2.0,0.0
LIVE_BELIEF,EVENT_DRIVEN,Q08_GUARDED,AVAILABILITY_LOSS,HIGH,4,COMPACT_TYPED,12,0.5,3.5,4.5,1.5,1.0,0.0,1.0,0.5,0.25,0.5,21.5,1.5,1.5,249.5,5.0,1.5,0.0
LIVE_BELIEF,EVENT_DRIVEN,Q08_GUARDED,AVAILABILITY_LOSS,HIGH,4,VERBOSE_TYPED,12,0.5,3.5,4.5,1.5,1.0,0.0,1.0,0.5,0.25,0.5,27.5,1.5,1.5,251.0,5.0,1.5,0.0
LIVE_BELIEF,EVENT_DRIVEN,Q08_GUARDED,AVAILABILITY_LOSS,HIGH,8,COMPACT_TYPED,12,0.75,8.25,3.75,1.75,1.0,0.0,1.0,0.75,0.375,0.75,22.25,1.75,1.75,291.25,6.5,1.75,0.0
LIVE_BELIEF,EVENT_DRIVEN,Q08_GUARDED,AVAILABILITY_LOSS,HIGH,8,VERBOSE_TYPED,12,0.75,8.25,3.75,1.75,1.0,0.0,1.0,0.75,0.375,0.75,29.75,1.75,1.75,293.0,6.5,1.75,0.0
LIVE_BELIEF,EVENT_DRIVEN,Q08_GUARDED,AVAILABILITY_LOSS,HIGH,12,COMPACT_TYPED,12,0.833333,12.5,3.5,1.833333,1.0,0.0,1.0,0.833333,0.416667,0.833333,22.5,1.833333,1.833333,305.166667,8.333333,1.833333,0.0
LIVE_BELIEF,EVENT_DRIVEN,Q08_GUARDED,AVAILABILITY_LOSS,HIGH,12,VERBOSE_TYPED,12,0.833333,12.5,3.5,1.833333,1.0,0.0,1.0,0.833333,0.416667,0.833333,30.5,1.833333,1.833333,307.0,8.333333,1.833333,0.0
LIVE_BELIEF,EVENT_DRIVEN,Q08_GUARDED,AVAILABILITY_LOSS,LOW,4,COMPACT_TYPED,12,0.833333,5.166667,2.833333,1.833333,1.0,0.0,1.0,0.833333,0.416667,0.833333,21.166667,1.833333,1.833333,305.166667,4.333333,1.833333,0.0
LIVE_BELIEF,EVENT_DRIVEN,Q08_GUARDED,AVAILABILITY_LOSS,LOW,4,VERBOSE_TYPED,12,0.833333,5.166667,2.833333,1.833333,1.0,0.0,1.0,0.833333,0.416667,0.833333,29.166667,1.833333,1.833333,307.0,4.333333,1.833333,0.0
LIVE_BELIEF,EVENT_DRIVEN,Q08_GUARDED,AVAILABILITY_LOSS,LOW,8,COMPACT_TYPED,12,0.75,8.25,3.75,1.75,1.0,0.0,1.0,0.75,0.375,0.75,22.25,1.75,1.75,291.25,6.5,1.75,0.0
LIVE_BELIEF,EVENT_DRIVEN,Q08_GUARDED,AVAILABILITY_LOSS,LOW,8,VERBOSE_TYPED,12,0.75,8.25,3.75,1.75,1.0,0.0,1.0,0.75,0.375,0.75,29.75,1.75,1.75,293.0,6.5,1.75,0.0
LIVE_BELIEF,EVENT_DRIVEN,Q08_GUARDED,AVAILABILITY_LOSS,LOW,12,COMPACT_TYPED,12,0.75,11.75,4.25,1.75,1.0,0.0,1.0,0.75,0.375,0.75,23.25,1.75,1.75,291.25,8.5,1.75,0.0
LIVE_BELIEF,EVENT_DRIVEN,Q08_GUARDED,AVAILABILITY_LOSS,LOW,12,VERBOSE_TYPED,12,0.75,11.75,4.25,1.75,1.0,0.0,1.0,0.75,0.375,0.75,30.75,1.75,1.75,293.0,8.5,1.75,0.0
LIVE_BELIEF,EVENT_DRIVEN,Q08_GUARDED,CONTROL_FAILURE,HIGH,4,COMPACT_TYPED,12,1.0,5.0,3.0,1.583333,1.0,0.0,1.583333,0.0,0.291667,0.583333,19.25,1.583333,1.583333,262.833333,4.833333,1.583333,0.0
LIVE_BELIEF,EVENT_DRIVEN,Q08_GUARDED,CONTROL_FAILURE,HIGH,4,VERBOSE_TYPED,12,1.0,5.0,3.0,1.583333,1.0,0.0,1.583333,0.0,0.291667,0.583333,25.75,1.583333,1.583333,264.416667,4.833333,1.583333,0.0
LIVE_BELIEF,EVENT_DRIVEN,Q08_GUARDED,CONTROL_FAILURE,HIGH,8,COMPACT_TYPED,12,1.0,9.0,3.0,1.833333,1.0,0.0,1.833333,0.0,0.416667,0.833333,21.5,1.833333,1.833333,304.333333,6.333333,1.833333,0.0
LIVE_BELIEF,EVENT_DRIVEN,Q08_GUARDED,CONTROL_FAILURE,HIGH,8,VERBOSE_TYPED,12,1.0,9.0,3.0,1.833333,1.0,0.0,1.833333,0.0,0.416667,0.833333,29.5,1.833333,1.833333,306.166667,6.333333,1.833333,0.0
LIVE_BELIEF,EVENT_DRIVEN,Q08_GUARDED,CONTROL_FAILURE,HIGH,12,COMPACT_TYPED,12,1.0,13.0,3.0,1.75,1.0,0.0,1.75,0.0,0.375,0.75,20.75,1.75,1.75,290.5,8.5,1.75,0.0
LIVE_BELIEF,EVENT_DRIVEN,Q08_GUARDED,CONTROL_FAILURE,HIGH,12,VERBOSE_TYPED,12,1.0,13.0,3.0,1.75,1.0,0.0,1.75,0.0,0.375,0.75,28.25,1.75,1.75,292.25,8.5,1.75,0.0
LIVE_BELIEF,EVENT_DRIVEN,Q08_GUARDED,CONTROL_FAILURE,LOW,4,COMPACT_TYPED,12,1.0,6.0,2.0,1.833333,1.0,0.0,1.833333,0.0,0.416667,0.833333,19.5,1.833333,1.833333,304.333333,4.333333,1.833333,0.0
LIVE_BELIEF,EVENT_DRIVEN,Q08_GUARDED,CONTROL_FAILURE,LOW,4,VERBOSE_TYPED,12,1.0,6.0,2.0,1.833333,1.0,0.0,1.833333,0.0,0.416667,0.833333,27.5,1.833333,1.833333,306.166667,4.333333,1.833333,0.0
LIVE_BELIEF,EVENT_DRIVEN,Q08_GUARDED,CONTROL_FAILURE,LOW,8,COMPACT_TYPED,12,1.0,10.0,2.0,1.75,1.0,0.0,1.75,0.0,0.375,0.75,18.75,1.75,1.75,290.5,6.5,1.75,0.0
LIVE_BELIEF,EVENT_DRIVEN,Q08_GUARDED,CONTROL_FAILURE,LOW,8,VERBOSE_TYPED,12,1.0,10.0,2.0,1.75,1.0,0.0,1.75,0.0,0.375,0.75,26.25,1.75,1.75,292.25,6.5,1.75,0.0
LIVE_BELIEF,EVENT_DRIVEN,Q08_GUARDED,CONTROL_FAILURE,LOW,12,COMPACT_TYPED,12,1.0,14.0,2.0,1.916667,1.0,0.0,1.916667,0.0,0.458333,0.916667,20.25,1.916667,1.916667,318.166667,8.166667,1.916667,0.0
LIVE_BELIEF,EVENT_DRIVEN,Q08_GUARDED,CONTROL_FAILURE,LOW,12,VERBOSE_TYPED,12,1.0,14.0,2.0,1.916667,1.0,0.0,1.916667,0.0,0.458333,0.916667,28.75,1.916667,1.916667,320.083333,8.166667,1.916667,0.0
LIVE_BELIEF,EVENT_DRIVEN,Q08_GUARDED,POSE_SHIFT,HIGH,4,COMPACT_TYPED,12,0.583333,3.916667,4.083333,1.583333,1.0,0.0,1.0,0.0,0.291667,0.583333,21.416667,1.583333,1.583333,259.916667,4.833333,1.583333,0.0
LIVE_BELIEF,EVENT_DRIVEN,Q08_GUARDED,POSE_SHIFT,HIGH,4,VERBOSE_TYPED,12,0.583333,3.916667,4.083333,1.583333,1.0,0.0,1.0,0.0,0.291667,0.583333,27.916667,1.583333,1.583333,261.5,4.833333,1.583333,0.0
LIVE_BELIEF,EVENT_DRIVEN,Q08_GUARDED,POSE_SHIFT,HIGH,8,COMPACT_TYPED,12,0.75,8.25,3.75,1.75,1.0,0.0,1.0,0.0,0.375,0.75,22.25,1.75,1.75,286.75,6.5,1.75,0.0
LIVE_BELIEF,EVENT_DRIVEN,Q08_GUARDED,POSE_SHIFT,HIGH,8,VERBOSE_TYPED,12,0.75,8.25,3.75,1.75,1.0,0.0,1.0,0.0,0.375,0.75,29.75,1.75,1.75,288.5,6.5,1.75,0.0
LIVE_BELIEF,EVENT_DRIVEN,Q08_GUARDED,POSE_SHIFT,HIGH,12,COMPACT_TYPED,12,0.666667,11.0,5.0,1.666667,1.0,0.0,1.0,0.0,0.333333,0.666667,24.0,1.666667,1.666667,273.333333,8.666667,1.666667,0.0
LIVE_BELIEF,EVENT_DRIVEN,Q08_GUARDED,POSE_SHIFT,HIGH,12,VERBOSE_TYPED,12,0.666667,11.0,5.0,1.666667,1.0,0.0,1.0,0.0,0.333333,0.666667,31.0,1.666667,1.666667,275.0,8.666667,1.666667,0.0
LIVE_BELIEF,EVENT_DRIVEN,Q08_GUARDED,POSE_SHIFT,LOW,4,COMPACT_TYPED,12,0.75,4.75,3.25,1.75,1.0,0.0,1.0,0.0,0.375,0.75,21.25,1.75,1.75,286.75,4.5,1.75,0.0
LIVE_BELIEF,EVENT_DRIVEN,Q08_GUARDED,POSE_SHIFT,LOW,4,VERBOSE_TYPED,12,0.75,4.75,3.25,1.75,1.0,0.0,1.0,0.0,0.375,0.75,28.75,1.75,1.75,288.5,4.5,1.75,0.0
LIVE_BELIEF,EVENT_DRIVEN,Q08_GUARDED,POSE_SHIFT,LOW,8,COMPACT_TYPED,12,0.833333,8.833333,3.166667,1.833333,1.0,0.0,1.0,0.0,0.416667,0.833333,21.833333,1.833333,1.833333,300.166667,6.333333,1.833333,0.0
LIVE_BELIEF,EVENT_DRIVEN,Q08_GUARDED,POSE_SHIFT,LOW,8,VERBOSE_TYPED,12,0.833333,8.833333,3.166667,1.833333,1.0,0.0,1.0,0.0,0.416667,0.833333,29.833333,1.833333,1.833333,302.0,6.333333,1.833333,0.0
LIVE_BELIEF,EVENT_DRIVEN,Q08_GUARDED,POSE_SHIFT,LOW,12,COMPACT_TYPED,12,0.666667,11.0,5.0,1.666667,1.0,0.0,1.0,0.0,0.333333,0.666667,24.0,1.666667,1.666667,273.333333,8.666667,1.666667,0.0
LIVE_BELIEF,EVENT_DRIVEN,Q08_GUARDED,POSE_SHIFT,LOW,12,VERBOSE_TYPED,12,0.666667,11.0,5.0,1.666667,1.0,0.0,1.0,0.0,0.333333,0.666667,31.0,1.666667,1.666667,275.0,8.666667,1.666667,0.0
LIVE_BELIEF,EVENT_DRIVEN,Q08_GUARDED,RESTRICTION_CHANGE,HIGH,4,COMPACT_TYPED,12,0.666667,4.333333,3.666667,1.666667,1.0,0.0,1.0,0.666667,0.333333,0.666667,21.333333,1.666667,1.666667,275.333333,4.666667,1.666667,0.0
LIVE_BELIEF,EVENT_DRIVEN,Q08_GUARDED,RESTRICTION_CHANGE,HIGH,4,VERBOSE_TYPED,12,0.666667,4.333333,3.666667,1.666667,1.0,0.0,1.0,0.666667,0.333333,0.666667,28.333333,1.666667,1.666667,277.0,4.666667,1.666667,0.0
LIVE_BELIEF,EVENT_DRIVEN,Q08_GUARDED,RESTRICTION_CHANGE,HIGH,8,COMPACT_TYPED,12,0.833333,8.833333,3.166667,1.833333,1.0,0.0,1.0,0.833333,0.416667,0.833333,21.833333,1.833333,1.833333,302.666667,6.333333,1.833333,0.0
LIVE_BELIEF,EVENT_DRIVEN,Q08_GUARDED,RESTRICTION_CHANGE,HIGH,8,VERBOSE_TYPED,12,0.833333,8.833333,3.166667,1.833333,1.0,0.0,1.0,0.833333,0.416667,0.833333,29.833333,1.833333,1.833333,304.5,6.333333,1.833333,0.0
LIVE_BELIEF,EVENT_DRIVEN,Q08_GUARDED,RESTRICTION_CHANGE,HIGH,12,COMPACT_TYPED,12,0.833333,12.5,3.5,1.833333,1.0,0.0,1.0,0.833333,0.416667,0.833333,22.5,1.833333,1.833333,302.666667,8.333333,1.833333,0.0
LIVE_BELIEF,EVENT_DRIVEN,Q08_GUARDED,RESTRICTION_CHANGE,HIGH,12,VERBOSE_TYPED,12,0.833333,12.5,3.5,1.833333,1.0,0.0,1.0,0.833333,0.416667,0.833333,30.5,1.833333,1.833333,304.5,8.333333,1.833333,0.0
LIVE_BELIEF,EVENT_DRIVEN,Q08_GUARDED,RESTRICTION_CHANGE,LOW,4,COMPACT_TYPED,12,0.833333,5.166667,2.833333,1.833333,1.0,0.0,1.0,0.833333,0.416667,0.833333,21.166667,1.833333,1.833333,302.666667,4.333333,1.833333,0.0
LIVE_BELIEF,EVENT_DRIVEN,Q08_GUARDED,RESTRICTION_CHANGE,LOW,4,VERBOSE_TYPED,12,0.833333,5.166667,2.833333,1.833333,1.0,0.0,1.0,0.833333,0.416667,0.833333,29.166667,1.833333,1.833333,304.5,4.333333,1.833333,0.0
LIVE_BELIEF,EVENT_DRIVEN,Q08_GUARDED,RESTRICTION_CHANGE,LOW,8,COMPACT_TYPED,12,0.833333,8.833333,3.166667,1.833333,1.0,0.0,1.0,0.833333,0.416667,0.833333,21.833333,1.833333,1.833333,302.666667,6.333333,1.833333,0.0
LIVE_BELIEF,EVENT_DRIVEN,Q08_GUARDED,RESTRICTION_CHANGE,LOW,8,VERBOSE_TYPED,12,0.833333,8.833333,3.166667,1.833333,1.0,0.0,1.0,0.833333,0.416667,0.833333,29.833333,1.833333,1.833333,304.5,6.333333,1.833333,0.0
LIVE_BELIEF,EVENT_DRIVEN,Q08_GUARDED,RESTRICTION_CHANGE,LOW,12,COMPACT_TYPED,12,0.833333,12.5,3.5,1.833333,1.0,0.0,1.0,0.833333,0.416667,0.833333,22.5,1.833333,1.833333,302.666667,8.333333,1.833333,0.0
LIVE_BELIEF,EVENT_DRIVEN,Q08_GUARDED,RESTRICTION_CHANGE,LOW,12,VERBOSE_TYPED,12,0.833333,12.5,3.5,1.833333,1.0,0.0,1.0,0.833333,0.416667,0.833333,30.5,1.833333,1.833333,304.5,8.333333,1.833333,0.0
LIVE_BELIEF,EVENT_DRIVEN,Q09_HOSTILE,AVAILABILITY_LOSS,HIGH,4,COMPACT_TYPED,12,0.166667,1.5,6.5,1.166667,1.0,0.0,1.0,0.166667,0.083333,0.166667,25.666667,1.166667,2.166667,359.833333,5.333333,1.166667,0.0
LIVE_BELIEF,EVENT_DRIVEN,Q09_HOSTILE,AVAILABILITY_LOSS,HIGH,4,VERBOSE_TYPED,12,0.166667,1.5,6.5,1.166667,1.0,0.0,1.0,0.166667,0.083333,0.166667,36.166667,1.166667,2.166667,362.0,5.333333,1.166667,0.0
LIVE_BELIEF,EVENT_DRIVEN,Q09_HOSTILE,AVAILABILITY_LOSS,HIGH,8,COMPACT_TYPED,12,0.583333,5.916667,6.083333,1.583333,1.0,0.0,1.0,0.583333,0.291667,0.583333,29.0,1.583333,2.583333,429.416667,5.666667,1.583333,0.0
LIVE_BELIEF,EVENT_DRIVEN,Q09_HOSTILE,AVAILABILITY_LOSS,HIGH,8,VERBOSE_TYPED,12,0.583333,5.916667,6.083333,1.583333,1.0,0.0,1.0,0.583333,0.291667,0.583333,43.25,1.583333,2.583333,432.0,5.666667,1.583333,0.0
LIVE_BELIEF,EVENT_DRIVEN,Q09_HOSTILE,AVAILABILITY_LOSS,HIGH,12,COMPACT_TYPED,12,0.75,10.25,5.75,1.75,1.0,0.0,1.0,0.75,0.375,0.75,30.0,1.75,2.75,458.0,7.0,1.75,0.0
LIVE_BELIEF,EVENT_DRIVEN,Q09_HOSTILE,AVAILABILITY_LOSS,HIGH,12,VERBOSE_TYPED,12,0.75,10.25,5.75,1.75,1.0,0.0,1.0,0.75,0.375,0.75,45.75,1.75,2.75,460.75,7.0,1.75,0.0
LIVE_BELIEF,EVENT_DRIVEN,Q09_HOSTILE,AVAILABILITY_LOSS,LOW,4,COMPACT_TYPED,12,0.583333,2.75,5.25,1.583333,1.0,0.0,1.0,0.583333,0.291667,0.583333,27.333333,1.583333,2.583333,429.416667,3.666667,1.583333,0.0
LIVE_BELIEF,EVENT_DRIVEN,Q09_HOSTILE,AVAILABILITY_LOSS,LOW,4,VERBOSE_TYPED,12,0.583333,2.75,5.25,1.583333,1.0,0.0,1.0,0.583333,0.291667,0.583333,41.583333,1.583333,2.583333,432.0,3.666667,1.583333,0.0
LIVE_BELIEF,EVENT_DRIVEN,Q09_HOSTILE,AVAILABILITY_LOSS,LOW,8,COMPACT_TYPED,12,0.583333,5.916667,6.083333,1.583333,1.0,0.0,1.0,0.583333,0.291667,0.583333,29.0,1.583333,2.583333,429.416667,5.666667,1.583333,0.0
LIVE_BELIEF,EVENT_DRIVEN,Q09_HOSTILE,AVAILABILITY_LOSS,LOW,8,VERBOSE_TYPED,12,0.583333,5.916667,6.083333,1.583333,1.0,0.0,1.0,0.583333,0.291667,0.583333,43.25,1.583333,2.583333,432.0,5.666667,1.583333,0.0
LIVE_BELIEF,EVENT_DRIVEN,Q09_HOSTILE,AVAILABILITY_LOSS,LOW,12,COMPACT_TYPED,12,0.416667,7.916667,8.083333,1.416667,1.0,0.0,1.0,0.416667,0.208333,0.416667,31.333333,1.416667,2.416667,402.0,8.333333,1.416667,0.0
LIVE_BELIEF,EVENT_DRIVEN,Q09_HOSTILE,AVAILABILITY_LOSS,LOW,12,VERBOSE_TYPED,12,0.416667,7.916667,8.083333,1.416667,1.0,0.0,1.0,0.416667,0.208333,0.416667,44.083333,1.416667,2.416667,404.416667,8.333333,1.416667,0.0
LIVE_BELIEF,EVENT_DRIVEN,Q09_HOSTILE,CONTROL_FAILURE,HIGH,4,COMPACT_TYPED,12,1.0,5.0,3.0,1.5,1.0,0.0,1.5,0.0,0.25,0.5,22.0,1.5,2.5,415.0,4.0,1.5,0.0
LIVE_BELIEF,EVENT_DRIVEN,Q09_HOSTILE,CONTROL_FAILURE,HIGH,4,VERBOSE_TYPED,12,1.0,5.0,3.0,1.5,1.0,0.0,1.5,0.0,0.25,0.5,35.5,1.5,2.5,417.5,4.0,1.5,0.0
LIVE_BELIEF,EVENT_DRIVEN,Q09_HOSTILE,CONTROL_FAILURE,HIGH,8,COMPACT_TYPED,12,1.0,9.0,3.0,1.5,1.0,0.0,1.5,0.0,0.25,0.5,22.0,1.5,2.5,415.0,6.0,1.5,0.0
LIVE_BELIEF,EVENT_DRIVEN,Q09_HOSTILE,CONTROL_FAILURE,HIGH,8,VERBOSE_TYPED,12,1.0,9.0,3.0,1.5,1.0,0.0,1.5,0.0,0.25,0.5,35.5,1.5,2.5,417.5,6.0,1.5,0.0
LIVE_BELIEF,EVENT_DRIVEN,Q09_HOSTILE,CONTROL_FAILURE,HIGH,12,COMPACT_TYPED,12,1.0,13.0,3.0,1.416667,1.0,0.0,1.416667,0.0,0.208333,0.416667,21.166667,1.416667,2.416667,401.583333,8.333333,1.416667,0.0
LIVE_BELIEF,EVENT_DRIVEN,Q09_HOSTILE,CONTROL_FAILURE,HIGH,12,VERBOSE_TYPED,12,1.0,13.0,3.0,1.416667,1.0,0.0,1.416667,0.0,0.208333,0.416667,33.916667,1.416667,2.416667,404.0,8.333333,1.416667,0.0
LIVE_BELIEF,EVENT_DRIVEN,Q09_HOSTILE,CONTROL_FAILURE,LOW,4,COMPACT_TYPED,12,1.0,6.0,2.0,1.5,1.0,0.0,1.5,0.0,0.25,0.5,20.0,1.5,2.5,415.0,4.0,1.5,0.0
LIVE_BELIEF,EVENT_DRIVEN,Q09_HOSTILE,CONTROL_FAILURE,LOW,4,VERBOSE_TYPED,12,1.0,6.0,2.0,1.5,1.0,0.0,1.5,0.0,0.25,0.5,33.5,1.5,2.5,417.5,4.0,1.5,0.0
LIVE_BELIEF,EVENT_DRIVEN,Q09_HOSTILE,CONTROL_FAILURE,LOW,8,COMPACT_TYPED,12,1.0,10.0,2.0,1.75,1.0,0.0,1.75,0.0,0.375,0.75,22.5,1.75,2.75,456.5,5.0,1.75,0.0
LIVE_BELIEF,EVENT_DRIVEN,Q09_HOSTILE,CONTROL_FAILURE,LOW,8,VERBOSE_TYPED,12,1.0,10.0,2.0,1.75,1.0,0.0,1.75,0.0,0.375,0.75,38.25,1.75,2.75,459.25,5.0,1.75,0.0
LIVE_BELIEF,EVENT_DRIVEN,Q09_HOSTILE,CONTROL_FAILURE,LOW,12,COMPACT_TYPED,12,1.0,14.0,2.0,1.583333,1.0,0.0,1.583333,0.0,0.291667,0.583333,20.833333,1.583333,2.583333,429.416667,7.666667,1.583333,0.0
LIVE_BELIEF,EVENT_DRIVEN,Q09_HOSTILE,CONTROL_FAILURE,LOW,12,VERBOSE_TYPED,12,1.0,14.0,2.0,1.583333,1.0,0.0,1.583333,0.0,0.291667,0.583333,35.083333,1.583333,2.583333,432.0,7.666667,1.583333,0.0
LIVE_BELIEF,EVENT_DRIVEN,Q09_HOSTILE,POSE_SHIFT,HIGH,4,COMPACT_TYPED,12,0.583333,2.75,5.25,1.583333,1.0,0.0,1.0,0.0,0.291667,0.583333,27.333333,1.583333,2.583333,425.916667,3.666667,1.583333,0.0
LIVE_BELIEF,EVENT_DRIVEN,Q09_HOSTILE,POSE_SHIFT,HIGH,4,VERBOSE_TYPED,12,0.583333,2.75,5.25,1.583333,1.0,0.0,1.0,0.0,0.291667,0.583333,41.583333,1.583333,2.583333,428.5,3.666667,1.583333,0.0
LIVE_BELIEF,EVENT_DRIVEN,Q09_HOSTILE,POSE_SHIFT,HIGH,8,COMPACT_TYPED,12,0.583333,5.916667,6.083333,1.583333,1.0,0.0,1.0,0.0,0.291667,0.583333,29.0,1.583333,2.583333,425.916667,5.666667,1.583333,0.0
LIVE_BELIEF,EVENT_DRIVEN,Q09_HOSTILE,POSE_SHIFT,HIGH,8,VERBOSE_TYPED,12,0.583333,5.916667,6.083333,1.583333,1.0,0.0,1.0,0.0,0.291667,0.583333,43.25,1.583333,2.583333,428.5,5.666667,1.583333,0.0
LIVE_BELIEF,EVENT_DRIVEN,Q09_HOSTILE,POSE_SHIFT,HIGH,12,COMPACT_TYPED,12,0.5,8.5,7.5,1.5,1.0,0.0,1.0,0.0,0.25,0.5,31.0,1.5,2.5,413.0,8.0,1.5,0.0
LIVE_BELIEF,EVENT_DRIVEN,Q09_HOSTILE,POSE_SHIFT,HIGH,12,VERBOSE_TYPED,12,0.5,8.5,7.5,1.5,1.0,0.0,1.0,0.0,0.25,0.5,44.5,1.5,2.5,415.5,8.0,1.5,0.0
LIVE_BELIEF,EVENT_DRIVEN,Q09_HOSTILE,POSE_SHIFT,LOW,4,COMPACT_TYPED,12,0.583333,2.75,5.25,1.583333,1.0,0.0,1.0,0.0,0.291667,0.583333,27.333333,1.583333,2.583333,425.916667,3.666667,1.583333,0.0
LIVE_BELIEF,EVENT_DRIVEN,Q09_HOSTILE,POSE_SHIFT,LOW,4,VERBOSE_TYPED,12,0.583333,2.75,5.25,1.583333,1.0,0.0,1.0,0.0,0.291667,0.583333,41.583333,1.583333,2.583333,428.5,3.666667,1.583333,0.0
LIVE_BELIEF,EVENT_DRIVEN,Q09_HOSTILE,POSE_SHIFT,LOW,8,COMPACT_TYPED,12,0.583333,5.916667,6.083333,1.583333,1.0,0.0,1.0,0.0,0.291667,0.583333,29.0,1.583333,2.583333,425.916667,5.666667,1.583333,0.0
LIVE_BELIEF,EVENT_DRIVEN,Q09_HOSTILE,POSE_SHIFT,LOW,8,VERBOSE_TYPED,12,0.583333,5.916667,6.083333,1.583333,1.0,0.0,1.0,0.0,0.291667,0.583333,43.25,1.583333,2.583333,428.5,5.666667,1.583333,0.0
LIVE_BELIEF,EVENT_DRIVEN,Q09_HOSTILE,POSE_SHIFT,LOW,12,COMPACT_TYPED,12,0.333333,7.333333,8.666667,1.333333,1.0,0.0,1.0,0.0,0.166667,0.333333,31.666667,1.333333,2.333333,386.0,8.666667,1.333333,0.0
LIVE_BELIEF,EVENT_DRIVEN,Q09_HOSTILE,POSE_SHIFT,LOW,12,VERBOSE_TYPED,12,0.333333,7.333333,8.666667,1.333333,1.0,0.0,1.0,0.0,0.166667,0.333333,43.666667,1.333333,2.333333,388.333333,8.666667,1.333333,0.0
LIVE_BELIEF,EVENT_DRIVEN,Q09_HOSTILE,RESTRICTION_CHANGE,HIGH,4,COMPACT_TYPED,12,0.416667,2.25,5.75,1.416667,1.0,0.0,1.0,0.416667,0.208333,0.416667,26.666667,1.416667,2.416667,400.333333,4.333333,1.416667,0.0
LIVE_BELIEF,EVENT_DRIVEN,Q09_HOSTILE,RESTRICTION_CHANGE,HIGH,4,VERBOSE_TYPED,12,0.416667,2.25,5.75,1.416667,1.0,0.0,1.0,0.416667,0.208333,0.416667,39.416667,1.416667,2.416667,402.75,4.333333,1.416667,0.0
LIVE_BELIEF,EVENT_DRIVEN,Q09_HOSTILE,RESTRICTION_CHANGE,HIGH,8,COMPACT_TYPED,12,0.666667,6.333333,5.666667,1.666667,1.0,0.0,1.0,0.666667,0.333333,0.666667,29.0,1.666667,2.666667,441.333333,5.333333,1.666667,0.0
LIVE_BELIEF,EVENT_DRIVEN,Q09_HOSTILE,RESTRICTION_CHANGE,HIGH,8,VERBOSE_TYPED,12,0.666667,6.333333,5.666667,1.666667,1.0,0.0,1.0,0.666667,0.333333,0.666667,44.0,1.666667,2.666667,444.0,5.333333,1.666667,0.0
LIVE_BELIEF,EVENT_DRIVEN,Q09_HOSTILE,RESTRICTION_CHANGE,HIGH,12,COMPACT_TYPED,12,0.583333,9.083333,6.916667,1.583333,1.0,0.0,1.0,0.583333,0.291667,0.583333,30.666667,1.583333,2.583333,428.25,7.666667,1.583333,0.0
LIVE_BELIEF,EVENT_DRIVEN,Q09_HOSTILE,RESTRICTION_CHANGE,HIGH,12,VERBOSE_TYPED,12,0.583333,9.083333,6.916667,1.583333,1.0,0.0,1.0,0.583333,0.291667,0.583333,44.916667,1.583333,2.583333,430.833333,7.666667,1.583333,0.0
LIVE_BELIEF,EVENT_DRIVEN,Q09_HOSTILE,RESTRICTION_CHANGE,LOW,4,COMPACT_TYPED,12,0.583333,2.75,5.25,1.583333,1.0,0.0,1.0,0.583333,0.291667,0.583333,27.333333,1.583333,2.583333,427.666667,3.666667,1.583333,0.0
LIVE_BELIEF,EVENT_DRIVEN,Q09_HOSTILE,RESTRICTION_CHANGE,LOW,4,VERBOSE_TYPED,12,0.583333,2.75,5.25,1.583333,1.0,0.0,1.0,0.583333,0.291667,0.583333,41.583333,1.583333,2.583333,430.25,3.666667,1.583333,0.0
LIVE_BELIEF,EVENT_DRIVEN,Q09_HOSTILE,RESTRICTION_CHANGE,LOW,8,COMPACT_TYPED,12,0.583333,5.916667,6.083333,1.583333,1.0,0.0,1.0,0.583333,0.291667,0.583333,29.0,1.583333,2.583333,427.666667,5.666667,1.583333,0.0
LIVE_BELIEF,EVENT_DRIVEN,Q09_HOSTILE,RESTRICTION_CHANGE,LOW,8,VERBOSE_TYPED,12,0.583333,5.916667,6.083333,1.583333,1.0,0.0,1.0,0.583333,0.291667,0.583333,43.25,1.583333,2.583333,430.25,5.666667,1.583333,0.0
LIVE_BELIEF,EVENT_DRIVEN,Q09_HOSTILE,RESTRICTION_CHANGE,LOW,12,COMPACT_TYPED,12,0.75,10.25,5.75,1.75,1.0,0.0,1.0,0.75,0.375,0.75,30.0,1.75,2.75,455.75,7.0,1.75,0.0
LIVE_BELIEF,EVENT_DRIVEN,Q09_HOSTILE,RESTRICTION_CHANGE,LOW,12,VERBOSE_TYPED,12,0.75,10.25,5.75,1.75,1.0,0.0,1.0,0.75,0.375,0.75,45.75,1.75,2.75,458.5,7.0,1.75,0.0
LIVE_BELIEF,FAILURE_THRESHOLD,Q00_CLEAN,AVAILABILITY_LOSS,HIGH,4,COMPACT_TYPED,12,0.0,1.0,7.0,5.0,0.0,1.0,5.0,0.0,0.0,0.0,45.0,5.0,0.0,0.0,8.0,0.0,5.0
LIVE_BELIEF,FAILURE_THRESHOLD,Q00_CLEAN,AVAILABILITY_LOSS,HIGH,4,VERBOSE_TYPED,12,0.0,1.0,7.0,5.0,0.0,1.0,5.0,0.0,0.0,0.0,48.0,5.0,0.0,0.0,8.0,0.0,5.0
LIVE_BELIEF,FAILURE_THRESHOLD,Q00_CLEAN,AVAILABILITY_LOSS,HIGH,8,COMPACT_TYPED,12,0.0,3.0,9.0,7.0,0.0,1.0,7.0,0.0,0.0,0.0,61.0,7.0,0.0,0.0,12.0,0.0,7.0
LIVE_BELIEF,FAILURE_THRESHOLD,Q00_CLEAN,AVAILABILITY_LOSS,HIGH,8,VERBOSE_TYPED,12,0.0,3.0,9.0,7.0,0.0,1.0,7.0,0.0,0.0,0.0,64.0,7.0,0.0,0.0,12.0,0.0,7.0
LIVE_BELIEF,FAILURE_THRESHOLD,Q00_CLEAN,AVAILABILITY_LOSS,HIGH,12,COMPACT_TYPED,12,0.0,5.0,11.0,9.0,0.0,1.0,9.0,0.0,0.0,0.0,77.0,9.0,0.0,0.0,16.0,0.0,9.0
LIVE_BELIEF,FAILURE_THRESHOLD,Q00_CLEAN,AVAILABILITY_LOSS,HIGH,12,VERBOSE_TYPED,12,0.0,5.0,11.0,9.0,0.0,1.0,9.0,0.0,0.0,0.0,80.0,9.0,0.0,0.0,16.0,0.0,9.0
LIVE_BELIEF,FAILURE_THRESHOLD,Q00_CLEAN,AVAILABILITY_LOSS,LOW,4,COMPACT_TYPED,12,0.0,1.0,7.0,5.0,0.0,1.0,5.0,0.0,0.0,0.0,45.0,5.0,0.0,0.0,8.0,0.0,5.0
LIVE_BELIEF,FAILURE_THRESHOLD,Q00_CLEAN,AVAILABILITY_LOSS,LOW,4,VERBOSE_TYPED,12,0.0,1.0,7.0,5.0,0.0,1.0,5.0,0.0,0.0,0.0,48.0,5.0,0.0,0.0,8.0,0.0,5.0
LIVE_BELIEF,FAILURE_THRESHOLD,Q00_CLEAN,AVAILABILITY_LOSS,LOW,8,COMPACT_TYPED,12,0.0,3.0,9.0,7.0,0.0,1.0,7.0,0.0,0.0,0.0,61.0,7.0,0.0,0.0,12.0,0.0,7.0
LIVE_BELIEF,FAILURE_THRESHOLD,Q00_CLEAN,AVAILABILITY_LOSS,LOW,8,VERBOSE_TYPED,12,0.0,3.0,9.0,7.0,0.0,1.0,7.0,0.0,0.0,0.0,64.0,7.0,0.0,0.0,12.0,0.0,7.0
LIVE_BELIEF,FAILURE_THRESHOLD,Q00_CLEAN,AVAILABILITY_LOSS,LOW,12,COMPACT_TYPED,12,0.0,5.0,11.0,9.0,0.0,1.0,9.0,0.0,0.0,0.0,77.0,9.0,0.0,0.0,16.0,0.0,9.0
LIVE_BELIEF,FAILURE_THRESHOLD,Q00_CLEAN,AVAILABILITY_LOSS,LOW,12,VERBOSE_TYPED,12,0.0,5.0,11.0,9.0,0.0,1.0,9.0,0.0,0.0,0.0,80.0,9.0,0.0,0.0,16.0,0.0,9.0
LIVE_BELIEF,FAILURE_THRESHOLD,Q00_CLEAN,CONTROL_FAILURE,HIGH,4,COMPACT_TYPED,12,1.0,5.0,3.0,2.0,0.0,1.0,2.0,0.0,0.0,0.0,19.0,2.0,0.0,0.0,8.0,0.0,2.0
LIVE_BELIEF,FAILURE_THRESHOLD,Q00_CLEAN,CONTROL_FAILURE,HIGH,4,VERBOSE_TYPED,12,1.0,5.0,3.0,2.0,0.0,1.0,2.0,0.0,0.0,0.0,22.0,2.0,0.0,0.0,8.0,0.0,2.0
LIVE_BELIEF,FAILURE_THRESHOLD,Q00_CLEAN,CONTROL_FAILURE,HIGH,8,COMPACT_TYPED,12,1.0,9.0,3.0,2.0,0.0,1.0,2.0,0.0,0.0,0.0,19.0,2.0,0.0,0.0,12.0,0.0,2.0
LIVE_BELIEF,FAILURE_THRESHOLD,Q00_CLEAN,CONTROL_FAILURE,HIGH,8,VERBOSE_TYPED,12,1.0,9.0,3.0,2.0,0.0,1.0,2.0,0.0,0.0,0.0,22.0,2.0,0.0,0.0,12.0,0.0,2.0
LIVE_BELIEF,FAILURE_THRESHOLD,Q00_CLEAN,CONTROL_FAILURE,HIGH,12,COMPACT_TYPED,12,1.0,13.0,3.0,2.0,0.0,1.0,2.0,0.0,0.0,0.0,19.0,2.0,0.0,0.0,16.0,0.0,2.0
LIVE_BELIEF,FAILURE_THRESHOLD,Q00_CLEAN,CONTROL_FAILURE,HIGH,12,VERBOSE_TYPED,12,1.0,13.0,3.0,2.0,0.0,1.0,2.0,0.0,0.0,0.0,22.0,2.0,0.0,0.0,16.0,0.0,2.0
LIVE_BELIEF,FAILURE_THRESHOLD,Q00_CLEAN,CONTROL_FAILURE,LOW,4,COMPACT_TYPED,12,1.0,6.0,2.0,1.0,0.0,1.0,1.0,0.0,0.0,0.0,11.0,1.0,0.0,0.0,8.0,0.0,1.0
LIVE_BELIEF,FAILURE_THRESHOLD,Q00_CLEAN,CONTROL_FAILURE,LOW,4,VERBOSE_TYPED,12,1.0,6.0,2.0,1.0,0.0,1.0,1.0,0.0,0.0,0.0,14.0,1.0,0.0,0.0,8.0,0.0,1.0
LIVE_BELIEF,FAILURE_THRESHOLD,Q00_CLEAN,CONTROL_FAILURE,LOW,8,COMPACT_TYPED,12,1.0,10.0,2.0,1.0,0.0,1.0,1.0,0.0,0.0,0.0,11.0,1.0,0.0,0.0,12.0,0.0,1.0
LIVE_BELIEF,FAILURE_THRESHOLD,Q00_CLEAN,CONTROL_FAILURE,LOW,8,VERBOSE_TYPED,12,1.0,10.0,2.0,1.0,0.0,1.0,1.0,0.0,0.0,0.0,14.0,1.0,0.0,0.0,12.0,0.0,1.0
LIVE_BELIEF,FAILURE_THRESHOLD,Q00_CLEAN,CONTROL_FAILURE,LOW,12,COMPACT_TYPED,12,1.0,14.0,2.0,1.0,0.0,1.0,1.0,0.0,0.0,0.0,11.0,1.0,0.0,0.0,16.0,0.0,1.0
LIVE_BELIEF,FAILURE_THRESHOLD,Q00_CLEAN,CONTROL_FAILURE,LOW,12,VERBOSE_TYPED,12,1.0,14.0,2.0,1.0,0.0,1.0,1.0,0.0,0.0,0.0,14.0,1.0,0.0,0.0,16.0,0.0,1.0
LIVE_BELIEF,FAILURE_THRESHOLD,Q00_CLEAN,POSE_SHIFT,HIGH,4,COMPACT_TYPED,12,0.0,1.0,7.0,5.0,0.0,1.0,5.0,0.0,0.0,0.0,45.0,5.0,0.0,0.0,8.0,0.0,5.0
LIVE_BELIEF,FAILURE_THRESHOLD,Q00_CLEAN,POSE_SHIFT,HIGH,4,VERBOSE_TYPED,12,0.0,1.0,7.0,5.0,0.0,1.0,5.0,0.0,0.0,0.0,48.0,5.0,0.0,0.0,8.0,0.0,5.0
LIVE_BELIEF,FAILURE_THRESHOLD,Q00_CLEAN,POSE_SHIFT,HIGH,8,COMPACT_TYPED,12,0.0,3.0,9.0,7.0,0.0,1.0,7.0,0.0,0.0,0.0,61.0,7.0,0.0,0.0,12.0,0.0,7.0
LIVE_BELIEF,FAILURE_THRESHOLD,Q00_CLEAN,POSE_SHIFT,HIGH,8,VERBOSE_TYPED,12,0.0,3.0,9.0,7.0,0.0,1.0,7.0,0.0,0.0,0.0,64.0,7.0,0.0,0.0,12.0,0.0,7.0
LIVE_BELIEF,FAILURE_THRESHOLD,Q00_CLEAN,POSE_SHIFT,HIGH,12,COMPACT_TYPED,12,0.0,5.0,11.0,9.0,0.0,1.0,9.0,0.0,0.0,0.0,77.0,9.0,0.0,0.0,16.0,0.0,9.0
LIVE_BELIEF,FAILURE_THRESHOLD,Q00_CLEAN,POSE_SHIFT,HIGH,12,VERBOSE_TYPED,12,0.0,5.0,11.0,9.0,0.0,1.0,9.0,0.0,0.0,0.0,80.0,9.0,0.0,0.0,16.0,0.0,9.0
LIVE_BELIEF,FAILURE_THRESHOLD,Q00_CLEAN,POSE_SHIFT,LOW,4,COMPACT_TYPED,12,0.0,1.0,7.0,5.0,0.0,1.0,5.0,0.0,0.0,0.0,45.0,5.0,0.0,0.0,8.0,0.0,5.0
LIVE_BELIEF,FAILURE_THRESHOLD,Q00_CLEAN,POSE_SHIFT,LOW,4,VERBOSE_TYPED,12,0.0,1.0,7.0,5.0,0.0,1.0,5.0,0.0,0.0,0.0,48.0,5.0,0.0,0.0,8.0,0.0,5.0
LIVE_BELIEF,FAILURE_THRESHOLD,Q00_CLEAN,POSE_SHIFT,LOW,8,COMPACT_TYPED,12,0.0,3.0,9.0,7.0,0.0,1.0,7.0,0.0,0.0,0.0,61.0,7.0,0.0,0.0,12.0,0.0,7.0
LIVE_BELIEF,FAILURE_THRESHOLD,Q00_CLEAN,POSE_SHIFT,LOW,8,VERBOSE_TYPED,12,0.0,3.0,9.0,7.0,0.0,1.0,7.0,0.0,0.0,0.0,64.0,7.0,0.0,0.0,12.0,0.0,7.0
LIVE_BELIEF,FAILURE_THRESHOLD,Q00_CLEAN,POSE_SHIFT,LOW,12,COMPACT_TYPED,12,0.0,5.0,11.0,9.0,0.0,1.0,9.0,0.0,0.0,0.0,77.0,9.0,0.0,0.0,16.0,0.0,9.0
LIVE_BELIEF,FAILURE_THRESHOLD,Q00_CLEAN,POSE_SHIFT,LOW,12,VERBOSE_TYPED,12,0.0,5.0,11.0,9.0,0.0,1.0,9.0,0.0,0.0,0.0,80.0,9.0,0.0,0.0,16.0,0.0,9.0
LIVE_BELIEF,FAILURE_THRESHOLD,Q00_CLEAN,RESTRICTION_CHANGE,HIGH,4,COMPACT_TYPED,12,0.0,1.0,7.0,5.0,0.0,1.0,5.0,0.0,0.0,0.0,45.0,5.0,0.0,0.0,8.0,0.0,5.0
LIVE_BELIEF,FAILURE_THRESHOLD,Q00_CLEAN,RESTRICTION_CHANGE,HIGH,4,VERBOSE_TYPED,12,0.0,1.0,7.0,5.0,0.0,1.0,5.0,0.0,0.0,0.0,48.0,5.0,0.0,0.0,8.0,0.0,5.0
LIVE_BELIEF,FAILURE_THRESHOLD,Q00_CLEAN,RESTRICTION_CHANGE,HIGH,8,COMPACT_TYPED,12,0.0,3.0,9.0,7.0,0.0,1.0,7.0,0.0,0.0,0.0,61.0,7.0,0.0,0.0,12.0,0.0,7.0
LIVE_BELIEF,FAILURE_THRESHOLD,Q00_CLEAN,RESTRICTION_CHANGE,HIGH,8,VERBOSE_TYPED,12,0.0,3.0,9.0,7.0,0.0,1.0,7.0,0.0,0.0,0.0,64.0,7.0,0.0,0.0,12.0,0.0,7.0
LIVE_BELIEF,FAILURE_THRESHOLD,Q00_CLEAN,RESTRICTION_CHANGE,HIGH,12,COMPACT_TYPED,12,0.0,5.0,11.0,9.0,0.0,1.0,9.0,0.0,0.0,0.0,77.0,9.0,0.0,0.0,16.0,0.0,9.0
LIVE_BELIEF,FAILURE_THRESHOLD,Q00_CLEAN,RESTRICTION_CHANGE,HIGH,12,VERBOSE_TYPED,12,0.0,5.0,11.0,9.0,0.0,1.0,9.0,0.0,0.0,0.0,80.0,9.0,0.0,0.0,16.0,0.0,9.0
LIVE_BELIEF,FAILURE_THRESHOLD,Q00_CLEAN,RESTRICTION_CHANGE,LOW,4,COMPACT_TYPED,12,0.0,1.0,7.0,5.0,0.0,1.0,5.0,0.0,0.0,0.0,45.0,5.0,0.0,0.0,8.0,0.0,5.0
LIVE_BELIEF,FAILURE_THRESHOLD,Q00_CLEAN,RESTRICTION_CHANGE,LOW,4,VERBOSE_TYPED,12,0.0,1.0,7.0,5.0,0.0,1.0,5.0,0.0,0.0,0.0,48.0,5.0,0.0,0.0,8.0,0.0,5.0
LIVE_BELIEF,FAILURE_THRESHOLD,Q00_CLEAN,RESTRICTION_CHANGE,LOW,8,COMPACT_TYPED,12,0.0,3.0,9.0,7.0,0.0,1.0,7.0,0.0,0.0,0.0,61.0,7.0,0.0,0.0,12.0,0.0,7.0
LIVE_BELIEF,FAILURE_THRESHOLD,Q00_CLEAN,RESTRICTION_CHANGE,LOW,8,VERBOSE_TYPED,12,0.0,3.0,9.0,7.0,0.0,1.0,7.0,0.0,0.0,0.0,64.0,7.0,0.0,0.0,12.0,0.0,7.0
LIVE_BELIEF,FAILURE_THRESHOLD,Q00_CLEAN,RESTRICTION_CHANGE,LOW,12,COMPACT_TYPED,12,0.0,5.0,11.0,9.0,0.0,1.0,9.0,0.0,0.0,0.0,77.0,9.0,0.0,0.0,16.0,0.0,9.0
LIVE_BELIEF,FAILURE_THRESHOLD,Q00_CLEAN,RESTRICTION_CHANGE,LOW,12,VERBOSE_TYPED,12,0.0,5.0,11.0,9.0,0.0,1.0,9.0,0.0,0.0,0.0,80.0,9.0,0.0,0.0,16.0,0.0,9.0
LIVE_BELIEF,FAILURE_THRESHOLD,Q01_RECALL75,AVAILABILITY_LOSS,HIGH,4,COMPACT_TYPED,12,0.0,1.0,7.0,5.0,0.0,1.0,5.0,0.0,0.0,0.0,44.5,5.0,0.0,0.0,8.0,0.0,5.0
LIVE_BELIEF,FAILURE_THRESHOLD,Q01_RECALL75,AVAILABILITY_LOSS,HIGH,4,VERBOSE_TYPED,12,0.0,1.0,7.0,5.0,0.0,1.0,5.0,0.0,0.0,0.0,46.0,5.0,0.0,0.0,8.0,0.0,5.0
LIVE_BELIEF,FAILURE_THRESHOLD,Q01_RECALL75,AVAILABILITY_LOSS,HIGH,8,COMPACT_TYPED,12,0.0,3.0,9.0,7.0,0.0,1.0,7.0,0.0,0.0,0.0,60.75,7.0,0.0,0.0,12.0,0.0,7.0
LIVE_BELIEF,FAILURE_THRESHOLD,Q01_RECALL75,AVAILABILITY_LOSS,HIGH,8,VERBOSE_TYPED,12,0.0,3.0,9.0,7.0,0.0,1.0,7.0,0.0,0.0,0.0,63.0,7.0,0.0,0.0,12.0,0.0,7.0
LIVE_BELIEF,FAILURE_THRESHOLD,Q01_RECALL75,AVAILABILITY_LOSS,HIGH,12,COMPACT_TYPED,12,0.0,5.0,11.0,9.0,0.0,1.0,9.0,0.0,0.0,0.0,76.833333,9.0,0.0,0.0,16.0,0.0,9.0
LIVE_BELIEF,FAILURE_THRESHOLD,Q01_RECALL75,AVAILABILITY_LOSS,HIGH,12,VERBOSE_TYPED,12,0.0,5.0,11.0,9.0,0.0,1.0,9.0,0.0,0.0,0.0,79.333333,9.0,0.0,0.0,16.0,0.0,9.0
LIVE_BELIEF,FAILURE_THRESHOLD,Q01_RECALL75,AVAILABILITY_LOSS,LOW,4,COMPACT_TYPED,12,0.0,1.0,7.0,5.0,0.0,1.0,5.0,0.0,0.0,0.0,44.833333,5.0,0.0,0.0,8.0,0.0,5.0
LIVE_BELIEF,FAILURE_THRESHOLD,Q01_RECALL75,AVAILABILITY_LOSS,LOW,4,VERBOSE_TYPED,12,0.0,1.0,7.0,5.0,0.0,1.0,5.0,0.0,0.0,0.0,47.333333,5.0,0.0,0.0,8.0,0.0,5.0
LIVE_BELIEF,FAILURE_THRESHOLD,Q01_RECALL75,AVAILABILITY_LOSS,LOW,8,COMPACT_TYPED,12,0.0,3.0,9.0,7.0,0.0,1.0,7.0,0.0,0.0,0.0,60.75,7.0,0.0,0.0,12.0,0.0,7.0
LIVE_BELIEF,FAILURE_THRESHOLD,Q01_RECALL75,AVAILABILITY_LOSS,LOW,8,VERBOSE_TYPED,12,0.0,3.0,9.0,7.0,0.0,1.0,7.0,0.0,0.0,0.0,63.0,7.0,0.0,0.0,12.0,0.0,7.0
LIVE_BELIEF,FAILURE_THRESHOLD,Q01_RECALL75,AVAILABILITY_LOSS,LOW,12,COMPACT_TYPED,12,0.0,5.0,11.0,9.0,0.0,1.0,9.0,0.0,0.0,0.0,76.75,9.0,0.0,0.0,16.0,0.0,9.0
LIVE_BELIEF,FAILURE_THRESHOLD,Q01_RECALL75,AVAILABILITY_LOSS,LOW,12,VERBOSE_TYPED,12,0.0,5.0,11.0,9.0,0.0,1.0,9.0,0.0,0.0,0.0,79.0,9.0,0.0,0.0,16.0,0.0,9.0
LIVE_BELIEF,FAILURE_THRESHOLD,Q01_RECALL75,CONTROL_FAILURE,HIGH,4,COMPACT_TYPED,12,1.0,5.0,3.0,2.0,0.0,1.0,2.0,0.0,0.0,0.0,18.583333,2.0,0.0,0.0,8.0,0.0,2.0
LIVE_BELIEF,FAILURE_THRESHOLD,Q01_RECALL75,CONTROL_FAILURE,HIGH,4,VERBOSE_TYPED,12,1.0,5.0,3.0,2.0,0.0,1.0,2.0,0.0,0.0,0.0,20.333333,2.0,0.0,0.0,8.0,0.0,2.0
LIVE_BELIEF,FAILURE_THRESHOLD,Q01_RECALL75,CONTROL_FAILURE,HIGH,8,COMPACT_TYPED,12,1.0,9.0,3.0,2.0,0.0,1.0,2.0,0.0,0.0,0.0,18.833333,2.0,0.0,0.0,12.0,0.0,2.0
LIVE_BELIEF,FAILURE_THRESHOLD,Q01_RECALL75,CONTROL_FAILURE,HIGH,8,VERBOSE_TYPED,12,1.0,9.0,3.0,2.0,0.0,1.0,2.0,0.0,0.0,0.0,21.333333,2.0,0.0,0.0,12.0,0.0,2.0
LIVE_BELIEF,FAILURE_THRESHOLD,Q01_RECALL75,CONTROL_FAILURE,HIGH,12,COMPACT_TYPED,12,1.0,13.0,3.0,2.0,0.0,1.0,2.0,0.0,0.0,0.0,18.75,2.0,0.0,0.0,16.0,0.0,2.0
LIVE_BELIEF,FAILURE_THRESHOLD,Q01_RECALL75,CONTROL_FAILURE,HIGH,12,VERBOSE_TYPED,12,1.0,13.0,3.0,2.0,0.0,1.0,2.0,0.0,0.0,0.0,21.0,2.0,0.0,0.0,16.0,0.0,2.0
LIVE_BELIEF,FAILURE_THRESHOLD,Q01_RECALL75,CONTROL_FAILURE,LOW,4,COMPACT_TYPED,12,1.0,6.0,2.0,1.0,0.0,1.0,1.0,0.0,0.0,0.0,10.833333,1.0,0.0,0.0,8.0,0.0,1.0
LIVE_BELIEF,FAILURE_THRESHOLD,Q01_RECALL75,CONTROL_FAILURE,LOW,4,VERBOSE_TYPED,12,1.0,6.0,2.0,1.0,0.0,1.0,1.0,0.0,0.0,0.0,13.333333,1.0,0.0,0.0,8.0,0.0,1.0
LIVE_BELIEF,FAILURE_THRESHOLD,Q01_RECALL75,CONTROL_FAILURE,LOW,8,COMPACT_TYPED,12,1.0,10.0,2.0,1.0,0.0,1.0,1.0,0.0,0.0,0.0,10.75,1.0,0.0,0.0,12.0,0.0,1.0
LIVE_BELIEF,FAILURE_THRESHOLD,Q01_RECALL75,CONTROL_FAILURE,LOW,8,VERBOSE_TYPED,12,1.0,10.0,2.0,1.0,0.0,1.0,1.0,0.0,0.0,0.0,13.0,1.0,0.0,0.0,12.0,0.0,1.0
LIVE_BELIEF,FAILURE_THRESHOLD,Q01_RECALL75,CONTROL_FAILURE,LOW,12,COMPACT_TYPED,12,1.0,14.0,2.0,1.0,0.0,1.0,1.0,0.0,0.0,0.0,10.916667,1.0,0.0,0.0,16.0,0.0,1.0
LIVE_BELIEF,FAILURE_THRESHOLD,Q01_RECALL75,CONTROL_FAILURE,LOW,12,VERBOSE_TYPED,12,1.0,14.0,2.0,1.0,0.0,1.0,1.0,0.0,0.0,0.0,13.666667,1.0,0.0,0.0,16.0,0.0,1.0
LIVE_BELIEF,FAILURE_THRESHOLD,Q01_RECALL75,POSE_SHIFT,HIGH,4,COMPACT_TYPED,12,0.0,1.0,7.0,5.0,0.0,1.0,5.0,0.0,0.0,0.0,44.583333,5.0,0.0,0.0,8.0,0.0,5.0
LIVE_BELIEF,FAILURE_THRESHOLD,Q01_RECALL75,POSE_SHIFT,HIGH,4,VERBOSE_TYPED,12,0.0,1.0,7.0,5.0,0.0,1.0,5.0,0.0,0.0,0.0,46.333333,5.0,0.0,0.0,8.0,0.0,5.0
LIVE_BELIEF,FAILURE_THRESHOLD,Q01_RECALL75,POSE_SHIFT,HIGH,8,COMPACT_TYPED,12,0.0,3.0,9.0,7.0,0.0,1.0,7.0,0.0,0.0,0.0,60.75,7.0,0.0,0.0,12.0,0.0,7.0
LIVE_BELIEF,FAILURE_THRESHOLD,Q01_RECALL75,POSE_SHIFT,HIGH,8,VERBOSE_TYPED,12,0.0,3.0,9.0,7.0,0.0,1.0,7.0,0.0,0.0,0.0,63.0,7.0,0.0,0.0,12.0,0.0,7.0
LIVE_BELIEF,FAILURE_THRESHOLD,Q01_RECALL75,POSE_SHIFT,HIGH,12,COMPACT_TYPED,12,0.0,5.0,11.0,9.0,0.0,1.0,9.0,0.0,0.0,0.0,76.666667,9.0,0.0,0.0,16.0,0.0,9.0
LIVE_BELIEF,FAILURE_THRESHOLD,Q01_RECALL75,POSE_SHIFT,HIGH,12,VERBOSE_TYPED,12,0.0,5.0,11.0,9.0,0.0,1.0,9.0,0.0,0.0,0.0,78.666667,9.0,0.0,0.0,16.0,0.0,9.0
LIVE_BELIEF,FAILURE_THRESHOLD,Q01_RECALL75,POSE_SHIFT,LOW,4,COMPACT_TYPED,12,0.0,1.0,7.0,5.0,0.0,1.0,5.0,0.0,0.0,0.0,44.75,5.0,0.0,0.0,8.0,0.0,5.0
LIVE_BELIEF,FAILURE_THRESHOLD,Q01_RECALL75,POSE_SHIFT,LOW,4,VERBOSE_TYPED,12,0.0,1.0,7.0,5.0,0.0,1.0,5.0,0.0,0.0,0.0,47.0,5.0,0.0,0.0,8.0,0.0,5.0
LIVE_BELIEF,FAILURE_THRESHOLD,Q01_RECALL75,POSE_SHIFT,LOW,8,COMPACT_TYPED,12,0.0,3.0,9.0,7.0,0.0,1.0,7.0,0.0,0.0,0.0,60.833333,7.0,0.0,0.0,12.0,0.0,7.0
LIVE_BELIEF,FAILURE_THRESHOLD,Q01_RECALL75,POSE_SHIFT,LOW,8,VERBOSE_TYPED,12,0.0,3.0,9.0,7.0,0.0,1.0,7.0,0.0,0.0,0.0,63.333333,7.0,0.0,0.0,12.0,0.0,7.0
LIVE_BELIEF,FAILURE_THRESHOLD,Q01_RECALL75,POSE_SHIFT,LOW,12,COMPACT_TYPED,12,0.0,5.0,11.0,9.0,0.0,1.0,9.0,0.0,0.0,0.0,76.666667,9.0,0.0,0.0,16.0,0.0,9.0
LIVE_BELIEF,FAILURE_THRESHOLD,Q01_RECALL75,POSE_SHIFT,LOW,12,VERBOSE_TYPED,12,0.0,5.0,11.0,9.0,0.0,1.0,9.0,0.0,0.0,0.0,78.666667,9.0,0.0,0.0,16.0,0.0,9.0
LIVE_BELIEF,FAILURE_THRESHOLD,Q01_RECALL75,RESTRICTION_CHANGE,HIGH,4,COMPACT_TYPED,12,0.0,1.0,7.0,5.0,0.0,1.0,5.0,0.0,0.0,0.0,44.666667,5.0,0.0,0.0,8.0,0.0,5.0
LIVE_BELIEF,FAILURE_THRESHOLD,Q01_RECALL75,RESTRICTION_CHANGE,HIGH,4,VERBOSE_TYPED,12,0.0,1.0,7.0,5.0,0.0,1.0,5.0,0.0,0.0,0.0,46.666667,5.0,0.0,0.0,8.0,0.0,5.0
LIVE_BELIEF,FAILURE_THRESHOLD,Q01_RECALL75,RESTRICTION_CHANGE,HIGH,8,COMPACT_TYPED,12,0.0,3.0,9.0,7.0,0.0,1.0,7.0,0.0,0.0,0.0,60.833333,7.0,0.0,0.0,12.0,0.0,7.0
LIVE_BELIEF,FAILURE_THRESHOLD,Q01_RECALL75,RESTRICTION_CHANGE,HIGH,8,VERBOSE_TYPED,12,0.0,3.0,9.0,7.0,0.0,1.0,7.0,0.0,0.0,0.0,63.333333,7.0,0.0,0.0,12.0,0.0,7.0
LIVE_BELIEF,FAILURE_THRESHOLD,Q01_RECALL75,RESTRICTION_CHANGE,HIGH,12,COMPACT_TYPED,12,0.0,5.0,11.0,9.0,0.0,1.0,9.0,0.0,0.0,0.0,76.833333,9.0,0.0,0.0,16.0,0.0,9.0
LIVE_BELIEF,FAILURE_THRESHOLD,Q01_RECALL75,RESTRICTION_CHANGE,HIGH,12,VERBOSE_TYPED,12,0.0,5.0,11.0,9.0,0.0,1.0,9.0,0.0,0.0,0.0,79.333333,9.0,0.0,0.0,16.0,0.0,9.0
LIVE_BELIEF,FAILURE_THRESHOLD,Q01_RECALL75,RESTRICTION_CHANGE,LOW,4,COMPACT_TYPED,12,0.0,1.0,7.0,5.0,0.0,1.0,5.0,0.0,0.0,0.0,44.833333,5.0,0.0,0.0,8.0,0.0,5.0
LIVE_BELIEF,FAILURE_THRESHOLD,Q01_RECALL75,RESTRICTION_CHANGE,LOW,4,VERBOSE_TYPED,12,0.0,1.0,7.0,5.0,0.0,1.0,5.0,0.0,0.0,0.0,47.333333,5.0,0.0,0.0,8.0,0.0,5.0
LIVE_BELIEF,FAILURE_THRESHOLD,Q01_RECALL75,RESTRICTION_CHANGE,LOW,8,COMPACT_TYPED,12,0.0,3.0,9.0,7.0,0.0,1.0,7.0,0.0,0.0,0.0,60.833333,7.0,0.0,0.0,12.0,0.0,7.0
LIVE_BELIEF,FAILURE_THRESHOLD,Q01_RECALL75,RESTRICTION_CHANGE,LOW,8,VERBOSE_TYPED,12,0.0,3.0,9.0,7.0,0.0,1.0,7.0,0.0,0.0,0.0,63.333333,7.0,0.0,0.0,12.0,0.0,7.0
LIVE_BELIEF,FAILURE_THRESHOLD,Q01_RECALL75,RESTRICTION_CHANGE,LOW,12,COMPACT_TYPED,12,0.0,5.0,11.0,9.0,0.0,1.0,9.0,0.0,0.0,0.0,76.833333,9.0,0.0,0.0,16.0,0.0,9.0
LIVE_BELIEF,FAILURE_THRESHOLD,Q01_RECALL75,RESTRICTION_CHANGE,LOW,12,VERBOSE_TYPED,12,0.0,5.0,11.0,9.0,0.0,1.0,9.0,0.0,0.0,0.0,79.333333,9.0,0.0,0.0,16.0,0.0,9.0
LIVE_BELIEF,FAILURE_THRESHOLD,Q02_RECALL50,AVAILABILITY_LOSS,HIGH,4,COMPACT_TYPED,12,0.0,1.0,7.0,5.0,0.0,1.0,5.0,0.0,0.0,0.0,44.166667,5.0,0.0,0.0,8.0,0.0,5.0
LIVE_BELIEF,FAILURE_THRESHOLD,Q02_RECALL50,AVAILABILITY_LOSS,HIGH,4,VERBOSE_TYPED,12,0.0,1.0,7.0,5.0,0.0,1.0,5.0,0.0,0.0,0.0,44.666667,5.0,0.0,0.0,8.0,0.0,5.0
LIVE_BELIEF,FAILURE_THRESHOLD,Q02_RECALL50,AVAILABILITY_LOSS,HIGH,8,COMPACT_TYPED,12,0.0,3.0,9.0,7.0,0.0,1.0,7.0,0.0,0.0,0.0,60.583333,7.0,0.0,0.0,12.0,0.0,7.0
LIVE_BELIEF,FAILURE_THRESHOLD,Q02_RECALL50,AVAILABILITY_LOSS,HIGH,8,VERBOSE_TYPED,12,0.0,3.0,9.0,7.0,0.0,1.0,7.0,0.0,0.0,0.0,62.333333,7.0,0.0,0.0,12.0,0.0,7.0
LIVE_BELIEF,FAILURE_THRESHOLD,Q02_RECALL50,AVAILABILITY_LOSS,HIGH,12,COMPACT_TYPED,12,0.0,5.0,11.0,9.0,0.0,1.0,9.0,0.0,0.0,0.0,76.75,9.0,0.0,0.0,16.0,0.0,9.0
LIVE_BELIEF,FAILURE_THRESHOLD,Q02_RECALL50,AVAILABILITY_LOSS,HIGH,12,VERBOSE_TYPED,12,0.0,5.0,11.0,9.0,0.0,1.0,9.0,0.0,0.0,0.0,79.0,9.0,0.0,0.0,16.0,0.0,9.0
LIVE_BELIEF,FAILURE_THRESHOLD,Q02_RECALL50,AVAILABILITY_LOSS,LOW,4,COMPACT_TYPED,12,0.0,1.0,7.0,5.0,0.0,1.0,5.0,0.0,0.0,0.0,44.583333,5.0,0.0,0.0,8.0,0.0,5.0
LIVE_BELIEF,FAILURE_THRESHOLD,Q02_RECALL50,AVAILABILITY_LOSS,LOW,4,VERBOSE_TYPED,12,0.0,1.0,7.0,5.0,0.0,1.0,5.0,0.0,0.0,0.0,46.333333,5.0,0.0,0.0,8.0,0.0,5.0
LIVE_BELIEF,FAILURE_THRESHOLD,Q02_RECALL50,AVAILABILITY_LOSS,LOW,8,COMPACT_TYPED,12,0.0,3.0,9.0,7.0,0.0,1.0,7.0,0.0,0.0,0.0,60.583333,7.0,0.0,0.0,12.0,0.0,7.0
LIVE_BELIEF,FAILURE_THRESHOLD,Q02_RECALL50,AVAILABILITY_LOSS,LOW,8,VERBOSE_TYPED,12,0.0,3.0,9.0,7.0,0.0,1.0,7.0,0.0,0.0,0.0,62.333333,7.0,0.0,0.0,12.0,0.0,7.0
LIVE_BELIEF,FAILURE_THRESHOLD,Q02_RECALL50,AVAILABILITY_LOSS,LOW,12,COMPACT_TYPED,12,0.0,5.0,11.0,9.0,0.0,1.0,9.0,0.0,0.0,0.0,76.416667,9.0,0.0,0.0,16.0,0.0,9.0
LIVE_BELIEF,FAILURE_THRESHOLD,Q02_RECALL50,AVAILABILITY_LOSS,LOW,12,VERBOSE_TYPED,12,0.0,5.0,11.0,9.0,0.0,1.0,9.0,0.0,0.0,0.0,77.666667,9.0,0.0,0.0,16.0,0.0,9.0
LIVE_BELIEF,FAILURE_THRESHOLD,Q02_RECALL50,CONTROL_FAILURE,HIGH,4,COMPACT_TYPED,12,1.0,5.0,3.0,2.0,0.0,1.0,2.0,0.0,0.0,0.0,18.5,2.0,0.0,0.0,8.0,0.0,2.0
LIVE_BELIEF,FAILURE_THRESHOLD,Q02_RECALL50,CONTROL_FAILURE,HIGH,4,VERBOSE_TYPED,12,1.0,5.0,3.0,2.0,0.0,1.0,2.0,0.0,0.0,0.0,20.0,2.0,0.0,0.0,8.0,0.0,2.0
LIVE_BELIEF,FAILURE_THRESHOLD,Q02_RECALL50,CONTROL_FAILURE,HIGH,8,COMPACT_TYPED,12,1.0,9.0,3.0,2.0,0.0,1.0,2.0,0.0,0.0,0.0,18.5,2.0,0.0,0.0,12.0,0.0,2.0
LIVE_BELIEF,FAILURE_THRESHOLD,Q02_RECALL50,CONTROL_FAILURE,HIGH,8,VERBOSE_TYPED,12,1.0,9.0,3.0,2.0,0.0,1.0,2.0,0.0,0.0,0.0,20.0,2.0,0.0,0.0,12.0,0.0,2.0
LIVE_BELIEF,FAILURE_THRESHOLD,Q02_RECALL50,CONTROL_FAILURE,HIGH,12,COMPACT_TYPED,12,1.0,13.0,3.0,2.0,0.0,1.0,2.0,0.0,0.0,0.0,18.416667,2.0,0.0,0.0,16.0,0.0,2.0
LIVE_BELIEF,FAILURE_THRESHOLD,Q02_RECALL50,CONTROL_FAILURE,HIGH,12,VERBOSE_TYPED,12,1.0,13.0,3.0,2.0,0.0,1.0,2.0,0.0,0.0,0.0,19.666667,2.0,0.0,0.0,16.0,0.0,2.0
LIVE_BELIEF,FAILURE_THRESHOLD,Q02_RECALL50,CONTROL_FAILURE,LOW,4,COMPACT_TYPED,12,1.0,6.0,2.0,1.0,0.0,1.0,1.0,0.0,0.0,0.0,10.5,1.0,0.0,0.0,8.0,0.0,1.0
LIVE_BELIEF,FAILURE_THRESHOLD,Q02_RECALL50,CONTROL_FAILURE,LOW,4,VERBOSE_TYPED,12,1.0,6.0,2.0,1.0,0.0,1.0,1.0,0.0,0.0,0.0,12.0,1.0,0.0,0.0,8.0,0.0,1.0
LIVE_BELIEF,FAILURE_THRESHOLD,Q02_RECALL50,CONTROL_FAILURE,LOW,8,COMPACT_TYPED,12,1.0,10.0,2.0,1.0,0.0,1.0,1.0,0.0,0.0,0.0,10.75,1.0,0.0,0.0,12.0,0.0,1.0
LIVE_BELIEF,FAILURE_THRESHOLD,Q02_RECALL50,CONTROL_FAILURE,LOW,8,VERBOSE_TYPED,12,1.0,10.0,2.0,1.0,0.0,1.0,1.0,0.0,0.0,0.0,13.0,1.0,0.0,0.0,12.0,0.0,1.0
LIVE_BELIEF,FAILURE_THRESHOLD,Q02_RECALL50,CONTROL_FAILURE,LOW,12,COMPACT_TYPED,12,1.0,14.0,2.0,1.0,0.0,1.0,1.0,0.0,0.0,0.0,10.583333,1.0,0.0,0.0,16.0,0.0,1.0
LIVE_BELIEF,FAILURE_THRESHOLD,Q02_RECALL50,CONTROL_FAILURE,LOW,12,VERBOSE_TYPED,12,1.0,14.0,2.0,1.0,0.0,1.0,1.0,0.0,0.0,0.0,12.333333,1.0,0.0,0.0,16.0,0.0,1.0
LIVE_BELIEF,FAILURE_THRESHOLD,Q02_RECALL50,POSE_SHIFT,HIGH,4,COMPACT_TYPED,12,0.0,1.0,7.0,5.0,0.0,1.0,5.0,0.0,0.0,0.0,44.583333,5.0,0.0,0.0,8.0,0.0,5.0
LIVE_BELIEF,FAILURE_THRESHOLD,Q02_RECALL50,POSE_SHIFT,HIGH,4,VERBOSE_TYPED,12,0.0,1.0,7.0,5.0,0.0,1.0,5.0,0.0,0.0,0.0,46.333333,5.0,0.0,0.0,8.0,0.0,5.0
LIVE_BELIEF,FAILURE_THRESHOLD,Q02_RECALL50,POSE_SHIFT,HIGH,8,COMPACT_TYPED,12,0.0,3.0,9.0,7.0,0.0,1.0,7.0,0.0,0.0,0.0,60.583333,7.0,0.0,0.0,12.0,0.0,7.0
LIVE_BELIEF,FAILURE_THRESHOLD,Q02_RECALL50,POSE_SHIFT,HIGH,8,VERBOSE_TYPED,12,0.0,3.0,9.0,7.0,0.0,1.0,7.0,0.0,0.0,0.0,62.333333,7.0,0.0,0.0,12.0,0.0,7.0
LIVE_BELIEF,FAILURE_THRESHOLD,Q02_RECALL50,POSE_SHIFT,HIGH,12,COMPACT_TYPED,12,0.0,5.0,11.0,9.0,0.0,1.0,9.0,0.0,0.0,0.0,76.5,9.0,0.0,0.0,16.0,0.0,9.0
LIVE_BELIEF,FAILURE_THRESHOLD,Q02_RECALL50,POSE_SHIFT,HIGH,12,VERBOSE_TYPED,12,0.0,5.0,11.0,9.0,0.0,1.0,9.0,0.0,0.0,0.0,78.0,9.0,0.0,0.0,16.0,0.0,9.0
LIVE_BELIEF,FAILURE_THRESHOLD,Q02_RECALL50,POSE_SHIFT,LOW,4,COMPACT_TYPED,12,0.0,1.0,7.0,5.0,0.0,1.0,5.0,0.0,0.0,0.0,44.583333,5.0,0.0,0.0,8.0,0.0,5.0
LIVE_BELIEF,FAILURE_THRESHOLD,Q02_RECALL50,POSE_SHIFT,LOW,4,VERBOSE_TYPED,12,0.0,1.0,7.0,5.0,0.0,1.0,5.0,0.0,0.0,0.0,46.333333,5.0,0.0,0.0,8.0,0.0,5.0
LIVE_BELIEF,FAILURE_THRESHOLD,Q02_RECALL50,POSE_SHIFT,LOW,8,COMPACT_TYPED,12,0.0,3.0,9.0,7.0,0.0,1.0,7.0,0.0,0.0,0.0,60.583333,7.0,0.0,0.0,12.0,0.0,7.0
LIVE_BELIEF,FAILURE_THRESHOLD,Q02_RECALL50,POSE_SHIFT,LOW,8,VERBOSE_TYPED,12,0.0,3.0,9.0,7.0,0.0,1.0,7.0,0.0,0.0,0.0,62.333333,7.0,0.0,0.0,12.0,0.0,7.0
LIVE_BELIEF,FAILURE_THRESHOLD,Q02_RECALL50,POSE_SHIFT,LOW,12,COMPACT_TYPED,12,0.0,5.0,11.0,9.0,0.0,1.0,9.0,0.0,0.0,0.0,76.333333,9.0,0.0,0.0,16.0,0.0,9.0
LIVE_BELIEF,FAILURE_THRESHOLD,Q02_RECALL50,POSE_SHIFT,LOW,12,VERBOSE_TYPED,12,0.0,5.0,11.0,9.0,0.0,1.0,9.0,0.0,0.0,0.0,77.333333,9.0,0.0,0.0,16.0,0.0,9.0
LIVE_BELIEF,FAILURE_THRESHOLD,Q02_RECALL50,RESTRICTION_CHANGE,HIGH,4,COMPACT_TYPED,12,0.0,1.0,7.0,5.0,0.0,1.0,5.0,0.0,0.0,0.0,44.416667,5.0,0.0,0.0,8.0,0.0,5.0
LIVE_BELIEF,FAILURE_THRESHOLD,Q02_RECALL50,RESTRICTION_CHANGE,HIGH,4,VERBOSE_TYPED,12,0.0,1.0,7.0,5.0,0.0,1.0,5.0,0.0,0.0,0.0,45.666667,5.0,0.0,0.0,8.0,0.0,5.0
LIVE_BELIEF,FAILURE_THRESHOLD,Q02_RECALL50,RESTRICTION_CHANGE,HIGH,8,COMPACT_TYPED,12,0.0,3.0,9.0,7.0,0.0,1.0,7.0,0.0,0.0,0.0,60.666667,7.0,0.0,0.0,12.0,0.0,7.0
LIVE_BELIEF,FAILURE_THRESHOLD,Q02_RECALL50,RESTRICTION_CHANGE,HIGH,8,VERBOSE_TYPED,12,0.0,3.0,9.0,7.0,0.0,1.0,7.0,0.0,0.0,0.0,62.666667,7.0,0.0,0.0,12.0,0.0,7.0
LIVE_BELIEF,FAILURE_THRESHOLD,Q02_RECALL50,RESTRICTION_CHANGE,HIGH,12,COMPACT_TYPED,12,0.0,5.0,11.0,9.0,0.0,1.0,9.0,0.0,0.0,0.0,76.583333,9.0,0.0,0.0,16.0,0.0,9.0
LIVE_BELIEF,FAILURE_THRESHOLD,Q02_RECALL50,RESTRICTION_CHANGE,HIGH,12,VERBOSE_TYPED,12,0.0,5.0,11.0,9.0,0.0,1.0,9.0,0.0,0.0,0.0,78.333333,9.0,0.0,0.0,16.0,0.0,9.0
LIVE_BELIEF,FAILURE_THRESHOLD,Q02_RECALL50,RESTRICTION_CHANGE,LOW,4,COMPACT_TYPED,12,0.0,1.0,7.0,5.0,0.0,1.0,5.0,0.0,0.0,0.0,44.583333,5.0,0.0,0.0,8.0,0.0,5.0
LIVE_BELIEF,FAILURE_THRESHOLD,Q02_RECALL50,RESTRICTION_CHANGE,LOW,4,VERBOSE_TYPED,12,0.0,1.0,7.0,5.0,0.0,1.0,5.0,0.0,0.0,0.0,46.333333,5.0,0.0,0.0,8.0,0.0,5.0
LIVE_BELIEF,FAILURE_THRESHOLD,Q02_RECALL50,RESTRICTION_CHANGE,LOW,8,COMPACT_TYPED,12,0.0,3.0,9.0,7.0,0.0,1.0,7.0,0.0,0.0,0.0,60.583333,7.0,0.0,0.0,12.0,0.0,7.0
LIVE_BELIEF,FAILURE_THRESHOLD,Q02_RECALL50,RESTRICTION_CHANGE,LOW,8,VERBOSE_TYPED,12,0.0,3.0,9.0,7.0,0.0,1.0,7.0,0.0,0.0,0.0,62.333333,7.0,0.0,0.0,12.0,0.0,7.0
LIVE_BELIEF,FAILURE_THRESHOLD,Q02_RECALL50,RESTRICTION_CHANGE,LOW,12,COMPACT_TYPED,12,0.0,5.0,11.0,9.0,0.0,1.0,9.0,0.0,0.0,0.0,76.75,9.0,0.0,0.0,16.0,0.0,9.0
LIVE_BELIEF,FAILURE_THRESHOLD,Q02_RECALL50,RESTRICTION_CHANGE,LOW,12,VERBOSE_TYPED,12,0.0,5.0,11.0,9.0,0.0,1.0,9.0,0.0,0.0,0.0,79.0,9.0,0.0,0.0,16.0,0.0,9.0
LIVE_BELIEF,FAILURE_THRESHOLD,Q03_RECALL25,AVAILABILITY_LOSS,HIGH,4,COMPACT_TYPED,12,0.0,1.0,7.0,5.0,0.0,1.0,5.0,0.0,0.0,0.0,44.166667,5.0,0.0,0.0,8.0,0.0,5.0
LIVE_BELIEF,FAILURE_THRESHOLD,Q03_RECALL25,AVAILABILITY_LOSS,HIGH,4,VERBOSE_TYPED,12,0.0,1.0,7.0,5.0,0.0,1.0,5.0,0.0,0.0,0.0,44.666667,5.0,0.0,0.0,8.0,0.0,5.0
LIVE_BELIEF,FAILURE_THRESHOLD,Q03_RECALL25,AVAILABILITY_LOSS,HIGH,8,COMPACT_TYPED,12,0.0,3.0,9.0,7.0,0.0,1.0,7.0,0.0,0.0,0.0,60.416667,7.0,0.0,0.0,12.0,0.0,7.0
LIVE_BELIEF,FAILURE_THRESHOLD,Q03_RECALL25,AVAILABILITY_LOSS,HIGH,8,VERBOSE_TYPED,12,0.0,3.0,9.0,7.0,0.0,1.0,7.0,0.0,0.0,0.0,61.666667,7.0,0.0,0.0,12.0,0.0,7.0
LIVE_BELIEF,FAILURE_THRESHOLD,Q03_RECALL25,AVAILABILITY_LOSS,HIGH,12,COMPACT_TYPED,12,0.0,5.0,11.0,9.0,0.0,1.0,9.0,0.0,0.0,0.0,76.583333,9.0,0.0,0.0,16.0,0.0,9.0
LIVE_BELIEF,FAILURE_THRESHOLD,Q03_RECALL25,AVAILABILITY_LOSS,HIGH,12,VERBOSE_TYPED,12,0.0,5.0,11.0,9.0,0.0,1.0,9.0,0.0,0.0,0.0,78.333333,9.0,0.0,0.0,16.0,0.0,9.0
LIVE_BELIEF,FAILURE_THRESHOLD,Q03_RECALL25,AVAILABILITY_LOSS,LOW,4,COMPACT_TYPED,12,0.0,1.0,7.0,5.0,0.0,1.0,5.0,0.0,0.0,0.0,44.416667,5.0,0.0,0.0,8.0,0.0,5.0
LIVE_BELIEF,FAILURE_THRESHOLD,Q03_RECALL25,AVAILABILITY_LOSS,LOW,4,VERBOSE_TYPED,12,0.0,1.0,7.0,5.0,0.0,1.0,5.0,0.0,0.0,0.0,45.666667,5.0,0.0,0.0,8.0,0.0,5.0
LIVE_BELIEF,FAILURE_THRESHOLD,Q03_RECALL25,AVAILABILITY_LOSS,LOW,8,COMPACT_TYPED,12,0.0,3.0,9.0,7.0,0.0,1.0,7.0,0.0,0.0,0.0,60.333333,7.0,0.0,0.0,12.0,0.0,7.0
LIVE_BELIEF,FAILURE_THRESHOLD,Q03_RECALL25,AVAILABILITY_LOSS,LOW,8,VERBOSE_TYPED,12,0.0,3.0,9.0,7.0,0.0,1.0,7.0,0.0,0.0,0.0,61.333333,7.0,0.0,0.0,12.0,0.0,7.0
LIVE_BELIEF,FAILURE_THRESHOLD,Q03_RECALL25,AVAILABILITY_LOSS,LOW,12,COMPACT_TYPED,12,0.0,5.0,11.0,9.0,0.0,1.0,9.0,0.0,0.0,0.0,76.25,9.0,0.0,0.0,16.0,0.0,9.0
LIVE_BELIEF,FAILURE_THRESHOLD,Q03_RECALL25,AVAILABILITY_LOSS,LOW,12,VERBOSE_TYPED,12,0.0,5.0,11.0,9.0,0.0,1.0,9.0,0.0,0.0,0.0,77.0,9.0,0.0,0.0,16.0,0.0,9.0
LIVE_BELIEF,FAILURE_THRESHOLD,Q03_RECALL25,CONTROL_FAILURE,HIGH,4,COMPACT_TYPED,12,1.0,5.0,3.0,2.0,0.0,1.0,2.0,0.0,0.0,0.0,18.25,2.0,0.0,0.0,8.0,0.0,2.0
LIVE_BELIEF,FAILURE_THRESHOLD,Q03_RECALL25,CONTROL_FAILURE,HIGH,4,VERBOSE_TYPED,12,1.0,5.0,3.0,2.0,0.0,1.0,2.0,0.0,0.0,0.0,19.0,2.0,0.0,0.0,8.0,0.0,2.0
LIVE_BELIEF,FAILURE_THRESHOLD,Q03_RECALL25,CONTROL_FAILURE,HIGH,8,COMPACT_TYPED,12,1.0,9.0,3.0,2.0,0.0,1.0,2.0,0.0,0.0,0.0,18.25,2.0,0.0,0.0,12.0,0.0,2.0
LIVE_BELIEF,FAILURE_THRESHOLD,Q03_RECALL25,CONTROL_FAILURE,HIGH,8,VERBOSE_TYPED,12,1.0,9.0,3.0,2.0,0.0,1.0,2.0,0.0,0.0,0.0,19.0,2.0,0.0,0.0,12.0,0.0,2.0
LIVE_BELIEF,FAILURE_THRESHOLD,Q03_RECALL25,CONTROL_FAILURE,HIGH,12,COMPACT_TYPED,12,1.0,13.0,3.0,2.0,0.0,1.0,2.0,0.0,0.0,0.0,18.166667,2.0,0.0,0.0,16.0,0.0,2.0
LIVE_BELIEF,FAILURE_THRESHOLD,Q03_RECALL25,CONTROL_FAILURE,HIGH,12,VERBOSE_TYPED,12,1.0,13.0,3.0,2.0,0.0,1.0,2.0,0.0,0.0,0.0,18.666667,2.0,0.0,0.0,16.0,0.0,2.0
LIVE_BELIEF,FAILURE_THRESHOLD,Q03_RECALL25,CONTROL_FAILURE,LOW,4,COMPACT_TYPED,12,1.0,6.0,2.0,1.0,0.0,1.0,1.0,0.0,0.0,0.0,10.166667,1.0,0.0,0.0,8.0,0.0,1.0
LIVE_BELIEF,FAILURE_THRESHOLD,Q03_RECALL25,CONTROL_FAILURE,LOW,4,VERBOSE_TYPED,12,1.0,6.0,2.0,1.0,0.0,1.0,1.0,0.0,0.0,0.0,10.666667,1.0,0.0,0.0,8.0,0.0,1.0
LIVE_BELIEF,FAILURE_THRESHOLD,Q03_RECALL25,CONTROL_FAILURE,LOW,8,COMPACT_TYPED,12,1.0,10.0,2.0,1.0,0.0,1.0,1.0,0.0,0.0,0.0,10.583333,1.0,0.0,0.0,12.0,0.0,1.0
LIVE_BELIEF,FAILURE_THRESHOLD,Q03_RECALL25,CONTROL_FAILURE,LOW,8,VERBOSE_TYPED,12,1.0,10.0,2.0,1.0,0.0,1.0,1.0,0.0,0.0,0.0,12.333333,1.0,0.0,0.0,12.0,0.0,1.0
LIVE_BELIEF,FAILURE_THRESHOLD,Q03_RECALL25,CONTROL_FAILURE,LOW,12,COMPACT_TYPED,12,1.0,14.0,2.0,1.0,0.0,1.0,1.0,0.0,0.0,0.0,10.25,1.0,0.0,0.0,16.0,0.0,1.0
LIVE_BELIEF,FAILURE_THRESHOLD,Q03_RECALL25,CONTROL_FAILURE,LOW,12,VERBOSE_TYPED,12,1.0,14.0,2.0,1.0,0.0,1.0,1.0,0.0,0.0,0.0,11.0,1.0,0.0,0.0,16.0,0.0,1.0
LIVE_BELIEF,FAILURE_THRESHOLD,Q03_RECALL25,POSE_SHIFT,HIGH,4,COMPACT_TYPED,12,0.0,1.0,7.0,5.0,0.0,1.0,5.0,0.0,0.0,0.0,44.083333,5.0,0.0,0.0,8.0,0.0,5.0
LIVE_BELIEF,FAILURE_THRESHOLD,Q03_RECALL25,POSE_SHIFT,HIGH,4,VERBOSE_TYPED,12,0.0,1.0,7.0,5.0,0.0,1.0,5.0,0.0,0.0,0.0,44.333333,5.0,0.0,0.0,8.0,0.0,5.0
LIVE_BELIEF,FAILURE_THRESHOLD,Q03_RECALL25,POSE_SHIFT,HIGH,8,COMPACT_TYPED,12,0.0,3.0,9.0,7.0,0.0,1.0,7.0,0.0,0.0,0.0,60.5,7.0,0.0,0.0,12.0,0.0,7.0
LIVE_BELIEF,FAILURE_THRESHOLD,Q03_RECALL25,POSE_SHIFT,HIGH,8,VERBOSE_TYPED,12,0.0,3.0,9.0,7.0,0.0,1.0,7.0,0.0,0.0,0.0,62.0,7.0,0.0,0.0,12.0,0.0,7.0
LIVE_BELIEF,FAILURE_THRESHOLD,Q03_RECALL25,POSE_SHIFT,HIGH,12,COMPACT_TYPED,12,0.0,5.0,11.0,9.0,0.0,1.0,9.0,0.0,0.0,0.0,76.166667,9.0,0.0,0.0,16.0,0.0,9.0
LIVE_BELIEF,FAILURE_THRESHOLD,Q03_RECALL25,POSE_SHIFT,HIGH,12,VERBOSE_TYPED,12,0.0,5.0,11.0,9.0,0.0,1.0,9.0,0.0,0.0,0.0,76.666667,9.0,0.0,0.0,16.0,0.0,9.0
LIVE_BELIEF,FAILURE_THRESHOLD,Q03_RECALL25,POSE_SHIFT,LOW,4,COMPACT_TYPED,12,0.0,1.0,7.0,5.0,0.0,1.0,5.0,0.0,0.0,0.0,44.5,5.0,0.0,0.0,8.0,0.0,5.0
LIVE_BELIEF,FAILURE_THRESHOLD,Q03_RECALL25,POSE_SHIFT,LOW,4,VERBOSE_TYPED,12,0.0,1.0,7.0,5.0,0.0,1.0,5.0,0.0,0.0,0.0,46.0,5.0,0.0,0.0,8.0,0.0,5.0
LIVE_BELIEF,FAILURE_THRESHOLD,Q03_RECALL25,POSE_SHIFT,LOW,8,COMPACT_TYPED,12,0.0,3.0,9.0,7.0,0.0,1.0,7.0,0.0,0.0,0.0,60.5,7.0,0.0,0.0,12.0,0.0,7.0
LIVE_BELIEF,FAILURE_THRESHOLD,Q03_RECALL25,POSE_SHIFT,LOW,8,VERBOSE_TYPED,12,0.0,3.0,9.0,7.0,0.0,1.0,7.0,0.0,0.0,0.0,62.0,7.0,0.0,0.0,12.0,0.0,7.0
LIVE_BELIEF,FAILURE_THRESHOLD,Q03_RECALL25,POSE_SHIFT,LOW,12,COMPACT_TYPED,12,0.0,5.0,11.0,9.0,0.0,1.0,9.0,0.0,0.0,0.0,76.333333,9.0,0.0,0.0,16.0,0.0,9.0
LIVE_BELIEF,FAILURE_THRESHOLD,Q03_RECALL25,POSE_SHIFT,LOW,12,VERBOSE_TYPED,12,0.0,5.0,11.0,9.0,0.0,1.0,9.0,0.0,0.0,0.0,77.333333,9.0,0.0,0.0,16.0,0.0,9.0
LIVE_BELIEF,FAILURE_THRESHOLD,Q03_RECALL25,RESTRICTION_CHANGE,HIGH,4,COMPACT_TYPED,12,0.0,1.0,7.0,5.0,0.0,1.0,5.0,0.0,0.0,0.0,44.083333,5.0,0.0,0.0,8.0,0.0,5.0
LIVE_BELIEF,FAILURE_THRESHOLD,Q03_RECALL25,RESTRICTION_CHANGE,HIGH,4,VERBOSE_TYPED,12,0.0,1.0,7.0,5.0,0.0,1.0,5.0,0.0,0.0,0.0,44.333333,5.0,0.0,0.0,8.0,0.0,5.0
LIVE_BELIEF,FAILURE_THRESHOLD,Q03_RECALL25,RESTRICTION_CHANGE,HIGH,8,COMPACT_TYPED,12,0.0,3.0,9.0,7.0,0.0,1.0,7.0,0.0,0.0,0.0,60.416667,7.0,0.0,0.0,12.0,0.0,7.0
LIVE_BELIEF,FAILURE_THRESHOLD,Q03_RECALL25,RESTRICTION_CHANGE,HIGH,8,VERBOSE_TYPED,12,0.0,3.0,9.0,7.0,0.0,1.0,7.0,0.0,0.0,0.0,61.666667,7.0,0.0,0.0,12.0,0.0,7.0
LIVE_BELIEF,FAILURE_THRESHOLD,Q03_RECALL25,RESTRICTION_CHANGE,HIGH,12,COMPACT_TYPED,12,0.0,5.0,11.0,9.0,0.0,1.0,9.0,0.0,0.0,0.0,76.25,9.0,0.0,0.0,16.0,0.0,9.0
LIVE_BELIEF,FAILURE_THRESHOLD,Q03_RECALL25,RESTRICTION_CHANGE,HIGH,12,VERBOSE_TYPED,12,0.0,5.0,11.0,9.0,0.0,1.0,9.0,0.0,0.0,0.0,77.0,9.0,0.0,0.0,16.0,0.0,9.0
LIVE_BELIEF,FAILURE_THRESHOLD,Q03_RECALL25,RESTRICTION_CHANGE,LOW,4,COMPACT_TYPED,12,0.0,1.0,7.0,5.0,0.0,1.0,5.0,0.0,0.0,0.0,44.25,5.0,0.0,0.0,8.0,0.0,5.0
LIVE_BELIEF,FAILURE_THRESHOLD,Q03_RECALL25,RESTRICTION_CHANGE,LOW,4,VERBOSE_TYPED,12,0.0,1.0,7.0,5.0,0.0,1.0,5.0,0.0,0.0,0.0,45.0,5.0,0.0,0.0,8.0,0.0,5.0
LIVE_BELIEF,FAILURE_THRESHOLD,Q03_RECALL25,RESTRICTION_CHANGE,LOW,8,COMPACT_TYPED,12,0.0,3.0,9.0,7.0,0.0,1.0,7.0,0.0,0.0,0.0,60.416667,7.0,0.0,0.0,12.0,0.0,7.0
LIVE_BELIEF,FAILURE_THRESHOLD,Q03_RECALL25,RESTRICTION_CHANGE,LOW,8,VERBOSE_TYPED,12,0.0,3.0,9.0,7.0,0.0,1.0,7.0,0.0,0.0,0.0,61.666667,7.0,0.0,0.0,12.0,0.0,7.0
LIVE_BELIEF,FAILURE_THRESHOLD,Q03_RECALL25,RESTRICTION_CHANGE,LOW,12,COMPACT_TYPED,12,0.0,5.0,11.0,9.0,0.0,1.0,9.0,0.0,0.0,0.0,76.416667,9.0,0.0,0.0,16.0,0.0,9.0
LIVE_BELIEF,FAILURE_THRESHOLD,Q03_RECALL25,RESTRICTION_CHANGE,LOW,12,VERBOSE_TYPED,12,0.0,5.0,11.0,9.0,0.0,1.0,9.0,0.0,0.0,0.0,77.666667,9.0,0.0,0.0,16.0,0.0,9.0
LIVE_BELIEF,FAILURE_THRESHOLD,Q04_DELAY1,AVAILABILITY_LOSS,HIGH,4,COMPACT_TYPED,12,0.0,1.0,7.0,5.0,0.0,1.0,5.0,0.0,0.0,0.0,45.0,5.0,0.0,0.0,8.0,0.0,5.0
LIVE_BELIEF,FAILURE_THRESHOLD,Q04_DELAY1,AVAILABILITY_LOSS,HIGH,4,VERBOSE_TYPED,12,0.0,1.0,7.0,5.0,0.0,1.0,5.0,0.0,0.0,0.0,48.0,5.0,0.0,0.0,8.0,0.0,5.0
LIVE_BELIEF,FAILURE_THRESHOLD,Q04_DELAY1,AVAILABILITY_LOSS,HIGH,8,COMPACT_TYPED,12,0.0,3.0,9.0,7.0,0.0,1.0,7.0,0.0,0.0,0.0,61.0,7.0,0.0,0.0,12.0,0.0,7.0
LIVE_BELIEF,FAILURE_THRESHOLD,Q04_DELAY1,AVAILABILITY_LOSS,HIGH,8,VERBOSE_TYPED,12,0.0,3.0,9.0,7.0,0.0,1.0,7.0,0.0,0.0,0.0,64.0,7.0,0.0,0.0,12.0,0.0,7.0
LIVE_BELIEF,FAILURE_THRESHOLD,Q04_DELAY1,AVAILABILITY_LOSS,HIGH,12,COMPACT_TYPED,12,0.0,5.0,11.0,9.0,0.0,1.0,9.0,0.0,0.0,0.0,77.0,9.0,0.0,0.0,16.0,0.0,9.0
LIVE_BELIEF,FAILURE_THRESHOLD,Q04_DELAY1,AVAILABILITY_LOSS,HIGH,12,VERBOSE_TYPED,12,0.0,5.0,11.0,9.0,0.0,1.0,9.0,0.0,0.0,0.0,80.0,9.0,0.0,0.0,16.0,0.0,9.0
LIVE_BELIEF,FAILURE_THRESHOLD,Q04_DELAY1,AVAILABILITY_LOSS,LOW,4,COMPACT_TYPED,12,0.0,1.0,7.0,5.0,0.0,1.0,5.0,0.0,0.0,0.0,45.0,5.0,0.0,0.0,8.0,0.0,5.0
LIVE_BELIEF,FAILURE_THRESHOLD,Q04_DELAY1,AVAILABILITY_LOSS,LOW,4,VERBOSE_TYPED,12,0.0,1.0,7.0,5.0,0.0,1.0,5.0,0.0,0.0,0.0,48.0,5.0,0.0,0.0,8.0,0.0,5.0
LIVE_BELIEF,FAILURE_THRESHOLD,Q04_DELAY1,AVAILABILITY_LOSS,LOW,8,COMPACT_TYPED,12,0.0,3.0,9.0,7.0,0.0,1.0,7.0,0.0,0.0,0.0,61.0,7.0,0.0,0.0,12.0,0.0,7.0
LIVE_BELIEF,FAILURE_THRESHOLD,Q04_DELAY1,AVAILABILITY_LOSS,LOW,8,VERBOSE_TYPED,12,0.0,3.0,9.0,7.0,0.0,1.0,7.0,0.0,0.0,0.0,64.0,7.0,0.0,0.0,12.0,0.0,7.0
LIVE_BELIEF,FAILURE_THRESHOLD,Q04_DELAY1,AVAILABILITY_LOSS,LOW,12,COMPACT_TYPED,12,0.0,5.0,11.0,9.0,0.0,1.0,9.0,0.0,0.0,0.0,77.0,9.0,0.0,0.0,16.0,0.0,9.0
LIVE_BELIEF,FAILURE_THRESHOLD,Q04_DELAY1,AVAILABILITY_LOSS,LOW,12,VERBOSE_TYPED,12,0.0,5.0,11.0,9.0,0.0,1.0,9.0,0.0,0.0,0.0,80.0,9.0,0.0,0.0,16.0,0.0,9.0
LIVE_BELIEF,FAILURE_THRESHOLD,Q04_DELAY1,CONTROL_FAILURE,HIGH,4,COMPACT_TYPED,12,1.0,5.0,3.0,2.0,0.0,1.0,2.0,0.0,0.0,0.0,19.0,2.0,0.0,0.0,8.0,0.0,2.0
LIVE_BELIEF,FAILURE_THRESHOLD,Q04_DELAY1,CONTROL_FAILURE,HIGH,4,VERBOSE_TYPED,12,1.0,5.0,3.0,2.0,0.0,1.0,2.0,0.0,0.0,0.0,22.0,2.0,0.0,0.0,8.0,0.0,2.0
LIVE_BELIEF,FAILURE_THRESHOLD,Q04_DELAY1,CONTROL_FAILURE,HIGH,8,COMPACT_TYPED,12,1.0,9.0,3.0,2.0,0.0,1.0,2.0,0.0,0.0,0.0,19.0,2.0,0.0,0.0,12.0,0.0,2.0
LIVE_BELIEF,FAILURE_THRESHOLD,Q04_DELAY1,CONTROL_FAILURE,HIGH,8,VERBOSE_TYPED,12,1.0,9.0,3.0,2.0,0.0,1.0,2.0,0.0,0.0,0.0,22.0,2.0,0.0,0.0,12.0,0.0,2.0
LIVE_BELIEF,FAILURE_THRESHOLD,Q04_DELAY1,CONTROL_FAILURE,HIGH,12,COMPACT_TYPED,12,1.0,13.0,3.0,2.0,0.0,1.0,2.0,0.0,0.0,0.0,19.0,2.0,0.0,0.0,16.0,0.0,2.0
LIVE_BELIEF,FAILURE_THRESHOLD,Q04_DELAY1,CONTROL_FAILURE,HIGH,12,VERBOSE_TYPED,12,1.0,13.0,3.0,2.0,0.0,1.0,2.0,0.0,0.0,0.0,22.0,2.0,0.0,0.0,16.0,0.0,2.0
LIVE_BELIEF,FAILURE_THRESHOLD,Q04_DELAY1,CONTROL_FAILURE,LOW,4,COMPACT_TYPED,12,1.0,6.0,2.0,1.0,0.0,1.0,1.0,0.0,0.0,0.0,11.0,1.0,0.0,0.0,8.0,0.0,1.0
LIVE_BELIEF,FAILURE_THRESHOLD,Q04_DELAY1,CONTROL_FAILURE,LOW,4,VERBOSE_TYPED,12,1.0,6.0,2.0,1.0,0.0,1.0,1.0,0.0,0.0,0.0,14.0,1.0,0.0,0.0,8.0,0.0,1.0
LIVE_BELIEF,FAILURE_THRESHOLD,Q04_DELAY1,CONTROL_FAILURE,LOW,8,COMPACT_TYPED,12,1.0,10.0,2.0,1.0,0.0,1.0,1.0,0.0,0.0,0.0,11.0,1.0,0.0,0.0,12.0,0.0,1.0
LIVE_BELIEF,FAILURE_THRESHOLD,Q04_DELAY1,CONTROL_FAILURE,LOW,8,VERBOSE_TYPED,12,1.0,10.0,2.0,1.0,0.0,1.0,1.0,0.0,0.0,0.0,14.0,1.0,0.0,0.0,12.0,0.0,1.0
LIVE_BELIEF,FAILURE_THRESHOLD,Q04_DELAY1,CONTROL_FAILURE,LOW,12,COMPACT_TYPED,12,1.0,14.0,2.0,1.0,0.0,1.0,1.0,0.0,0.0,0.0,11.0,1.0,0.0,0.0,16.0,0.0,1.0
LIVE_BELIEF,FAILURE_THRESHOLD,Q04_DELAY1,CONTROL_FAILURE,LOW,12,VERBOSE_TYPED,12,1.0,14.0,2.0,1.0,0.0,1.0,1.0,0.0,0.0,0.0,14.0,1.0,0.0,0.0,16.0,0.0,1.0
LIVE_BELIEF,FAILURE_THRESHOLD,Q04_DELAY1,POSE_SHIFT,HIGH,4,COMPACT_TYPED,12,0.0,1.0,7.0,5.0,0.0,1.0,5.0,0.0,0.0,0.0,45.0,5.0,0.0,0.0,8.0,0.0,5.0
LIVE_BELIEF,FAILURE_THRESHOLD,Q04_DELAY1,POSE_SHIFT,HIGH,4,VERBOSE_TYPED,12,0.0,1.0,7.0,5.0,0.0,1.0,5.0,0.0,0.0,0.0,48.0,5.0,0.0,0.0,8.0,0.0,5.0
LIVE_BELIEF,FAILURE_THRESHOLD,Q04_DELAY1,POSE_SHIFT,HIGH,8,COMPACT_TYPED,12,0.0,3.0,9.0,7.0,0.0,1.0,7.0,0.0,0.0,0.0,61.0,7.0,0.0,0.0,12.0,0.0,7.0
LIVE_BELIEF,FAILURE_THRESHOLD,Q04_DELAY1,POSE_SHIFT,HIGH,8,VERBOSE_TYPED,12,0.0,3.0,9.0,7.0,0.0,1.0,7.0,0.0,0.0,0.0,64.0,7.0,0.0,0.0,12.0,0.0,7.0
LIVE_BELIEF,FAILURE_THRESHOLD,Q04_DELAY1,POSE_SHIFT,HIGH,12,COMPACT_TYPED,12,0.0,5.0,11.0,9.0,0.0,1.0,9.0,0.0,0.0,0.0,77.0,9.0,0.0,0.0,16.0,0.0,9.0
LIVE_BELIEF,FAILURE_THRESHOLD,Q04_DELAY1,POSE_SHIFT,HIGH,12,VERBOSE_TYPED,12,0.0,5.0,11.0,9.0,0.0,1.0,9.0,0.0,0.0,0.0,80.0,9.0,0.0,0.0,16.0,0.0,9.0
LIVE_BELIEF,FAILURE_THRESHOLD,Q04_DELAY1,POSE_SHIFT,LOW,4,COMPACT_TYPED,12,0.0,1.0,7.0,5.0,0.0,1.0,5.0,0.0,0.0,0.0,45.0,5.0,0.0,0.0,8.0,0.0,5.0
LIVE_BELIEF,FAILURE_THRESHOLD,Q04_DELAY1,POSE_SHIFT,LOW,4,VERBOSE_TYPED,12,0.0,1.0,7.0,5.0,0.0,1.0,5.0,0.0,0.0,0.0,48.0,5.0,0.0,0.0,8.0,0.0,5.0
LIVE_BELIEF,FAILURE_THRESHOLD,Q04_DELAY1,POSE_SHIFT,LOW,8,COMPACT_TYPED,12,0.0,3.0,9.0,7.0,0.0,1.0,7.0,0.0,0.0,0.0,61.0,7.0,0.0,0.0,12.0,0.0,7.0
LIVE_BELIEF,FAILURE_THRESHOLD,Q04_DELAY1,POSE_SHIFT,LOW,8,VERBOSE_TYPED,12,0.0,3.0,9.0,7.0,0.0,1.0,7.0,0.0,0.0,0.0,64.0,7.0,0.0,0.0,12.0,0.0,7.0
LIVE_BELIEF,FAILURE_THRESHOLD,Q04_DELAY1,POSE_SHIFT,LOW,12,COMPACT_TYPED,12,0.0,5.0,11.0,9.0,0.0,1.0,9.0,0.0,0.0,0.0,77.0,9.0,0.0,0.0,16.0,0.0,9.0
LIVE_BELIEF,FAILURE_THRESHOLD,Q04_DELAY1,POSE_SHIFT,LOW,12,VERBOSE_TYPED,12,0.0,5.0,11.0,9.0,0.0,1.0,9.0,0.0,0.0,0.0,80.0,9.0,0.0,0.0,16.0,0.0,9.0
LIVE_BELIEF,FAILURE_THRESHOLD,Q04_DELAY1,RESTRICTION_CHANGE,HIGH,4,COMPACT_TYPED,12,0.0,1.0,7.0,5.0,0.0,1.0,5.0,0.0,0.0,0.0,45.0,5.0,0.0,0.0,8.0,0.0,5.0
LIVE_BELIEF,FAILURE_THRESHOLD,Q04_DELAY1,RESTRICTION_CHANGE,HIGH,4,VERBOSE_TYPED,12,0.0,1.0,7.0,5.0,0.0,1.0,5.0,0.0,0.0,0.0,48.0,5.0,0.0,0.0,8.0,0.0,5.0
LIVE_BELIEF,FAILURE_THRESHOLD,Q04_DELAY1,RESTRICTION_CHANGE,HIGH,8,COMPACT_TYPED,12,0.0,3.0,9.0,7.0,0.0,1.0,7.0,0.0,0.0,0.0,61.0,7.0,0.0,0.0,12.0,0.0,7.0
LIVE_BELIEF,FAILURE_THRESHOLD,Q04_DELAY1,RESTRICTION_CHANGE,HIGH,8,VERBOSE_TYPED,12,0.0,3.0,9.0,7.0,0.0,1.0,7.0,0.0,0.0,0.0,64.0,7.0,0.0,0.0,12.0,0.0,7.0
LIVE_BELIEF,FAILURE_THRESHOLD,Q04_DELAY1,RESTRICTION_CHANGE,HIGH,12,COMPACT_TYPED,12,0.0,5.0,11.0,9.0,0.0,1.0,9.0,0.0,0.0,0.0,77.0,9.0,0.0,0.0,16.0,0.0,9.0
LIVE_BELIEF,FAILURE_THRESHOLD,Q04_DELAY1,RESTRICTION_CHANGE,HIGH,12,VERBOSE_TYPED,12,0.0,5.0,11.0,9.0,0.0,1.0,9.0,0.0,0.0,0.0,80.0,9.0,0.0,0.0,16.0,0.0,9.0
LIVE_BELIEF,FAILURE_THRESHOLD,Q04_DELAY1,RESTRICTION_CHANGE,LOW,4,COMPACT_TYPED,12,0.0,1.0,7.0,5.0,0.0,1.0,5.0,0.0,0.0,0.0,45.0,5.0,0.0,0.0,8.0,0.0,5.0
LIVE_BELIEF,FAILURE_THRESHOLD,Q04_DELAY1,RESTRICTION_CHANGE,LOW,4,VERBOSE_TYPED,12,0.0,1.0,7.0,5.0,0.0,1.0,5.0,0.0,0.0,0.0,48.0,5.0,0.0,0.0,8.0,0.0,5.0
LIVE_BELIEF,FAILURE_THRESHOLD,Q04_DELAY1,RESTRICTION_CHANGE,LOW,8,COMPACT_TYPED,12,0.0,3.0,9.0,7.0,0.0,1.0,7.0,0.0,0.0,0.0,61.0,7.0,0.0,0.0,12.0,0.0,7.0
LIVE_BELIEF,FAILURE_THRESHOLD,Q04_DELAY1,RESTRICTION_CHANGE,LOW,8,VERBOSE_TYPED,12,0.0,3.0,9.0,7.0,0.0,1.0,7.0,0.0,0.0,0.0,64.0,7.0,0.0,0.0,12.0,0.0,7.0
LIVE_BELIEF,FAILURE_THRESHOLD,Q04_DELAY1,RESTRICTION_CHANGE,LOW,12,COMPACT_TYPED,12,0.0,5.0,11.0,9.0,0.0,1.0,9.0,0.0,0.0,0.0,77.0,9.0,0.0,0.0,16.0,0.0,9.0
LIVE_BELIEF,FAILURE_THRESHOLD,Q04_DELAY1,RESTRICTION_CHANGE,LOW,12,VERBOSE_TYPED,12,0.0,5.0,11.0,9.0,0.0,1.0,9.0,0.0,0.0,0.0,80.0,9.0,0.0,0.0,16.0,0.0,9.0
LIVE_BELIEF,FAILURE_THRESHOLD,Q05_DELAY3,AVAILABILITY_LOSS,HIGH,4,COMPACT_TYPED,12,1.0,5.0,3.0,2.0,0.0,1.0,1.0,1.0,0.0,0.0,20.0,2.0,1.0,167.0,3.0,0.0,2.0
LIVE_BELIEF,FAILURE_THRESHOLD,Q05_DELAY3,AVAILABILITY_LOSS,HIGH,4,VERBOSE_TYPED,12,1.0,5.0,3.0,2.0,0.0,1.0,1.0,1.0,0.0,0.0,23.0,2.0,1.0,168.0,3.0,0.0,2.0
LIVE_BELIEF,FAILURE_THRESHOLD,Q05_DELAY3,AVAILABILITY_LOSS,HIGH,8,COMPACT_TYPED,12,1.0,9.0,3.0,2.0,0.0,1.0,1.0,1.0,0.0,0.0,20.0,2.0,1.0,167.0,5.0,0.0,2.0
LIVE_BELIEF,FAILURE_THRESHOLD,Q05_DELAY3,AVAILABILITY_LOSS,HIGH,8,VERBOSE_TYPED,12,1.0,9.0,3.0,2.0,0.0,1.0,1.0,1.0,0.0,0.0,23.0,2.0,1.0,168.0,5.0,0.0,2.0
LIVE_BELIEF,FAILURE_THRESHOLD,Q05_DELAY3,AVAILABILITY_LOSS,HIGH,12,COMPACT_TYPED,12,1.0,13.0,3.0,2.0,0.0,1.0,1.0,1.0,0.0,0.0,20.0,2.0,1.0,167.0,7.0,0.0,2.0
LIVE_BELIEF,FAILURE_THRESHOLD,Q05_DELAY3,AVAILABILITY_LOSS,HIGH,12,VERBOSE_TYPED,12,1.0,13.0,3.0,2.0,0.0,1.0,1.0,1.0,0.0,0.0,23.0,2.0,1.0,168.0,7.0,0.0,2.0
LIVE_BELIEF,FAILURE_THRESHOLD,Q05_DELAY3,AVAILABILITY_LOSS,LOW,4,COMPACT_TYPED,12,1.0,5.0,3.0,2.0,0.0,1.0,1.0,1.0,0.0,0.0,20.0,2.0,1.0,167.0,3.0,0.0,2.0
LIVE_BELIEF,FAILURE_THRESHOLD,Q05_DELAY3,AVAILABILITY_LOSS,LOW,4,VERBOSE_TYPED,12,1.0,5.0,3.0,2.0,0.0,1.0,1.0,1.0,0.0,0.0,23.0,2.0,1.0,168.0,3.0,0.0,2.0
LIVE_BELIEF,FAILURE_THRESHOLD,Q05_DELAY3,AVAILABILITY_LOSS,LOW,8,COMPACT_TYPED,12,1.0,9.0,3.0,2.0,0.0,1.0,1.0,1.0,0.0,0.0,20.0,2.0,1.0,167.0,5.0,0.0,2.0
LIVE_BELIEF,FAILURE_THRESHOLD,Q05_DELAY3,AVAILABILITY_LOSS,LOW,8,VERBOSE_TYPED,12,1.0,9.0,3.0,2.0,0.0,1.0,1.0,1.0,0.0,0.0,23.0,2.0,1.0,168.0,5.0,0.0,2.0
LIVE_BELIEF,FAILURE_THRESHOLD,Q05_DELAY3,AVAILABILITY_LOSS,LOW,12,COMPACT_TYPED,12,1.0,13.0,3.0,2.0,0.0,1.0,1.0,1.0,0.0,0.0,20.0,2.0,1.0,167.0,7.0,0.0,2.0
LIVE_BELIEF,FAILURE_THRESHOLD,Q05_DELAY3,AVAILABILITY_LOSS,LOW,12,VERBOSE_TYPED,12,1.0,13.0,3.0,2.0,0.0,1.0,1.0,1.0,0.0,0.0,23.0,2.0,1.0,168.0,7.0,0.0,2.0
LIVE_BELIEF,FAILURE_THRESHOLD,Q05_DELAY3,CONTROL_FAILURE,HIGH,4,COMPACT_TYPED,12,1.0,5.0,3.0,2.0,0.0,1.0,2.0,0.0,0.0,0.0,20.0,2.0,1.0,166.0,3.0,0.0,2.0
LIVE_BELIEF,FAILURE_THRESHOLD,Q05_DELAY3,CONTROL_FAILURE,HIGH,4,VERBOSE_TYPED,12,1.0,5.0,3.0,2.0,0.0,1.0,2.0,0.0,0.0,0.0,23.0,2.0,1.0,167.0,3.0,0.0,2.0
LIVE_BELIEF,FAILURE_THRESHOLD,Q05_DELAY3,CONTROL_FAILURE,HIGH,8,COMPACT_TYPED,12,1.0,9.0,3.0,2.0,0.0,1.0,2.0,0.0,0.0,0.0,20.0,2.0,1.0,166.0,5.0,0.0,2.0
LIVE_BELIEF,FAILURE_THRESHOLD,Q05_DELAY3,CONTROL_FAILURE,HIGH,8,VERBOSE_TYPED,12,1.0,9.0,3.0,2.0,0.0,1.0,2.0,0.0,0.0,0.0,23.0,2.0,1.0,167.0,5.0,0.0,2.0
LIVE_BELIEF,FAILURE_THRESHOLD,Q05_DELAY3,CONTROL_FAILURE,HIGH,12,COMPACT_TYPED,12,1.0,13.0,3.0,2.0,0.0,1.0,2.0,0.0,0.0,0.0,20.0,2.0,1.0,166.0,7.0,0.0,2.0
LIVE_BELIEF,FAILURE_THRESHOLD,Q05_DELAY3,CONTROL_FAILURE,HIGH,12,VERBOSE_TYPED,12,1.0,13.0,3.0,2.0,0.0,1.0,2.0,0.0,0.0,0.0,23.0,2.0,1.0,167.0,7.0,0.0,2.0
LIVE_BELIEF,FAILURE_THRESHOLD,Q05_DELAY3,CONTROL_FAILURE,LOW,4,COMPACT_TYPED,12,1.0,6.0,2.0,1.0,0.0,1.0,1.0,0.0,0.0,0.0,11.0,1.0,0.0,0.0,8.0,0.0,1.0
LIVE_BELIEF,FAILURE_THRESHOLD,Q05_DELAY3,CONTROL_FAILURE,LOW,4,VERBOSE_TYPED,12,1.0,6.0,2.0,1.0,0.0,1.0,1.0,0.0,0.0,0.0,14.0,1.0,0.0,0.0,8.0,0.0,1.0
LIVE_BELIEF,FAILURE_THRESHOLD,Q05_DELAY3,CONTROL_FAILURE,LOW,8,COMPACT_TYPED,12,1.0,10.0,2.0,1.0,0.0,1.0,1.0,0.0,0.0,0.0,11.0,1.0,0.0,0.0,12.0,0.0,1.0
LIVE_BELIEF,FAILURE_THRESHOLD,Q05_DELAY3,CONTROL_FAILURE,LOW,8,VERBOSE_TYPED,12,1.0,10.0,2.0,1.0,0.0,1.0,1.0,0.0,0.0,0.0,14.0,1.0,0.0,0.0,12.0,0.0,1.0
LIVE_BELIEF,FAILURE_THRESHOLD,Q05_DELAY3,CONTROL_FAILURE,LOW,12,COMPACT_TYPED,12,1.0,14.0,2.0,1.0,0.0,1.0,1.0,0.0,0.0,0.0,11.0,1.0,0.0,0.0,16.0,0.0,1.0
LIVE_BELIEF,FAILURE_THRESHOLD,Q05_DELAY3,CONTROL_FAILURE,LOW,12,VERBOSE_TYPED,12,1.0,14.0,2.0,1.0,0.0,1.0,1.0,0.0,0.0,0.0,14.0,1.0,0.0,0.0,16.0,0.0,1.0
LIVE_BELIEF,FAILURE_THRESHOLD,Q05_DELAY3,POSE_SHIFT,HIGH,4,COMPACT_TYPED,12,1.0,5.0,3.0,2.0,0.0,1.0,1.0,0.0,0.0,0.0,20.0,2.0,1.0,161.0,3.0,0.0,2.0
LIVE_BELIEF,FAILURE_THRESHOLD,Q05_DELAY3,POSE_SHIFT,HIGH,4,VERBOSE_TYPED,12,1.0,5.0,3.0,2.0,0.0,1.0,1.0,0.0,0.0,0.0,23.0,2.0,1.0,162.0,3.0,0.0,2.0
LIVE_BELIEF,FAILURE_THRESHOLD,Q05_DELAY3,POSE_SHIFT,HIGH,8,COMPACT_TYPED,12,1.0,9.0,3.0,2.0,0.0,1.0,1.0,0.0,0.0,0.0,20.0,2.0,1.0,161.0,5.0,0.0,2.0
LIVE_BELIEF,FAILURE_THRESHOLD,Q05_DELAY3,POSE_SHIFT,HIGH,8,VERBOSE_TYPED,12,1.0,9.0,3.0,2.0,0.0,1.0,1.0,0.0,0.0,0.0,23.0,2.0,1.0,162.0,5.0,0.0,2.0
LIVE_BELIEF,FAILURE_THRESHOLD,Q05_DELAY3,POSE_SHIFT,HIGH,12,COMPACT_TYPED,12,1.0,13.0,3.0,2.0,0.0,1.0,1.0,0.0,0.0,0.0,20.0,2.0,1.0,161.0,7.0,0.0,2.0
LIVE_BELIEF,FAILURE_THRESHOLD,Q05_DELAY3,POSE_SHIFT,HIGH,12,VERBOSE_TYPED,12,1.0,13.0,3.0,2.0,0.0,1.0,1.0,0.0,0.0,0.0,23.0,2.0,1.0,162.0,7.0,0.0,2.0
LIVE_BELIEF,FAILURE_THRESHOLD,Q05_DELAY3,POSE_SHIFT,LOW,4,COMPACT_TYPED,12,1.0,5.0,3.0,2.0,0.0,1.0,1.0,0.0,0.0,0.0,20.0,2.0,1.0,161.0,3.0,0.0,2.0
LIVE_BELIEF,FAILURE_THRESHOLD,Q05_DELAY3,POSE_SHIFT,LOW,4,VERBOSE_TYPED,12,1.0,5.0,3.0,2.0,0.0,1.0,1.0,0.0,0.0,0.0,23.0,2.0,1.0,162.0,3.0,0.0,2.0
LIVE_BELIEF,FAILURE_THRESHOLD,Q05_DELAY3,POSE_SHIFT,LOW,8,COMPACT_TYPED,12,1.0,9.0,3.0,2.0,0.0,1.0,1.0,0.0,0.0,0.0,20.0,2.0,1.0,161.0,5.0,0.0,2.0
LIVE_BELIEF,FAILURE_THRESHOLD,Q05_DELAY3,POSE_SHIFT,LOW,8,VERBOSE_TYPED,12,1.0,9.0,3.0,2.0,0.0,1.0,1.0,0.0,0.0,0.0,23.0,2.0,1.0,162.0,5.0,0.0,2.0
LIVE_BELIEF,FAILURE_THRESHOLD,Q05_DELAY3,POSE_SHIFT,LOW,12,COMPACT_TYPED,12,1.0,13.0,3.0,2.0,0.0,1.0,1.0,0.0,0.0,0.0,20.0,2.0,1.0,161.0,7.0,0.0,2.0
LIVE_BELIEF,FAILURE_THRESHOLD,Q05_DELAY3,POSE_SHIFT,LOW,12,VERBOSE_TYPED,12,1.0,13.0,3.0,2.0,0.0,1.0,1.0,0.0,0.0,0.0,23.0,2.0,1.0,162.0,7.0,0.0,2.0
LIVE_BELIEF,FAILURE_THRESHOLD,Q05_DELAY3,RESTRICTION_CHANGE,HIGH,4,COMPACT_TYPED,12,1.0,5.0,3.0,2.0,0.0,1.0,1.0,1.0,0.0,0.0,20.0,2.0,1.0,164.0,3.0,0.0,2.0
LIVE_BELIEF,FAILURE_THRESHOLD,Q05_DELAY3,RESTRICTION_CHANGE,HIGH,4,VERBOSE_TYPED,12,1.0,5.0,3.0,2.0,0.0,1.0,1.0,1.0,0.0,0.0,23.0,2.0,1.0,165.0,3.0,0.0,2.0
LIVE_BELIEF,FAILURE_THRESHOLD,Q05_DELAY3,RESTRICTION_CHANGE,HIGH,8,COMPACT_TYPED,12,1.0,9.0,3.0,2.0,0.0,1.0,1.0,1.0,0.0,0.0,20.0,2.0,1.0,164.0,5.0,0.0,2.0
LIVE_BELIEF,FAILURE_THRESHOLD,Q05_DELAY3,RESTRICTION_CHANGE,HIGH,8,VERBOSE_TYPED,12,1.0,9.0,3.0,2.0,0.0,1.0,1.0,1.0,0.0,0.0,23.0,2.0,1.0,165.0,5.0,0.0,2.0
LIVE_BELIEF,FAILURE_THRESHOLD,Q05_DELAY3,RESTRICTION_CHANGE,HIGH,12,COMPACT_TYPED,12,1.0,13.0,3.0,2.0,0.0,1.0,1.0,1.0,0.0,0.0,20.0,2.0,1.0,164.0,7.0,0.0,2.0
LIVE_BELIEF,FAILURE_THRESHOLD,Q05_DELAY3,RESTRICTION_CHANGE,HIGH,12,VERBOSE_TYPED,12,1.0,13.0,3.0,2.0,0.0,1.0,1.0,1.0,0.0,0.0,23.0,2.0,1.0,165.0,7.0,0.0,2.0
LIVE_BELIEF,FAILURE_THRESHOLD,Q05_DELAY3,RESTRICTION_CHANGE,LOW,4,COMPACT_TYPED,12,1.0,5.0,3.0,2.0,0.0,1.0,1.0,1.0,0.0,0.0,20.0,2.0,1.0,164.0,3.0,0.0,2.0
LIVE_BELIEF,FAILURE_THRESHOLD,Q05_DELAY3,RESTRICTION_CHANGE,LOW,4,VERBOSE_TYPED,12,1.0,5.0,3.0,2.0,0.0,1.0,1.0,1.0,0.0,0.0,23.0,2.0,1.0,165.0,3.0,0.0,2.0
LIVE_BELIEF,FAILURE_THRESHOLD,Q05_DELAY3,RESTRICTION_CHANGE,LOW,8,COMPACT_TYPED,12,1.0,9.0,3.0,2.0,0.0,1.0,1.0,1.0,0.0,0.0,20.0,2.0,1.0,164.0,5.0,0.0,2.0
LIVE_BELIEF,FAILURE_THRESHOLD,Q05_DELAY3,RESTRICTION_CHANGE,LOW,8,VERBOSE_TYPED,12,1.0,9.0,3.0,2.0,0.0,1.0,1.0,1.0,0.0,0.0,23.0,2.0,1.0,165.0,5.0,0.0,2.0
LIVE_BELIEF,FAILURE_THRESHOLD,Q05_DELAY3,RESTRICTION_CHANGE,LOW,12,COMPACT_TYPED,12,1.0,13.0,3.0,2.0,0.0,1.0,1.0,1.0,0.0,0.0,20.0,2.0,1.0,164.0,7.0,0.0,2.0
LIVE_BELIEF,FAILURE_THRESHOLD,Q05_DELAY3,RESTRICTION_CHANGE,LOW,12,VERBOSE_TYPED,12,1.0,13.0,3.0,2.0,0.0,1.0,1.0,1.0,0.0,0.0,23.0,2.0,1.0,165.0,7.0,0.0,2.0
LIVE_BELIEF,FAILURE_THRESHOLD,Q06_FALSE3,AVAILABILITY_LOSS,HIGH,4,COMPACT_TYPED,12,0.0,1.0,7.0,5.0,0.0,1.0,5.0,0.0,0.0,0.0,48.0,5.0,0.0,0.0,8.0,0.0,5.0
LIVE_BELIEF,FAILURE_THRESHOLD,Q06_FALSE3,AVAILABILITY_LOSS,HIGH,4,VERBOSE_TYPED,12,0.0,1.0,7.0,5.0,0.0,1.0,5.0,0.0,0.0,0.0,60.0,5.0,0.0,0.0,8.0,0.0,5.0
LIVE_BELIEF,FAILURE_THRESHOLD,Q06_FALSE3,AVAILABILITY_LOSS,HIGH,8,COMPACT_TYPED,12,0.0,3.0,9.0,7.0,0.0,1.0,7.0,0.0,0.0,0.0,64.0,7.0,0.0,0.0,12.0,0.0,7.0
LIVE_BELIEF,FAILURE_THRESHOLD,Q06_FALSE3,AVAILABILITY_LOSS,HIGH,8,VERBOSE_TYPED,12,0.0,3.0,9.0,7.0,0.0,1.0,7.0,0.0,0.0,0.0,76.0,7.0,0.0,0.0,12.0,0.0,7.0
LIVE_BELIEF,FAILURE_THRESHOLD,Q06_FALSE3,AVAILABILITY_LOSS,HIGH,12,COMPACT_TYPED,12,0.0,5.0,11.0,9.0,0.0,1.0,9.0,0.0,0.0,0.0,80.0,9.0,0.0,0.0,16.0,0.0,9.0
LIVE_BELIEF,FAILURE_THRESHOLD,Q06_FALSE3,AVAILABILITY_LOSS,HIGH,12,VERBOSE_TYPED,12,0.0,5.0,11.0,9.0,0.0,1.0,9.0,0.0,0.0,0.0,92.0,9.0,0.0,0.0,16.0,0.0,9.0
LIVE_BELIEF,FAILURE_THRESHOLD,Q06_FALSE3,AVAILABILITY_LOSS,LOW,4,COMPACT_TYPED,12,0.0,1.0,7.0,5.0,0.0,1.0,5.0,0.0,0.0,0.0,48.0,5.0,0.0,0.0,8.0,0.0,5.0
LIVE_BELIEF,FAILURE_THRESHOLD,Q06_FALSE3,AVAILABILITY_LOSS,LOW,4,VERBOSE_TYPED,12,0.0,1.0,7.0,5.0,0.0,1.0,5.0,0.0,0.0,0.0,60.0,5.0,0.0,0.0,8.0,0.0,5.0
LIVE_BELIEF,FAILURE_THRESHOLD,Q06_FALSE3,AVAILABILITY_LOSS,LOW,8,COMPACT_TYPED,12,0.0,3.0,9.0,7.0,0.0,1.0,7.0,0.0,0.0,0.0,64.0,7.0,0.0,0.0,12.0,0.0,7.0
LIVE_BELIEF,FAILURE_THRESHOLD,Q06_FALSE3,AVAILABILITY_LOSS,LOW,8,VERBOSE_TYPED,12,0.0,3.0,9.0,7.0,0.0,1.0,7.0,0.0,0.0,0.0,76.0,7.0,0.0,0.0,12.0,0.0,7.0
LIVE_BELIEF,FAILURE_THRESHOLD,Q06_FALSE3,AVAILABILITY_LOSS,LOW,12,COMPACT_TYPED,12,0.0,5.0,11.0,9.0,0.0,1.0,9.0,0.0,0.0,0.0,80.0,9.0,0.0,0.0,16.0,0.0,9.0
LIVE_BELIEF,FAILURE_THRESHOLD,Q06_FALSE3,AVAILABILITY_LOSS,LOW,12,VERBOSE_TYPED,12,0.0,5.0,11.0,9.0,0.0,1.0,9.0,0.0,0.0,0.0,92.0,9.0,0.0,0.0,16.0,0.0,9.0
LIVE_BELIEF,FAILURE_THRESHOLD,Q06_FALSE3,CONTROL_FAILURE,HIGH,4,COMPACT_TYPED,12,1.0,5.0,3.0,2.0,0.0,1.0,2.0,0.0,0.0,0.0,22.0,2.0,0.0,0.0,8.0,0.0,2.0
LIVE_BELIEF,FAILURE_THRESHOLD,Q06_FALSE3,CONTROL_FAILURE,HIGH,4,VERBOSE_TYPED,12,1.0,5.0,3.0,2.0,0.0,1.0,2.0,0.0,0.0,0.0,34.0,2.0,0.0,0.0,8.0,0.0,2.0
LIVE_BELIEF,FAILURE_THRESHOLD,Q06_FALSE3,CONTROL_FAILURE,HIGH,8,COMPACT_TYPED,12,1.0,9.0,3.0,2.0,0.0,1.0,2.0,0.0,0.0,0.0,22.0,2.0,0.0,0.0,12.0,0.0,2.0
LIVE_BELIEF,FAILURE_THRESHOLD,Q06_FALSE3,CONTROL_FAILURE,HIGH,8,VERBOSE_TYPED,12,1.0,9.0,3.0,2.0,0.0,1.0,2.0,0.0,0.0,0.0,34.0,2.0,0.0,0.0,12.0,0.0,2.0
LIVE_BELIEF,FAILURE_THRESHOLD,Q06_FALSE3,CONTROL_FAILURE,HIGH,12,COMPACT_TYPED,12,1.0,13.0,3.0,2.0,0.0,1.0,2.0,0.0,0.0,0.0,22.0,2.0,0.0,0.0,16.0,0.0,2.0
LIVE_BELIEF,FAILURE_THRESHOLD,Q06_FALSE3,CONTROL_FAILURE,HIGH,12,VERBOSE_TYPED,12,1.0,13.0,3.0,2.0,0.0,1.0,2.0,0.0,0.0,0.0,34.0,2.0,0.0,0.0,16.0,0.0,2.0
LIVE_BELIEF,FAILURE_THRESHOLD,Q06_FALSE3,CONTROL_FAILURE,LOW,4,COMPACT_TYPED,12,1.0,6.0,2.0,1.0,0.0,1.0,1.0,0.0,0.0,0.0,14.0,1.0,0.0,0.0,8.0,0.0,1.0
LIVE_BELIEF,FAILURE_THRESHOLD,Q06_FALSE3,CONTROL_FAILURE,LOW,4,VERBOSE_TYPED,12,1.0,6.0,2.0,1.0,0.0,1.0,1.0,0.0,0.0,0.0,26.0,1.0,0.0,0.0,8.0,0.0,1.0
LIVE_BELIEF,FAILURE_THRESHOLD,Q06_FALSE3,CONTROL_FAILURE,LOW,8,COMPACT_TYPED,12,1.0,10.0,2.0,1.0,0.0,1.0,1.0,0.0,0.0,0.0,14.0,1.0,0.0,0.0,12.0,0.0,1.0
LIVE_BELIEF,FAILURE_THRESHOLD,Q06_FALSE3,CONTROL_FAILURE,LOW,8,VERBOSE_TYPED,12,1.0,10.0,2.0,1.0,0.0,1.0,1.0,0.0,0.0,0.0,26.0,1.0,0.0,0.0,12.0,0.0,1.0
LIVE_BELIEF,FAILURE_THRESHOLD,Q06_FALSE3,CONTROL_FAILURE,LOW,12,COMPACT_TYPED,12,1.0,14.0,2.0,1.0,0.0,1.0,1.0,0.0,0.0,0.0,14.0,1.0,0.0,0.0,16.0,0.0,1.0
LIVE_BELIEF,FAILURE_THRESHOLD,Q06_FALSE3,CONTROL_FAILURE,LOW,12,VERBOSE_TYPED,12,1.0,14.0,2.0,1.0,0.0,1.0,1.0,0.0,0.0,0.0,26.0,1.0,0.0,0.0,16.0,0.0,1.0
LIVE_BELIEF,FAILURE_THRESHOLD,Q06_FALSE3,POSE_SHIFT,HIGH,4,COMPACT_TYPED,12,0.0,1.0,7.0,5.0,0.0,1.0,5.0,0.0,0.0,0.0,48.0,5.0,0.0,0.0,8.0,0.0,5.0
LIVE_BELIEF,FAILURE_THRESHOLD,Q06_FALSE3,POSE_SHIFT,HIGH,4,VERBOSE_TYPED,12,0.0,1.0,7.0,5.0,0.0,1.0,5.0,0.0,0.0,0.0,60.0,5.0,0.0,0.0,8.0,0.0,5.0
LIVE_BELIEF,FAILURE_THRESHOLD,Q06_FALSE3,POSE_SHIFT,HIGH,8,COMPACT_TYPED,12,0.0,3.0,9.0,7.0,0.0,1.0,7.0,0.0,0.0,0.0,64.0,7.0,0.0,0.0,12.0,0.0,7.0
LIVE_BELIEF,FAILURE_THRESHOLD,Q06_FALSE3,POSE_SHIFT,HIGH,8,VERBOSE_TYPED,12,0.0,3.0,9.0,7.0,0.0,1.0,7.0,0.0,0.0,0.0,76.0,7.0,0.0,0.0,12.0,0.0,7.0
LIVE_BELIEF,FAILURE_THRESHOLD,Q06_FALSE3,POSE_SHIFT,HIGH,12,COMPACT_TYPED,12,0.0,5.0,11.0,9.0,0.0,1.0,9.0,0.0,0.0,0.0,80.0,9.0,0.0,0.0,16.0,0.0,9.0
LIVE_BELIEF,FAILURE_THRESHOLD,Q06_FALSE3,POSE_SHIFT,HIGH,12,VERBOSE_TYPED,12,0.0,5.0,11.0,9.0,0.0,1.0,9.0,0.0,0.0,0.0,92.0,9.0,0.0,0.0,16.0,0.0,9.0
LIVE_BELIEF,FAILURE_THRESHOLD,Q06_FALSE3,POSE_SHIFT,LOW,4,COMPACT_TYPED,12,0.0,1.0,7.0,5.0,0.0,1.0,5.0,0.0,0.0,0.0,48.0,5.0,0.0,0.0,8.0,0.0,5.0
LIVE_BELIEF,FAILURE_THRESHOLD,Q06_FALSE3,POSE_SHIFT,LOW,4,VERBOSE_TYPED,12,0.0,1.0,7.0,5.0,0.0,1.0,5.0,0.0,0.0,0.0,60.0,5.0,0.0,0.0,8.0,0.0,5.0
LIVE_BELIEF,FAILURE_THRESHOLD,Q06_FALSE3,POSE_SHIFT,LOW,8,COMPACT_TYPED,12,0.0,3.0,9.0,7.0,0.0,1.0,7.0,0.0,0.0,0.0,64.0,7.0,0.0,0.0,12.0,0.0,7.0
LIVE_BELIEF,FAILURE_THRESHOLD,Q06_FALSE3,POSE_SHIFT,LOW,8,VERBOSE_TYPED,12,0.0,3.0,9.0,7.0,0.0,1.0,7.0,0.0,0.0,0.0,76.0,7.0,0.0,0.0,12.0,0.0,7.0
LIVE_BELIEF,FAILURE_THRESHOLD,Q06_FALSE3,POSE_SHIFT,LOW,12,COMPACT_TYPED,12,0.0,5.0,11.0,9.0,0.0,1.0,9.0,0.0,0.0,0.0,80.0,9.0,0.0,0.0,16.0,0.0,9.0
LIVE_BELIEF,FAILURE_THRESHOLD,Q06_FALSE3,POSE_SHIFT,LOW,12,VERBOSE_TYPED,12,0.0,5.0,11.0,9.0,0.0,1.0,9.0,0.0,0.0,0.0,92.0,9.0,0.0,0.0,16.0,0.0,9.0
LIVE_BELIEF,FAILURE_THRESHOLD,Q06_FALSE3,RESTRICTION_CHANGE,HIGH,4,COMPACT_TYPED,12,0.0,1.0,7.0,5.0,0.0,1.0,5.0,0.0,0.0,0.0,48.0,5.0,0.0,0.0,8.0,0.0,5.0
LIVE_BELIEF,FAILURE_THRESHOLD,Q06_FALSE3,RESTRICTION_CHANGE,HIGH,4,VERBOSE_TYPED,12,0.0,1.0,7.0,5.0,0.0,1.0,5.0,0.0,0.0,0.0,60.0,5.0,0.0,0.0,8.0,0.0,5.0
LIVE_BELIEF,FAILURE_THRESHOLD,Q06_FALSE3,RESTRICTION_CHANGE,HIGH,8,COMPACT_TYPED,12,0.0,3.0,9.0,7.0,0.0,1.0,7.0,0.0,0.0,0.0,64.0,7.0,0.0,0.0,12.0,0.0,7.0
LIVE_BELIEF,FAILURE_THRESHOLD,Q06_FALSE3,RESTRICTION_CHANGE,HIGH,8,VERBOSE_TYPED,12,0.0,3.0,9.0,7.0,0.0,1.0,7.0,0.0,0.0,0.0,76.0,7.0,0.0,0.0,12.0,0.0,7.0
LIVE_BELIEF,FAILURE_THRESHOLD,Q06_FALSE3,RESTRICTION_CHANGE,HIGH,12,COMPACT_TYPED,12,0.0,5.0,11.0,9.0,0.0,1.0,9.0,0.0,0.0,0.0,80.0,9.0,0.0,0.0,16.0,0.0,9.0
LIVE_BELIEF,FAILURE_THRESHOLD,Q06_FALSE3,RESTRICTION_CHANGE,HIGH,12,VERBOSE_TYPED,12,0.0,5.0,11.0,9.0,0.0,1.0,9.0,0.0,0.0,0.0,92.0,9.0,0.0,0.0,16.0,0.0,9.0
LIVE_BELIEF,FAILURE_THRESHOLD,Q06_FALSE3,RESTRICTION_CHANGE,LOW,4,COMPACT_TYPED,12,0.0,1.0,7.0,5.0,0.0,1.0,5.0,0.0,0.0,0.0,48.0,5.0,0.0,0.0,8.0,0.0,5.0
LIVE_BELIEF,FAILURE_THRESHOLD,Q06_FALSE3,RESTRICTION_CHANGE,LOW,4,VERBOSE_TYPED,12,0.0,1.0,7.0,5.0,0.0,1.0,5.0,0.0,0.0,0.0,60.0,5.0,0.0,0.0,8.0,0.0,5.0
LIVE_BELIEF,FAILURE_THRESHOLD,Q06_FALSE3,RESTRICTION_CHANGE,LOW,8,COMPACT_TYPED,12,0.0,3.0,9.0,7.0,0.0,1.0,7.0,0.0,0.0,0.0,64.0,7.0,0.0,0.0,12.0,0.0,7.0
LIVE_BELIEF,FAILURE_THRESHOLD,Q06_FALSE3,RESTRICTION_CHANGE,LOW,8,VERBOSE_TYPED,12,0.0,3.0,9.0,7.0,0.0,1.0,7.0,0.0,0.0,0.0,76.0,7.0,0.0,0.0,12.0,0.0,7.0
LIVE_BELIEF,FAILURE_THRESHOLD,Q06_FALSE3,RESTRICTION_CHANGE,LOW,12,COMPACT_TYPED,12,0.0,5.0,11.0,9.0,0.0,1.0,9.0,0.0,0.0,0.0,80.0,9.0,0.0,0.0,16.0,0.0,9.0
LIVE_BELIEF,FAILURE_THRESHOLD,Q06_FALSE3,RESTRICTION_CHANGE,LOW,12,VERBOSE_TYPED,12,0.0,5.0,11.0,9.0,0.0,1.0,9.0,0.0,0.0,0.0,92.0,9.0,0.0,0.0,16.0,0.0,9.0
LIVE_BELIEF,FAILURE_THRESHOLD,Q07_DUP_OOO,AVAILABILITY_LOSS,HIGH,4,COMPACT_TYPED,12,1.0,6.0,2.0,1.0,0.0,1.0,0.0,1.0,0.0,0.0,14.0,1.0,1.0,167.0,4.0,0.0,1.0
LIVE_BELIEF,FAILURE_THRESHOLD,Q07_DUP_OOO,AVAILABILITY_LOSS,HIGH,4,VERBOSE_TYPED,12,1.0,6.0,2.0,1.0,0.0,1.0,0.0,1.0,0.0,0.0,23.0,1.0,1.0,168.0,4.0,0.0,1.0
LIVE_BELIEF,FAILURE_THRESHOLD,Q07_DUP_OOO,AVAILABILITY_LOSS,HIGH,8,COMPACT_TYPED,12,1.0,10.0,2.0,1.0,0.0,1.0,0.0,1.0,0.0,0.0,14.0,1.0,1.0,167.0,6.0,0.0,1.0
LIVE_BELIEF,FAILURE_THRESHOLD,Q07_DUP_OOO,AVAILABILITY_LOSS,HIGH,8,VERBOSE_TYPED,12,1.0,10.0,2.0,1.0,0.0,1.0,0.0,1.0,0.0,0.0,23.0,1.0,1.0,168.0,6.0,0.0,1.0
LIVE_BELIEF,FAILURE_THRESHOLD,Q07_DUP_OOO,AVAILABILITY_LOSS,HIGH,12,COMPACT_TYPED,12,1.0,14.0,2.0,1.0,0.0,1.0,0.0,1.0,0.0,0.0,14.0,1.0,1.0,167.0,8.0,0.0,1.0
LIVE_BELIEF,FAILURE_THRESHOLD,Q07_DUP_OOO,AVAILABILITY_LOSS,HIGH,12,VERBOSE_TYPED,12,1.0,14.0,2.0,1.0,0.0,1.0,0.0,1.0,0.0,0.0,23.0,1.0,1.0,168.0,8.0,0.0,1.0
LIVE_BELIEF,FAILURE_THRESHOLD,Q07_DUP_OOO,AVAILABILITY_LOSS,LOW,4,COMPACT_TYPED,12,1.0,6.0,2.0,1.0,0.0,1.0,0.0,1.0,0.0,0.0,14.0,1.0,1.0,167.0,4.0,0.0,1.0
LIVE_BELIEF,FAILURE_THRESHOLD,Q07_DUP_OOO,AVAILABILITY_LOSS,LOW,4,VERBOSE_TYPED,12,1.0,6.0,2.0,1.0,0.0,1.0,0.0,1.0,0.0,0.0,23.0,1.0,1.0,168.0,4.0,0.0,1.0
LIVE_BELIEF,FAILURE_THRESHOLD,Q07_DUP_OOO,AVAILABILITY_LOSS,LOW,8,COMPACT_TYPED,12,1.0,10.0,2.0,1.0,0.0,1.0,0.0,1.0,0.0,0.0,14.0,1.0,1.0,167.0,6.0,0.0,1.0
LIVE_BELIEF,FAILURE_THRESHOLD,Q07_DUP_OOO,AVAILABILITY_LOSS,LOW,8,VERBOSE_TYPED,12,1.0,10.0,2.0,1.0,0.0,1.0,0.0,1.0,0.0,0.0,23.0,1.0,1.0,168.0,6.0,0.0,1.0
LIVE_BELIEF,FAILURE_THRESHOLD,Q07_DUP_OOO,AVAILABILITY_LOSS,LOW,12,COMPACT_TYPED,12,1.0,14.0,2.0,1.0,0.0,1.0,0.0,1.0,0.0,0.0,14.0,1.0,1.0,167.0,8.0,0.0,1.0
LIVE_BELIEF,FAILURE_THRESHOLD,Q07_DUP_OOO,AVAILABILITY_LOSS,LOW,12,VERBOSE_TYPED,12,1.0,14.0,2.0,1.0,0.0,1.0,0.0,1.0,0.0,0.0,23.0,1.0,1.0,168.0,8.0,0.0,1.0
LIVE_BELIEF,FAILURE_THRESHOLD,Q07_DUP_OOO,CONTROL_FAILURE,HIGH,4,COMPACT_TYPED,12,1.0,5.0,3.0,2.0,0.0,1.0,2.0,0.0,0.0,0.0,22.0,2.0,1.0,166.0,4.0,0.0,2.0
LIVE_BELIEF,FAILURE_THRESHOLD,Q07_DUP_OOO,CONTROL_FAILURE,HIGH,4,VERBOSE_TYPED,12,1.0,5.0,3.0,2.0,0.0,1.0,2.0,0.0,0.0,0.0,31.0,2.0,1.0,167.0,4.0,0.0,2.0
LIVE_BELIEF,FAILURE_THRESHOLD,Q07_DUP_OOO,CONTROL_FAILURE,HIGH,8,COMPACT_TYPED,12,1.0,9.0,3.0,2.0,0.0,1.0,2.0,0.0,0.0,0.0,22.0,2.0,1.0,166.0,6.0,0.0,2.0
LIVE_BELIEF,FAILURE_THRESHOLD,Q07_DUP_OOO,CONTROL_FAILURE,HIGH,8,VERBOSE_TYPED,12,1.0,9.0,3.0,2.0,0.0,1.0,2.0,0.0,0.0,0.0,31.0,2.0,1.0,167.0,6.0,0.0,2.0
LIVE_BELIEF,FAILURE_THRESHOLD,Q07_DUP_OOO,CONTROL_FAILURE,HIGH,12,COMPACT_TYPED,12,1.0,13.0,3.0,2.0,0.0,1.0,2.0,0.0,0.0,0.0,22.0,2.0,1.0,166.0,8.0,0.0,2.0
LIVE_BELIEF,FAILURE_THRESHOLD,Q07_DUP_OOO,CONTROL_FAILURE,HIGH,12,VERBOSE_TYPED,12,1.0,13.0,3.0,2.0,0.0,1.0,2.0,0.0,0.0,0.0,31.0,2.0,1.0,167.0,8.0,0.0,2.0
LIVE_BELIEF,FAILURE_THRESHOLD,Q07_DUP_OOO,CONTROL_FAILURE,LOW,4,COMPACT_TYPED,12,1.0,6.0,2.0,1.0,0.0,1.0,1.0,0.0,0.0,0.0,14.0,1.0,1.0,166.0,4.0,0.0,1.0
LIVE_BELIEF,FAILURE_THRESHOLD,Q07_DUP_OOO,CONTROL_FAILURE,LOW,4,VERBOSE_TYPED,12,1.0,6.0,2.0,1.0,0.0,1.0,1.0,0.0,0.0,0.0,23.0,1.0,1.0,167.0,4.0,0.0,1.0
LIVE_BELIEF,FAILURE_THRESHOLD,Q07_DUP_OOO,CONTROL_FAILURE,LOW,8,COMPACT_TYPED,12,1.0,10.0,2.0,1.0,0.0,1.0,1.0,0.0,0.0,0.0,14.0,1.0,1.0,166.0,6.0,0.0,1.0
LIVE_BELIEF,FAILURE_THRESHOLD,Q07_DUP_OOO,CONTROL_FAILURE,LOW,8,VERBOSE_TYPED,12,1.0,10.0,2.0,1.0,0.0,1.0,1.0,0.0,0.0,0.0,23.0,1.0,1.0,167.0,6.0,0.0,1.0
LIVE_BELIEF,FAILURE_THRESHOLD,Q07_DUP_OOO,CONTROL_FAILURE,LOW,12,COMPACT_TYPED,12,1.0,14.0,2.0,1.0,0.0,1.0,1.0,0.0,0.0,0.0,14.0,1.0,1.0,166.0,8.0,0.0,1.0
LIVE_BELIEF,FAILURE_THRESHOLD,Q07_DUP_OOO,CONTROL_FAILURE,LOW,12,VERBOSE_TYPED,12,1.0,14.0,2.0,1.0,0.0,1.0,1.0,0.0,0.0,0.0,23.0,1.0,1.0,167.0,8.0,0.0,1.0
LIVE_BELIEF,FAILURE_THRESHOLD,Q07_DUP_OOO,POSE_SHIFT,HIGH,4,COMPACT_TYPED,12,1.0,6.0,2.0,1.0,0.0,1.0,0.0,0.0,0.0,0.0,14.0,1.0,1.0,161.0,4.0,0.0,1.0
LIVE_BELIEF,FAILURE_THRESHOLD,Q07_DUP_OOO,POSE_SHIFT,HIGH,4,VERBOSE_TYPED,12,1.0,6.0,2.0,1.0,0.0,1.0,0.0,0.0,0.0,0.0,23.0,1.0,1.0,162.0,4.0,0.0,1.0
LIVE_BELIEF,FAILURE_THRESHOLD,Q07_DUP_OOO,POSE_SHIFT,HIGH,8,COMPACT_TYPED,12,1.0,10.0,2.0,1.0,0.0,1.0,0.0,0.0,0.0,0.0,14.0,1.0,1.0,161.0,6.0,0.0,1.0
LIVE_BELIEF,FAILURE_THRESHOLD,Q07_DUP_OOO,POSE_SHIFT,HIGH,8,VERBOSE_TYPED,12,1.0,10.0,2.0,1.0,0.0,1.0,0.0,0.0,0.0,0.0,23.0,1.0,1.0,162.0,6.0,0.0,1.0
LIVE_BELIEF,FAILURE_THRESHOLD,Q07_DUP_OOO,POSE_SHIFT,HIGH,12,COMPACT_TYPED,12,1.0,14.0,2.0,1.0,0.0,1.0,0.0,0.0,0.0,0.0,14.0,1.0,1.0,161.0,8.0,0.0,1.0
LIVE_BELIEF,FAILURE_THRESHOLD,Q07_DUP_OOO,POSE_SHIFT,HIGH,12,VERBOSE_TYPED,12,1.0,14.0,2.0,1.0,0.0,1.0,0.0,0.0,0.0,0.0,23.0,1.0,1.0,162.0,8.0,0.0,1.0
LIVE_BELIEF,FAILURE_THRESHOLD,Q07_DUP_OOO,POSE_SHIFT,LOW,4,COMPACT_TYPED,12,1.0,6.0,2.0,1.0,0.0,1.0,0.0,0.0,0.0,0.0,14.0,1.0,1.0,161.0,4.0,0.0,1.0
LIVE_BELIEF,FAILURE_THRESHOLD,Q07_DUP_OOO,POSE_SHIFT,LOW,4,VERBOSE_TYPED,12,1.0,6.0,2.0,1.0,0.0,1.0,0.0,0.0,0.0,0.0,23.0,1.0,1.0,162.0,4.0,0.0,1.0
LIVE_BELIEF,FAILURE_THRESHOLD,Q07_DUP_OOO,POSE_SHIFT,LOW,8,COMPACT_TYPED,12,1.0,10.0,2.0,1.0,0.0,1.0,0.0,0.0,0.0,0.0,14.0,1.0,1.0,161.0,6.0,0.0,1.0
LIVE_BELIEF,FAILURE_THRESHOLD,Q07_DUP_OOO,POSE_SHIFT,LOW,8,VERBOSE_TYPED,12,1.0,10.0,2.0,1.0,0.0,1.0,0.0,0.0,0.0,0.0,23.0,1.0,1.0,162.0,6.0,0.0,1.0
LIVE_BELIEF,FAILURE_THRESHOLD,Q07_DUP_OOO,POSE_SHIFT,LOW,12,COMPACT_TYPED,12,1.0,14.0,2.0,1.0,0.0,1.0,0.0,0.0,0.0,0.0,14.0,1.0,1.0,161.0,8.0,0.0,1.0
LIVE_BELIEF,FAILURE_THRESHOLD,Q07_DUP_OOO,POSE_SHIFT,LOW,12,VERBOSE_TYPED,12,1.0,14.0,2.0,1.0,0.0,1.0,0.0,0.0,0.0,0.0,23.0,1.0,1.0,162.0,8.0,0.0,1.0
LIVE_BELIEF,FAILURE_THRESHOLD,Q07_DUP_OOO,RESTRICTION_CHANGE,HIGH,4,COMPACT_TYPED,12,1.0,6.0,2.0,1.0,0.0,1.0,0.0,1.0,0.0,0.0,14.0,1.0,1.0,164.0,4.0,0.0,1.0
LIVE_BELIEF,FAILURE_THRESHOLD,Q07_DUP_OOO,RESTRICTION_CHANGE,HIGH,4,VERBOSE_TYPED,12,1.0,6.0,2.0,1.0,0.0,1.0,0.0,1.0,0.0,0.0,23.0,1.0,1.0,165.0,4.0,0.0,1.0
LIVE_BELIEF,FAILURE_THRESHOLD,Q07_DUP_OOO,RESTRICTION_CHANGE,HIGH,8,COMPACT_TYPED,12,1.0,10.0,2.0,1.0,0.0,1.0,0.0,1.0,0.0,0.0,14.0,1.0,1.0,164.0,6.0,0.0,1.0
LIVE_BELIEF,FAILURE_THRESHOLD,Q07_DUP_OOO,RESTRICTION_CHANGE,HIGH,8,VERBOSE_TYPED,12,1.0,10.0,2.0,1.0,0.0,1.0,0.0,1.0,0.0,0.0,23.0,1.0,1.0,165.0,6.0,0.0,1.0
LIVE_BELIEF,FAILURE_THRESHOLD,Q07_DUP_OOO,RESTRICTION_CHANGE,HIGH,12,COMPACT_TYPED,12,1.0,14.0,2.0,1.0,0.0,1.0,0.0,1.0,0.0,0.0,14.0,1.0,1.0,164.0,8.0,0.0,1.0
LIVE_BELIEF,FAILURE_THRESHOLD,Q07_DUP_OOO,RESTRICTION_CHANGE,HIGH,12,VERBOSE_TYPED,12,1.0,14.0,2.0,1.0,0.0,1.0,0.0,1.0,0.0,0.0,23.0,1.0,1.0,165.0,8.0,0.0,1.0
LIVE_BELIEF,FAILURE_THRESHOLD,Q07_DUP_OOO,RESTRICTION_CHANGE,LOW,4,COMPACT_TYPED,12,1.0,6.0,2.0,1.0,0.0,1.0,0.0,1.0,0.0,0.0,14.0,1.0,1.0,164.0,4.0,0.0,1.0
LIVE_BELIEF,FAILURE_THRESHOLD,Q07_DUP_OOO,RESTRICTION_CHANGE,LOW,4,VERBOSE_TYPED,12,1.0,6.0,2.0,1.0,0.0,1.0,0.0,1.0,0.0,0.0,23.0,1.0,1.0,165.0,4.0,0.0,1.0
LIVE_BELIEF,FAILURE_THRESHOLD,Q07_DUP_OOO,RESTRICTION_CHANGE,LOW,8,COMPACT_TYPED,12,1.0,10.0,2.0,1.0,0.0,1.0,0.0,1.0,0.0,0.0,14.0,1.0,1.0,164.0,6.0,0.0,1.0
LIVE_BELIEF,FAILURE_THRESHOLD,Q07_DUP_OOO,RESTRICTION_CHANGE,LOW,8,VERBOSE_TYPED,12,1.0,10.0,2.0,1.0,0.0,1.0,0.0,1.0,0.0,0.0,23.0,1.0,1.0,165.0,6.0,0.0,1.0
LIVE_BELIEF,FAILURE_THRESHOLD,Q07_DUP_OOO,RESTRICTION_CHANGE,LOW,12,COMPACT_TYPED,12,1.0,14.0,2.0,1.0,0.0,1.0,0.0,1.0,0.0,0.0,14.0,1.0,1.0,164.0,8.0,0.0,1.0
LIVE_BELIEF,FAILURE_THRESHOLD,Q07_DUP_OOO,RESTRICTION_CHANGE,LOW,12,VERBOSE_TYPED,12,1.0,14.0,2.0,1.0,0.0,1.0,0.0,1.0,0.0,0.0,23.0,1.0,1.0,165.0,8.0,0.0,1.0
LIVE_BELIEF,FAILURE_THRESHOLD,Q08_GUARDED,AVAILABILITY_LOSS,HIGH,4,COMPACT_TYPED,12,0.5,3.5,4.5,2.0,0.0,1.0,1.5,0.5,0.0,0.0,23.5,2.0,0.5,83.5,6.0,0.0,2.0
LIVE_BELIEF,FAILURE_THRESHOLD,Q08_GUARDED,AVAILABILITY_LOSS,HIGH,4,VERBOSE_TYPED,12,0.5,3.5,4.5,2.0,0.0,1.0,1.5,0.5,0.0,0.0,29.5,2.0,0.5,84.0,6.0,0.0,2.0
LIVE_BELIEF,FAILURE_THRESHOLD,Q08_GUARDED,AVAILABILITY_LOSS,HIGH,8,COMPACT_TYPED,12,0.75,8.25,3.75,1.75,0.0,1.0,1.0,0.75,0.0,0.0,21.25,1.75,0.75,125.25,7.5,0.0,1.75
LIVE_BELIEF,FAILURE_THRESHOLD,Q08_GUARDED,AVAILABILITY_LOSS,HIGH,8,VERBOSE_TYPED,12,0.75,8.25,3.75,1.75,0.0,1.0,1.0,0.75,0.0,0.0,28.75,1.75,0.75,126.0,7.5,0.0,1.75
LIVE_BELIEF,FAILURE_THRESHOLD,Q08_GUARDED,AVAILABILITY_LOSS,HIGH,12,COMPACT_TYPED,12,0.833333,12.5,3.5,1.666667,0.0,1.0,0.833333,0.833333,0.0,0.0,20.5,1.666667,0.833333,139.166667,9.333333,0.0,1.666667
LIVE_BELIEF,FAILURE_THRESHOLD,Q08_GUARDED,AVAILABILITY_LOSS,HIGH,12,VERBOSE_TYPED,12,0.833333,12.5,3.5,1.666667,0.0,1.0,0.833333,0.833333,0.0,0.0,28.5,1.666667,0.833333,140.0,9.333333,0.0,1.666667
LIVE_BELIEF,FAILURE_THRESHOLD,Q08_GUARDED,AVAILABILITY_LOSS,LOW,4,COMPACT_TYPED,12,0.833333,5.166667,2.833333,1.333333,0.0,1.0,0.5,0.833333,0.0,0.0,17.166667,1.333333,0.833333,139.166667,4.666667,0.0,1.333333
LIVE_BELIEF,FAILURE_THRESHOLD,Q08_GUARDED,AVAILABILITY_LOSS,LOW,4,VERBOSE_TYPED,12,0.833333,5.166667,2.833333,1.333333,0.0,1.0,0.5,0.833333,0.0,0.0,25.166667,1.333333,0.833333,140.0,4.666667,0.0,1.333333
LIVE_BELIEF,FAILURE_THRESHOLD,Q08_GUARDED,AVAILABILITY_LOSS,LOW,8,COMPACT_TYPED,12,0.75,8.25,3.75,1.75,0.0,1.0,1.0,0.75,0.0,0.0,21.25,1.75,0.75,125.25,7.5,0.0,1.75
LIVE_BELIEF,FAILURE_THRESHOLD,Q08_GUARDED,AVAILABILITY_LOSS,LOW,8,VERBOSE_TYPED,12,0.75,8.25,3.75,1.75,0.0,1.0,1.0,0.75,0.0,0.0,28.75,1.75,0.75,126.0,7.5,0.0,1.75
LIVE_BELIEF,FAILURE_THRESHOLD,Q08_GUARDED,AVAILABILITY_LOSS,LOW,12,COMPACT_TYPED,12,0.75,11.75,4.25,2.0,0.0,1.0,1.25,0.75,0.0,0.0,23.75,2.0,0.75,125.25,10.0,0.0,2.0
LIVE_BELIEF,FAILURE_THRESHOLD,Q08_GUARDED,AVAILABILITY_LOSS,LOW,12,VERBOSE_TYPED,12,0.75,11.75,4.25,2.0,0.0,1.0,1.25,0.75,0.0,0.0,31.25,2.0,0.75,126.0,10.0,0.0,2.0
LIVE_BELIEF,FAILURE_THRESHOLD,Q08_GUARDED,CONTROL_FAILURE,HIGH,4,COMPACT_TYPED,12,1.0,5.0,3.0,1.0,0.0,1.0,1.0,0.0,0.0,0.0,14.75,1.0,0.583333,96.833333,5.666667,0.0,1.0
LIVE_BELIEF,FAILURE_THRESHOLD,Q08_GUARDED,CONTROL_FAILURE,HIGH,4,VERBOSE_TYPED,12,1.0,5.0,3.0,1.0,0.0,1.0,1.0,0.0,0.0,0.0,21.25,1.0,0.583333,97.416667,5.666667,0.0,1.0
LIVE_BELIEF,FAILURE_THRESHOLD,Q08_GUARDED,CONTROL_FAILURE,HIGH,8,COMPACT_TYPED,12,1.0,9.0,3.0,1.0,0.0,1.0,1.0,0.0,0.0,0.0,15.5,1.0,0.833333,138.333333,7.0,0.0,1.0
LIVE_BELIEF,FAILURE_THRESHOLD,Q08_GUARDED,CONTROL_FAILURE,HIGH,8,VERBOSE_TYPED,12,1.0,9.0,3.0,1.0,0.0,1.0,1.0,0.0,0.0,0.0,23.5,1.0,0.833333,139.166667,7.0,0.0,1.0
LIVE_BELIEF,FAILURE_THRESHOLD,Q08_GUARDED,CONTROL_FAILURE,HIGH,12,COMPACT_TYPED,12,1.0,13.0,3.0,1.0,0.0,1.0,1.0,0.0,0.0,0.0,15.25,1.0,0.75,124.5,10.0,0.0,1.0
LIVE_BELIEF,FAILURE_THRESHOLD,Q08_GUARDED,CONTROL_FAILURE,HIGH,12,VERBOSE_TYPED,12,1.0,13.0,3.0,1.0,0.0,1.0,1.0,0.0,0.0,0.0,22.75,1.0,0.75,125.25,10.0,0.0,1.0
LIVE_BELIEF,FAILURE_THRESHOLD,Q08_GUARDED,CONTROL_FAILURE,LOW,4,COMPACT_TYPED,12,1.0,6.0,2.0,1.0,0.0,1.0,1.0,0.0,0.0,0.0,13.5,1.0,0.833333,138.333333,4.666667,0.0,1.0
LIVE_BELIEF,FAILURE_THRESHOLD,Q08_GUARDED,CONTROL_FAILURE,LOW,4,VERBOSE_TYPED,12,1.0,6.0,2.0,1.0,0.0,1.0,1.0,0.0,0.0,0.0,21.5,1.0,0.833333,139.166667,4.666667,0.0,1.0
LIVE_BELIEF,FAILURE_THRESHOLD,Q08_GUARDED,CONTROL_FAILURE,LOW,8,COMPACT_TYPED,12,1.0,10.0,2.0,1.0,0.0,1.0,1.0,0.0,0.0,0.0,13.25,1.0,0.75,124.5,7.5,0.0,1.0
LIVE_BELIEF,FAILURE_THRESHOLD,Q08_GUARDED,CONTROL_FAILURE,LOW,8,VERBOSE_TYPED,12,1.0,10.0,2.0,1.0,0.0,1.0,1.0,0.0,0.0,0.0,20.75,1.0,0.75,125.25,7.5,0.0,1.0
LIVE_BELIEF,FAILURE_THRESHOLD,Q08_GUARDED,CONTROL_FAILURE,LOW,12,COMPACT_TYPED,12,1.0,14.0,2.0,1.0,0.0,1.0,1.0,0.0,0.0,0.0,13.75,1.0,0.916667,152.166667,8.666667,0.0,1.0
LIVE_BELIEF,FAILURE_THRESHOLD,Q08_GUARDED,CONTROL_FAILURE,LOW,12,VERBOSE_TYPED,12,1.0,14.0,2.0,1.0,0.0,1.0,1.0,0.0,0.0,0.0,22.25,1.0,0.916667,153.083333,8.666667,0.0,1.0
LIVE_BELIEF,FAILURE_THRESHOLD,Q08_GUARDED,POSE_SHIFT,HIGH,4,COMPACT_TYPED,12,0.583333,3.916667,4.083333,1.833333,0.0,1.0,1.25,0.0,0.0,0.0,21.916667,1.833333,0.583333,93.916667,5.666667,0.0,1.833333
LIVE_BELIEF,FAILURE_THRESHOLD,Q08_GUARDED,POSE_SHIFT,HIGH,4,VERBOSE_TYPED,12,0.583333,3.916667,4.083333,1.833333,0.0,1.0,1.25,0.0,0.0,0.0,28.416667,1.833333,0.583333,94.5,5.666667,0.0,1.833333
LIVE_BELIEF,FAILURE_THRESHOLD,Q08_GUARDED,POSE_SHIFT,HIGH,8,COMPACT_TYPED,12,0.75,8.25,3.75,1.75,0.0,1.0,1.0,0.0,0.0,0.0,21.25,1.75,0.75,120.75,7.5,0.0,1.75
LIVE_BELIEF,FAILURE_THRESHOLD,Q08_GUARDED,POSE_SHIFT,HIGH,8,VERBOSE_TYPED,12,0.75,8.25,3.75,1.75,0.0,1.0,1.0,0.0,0.0,0.0,28.75,1.75,0.75,121.5,7.5,0.0,1.75
LIVE_BELIEF,FAILURE_THRESHOLD,Q08_GUARDED,POSE_SHIFT,HIGH,12,COMPACT_TYPED,12,0.666667,11.0,5.0,2.333333,0.0,1.0,1.666667,0.0,0.0,0.0,27.0,2.333333,0.666667,107.333333,10.666667,0.0,2.333333
LIVE_BELIEF,FAILURE_THRESHOLD,Q08_GUARDED,POSE_SHIFT,HIGH,12,VERBOSE_TYPED,12,0.666667,11.0,5.0,2.333333,0.0,1.0,1.666667,0.0,0.0,0.0,34.0,2.333333,0.666667,108.0,10.666667,0.0,2.333333
LIVE_BELIEF,FAILURE_THRESHOLD,Q08_GUARDED,POSE_SHIFT,LOW,4,COMPACT_TYPED,12,0.75,4.75,3.25,1.5,0.0,1.0,0.75,0.0,0.0,0.0,18.75,1.5,0.75,120.75,5.0,0.0,1.5
LIVE_BELIEF,FAILURE_THRESHOLD,Q08_GUARDED,POSE_SHIFT,LOW,4,VERBOSE_TYPED,12,0.75,4.75,3.25,1.5,0.0,1.0,0.75,0.0,0.0,0.0,26.25,1.5,0.75,121.5,5.0,0.0,1.5
LIVE_BELIEF,FAILURE_THRESHOLD,Q08_GUARDED,POSE_SHIFT,LOW,8,COMPACT_TYPED,12,0.833333,8.833333,3.166667,1.5,0.0,1.0,0.666667,0.0,0.0,0.0,18.833333,1.5,0.833333,134.166667,7.0,0.0,1.5
LIVE_BELIEF,FAILURE_THRESHOLD,Q08_GUARDED,POSE_SHIFT,LOW,8,VERBOSE_TYPED,12,0.833333,8.833333,3.166667,1.5,0.0,1.0,0.666667,0.0,0.0,0.0,26.833333,1.5,0.833333,135.0,7.0,0.0,1.5
LIVE_BELIEF,FAILURE_THRESHOLD,Q08_GUARDED,POSE_SHIFT,LOW,12,COMPACT_TYPED,12,0.666667,11.0,5.0,2.333333,0.0,1.0,1.666667,0.0,0.0,0.0,27.0,2.333333,0.666667,107.333333,10.666667,0.0,2.333333
LIVE_BELIEF,FAILURE_THRESHOLD,Q08_GUARDED,POSE_SHIFT,LOW,12,VERBOSE_TYPED,12,0.666667,11.0,5.0,2.333333,0.0,1.0,1.666667,0.0,0.0,0.0,34.0,2.333333,0.666667,108.0,10.666667,0.0,2.333333
LIVE_BELIEF,FAILURE_THRESHOLD,Q08_GUARDED,RESTRICTION_CHANGE,HIGH,4,COMPACT_TYPED,12,0.666667,4.333333,3.666667,1.666667,0.0,1.0,1.0,0.666667,0.0,0.0,20.333333,1.666667,0.666667,109.333333,5.333333,0.0,1.666667
LIVE_BELIEF,FAILURE_THRESHOLD,Q08_GUARDED,RESTRICTION_CHANGE,HIGH,4,VERBOSE_TYPED,12,0.666667,4.333333,3.666667,1.666667,0.0,1.0,1.0,0.666667,0.0,0.0,27.333333,1.666667,0.666667,110.0,5.333333,0.0,1.666667
LIVE_BELIEF,FAILURE_THRESHOLD,Q08_GUARDED,RESTRICTION_CHANGE,HIGH,8,COMPACT_TYPED,12,0.833333,8.833333,3.166667,1.5,0.0,1.0,0.666667,0.833333,0.0,0.0,18.833333,1.5,0.833333,136.666667,7.0,0.0,1.5
LIVE_BELIEF,FAILURE_THRESHOLD,Q08_GUARDED,RESTRICTION_CHANGE,HIGH,8,VERBOSE_TYPED,12,0.833333,8.833333,3.166667,1.5,0.0,1.0,0.666667,0.833333,0.0,0.0,26.833333,1.5,0.833333,137.5,7.0,0.0,1.5
LIVE_BELIEF,FAILURE_THRESHOLD,Q08_GUARDED,RESTRICTION_CHANGE,HIGH,12,COMPACT_TYPED,12,0.833333,12.5,3.5,1.666667,0.0,1.0,0.833333,0.833333,0.0,0.0,20.5,1.666667,0.833333,136.666667,9.333333,0.0,1.666667
LIVE_BELIEF,FAILURE_THRESHOLD,Q08_GUARDED,RESTRICTION_CHANGE,HIGH,12,VERBOSE_TYPED,12,0.833333,12.5,3.5,1.666667,0.0,1.0,0.833333,0.833333,0.0,0.0,28.5,1.666667,0.833333,137.5,9.333333,0.0,1.666667
LIVE_BELIEF,FAILURE_THRESHOLD,Q08_GUARDED,RESTRICTION_CHANGE,LOW,4,COMPACT_TYPED,12,0.833333,5.166667,2.833333,1.333333,0.0,1.0,0.5,0.833333,0.0,0.0,17.166667,1.333333,0.833333,136.666667,4.666667,0.0,1.333333
LIVE_BELIEF,FAILURE_THRESHOLD,Q08_GUARDED,RESTRICTION_CHANGE,LOW,4,VERBOSE_TYPED,12,0.833333,5.166667,2.833333,1.333333,0.0,1.0,0.5,0.833333,0.0,0.0,25.166667,1.333333,0.833333,137.5,4.666667,0.0,1.333333
LIVE_BELIEF,FAILURE_THRESHOLD,Q08_GUARDED,RESTRICTION_CHANGE,LOW,8,COMPACT_TYPED,12,0.833333,8.833333,3.166667,1.5,0.0,1.0,0.666667,0.833333,0.0,0.0,18.833333,1.5,0.833333,136.666667,7.0,0.0,1.5
LIVE_BELIEF,FAILURE_THRESHOLD,Q08_GUARDED,RESTRICTION_CHANGE,LOW,8,VERBOSE_TYPED,12,0.833333,8.833333,3.166667,1.5,0.0,1.0,0.666667,0.833333,0.0,0.0,26.833333,1.5,0.833333,137.5,7.0,0.0,1.5
LIVE_BELIEF,FAILURE_THRESHOLD,Q08_GUARDED,RESTRICTION_CHANGE,LOW,12,COMPACT_TYPED,12,0.833333,12.5,3.5,1.666667,0.0,1.0,0.833333,0.833333,0.0,0.0,20.5,1.666667,0.833333,136.666667,9.333333,0.0,1.666667
LIVE_BELIEF,FAILURE_THRESHOLD,Q08_GUARDED,RESTRICTION_CHANGE,LOW,12,VERBOSE_TYPED,12,0.833333,12.5,3.5,1.666667,0.0,1.0,0.833333,0.833333,0.0,0.0,28.5,1.666667,0.833333,137.5,9.333333,0.0,1.666667
LIVE_BELIEF,FAILURE_THRESHOLD,Q09_HOSTILE,AVAILABILITY_LOSS,HIGH,4,COMPACT_TYPED,12,0.0,1.0,7.0,2.0,0.0,1.0,2.0,0.0,0.0,0.0,29.5,2.0,0.0,0.0,8.0,0.0,2.0
LIVE_BELIEF,FAILURE_THRESHOLD,Q09_HOSTILE,AVAILABILITY_LOSS,HIGH,4,VERBOSE_TYPED,12,0.0,1.0,7.0,2.0,0.0,1.0,2.0,0.0,0.0,0.0,40.0,2.0,0.0,0.0,8.0,0.0,2.0
LIVE_BELIEF,FAILURE_THRESHOLD,Q09_HOSTILE,AVAILABILITY_LOSS,HIGH,8,COMPACT_TYPED,12,0.0,3.0,9.0,2.0,0.0,1.0,2.0,0.0,0.0,0.0,34.75,2.0,0.0,0.0,12.0,0.0,2.0
LIVE_BELIEF,FAILURE_THRESHOLD,Q09_HOSTILE,AVAILABILITY_LOSS,HIGH,8,VERBOSE_TYPED,12,0.0,3.0,9.0,2.0,0.0,1.0,2.0,0.0,0.0,0.0,49.0,2.0,0.0,0.0,12.0,0.0,2.0
LIVE_BELIEF,FAILURE_THRESHOLD,Q09_HOSTILE,AVAILABILITY_LOSS,HIGH,12,COMPACT_TYPED,12,0.0,5.0,11.0,3.0,0.0,1.0,3.0,0.0,0.0,0.0,45.25,3.0,0.0,0.0,16.0,0.0,3.0
LIVE_BELIEF,FAILURE_THRESHOLD,Q09_HOSTILE,AVAILABILITY_LOSS,HIGH,12,VERBOSE_TYPED,12,0.0,5.0,11.0,3.0,0.0,1.0,3.0,0.0,0.0,0.0,61.0,3.0,0.0,0.0,16.0,0.0,3.0
LIVE_BELIEF,FAILURE_THRESHOLD,Q09_HOSTILE,AVAILABILITY_LOSS,LOW,4,COMPACT_TYPED,12,0.0,1.0,7.0,2.0,0.0,1.0,2.0,0.0,0.0,0.0,30.75,2.0,0.0,0.0,8.0,0.0,2.0
LIVE_BELIEF,FAILURE_THRESHOLD,Q09_HOSTILE,AVAILABILITY_LOSS,LOW,4,VERBOSE_TYPED,12,0.0,1.0,7.0,2.0,0.0,1.0,2.0,0.0,0.0,0.0,45.0,2.0,0.0,0.0,8.0,0.0,2.0
LIVE_BELIEF,FAILURE_THRESHOLD,Q09_HOSTILE,AVAILABILITY_LOSS,LOW,8,COMPACT_TYPED,12,0.0,3.0,9.0,2.0,0.0,1.0,2.0,0.0,0.0,0.0,34.75,2.0,0.0,0.0,12.0,0.0,2.0
LIVE_BELIEF,FAILURE_THRESHOLD,Q09_HOSTILE,AVAILABILITY_LOSS,LOW,8,VERBOSE_TYPED,12,0.0,3.0,9.0,2.0,0.0,1.0,2.0,0.0,0.0,0.0,49.0,2.0,0.0,0.0,12.0,0.0,2.0
LIVE_BELIEF,FAILURE_THRESHOLD,Q09_HOSTILE,AVAILABILITY_LOSS,LOW,12,COMPACT_TYPED,12,0.0,5.0,11.0,3.0,0.0,1.0,3.0,0.0,0.0,0.0,44.25,3.0,0.0,0.0,16.0,0.0,3.0
LIVE_BELIEF,FAILURE_THRESHOLD,Q09_HOSTILE,AVAILABILITY_LOSS,LOW,12,VERBOSE_TYPED,12,0.0,5.0,11.0,3.0,0.0,1.0,3.0,0.0,0.0,0.0,57.0,3.0,0.0,0.0,16.0,0.0,3.0
LIVE_BELIEF,FAILURE_THRESHOLD,Q09_HOSTILE,CONTROL_FAILURE,HIGH,4,COMPACT_TYPED,12,1.0,5.0,3.0,1.0,0.0,1.0,1.0,0.0,0.0,0.0,16.5,1.0,0.0,0.0,8.0,0.0,1.0
LIVE_BELIEF,FAILURE_THRESHOLD,Q09_HOSTILE,CONTROL_FAILURE,HIGH,4,VERBOSE_TYPED,12,1.0,5.0,3.0,1.0,0.0,1.0,1.0,0.0,0.0,0.0,30.0,1.0,0.0,0.0,8.0,0.0,1.0
LIVE_BELIEF,FAILURE_THRESHOLD,Q09_HOSTILE,CONTROL_FAILURE,HIGH,8,COMPACT_TYPED,12,1.0,9.0,3.0,1.0,0.0,1.0,1.0,0.0,0.0,0.0,16.5,1.0,0.0,0.0,12.0,0.0,1.0
LIVE_BELIEF,FAILURE_THRESHOLD,Q09_HOSTILE,CONTROL_FAILURE,HIGH,8,VERBOSE_TYPED,12,1.0,9.0,3.0,1.0,0.0,1.0,1.0,0.0,0.0,0.0,30.0,1.0,0.0,0.0,12.0,0.0,1.0
LIVE_BELIEF,FAILURE_THRESHOLD,Q09_HOSTILE,CONTROL_FAILURE,HIGH,12,COMPACT_TYPED,12,1.0,13.0,3.0,1.0,0.0,1.0,1.0,0.0,0.0,0.0,16.25,1.0,0.0,0.0,16.0,0.0,1.0
LIVE_BELIEF,FAILURE_THRESHOLD,Q09_HOSTILE,CONTROL_FAILURE,HIGH,12,VERBOSE_TYPED,12,1.0,13.0,3.0,1.0,0.0,1.0,1.0,0.0,0.0,0.0,29.0,1.0,0.0,0.0,16.0,0.0,1.0
LIVE_BELIEF,FAILURE_THRESHOLD,Q09_HOSTILE,CONTROL_FAILURE,LOW,4,COMPACT_TYPED,12,1.0,6.0,2.0,1.0,0.0,1.0,1.0,0.0,0.0,0.0,14.5,1.0,0.0,0.0,8.0,0.0,1.0
LIVE_BELIEF,FAILURE_THRESHOLD,Q09_HOSTILE,CONTROL_FAILURE,LOW,4,VERBOSE_TYPED,12,1.0,6.0,2.0,1.0,0.0,1.0,1.0,0.0,0.0,0.0,28.0,1.0,0.0,0.0,8.0,0.0,1.0
LIVE_BELIEF,FAILURE_THRESHOLD,Q09_HOSTILE,CONTROL_FAILURE,LOW,8,COMPACT_TYPED,12,1.0,10.0,2.0,1.0,0.0,1.0,1.0,0.0,0.0,0.0,15.25,1.0,0.0,0.0,12.0,0.0,1.0
LIVE_BELIEF,FAILURE_THRESHOLD,Q09_HOSTILE,CONTROL_FAILURE,LOW,8,VERBOSE_TYPED,12,1.0,10.0,2.0,1.0,0.0,1.0,1.0,0.0,0.0,0.0,31.0,1.0,0.0,0.0,12.0,0.0,1.0
LIVE_BELIEF,FAILURE_THRESHOLD,Q09_HOSTILE,CONTROL_FAILURE,LOW,12,COMPACT_TYPED,12,1.0,14.0,2.0,1.0,0.0,1.0,1.0,0.0,0.0,0.0,14.75,1.0,0.0,0.0,16.0,0.0,1.0
LIVE_BELIEF,FAILURE_THRESHOLD,Q09_HOSTILE,CONTROL_FAILURE,LOW,12,VERBOSE_TYPED,12,1.0,14.0,2.0,1.0,0.0,1.0,1.0,0.0,0.0,0.0,29.0,1.0,0.0,0.0,16.0,0.0,1.0
LIVE_BELIEF,FAILURE_THRESHOLD,Q09_HOSTILE,POSE_SHIFT,HIGH,4,COMPACT_TYPED,12,0.0,1.0,7.0,2.0,0.0,1.0,2.0,0.0,0.0,0.0,30.75,2.0,0.0,0.0,8.0,0.0,2.0
LIVE_BELIEF,FAILURE_THRESHOLD,Q09_HOSTILE,POSE_SHIFT,HIGH,4,VERBOSE_TYPED,12,0.0,1.0,7.0,2.0,0.0,1.0,2.0,0.0,0.0,0.0,45.0,2.0,0.0,0.0,8.0,0.0,2.0
LIVE_BELIEF,FAILURE_THRESHOLD,Q09_HOSTILE,POSE_SHIFT,HIGH,8,COMPACT_TYPED,12,0.0,3.0,9.0,2.0,0.0,1.0,2.0,0.0,0.0,0.0,34.75,2.0,0.0,0.0,12.0,0.0,2.0
LIVE_BELIEF,FAILURE_THRESHOLD,Q09_HOSTILE,POSE_SHIFT,HIGH,8,VERBOSE_TYPED,12,0.0,3.0,9.0,2.0,0.0,1.0,2.0,0.0,0.0,0.0,49.0,2.0,0.0,0.0,12.0,0.0,2.0
LIVE_BELIEF,FAILURE_THRESHOLD,Q09_HOSTILE,POSE_SHIFT,HIGH,12,COMPACT_TYPED,12,0.0,5.0,11.0,3.0,0.0,1.0,3.0,0.0,0.0,0.0,44.5,3.0,0.0,0.0,16.0,0.0,3.0
LIVE_BELIEF,FAILURE_THRESHOLD,Q09_HOSTILE,POSE_SHIFT,HIGH,12,VERBOSE_TYPED,12,0.0,5.0,11.0,3.0,0.0,1.0,3.0,0.0,0.0,0.0,58.0,3.0,0.0,0.0,16.0,0.0,3.0
LIVE_BELIEF,FAILURE_THRESHOLD,Q09_HOSTILE,POSE_SHIFT,LOW,4,COMPACT_TYPED,12,0.0,1.0,7.0,2.0,0.0,1.0,2.0,0.0,0.0,0.0,30.75,2.0,0.0,0.0,8.0,0.0,2.0
LIVE_BELIEF,FAILURE_THRESHOLD,Q09_HOSTILE,POSE_SHIFT,LOW,4,VERBOSE_TYPED,12,0.0,1.0,7.0,2.0,0.0,1.0,2.0,0.0,0.0,0.0,45.0,2.0,0.0,0.0,8.0,0.0,2.0
LIVE_BELIEF,FAILURE_THRESHOLD,Q09_HOSTILE,POSE_SHIFT,LOW,8,COMPACT_TYPED,12,0.0,3.0,9.0,2.0,0.0,1.0,2.0,0.0,0.0,0.0,34.75,2.0,0.0,0.0,12.0,0.0,2.0
LIVE_BELIEF,FAILURE_THRESHOLD,Q09_HOSTILE,POSE_SHIFT,LOW,8,VERBOSE_TYPED,12,0.0,3.0,9.0,2.0,0.0,1.0,2.0,0.0,0.0,0.0,49.0,2.0,0.0,0.0,12.0,0.0,2.0
LIVE_BELIEF,FAILURE_THRESHOLD,Q09_HOSTILE,POSE_SHIFT,LOW,12,COMPACT_TYPED,12,0.0,5.0,11.0,3.0,0.0,1.0,3.0,0.0,0.0,0.0,44.0,3.0,0.0,0.0,16.0,0.0,3.0
LIVE_BELIEF,FAILURE_THRESHOLD,Q09_HOSTILE,POSE_SHIFT,LOW,12,VERBOSE_TYPED,12,0.0,5.0,11.0,3.0,0.0,1.0,3.0,0.0,0.0,0.0,56.0,3.0,0.0,0.0,16.0,0.0,3.0
LIVE_BELIEF,FAILURE_THRESHOLD,Q09_HOSTILE,RESTRICTION_CHANGE,HIGH,4,COMPACT_TYPED,12,0.0,1.0,7.0,2.0,0.0,1.0,2.0,0.0,0.0,0.0,30.25,2.0,0.0,0.0,8.0,0.0,2.0
LIVE_BELIEF,FAILURE_THRESHOLD,Q09_HOSTILE,RESTRICTION_CHANGE,HIGH,4,VERBOSE_TYPED,12,0.0,1.0,7.0,2.0,0.0,1.0,2.0,0.0,0.0,0.0,43.0,2.0,0.0,0.0,8.0,0.0,2.0
LIVE_BELIEF,FAILURE_THRESHOLD,Q09_HOSTILE,RESTRICTION_CHANGE,HIGH,8,COMPACT_TYPED,12,0.0,3.0,9.0,2.0,0.0,1.0,2.0,0.0,0.0,0.0,35.0,2.0,0.0,0.0,12.0,0.0,2.0
LIVE_BELIEF,FAILURE_THRESHOLD,Q09_HOSTILE,RESTRICTION_CHANGE,HIGH,8,VERBOSE_TYPED,12,0.0,3.0,9.0,2.0,0.0,1.0,2.0,0.0,0.0,0.0,50.0,2.0,0.0,0.0,12.0,0.0,2.0
LIVE_BELIEF,FAILURE_THRESHOLD,Q09_HOSTILE,RESTRICTION_CHANGE,HIGH,12,COMPACT_TYPED,12,0.0,5.0,11.0,3.0,0.0,1.0,3.0,0.0,0.0,0.0,44.75,3.0,0.0,0.0,16.0,0.0,3.0
LIVE_BELIEF,FAILURE_THRESHOLD,Q09_HOSTILE,RESTRICTION_CHANGE,HIGH,12,VERBOSE_TYPED,12,0.0,5.0,11.0,3.0,0.0,1.0,3.0,0.0,0.0,0.0,59.0,3.0,0.0,0.0,16.0,0.0,3.0
LIVE_BELIEF,FAILURE_THRESHOLD,Q09_HOSTILE,RESTRICTION_CHANGE,LOW,4,COMPACT_TYPED,12,0.0,1.0,7.0,2.0,0.0,1.0,2.0,0.0,0.0,0.0,30.75,2.0,0.0,0.0,8.0,0.0,2.0
LIVE_BELIEF,FAILURE_THRESHOLD,Q09_HOSTILE,RESTRICTION_CHANGE,LOW,4,VERBOSE_TYPED,12,0.0,1.0,7.0,2.0,0.0,1.0,2.0,0.0,0.0,0.0,45.0,2.0,0.0,0.0,8.0,0.0,2.0
LIVE_BELIEF,FAILURE_THRESHOLD,Q09_HOSTILE,RESTRICTION_CHANGE,LOW,8,COMPACT_TYPED,12,0.0,3.0,9.0,2.0,0.0,1.0,2.0,0.0,0.0,0.0,34.75,2.0,0.0,0.0,12.0,0.0,2.0
LIVE_BELIEF,FAILURE_THRESHOLD,Q09_HOSTILE,RESTRICTION_CHANGE,LOW,8,VERBOSE_TYPED,12,0.0,3.0,9.0,2.0,0.0,1.0,2.0,0.0,0.0,0.0,49.0,2.0,0.0,0.0,12.0,0.0,2.0
LIVE_BELIEF,FAILURE_THRESHOLD,Q09_HOSTILE,RESTRICTION_CHANGE,LOW,12,COMPACT_TYPED,12,0.0,5.0,11.0,3.0,0.0,1.0,3.0,0.0,0.0,0.0,45.25,3.0,0.0,0.0,16.0,0.0,3.0
LIVE_BELIEF,FAILURE_THRESHOLD,Q09_HOSTILE,RESTRICTION_CHANGE,LOW,12,VERBOSE_TYPED,12,0.0,5.0,11.0,3.0,0.0,1.0,3.0,0.0,0.0,0.0,61.0,3.0,0.0,0.0,16.0,0.0,3.0
LIVE_BELIEF,HYBRID,Q00_CLEAN,AVAILABILITY_LOSS,HIGH,4,COMPACT_TYPED,12,1.0,8.0,0.0,3.0,0.0,0.0,2.0,1.0,1.0,1.0,20.0,3.0,1.0,167.0,6.0,1.0,0.0
LIVE_BELIEF,HYBRID,Q00_CLEAN,AVAILABILITY_LOSS,HIGH,4,VERBOSE_TYPED,12,1.0,8.0,0.0,3.0,0.0,0.0,2.0,1.0,1.0,1.0,23.0,3.0,1.0,168.0,6.0,1.0,0.0
LIVE_BELIEF,HYBRID,Q00_CLEAN,AVAILABILITY_LOSS,HIGH,8,COMPACT_TYPED,12,1.0,12.0,0.0,5.0,0.0,0.0,4.0,1.0,1.0,1.0,32.0,5.0,1.0,167.0,8.0,1.0,0.0
LIVE_BELIEF,HYBRID,Q00_CLEAN,AVAILABILITY_LOSS,HIGH,8,VERBOSE_TYPED,12,1.0,12.0,0.0,5.0,0.0,0.0,4.0,1.0,1.0,1.0,35.0,5.0,1.0,168.0,8.0,1.0,0.0
LIVE_BELIEF,HYBRID,Q00_CLEAN,AVAILABILITY_LOSS,HIGH,12,COMPACT_TYPED,12,1.0,16.0,0.0,5.0,0.0,0.0,4.0,1.0,1.0,1.0,32.0,5.0,1.0,167.0,10.0,1.0,0.0
LIVE_BELIEF,HYBRID,Q00_CLEAN,AVAILABILITY_LOSS,HIGH,12,VERBOSE_TYPED,12,1.0,16.0,0.0,5.0,0.0,0.0,4.0,1.0,1.0,1.0,35.0,5.0,1.0,168.0,10.0,1.0,0.0
LIVE_BELIEF,HYBRID,Q00_CLEAN,AVAILABILITY_LOSS,LOW,4,COMPACT_TYPED,12,1.0,8.0,0.0,3.0,0.0,0.0,2.0,1.0,1.0,1.0,20.0,3.0,1.0,167.0,6.0,1.0,0.0
LIVE_BELIEF,HYBRID,Q00_CLEAN,AVAILABILITY_LOSS,LOW,4,VERBOSE_TYPED,12,1.0,8.0,0.0,3.0,0.0,0.0,2.0,1.0,1.0,1.0,23.0,3.0,1.0,168.0,6.0,1.0,0.0
LIVE_BELIEF,HYBRID,Q00_CLEAN,AVAILABILITY_LOSS,LOW,8,COMPACT_TYPED,12,1.0,12.0,0.0,5.0,0.0,0.0,4.0,1.0,1.0,1.0,32.0,5.0,1.0,167.0,8.0,1.0,0.0
LIVE_BELIEF,HYBRID,Q00_CLEAN,AVAILABILITY_LOSS,LOW,8,VERBOSE_TYPED,12,1.0,12.0,0.0,5.0,0.0,0.0,4.0,1.0,1.0,1.0,35.0,5.0,1.0,168.0,8.0,1.0,0.0
LIVE_BELIEF,HYBRID,Q00_CLEAN,AVAILABILITY_LOSS,LOW,12,COMPACT_TYPED,12,1.0,16.0,0.0,5.0,0.0,0.0,4.0,1.0,1.0,1.0,32.0,5.0,1.0,167.0,10.0,1.0,0.0
LIVE_BELIEF,HYBRID,Q00_CLEAN,AVAILABILITY_LOSS,LOW,12,VERBOSE_TYPED,12,1.0,16.0,0.0,5.0,0.0,0.0,4.0,1.0,1.0,1.0,35.0,5.0,1.0,168.0,10.0,1.0,0.0
LIVE_BELIEF,HYBRID,Q00_CLEAN,CONTROL_FAILURE,HIGH,4,COMPACT_TYPED,12,1.0,5.0,3.0,5.0,0.0,0.0,5.0,0.0,1.0,1.0,38.0,5.0,1.0,166.0,6.0,1.0,2.0
LIVE_BELIEF,HYBRID,Q00_CLEAN,CONTROL_FAILURE,HIGH,4,VERBOSE_TYPED,12,1.0,5.0,3.0,5.0,0.0,0.0,5.0,0.0,1.0,1.0,41.0,5.0,1.0,167.0,6.0,1.0,2.0
LIVE_BELIEF,HYBRID,Q00_CLEAN,CONTROL_FAILURE,HIGH,8,COMPACT_TYPED,12,1.0,9.0,3.0,6.0,0.0,0.0,6.0,0.0,1.0,1.0,44.0,6.0,1.0,166.0,8.0,1.0,2.0
LIVE_BELIEF,HYBRID,Q00_CLEAN,CONTROL_FAILURE,HIGH,8,VERBOSE_TYPED,12,1.0,9.0,3.0,6.0,0.0,0.0,6.0,0.0,1.0,1.0,47.0,6.0,1.0,167.0,8.0,1.0,2.0
LIVE_BELIEF,HYBRID,Q00_CLEAN,CONTROL_FAILURE,HIGH,12,COMPACT_TYPED,12,1.0,13.0,3.0,6.0,0.0,0.0,6.0,0.0,1.0,1.0,44.0,6.0,1.0,166.0,10.0,1.0,2.0
LIVE_BELIEF,HYBRID,Q00_CLEAN,CONTROL_FAILURE,HIGH,12,VERBOSE_TYPED,12,1.0,13.0,3.0,6.0,0.0,0.0,6.0,0.0,1.0,1.0,47.0,6.0,1.0,167.0,10.0,1.0,2.0
LIVE_BELIEF,HYBRID,Q00_CLEAN,CONTROL_FAILURE,LOW,4,COMPACT_TYPED,12,1.0,6.0,2.0,4.0,0.0,0.0,4.0,0.0,1.0,1.0,30.0,4.0,1.0,166.0,6.0,1.0,1.0
LIVE_BELIEF,HYBRID,Q00_CLEAN,CONTROL_FAILURE,LOW,4,VERBOSE_TYPED,12,1.0,6.0,2.0,4.0,0.0,0.0,4.0,0.0,1.0,1.0,33.0,4.0,1.0,167.0,6.0,1.0,1.0
LIVE_BELIEF,HYBRID,Q00_CLEAN,CONTROL_FAILURE,LOW,8,COMPACT_TYPED,12,1.0,10.0,2.0,5.0,0.0,0.0,5.0,0.0,1.0,1.0,36.0,5.0,1.0,166.0,8.0,1.0,1.0
LIVE_BELIEF,HYBRID,Q00_CLEAN,CONTROL_FAILURE,LOW,8,VERBOSE_TYPED,12,1.0,10.0,2.0,5.0,0.0,0.0,5.0,0.0,1.0,1.0,39.0,5.0,1.0,167.0,8.0,1.0,1.0
LIVE_BELIEF,HYBRID,Q00_CLEAN,CONTROL_FAILURE,LOW,12,COMPACT_TYPED,12,1.0,14.0,2.0,6.0,0.0,0.0,6.0,0.0,1.0,1.0,42.0,6.0,1.0,166.0,10.0,1.0,1.0
LIVE_BELIEF,HYBRID,Q00_CLEAN,CONTROL_FAILURE,LOW,12,VERBOSE_TYPED,12,1.0,14.0,2.0,6.0,0.0,0.0,6.0,0.0,1.0,1.0,45.0,6.0,1.0,167.0,10.0,1.0,1.0
LIVE_BELIEF,HYBRID,Q00_CLEAN,POSE_SHIFT,HIGH,4,COMPACT_TYPED,12,1.0,8.0,0.0,3.0,0.0,0.0,2.0,0.0,1.0,1.0,20.0,3.0,1.0,161.0,6.0,1.0,0.0
LIVE_BELIEF,HYBRID,Q00_CLEAN,POSE_SHIFT,HIGH,4,VERBOSE_TYPED,12,1.0,8.0,0.0,3.0,0.0,0.0,2.0,0.0,1.0,1.0,23.0,3.0,1.0,162.0,6.0,1.0,0.0
LIVE_BELIEF,HYBRID,Q00_CLEAN,POSE_SHIFT,HIGH,8,COMPACT_TYPED,12,1.0,12.0,0.0,5.0,0.0,0.0,4.0,0.0,1.0,1.0,32.0,5.0,1.0,161.0,8.0,1.0,0.0
LIVE_BELIEF,HYBRID,Q00_CLEAN,POSE_SHIFT,HIGH,8,VERBOSE_TYPED,12,1.0,12.0,0.0,5.0,0.0,0.0,4.0,0.0,1.0,1.0,35.0,5.0,1.0,162.0,8.0,1.0,0.0
LIVE_BELIEF,HYBRID,Q00_CLEAN,POSE_SHIFT,HIGH,12,COMPACT_TYPED,12,1.0,16.0,0.0,5.0,0.0,0.0,4.0,0.0,1.0,1.0,32.0,5.0,1.0,161.0,10.0,1.0,0.0
LIVE_BELIEF,HYBRID,Q00_CLEAN,POSE_SHIFT,HIGH,12,VERBOSE_TYPED,12,1.0,16.0,0.0,5.0,0.0,0.0,4.0,0.0,1.0,1.0,35.0,5.0,1.0,162.0,10.0,1.0,0.0
LIVE_BELIEF,HYBRID,Q00_CLEAN,POSE_SHIFT,LOW,4,COMPACT_TYPED,12,1.0,8.0,0.0,3.0,0.0,0.0,2.0,0.0,1.0,1.0,20.0,3.0,1.0,161.0,6.0,1.0,0.0
LIVE_BELIEF,HYBRID,Q00_CLEAN,POSE_SHIFT,LOW,4,VERBOSE_TYPED,12,1.0,8.0,0.0,3.0,0.0,0.0,2.0,0.0,1.0,1.0,23.0,3.0,1.0,162.0,6.0,1.0,0.0
LIVE_BELIEF,HYBRID,Q00_CLEAN,POSE_SHIFT,LOW,8,COMPACT_TYPED,12,1.0,12.0,0.0,5.0,0.0,0.0,4.0,0.0,1.0,1.0,32.0,5.0,1.0,161.0,8.0,1.0,0.0
LIVE_BELIEF,HYBRID,Q00_CLEAN,POSE_SHIFT,LOW,8,VERBOSE_TYPED,12,1.0,12.0,0.0,5.0,0.0,0.0,4.0,0.0,1.0,1.0,35.0,5.0,1.0,162.0,8.0,1.0,0.0
LIVE_BELIEF,HYBRID,Q00_CLEAN,POSE_SHIFT,LOW,12,COMPACT_TYPED,12,1.0,16.0,0.0,5.0,0.0,0.0,4.0,0.0,1.0,1.0,32.0,5.0,1.0,161.0,10.0,1.0,0.0
LIVE_BELIEF,HYBRID,Q00_CLEAN,POSE_SHIFT,LOW,12,VERBOSE_TYPED,12,1.0,16.0,0.0,5.0,0.0,0.0,4.0,0.0,1.0,1.0,35.0,5.0,1.0,162.0,10.0,1.0,0.0
LIVE_BELIEF,HYBRID,Q00_CLEAN,RESTRICTION_CHANGE,HIGH,4,COMPACT_TYPED,12,1.0,8.0,0.0,3.0,0.0,0.0,2.0,1.0,1.0,1.0,20.0,3.0,1.0,164.0,6.0,1.0,0.0
LIVE_BELIEF,HYBRID,Q00_CLEAN,RESTRICTION_CHANGE,HIGH,4,VERBOSE_TYPED,12,1.0,8.0,0.0,3.0,0.0,0.0,2.0,1.0,1.0,1.0,23.0,3.0,1.0,165.0,6.0,1.0,0.0
LIVE_BELIEF,HYBRID,Q00_CLEAN,RESTRICTION_CHANGE,HIGH,8,COMPACT_TYPED,12,1.0,12.0,0.0,5.0,0.0,0.0,4.0,1.0,1.0,1.0,32.0,5.0,1.0,164.0,8.0,1.0,0.0
LIVE_BELIEF,HYBRID,Q00_CLEAN,RESTRICTION_CHANGE,HIGH,8,VERBOSE_TYPED,12,1.0,12.0,0.0,5.0,0.0,0.0,4.0,1.0,1.0,1.0,35.0,5.0,1.0,165.0,8.0,1.0,0.0
LIVE_BELIEF,HYBRID,Q00_CLEAN,RESTRICTION_CHANGE,HIGH,12,COMPACT_TYPED,12,1.0,16.0,0.0,5.0,0.0,0.0,4.0,1.0,1.0,1.0,32.0,5.0,1.0,164.0,10.0,1.0,0.0
LIVE_BELIEF,HYBRID,Q00_CLEAN,RESTRICTION_CHANGE,HIGH,12,VERBOSE_TYPED,12,1.0,16.0,0.0,5.0,0.0,0.0,4.0,1.0,1.0,1.0,35.0,5.0,1.0,165.0,10.0,1.0,0.0
LIVE_BELIEF,HYBRID,Q00_CLEAN,RESTRICTION_CHANGE,LOW,4,COMPACT_TYPED,12,1.0,8.0,0.0,3.0,0.0,0.0,2.0,1.0,1.0,1.0,20.0,3.0,1.0,164.0,6.0,1.0,0.0
LIVE_BELIEF,HYBRID,Q00_CLEAN,RESTRICTION_CHANGE,LOW,4,VERBOSE_TYPED,12,1.0,8.0,0.0,3.0,0.0,0.0,2.0,1.0,1.0,1.0,23.0,3.0,1.0,165.0,6.0,1.0,0.0
LIVE_BELIEF,HYBRID,Q00_CLEAN,RESTRICTION_CHANGE,LOW,8,COMPACT_TYPED,12,1.0,12.0,0.0,5.0,0.0,0.0,4.0,1.0,1.0,1.0,32.0,5.0,1.0,164.0,8.0,1.0,0.0
LIVE_BELIEF,HYBRID,Q00_CLEAN,RESTRICTION_CHANGE,LOW,8,VERBOSE_TYPED,12,1.0,12.0,0.0,5.0,0.0,0.0,4.0,1.0,1.0,1.0,35.0,5.0,1.0,165.0,8.0,1.0,0.0
LIVE_BELIEF,HYBRID,Q00_CLEAN,RESTRICTION_CHANGE,LOW,12,COMPACT_TYPED,12,1.0,16.0,0.0,5.0,0.0,0.0,4.0,1.0,1.0,1.0,32.0,5.0,1.0,164.0,10.0,1.0,0.0
LIVE_BELIEF,HYBRID,Q00_CLEAN,RESTRICTION_CHANGE,LOW,12,VERBOSE_TYPED,12,1.0,16.0,0.0,5.0,0.0,0.0,4.0,1.0,1.0,1.0,35.0,5.0,1.0,165.0,10.0,1.0,0.0
LIVE_BELIEF,HYBRID,Q01_RECALL75,AVAILABILITY_LOSS,HIGH,4,COMPACT_TYPED,12,0.5,4.5,3.5,4.5,0.0,0.5,4.0,0.5,0.5,0.5,35.0,4.5,0.5,83.5,7.0,0.5,2.5
LIVE_BELIEF,HYBRID,Q01_RECALL75,AVAILABILITY_LOSS,HIGH,4,VERBOSE_TYPED,12,0.5,4.5,3.5,4.5,0.0,0.5,4.0,0.5,0.5,0.5,36.5,4.5,0.5,84.0,7.0,0.5,2.5
LIVE_BELIEF,HYBRID,Q01_RECALL75,AVAILABILITY_LOSS,HIGH,8,COMPACT_TYPED,12,0.75,9.75,2.25,5.75,0.0,0.25,5.0,0.75,0.75,0.75,40.5,5.75,0.75,125.25,9.0,0.75,1.75
LIVE_BELIEF,HYBRID,Q01_RECALL75,AVAILABILITY_LOSS,HIGH,8,VERBOSE_TYPED,12,0.75,9.75,2.25,5.75,0.0,0.25,5.0,0.75,0.75,0.75,42.75,5.75,0.75,126.0,9.0,0.75,1.75
LIVE_BELIEF,HYBRID,Q01_RECALL75,AVAILABILITY_LOSS,HIGH,12,COMPACT_TYPED,12,0.833333,14.166667,1.833333,6.0,0.0,0.166667,5.166667,0.833333,0.833333,0.833333,41.333333,6.0,0.833333,139.166667,11.0,0.833333,1.5
LIVE_BELIEF,HYBRID,Q01_RECALL75,AVAILABILITY_LOSS,HIGH,12,VERBOSE_TYPED,12,0.833333,14.166667,1.833333,6.0,0.0,0.166667,5.166667,0.833333,0.833333,0.833333,43.833333,6.0,0.833333,140.0,11.0,0.833333,1.5
LIVE_BELIEF,HYBRID,Q01_RECALL75,AVAILABILITY_LOSS,LOW,4,COMPACT_TYPED,12,0.833333,6.833333,1.166667,3.5,0.0,0.166667,2.666667,0.833333,0.833333,0.833333,25.0,3.5,0.833333,139.166667,6.333333,0.833333,0.833333
LIVE_BELIEF,HYBRID,Q01_RECALL75,AVAILABILITY_LOSS,LOW,4,VERBOSE_TYPED,12,0.833333,6.833333,1.166667,3.5,0.0,0.166667,2.666667,0.833333,0.833333,0.833333,27.5,3.5,0.833333,140.0,6.333333,0.833333,0.833333
LIVE_BELIEF,HYBRID,Q01_RECALL75,AVAILABILITY_LOSS,LOW,8,COMPACT_TYPED,12,0.75,9.75,2.25,5.75,0.0,0.25,5.0,0.75,0.75,0.75,40.5,5.75,0.75,125.25,9.0,0.75,1.75
LIVE_BELIEF,HYBRID,Q01_RECALL75,AVAILABILITY_LOSS,LOW,8,VERBOSE_TYPED,12,0.75,9.75,2.25,5.75,0.0,0.25,5.0,0.75,0.75,0.75,42.75,5.75,0.75,126.0,9.0,0.75,1.75
LIVE_BELIEF,HYBRID,Q01_RECALL75,AVAILABILITY_LOSS,LOW,12,COMPACT_TYPED,12,0.75,13.25,2.75,6.5,0.0,0.25,5.75,0.75,0.75,0.75,46.0,6.5,0.75,125.25,11.5,0.75,2.25
LIVE_BELIEF,HYBRID,Q01_RECALL75,AVAILABILITY_LOSS,LOW,12,VERBOSE_TYPED,12,0.75,13.25,2.75,6.5,0.0,0.25,5.75,0.75,0.75,0.75,48.25,6.5,0.75,126.0,11.5,0.75,2.25
LIVE_BELIEF,HYBRID,Q01_RECALL75,CONTROL_FAILURE,HIGH,4,COMPACT_TYPED,12,1.0,5.0,3.0,4.583333,0.0,0.416667,4.583333,0.0,0.583333,0.583333,34.666667,4.583333,0.583333,96.833333,6.833333,0.583333,2.0
LIVE_BELIEF,HYBRID,Q01_RECALL75,CONTROL_FAILURE,HIGH,4,VERBOSE_TYPED,12,1.0,5.0,3.0,4.583333,0.0,0.416667,4.583333,0.0,0.583333,0.583333,36.416667,4.583333,0.583333,97.416667,6.833333,0.583333,2.0
LIVE_BELIEF,HYBRID,Q01_RECALL75,CONTROL_FAILURE,HIGH,8,COMPACT_TYPED,12,1.0,9.0,3.0,5.833333,0.0,0.166667,5.833333,0.0,0.833333,0.833333,42.666667,5.833333,0.833333,138.333333,8.666667,0.833333,2.0
LIVE_BELIEF,HYBRID,Q01_RECALL75,CONTROL_FAILURE,HIGH,8,VERBOSE_TYPED,12,1.0,9.0,3.0,5.833333,0.0,0.166667,5.833333,0.0,0.833333,0.833333,45.166667,5.833333,0.833333,139.166667,8.666667,0.833333,2.0
LIVE_BELIEF,HYBRID,Q01_RECALL75,CONTROL_FAILURE,HIGH,12,COMPACT_TYPED,12,1.0,13.0,3.0,6.0,0.0,0.25,6.0,0.0,0.75,0.75,43.5,6.0,0.75,124.5,11.5,0.75,2.0
LIVE_BELIEF,HYBRID,Q01_RECALL75,CONTROL_FAILURE,HIGH,12,VERBOSE_TYPED,12,1.0,13.0,3.0,6.0,0.0,0.25,6.0,0.0,0.75,0.75,45.75,6.0,0.75,125.25,11.5,0.75,2.0
LIVE_BELIEF,HYBRID,Q01_RECALL75,CONTROL_FAILURE,LOW,4,COMPACT_TYPED,12,1.0,6.0,2.0,3.833333,0.0,0.166667,3.833333,0.0,0.833333,0.833333,28.666667,3.833333,0.833333,138.333333,6.333333,0.833333,1.0
LIVE_BELIEF,HYBRID,Q01_RECALL75,CONTROL_FAILURE,LOW,4,VERBOSE_TYPED,12,1.0,6.0,2.0,3.833333,0.0,0.166667,3.833333,0.0,0.833333,0.833333,31.166667,3.833333,0.833333,139.166667,6.333333,0.833333,1.0
LIVE_BELIEF,HYBRID,Q01_RECALL75,CONTROL_FAILURE,LOW,8,COMPACT_TYPED,12,1.0,10.0,2.0,4.75,0.0,0.25,4.75,0.0,0.75,0.75,34.0,4.75,0.75,124.5,9.0,0.75,1.0
LIVE_BELIEF,HYBRID,Q01_RECALL75,CONTROL_FAILURE,LOW,8,VERBOSE_TYPED,12,1.0,10.0,2.0,4.75,0.0,0.25,4.75,0.0,0.75,0.75,36.25,4.75,0.75,125.25,9.0,0.75,1.0
LIVE_BELIEF,HYBRID,Q01_RECALL75,CONTROL_FAILURE,LOW,12,COMPACT_TYPED,12,1.0,14.0,2.0,6.0,0.0,0.083333,6.0,0.0,0.916667,0.916667,41.833333,6.0,0.916667,152.166667,10.5,0.916667,1.0
LIVE_BELIEF,HYBRID,Q01_RECALL75,CONTROL_FAILURE,LOW,12,VERBOSE_TYPED,12,1.0,14.0,2.0,6.0,0.0,0.083333,6.0,0.0,0.916667,0.916667,44.583333,6.0,0.916667,153.083333,10.5,0.916667,1.0
LIVE_BELIEF,HYBRID,Q01_RECALL75,POSE_SHIFT,HIGH,4,COMPACT_TYPED,12,0.583333,5.083333,2.916667,4.25,0.0,0.416667,3.666667,0.0,0.583333,0.583333,32.5,4.25,0.583333,93.916667,6.833333,0.583333,2.083333
LIVE_BELIEF,HYBRID,Q01_RECALL75,POSE_SHIFT,HIGH,4,VERBOSE_TYPED,12,0.583333,5.083333,2.916667,4.25,0.0,0.416667,3.666667,0.0,0.583333,0.583333,34.25,4.25,0.583333,94.5,6.833333,0.583333,2.083333
LIVE_BELIEF,HYBRID,Q01_RECALL75,POSE_SHIFT,HIGH,8,COMPACT_TYPED,12,0.75,9.75,2.25,5.75,0.0,0.25,5.0,0.0,0.75,0.75,40.5,5.75,0.75,120.75,9.0,0.75,1.75
LIVE_BELIEF,HYBRID,Q01_RECALL75,POSE_SHIFT,HIGH,8,VERBOSE_TYPED,12,0.75,9.75,2.25,5.75,0.0,0.25,5.0,0.0,0.75,0.75,42.75,5.75,0.75,121.5,9.0,0.75,1.75
LIVE_BELIEF,HYBRID,Q01_RECALL75,POSE_SHIFT,HIGH,12,COMPACT_TYPED,12,0.666667,12.333333,3.666667,7.0,0.0,0.333333,6.333333,0.0,0.666667,0.666667,50.666667,7.0,0.666667,107.333333,12.0,0.666667,3.0
LIVE_BELIEF,HYBRID,Q01_RECALL75,POSE_SHIFT,HIGH,12,VERBOSE_TYPED,12,0.666667,12.333333,3.666667,7.0,0.0,0.333333,6.333333,0.0,0.666667,0.666667,52.666667,7.0,0.666667,108.0,12.0,0.666667,3.0
LIVE_BELIEF,HYBRID,Q01_RECALL75,POSE_SHIFT,LOW,4,COMPACT_TYPED,12,0.75,6.25,1.75,3.75,0.0,0.25,3.0,0.0,0.75,0.75,27.5,3.75,0.75,120.75,6.5,0.75,1.25
LIVE_BELIEF,HYBRID,Q01_RECALL75,POSE_SHIFT,LOW,4,VERBOSE_TYPED,12,0.75,6.25,1.75,3.75,0.0,0.25,3.0,0.0,0.75,0.75,29.75,3.75,0.75,121.5,6.5,0.75,1.25
LIVE_BELIEF,HYBRID,Q01_RECALL75,POSE_SHIFT,LOW,8,COMPACT_TYPED,12,0.833333,10.5,1.5,5.5,0.0,0.166667,4.666667,0.0,0.833333,0.833333,37.666667,5.5,0.833333,134.166667,8.666667,0.833333,1.166667
LIVE_BELIEF,HYBRID,Q01_RECALL75,POSE_SHIFT,LOW,8,VERBOSE_TYPED,12,0.833333,10.5,1.5,5.5,0.0,0.166667,4.666667,0.0,0.833333,0.833333,40.166667,5.5,0.833333,135.0,8.666667,0.833333,1.166667
LIVE_BELIEF,HYBRID,Q01_RECALL75,POSE_SHIFT,LOW,12,COMPACT_TYPED,12,0.666667,12.333333,3.666667,7.0,0.0,0.333333,6.333333,0.0,0.666667,0.666667,50.666667,7.0,0.666667,107.333333,12.0,0.666667,3.0
LIVE_BELIEF,HYBRID,Q01_RECALL75,POSE_SHIFT,LOW,12,VERBOSE_TYPED,12,0.666667,12.333333,3.666667,7.0,0.0,0.333333,6.333333,0.0,0.666667,0.666667,52.666667,7.0,0.666667,108.0,12.0,0.666667,3.0
LIVE_BELIEF,HYBRID,Q01_RECALL75,RESTRICTION_CHANGE,HIGH,4,COMPACT_TYPED,12,0.666667,5.666667,2.333333,4.0,0.0,0.333333,3.333333,0.666667,0.666667,0.666667,30.0,4.0,0.666667,109.333333,6.666667,0.666667,1.666667
LIVE_BELIEF,HYBRID,Q01_RECALL75,RESTRICTION_CHANGE,HIGH,4,VERBOSE_TYPED,12,0.666667,5.666667,2.333333,4.0,0.0,0.333333,3.333333,0.666667,0.666667,0.666667,32.0,4.0,0.666667,110.0,6.666667,0.666667,1.666667
LIVE_BELIEF,HYBRID,Q01_RECALL75,RESTRICTION_CHANGE,HIGH,8,COMPACT_TYPED,12,0.833333,10.5,1.5,5.5,0.0,0.166667,4.666667,0.833333,0.833333,0.833333,37.666667,5.5,0.833333,136.666667,8.666667,0.833333,1.166667
LIVE_BELIEF,HYBRID,Q01_RECALL75,RESTRICTION_CHANGE,HIGH,8,VERBOSE_TYPED,12,0.833333,10.5,1.5,5.5,0.0,0.166667,4.666667,0.833333,0.833333,0.833333,40.166667,5.5,0.833333,137.5,8.666667,0.833333,1.166667
LIVE_BELIEF,HYBRID,Q01_RECALL75,RESTRICTION_CHANGE,HIGH,12,COMPACT_TYPED,12,0.833333,14.166667,1.833333,6.0,0.0,0.166667,5.166667,0.833333,0.833333,0.833333,41.333333,6.0,0.833333,136.666667,11.0,0.833333,1.5
LIVE_BELIEF,HYBRID,Q01_RECALL75,RESTRICTION_CHANGE,HIGH,12,VERBOSE_TYPED,12,0.833333,14.166667,1.833333,6.0,0.0,0.166667,5.166667,0.833333,0.833333,0.833333,43.833333,6.0,0.833333,137.5,11.0,0.833333,1.5
LIVE_BELIEF,HYBRID,Q01_RECALL75,RESTRICTION_CHANGE,LOW,4,COMPACT_TYPED,12,0.833333,6.833333,1.166667,3.5,0.0,0.166667,2.666667,0.833333,0.833333,0.833333,25.0,3.5,0.833333,136.666667,6.333333,0.833333,0.833333
LIVE_BELIEF,HYBRID,Q01_RECALL75,RESTRICTION_CHANGE,LOW,4,VERBOSE_TYPED,12,0.833333,6.833333,1.166667,3.5,0.0,0.166667,2.666667,0.833333,0.833333,0.833333,27.5,3.5,0.833333,137.5,6.333333,0.833333,0.833333
LIVE_BELIEF,HYBRID,Q01_RECALL75,RESTRICTION_CHANGE,LOW,8,COMPACT_TYPED,12,0.833333,10.5,1.5,5.5,0.0,0.166667,4.666667,0.833333,0.833333,0.833333,37.666667,5.5,0.833333,136.666667,8.666667,0.833333,1.166667
LIVE_BELIEF,HYBRID,Q01_RECALL75,RESTRICTION_CHANGE,LOW,8,VERBOSE_TYPED,12,0.833333,10.5,1.5,5.5,0.0,0.166667,4.666667,0.833333,0.833333,0.833333,40.166667,5.5,0.833333,137.5,8.666667,0.833333,1.166667
LIVE_BELIEF,HYBRID,Q01_RECALL75,RESTRICTION_CHANGE,LOW,12,COMPACT_TYPED,12,0.833333,14.166667,1.833333,6.0,0.0,0.166667,5.166667,0.833333,0.833333,0.833333,41.333333,6.0,0.833333,136.666667,11.0,0.833333,1.5
LIVE_BELIEF,HYBRID,Q01_RECALL75,RESTRICTION_CHANGE,LOW,12,VERBOSE_TYPED,12,0.833333,14.166667,1.833333,6.0,0.0,0.166667,5.166667,0.833333,0.833333,0.833333,43.833333,6.0,0.833333,137.5,11.0,0.833333,1.5
LIVE_BELIEF,HYBRID,Q02_RECALL50,AVAILABILITY_LOSS,HIGH,4,COMPACT_TYPED,12,0.166667,2.166667,5.833333,5.5,0.0,0.833333,5.333333,0.166667,0.166667,0.166667,45.0,5.5,0.166667,27.833333,7.666667,0.166667,4.166667
LIVE_BELIEF,HYBRID,Q02_RECALL50,AVAILABILITY_LOSS,HIGH,4,VERBOSE_TYPED,12,0.166667,2.166667,5.833333,5.5,0.0,0.833333,5.333333,0.166667,0.166667,0.166667,45.5,5.5,0.166667,28.0,7.666667,0.166667,4.166667
LIVE_BELIEF,HYBRID,Q02_RECALL50,AVAILABILITY_LOSS,HIGH,8,COMPACT_TYPED,12,0.583333,8.25,3.75,6.25,0.0,0.416667,5.666667,0.583333,0.583333,0.583333,46.166667,6.25,0.583333,97.416667,9.666667,0.583333,2.916667
LIVE_BELIEF,HYBRID,Q02_RECALL50,AVAILABILITY_LOSS,HIGH,8,VERBOSE_TYPED,12,0.583333,8.25,3.75,6.25,0.0,0.416667,5.666667,0.583333,0.583333,0.583333,47.916667,6.25,0.583333,98.0,9.666667,0.583333,2.916667
LIVE_BELIEF,HYBRID,Q02_RECALL50,AVAILABILITY_LOSS,HIGH,12,COMPACT_TYPED,12,0.75,13.25,2.75,6.5,0.0,0.25,5.75,0.75,0.75,0.75,46.0,6.5,0.75,125.25,11.5,0.75,2.25
LIVE_BELIEF,HYBRID,Q02_RECALL50,AVAILABILITY_LOSS,HIGH,12,VERBOSE_TYPED,12,0.75,13.25,2.75,6.5,0.0,0.25,5.75,0.75,0.75,0.75,48.25,6.5,0.75,126.0,11.5,0.75,2.25
LIVE_BELIEF,HYBRID,Q02_RECALL50,AVAILABILITY_LOSS,LOW,4,COMPACT_TYPED,12,0.583333,5.083333,2.916667,4.25,0.0,0.416667,3.666667,0.583333,0.583333,0.583333,32.5,4.25,0.583333,97.416667,6.833333,0.583333,2.083333
LIVE_BELIEF,HYBRID,Q02_RECALL50,AVAILABILITY_LOSS,LOW,4,VERBOSE_TYPED,12,0.583333,5.083333,2.916667,4.25,0.0,0.416667,3.666667,0.583333,0.583333,0.583333,34.25,4.25,0.583333,98.0,6.833333,0.583333,2.083333
LIVE_BELIEF,HYBRID,Q02_RECALL50,AVAILABILITY_LOSS,LOW,8,COMPACT_TYPED,12,0.583333,8.25,3.75,6.25,0.0,0.416667,5.666667,0.583333,0.583333,0.583333,46.166667,6.25,0.583333,97.416667,9.666667,0.583333,2.916667
LIVE_BELIEF,HYBRID,Q02_RECALL50,AVAILABILITY_LOSS,LOW,8,VERBOSE_TYPED,12,0.583333,8.25,3.75,6.25,0.0,0.416667,5.666667,0.583333,0.583333,0.583333,47.916667,6.25,0.583333,98.0,9.666667,0.583333,2.916667
LIVE_BELIEF,HYBRID,Q02_RECALL50,AVAILABILITY_LOSS,LOW,12,COMPACT_TYPED,12,0.416667,9.583333,6.416667,8.5,0.0,0.583333,8.083333,0.416667,0.416667,0.416667,64.666667,8.5,0.416667,69.583333,13.5,0.416667,5.25
LIVE_BELIEF,HYBRID,Q02_RECALL50,AVAILABILITY_LOSS,LOW,12,VERBOSE_TYPED,12,0.416667,9.583333,6.416667,8.5,0.0,0.583333,8.083333,0.416667,0.416667,0.416667,65.916667,8.5,0.416667,70.0,13.5,0.416667,5.25
LIVE_BELIEF,HYBRID,Q02_RECALL50,CONTROL_FAILURE,HIGH,4,COMPACT_TYPED,12,1.0,5.0,3.0,4.5,0.0,0.5,4.5,0.0,0.5,0.5,34.0,4.5,0.5,83.0,7.0,0.5,2.0
LIVE_BELIEF,HYBRID,Q02_RECALL50,CONTROL_FAILURE,HIGH,4,VERBOSE_TYPED,12,1.0,5.0,3.0,4.5,0.0,0.5,4.5,0.0,0.5,0.5,35.5,4.5,0.5,83.5,7.0,0.5,2.0
LIVE_BELIEF,HYBRID,Q02_RECALL50,CONTROL_FAILURE,HIGH,8,COMPACT_TYPED,12,1.0,9.0,3.0,5.5,0.0,0.5,5.5,0.0,0.5,0.5,40.0,5.5,0.5,83.0,10.0,0.5,2.0
LIVE_BELIEF,HYBRID,Q02_RECALL50,CONTROL_FAILURE,HIGH,8,VERBOSE_TYPED,12,1.0,9.0,3.0,5.5,0.0,0.5,5.5,0.0,0.5,0.5,41.5,5.5,0.5,83.5,10.0,0.5,2.0
LIVE_BELIEF,HYBRID,Q02_RECALL50,CONTROL_FAILURE,HIGH,12,COMPACT_TYPED,12,1.0,13.0,3.0,6.0,0.0,0.583333,6.0,0.0,0.416667,0.416667,42.833333,6.0,0.416667,69.166667,13.5,0.416667,2.0
LIVE_BELIEF,HYBRID,Q02_RECALL50,CONTROL_FAILURE,HIGH,12,VERBOSE_TYPED,12,1.0,13.0,3.0,6.0,0.0,0.583333,6.0,0.0,0.416667,0.416667,44.083333,6.0,0.416667,69.583333,13.5,0.416667,2.0
LIVE_BELIEF,HYBRID,Q02_RECALL50,CONTROL_FAILURE,LOW,4,COMPACT_TYPED,12,1.0,6.0,2.0,3.5,0.0,0.5,3.5,0.0,0.5,0.5,26.0,3.5,0.5,83.0,7.0,0.5,1.0
LIVE_BELIEF,HYBRID,Q02_RECALL50,CONTROL_FAILURE,LOW,4,VERBOSE_TYPED,12,1.0,6.0,2.0,3.5,0.0,0.5,3.5,0.0,0.5,0.5,27.5,3.5,0.5,83.5,7.0,0.5,1.0
LIVE_BELIEF,HYBRID,Q02_RECALL50,CONTROL_FAILURE,LOW,8,COMPACT_TYPED,12,1.0,10.0,2.0,4.75,0.0,0.25,4.75,0.0,0.75,0.75,34.0,4.75,0.75,124.5,9.0,0.75,1.0
LIVE_BELIEF,HYBRID,Q02_RECALL50,CONTROL_FAILURE,LOW,8,VERBOSE_TYPED,12,1.0,10.0,2.0,4.75,0.0,0.25,4.75,0.0,0.75,0.75,36.25,4.75,0.75,125.25,9.0,0.75,1.0
LIVE_BELIEF,HYBRID,Q02_RECALL50,CONTROL_FAILURE,LOW,12,COMPACT_TYPED,12,1.0,14.0,2.0,6.0,0.0,0.416667,6.0,0.0,0.583333,0.583333,41.166667,6.0,0.583333,96.833333,12.5,0.583333,1.0
LIVE_BELIEF,HYBRID,Q02_RECALL50,CONTROL_FAILURE,LOW,12,VERBOSE_TYPED,12,1.0,14.0,2.0,6.0,0.0,0.416667,6.0,0.0,0.583333,0.583333,42.916667,6.0,0.583333,97.416667,12.5,0.583333,1.0
LIVE_BELIEF,HYBRID,Q02_RECALL50,POSE_SHIFT,HIGH,4,COMPACT_TYPED,12,0.583333,5.083333,2.916667,4.25,0.0,0.416667,3.666667,0.0,0.583333,0.583333,32.5,4.25,0.583333,93.916667,6.833333,0.583333,2.083333
LIVE_BELIEF,HYBRID,Q02_RECALL50,POSE_SHIFT,HIGH,4,VERBOSE_TYPED,12,0.583333,5.083333,2.916667,4.25,0.0,0.416667,3.666667,0.0,0.583333,0.583333,34.25,4.25,0.583333,94.5,6.833333,0.583333,2.083333
LIVE_BELIEF,HYBRID,Q02_RECALL50,POSE_SHIFT,HIGH,8,COMPACT_TYPED,12,0.583333,8.25,3.75,6.25,0.0,0.416667,5.666667,0.0,0.583333,0.583333,46.166667,6.25,0.583333,93.916667,9.666667,0.583333,2.916667
LIVE_BELIEF,HYBRID,Q02_RECALL50,POSE_SHIFT,HIGH,8,VERBOSE_TYPED,12,0.583333,8.25,3.75,6.25,0.0,0.416667,5.666667,0.0,0.583333,0.583333,47.916667,6.25,0.583333,94.5,9.666667,0.583333,2.916667
LIVE_BELIEF,HYBRID,Q02_RECALL50,POSE_SHIFT,HIGH,12,COMPACT_TYPED,12,0.5,10.5,5.5,8.0,0.0,0.5,7.5,0.0,0.5,0.5,60.0,8.0,0.5,80.5,13.0,0.5,4.5
LIVE_BELIEF,HYBRID,Q02_RECALL50,POSE_SHIFT,HIGH,12,VERBOSE_TYPED,12,0.5,10.5,5.5,8.0,0.0,0.5,7.5,0.0,0.5,0.5,61.5,8.0,0.5,81.0,13.0,0.5,4.5
LIVE_BELIEF,HYBRID,Q02_RECALL50,POSE_SHIFT,LOW,4,COMPACT_TYPED,12,0.583333,5.083333,2.916667,4.25,0.0,0.416667,3.666667,0.0,0.583333,0.583333,32.5,4.25,0.583333,93.916667,6.833333,0.583333,2.083333
LIVE_BELIEF,HYBRID,Q02_RECALL50,POSE_SHIFT,LOW,4,VERBOSE_TYPED,12,0.583333,5.083333,2.916667,4.25,0.0,0.416667,3.666667,0.0,0.583333,0.583333,34.25,4.25,0.583333,94.5,6.833333,0.583333,2.083333
LIVE_BELIEF,HYBRID,Q02_RECALL50,POSE_SHIFT,LOW,8,COMPACT_TYPED,12,0.583333,8.25,3.75,6.25,0.0,0.416667,5.666667,0.0,0.583333,0.583333,46.166667,6.25,0.583333,93.916667,9.666667,0.583333,2.916667
LIVE_BELIEF,HYBRID,Q02_RECALL50,POSE_SHIFT,LOW,8,VERBOSE_TYPED,12,0.583333,8.25,3.75,6.25,0.0,0.416667,5.666667,0.0,0.583333,0.583333,47.916667,6.25,0.583333,94.5,9.666667,0.583333,2.916667
LIVE_BELIEF,HYBRID,Q02_RECALL50,POSE_SHIFT,LOW,12,COMPACT_TYPED,12,0.333333,8.666667,7.333333,9.0,0.0,0.666667,8.666667,0.0,0.333333,0.333333,69.333333,9.0,0.333333,53.666667,14.0,0.333333,6.0
LIVE_BELIEF,HYBRID,Q02_RECALL50,POSE_SHIFT,LOW,12,VERBOSE_TYPED,12,0.333333,8.666667,7.333333,9.0,0.0,0.666667,8.666667,0.0,0.333333,0.333333,70.333333,9.0,0.333333,54.0,14.0,0.333333,6.0
LIVE_BELIEF,HYBRID,Q02_RECALL50,RESTRICTION_CHANGE,HIGH,4,COMPACT_TYPED,12,0.416667,3.916667,4.083333,4.75,0.0,0.583333,4.333333,0.416667,0.416667,0.416667,37.5,4.75,0.416667,68.333333,7.166667,0.416667,2.916667
LIVE_BELIEF,HYBRID,Q02_RECALL50,RESTRICTION_CHANGE,HIGH,4,VERBOSE_TYPED,12,0.416667,3.916667,4.083333,4.75,0.0,0.583333,4.333333,0.416667,0.416667,0.416667,38.75,4.75,0.416667,68.75,7.166667,0.416667,2.916667
LIVE_BELIEF,HYBRID,Q02_RECALL50,RESTRICTION_CHANGE,HIGH,8,COMPACT_TYPED,12,0.666667,9.0,3.0,6.0,0.0,0.333333,5.333333,0.666667,0.666667,0.666667,43.333333,6.0,0.666667,109.333333,9.333333,0.666667,2.333333
LIVE_BELIEF,HYBRID,Q02_RECALL50,RESTRICTION_CHANGE,HIGH,8,VERBOSE_TYPED,12,0.666667,9.0,3.0,6.0,0.0,0.333333,5.333333,0.666667,0.666667,0.666667,45.333333,6.0,0.666667,110.0,9.333333,0.666667,2.333333
LIVE_BELIEF,HYBRID,Q02_RECALL50,RESTRICTION_CHANGE,HIGH,12,COMPACT_TYPED,12,0.583333,11.416667,4.583333,7.5,0.0,0.416667,6.916667,0.583333,0.583333,0.583333,55.333333,7.5,0.583333,95.666667,12.5,0.583333,3.75
LIVE_BELIEF,HYBRID,Q02_RECALL50,RESTRICTION_CHANGE,HIGH,12,VERBOSE_TYPED,12,0.583333,11.416667,4.583333,7.5,0.0,0.416667,6.916667,0.583333,0.583333,0.583333,57.083333,7.5,0.583333,96.25,12.5,0.583333,3.75
LIVE_BELIEF,HYBRID,Q02_RECALL50,RESTRICTION_CHANGE,LOW,4,COMPACT_TYPED,12,0.583333,5.083333,2.916667,4.25,0.0,0.416667,3.666667,0.583333,0.583333,0.583333,32.5,4.25,0.583333,95.666667,6.833333,0.583333,2.083333
LIVE_BELIEF,HYBRID,Q02_RECALL50,RESTRICTION_CHANGE,LOW,4,VERBOSE_TYPED,12,0.583333,5.083333,2.916667,4.25,0.0,0.416667,3.666667,0.583333,0.583333,0.583333,34.25,4.25,0.583333,96.25,6.833333,0.583333,2.083333
LIVE_BELIEF,HYBRID,Q02_RECALL50,RESTRICTION_CHANGE,LOW,8,COMPACT_TYPED,12,0.583333,8.25,3.75,6.25,0.0,0.416667,5.666667,0.583333,0.583333,0.583333,46.166667,6.25,0.583333,95.666667,9.666667,0.583333,2.916667
LIVE_BELIEF,HYBRID,Q02_RECALL50,RESTRICTION_CHANGE,LOW,8,VERBOSE_TYPED,12,0.583333,8.25,3.75,6.25,0.0,0.416667,5.666667,0.583333,0.583333,0.583333,47.916667,6.25,0.583333,96.25,9.666667,0.583333,2.916667
LIVE_BELIEF,HYBRID,Q02_RECALL50,RESTRICTION_CHANGE,LOW,12,COMPACT_TYPED,12,0.75,13.25,2.75,6.5,0.0,0.25,5.75,0.75,0.75,0.75,46.0,6.5,0.75,123.0,11.5,0.75,2.25
LIVE_BELIEF,HYBRID,Q02_RECALL50,RESTRICTION_CHANGE,LOW,12,VERBOSE_TYPED,12,0.75,13.25,2.75,6.5,0.0,0.25,5.75,0.75,0.75,0.75,48.25,6.5,0.75,123.75,11.5,0.75,2.25
LIVE_BELIEF,HYBRID,Q03_RECALL25,AVAILABILITY_LOSS,HIGH,4,COMPACT_TYPED,12,0.166667,2.166667,5.833333,5.5,0.0,0.833333,5.333333,0.166667,0.166667,0.166667,45.0,5.5,0.166667,27.833333,7.666667,0.166667,4.166667
LIVE_BELIEF,HYBRID,Q03_RECALL25,AVAILABILITY_LOSS,HIGH,4,VERBOSE_TYPED,12,0.166667,2.166667,5.833333,5.5,0.0,0.833333,5.333333,0.166667,0.166667,0.166667,45.5,5.5,0.166667,28.0,7.666667,0.166667,4.166667
LIVE_BELIEF,HYBRID,Q03_RECALL25,AVAILABILITY_LOSS,HIGH,8,COMPACT_TYPED,12,0.416667,6.75,5.25,6.75,0.0,0.583333,6.333333,0.416667,0.416667,0.416667,51.833333,6.75,0.416667,69.583333,10.333333,0.416667,4.083333
LIVE_BELIEF,HYBRID,Q03_RECALL25,AVAILABILITY_LOSS,HIGH,8,VERBOSE_TYPED,12,0.416667,6.75,5.25,6.75,0.0,0.583333,6.333333,0.416667,0.416667,0.416667,53.083333,6.75,0.416667,70.0,10.333333,0.416667,4.083333
LIVE_BELIEF,HYBRID,Q03_RECALL25,AVAILABILITY_LOSS,HIGH,12,COMPACT_TYPED,12,0.583333,11.416667,4.583333,7.5,0.0,0.416667,6.916667,0.583333,0.583333,0.583333,55.333333,7.5,0.583333,97.416667,12.5,0.583333,3.75
LIVE_BELIEF,HYBRID,Q03_RECALL25,AVAILABILITY_LOSS,HIGH,12,VERBOSE_TYPED,12,0.583333,11.416667,4.583333,7.5,0.0,0.416667,6.916667,0.583333,0.583333,0.583333,57.083333,7.5,0.583333,98.0,12.5,0.583333,3.75
LIVE_BELIEF,HYBRID,Q03_RECALL25,AVAILABILITY_LOSS,LOW,4,COMPACT_TYPED,12,0.416667,3.916667,4.083333,4.75,0.0,0.583333,4.333333,0.416667,0.416667,0.416667,37.5,4.75,0.416667,69.583333,7.166667,0.416667,2.916667
LIVE_BELIEF,HYBRID,Q03_RECALL25,AVAILABILITY_LOSS,LOW,4,VERBOSE_TYPED,12,0.416667,3.916667,4.083333,4.75,0.0,0.583333,4.333333,0.416667,0.416667,0.416667,38.75,4.75,0.416667,70.0,7.166667,0.416667,2.916667
LIVE_BELIEF,HYBRID,Q03_RECALL25,AVAILABILITY_LOSS,LOW,8,COMPACT_TYPED,12,0.333333,6.0,6.0,7.0,0.0,0.666667,6.666667,0.333333,0.333333,0.333333,54.666667,7.0,0.333333,55.666667,10.666667,0.333333,4.666667
LIVE_BELIEF,HYBRID,Q03_RECALL25,AVAILABILITY_LOSS,LOW,8,VERBOSE_TYPED,12,0.333333,6.0,6.0,7.0,0.0,0.666667,6.666667,0.333333,0.333333,0.333333,55.666667,7.0,0.333333,56.0,10.666667,0.333333,4.666667
LIVE_BELIEF,HYBRID,Q03_RECALL25,AVAILABILITY_LOSS,LOW,12,COMPACT_TYPED,12,0.25,7.75,8.25,9.5,0.0,0.75,9.25,0.25,0.25,0.25,74.0,9.5,0.25,41.75,14.5,0.25,6.75
LIVE_BELIEF,HYBRID,Q03_RECALL25,AVAILABILITY_LOSS,LOW,12,VERBOSE_TYPED,12,0.25,7.75,8.25,9.5,0.0,0.75,9.25,0.25,0.25,0.25,74.75,9.5,0.25,42.0,14.5,0.25,6.75
LIVE_BELIEF,HYBRID,Q03_RECALL25,CONTROL_FAILURE,HIGH,4,COMPACT_TYPED,12,1.0,5.0,3.0,4.25,0.0,0.75,4.25,0.0,0.25,0.25,32.0,4.25,0.25,41.5,7.5,0.25,2.0
LIVE_BELIEF,HYBRID,Q03_RECALL25,CONTROL_FAILURE,HIGH,4,VERBOSE_TYPED,12,1.0,5.0,3.0,4.25,0.0,0.75,4.25,0.0,0.25,0.25,32.75,4.25,0.25,41.75,7.5,0.25,2.0
LIVE_BELIEF,HYBRID,Q03_RECALL25,CONTROL_FAILURE,HIGH,8,COMPACT_TYPED,12,1.0,9.0,3.0,5.25,0.0,0.75,5.25,0.0,0.25,0.25,38.0,5.25,0.25,41.5,11.0,0.25,2.0
LIVE_BELIEF,HYBRID,Q03_RECALL25,CONTROL_FAILURE,HIGH,8,VERBOSE_TYPED,12,1.0,9.0,3.0,5.25,0.0,0.75,5.25,0.0,0.25,0.25,38.75,5.25,0.25,41.75,11.0,0.25,2.0
LIVE_BELIEF,HYBRID,Q03_RECALL25,CONTROL_FAILURE,HIGH,12,COMPACT_TYPED,12,1.0,13.0,3.0,6.0,0.0,0.833333,6.0,0.0,0.166667,0.166667,42.333333,6.0,0.166667,27.666667,15.0,0.166667,2.0
LIVE_BELIEF,HYBRID,Q03_RECALL25,CONTROL_FAILURE,HIGH,12,VERBOSE_TYPED,12,1.0,13.0,3.0,6.0,0.0,0.833333,6.0,0.0,0.166667,0.166667,42.833333,6.0,0.166667,27.833333,15.0,0.166667,2.0
LIVE_BELIEF,HYBRID,Q03_RECALL25,CONTROL_FAILURE,LOW,4,COMPACT_TYPED,12,1.0,6.0,2.0,3.166667,0.0,0.833333,3.166667,0.0,0.166667,0.166667,23.333333,3.166667,0.166667,27.666667,7.666667,0.166667,1.0
LIVE_BELIEF,HYBRID,Q03_RECALL25,CONTROL_FAILURE,LOW,4,VERBOSE_TYPED,12,1.0,6.0,2.0,3.166667,0.0,0.833333,3.166667,0.0,0.166667,0.166667,23.833333,3.166667,0.166667,27.833333,7.666667,0.166667,1.0
LIVE_BELIEF,HYBRID,Q03_RECALL25,CONTROL_FAILURE,LOW,8,COMPACT_TYPED,12,1.0,10.0,2.0,4.583333,0.0,0.416667,4.583333,0.0,0.583333,0.583333,32.666667,4.583333,0.583333,96.833333,9.666667,0.583333,1.0
LIVE_BELIEF,HYBRID,Q03_RECALL25,CONTROL_FAILURE,LOW,8,VERBOSE_TYPED,12,1.0,10.0,2.0,4.583333,0.0,0.416667,4.583333,0.0,0.583333,0.583333,34.416667,4.583333,0.583333,97.416667,9.666667,0.583333,1.0
LIVE_BELIEF,HYBRID,Q03_RECALL25,CONTROL_FAILURE,LOW,12,COMPACT_TYPED,12,1.0,14.0,2.0,6.0,0.0,0.75,6.0,0.0,0.25,0.25,40.5,6.0,0.25,41.5,14.5,0.25,1.0
LIVE_BELIEF,HYBRID,Q03_RECALL25,CONTROL_FAILURE,LOW,12,VERBOSE_TYPED,12,1.0,14.0,2.0,6.0,0.0,0.75,6.0,0.0,0.25,0.25,41.25,6.0,0.25,41.75,14.5,0.25,1.0
LIVE_BELIEF,HYBRID,Q03_RECALL25,POSE_SHIFT,HIGH,4,COMPACT_TYPED,12,0.083333,1.583333,6.416667,5.75,0.0,0.916667,5.666667,0.0,0.083333,0.083333,47.5,5.75,0.083333,13.416667,7.833333,0.083333,4.583333
LIVE_BELIEF,HYBRID,Q03_RECALL25,POSE_SHIFT,HIGH,4,VERBOSE_TYPED,12,0.083333,1.583333,6.416667,5.75,0.0,0.916667,5.666667,0.0,0.083333,0.083333,47.75,5.75,0.083333,13.5,7.833333,0.083333,4.583333
LIVE_BELIEF,HYBRID,Q03_RECALL25,POSE_SHIFT,HIGH,8,COMPACT_TYPED,12,0.5,7.5,4.5,6.5,0.0,0.5,6.0,0.0,0.5,0.5,49.0,6.5,0.5,80.5,10.0,0.5,3.5
LIVE_BELIEF,HYBRID,Q03_RECALL25,POSE_SHIFT,HIGH,8,VERBOSE_TYPED,12,0.5,7.5,4.5,6.5,0.0,0.5,6.0,0.0,0.5,0.5,50.5,6.5,0.5,81.0,10.0,0.5,3.5
LIVE_BELIEF,HYBRID,Q03_RECALL25,POSE_SHIFT,HIGH,12,COMPACT_TYPED,12,0.166667,6.833333,9.166667,10.0,0.0,0.833333,9.833333,0.0,0.166667,0.166667,78.666667,10.0,0.166667,26.833333,15.0,0.166667,7.5
LIVE_BELIEF,HYBRID,Q03_RECALL25,POSE_SHIFT,HIGH,12,VERBOSE_TYPED,12,0.166667,6.833333,9.166667,10.0,0.0,0.833333,9.833333,0.0,0.166667,0.166667,79.166667,10.0,0.166667,27.0,15.0,0.166667,7.5
LIVE_BELIEF,HYBRID,Q03_RECALL25,POSE_SHIFT,LOW,4,COMPACT_TYPED,12,0.5,4.5,3.5,4.5,0.0,0.5,4.0,0.0,0.5,0.5,35.0,4.5,0.5,80.5,7.0,0.5,2.5
LIVE_BELIEF,HYBRID,Q03_RECALL25,POSE_SHIFT,LOW,4,VERBOSE_TYPED,12,0.5,4.5,3.5,4.5,0.0,0.5,4.0,0.0,0.5,0.5,36.5,4.5,0.5,81.0,7.0,0.5,2.5
LIVE_BELIEF,HYBRID,Q03_RECALL25,POSE_SHIFT,LOW,8,COMPACT_TYPED,12,0.5,7.5,4.5,6.5,0.0,0.5,6.0,0.0,0.5,0.5,49.0,6.5,0.5,80.5,10.0,0.5,3.5
LIVE_BELIEF,HYBRID,Q03_RECALL25,POSE_SHIFT,LOW,8,VERBOSE_TYPED,12,0.5,7.5,4.5,6.5,0.0,0.5,6.0,0.0,0.5,0.5,50.5,6.5,0.5,81.0,10.0,0.5,3.5
LIVE_BELIEF,HYBRID,Q03_RECALL25,POSE_SHIFT,LOW,12,COMPACT_TYPED,12,0.333333,8.666667,7.333333,9.0,0.0,0.666667,8.666667,0.0,0.333333,0.333333,69.333333,9.0,0.333333,53.666667,14.0,0.333333,6.0
LIVE_BELIEF,HYBRID,Q03_RECALL25,POSE_SHIFT,LOW,12,VERBOSE_TYPED,12,0.333333,8.666667,7.333333,9.0,0.0,0.666667,8.666667,0.0,0.333333,0.333333,70.333333,9.0,0.333333,54.0,14.0,0.333333,6.0
LIVE_BELIEF,HYBRID,Q03_RECALL25,RESTRICTION_CHANGE,HIGH,4,COMPACT_TYPED,12,0.083333,1.583333,6.416667,5.75,0.0,0.916667,5.666667,0.083333,0.083333,0.083333,47.5,5.75,0.083333,13.666667,7.833333,0.083333,4.583333
LIVE_BELIEF,HYBRID,Q03_RECALL25,RESTRICTION_CHANGE,HIGH,4,VERBOSE_TYPED,12,0.083333,1.583333,6.416667,5.75,0.0,0.916667,5.666667,0.083333,0.083333,0.083333,47.75,5.75,0.083333,13.75,7.833333,0.083333,4.583333
LIVE_BELIEF,HYBRID,Q03_RECALL25,RESTRICTION_CHANGE,HIGH,8,COMPACT_TYPED,12,0.416667,6.75,5.25,6.75,0.0,0.583333,6.333333,0.416667,0.416667,0.416667,51.833333,6.75,0.416667,68.333333,10.333333,0.416667,4.083333
LIVE_BELIEF,HYBRID,Q03_RECALL25,RESTRICTION_CHANGE,HIGH,8,VERBOSE_TYPED,12,0.416667,6.75,5.25,6.75,0.0,0.583333,6.333333,0.416667,0.416667,0.416667,53.083333,6.75,0.416667,68.75,10.333333,0.416667,4.083333
LIVE_BELIEF,HYBRID,Q03_RECALL25,RESTRICTION_CHANGE,HIGH,12,COMPACT_TYPED,12,0.25,7.75,8.25,9.5,0.0,0.75,9.25,0.25,0.25,0.25,74.0,9.5,0.25,41.0,14.5,0.25,6.75
LIVE_BELIEF,HYBRID,Q03_RECALL25,RESTRICTION_CHANGE,HIGH,12,VERBOSE_TYPED,12,0.25,7.75,8.25,9.5,0.0,0.75,9.25,0.25,0.25,0.25,74.75,9.5,0.25,41.25,14.5,0.25,6.75
LIVE_BELIEF,HYBRID,Q03_RECALL25,RESTRICTION_CHANGE,LOW,4,COMPACT_TYPED,12,0.25,2.75,5.25,5.25,0.0,0.75,5.0,0.25,0.25,0.25,42.5,5.25,0.25,41.0,7.5,0.25,3.75
LIVE_BELIEF,HYBRID,Q03_RECALL25,RESTRICTION_CHANGE,LOW,4,VERBOSE_TYPED,12,0.25,2.75,5.25,5.25,0.0,0.75,5.0,0.25,0.25,0.25,43.25,5.25,0.25,41.25,7.5,0.25,3.75
LIVE_BELIEF,HYBRID,Q03_RECALL25,RESTRICTION_CHANGE,LOW,8,COMPACT_TYPED,12,0.416667,6.75,5.25,6.75,0.0,0.583333,6.333333,0.416667,0.416667,0.416667,51.833333,6.75,0.416667,68.333333,10.333333,0.416667,4.083333
LIVE_BELIEF,HYBRID,Q03_RECALL25,RESTRICTION_CHANGE,LOW,8,VERBOSE_TYPED,12,0.416667,6.75,5.25,6.75,0.0,0.583333,6.333333,0.416667,0.416667,0.416667,53.083333,6.75,0.416667,68.75,10.333333,0.416667,4.083333
LIVE_BELIEF,HYBRID,Q03_RECALL25,RESTRICTION_CHANGE,LOW,12,COMPACT_TYPED,12,0.416667,9.583333,6.416667,8.5,0.0,0.583333,8.083333,0.416667,0.416667,0.416667,64.666667,8.5,0.416667,68.333333,13.5,0.416667,5.25
LIVE_BELIEF,HYBRID,Q03_RECALL25,RESTRICTION_CHANGE,LOW,12,VERBOSE_TYPED,12,0.416667,9.583333,6.416667,8.5,0.0,0.583333,8.083333,0.416667,0.416667,0.416667,65.916667,8.5,0.416667,68.75,13.5,0.416667,5.25
LIVE_BELIEF,HYBRID,Q04_DELAY1,AVAILABILITY_LOSS,HIGH,4,COMPACT_TYPED,12,1.0,7.0,1.0,2.0,0.0,0.0,1.0,1.0,1.0,1.0,16.0,2.0,1.0,167.0,5.0,1.0,0.0
LIVE_BELIEF,HYBRID,Q04_DELAY1,AVAILABILITY_LOSS,HIGH,4,VERBOSE_TYPED,12,1.0,7.0,1.0,2.0,0.0,0.0,1.0,1.0,1.0,1.0,19.0,2.0,1.0,168.0,5.0,1.0,0.0
LIVE_BELIEF,HYBRID,Q04_DELAY1,AVAILABILITY_LOSS,HIGH,8,COMPACT_TYPED,12,1.0,11.0,1.0,5.0,0.0,0.0,4.0,1.0,1.0,1.0,34.0,5.0,1.0,167.0,7.0,1.0,0.0
LIVE_BELIEF,HYBRID,Q04_DELAY1,AVAILABILITY_LOSS,HIGH,8,VERBOSE_TYPED,12,1.0,11.0,1.0,5.0,0.0,0.0,4.0,1.0,1.0,1.0,37.0,5.0,1.0,168.0,7.0,1.0,0.0
LIVE_BELIEF,HYBRID,Q04_DELAY1,AVAILABILITY_LOSS,HIGH,12,COMPACT_TYPED,12,1.0,15.0,1.0,6.0,0.0,0.0,5.0,1.0,1.0,1.0,40.0,6.0,1.0,167.0,9.0,1.0,0.0
LIVE_BELIEF,HYBRID,Q04_DELAY1,AVAILABILITY_LOSS,HIGH,12,VERBOSE_TYPED,12,1.0,15.0,1.0,6.0,0.0,0.0,5.0,1.0,1.0,1.0,43.0,6.0,1.0,168.0,9.0,1.0,0.0
LIVE_BELIEF,HYBRID,Q04_DELAY1,AVAILABILITY_LOSS,LOW,4,COMPACT_TYPED,12,1.0,7.0,1.0,2.0,0.0,0.0,1.0,1.0,1.0,1.0,16.0,2.0,1.0,167.0,5.0,1.0,0.0
LIVE_BELIEF,HYBRID,Q04_DELAY1,AVAILABILITY_LOSS,LOW,4,VERBOSE_TYPED,12,1.0,7.0,1.0,2.0,0.0,0.0,1.0,1.0,1.0,1.0,19.0,2.0,1.0,168.0,5.0,1.0,0.0
LIVE_BELIEF,HYBRID,Q04_DELAY1,AVAILABILITY_LOSS,LOW,8,COMPACT_TYPED,12,1.0,11.0,1.0,5.0,0.0,0.0,4.0,1.0,1.0,1.0,34.0,5.0,1.0,167.0,7.0,1.0,0.0
LIVE_BELIEF,HYBRID,Q04_DELAY1,AVAILABILITY_LOSS,LOW,8,VERBOSE_TYPED,12,1.0,11.0,1.0,5.0,0.0,0.0,4.0,1.0,1.0,1.0,37.0,5.0,1.0,168.0,7.0,1.0,0.0
LIVE_BELIEF,HYBRID,Q04_DELAY1,AVAILABILITY_LOSS,LOW,12,COMPACT_TYPED,12,1.0,15.0,1.0,6.0,0.0,0.0,5.0,1.0,1.0,1.0,40.0,6.0,1.0,167.0,9.0,1.0,0.0
LIVE_BELIEF,HYBRID,Q04_DELAY1,AVAILABILITY_LOSS,LOW,12,VERBOSE_TYPED,12,1.0,15.0,1.0,6.0,0.0,0.0,5.0,1.0,1.0,1.0,43.0,6.0,1.0,168.0,9.0,1.0,0.0
LIVE_BELIEF,HYBRID,Q04_DELAY1,CONTROL_FAILURE,HIGH,4,COMPACT_TYPED,12,1.0,5.0,3.0,4.0,0.0,0.0,4.0,0.0,1.0,1.0,32.0,4.0,1.0,166.0,5.0,1.0,2.0
LIVE_BELIEF,HYBRID,Q04_DELAY1,CONTROL_FAILURE,HIGH,4,VERBOSE_TYPED,12,1.0,5.0,3.0,4.0,0.0,0.0,4.0,0.0,1.0,1.0,35.0,4.0,1.0,167.0,5.0,1.0,2.0
LIVE_BELIEF,HYBRID,Q04_DELAY1,CONTROL_FAILURE,HIGH,8,COMPACT_TYPED,12,1.0,9.0,3.0,6.0,0.0,0.0,6.0,0.0,1.0,1.0,44.0,6.0,1.0,166.0,7.0,1.0,2.0
LIVE_BELIEF,HYBRID,Q04_DELAY1,CONTROL_FAILURE,HIGH,8,VERBOSE_TYPED,12,1.0,9.0,3.0,6.0,0.0,0.0,6.0,0.0,1.0,1.0,47.0,6.0,1.0,167.0,7.0,1.0,2.0
LIVE_BELIEF,HYBRID,Q04_DELAY1,CONTROL_FAILURE,HIGH,12,COMPACT_TYPED,12,1.0,13.0,3.0,7.0,0.0,0.0,7.0,0.0,1.0,1.0,50.0,7.0,1.0,166.0,9.0,1.0,2.0
LIVE_BELIEF,HYBRID,Q04_DELAY1,CONTROL_FAILURE,HIGH,12,VERBOSE_TYPED,12,1.0,13.0,3.0,7.0,0.0,0.0,7.0,0.0,1.0,1.0,53.0,7.0,1.0,167.0,9.0,1.0,2.0
LIVE_BELIEF,HYBRID,Q04_DELAY1,CONTROL_FAILURE,LOW,4,COMPACT_TYPED,12,1.0,6.0,2.0,3.0,0.0,0.0,3.0,0.0,1.0,1.0,24.0,3.0,1.0,166.0,5.0,1.0,1.0
LIVE_BELIEF,HYBRID,Q04_DELAY1,CONTROL_FAILURE,LOW,4,VERBOSE_TYPED,12,1.0,6.0,2.0,3.0,0.0,0.0,3.0,0.0,1.0,1.0,27.0,3.0,1.0,167.0,5.0,1.0,1.0
LIVE_BELIEF,HYBRID,Q04_DELAY1,CONTROL_FAILURE,LOW,8,COMPACT_TYPED,12,1.0,10.0,2.0,5.0,0.0,0.0,5.0,0.0,1.0,1.0,36.0,5.0,1.0,166.0,7.0,1.0,1.0
LIVE_BELIEF,HYBRID,Q04_DELAY1,CONTROL_FAILURE,LOW,8,VERBOSE_TYPED,12,1.0,10.0,2.0,5.0,0.0,0.0,5.0,0.0,1.0,1.0,39.0,5.0,1.0,167.0,7.0,1.0,1.0
LIVE_BELIEF,HYBRID,Q04_DELAY1,CONTROL_FAILURE,LOW,12,COMPACT_TYPED,12,1.0,14.0,2.0,7.0,0.0,0.0,7.0,0.0,1.0,1.0,48.0,7.0,1.0,166.0,9.0,1.0,1.0
LIVE_BELIEF,HYBRID,Q04_DELAY1,CONTROL_FAILURE,LOW,12,VERBOSE_TYPED,12,1.0,14.0,2.0,7.0,0.0,0.0,7.0,0.0,1.0,1.0,51.0,7.0,1.0,167.0,9.0,1.0,1.0
LIVE_BELIEF,HYBRID,Q04_DELAY1,POSE_SHIFT,HIGH,4,COMPACT_TYPED,12,1.0,7.0,1.0,2.0,0.0,0.0,1.0,0.0,1.0,1.0,16.0,2.0,1.0,161.0,5.0,1.0,0.0
LIVE_BELIEF,HYBRID,Q04_DELAY1,POSE_SHIFT,HIGH,4,VERBOSE_TYPED,12,1.0,7.0,1.0,2.0,0.0,0.0,1.0,0.0,1.0,1.0,19.0,2.0,1.0,162.0,5.0,1.0,0.0
LIVE_BELIEF,HYBRID,Q04_DELAY1,POSE_SHIFT,HIGH,8,COMPACT_TYPED,12,1.0,11.0,1.0,5.0,0.0,0.0,4.0,0.0,1.0,1.0,34.0,5.0,1.0,161.0,7.0,1.0,0.0
LIVE_BELIEF,HYBRID,Q04_DELAY1,POSE_SHIFT,HIGH,8,VERBOSE_TYPED,12,1.0,11.0,1.0,5.0,0.0,0.0,4.0,0.0,1.0,1.0,37.0,5.0,1.0,162.0,7.0,1.0,0.0
LIVE_BELIEF,HYBRID,Q04_DELAY1,POSE_SHIFT,HIGH,12,COMPACT_TYPED,12,1.0,15.0,1.0,6.0,0.0,0.0,5.0,0.0,1.0,1.0,40.0,6.0,1.0,161.0,9.0,1.0,0.0
LIVE_BELIEF,HYBRID,Q04_DELAY1,POSE_SHIFT,HIGH,12,VERBOSE_TYPED,12,1.0,15.0,1.0,6.0,0.0,0.0,5.0,0.0,1.0,1.0,43.0,6.0,1.0,162.0,9.0,1.0,0.0
LIVE_BELIEF,HYBRID,Q04_DELAY1,POSE_SHIFT,LOW,4,COMPACT_TYPED,12,1.0,7.0,1.0,2.0,0.0,0.0,1.0,0.0,1.0,1.0,16.0,2.0,1.0,161.0,5.0,1.0,0.0
LIVE_BELIEF,HYBRID,Q04_DELAY1,POSE_SHIFT,LOW,4,VERBOSE_TYPED,12,1.0,7.0,1.0,2.0,0.0,0.0,1.0,0.0,1.0,1.0,19.0,2.0,1.0,162.0,5.0,1.0,0.0
LIVE_BELIEF,HYBRID,Q04_DELAY1,POSE_SHIFT,LOW,8,COMPACT_TYPED,12,1.0,11.0,1.0,5.0,0.0,0.0,4.0,0.0,1.0,1.0,34.0,5.0,1.0,161.0,7.0,1.0,0.0
LIVE_BELIEF,HYBRID,Q04_DELAY1,POSE_SHIFT,LOW,8,VERBOSE_TYPED,12,1.0,11.0,1.0,5.0,0.0,0.0,4.0,0.0,1.0,1.0,37.0,5.0,1.0,162.0,7.0,1.0,0.0
LIVE_BELIEF,HYBRID,Q04_DELAY1,POSE_SHIFT,LOW,12,COMPACT_TYPED,12,1.0,15.0,1.0,6.0,0.0,0.0,5.0,0.0,1.0,1.0,40.0,6.0,1.0,161.0,9.0,1.0,0.0
LIVE_BELIEF,HYBRID,Q04_DELAY1,POSE_SHIFT,LOW,12,VERBOSE_TYPED,12,1.0,15.0,1.0,6.0,0.0,0.0,5.0,0.0,1.0,1.0,43.0,6.0,1.0,162.0,9.0,1.0,0.0
LIVE_BELIEF,HYBRID,Q04_DELAY1,RESTRICTION_CHANGE,HIGH,4,COMPACT_TYPED,12,1.0,7.0,1.0,2.0,0.0,0.0,1.0,1.0,1.0,1.0,16.0,2.0,1.0,164.0,5.0,1.0,0.0
LIVE_BELIEF,HYBRID,Q04_DELAY1,RESTRICTION_CHANGE,HIGH,4,VERBOSE_TYPED,12,1.0,7.0,1.0,2.0,0.0,0.0,1.0,1.0,1.0,1.0,19.0,2.0,1.0,165.0,5.0,1.0,0.0
LIVE_BELIEF,HYBRID,Q04_DELAY1,RESTRICTION_CHANGE,HIGH,8,COMPACT_TYPED,12,1.0,11.0,1.0,5.0,0.0,0.0,4.0,1.0,1.0,1.0,34.0,5.0,1.0,164.0,7.0,1.0,0.0
LIVE_BELIEF,HYBRID,Q04_DELAY1,RESTRICTION_CHANGE,HIGH,8,VERBOSE_TYPED,12,1.0,11.0,1.0,5.0,0.0,0.0,4.0,1.0,1.0,1.0,37.0,5.0,1.0,165.0,7.0,1.0,0.0
LIVE_BELIEF,HYBRID,Q04_DELAY1,RESTRICTION_CHANGE,HIGH,12,COMPACT_TYPED,12,1.0,15.0,1.0,6.0,0.0,0.0,5.0,1.0,1.0,1.0,40.0,6.0,1.0,164.0,9.0,1.0,0.0
LIVE_BELIEF,HYBRID,Q04_DELAY1,RESTRICTION_CHANGE,HIGH,12,VERBOSE_TYPED,12,1.0,15.0,1.0,6.0,0.0,0.0,5.0,1.0,1.0,1.0,43.0,6.0,1.0,165.0,9.0,1.0,0.0
LIVE_BELIEF,HYBRID,Q04_DELAY1,RESTRICTION_CHANGE,LOW,4,COMPACT_TYPED,12,1.0,7.0,1.0,2.0,0.0,0.0,1.0,1.0,1.0,1.0,16.0,2.0,1.0,164.0,5.0,1.0,0.0
LIVE_BELIEF,HYBRID,Q04_DELAY1,RESTRICTION_CHANGE,LOW,4,VERBOSE_TYPED,12,1.0,7.0,1.0,2.0,0.0,0.0,1.0,1.0,1.0,1.0,19.0,2.0,1.0,165.0,5.0,1.0,0.0
LIVE_BELIEF,HYBRID,Q04_DELAY1,RESTRICTION_CHANGE,LOW,8,COMPACT_TYPED,12,1.0,11.0,1.0,5.0,0.0,0.0,4.0,1.0,1.0,1.0,34.0,5.0,1.0,164.0,7.0,1.0,0.0
LIVE_BELIEF,HYBRID,Q04_DELAY1,RESTRICTION_CHANGE,LOW,8,VERBOSE_TYPED,12,1.0,11.0,1.0,5.0,0.0,0.0,4.0,1.0,1.0,1.0,37.0,5.0,1.0,165.0,7.0,1.0,0.0
LIVE_BELIEF,HYBRID,Q04_DELAY1,RESTRICTION_CHANGE,LOW,12,COMPACT_TYPED,12,1.0,15.0,1.0,6.0,0.0,0.0,5.0,1.0,1.0,1.0,40.0,6.0,1.0,164.0,9.0,1.0,0.0
LIVE_BELIEF,HYBRID,Q04_DELAY1,RESTRICTION_CHANGE,LOW,12,VERBOSE_TYPED,12,1.0,15.0,1.0,6.0,0.0,0.0,5.0,1.0,1.0,1.0,43.0,6.0,1.0,165.0,9.0,1.0,0.0
LIVE_BELIEF,HYBRID,Q05_DELAY3,AVAILABILITY_LOSS,HIGH,4,COMPACT_TYPED,12,1.0,5.0,3.0,4.0,0.0,1.0,3.0,1.0,1.0,1.0,32.0,4.0,1.0,167.0,3.0,1.0,1.0
LIVE_BELIEF,HYBRID,Q05_DELAY3,AVAILABILITY_LOSS,HIGH,4,VERBOSE_TYPED,12,1.0,5.0,3.0,4.0,0.0,1.0,3.0,1.0,1.0,1.0,35.0,4.0,1.0,168.0,3.0,1.0,1.0
LIVE_BELIEF,HYBRID,Q05_DELAY3,AVAILABILITY_LOSS,HIGH,8,COMPACT_TYPED,12,1.0,9.0,3.0,5.0,0.0,1.0,4.0,1.0,1.0,1.0,38.0,5.0,1.0,167.0,5.0,1.0,1.0
LIVE_BELIEF,HYBRID,Q05_DELAY3,AVAILABILITY_LOSS,HIGH,8,VERBOSE_TYPED,12,1.0,9.0,3.0,5.0,0.0,1.0,4.0,1.0,1.0,1.0,41.0,5.0,1.0,168.0,5.0,1.0,1.0
LIVE_BELIEF,HYBRID,Q05_DELAY3,AVAILABILITY_LOSS,HIGH,12,COMPACT_TYPED,12,1.0,13.0,3.0,6.0,0.0,1.0,5.0,1.0,1.0,1.0,44.0,6.0,1.0,167.0,7.0,1.0,1.0
LIVE_BELIEF,HYBRID,Q05_DELAY3,AVAILABILITY_LOSS,HIGH,12,VERBOSE_TYPED,12,1.0,13.0,3.0,6.0,0.0,1.0,5.0,1.0,1.0,1.0,47.0,6.0,1.0,168.0,7.0,1.0,1.0
LIVE_BELIEF,HYBRID,Q05_DELAY3,AVAILABILITY_LOSS,LOW,4,COMPACT_TYPED,12,1.0,5.0,3.0,4.0,0.0,1.0,3.0,1.0,1.0,1.0,32.0,4.0,1.0,167.0,3.0,1.0,1.0
LIVE_BELIEF,HYBRID,Q05_DELAY3,AVAILABILITY_LOSS,LOW,4,VERBOSE_TYPED,12,1.0,5.0,3.0,4.0,0.0,1.0,3.0,1.0,1.0,1.0,35.0,4.0,1.0,168.0,3.0,1.0,1.0
LIVE_BELIEF,HYBRID,Q05_DELAY3,AVAILABILITY_LOSS,LOW,8,COMPACT_TYPED,12,1.0,9.0,3.0,5.0,0.0,1.0,4.0,1.0,1.0,1.0,38.0,5.0,1.0,167.0,5.0,1.0,1.0
LIVE_BELIEF,HYBRID,Q05_DELAY3,AVAILABILITY_LOSS,LOW,8,VERBOSE_TYPED,12,1.0,9.0,3.0,5.0,0.0,1.0,4.0,1.0,1.0,1.0,41.0,5.0,1.0,168.0,5.0,1.0,1.0
LIVE_BELIEF,HYBRID,Q05_DELAY3,AVAILABILITY_LOSS,LOW,12,COMPACT_TYPED,12,1.0,13.0,3.0,6.0,0.0,1.0,5.0,1.0,1.0,1.0,44.0,6.0,1.0,167.0,7.0,1.0,1.0
LIVE_BELIEF,HYBRID,Q05_DELAY3,AVAILABILITY_LOSS,LOW,12,VERBOSE_TYPED,12,1.0,13.0,3.0,6.0,0.0,1.0,5.0,1.0,1.0,1.0,47.0,6.0,1.0,168.0,7.0,1.0,1.0
LIVE_BELIEF,HYBRID,Q05_DELAY3,CONTROL_FAILURE,HIGH,4,COMPACT_TYPED,12,1.0,5.0,3.0,4.0,0.0,1.0,4.0,0.0,1.0,1.0,32.0,4.0,1.0,166.0,3.0,1.0,1.0
LIVE_BELIEF,HYBRID,Q05_DELAY3,CONTROL_FAILURE,HIGH,4,VERBOSE_TYPED,12,1.0,5.0,3.0,4.0,0.0,1.0,4.0,0.0,1.0,1.0,35.0,4.0,1.0,167.0,3.0,1.0,1.0
LIVE_BELIEF,HYBRID,Q05_DELAY3,CONTROL_FAILURE,HIGH,8,COMPACT_TYPED,12,1.0,9.0,3.0,5.0,0.0,1.0,5.0,0.0,1.0,1.0,38.0,5.0,1.0,166.0,5.0,1.0,1.0
LIVE_BELIEF,HYBRID,Q05_DELAY3,CONTROL_FAILURE,HIGH,8,VERBOSE_TYPED,12,1.0,9.0,3.0,5.0,0.0,1.0,5.0,0.0,1.0,1.0,41.0,5.0,1.0,167.0,5.0,1.0,1.0
LIVE_BELIEF,HYBRID,Q05_DELAY3,CONTROL_FAILURE,HIGH,12,COMPACT_TYPED,12,1.0,13.0,3.0,6.0,0.0,1.0,6.0,0.0,1.0,1.0,44.0,6.0,1.0,166.0,7.0,1.0,1.0
LIVE_BELIEF,HYBRID,Q05_DELAY3,CONTROL_FAILURE,HIGH,12,VERBOSE_TYPED,12,1.0,13.0,3.0,6.0,0.0,1.0,6.0,0.0,1.0,1.0,47.0,6.0,1.0,167.0,7.0,1.0,1.0
LIVE_BELIEF,HYBRID,Q05_DELAY3,CONTROL_FAILURE,LOW,4,COMPACT_TYPED,12,1.0,6.0,2.0,4.0,0.0,1.0,4.0,0.0,1.0,1.0,30.0,4.0,1.0,166.0,3.0,1.0,1.0
LIVE_BELIEF,HYBRID,Q05_DELAY3,CONTROL_FAILURE,LOW,4,VERBOSE_TYPED,12,1.0,6.0,2.0,4.0,0.0,1.0,4.0,0.0,1.0,1.0,33.0,4.0,1.0,167.0,3.0,1.0,1.0
LIVE_BELIEF,HYBRID,Q05_DELAY3,CONTROL_FAILURE,LOW,8,COMPACT_TYPED,12,1.0,10.0,2.0,5.0,0.0,1.0,5.0,0.0,1.0,1.0,36.0,5.0,1.0,166.0,5.0,1.0,1.0
LIVE_BELIEF,HYBRID,Q05_DELAY3,CONTROL_FAILURE,LOW,8,VERBOSE_TYPED,12,1.0,10.0,2.0,5.0,0.0,1.0,5.0,0.0,1.0,1.0,39.0,5.0,1.0,167.0,5.0,1.0,1.0
LIVE_BELIEF,HYBRID,Q05_DELAY3,CONTROL_FAILURE,LOW,12,COMPACT_TYPED,12,1.0,14.0,2.0,6.0,0.0,1.0,6.0,0.0,1.0,1.0,42.0,6.0,1.0,166.0,7.0,1.0,1.0
LIVE_BELIEF,HYBRID,Q05_DELAY3,CONTROL_FAILURE,LOW,12,VERBOSE_TYPED,12,1.0,14.0,2.0,6.0,0.0,1.0,6.0,0.0,1.0,1.0,45.0,6.0,1.0,167.0,7.0,1.0,1.0
LIVE_BELIEF,HYBRID,Q05_DELAY3,POSE_SHIFT,HIGH,4,COMPACT_TYPED,12,1.0,5.0,3.0,4.0,0.0,1.0,3.0,0.0,1.0,1.0,32.0,4.0,1.0,161.0,3.0,1.0,1.0
LIVE_BELIEF,HYBRID,Q05_DELAY3,POSE_SHIFT,HIGH,4,VERBOSE_TYPED,12,1.0,5.0,3.0,4.0,0.0,1.0,3.0,0.0,1.0,1.0,35.0,4.0,1.0,162.0,3.0,1.0,1.0
LIVE_BELIEF,HYBRID,Q05_DELAY3,POSE_SHIFT,HIGH,8,COMPACT_TYPED,12,1.0,9.0,3.0,5.0,0.0,1.0,4.0,0.0,1.0,1.0,38.0,5.0,1.0,161.0,5.0,1.0,1.0
LIVE_BELIEF,HYBRID,Q05_DELAY3,POSE_SHIFT,HIGH,8,VERBOSE_TYPED,12,1.0,9.0,3.0,5.0,0.0,1.0,4.0,0.0,1.0,1.0,41.0,5.0,1.0,162.0,5.0,1.0,1.0
LIVE_BELIEF,HYBRID,Q05_DELAY3,POSE_SHIFT,HIGH,12,COMPACT_TYPED,12,1.0,13.0,3.0,6.0,0.0,1.0,5.0,0.0,1.0,1.0,44.0,6.0,1.0,161.0,7.0,1.0,1.0
LIVE_BELIEF,HYBRID,Q05_DELAY3,POSE_SHIFT,HIGH,12,VERBOSE_TYPED,12,1.0,13.0,3.0,6.0,0.0,1.0,5.0,0.0,1.0,1.0,47.0,6.0,1.0,162.0,7.0,1.0,1.0
LIVE_BELIEF,HYBRID,Q05_DELAY3,POSE_SHIFT,LOW,4,COMPACT_TYPED,12,1.0,5.0,3.0,4.0,0.0,1.0,3.0,0.0,1.0,1.0,32.0,4.0,1.0,161.0,3.0,1.0,1.0
LIVE_BELIEF,HYBRID,Q05_DELAY3,POSE_SHIFT,LOW,4,VERBOSE_TYPED,12,1.0,5.0,3.0,4.0,0.0,1.0,3.0,0.0,1.0,1.0,35.0,4.0,1.0,162.0,3.0,1.0,1.0
LIVE_BELIEF,HYBRID,Q05_DELAY3,POSE_SHIFT,LOW,8,COMPACT_TYPED,12,1.0,9.0,3.0,5.0,0.0,1.0,4.0,0.0,1.0,1.0,38.0,5.0,1.0,161.0,5.0,1.0,1.0
LIVE_BELIEF,HYBRID,Q05_DELAY3,POSE_SHIFT,LOW,8,VERBOSE_TYPED,12,1.0,9.0,3.0,5.0,0.0,1.0,4.0,0.0,1.0,1.0,41.0,5.0,1.0,162.0,5.0,1.0,1.0
LIVE_BELIEF,HYBRID,Q05_DELAY3,POSE_SHIFT,LOW,12,COMPACT_TYPED,12,1.0,13.0,3.0,6.0,0.0,1.0,5.0,0.0,1.0,1.0,44.0,6.0,1.0,161.0,7.0,1.0,1.0
LIVE_BELIEF,HYBRID,Q05_DELAY3,POSE_SHIFT,LOW,12,VERBOSE_TYPED,12,1.0,13.0,3.0,6.0,0.0,1.0,5.0,0.0,1.0,1.0,47.0,6.0,1.0,162.0,7.0,1.0,1.0
LIVE_BELIEF,HYBRID,Q05_DELAY3,RESTRICTION_CHANGE,HIGH,4,COMPACT_TYPED,12,1.0,5.0,3.0,4.0,0.0,1.0,3.0,1.0,1.0,1.0,32.0,4.0,1.0,164.0,3.0,1.0,1.0
LIVE_BELIEF,HYBRID,Q05_DELAY3,RESTRICTION_CHANGE,HIGH,4,VERBOSE_TYPED,12,1.0,5.0,3.0,4.0,0.0,1.0,3.0,1.0,1.0,1.0,35.0,4.0,1.0,165.0,3.0,1.0,1.0
LIVE_BELIEF,HYBRID,Q05_DELAY3,RESTRICTION_CHANGE,HIGH,8,COMPACT_TYPED,12,1.0,9.0,3.0,5.0,0.0,1.0,4.0,1.0,1.0,1.0,38.0,5.0,1.0,164.0,5.0,1.0,1.0
LIVE_BELIEF,HYBRID,Q05_DELAY3,RESTRICTION_CHANGE,HIGH,8,VERBOSE_TYPED,12,1.0,9.0,3.0,5.0,0.0,1.0,4.0,1.0,1.0,1.0,41.0,5.0,1.0,165.0,5.0,1.0,1.0
LIVE_BELIEF,HYBRID,Q05_DELAY3,RESTRICTION_CHANGE,HIGH,12,COMPACT_TYPED,12,1.0,13.0,3.0,6.0,0.0,1.0,5.0,1.0,1.0,1.0,44.0,6.0,1.0,164.0,7.0,1.0,1.0
LIVE_BELIEF,HYBRID,Q05_DELAY3,RESTRICTION_CHANGE,HIGH,12,VERBOSE_TYPED,12,1.0,13.0,3.0,6.0,0.0,1.0,5.0,1.0,1.0,1.0,47.0,6.0,1.0,165.0,7.0,1.0,1.0
LIVE_BELIEF,HYBRID,Q05_DELAY3,RESTRICTION_CHANGE,LOW,4,COMPACT_TYPED,12,1.0,5.0,3.0,4.0,0.0,1.0,3.0,1.0,1.0,1.0,32.0,4.0,1.0,164.0,3.0,1.0,1.0
LIVE_BELIEF,HYBRID,Q05_DELAY3,RESTRICTION_CHANGE,LOW,4,VERBOSE_TYPED,12,1.0,5.0,3.0,4.0,0.0,1.0,3.0,1.0,1.0,1.0,35.0,4.0,1.0,165.0,3.0,1.0,1.0
LIVE_BELIEF,HYBRID,Q05_DELAY3,RESTRICTION_CHANGE,LOW,8,COMPACT_TYPED,12,1.0,9.0,3.0,5.0,0.0,1.0,4.0,1.0,1.0,1.0,38.0,5.0,1.0,164.0,5.0,1.0,1.0
LIVE_BELIEF,HYBRID,Q05_DELAY3,RESTRICTION_CHANGE,LOW,8,VERBOSE_TYPED,12,1.0,9.0,3.0,5.0,0.0,1.0,4.0,1.0,1.0,1.0,41.0,5.0,1.0,165.0,5.0,1.0,1.0
LIVE_BELIEF,HYBRID,Q05_DELAY3,RESTRICTION_CHANGE,LOW,12,COMPACT_TYPED,12,1.0,13.0,3.0,6.0,0.0,1.0,5.0,1.0,1.0,1.0,44.0,6.0,1.0,164.0,7.0,1.0,1.0
LIVE_BELIEF,HYBRID,Q05_DELAY3,RESTRICTION_CHANGE,LOW,12,VERBOSE_TYPED,12,1.0,13.0,3.0,6.0,0.0,1.0,5.0,1.0,1.0,1.0,47.0,6.0,1.0,165.0,7.0,1.0,1.0
LIVE_BELIEF,HYBRID,Q06_FALSE3,AVAILABILITY_LOSS,HIGH,4,COMPACT_TYPED,12,1.0,8.0,0.0,3.0,1.0,0.0,2.0,1.0,0.5,1.0,26.0,3.0,4.0,665.0,5.0,2.0,0.0
LIVE_BELIEF,HYBRID,Q06_FALSE3,AVAILABILITY_LOSS,HIGH,4,VERBOSE_TYPED,12,1.0,8.0,0.0,3.0,1.0,0.0,2.0,1.0,0.5,1.0,38.0,3.0,4.0,669.0,5.0,2.0,0.0
LIVE_BELIEF,HYBRID,Q06_FALSE3,AVAILABILITY_LOSS,HIGH,8,COMPACT_TYPED,12,1.0,12.0,0.0,6.0,1.0,0.0,5.0,1.0,0.5,1.0,44.0,6.0,4.0,665.0,7.0,2.0,0.0
LIVE_BELIEF,HYBRID,Q06_FALSE3,AVAILABILITY_LOSS,HIGH,8,VERBOSE_TYPED,12,1.0,12.0,0.0,6.0,1.0,0.0,5.0,1.0,0.5,1.0,56.0,6.0,4.0,669.0,7.0,2.0,0.0
LIVE_BELIEF,HYBRID,Q06_FALSE3,AVAILABILITY_LOSS,HIGH,12,COMPACT_TYPED,12,1.0,16.0,0.0,6.0,1.0,0.0,5.0,1.0,0.5,1.0,44.0,6.0,4.0,665.0,9.0,2.0,0.0
LIVE_BELIEF,HYBRID,Q06_FALSE3,AVAILABILITY_LOSS,HIGH,12,VERBOSE_TYPED,12,1.0,16.0,0.0,6.0,1.0,0.0,5.0,1.0,0.5,1.0,56.0,6.0,4.0,669.0,9.0,2.0,0.0
LIVE_BELIEF,HYBRID,Q06_FALSE3,AVAILABILITY_LOSS,LOW,4,COMPACT_TYPED,12,1.0,8.0,0.0,3.0,1.0,0.0,2.0,1.0,0.5,1.0,26.0,3.0,4.0,665.0,5.0,2.0,0.0
LIVE_BELIEF,HYBRID,Q06_FALSE3,AVAILABILITY_LOSS,LOW,4,VERBOSE_TYPED,12,1.0,8.0,0.0,3.0,1.0,0.0,2.0,1.0,0.5,1.0,38.0,3.0,4.0,669.0,5.0,2.0,0.0
LIVE_BELIEF,HYBRID,Q06_FALSE3,AVAILABILITY_LOSS,LOW,8,COMPACT_TYPED,12,1.0,12.0,0.0,6.0,1.0,0.0,5.0,1.0,0.5,1.0,44.0,6.0,4.0,665.0,7.0,2.0,0.0
LIVE_BELIEF,HYBRID,Q06_FALSE3,AVAILABILITY_LOSS,LOW,8,VERBOSE_TYPED,12,1.0,12.0,0.0,6.0,1.0,0.0,5.0,1.0,0.5,1.0,56.0,6.0,4.0,669.0,7.0,2.0,0.0
LIVE_BELIEF,HYBRID,Q06_FALSE3,AVAILABILITY_LOSS,LOW,12,COMPACT_TYPED,12,1.0,16.0,0.0,6.0,1.0,0.0,5.0,1.0,0.5,1.0,44.0,6.0,4.0,665.0,9.0,2.0,0.0
LIVE_BELIEF,HYBRID,Q06_FALSE3,AVAILABILITY_LOSS,LOW,12,VERBOSE_TYPED,12,1.0,16.0,0.0,6.0,1.0,0.0,5.0,1.0,0.5,1.0,56.0,6.0,4.0,669.0,9.0,2.0,0.0
LIVE_BELIEF,HYBRID,Q06_FALSE3,CONTROL_FAILURE,HIGH,4,COMPACT_TYPED,12,1.0,5.0,3.0,5.0,1.0,0.0,5.0,0.0,0.5,1.0,44.0,5.0,4.0,664.0,5.0,2.0,2.0
LIVE_BELIEF,HYBRID,Q06_FALSE3,CONTROL_FAILURE,HIGH,4,VERBOSE_TYPED,12,1.0,5.0,3.0,5.0,1.0,0.0,5.0,0.0,0.5,1.0,56.0,5.0,4.0,668.0,5.0,2.0,2.0
LIVE_BELIEF,HYBRID,Q06_FALSE3,CONTROL_FAILURE,HIGH,8,COMPACT_TYPED,12,1.0,9.0,3.0,7.0,1.0,0.0,7.0,0.0,0.5,1.0,56.0,7.0,4.0,664.0,7.0,2.0,2.0
LIVE_BELIEF,HYBRID,Q06_FALSE3,CONTROL_FAILURE,HIGH,8,VERBOSE_TYPED,12,1.0,9.0,3.0,7.0,1.0,0.0,7.0,0.0,0.5,1.0,68.0,7.0,4.0,668.0,7.0,2.0,2.0
LIVE_BELIEF,HYBRID,Q06_FALSE3,CONTROL_FAILURE,HIGH,12,COMPACT_TYPED,12,1.0,13.0,3.0,7.0,1.0,0.0,7.0,0.0,0.5,1.0,56.0,7.0,4.0,664.0,9.0,2.0,2.0
LIVE_BELIEF,HYBRID,Q06_FALSE3,CONTROL_FAILURE,HIGH,12,VERBOSE_TYPED,12,1.0,13.0,3.0,7.0,1.0,0.0,7.0,0.0,0.5,1.0,68.0,7.0,4.0,668.0,9.0,2.0,2.0
LIVE_BELIEF,HYBRID,Q06_FALSE3,CONTROL_FAILURE,LOW,4,COMPACT_TYPED,12,1.0,6.0,2.0,4.0,1.0,0.0,4.0,0.0,0.5,1.0,36.0,4.0,4.0,664.0,5.0,2.0,1.0
LIVE_BELIEF,HYBRID,Q06_FALSE3,CONTROL_FAILURE,LOW,4,VERBOSE_TYPED,12,1.0,6.0,2.0,4.0,1.0,0.0,4.0,0.0,0.5,1.0,48.0,4.0,4.0,668.0,5.0,2.0,1.0
LIVE_BELIEF,HYBRID,Q06_FALSE3,CONTROL_FAILURE,LOW,8,COMPACT_TYPED,12,1.0,10.0,2.0,6.0,1.0,0.0,6.0,0.0,0.5,1.0,48.0,6.0,4.0,664.0,7.0,2.0,1.0
LIVE_BELIEF,HYBRID,Q06_FALSE3,CONTROL_FAILURE,LOW,8,VERBOSE_TYPED,12,1.0,10.0,2.0,6.0,1.0,0.0,6.0,0.0,0.5,1.0,60.0,6.0,4.0,668.0,7.0,2.0,1.0
LIVE_BELIEF,HYBRID,Q06_FALSE3,CONTROL_FAILURE,LOW,12,COMPACT_TYPED,12,1.0,14.0,2.0,7.0,1.0,0.0,7.0,0.0,0.5,1.0,54.0,7.0,4.0,664.0,9.0,2.0,1.0
LIVE_BELIEF,HYBRID,Q06_FALSE3,CONTROL_FAILURE,LOW,12,VERBOSE_TYPED,12,1.0,14.0,2.0,7.0,1.0,0.0,7.0,0.0,0.5,1.0,66.0,7.0,4.0,668.0,9.0,2.0,1.0
LIVE_BELIEF,HYBRID,Q06_FALSE3,POSE_SHIFT,HIGH,4,COMPACT_TYPED,12,1.0,8.0,0.0,3.0,1.0,0.0,2.0,0.0,0.5,1.0,26.0,3.0,4.0,659.0,5.0,2.0,0.0
LIVE_BELIEF,HYBRID,Q06_FALSE3,POSE_SHIFT,HIGH,4,VERBOSE_TYPED,12,1.0,8.0,0.0,3.0,1.0,0.0,2.0,0.0,0.5,1.0,38.0,3.0,4.0,663.0,5.0,2.0,0.0
LIVE_BELIEF,HYBRID,Q06_FALSE3,POSE_SHIFT,HIGH,8,COMPACT_TYPED,12,1.0,12.0,0.0,6.0,1.0,0.0,5.0,0.0,0.5,1.0,44.0,6.0,4.0,659.0,7.0,2.0,0.0
LIVE_BELIEF,HYBRID,Q06_FALSE3,POSE_SHIFT,HIGH,8,VERBOSE_TYPED,12,1.0,12.0,0.0,6.0,1.0,0.0,5.0,0.0,0.5,1.0,56.0,6.0,4.0,663.0,7.0,2.0,0.0
LIVE_BELIEF,HYBRID,Q06_FALSE3,POSE_SHIFT,HIGH,12,COMPACT_TYPED,12,1.0,16.0,0.0,6.0,1.0,0.0,5.0,0.0,0.5,1.0,44.0,6.0,4.0,659.0,9.0,2.0,0.0
LIVE_BELIEF,HYBRID,Q06_FALSE3,POSE_SHIFT,HIGH,12,VERBOSE_TYPED,12,1.0,16.0,0.0,6.0,1.0,0.0,5.0,0.0,0.5,1.0,56.0,6.0,4.0,663.0,9.0,2.0,0.0
LIVE_BELIEF,HYBRID,Q06_FALSE3,POSE_SHIFT,LOW,4,COMPACT_TYPED,12,1.0,8.0,0.0,3.0,1.0,0.0,2.0,0.0,0.5,1.0,26.0,3.0,4.0,659.0,5.0,2.0,0.0
LIVE_BELIEF,HYBRID,Q06_FALSE3,POSE_SHIFT,LOW,4,VERBOSE_TYPED,12,1.0,8.0,0.0,3.0,1.0,0.0,2.0,0.0,0.5,1.0,38.0,3.0,4.0,663.0,5.0,2.0,0.0
LIVE_BELIEF,HYBRID,Q06_FALSE3,POSE_SHIFT,LOW,8,COMPACT_TYPED,12,1.0,12.0,0.0,6.0,1.0,0.0,5.0,0.0,0.5,1.0,44.0,6.0,4.0,659.0,7.0,2.0,0.0
LIVE_BELIEF,HYBRID,Q06_FALSE3,POSE_SHIFT,LOW,8,VERBOSE_TYPED,12,1.0,12.0,0.0,6.0,1.0,0.0,5.0,0.0,0.5,1.0,56.0,6.0,4.0,663.0,7.0,2.0,0.0
LIVE_BELIEF,HYBRID,Q06_FALSE3,POSE_SHIFT,LOW,12,COMPACT_TYPED,12,1.0,16.0,0.0,6.0,1.0,0.0,5.0,0.0,0.5,1.0,44.0,6.0,4.0,659.0,9.0,2.0,0.0
LIVE_BELIEF,HYBRID,Q06_FALSE3,POSE_SHIFT,LOW,12,VERBOSE_TYPED,12,1.0,16.0,0.0,6.0,1.0,0.0,5.0,0.0,0.5,1.0,56.0,6.0,4.0,663.0,9.0,2.0,0.0
LIVE_BELIEF,HYBRID,Q06_FALSE3,RESTRICTION_CHANGE,HIGH,4,COMPACT_TYPED,12,1.0,8.0,0.0,3.0,1.0,0.0,2.0,1.0,0.5,1.0,26.0,3.0,4.0,662.0,5.0,2.0,0.0
LIVE_BELIEF,HYBRID,Q06_FALSE3,RESTRICTION_CHANGE,HIGH,4,VERBOSE_TYPED,12,1.0,8.0,0.0,3.0,1.0,0.0,2.0,1.0,0.5,1.0,38.0,3.0,4.0,666.0,5.0,2.0,0.0
LIVE_BELIEF,HYBRID,Q06_FALSE3,RESTRICTION_CHANGE,HIGH,8,COMPACT_TYPED,12,1.0,12.0,0.0,6.0,1.0,0.0,5.0,1.0,0.5,1.0,44.0,6.0,4.0,662.0,7.0,2.0,0.0
LIVE_BELIEF,HYBRID,Q06_FALSE3,RESTRICTION_CHANGE,HIGH,8,VERBOSE_TYPED,12,1.0,12.0,0.0,6.0,1.0,0.0,5.0,1.0,0.5,1.0,56.0,6.0,4.0,666.0,7.0,2.0,0.0
LIVE_BELIEF,HYBRID,Q06_FALSE3,RESTRICTION_CHANGE,HIGH,12,COMPACT_TYPED,12,1.0,16.0,0.0,6.0,1.0,0.0,5.0,1.0,0.5,1.0,44.0,6.0,4.0,662.0,9.0,2.0,0.0
LIVE_BELIEF,HYBRID,Q06_FALSE3,RESTRICTION_CHANGE,HIGH,12,VERBOSE_TYPED,12,1.0,16.0,0.0,6.0,1.0,0.0,5.0,1.0,0.5,1.0,56.0,6.0,4.0,666.0,9.0,2.0,0.0
LIVE_BELIEF,HYBRID,Q06_FALSE3,RESTRICTION_CHANGE,LOW,4,COMPACT_TYPED,12,1.0,8.0,0.0,3.0,1.0,0.0,2.0,1.0,0.5,1.0,26.0,3.0,4.0,662.0,5.0,2.0,0.0
LIVE_BELIEF,HYBRID,Q06_FALSE3,RESTRICTION_CHANGE,LOW,4,VERBOSE_TYPED,12,1.0,8.0,0.0,3.0,1.0,0.0,2.0,1.0,0.5,1.0,38.0,3.0,4.0,666.0,5.0,2.0,0.0
LIVE_BELIEF,HYBRID,Q06_FALSE3,RESTRICTION_CHANGE,LOW,8,COMPACT_TYPED,12,1.0,12.0,0.0,6.0,1.0,0.0,5.0,1.0,0.5,1.0,44.0,6.0,4.0,662.0,7.0,2.0,0.0
LIVE_BELIEF,HYBRID,Q06_FALSE3,RESTRICTION_CHANGE,LOW,8,VERBOSE_TYPED,12,1.0,12.0,0.0,6.0,1.0,0.0,5.0,1.0,0.5,1.0,56.0,6.0,4.0,666.0,7.0,2.0,0.0
LIVE_BELIEF,HYBRID,Q06_FALSE3,RESTRICTION_CHANGE,LOW,12,COMPACT_TYPED,12,1.0,16.0,0.0,6.0,1.0,0.0,5.0,1.0,0.5,1.0,44.0,6.0,4.0,662.0,9.0,2.0,0.0
LIVE_BELIEF,HYBRID,Q06_FALSE3,RESTRICTION_CHANGE,LOW,12,VERBOSE_TYPED,12,1.0,16.0,0.0,6.0,1.0,0.0,5.0,1.0,0.5,1.0,56.0,6.0,4.0,666.0,9.0,2.0,0.0
LIVE_BELIEF,HYBRID,Q07_DUP_OOO,AVAILABILITY_LOSS,HIGH,4,COMPACT_TYPED,12,1.0,7.0,1.0,3.0,0.0,0.0,2.0,1.0,1.0,1.0,26.0,3.0,3.0,501.0,4.0,2.0,0.0
LIVE_BELIEF,HYBRID,Q07_DUP_OOO,AVAILABILITY_LOSS,HIGH,4,VERBOSE_TYPED,12,1.0,7.0,1.0,3.0,0.0,0.0,2.0,1.0,1.0,1.0,35.0,3.0,3.0,504.0,4.0,2.0,0.0
LIVE_BELIEF,HYBRID,Q07_DUP_OOO,AVAILABILITY_LOSS,HIGH,8,COMPACT_TYPED,12,1.0,11.0,1.0,5.0,0.0,0.0,4.0,1.0,1.0,1.0,38.0,5.0,3.0,501.0,6.0,2.0,0.0
LIVE_BELIEF,HYBRID,Q07_DUP_OOO,AVAILABILITY_LOSS,HIGH,8,VERBOSE_TYPED,12,1.0,11.0,1.0,5.0,0.0,0.0,4.0,1.0,1.0,1.0,47.0,5.0,3.0,504.0,6.0,2.0,0.0
LIVE_BELIEF,HYBRID,Q07_DUP_OOO,AVAILABILITY_LOSS,HIGH,12,COMPACT_TYPED,12,1.0,15.0,1.0,7.0,0.0,0.0,6.0,1.0,1.0,1.0,50.0,7.0,3.0,501.0,8.0,2.0,0.0
LIVE_BELIEF,HYBRID,Q07_DUP_OOO,AVAILABILITY_LOSS,HIGH,12,VERBOSE_TYPED,12,1.0,15.0,1.0,7.0,0.0,0.0,6.0,1.0,1.0,1.0,59.0,7.0,3.0,504.0,8.0,2.0,0.0
LIVE_BELIEF,HYBRID,Q07_DUP_OOO,AVAILABILITY_LOSS,LOW,4,COMPACT_TYPED,12,1.0,7.0,1.0,3.0,0.0,0.0,2.0,1.0,1.0,1.0,26.0,3.0,3.0,501.0,4.0,2.0,0.0
LIVE_BELIEF,HYBRID,Q07_DUP_OOO,AVAILABILITY_LOSS,LOW,4,VERBOSE_TYPED,12,1.0,7.0,1.0,3.0,0.0,0.0,2.0,1.0,1.0,1.0,35.0,3.0,3.0,504.0,4.0,2.0,0.0
LIVE_BELIEF,HYBRID,Q07_DUP_OOO,AVAILABILITY_LOSS,LOW,8,COMPACT_TYPED,12,1.0,11.0,1.0,5.0,0.0,0.0,4.0,1.0,1.0,1.0,38.0,5.0,3.0,501.0,6.0,2.0,0.0
LIVE_BELIEF,HYBRID,Q07_DUP_OOO,AVAILABILITY_LOSS,LOW,8,VERBOSE_TYPED,12,1.0,11.0,1.0,5.0,0.0,0.0,4.0,1.0,1.0,1.0,47.0,5.0,3.0,504.0,6.0,2.0,0.0
LIVE_BELIEF,HYBRID,Q07_DUP_OOO,AVAILABILITY_LOSS,LOW,12,COMPACT_TYPED,12,1.0,15.0,1.0,7.0,0.0,0.0,6.0,1.0,1.0,1.0,50.0,7.0,3.0,501.0,8.0,2.0,0.0
LIVE_BELIEF,HYBRID,Q07_DUP_OOO,AVAILABILITY_LOSS,LOW,12,VERBOSE_TYPED,12,1.0,15.0,1.0,7.0,0.0,0.0,6.0,1.0,1.0,1.0,59.0,7.0,3.0,504.0,8.0,2.0,0.0
LIVE_BELIEF,HYBRID,Q07_DUP_OOO,CONTROL_FAILURE,HIGH,4,COMPACT_TYPED,12,1.0,5.0,3.0,4.0,0.0,0.0,4.0,0.0,1.0,1.0,36.0,4.0,3.0,498.0,4.0,2.0,1.0
LIVE_BELIEF,HYBRID,Q07_DUP_OOO,CONTROL_FAILURE,HIGH,4,VERBOSE_TYPED,12,1.0,5.0,3.0,4.0,0.0,0.0,4.0,0.0,1.0,1.0,45.0,4.0,3.0,501.0,4.0,2.0,1.0
LIVE_BELIEF,HYBRID,Q07_DUP_OOO,CONTROL_FAILURE,HIGH,8,COMPACT_TYPED,12,1.0,9.0,3.0,6.0,0.0,0.0,6.0,0.0,1.0,1.0,48.0,6.0,3.0,498.0,6.0,2.0,1.0
LIVE_BELIEF,HYBRID,Q07_DUP_OOO,CONTROL_FAILURE,HIGH,8,VERBOSE_TYPED,12,1.0,9.0,3.0,6.0,0.0,0.0,6.0,0.0,1.0,1.0,57.0,6.0,3.0,501.0,6.0,2.0,1.0
LIVE_BELIEF,HYBRID,Q07_DUP_OOO,CONTROL_FAILURE,HIGH,12,COMPACT_TYPED,12,1.0,13.0,3.0,7.0,0.0,0.0,7.0,0.0,1.0,1.0,54.0,7.0,3.0,498.0,8.0,2.0,1.0
LIVE_BELIEF,HYBRID,Q07_DUP_OOO,CONTROL_FAILURE,HIGH,12,VERBOSE_TYPED,12,1.0,13.0,3.0,7.0,0.0,0.0,7.0,0.0,1.0,1.0,63.0,7.0,3.0,501.0,8.0,2.0,1.0
LIVE_BELIEF,HYBRID,Q07_DUP_OOO,CONTROL_FAILURE,LOW,4,COMPACT_TYPED,12,1.0,6.0,2.0,3.0,0.0,0.0,3.0,0.0,1.0,1.0,28.0,3.0,3.0,498.0,4.0,2.0,0.0
LIVE_BELIEF,HYBRID,Q07_DUP_OOO,CONTROL_FAILURE,LOW,4,VERBOSE_TYPED,12,1.0,6.0,2.0,3.0,0.0,0.0,3.0,0.0,1.0,1.0,37.0,3.0,3.0,501.0,4.0,2.0,0.0
LIVE_BELIEF,HYBRID,Q07_DUP_OOO,CONTROL_FAILURE,LOW,8,COMPACT_TYPED,12,1.0,10.0,2.0,5.0,0.0,0.0,5.0,0.0,1.0,1.0,40.0,5.0,3.0,498.0,6.0,2.0,0.0
LIVE_BELIEF,HYBRID,Q07_DUP_OOO,CONTROL_FAILURE,LOW,8,VERBOSE_TYPED,12,1.0,10.0,2.0,5.0,0.0,0.0,5.0,0.0,1.0,1.0,49.0,5.0,3.0,501.0,6.0,2.0,0.0
LIVE_BELIEF,HYBRID,Q07_DUP_OOO,CONTROL_FAILURE,LOW,12,COMPACT_TYPED,12,1.0,14.0,2.0,7.0,0.0,0.0,7.0,0.0,1.0,1.0,52.0,7.0,3.0,498.0,8.0,2.0,0.0
LIVE_BELIEF,HYBRID,Q07_DUP_OOO,CONTROL_FAILURE,LOW,12,VERBOSE_TYPED,12,1.0,14.0,2.0,7.0,0.0,0.0,7.0,0.0,1.0,1.0,61.0,7.0,3.0,501.0,8.0,2.0,0.0
LIVE_BELIEF,HYBRID,Q07_DUP_OOO,POSE_SHIFT,HIGH,4,COMPACT_TYPED,12,1.0,7.0,1.0,3.0,0.0,0.0,2.0,0.0,1.0,1.0,26.0,3.0,3.0,483.0,4.0,2.0,0.0
LIVE_BELIEF,HYBRID,Q07_DUP_OOO,POSE_SHIFT,HIGH,4,VERBOSE_TYPED,12,1.0,7.0,1.0,3.0,0.0,0.0,2.0,0.0,1.0,1.0,35.0,3.0,3.0,486.0,4.0,2.0,0.0
LIVE_BELIEF,HYBRID,Q07_DUP_OOO,POSE_SHIFT,HIGH,8,COMPACT_TYPED,12,1.0,11.0,1.0,5.0,0.0,0.0,4.0,0.0,1.0,1.0,38.0,5.0,3.0,483.0,6.0,2.0,0.0
LIVE_BELIEF,HYBRID,Q07_DUP_OOO,POSE_SHIFT,HIGH,8,VERBOSE_TYPED,12,1.0,11.0,1.0,5.0,0.0,0.0,4.0,0.0,1.0,1.0,47.0,5.0,3.0,486.0,6.0,2.0,0.0
LIVE_BELIEF,HYBRID,Q07_DUP_OOO,POSE_SHIFT,HIGH,12,COMPACT_TYPED,12,1.0,15.0,1.0,7.0,0.0,0.0,6.0,0.0,1.0,1.0,50.0,7.0,3.0,483.0,8.0,2.0,0.0
LIVE_BELIEF,HYBRID,Q07_DUP_OOO,POSE_SHIFT,HIGH,12,VERBOSE_TYPED,12,1.0,15.0,1.0,7.0,0.0,0.0,6.0,0.0,1.0,1.0,59.0,7.0,3.0,486.0,8.0,2.0,0.0
LIVE_BELIEF,HYBRID,Q07_DUP_OOO,POSE_SHIFT,LOW,4,COMPACT_TYPED,12,1.0,7.0,1.0,3.0,0.0,0.0,2.0,0.0,1.0,1.0,26.0,3.0,3.0,483.0,4.0,2.0,0.0
LIVE_BELIEF,HYBRID,Q07_DUP_OOO,POSE_SHIFT,LOW,4,VERBOSE_TYPED,12,1.0,7.0,1.0,3.0,0.0,0.0,2.0,0.0,1.0,1.0,35.0,3.0,3.0,486.0,4.0,2.0,0.0
LIVE_BELIEF,HYBRID,Q07_DUP_OOO,POSE_SHIFT,LOW,8,COMPACT_TYPED,12,1.0,11.0,1.0,5.0,0.0,0.0,4.0,0.0,1.0,1.0,38.0,5.0,3.0,483.0,6.0,2.0,0.0
LIVE_BELIEF,HYBRID,Q07_DUP_OOO,POSE_SHIFT,LOW,8,VERBOSE_TYPED,12,1.0,11.0,1.0,5.0,0.0,0.0,4.0,0.0,1.0,1.0,47.0,5.0,3.0,486.0,6.0,2.0,0.0
LIVE_BELIEF,HYBRID,Q07_DUP_OOO,POSE_SHIFT,LOW,12,COMPACT_TYPED,12,1.0,15.0,1.0,7.0,0.0,0.0,6.0,0.0,1.0,1.0,50.0,7.0,3.0,483.0,8.0,2.0,0.0
LIVE_BELIEF,HYBRID,Q07_DUP_OOO,POSE_SHIFT,LOW,12,VERBOSE_TYPED,12,1.0,15.0,1.0,7.0,0.0,0.0,6.0,0.0,1.0,1.0,59.0,7.0,3.0,486.0,8.0,2.0,0.0
LIVE_BELIEF,HYBRID,Q07_DUP_OOO,RESTRICTION_CHANGE,HIGH,4,COMPACT_TYPED,12,1.0,7.0,1.0,3.0,0.0,0.0,2.0,1.0,1.0,1.0,26.0,3.0,3.0,492.0,4.0,2.0,0.0
LIVE_BELIEF,HYBRID,Q07_DUP_OOO,RESTRICTION_CHANGE,HIGH,4,VERBOSE_TYPED,12,1.0,7.0,1.0,3.0,0.0,0.0,2.0,1.0,1.0,1.0,35.0,3.0,3.0,495.0,4.0,2.0,0.0
LIVE_BELIEF,HYBRID,Q07_DUP_OOO,RESTRICTION_CHANGE,HIGH,8,COMPACT_TYPED,12,1.0,11.0,1.0,5.0,0.0,0.0,4.0,1.0,1.0,1.0,38.0,5.0,3.0,492.0,6.0,2.0,0.0
LIVE_BELIEF,HYBRID,Q07_DUP_OOO,RESTRICTION_CHANGE,HIGH,8,VERBOSE_TYPED,12,1.0,11.0,1.0,5.0,0.0,0.0,4.0,1.0,1.0,1.0,47.0,5.0,3.0,495.0,6.0,2.0,0.0
LIVE_BELIEF,HYBRID,Q07_DUP_OOO,RESTRICTION_CHANGE,HIGH,12,COMPACT_TYPED,12,1.0,15.0,1.0,7.0,0.0,0.0,6.0,1.0,1.0,1.0,50.0,7.0,3.0,492.0,8.0,2.0,0.0
LIVE_BELIEF,HYBRID,Q07_DUP_OOO,RESTRICTION_CHANGE,HIGH,12,VERBOSE_TYPED,12,1.0,15.0,1.0,7.0,0.0,0.0,6.0,1.0,1.0,1.0,59.0,7.0,3.0,495.0,8.0,2.0,0.0
LIVE_BELIEF,HYBRID,Q07_DUP_OOO,RESTRICTION_CHANGE,LOW,4,COMPACT_TYPED,12,1.0,7.0,1.0,3.0,0.0,0.0,2.0,1.0,1.0,1.0,26.0,3.0,3.0,492.0,4.0,2.0,0.0
LIVE_BELIEF,HYBRID,Q07_DUP_OOO,RESTRICTION_CHANGE,LOW,4,VERBOSE_TYPED,12,1.0,7.0,1.0,3.0,0.0,0.0,2.0,1.0,1.0,1.0,35.0,3.0,3.0,495.0,4.0,2.0,0.0
LIVE_BELIEF,HYBRID,Q07_DUP_OOO,RESTRICTION_CHANGE,LOW,8,COMPACT_TYPED,12,1.0,11.0,1.0,5.0,0.0,0.0,4.0,1.0,1.0,1.0,38.0,5.0,3.0,492.0,6.0,2.0,0.0
LIVE_BELIEF,HYBRID,Q07_DUP_OOO,RESTRICTION_CHANGE,LOW,8,VERBOSE_TYPED,12,1.0,11.0,1.0,5.0,0.0,0.0,4.0,1.0,1.0,1.0,47.0,5.0,3.0,495.0,6.0,2.0,0.0
LIVE_BELIEF,HYBRID,Q07_DUP_OOO,RESTRICTION_CHANGE,LOW,12,COMPACT_TYPED,12,1.0,15.0,1.0,7.0,0.0,0.0,6.0,1.0,1.0,1.0,50.0,7.0,3.0,492.0,8.0,2.0,0.0
LIVE_BELIEF,HYBRID,Q07_DUP_OOO,RESTRICTION_CHANGE,LOW,12,VERBOSE_TYPED,12,1.0,15.0,1.0,7.0,0.0,0.0,6.0,1.0,1.0,1.0,59.0,7.0,3.0,495.0,8.0,2.0,0.0
LIVE_BELIEF,HYBRID,Q08_GUARDED,AVAILABILITY_LOSS,HIGH,4,COMPACT_TYPED,12,0.5,4.0,4.0,2.5,0.0,0.5,2.0,0.5,0.5,0.5,25.5,2.5,0.5,83.5,6.5,0.5,1.0
LIVE_BELIEF,HYBRID,Q08_GUARDED,AVAILABILITY_LOSS,HIGH,4,VERBOSE_TYPED,12,0.5,4.0,4.0,2.5,0.0,0.5,2.0,0.5,0.5,0.5,31.5,2.5,0.5,84.0,6.5,0.5,1.0
LIVE_BELIEF,HYBRID,Q08_GUARDED,AVAILABILITY_LOSS,HIGH,8,COMPACT_TYPED,12,0.75,9.0,3.0,4.25,0.0,0.25,3.5,0.75,0.75,0.75,34.75,4.25,0.75,125.25,8.25,0.75,1.0
LIVE_BELIEF,HYBRID,Q08_GUARDED,AVAILABILITY_LOSS,HIGH,8,VERBOSE_TYPED,12,0.75,9.0,3.0,4.25,0.0,0.25,3.5,0.75,0.75,0.75,42.25,4.25,0.75,126.0,8.25,0.75,1.0
LIVE_BELIEF,HYBRID,Q08_GUARDED,AVAILABILITY_LOSS,HIGH,12,COMPACT_TYPED,12,0.833333,12.5,3.5,5.333333,0.0,0.166667,4.5,0.833333,0.833333,0.833333,43.5,5.333333,1.833333,305.166667,8.333333,0.833333,0.833333
LIVE_BELIEF,HYBRID,Q08_GUARDED,AVAILABILITY_LOSS,HIGH,12,VERBOSE_TYPED,12,0.833333,12.5,3.5,5.333333,0.0,0.166667,4.5,0.833333,0.833333,0.833333,51.5,5.333333,1.833333,307.0,8.333333,0.833333,0.833333
LIVE_BELIEF,HYBRID,Q08_GUARDED,AVAILABILITY_LOSS,LOW,4,COMPACT_TYPED,12,0.833333,6.0,2.0,2.166667,0.0,0.166667,1.333333,0.833333,0.833333,0.833333,20.5,2.166667,0.833333,139.166667,5.5,0.833333,0.333333
LIVE_BELIEF,HYBRID,Q08_GUARDED,AVAILABILITY_LOSS,LOW,4,VERBOSE_TYPED,12,0.833333,6.0,2.0,2.166667,0.0,0.166667,1.333333,0.833333,0.833333,0.833333,28.5,2.166667,0.833333,140.0,5.5,0.833333,0.333333
LIVE_BELIEF,HYBRID,Q08_GUARDED,AVAILABILITY_LOSS,LOW,8,COMPACT_TYPED,12,0.75,9.0,3.0,4.25,0.0,0.25,3.5,0.75,0.75,0.75,34.75,4.25,0.75,125.25,8.25,0.75,1.0
LIVE_BELIEF,HYBRID,Q08_GUARDED,AVAILABILITY_LOSS,LOW,8,VERBOSE_TYPED,12,0.75,9.0,3.0,4.25,0.0,0.25,3.5,0.75,0.75,0.75,42.25,4.25,0.75,126.0,8.25,0.75,1.0
LIVE_BELIEF,HYBRID,Q08_GUARDED,AVAILABILITY_LOSS,LOW,12,COMPACT_TYPED,12,0.75,11.75,4.25,5.5,0.0,0.25,4.75,0.75,0.75,0.75,45.75,5.5,1.75,291.25,8.5,0.75,1.25
LIVE_BELIEF,HYBRID,Q08_GUARDED,AVAILABILITY_LOSS,LOW,12,VERBOSE_TYPED,12,0.75,11.75,4.25,5.5,0.0,0.25,4.75,0.75,0.75,0.75,53.25,5.5,1.75,293.0,8.5,0.75,1.25
LIVE_BELIEF,HYBRID,Q08_GUARDED,CONTROL_FAILURE,HIGH,4,COMPACT_TYPED,12,1.0,5.0,3.0,2.0,0.0,0.416667,2.0,0.0,0.583333,0.583333,20.75,2.0,0.583333,96.833333,6.25,0.583333,1.0
LIVE_BELIEF,HYBRID,Q08_GUARDED,CONTROL_FAILURE,HIGH,4,VERBOSE_TYPED,12,1.0,5.0,3.0,2.0,0.0,0.416667,2.0,0.0,0.583333,0.583333,27.25,2.0,0.583333,97.416667,6.25,0.583333,1.0
LIVE_BELIEF,HYBRID,Q08_GUARDED,CONTROL_FAILURE,HIGH,8,COMPACT_TYPED,12,1.0,9.0,3.0,4.833333,0.0,0.166667,4.833333,0.0,0.833333,0.833333,38.5,4.833333,0.833333,138.333333,7.833333,0.833333,1.0
LIVE_BELIEF,HYBRID,Q08_GUARDED,CONTROL_FAILURE,HIGH,8,VERBOSE_TYPED,12,1.0,9.0,3.0,4.833333,0.0,0.166667,4.833333,0.0,0.833333,0.833333,46.5,4.833333,0.833333,139.166667,7.833333,0.833333,1.0
LIVE_BELIEF,HYBRID,Q08_GUARDED,CONTROL_FAILURE,HIGH,12,COMPACT_TYPED,12,1.0,13.0,3.0,5.0,0.0,0.25,5.0,0.0,0.75,0.75,40.25,5.0,1.75,290.5,8.5,0.75,0.25
LIVE_BELIEF,HYBRID,Q08_GUARDED,CONTROL_FAILURE,HIGH,12,VERBOSE_TYPED,12,1.0,13.0,3.0,5.0,0.0,0.25,5.0,0.0,0.75,0.75,47.75,5.0,1.75,292.25,8.5,0.75,0.25
LIVE_BELIEF,HYBRID,Q08_GUARDED,CONTROL_FAILURE,LOW,4,COMPACT_TYPED,12,1.0,6.0,2.0,2.0,0.0,0.166667,2.0,0.0,0.833333,0.833333,19.5,2.0,0.833333,138.333333,5.5,0.833333,0.0
LIVE_BELIEF,HYBRID,Q08_GUARDED,CONTROL_FAILURE,LOW,4,VERBOSE_TYPED,12,1.0,6.0,2.0,2.0,0.0,0.166667,2.0,0.0,0.833333,0.833333,27.5,2.0,0.833333,139.166667,5.5,0.833333,0.0
LIVE_BELIEF,HYBRID,Q08_GUARDED,CONTROL_FAILURE,LOW,8,COMPACT_TYPED,12,1.0,10.0,2.0,4.0,0.0,0.25,4.0,0.0,0.75,0.75,31.25,4.0,0.75,124.5,8.25,0.75,0.25
LIVE_BELIEF,HYBRID,Q08_GUARDED,CONTROL_FAILURE,LOW,8,VERBOSE_TYPED,12,1.0,10.0,2.0,4.0,0.0,0.25,4.0,0.0,0.75,0.75,38.75,4.0,0.75,125.25,8.25,0.75,0.25
LIVE_BELIEF,HYBRID,Q08_GUARDED,CONTROL_FAILURE,LOW,12,COMPACT_TYPED,12,1.0,14.0,2.0,5.0,0.0,0.083333,5.0,0.0,0.916667,0.916667,38.75,5.0,1.916667,318.166667,8.166667,0.916667,0.083333
LIVE_BELIEF,HYBRID,Q08_GUARDED,CONTROL_FAILURE,LOW,12,VERBOSE_TYPED,12,1.0,14.0,2.0,5.0,0.0,0.083333,5.0,0.0,0.916667,0.916667,47.25,5.0,1.916667,320.083333,8.166667,0.916667,0.083333
LIVE_BELIEF,HYBRID,Q08_GUARDED,POSE_SHIFT,HIGH,4,COMPACT_TYPED,12,0.583333,4.5,3.5,2.416667,0.0,0.416667,1.833333,0.0,0.583333,0.583333,24.25,2.416667,0.583333,93.916667,6.25,0.583333,0.833333
LIVE_BELIEF,HYBRID,Q08_GUARDED,POSE_SHIFT,HIGH,4,VERBOSE_TYPED,12,0.583333,4.5,3.5,2.416667,0.0,0.416667,1.833333,0.0,0.583333,0.583333,30.75,2.416667,0.583333,94.5,6.25,0.583333,0.833333
LIVE_BELIEF,HYBRID,Q08_GUARDED,POSE_SHIFT,HIGH,8,COMPACT_TYPED,12,0.75,9.0,3.0,4.25,0.0,0.25,3.5,0.0,0.75,0.75,34.75,4.25,0.75,120.75,8.25,0.75,1.0
LIVE_BELIEF,HYBRID,Q08_GUARDED,POSE_SHIFT,HIGH,8,VERBOSE_TYPED,12,0.75,9.0,3.0,4.25,0.0,0.25,3.5,0.0,0.75,0.75,42.25,4.25,0.75,121.5,8.25,0.75,1.0
LIVE_BELIEF,HYBRID,Q08_GUARDED,POSE_SHIFT,HIGH,12,COMPACT_TYPED,12,0.666667,11.0,5.0,5.666667,0.0,0.333333,5.0,0.0,0.666667,0.666667,48.0,5.666667,1.666667,273.333333,8.666667,0.666667,1.666667
LIVE_BELIEF,HYBRID,Q08_GUARDED,POSE_SHIFT,HIGH,12,VERBOSE_TYPED,12,0.666667,11.0,5.0,5.666667,0.0,0.333333,5.0,0.0,0.666667,0.666667,55.0,5.666667,1.666667,275.0,8.666667,0.666667,1.666667
LIVE_BELIEF,HYBRID,Q08_GUARDED,POSE_SHIFT,LOW,4,COMPACT_TYPED,12,0.75,5.5,2.5,2.25,0.0,0.25,1.5,0.0,0.75,0.75,21.75,2.25,0.75,120.75,5.75,0.75,0.5
LIVE_BELIEF,HYBRID,Q08_GUARDED,POSE_SHIFT,LOW,4,VERBOSE_TYPED,12,0.75,5.5,2.5,2.25,0.0,0.25,1.5,0.0,0.75,0.75,29.25,2.25,0.75,121.5,5.75,0.75,0.5
LIVE_BELIEF,HYBRID,Q08_GUARDED,POSE_SHIFT,LOW,8,COMPACT_TYPED,12,0.833333,9.666667,2.333333,4.166667,0.0,0.166667,3.333333,0.0,0.833333,0.833333,33.166667,4.166667,0.833333,134.166667,7.833333,0.833333,0.666667
LIVE_BELIEF,HYBRID,Q08_GUARDED,POSE_SHIFT,LOW,8,VERBOSE_TYPED,12,0.833333,9.666667,2.333333,4.166667,0.0,0.166667,3.333333,0.0,0.833333,0.833333,41.166667,4.166667,0.833333,135.0,7.833333,0.833333,0.666667
LIVE_BELIEF,HYBRID,Q08_GUARDED,POSE_SHIFT,LOW,12,COMPACT_TYPED,12,0.666667,11.0,5.0,5.666667,0.0,0.333333,5.0,0.0,0.666667,0.666667,48.0,5.666667,1.666667,273.333333,8.666667,0.666667,1.666667
LIVE_BELIEF,HYBRID,Q08_GUARDED,POSE_SHIFT,LOW,12,VERBOSE_TYPED,12,0.666667,11.0,5.0,5.666667,0.0,0.333333,5.0,0.0,0.666667,0.666667,55.0,5.666667,1.666667,275.0,8.666667,0.666667,1.666667
LIVE_BELIEF,HYBRID,Q08_GUARDED,RESTRICTION_CHANGE,HIGH,4,COMPACT_TYPED,12,0.666667,5.0,3.0,2.333333,0.0,0.333333,1.666667,0.666667,0.666667,0.666667,23.0,2.333333,0.666667,109.333333,6.0,0.666667,0.666667
LIVE_BELIEF,HYBRID,Q08_GUARDED,RESTRICTION_CHANGE,HIGH,4,VERBOSE_TYPED,12,0.666667,5.0,3.0,2.333333,0.0,0.333333,1.666667,0.666667,0.666667,0.666667,30.0,2.333333,0.666667,110.0,6.0,0.666667,0.666667
LIVE_BELIEF,HYBRID,Q08_GUARDED,RESTRICTION_CHANGE,HIGH,8,COMPACT_TYPED,12,0.833333,9.666667,2.333333,4.166667,0.0,0.166667,3.333333,0.833333,0.833333,0.833333,33.166667,4.166667,0.833333,136.666667,7.833333,0.833333,0.666667
LIVE_BELIEF,HYBRID,Q08_GUARDED,RESTRICTION_CHANGE,HIGH,8,VERBOSE_TYPED,12,0.833333,9.666667,2.333333,4.166667,0.0,0.166667,3.333333,0.833333,0.833333,0.833333,41.166667,4.166667,0.833333,137.5,7.833333,0.833333,0.666667
LIVE_BELIEF,HYBRID,Q08_GUARDED,RESTRICTION_CHANGE,HIGH,12,COMPACT_TYPED,12,0.833333,12.5,3.5,5.333333,0.0,0.166667,4.5,0.833333,0.833333,0.833333,43.5,5.333333,1.833333,302.666667,8.333333,0.833333,0.833333
LIVE_BELIEF,HYBRID,Q08_GUARDED,RESTRICTION_CHANGE,HIGH,12,VERBOSE_TYPED,12,0.833333,12.5,3.5,5.333333,0.0,0.166667,4.5,0.833333,0.833333,0.833333,51.5,5.333333,1.833333,304.5,8.333333,0.833333,0.833333
LIVE_BELIEF,HYBRID,Q08_GUARDED,RESTRICTION_CHANGE,LOW,4,COMPACT_TYPED,12,0.833333,6.0,2.0,2.166667,0.0,0.166667,1.333333,0.833333,0.833333,0.833333,20.5,2.166667,0.833333,136.666667,5.5,0.833333,0.333333
LIVE_BELIEF,HYBRID,Q08_GUARDED,RESTRICTION_CHANGE,LOW,4,VERBOSE_TYPED,12,0.833333,6.0,2.0,2.166667,0.0,0.166667,1.333333,0.833333,0.833333,0.833333,28.5,2.166667,0.833333,137.5,5.5,0.833333,0.333333
LIVE_BELIEF,HYBRID,Q08_GUARDED,RESTRICTION_CHANGE,LOW,8,COMPACT_TYPED,12,0.833333,9.666667,2.333333,4.166667,0.0,0.166667,3.333333,0.833333,0.833333,0.833333,33.166667,4.166667,0.833333,136.666667,7.833333,0.833333,0.666667
LIVE_BELIEF,HYBRID,Q08_GUARDED,RESTRICTION_CHANGE,LOW,8,VERBOSE_TYPED,12,0.833333,9.666667,2.333333,4.166667,0.0,0.166667,3.333333,0.833333,0.833333,0.833333,41.166667,4.166667,0.833333,137.5,7.833333,0.833333,0.666667
LIVE_BELIEF,HYBRID,Q08_GUARDED,RESTRICTION_CHANGE,LOW,12,COMPACT_TYPED,12,0.833333,12.5,3.5,5.333333,0.0,0.166667,4.5,0.833333,0.833333,0.833333,43.5,5.333333,1.833333,302.666667,8.333333,0.833333,0.833333
LIVE_BELIEF,HYBRID,Q08_GUARDED,RESTRICTION_CHANGE,LOW,12,VERBOSE_TYPED,12,0.833333,12.5,3.5,5.333333,0.0,0.166667,4.5,0.833333,0.833333,0.833333,51.5,5.333333,1.833333,304.5,8.333333,0.833333,0.833333
LIVE_BELIEF,HYBRID,Q09_HOSTILE,AVAILABILITY_LOSS,HIGH,4,COMPACT_TYPED,12,0.0,1.0,7.0,2.0,0.0,1.0,2.0,0.0,0.0,0.0,30.5,2.0,1.0,166.0,5.0,0.0,1.0
LIVE_BELIEF,HYBRID,Q09_HOSTILE,AVAILABILITY_LOSS,HIGH,4,VERBOSE_TYPED,12,0.0,1.0,7.0,2.0,0.0,1.0,2.0,0.0,0.0,0.0,41.0,2.0,1.0,167.0,5.0,0.0,1.0
LIVE_BELIEF,HYBRID,Q09_HOSTILE,AVAILABILITY_LOSS,HIGH,8,COMPACT_TYPED,12,0.583333,6.5,5.5,3.0,0.0,1.0,2.416667,0.583333,0.0,0.0,34.916667,3.0,1.166667,194.833333,7.916667,0.0,1.416667
LIVE_BELIEF,HYBRID,Q09_HOSTILE,AVAILABILITY_LOSS,HIGH,8,VERBOSE_TYPED,12,0.583333,6.5,5.5,3.0,0.0,1.0,2.416667,0.583333,0.0,0.0,49.166667,3.0,1.166667,196.0,7.916667,0.0,1.416667
LIVE_BELIEF,HYBRID,Q09_HOSTILE,AVAILABILITY_LOSS,HIGH,12,COMPACT_TYPED,12,0.0,5.0,11.0,4.0,0.0,1.0,4.0,0.0,0.0,0.0,51.25,4.0,0.0,0.0,16.0,0.0,3.0
LIVE_BELIEF,HYBRID,Q09_HOSTILE,AVAILABILITY_LOSS,HIGH,12,VERBOSE_TYPED,12,0.0,5.0,11.0,4.0,0.0,1.0,4.0,0.0,0.0,0.0,67.0,4.0,0.0,0.0,16.0,0.0,3.0
LIVE_BELIEF,HYBRID,Q09_HOSTILE,AVAILABILITY_LOSS,LOW,4,COMPACT_TYPED,12,0.0,1.0,7.0,2.0,0.0,1.0,2.0,0.0,0.0,0.0,31.75,2.0,1.0,166.0,5.0,0.0,1.0
LIVE_BELIEF,HYBRID,Q09_HOSTILE,AVAILABILITY_LOSS,LOW,4,VERBOSE_TYPED,12,0.0,1.0,7.0,2.0,0.0,1.0,2.0,0.0,0.0,0.0,46.0,2.0,1.0,167.0,5.0,0.0,1.0
LIVE_BELIEF,HYBRID,Q09_HOSTILE,AVAILABILITY_LOSS,LOW,8,COMPACT_TYPED,12,0.583333,6.5,5.5,3.0,0.0,1.0,2.416667,0.583333,0.0,0.0,34.916667,3.0,1.166667,194.833333,7.916667,0.0,1.416667
LIVE_BELIEF,HYBRID,Q09_HOSTILE,AVAILABILITY_LOSS,LOW,8,VERBOSE_TYPED,12,0.583333,6.5,5.5,3.0,0.0,1.0,2.416667,0.583333,0.0,0.0,49.166667,3.0,1.166667,196.0,7.916667,0.0,1.416667
LIVE_BELIEF,HYBRID,Q09_HOSTILE,AVAILABILITY_LOSS,LOW,12,COMPACT_TYPED,12,0.0,5.0,11.0,4.0,0.0,1.0,4.0,0.0,0.0,0.0,50.25,4.0,0.0,0.0,16.0,0.0,3.0
LIVE_BELIEF,HYBRID,Q09_HOSTILE,AVAILABILITY_LOSS,LOW,12,VERBOSE_TYPED,12,0.0,5.0,11.0,4.0,0.0,1.0,4.0,0.0,0.0,0.0,63.0,4.0,0.0,0.0,16.0,0.0,3.0
LIVE_BELIEF,HYBRID,Q09_HOSTILE,CONTROL_FAILURE,HIGH,4,COMPACT_TYPED,12,1.0,5.0,3.0,1.0,0.0,1.0,1.0,0.0,0.0,0.0,17.5,1.0,1.0,166.0,5.0,0.0,0.0
LIVE_BELIEF,HYBRID,Q09_HOSTILE,CONTROL_FAILURE,HIGH,4,VERBOSE_TYPED,12,1.0,5.0,3.0,1.0,0.0,1.0,1.0,0.0,0.0,0.0,31.0,1.0,1.0,167.0,5.0,0.0,0.0
LIVE_BELIEF,HYBRID,Q09_HOSTILE,CONTROL_FAILURE,HIGH,8,COMPACT_TYPED,12,1.0,9.0,3.0,3.0,0.0,1.0,3.0,0.0,0.0,0.0,29.5,3.0,1.0,166.0,8.5,0.0,1.0
LIVE_BELIEF,HYBRID,Q09_HOSTILE,CONTROL_FAILURE,HIGH,8,VERBOSE_TYPED,12,1.0,9.0,3.0,3.0,0.0,1.0,3.0,0.0,0.0,0.0,43.0,3.0,1.0,167.0,8.5,0.0,1.0
LIVE_BELIEF,HYBRID,Q09_HOSTILE,CONTROL_FAILURE,HIGH,12,COMPACT_TYPED,12,1.0,13.0,3.0,3.0,0.0,1.0,3.0,0.0,0.0,0.0,28.25,3.0,0.0,0.0,16.0,0.0,1.0
LIVE_BELIEF,HYBRID,Q09_HOSTILE,CONTROL_FAILURE,HIGH,12,VERBOSE_TYPED,12,1.0,13.0,3.0,3.0,0.0,1.0,3.0,0.0,0.0,0.0,41.0,3.0,0.0,0.0,16.0,0.0,1.0
LIVE_BELIEF,HYBRID,Q09_HOSTILE,CONTROL_FAILURE,LOW,4,COMPACT_TYPED,12,1.0,6.0,2.0,1.0,0.0,1.0,1.0,0.0,0.0,0.0,15.5,1.0,1.0,166.0,5.0,0.0,0.0
LIVE_BELIEF,HYBRID,Q09_HOSTILE,CONTROL_FAILURE,LOW,4,VERBOSE_TYPED,12,1.0,6.0,2.0,1.0,0.0,1.0,1.0,0.0,0.0,0.0,29.0,1.0,1.0,167.0,5.0,0.0,0.0
LIVE_BELIEF,HYBRID,Q09_HOSTILE,CONTROL_FAILURE,LOW,8,COMPACT_TYPED,12,1.0,10.0,2.0,2.0,0.0,1.0,2.0,0.0,0.0,0.0,21.25,2.0,0.0,0.0,12.0,0.0,0.0
LIVE_BELIEF,HYBRID,Q09_HOSTILE,CONTROL_FAILURE,LOW,8,VERBOSE_TYPED,12,1.0,10.0,2.0,2.0,0.0,1.0,2.0,0.0,0.0,0.0,37.0,2.0,0.0,0.0,12.0,0.0,0.0
LIVE_BELIEF,HYBRID,Q09_HOSTILE,CONTROL_FAILURE,LOW,12,COMPACT_TYPED,12,1.0,14.0,2.0,3.0,0.0,1.0,3.0,0.0,0.0,0.0,26.75,3.0,0.0,0.0,16.0,0.0,1.0
LIVE_BELIEF,HYBRID,Q09_HOSTILE,CONTROL_FAILURE,LOW,12,VERBOSE_TYPED,12,1.0,14.0,2.0,3.0,0.0,1.0,3.0,0.0,0.0,0.0,41.0,3.0,0.0,0.0,16.0,0.0,1.0
LIVE_BELIEF,HYBRID,Q09_HOSTILE,POSE_SHIFT,HIGH,4,COMPACT_TYPED,12,0.0,1.0,7.0,2.0,0.0,1.0,2.0,0.0,0.0,0.0,31.75,2.0,1.0,166.0,5.0,0.0,1.0
LIVE_BELIEF,HYBRID,Q09_HOSTILE,POSE_SHIFT,HIGH,4,VERBOSE_TYPED,12,0.0,1.0,7.0,2.0,0.0,1.0,2.0,0.0,0.0,0.0,46.0,2.0,1.0,167.0,5.0,0.0,1.0
LIVE_BELIEF,HYBRID,Q09_HOSTILE,POSE_SHIFT,HIGH,8,COMPACT_TYPED,12,0.583333,6.5,5.5,3.0,0.0,1.0,2.416667,0.0,0.0,0.0,34.916667,3.0,1.166667,187.833333,7.916667,0.0,1.416667
LIVE_BELIEF,HYBRID,Q09_HOSTILE,POSE_SHIFT,HIGH,8,VERBOSE_TYPED,12,0.583333,6.5,5.5,3.0,0.0,1.0,2.416667,0.0,0.0,0.0,49.166667,3.0,1.166667,189.0,7.916667,0.0,1.416667
LIVE_BELIEF,HYBRID,Q09_HOSTILE,POSE_SHIFT,HIGH,12,COMPACT_TYPED,12,0.0,5.0,11.0,4.0,0.0,1.0,4.0,0.0,0.0,0.0,50.5,4.0,0.0,0.0,16.0,0.0,3.0
LIVE_BELIEF,HYBRID,Q09_HOSTILE,POSE_SHIFT,HIGH,12,VERBOSE_TYPED,12,0.0,5.0,11.0,4.0,0.0,1.0,4.0,0.0,0.0,0.0,64.0,4.0,0.0,0.0,16.0,0.0,3.0
LIVE_BELIEF,HYBRID,Q09_HOSTILE,POSE_SHIFT,LOW,4,COMPACT_TYPED,12,0.0,1.0,7.0,2.0,0.0,1.0,2.0,0.0,0.0,0.0,31.75,2.0,1.0,166.0,5.0,0.0,1.0
LIVE_BELIEF,HYBRID,Q09_HOSTILE,POSE_SHIFT,LOW,4,VERBOSE_TYPED,12,0.0,1.0,7.0,2.0,0.0,1.0,2.0,0.0,0.0,0.0,46.0,2.0,1.0,167.0,5.0,0.0,1.0
LIVE_BELIEF,HYBRID,Q09_HOSTILE,POSE_SHIFT,LOW,8,COMPACT_TYPED,12,0.583333,6.5,5.5,3.0,0.0,1.0,2.416667,0.0,0.0,0.0,34.916667,3.0,1.166667,187.833333,7.916667,0.0,1.416667
LIVE_BELIEF,HYBRID,Q09_HOSTILE,POSE_SHIFT,LOW,8,VERBOSE_TYPED,12,0.583333,6.5,5.5,3.0,0.0,1.0,2.416667,0.0,0.0,0.0,49.166667,3.0,1.166667,189.0,7.916667,0.0,1.416667
LIVE_BELIEF,HYBRID,Q09_HOSTILE,POSE_SHIFT,LOW,12,COMPACT_TYPED,12,0.0,5.0,11.0,4.0,0.0,1.0,4.0,0.0,0.0,0.0,50.0,4.0,0.0,0.0,16.0,0.0,3.0
LIVE_BELIEF,HYBRID,Q09_HOSTILE,POSE_SHIFT,LOW,12,VERBOSE_TYPED,12,0.0,5.0,11.0,4.0,0.0,1.0,4.0,0.0,0.0,0.0,62.0,4.0,0.0,0.0,16.0,0.0,3.0
LIVE_BELIEF,HYBRID,Q09_HOSTILE,RESTRICTION_CHANGE,HIGH,4,COMPACT_TYPED,12,0.0,1.0,7.0,2.0,0.0,1.0,2.0,0.0,0.0,0.0,31.25,2.0,1.0,166.0,5.0,0.0,1.0
LIVE_BELIEF,HYBRID,Q09_HOSTILE,RESTRICTION_CHANGE,HIGH,4,VERBOSE_TYPED,12,0.0,1.0,7.0,2.0,0.0,1.0,2.0,0.0,0.0,0.0,44.0,2.0,1.0,167.0,5.0,0.0,1.0
LIVE_BELIEF,HYBRID,Q09_HOSTILE,RESTRICTION_CHANGE,HIGH,8,COMPACT_TYPED,12,0.666667,7.0,5.0,3.0,0.0,1.0,2.333333,0.666667,0.0,0.0,34.333333,3.0,1.333333,218.666667,7.333333,0.0,1.333333
LIVE_BELIEF,HYBRID,Q09_HOSTILE,RESTRICTION_CHANGE,HIGH,8,VERBOSE_TYPED,12,0.666667,7.0,5.0,3.0,0.0,1.0,2.333333,0.666667,0.0,0.0,49.333333,3.0,1.333333,220.0,7.333333,0.0,1.333333
LIVE_BELIEF,HYBRID,Q09_HOSTILE,RESTRICTION_CHANGE,HIGH,12,COMPACT_TYPED,12,0.0,5.0,11.0,4.0,0.0,1.0,4.0,0.0,0.0,0.0,50.75,4.0,0.0,0.0,16.0,0.0,3.0
LIVE_BELIEF,HYBRID,Q09_HOSTILE,RESTRICTION_CHANGE,HIGH,12,VERBOSE_TYPED,12,0.0,5.0,11.0,4.0,0.0,1.0,4.0,0.0,0.0,0.0,65.0,4.0,0.0,0.0,16.0,0.0,3.0
LIVE_BELIEF,HYBRID,Q09_HOSTILE,RESTRICTION_CHANGE,LOW,4,COMPACT_TYPED,12,0.0,1.0,7.0,2.0,0.0,1.0,2.0,0.0,0.0,0.0,31.75,2.0,1.0,166.0,5.0,0.0,1.0
LIVE_BELIEF,HYBRID,Q09_HOSTILE,RESTRICTION_CHANGE,LOW,4,VERBOSE_TYPED,12,0.0,1.0,7.0,2.0,0.0,1.0,2.0,0.0,0.0,0.0,46.0,2.0,1.0,167.0,5.0,0.0,1.0
LIVE_BELIEF,HYBRID,Q09_HOSTILE,RESTRICTION_CHANGE,LOW,8,COMPACT_TYPED,12,0.583333,6.5,5.5,3.0,0.0,1.0,2.416667,0.583333,0.0,0.0,34.916667,3.0,1.166667,191.333333,7.916667,0.0,1.416667
LIVE_BELIEF,HYBRID,Q09_HOSTILE,RESTRICTION_CHANGE,LOW,8,VERBOSE_TYPED,12,0.583333,6.5,5.5,3.0,0.0,1.0,2.416667,0.583333,0.0,0.0,49.166667,3.0,1.166667,192.5,7.916667,0.0,1.416667
LIVE_BELIEF,HYBRID,Q09_HOSTILE,RESTRICTION_CHANGE,LOW,12,COMPACT_TYPED,12,0.0,5.0,11.0,4.0,0.0,1.0,4.0,0.0,0.0,0.0,51.25,4.0,0.0,0.0,16.0,0.0,3.0
LIVE_BELIEF,HYBRID,Q09_HOSTILE,RESTRICTION_CHANGE,LOW,12,VERBOSE_TYPED,12,0.0,5.0,11.0,4.0,0.0,1.0,4.0,0.0,0.0,0.0,67.0,4.0,0.0,0.0,16.0,0.0,3.0
LIVE_BELIEF,PERIODIC_ONLY,Q00_CLEAN,AVAILABILITY_LOSS,HIGH,4,COMPACT_TYPED,12,0.0,1.0,7.0,2.0,0.0,1.0,2.0,0.0,0.0,0.0,27.0,2.0,0.0,0.0,8.0,0.0,0.0
LIVE_BELIEF,PERIODIC_ONLY,Q00_CLEAN,AVAILABILITY_LOSS,HIGH,4,VERBOSE_TYPED,12,0.0,1.0,7.0,2.0,0.0,1.0,2.0,0.0,0.0,0.0,30.0,2.0,0.0,0.0,8.0,0.0,0.0
LIVE_BELIEF,PERIODIC_ONLY,Q00_CLEAN,AVAILABILITY_LOSS,HIGH,8,COMPACT_TYPED,12,0.0,3.0,9.0,4.0,0.0,1.0,4.0,0.0,0.0,0.0,43.0,4.0,0.0,0.0,12.0,0.0,0.0
LIVE_BELIEF,PERIODIC_ONLY,Q00_CLEAN,AVAILABILITY_LOSS,HIGH,8,VERBOSE_TYPED,12,0.0,3.0,9.0,4.0,0.0,1.0,4.0,0.0,0.0,0.0,46.0,4.0,0.0,0.0,12.0,0.0,0.0
LIVE_BELIEF,PERIODIC_ONLY,Q00_CLEAN,AVAILABILITY_LOSS,HIGH,12,COMPACT_TYPED,12,1.0,16.0,0.0,5.0,0.0,1.0,4.0,1.0,0.0,0.0,32.0,5.0,1.0,167.0,10.0,0.0,0.0
LIVE_BELIEF,PERIODIC_ONLY,Q00_CLEAN,AVAILABILITY_LOSS,HIGH,12,VERBOSE_TYPED,12,1.0,16.0,0.0,5.0,0.0,1.0,4.0,1.0,0.0,0.0,35.0,5.0,1.0,168.0,10.0,0.0,0.0
LIVE_BELIEF,PERIODIC_ONLY,Q00_CLEAN,AVAILABILITY_LOSS,LOW,4,COMPACT_TYPED,12,0.0,1.0,7.0,2.0,0.0,1.0,2.0,0.0,0.0,0.0,27.0,2.0,0.0,0.0,8.0,0.0,0.0
LIVE_BELIEF,PERIODIC_ONLY,Q00_CLEAN,AVAILABILITY_LOSS,LOW,4,VERBOSE_TYPED,12,0.0,1.0,7.0,2.0,0.0,1.0,2.0,0.0,0.0,0.0,30.0,2.0,0.0,0.0,8.0,0.0,0.0
LIVE_BELIEF,PERIODIC_ONLY,Q00_CLEAN,AVAILABILITY_LOSS,LOW,8,COMPACT_TYPED,12,0.0,3.0,9.0,4.0,0.0,1.0,4.0,0.0,0.0,0.0,43.0,4.0,0.0,0.0,12.0,0.0,0.0
LIVE_BELIEF,PERIODIC_ONLY,Q00_CLEAN,AVAILABILITY_LOSS,LOW,8,VERBOSE_TYPED,12,0.0,3.0,9.0,4.0,0.0,1.0,4.0,0.0,0.0,0.0,46.0,4.0,0.0,0.0,12.0,0.0,0.0
LIVE_BELIEF,PERIODIC_ONLY,Q00_CLEAN,AVAILABILITY_LOSS,LOW,12,COMPACT_TYPED,12,1.0,16.0,0.0,5.0,0.0,1.0,4.0,1.0,0.0,0.0,32.0,5.0,1.0,167.0,10.0,0.0,0.0
LIVE_BELIEF,PERIODIC_ONLY,Q00_CLEAN,AVAILABILITY_LOSS,LOW,12,VERBOSE_TYPED,12,1.0,16.0,0.0,5.0,0.0,1.0,4.0,1.0,0.0,0.0,35.0,5.0,1.0,168.0,10.0,0.0,0.0
LIVE_BELIEF,PERIODIC_ONLY,Q00_CLEAN,CONTROL_FAILURE,HIGH,4,COMPACT_TYPED,12,1.0,5.0,3.0,2.0,0.0,1.0,2.0,0.0,0.0,0.0,19.0,2.0,0.0,0.0,8.0,0.0,0.0
LIVE_BELIEF,PERIODIC_ONLY,Q00_CLEAN,CONTROL_FAILURE,HIGH,4,VERBOSE_TYPED,12,1.0,5.0,3.0,2.0,0.0,1.0,2.0,0.0,0.0,0.0,22.0,2.0,0.0,0.0,8.0,0.0,0.0
LIVE_BELIEF,PERIODIC_ONLY,Q00_CLEAN,CONTROL_FAILURE,HIGH,8,COMPACT_TYPED,12,1.0,9.0,3.0,4.0,0.0,1.0,4.0,0.0,0.0,0.0,31.0,4.0,0.0,0.0,12.0,0.0,0.0
LIVE_BELIEF,PERIODIC_ONLY,Q00_CLEAN,CONTROL_FAILURE,HIGH,8,VERBOSE_TYPED,12,1.0,9.0,3.0,4.0,0.0,1.0,4.0,0.0,0.0,0.0,34.0,4.0,0.0,0.0,12.0,0.0,0.0
LIVE_BELIEF,PERIODIC_ONLY,Q00_CLEAN,CONTROL_FAILURE,HIGH,12,COMPACT_TYPED,12,1.0,13.0,3.0,5.0,0.0,1.0,5.0,0.0,0.0,0.0,38.0,5.0,1.0,166.0,10.0,0.0,0.0
LIVE_BELIEF,PERIODIC_ONLY,Q00_CLEAN,CONTROL_FAILURE,HIGH,12,VERBOSE_TYPED,12,1.0,13.0,3.0,5.0,0.0,1.0,5.0,0.0,0.0,0.0,41.0,5.0,1.0,167.0,10.0,0.0,0.0
LIVE_BELIEF,PERIODIC_ONLY,Q00_CLEAN,CONTROL_FAILURE,LOW,4,COMPACT_TYPED,12,1.0,6.0,2.0,2.0,0.0,1.0,2.0,0.0,0.0,0.0,17.0,2.0,0.0,0.0,8.0,0.0,0.0
LIVE_BELIEF,PERIODIC_ONLY,Q00_CLEAN,CONTROL_FAILURE,LOW,4,VERBOSE_TYPED,12,1.0,6.0,2.0,2.0,0.0,1.0,2.0,0.0,0.0,0.0,20.0,2.0,0.0,0.0,8.0,0.0,0.0
LIVE_BELIEF,PERIODIC_ONLY,Q00_CLEAN,CONTROL_FAILURE,LOW,8,COMPACT_TYPED,12,1.0,10.0,2.0,4.0,0.0,1.0,4.0,0.0,0.0,0.0,29.0,4.0,0.0,0.0,12.0,0.0,0.0
LIVE_BELIEF,PERIODIC_ONLY,Q00_CLEAN,CONTROL_FAILURE,LOW,8,VERBOSE_TYPED,12,1.0,10.0,2.0,4.0,0.0,1.0,4.0,0.0,0.0,0.0,32.0,4.0,0.0,0.0,12.0,0.0,0.0
LIVE_BELIEF,PERIODIC_ONLY,Q00_CLEAN,CONTROL_FAILURE,LOW,12,COMPACT_TYPED,12,1.0,14.0,2.0,5.0,0.0,1.0,5.0,0.0,0.0,0.0,36.0,5.0,1.0,166.0,10.0,0.0,0.0
LIVE_BELIEF,PERIODIC_ONLY,Q00_CLEAN,CONTROL_FAILURE,LOW,12,VERBOSE_TYPED,12,1.0,14.0,2.0,5.0,0.0,1.0,5.0,0.0,0.0,0.0,39.0,5.0,1.0,167.0,10.0,0.0,0.0
LIVE_BELIEF,PERIODIC_ONLY,Q00_CLEAN,POSE_SHIFT,HIGH,4,COMPACT_TYPED,12,0.0,1.0,7.0,2.0,0.0,1.0,2.0,0.0,0.0,0.0,27.0,2.0,0.0,0.0,8.0,0.0,0.0
LIVE_BELIEF,PERIODIC_ONLY,Q00_CLEAN,POSE_SHIFT,HIGH,4,VERBOSE_TYPED,12,0.0,1.0,7.0,2.0,0.0,1.0,2.0,0.0,0.0,0.0,30.0,2.0,0.0,0.0,8.0,0.0,0.0
LIVE_BELIEF,PERIODIC_ONLY,Q00_CLEAN,POSE_SHIFT,HIGH,8,COMPACT_TYPED,12,0.0,3.0,9.0,4.0,0.0,1.0,4.0,0.0,0.0,0.0,43.0,4.0,0.0,0.0,12.0,0.0,0.0
LIVE_BELIEF,PERIODIC_ONLY,Q00_CLEAN,POSE_SHIFT,HIGH,8,VERBOSE_TYPED,12,0.0,3.0,9.0,4.0,0.0,1.0,4.0,0.0,0.0,0.0,46.0,4.0,0.0,0.0,12.0,0.0,0.0
LIVE_BELIEF,PERIODIC_ONLY,Q00_CLEAN,POSE_SHIFT,HIGH,12,COMPACT_TYPED,12,1.0,16.0,0.0,5.0,0.0,1.0,4.0,0.0,0.0,0.0,32.0,5.0,1.0,161.0,10.0,0.0,0.0
LIVE_BELIEF,PERIODIC_ONLY,Q00_CLEAN,POSE_SHIFT,HIGH,12,VERBOSE_TYPED,12,1.0,16.0,0.0,5.0,0.0,1.0,4.0,0.0,0.0,0.0,35.0,5.0,1.0,162.0,10.0,0.0,0.0
LIVE_BELIEF,PERIODIC_ONLY,Q00_CLEAN,POSE_SHIFT,LOW,4,COMPACT_TYPED,12,0.0,1.0,7.0,2.0,0.0,1.0,2.0,0.0,0.0,0.0,27.0,2.0,0.0,0.0,8.0,0.0,0.0
LIVE_BELIEF,PERIODIC_ONLY,Q00_CLEAN,POSE_SHIFT,LOW,4,VERBOSE_TYPED,12,0.0,1.0,7.0,2.0,0.0,1.0,2.0,0.0,0.0,0.0,30.0,2.0,0.0,0.0,8.0,0.0,0.0
LIVE_BELIEF,PERIODIC_ONLY,Q00_CLEAN,POSE_SHIFT,LOW,8,COMPACT_TYPED,12,0.0,3.0,9.0,4.0,0.0,1.0,4.0,0.0,0.0,0.0,43.0,4.0,0.0,0.0,12.0,0.0,0.0
LIVE_BELIEF,PERIODIC_ONLY,Q00_CLEAN,POSE_SHIFT,LOW,8,VERBOSE_TYPED,12,0.0,3.0,9.0,4.0,0.0,1.0,4.0,0.0,0.0,0.0,46.0,4.0,0.0,0.0,12.0,0.0,0.0
LIVE_BELIEF,PERIODIC_ONLY,Q00_CLEAN,POSE_SHIFT,LOW,12,COMPACT_TYPED,12,1.0,16.0,0.0,5.0,0.0,1.0,4.0,0.0,0.0,0.0,32.0,5.0,1.0,161.0,10.0,0.0,0.0
LIVE_BELIEF,PERIODIC_ONLY,Q00_CLEAN,POSE_SHIFT,LOW,12,VERBOSE_TYPED,12,1.0,16.0,0.0,5.0,0.0,1.0,4.0,0.0,0.0,0.0,35.0,5.0,1.0,162.0,10.0,0.0,0.0
LIVE_BELIEF,PERIODIC_ONLY,Q00_CLEAN,RESTRICTION_CHANGE,HIGH,4,COMPACT_TYPED,12,0.0,1.0,7.0,2.0,0.0,1.0,2.0,0.0,0.0,0.0,27.0,2.0,0.0,0.0,8.0,0.0,0.0
LIVE_BELIEF,PERIODIC_ONLY,Q00_CLEAN,RESTRICTION_CHANGE,HIGH,4,VERBOSE_TYPED,12,0.0,1.0,7.0,2.0,0.0,1.0,2.0,0.0,0.0,0.0,30.0,2.0,0.0,0.0,8.0,0.0,0.0
LIVE_BELIEF,PERIODIC_ONLY,Q00_CLEAN,RESTRICTION_CHANGE,HIGH,8,COMPACT_TYPED,12,0.0,3.0,9.0,4.0,0.0,1.0,4.0,0.0,0.0,0.0,43.0,4.0,0.0,0.0,12.0,0.0,0.0
LIVE_BELIEF,PERIODIC_ONLY,Q00_CLEAN,RESTRICTION_CHANGE,HIGH,8,VERBOSE_TYPED,12,0.0,3.0,9.0,4.0,0.0,1.0,4.0,0.0,0.0,0.0,46.0,4.0,0.0,0.0,12.0,0.0,0.0
LIVE_BELIEF,PERIODIC_ONLY,Q00_CLEAN,RESTRICTION_CHANGE,HIGH,12,COMPACT_TYPED,12,1.0,16.0,0.0,5.0,0.0,1.0,4.0,1.0,0.0,0.0,32.0,5.0,1.0,164.0,10.0,0.0,0.0
LIVE_BELIEF,PERIODIC_ONLY,Q00_CLEAN,RESTRICTION_CHANGE,HIGH,12,VERBOSE_TYPED,12,1.0,16.0,0.0,5.0,0.0,1.0,4.0,1.0,0.0,0.0,35.0,5.0,1.0,165.0,10.0,0.0,0.0
LIVE_BELIEF,PERIODIC_ONLY,Q00_CLEAN,RESTRICTION_CHANGE,LOW,4,COMPACT_TYPED,12,0.0,1.0,7.0,2.0,0.0,1.0,2.0,0.0,0.0,0.0,27.0,2.0,0.0,0.0,8.0,0.0,0.0
LIVE_BELIEF,PERIODIC_ONLY,Q00_CLEAN,RESTRICTION_CHANGE,LOW,4,VERBOSE_TYPED,12,0.0,1.0,7.0,2.0,0.0,1.0,2.0,0.0,0.0,0.0,30.0,2.0,0.0,0.0,8.0,0.0,0.0
LIVE_BELIEF,PERIODIC_ONLY,Q00_CLEAN,RESTRICTION_CHANGE,LOW,8,COMPACT_TYPED,12,0.0,3.0,9.0,4.0,0.0,1.0,4.0,0.0,0.0,0.0,43.0,4.0,0.0,0.0,12.0,0.0,0.0
LIVE_BELIEF,PERIODIC_ONLY,Q00_CLEAN,RESTRICTION_CHANGE,LOW,8,VERBOSE_TYPED,12,0.0,3.0,9.0,4.0,0.0,1.0,4.0,0.0,0.0,0.0,46.0,4.0,0.0,0.0,12.0,0.0,0.0
LIVE_BELIEF,PERIODIC_ONLY,Q00_CLEAN,RESTRICTION_CHANGE,LOW,12,COMPACT_TYPED,12,1.0,16.0,0.0,5.0,0.0,1.0,4.0,1.0,0.0,0.0,32.0,5.0,1.0,164.0,10.0,0.0,0.0
LIVE_BELIEF,PERIODIC_ONLY,Q00_CLEAN,RESTRICTION_CHANGE,LOW,12,VERBOSE_TYPED,12,1.0,16.0,0.0,5.0,0.0,1.0,4.0,1.0,0.0,0.0,35.0,5.0,1.0,165.0,10.0,0.0,0.0
LIVE_BELIEF,PERIODIC_ONLY,Q01_RECALL75,AVAILABILITY_LOSS,HIGH,4,COMPACT_TYPED,12,0.0,1.0,7.0,2.0,0.0,1.0,2.0,0.0,0.0,0.0,26.5,2.0,0.0,0.0,8.0,0.0,0.0
LIVE_BELIEF,PERIODIC_ONLY,Q01_RECALL75,AVAILABILITY_LOSS,HIGH,4,VERBOSE_TYPED,12,0.0,1.0,7.0,2.0,0.0,1.0,2.0,0.0,0.0,0.0,28.0,2.0,0.0,0.0,8.0,0.0,0.0
LIVE_BELIEF,PERIODIC_ONLY,Q01_RECALL75,AVAILABILITY_LOSS,HIGH,8,COMPACT_TYPED,12,0.0,3.0,9.0,4.0,0.0,1.0,4.0,0.0,0.0,0.0,42.75,4.0,0.0,0.0,12.0,0.0,0.0
LIVE_BELIEF,PERIODIC_ONLY,Q01_RECALL75,AVAILABILITY_LOSS,HIGH,8,VERBOSE_TYPED,12,0.0,3.0,9.0,4.0,0.0,1.0,4.0,0.0,0.0,0.0,45.0,4.0,0.0,0.0,12.0,0.0,0.0
LIVE_BELIEF,PERIODIC_ONLY,Q01_RECALL75,AVAILABILITY_LOSS,HIGH,12,COMPACT_TYPED,12,0.833333,14.166667,1.833333,5.0,0.0,1.0,4.166667,0.833333,0.0,0.0,35.333333,5.0,0.833333,139.166667,11.0,0.0,0.0
LIVE_BELIEF,PERIODIC_ONLY,Q01_RECALL75,AVAILABILITY_LOSS,HIGH,12,VERBOSE_TYPED,12,0.833333,14.166667,1.833333,5.0,0.0,1.0,4.166667,0.833333,0.0,0.0,37.833333,5.0,0.833333,140.0,11.0,0.0,0.0
LIVE_BELIEF,PERIODIC_ONLY,Q01_RECALL75,AVAILABILITY_LOSS,LOW,4,COMPACT_TYPED,12,0.0,1.0,7.0,2.0,0.0,1.0,2.0,0.0,0.0,0.0,26.833333,2.0,0.0,0.0,8.0,0.0,0.0
LIVE_BELIEF,PERIODIC_ONLY,Q01_RECALL75,AVAILABILITY_LOSS,LOW,4,VERBOSE_TYPED,12,0.0,1.0,7.0,2.0,0.0,1.0,2.0,0.0,0.0,0.0,29.333333,2.0,0.0,0.0,8.0,0.0,0.0
LIVE_BELIEF,PERIODIC_ONLY,Q01_RECALL75,AVAILABILITY_LOSS,LOW,8,COMPACT_TYPED,12,0.0,3.0,9.0,4.0,0.0,1.0,4.0,0.0,0.0,0.0,42.75,4.0,0.0,0.0,12.0,0.0,0.0
LIVE_BELIEF,PERIODIC_ONLY,Q01_RECALL75,AVAILABILITY_LOSS,LOW,8,VERBOSE_TYPED,12,0.0,3.0,9.0,4.0,0.0,1.0,4.0,0.0,0.0,0.0,45.0,4.0,0.0,0.0,12.0,0.0,0.0
LIVE_BELIEF,PERIODIC_ONLY,Q01_RECALL75,AVAILABILITY_LOSS,LOW,12,COMPACT_TYPED,12,0.75,13.25,2.75,5.0,0.0,1.0,4.25,0.75,0.0,0.0,37.0,5.0,0.75,125.25,11.5,0.0,0.0
LIVE_BELIEF,PERIODIC_ONLY,Q01_RECALL75,AVAILABILITY_LOSS,LOW,12,VERBOSE_TYPED,12,0.75,13.25,2.75,5.0,0.0,1.0,4.25,0.75,0.0,0.0,39.25,5.0,0.75,126.0,11.5,0.0,0.0
LIVE_BELIEF,PERIODIC_ONLY,Q01_RECALL75,CONTROL_FAILURE,HIGH,4,COMPACT_TYPED,12,1.0,5.0,3.0,2.0,0.0,1.0,2.0,0.0,0.0,0.0,18.583333,2.0,0.0,0.0,8.0,0.0,0.0
LIVE_BELIEF,PERIODIC_ONLY,Q01_RECALL75,CONTROL_FAILURE,HIGH,4,VERBOSE_TYPED,12,1.0,5.0,3.0,2.0,0.0,1.0,2.0,0.0,0.0,0.0,20.333333,2.0,0.0,0.0,8.0,0.0,0.0
LIVE_BELIEF,PERIODIC_ONLY,Q01_RECALL75,CONTROL_FAILURE,HIGH,8,COMPACT_TYPED,12,1.0,9.0,3.0,4.0,0.0,1.0,4.0,0.0,0.0,0.0,30.833333,4.0,0.0,0.0,12.0,0.0,0.0
LIVE_BELIEF,PERIODIC_ONLY,Q01_RECALL75,CONTROL_FAILURE,HIGH,8,VERBOSE_TYPED,12,1.0,9.0,3.0,4.0,0.0,1.0,4.0,0.0,0.0,0.0,33.333333,4.0,0.0,0.0,12.0,0.0,0.0
LIVE_BELIEF,PERIODIC_ONLY,Q01_RECALL75,CONTROL_FAILURE,HIGH,12,COMPACT_TYPED,12,1.0,13.0,3.0,5.0,0.0,1.0,5.0,0.0,0.0,0.0,37.5,5.0,0.75,124.5,11.5,0.0,0.0
LIVE_BELIEF,PERIODIC_ONLY,Q01_RECALL75,CONTROL_FAILURE,HIGH,12,VERBOSE_TYPED,12,1.0,13.0,3.0,5.0,0.0,1.0,5.0,0.0,0.0,0.0,39.75,5.0,0.75,125.25,11.5,0.0,0.0
LIVE_BELIEF,PERIODIC_ONLY,Q01_RECALL75,CONTROL_FAILURE,LOW,4,COMPACT_TYPED,12,1.0,6.0,2.0,2.0,0.0,1.0,2.0,0.0,0.0,0.0,16.833333,2.0,0.0,0.0,8.0,0.0,0.0
LIVE_BELIEF,PERIODIC_ONLY,Q01_RECALL75,CONTROL_FAILURE,LOW,4,VERBOSE_TYPED,12,1.0,6.0,2.0,2.0,0.0,1.0,2.0,0.0,0.0,0.0,19.333333,2.0,0.0,0.0,8.0,0.0,0.0
LIVE_BELIEF,PERIODIC_ONLY,Q01_RECALL75,CONTROL_FAILURE,LOW,8,COMPACT_TYPED,12,1.0,10.0,2.0,4.0,0.0,1.0,4.0,0.0,0.0,0.0,28.75,4.0,0.0,0.0,12.0,0.0,0.0
LIVE_BELIEF,PERIODIC_ONLY,Q01_RECALL75,CONTROL_FAILURE,LOW,8,VERBOSE_TYPED,12,1.0,10.0,2.0,4.0,0.0,1.0,4.0,0.0,0.0,0.0,31.0,4.0,0.0,0.0,12.0,0.0,0.0
LIVE_BELIEF,PERIODIC_ONLY,Q01_RECALL75,CONTROL_FAILURE,LOW,12,COMPACT_TYPED,12,1.0,14.0,2.0,5.0,0.0,1.0,5.0,0.0,0.0,0.0,35.833333,5.0,0.916667,152.166667,10.5,0.0,0.0
LIVE_BELIEF,PERIODIC_ONLY,Q01_RECALL75,CONTROL_FAILURE,LOW,12,VERBOSE_TYPED,12,1.0,14.0,2.0,5.0,0.0,1.0,5.0,0.0,0.0,0.0,38.583333,5.0,0.916667,153.083333,10.5,0.0,0.0
LIVE_BELIEF,PERIODIC_ONLY,Q01_RECALL75,POSE_SHIFT,HIGH,4,COMPACT_TYPED,12,0.0,1.0,7.0,2.0,0.0,1.0,2.0,0.0,0.0,0.0,26.583333,2.0,0.0,0.0,8.0,0.0,0.0
LIVE_BELIEF,PERIODIC_ONLY,Q01_RECALL75,POSE_SHIFT,HIGH,4,VERBOSE_TYPED,12,0.0,1.0,7.0,2.0,0.0,1.0,2.0,0.0,0.0,0.0,28.333333,2.0,0.0,0.0,8.0,0.0,0.0
LIVE_BELIEF,PERIODIC_ONLY,Q01_RECALL75,POSE_SHIFT,HIGH,8,COMPACT_TYPED,12,0.0,3.0,9.0,4.0,0.0,1.0,4.0,0.0,0.0,0.0,42.75,4.0,0.0,0.0,12.0,0.0,0.0
LIVE_BELIEF,PERIODIC_ONLY,Q01_RECALL75,POSE_SHIFT,HIGH,8,VERBOSE_TYPED,12,0.0,3.0,9.0,4.0,0.0,1.0,4.0,0.0,0.0,0.0,45.0,4.0,0.0,0.0,12.0,0.0,0.0
LIVE_BELIEF,PERIODIC_ONLY,Q01_RECALL75,POSE_SHIFT,HIGH,12,COMPACT_TYPED,12,0.666667,12.333333,3.666667,5.0,0.0,1.0,4.333333,0.0,0.0,0.0,38.666667,5.0,0.666667,107.333333,12.0,0.0,0.0
LIVE_BELIEF,PERIODIC_ONLY,Q01_RECALL75,POSE_SHIFT,HIGH,12,VERBOSE_TYPED,12,0.666667,12.333333,3.666667,5.0,0.0,1.0,4.333333,0.0,0.0,0.0,40.666667,5.0,0.666667,108.0,12.0,0.0,0.0
LIVE_BELIEF,PERIODIC_ONLY,Q01_RECALL75,POSE_SHIFT,LOW,4,COMPACT_TYPED,12,0.0,1.0,7.0,2.0,0.0,1.0,2.0,0.0,0.0,0.0,26.75,2.0,0.0,0.0,8.0,0.0,0.0
LIVE_BELIEF,PERIODIC_ONLY,Q01_RECALL75,POSE_SHIFT,LOW,4,VERBOSE_TYPED,12,0.0,1.0,7.0,2.0,0.0,1.0,2.0,0.0,0.0,0.0,29.0,2.0,0.0,0.0,8.0,0.0,0.0
LIVE_BELIEF,PERIODIC_ONLY,Q01_RECALL75,POSE_SHIFT,LOW,8,COMPACT_TYPED,12,0.0,3.0,9.0,4.0,0.0,1.0,4.0,0.0,0.0,0.0,42.833333,4.0,0.0,0.0,12.0,0.0,0.0
LIVE_BELIEF,PERIODIC_ONLY,Q01_RECALL75,POSE_SHIFT,LOW,8,VERBOSE_TYPED,12,0.0,3.0,9.0,4.0,0.0,1.0,4.0,0.0,0.0,0.0,45.333333,4.0,0.0,0.0,12.0,0.0,0.0
LIVE_BELIEF,PERIODIC_ONLY,Q01_RECALL75,POSE_SHIFT,LOW,12,COMPACT_TYPED,12,0.666667,12.333333,3.666667,5.0,0.0,1.0,4.333333,0.0,0.0,0.0,38.666667,5.0,0.666667,107.333333,12.0,0.0,0.0
LIVE_BELIEF,PERIODIC_ONLY,Q01_RECALL75,POSE_SHIFT,LOW,12,VERBOSE_TYPED,12,0.666667,12.333333,3.666667,5.0,0.0,1.0,4.333333,0.0,0.0,0.0,40.666667,5.0,0.666667,108.0,12.0,0.0,0.0
LIVE_BELIEF,PERIODIC_ONLY,Q01_RECALL75,RESTRICTION_CHANGE,HIGH,4,COMPACT_TYPED,12,0.0,1.0,7.0,2.0,0.0,1.0,2.0,0.0,0.0,0.0,26.666667,2.0,0.0,0.0,8.0,0.0,0.0
LIVE_BELIEF,PERIODIC_ONLY,Q01_RECALL75,RESTRICTION_CHANGE,HIGH,4,VERBOSE_TYPED,12,0.0,1.0,7.0,2.0,0.0,1.0,2.0,0.0,0.0,0.0,28.666667,2.0,0.0,0.0,8.0,0.0,0.0
LIVE_BELIEF,PERIODIC_ONLY,Q01_RECALL75,RESTRICTION_CHANGE,HIGH,8,COMPACT_TYPED,12,0.0,3.0,9.0,4.0,0.0,1.0,4.0,0.0,0.0,0.0,42.833333,4.0,0.0,0.0,12.0,0.0,0.0
LIVE_BELIEF,PERIODIC_ONLY,Q01_RECALL75,RESTRICTION_CHANGE,HIGH,8,VERBOSE_TYPED,12,0.0,3.0,9.0,4.0,0.0,1.0,4.0,0.0,0.0,0.0,45.333333,4.0,0.0,0.0,12.0,0.0,0.0
LIVE_BELIEF,PERIODIC_ONLY,Q01_RECALL75,RESTRICTION_CHANGE,HIGH,12,COMPACT_TYPED,12,0.833333,14.166667,1.833333,5.0,0.0,1.0,4.166667,0.833333,0.0,0.0,35.333333,5.0,0.833333,136.666667,11.0,0.0,0.0
LIVE_BELIEF,PERIODIC_ONLY,Q01_RECALL75,RESTRICTION_CHANGE,HIGH,12,VERBOSE_TYPED,12,0.833333,14.166667,1.833333,5.0,0.0,1.0,4.166667,0.833333,0.0,0.0,37.833333,5.0,0.833333,137.5,11.0,0.0,0.0
LIVE_BELIEF,PERIODIC_ONLY,Q01_RECALL75,RESTRICTION_CHANGE,LOW,4,COMPACT_TYPED,12,0.0,1.0,7.0,2.0,0.0,1.0,2.0,0.0,0.0,0.0,26.833333,2.0,0.0,0.0,8.0,0.0,0.0
LIVE_BELIEF,PERIODIC_ONLY,Q01_RECALL75,RESTRICTION_CHANGE,LOW,4,VERBOSE_TYPED,12,0.0,1.0,7.0,2.0,0.0,1.0,2.0,0.0,0.0,0.0,29.333333,2.0,0.0,0.0,8.0,0.0,0.0
LIVE_BELIEF,PERIODIC_ONLY,Q01_RECALL75,RESTRICTION_CHANGE,LOW,8,COMPACT_TYPED,12,0.0,3.0,9.0,4.0,0.0,1.0,4.0,0.0,0.0,0.0,42.833333,4.0,0.0,0.0,12.0,0.0,0.0
LIVE_BELIEF,PERIODIC_ONLY,Q01_RECALL75,RESTRICTION_CHANGE,LOW,8,VERBOSE_TYPED,12,0.0,3.0,9.0,4.0,0.0,1.0,4.0,0.0,0.0,0.0,45.333333,4.0,0.0,0.0,12.0,0.0,0.0
LIVE_BELIEF,PERIODIC_ONLY,Q01_RECALL75,RESTRICTION_CHANGE,LOW,12,COMPACT_TYPED,12,0.833333,14.166667,1.833333,5.0,0.0,1.0,4.166667,0.833333,0.0,0.0,35.333333,5.0,0.833333,136.666667,11.0,0.0,0.0
LIVE_BELIEF,PERIODIC_ONLY,Q01_RECALL75,RESTRICTION_CHANGE,LOW,12,VERBOSE_TYPED,12,0.833333,14.166667,1.833333,5.0,0.0,1.0,4.166667,0.833333,0.0,0.0,37.833333,5.0,0.833333,137.5,11.0,0.0,0.0
LIVE_BELIEF,PERIODIC_ONLY,Q02_RECALL50,AVAILABILITY_LOSS,HIGH,4,COMPACT_TYPED,12,0.0,1.0,7.0,2.0,0.0,1.0,2.0,0.0,0.0,0.0,26.166667,2.0,0.0,0.0,8.0,0.0,0.0
LIVE_BELIEF,PERIODIC_ONLY,Q02_RECALL50,AVAILABILITY_LOSS,HIGH,4,VERBOSE_TYPED,12,0.0,1.0,7.0,2.0,0.0,1.0,2.0,0.0,0.0,0.0,26.666667,2.0,0.0,0.0,8.0,0.0,0.0
LIVE_BELIEF,PERIODIC_ONLY,Q02_RECALL50,AVAILABILITY_LOSS,HIGH,8,COMPACT_TYPED,12,0.0,3.0,9.0,4.0,0.0,1.0,4.0,0.0,0.0,0.0,42.583333,4.0,0.0,0.0,12.0,0.0,0.0
LIVE_BELIEF,PERIODIC_ONLY,Q02_RECALL50,AVAILABILITY_LOSS,HIGH,8,VERBOSE_TYPED,12,0.0,3.0,9.0,4.0,0.0,1.0,4.0,0.0,0.0,0.0,44.333333,4.0,0.0,0.0,12.0,0.0,0.0
LIVE_BELIEF,PERIODIC_ONLY,Q02_RECALL50,AVAILABILITY_LOSS,HIGH,12,COMPACT_TYPED,12,0.75,13.25,2.75,5.0,0.0,1.0,4.25,0.75,0.0,0.0,37.0,5.0,0.75,125.25,11.5,0.0,0.0
LIVE_BELIEF,PERIODIC_ONLY,Q02_RECALL50,AVAILABILITY_LOSS,HIGH,12,VERBOSE_TYPED,12,0.75,13.25,2.75,5.0,0.0,1.0,4.25,0.75,0.0,0.0,39.25,5.0,0.75,126.0,11.5,0.0,0.0
LIVE_BELIEF,PERIODIC_ONLY,Q02_RECALL50,AVAILABILITY_LOSS,LOW,4,COMPACT_TYPED,12,0.0,1.0,7.0,2.0,0.0,1.0,2.0,0.0,0.0,0.0,26.583333,2.0,0.0,0.0,8.0,0.0,0.0
LIVE_BELIEF,PERIODIC_ONLY,Q02_RECALL50,AVAILABILITY_LOSS,LOW,4,VERBOSE_TYPED,12,0.0,1.0,7.0,2.0,0.0,1.0,2.0,0.0,0.0,0.0,28.333333,2.0,0.0,0.0,8.0,0.0,0.0
LIVE_BELIEF,PERIODIC_ONLY,Q02_RECALL50,AVAILABILITY_LOSS,LOW,8,COMPACT_TYPED,12,0.0,3.0,9.0,4.0,0.0,1.0,4.0,0.0,0.0,0.0,42.583333,4.0,0.0,0.0,12.0,0.0,0.0
LIVE_BELIEF,PERIODIC_ONLY,Q02_RECALL50,AVAILABILITY_LOSS,LOW,8,VERBOSE_TYPED,12,0.0,3.0,9.0,4.0,0.0,1.0,4.0,0.0,0.0,0.0,44.333333,4.0,0.0,0.0,12.0,0.0,0.0
LIVE_BELIEF,PERIODIC_ONLY,Q02_RECALL50,AVAILABILITY_LOSS,LOW,12,COMPACT_TYPED,12,0.416667,9.583333,6.416667,5.0,0.0,1.0,4.583333,0.416667,0.0,0.0,43.666667,5.0,0.416667,69.583333,13.5,0.0,0.0
LIVE_BELIEF,PERIODIC_ONLY,Q02_RECALL50,AVAILABILITY_LOSS,LOW,12,VERBOSE_TYPED,12,0.416667,9.583333,6.416667,5.0,0.0,1.0,4.583333,0.416667,0.0,0.0,44.916667,5.0,0.416667,70.0,13.5,0.0,0.0
LIVE_BELIEF,PERIODIC_ONLY,Q02_RECALL50,CONTROL_FAILURE,HIGH,4,COMPACT_TYPED,12,1.0,5.0,3.0,2.0,0.0,1.0,2.0,0.0,0.0,0.0,18.5,2.0,0.0,0.0,8.0,0.0,0.0
LIVE_BELIEF,PERIODIC_ONLY,Q02_RECALL50,CONTROL_FAILURE,HIGH,4,VERBOSE_TYPED,12,1.0,5.0,3.0,2.0,0.0,1.0,2.0,0.0,0.0,0.0,20.0,2.0,0.0,0.0,8.0,0.0,0.0
LIVE_BELIEF,PERIODIC_ONLY,Q02_RECALL50,CONTROL_FAILURE,HIGH,8,COMPACT_TYPED,12,1.0,9.0,3.0,4.0,0.0,1.0,4.0,0.0,0.0,0.0,30.5,4.0,0.0,0.0,12.0,0.0,0.0
LIVE_BELIEF,PERIODIC_ONLY,Q02_RECALL50,CONTROL_FAILURE,HIGH,8,VERBOSE_TYPED,12,1.0,9.0,3.0,4.0,0.0,1.0,4.0,0.0,0.0,0.0,32.0,4.0,0.0,0.0,12.0,0.0,0.0
LIVE_BELIEF,PERIODIC_ONLY,Q02_RECALL50,CONTROL_FAILURE,HIGH,12,COMPACT_TYPED,12,1.0,13.0,3.0,5.0,0.0,1.0,5.0,0.0,0.0,0.0,36.833333,5.0,0.416667,69.166667,13.5,0.0,0.0
LIVE_BELIEF,PERIODIC_ONLY,Q02_RECALL50,CONTROL_FAILURE,HIGH,12,VERBOSE_TYPED,12,1.0,13.0,3.0,5.0,0.0,1.0,5.0,0.0,0.0,0.0,38.083333,5.0,0.416667,69.583333,13.5,0.0,0.0
LIVE_BELIEF,PERIODIC_ONLY,Q02_RECALL50,CONTROL_FAILURE,LOW,4,COMPACT_TYPED,12,1.0,6.0,2.0,2.0,0.0,1.0,2.0,0.0,0.0,0.0,16.5,2.0,0.0,0.0,8.0,0.0,0.0
LIVE_BELIEF,PERIODIC_ONLY,Q02_RECALL50,CONTROL_FAILURE,LOW,4,VERBOSE_TYPED,12,1.0,6.0,2.0,2.0,0.0,1.0,2.0,0.0,0.0,0.0,18.0,2.0,0.0,0.0,8.0,0.0,0.0
LIVE_BELIEF,PERIODIC_ONLY,Q02_RECALL50,CONTROL_FAILURE,LOW,8,COMPACT_TYPED,12,1.0,10.0,2.0,4.0,0.0,1.0,4.0,0.0,0.0,0.0,28.75,4.0,0.0,0.0,12.0,0.0,0.0
LIVE_BELIEF,PERIODIC_ONLY,Q02_RECALL50,CONTROL_FAILURE,LOW,8,VERBOSE_TYPED,12,1.0,10.0,2.0,4.0,0.0,1.0,4.0,0.0,0.0,0.0,31.0,4.0,0.0,0.0,12.0,0.0,0.0
LIVE_BELIEF,PERIODIC_ONLY,Q02_RECALL50,CONTROL_FAILURE,LOW,12,COMPACT_TYPED,12,1.0,14.0,2.0,5.0,0.0,1.0,5.0,0.0,0.0,0.0,35.166667,5.0,0.583333,96.833333,12.5,0.0,0.0
LIVE_BELIEF,PERIODIC_ONLY,Q02_RECALL50,CONTROL_FAILURE,LOW,12,VERBOSE_TYPED,12,1.0,14.0,2.0,5.0,0.0,1.0,5.0,0.0,0.0,0.0,36.916667,5.0,0.583333,97.416667,12.5,0.0,0.0
LIVE_BELIEF,PERIODIC_ONLY,Q02_RECALL50,POSE_SHIFT,HIGH,4,COMPACT_TYPED,12,0.0,1.0,7.0,2.0,0.0,1.0,2.0,0.0,0.0,0.0,26.583333,2.0,0.0,0.0,8.0,0.0,0.0
LIVE_BELIEF,PERIODIC_ONLY,Q02_RECALL50,POSE_SHIFT,HIGH,4,VERBOSE_TYPED,12,0.0,1.0,7.0,2.0,0.0,1.0,2.0,0.0,0.0,0.0,28.333333,2.0,0.0,0.0,8.0,0.0,0.0
LIVE_BELIEF,PERIODIC_ONLY,Q02_RECALL50,POSE_SHIFT,HIGH,8,COMPACT_TYPED,12,0.0,3.0,9.0,4.0,0.0,1.0,4.0,0.0,0.0,0.0,42.583333,4.0,0.0,0.0,12.0,0.0,0.0
LIVE_BELIEF,PERIODIC_ONLY,Q02_RECALL50,POSE_SHIFT,HIGH,8,VERBOSE_TYPED,12,0.0,3.0,9.0,4.0,0.0,1.0,4.0,0.0,0.0,0.0,44.333333,4.0,0.0,0.0,12.0,0.0,0.0
LIVE_BELIEF,PERIODIC_ONLY,Q02_RECALL50,POSE_SHIFT,HIGH,12,COMPACT_TYPED,12,0.5,10.5,5.5,5.0,0.0,1.0,4.5,0.0,0.0,0.0,42.0,5.0,0.5,80.5,13.0,0.0,0.0
LIVE_BELIEF,PERIODIC_ONLY,Q02_RECALL50,POSE_SHIFT,HIGH,12,VERBOSE_TYPED,12,0.5,10.5,5.5,5.0,0.0,1.0,4.5,0.0,0.0,0.0,43.5,5.0,0.5,81.0,13.0,0.0,0.0
LIVE_BELIEF,PERIODIC_ONLY,Q02_RECALL50,POSE_SHIFT,LOW,4,COMPACT_TYPED,12,0.0,1.0,7.0,2.0,0.0,1.0,2.0,0.0,0.0,0.0,26.583333,2.0,0.0,0.0,8.0,0.0,0.0
LIVE_BELIEF,PERIODIC_ONLY,Q02_RECALL50,POSE_SHIFT,LOW,4,VERBOSE_TYPED,12,0.0,1.0,7.0,2.0,0.0,1.0,2.0,0.0,0.0,0.0,28.333333,2.0,0.0,0.0,8.0,0.0,0.0
LIVE_BELIEF,PERIODIC_ONLY,Q02_RECALL50,POSE_SHIFT,LOW,8,COMPACT_TYPED,12,0.0,3.0,9.0,4.0,0.0,1.0,4.0,0.0,0.0,0.0,42.583333,4.0,0.0,0.0,12.0,0.0,0.0
LIVE_BELIEF,PERIODIC_ONLY,Q02_RECALL50,POSE_SHIFT,LOW,8,VERBOSE_TYPED,12,0.0,3.0,9.0,4.0,0.0,1.0,4.0,0.0,0.0,0.0,44.333333,4.0,0.0,0.0,12.0,0.0,0.0
LIVE_BELIEF,PERIODIC_ONLY,Q02_RECALL50,POSE_SHIFT,LOW,12,COMPACT_TYPED,12,0.333333,8.666667,7.333333,5.0,0.0,1.0,4.666667,0.0,0.0,0.0,45.333333,5.0,0.333333,53.666667,14.0,0.0,0.0
LIVE_BELIEF,PERIODIC_ONLY,Q02_RECALL50,POSE_SHIFT,LOW,12,VERBOSE_TYPED,12,0.333333,8.666667,7.333333,5.0,0.0,1.0,4.666667,0.0,0.0,0.0,46.333333,5.0,0.333333,54.0,14.0,0.0,0.0
LIVE_BELIEF,PERIODIC_ONLY,Q02_RECALL50,RESTRICTION_CHANGE,HIGH,4,COMPACT_TYPED,12,0.0,1.0,7.0,2.0,0.0,1.0,2.0,0.0,0.0,0.0,26.416667,2.0,0.0,0.0,8.0,0.0,0.0
LIVE_BELIEF,PERIODIC_ONLY,Q02_RECALL50,RESTRICTION_CHANGE,HIGH,4,VERBOSE_TYPED,12,0.0,1.0,7.0,2.0,0.0,1.0,2.0,0.0,0.0,0.0,27.666667,2.0,0.0,0.0,8.0,0.0,0.0
LIVE_BELIEF,PERIODIC_ONLY,Q02_RECALL50,RESTRICTION_CHANGE,HIGH,8,COMPACT_TYPED,12,0.0,3.0,9.0,4.0,0.0,1.0,4.0,0.0,0.0,0.0,42.666667,4.0,0.0,0.0,12.0,0.0,0.0
LIVE_BELIEF,PERIODIC_ONLY,Q02_RECALL50,RESTRICTION_CHANGE,HIGH,8,VERBOSE_TYPED,12,0.0,3.0,9.0,4.0,0.0,1.0,4.0,0.0,0.0,0.0,44.666667,4.0,0.0,0.0,12.0,0.0,0.0
LIVE_BELIEF,PERIODIC_ONLY,Q02_RECALL50,RESTRICTION_CHANGE,HIGH,12,COMPACT_TYPED,12,0.583333,11.416667,4.583333,5.0,0.0,1.0,4.416667,0.583333,0.0,0.0,40.333333,5.0,0.583333,95.666667,12.5,0.0,0.0
LIVE_BELIEF,PERIODIC_ONLY,Q02_RECALL50,RESTRICTION_CHANGE,HIGH,12,VERBOSE_TYPED,12,0.583333,11.416667,4.583333,5.0,0.0,1.0,4.416667,0.583333,0.0,0.0,42.083333,5.0,0.583333,96.25,12.5,0.0,0.0
LIVE_BELIEF,PERIODIC_ONLY,Q02_RECALL50,RESTRICTION_CHANGE,LOW,4,COMPACT_TYPED,12,0.0,1.0,7.0,2.0,0.0,1.0,2.0,0.0,0.0,0.0,26.583333,2.0,0.0,0.0,8.0,0.0,0.0
LIVE_BELIEF,PERIODIC_ONLY,Q02_RECALL50,RESTRICTION_CHANGE,LOW,4,VERBOSE_TYPED,12,0.0,1.0,7.0,2.0,0.0,1.0,2.0,0.0,0.0,0.0,28.333333,2.0,0.0,0.0,8.0,0.0,0.0
LIVE_BELIEF,PERIODIC_ONLY,Q02_RECALL50,RESTRICTION_CHANGE,LOW,8,COMPACT_TYPED,12,0.0,3.0,9.0,4.0,0.0,1.0,4.0,0.0,0.0,0.0,42.583333,4.0,0.0,0.0,12.0,0.0,0.0
LIVE_BELIEF,PERIODIC_ONLY,Q02_RECALL50,RESTRICTION_CHANGE,LOW,8,VERBOSE_TYPED,12,0.0,3.0,9.0,4.0,0.0,1.0,4.0,0.0,0.0,0.0,44.333333,4.0,0.0,0.0,12.0,0.0,0.0
LIVE_BELIEF,PERIODIC_ONLY,Q02_RECALL50,RESTRICTION_CHANGE,LOW,12,COMPACT_TYPED,12,0.75,13.25,2.75,5.0,0.0,1.0,4.25,0.75,0.0,0.0,37.0,5.0,0.75,123.0,11.5,0.0,0.0
LIVE_BELIEF,PERIODIC_ONLY,Q02_RECALL50,RESTRICTION_CHANGE,LOW,12,VERBOSE_TYPED,12,0.75,13.25,2.75,5.0,0.0,1.0,4.25,0.75,0.0,0.0,39.25,5.0,0.75,123.75,11.5,0.0,0.0
LIVE_BELIEF,PERIODIC_ONLY,Q03_RECALL25,AVAILABILITY_LOSS,HIGH,4,COMPACT_TYPED,12,0.0,1.0,7.0,2.0,0.0,1.0,2.0,0.0,0.0,0.0,26.166667,2.0,0.0,0.0,8.0,0.0,0.0
LIVE_BELIEF,PERIODIC_ONLY,Q03_RECALL25,AVAILABILITY_LOSS,HIGH,4,VERBOSE_TYPED,12,0.0,1.0,7.0,2.0,0.0,1.0,2.0,0.0,0.0,0.0,26.666667,2.0,0.0,0.0,8.0,0.0,0.0
LIVE_BELIEF,PERIODIC_ONLY,Q03_RECALL25,AVAILABILITY_LOSS,HIGH,8,COMPACT_TYPED,12,0.0,3.0,9.0,4.0,0.0,1.0,4.0,0.0,0.0,0.0,42.416667,4.0,0.0,0.0,12.0,0.0,0.0
LIVE_BELIEF,PERIODIC_ONLY,Q03_RECALL25,AVAILABILITY_LOSS,HIGH,8,VERBOSE_TYPED,12,0.0,3.0,9.0,4.0,0.0,1.0,4.0,0.0,0.0,0.0,43.666667,4.0,0.0,0.0,12.0,0.0,0.0
LIVE_BELIEF,PERIODIC_ONLY,Q03_RECALL25,AVAILABILITY_LOSS,HIGH,12,COMPACT_TYPED,12,0.583333,11.416667,4.583333,5.0,0.0,1.0,4.416667,0.583333,0.0,0.0,40.333333,5.0,0.583333,97.416667,12.5,0.0,0.0
LIVE_BELIEF,PERIODIC_ONLY,Q03_RECALL25,AVAILABILITY_LOSS,HIGH,12,VERBOSE_TYPED,12,0.583333,11.416667,4.583333,5.0,0.0,1.0,4.416667,0.583333,0.0,0.0,42.083333,5.0,0.583333,98.0,12.5,0.0,0.0
LIVE_BELIEF,PERIODIC_ONLY,Q03_RECALL25,AVAILABILITY_LOSS,LOW,4,COMPACT_TYPED,12,0.0,1.0,7.0,2.0,0.0,1.0,2.0,0.0,0.0,0.0,26.416667,2.0,0.0,0.0,8.0,0.0,0.0
LIVE_BELIEF,PERIODIC_ONLY,Q03_RECALL25,AVAILABILITY_LOSS,LOW,4,VERBOSE_TYPED,12,0.0,1.0,7.0,2.0,0.0,1.0,2.0,0.0,0.0,0.0,27.666667,2.0,0.0,0.0,8.0,0.0,0.0
LIVE_BELIEF,PERIODIC_ONLY,Q03_RECALL25,AVAILABILITY_LOSS,LOW,8,COMPACT_TYPED,12,0.0,3.0,9.0,4.0,0.0,1.0,4.0,0.0,0.0,0.0,42.333333,4.0,0.0,0.0,12.0,0.0,0.0
LIVE_BELIEF,PERIODIC_ONLY,Q03_RECALL25,AVAILABILITY_LOSS,LOW,8,VERBOSE_TYPED,12,0.0,3.0,9.0,4.0,0.0,1.0,4.0,0.0,0.0,0.0,43.333333,4.0,0.0,0.0,12.0,0.0,0.0
LIVE_BELIEF,PERIODIC_ONLY,Q03_RECALL25,AVAILABILITY_LOSS,LOW,12,COMPACT_TYPED,12,0.25,7.75,8.25,5.0,0.0,1.0,4.75,0.25,0.0,0.0,47.0,5.0,0.25,41.75,14.5,0.0,0.0
LIVE_BELIEF,PERIODIC_ONLY,Q03_RECALL25,AVAILABILITY_LOSS,LOW,12,VERBOSE_TYPED,12,0.25,7.75,8.25,5.0,0.0,1.0,4.75,0.25,0.0,0.0,47.75,5.0,0.25,42.0,14.5,0.0,0.0
LIVE_BELIEF,PERIODIC_ONLY,Q03_RECALL25,CONTROL_FAILURE,HIGH,4,COMPACT_TYPED,12,1.0,5.0,3.0,2.0,0.0,1.0,2.0,0.0,0.0,0.0,18.25,2.0,0.0,0.0,8.0,0.0,0.0
LIVE_BELIEF,PERIODIC_ONLY,Q03_RECALL25,CONTROL_FAILURE,HIGH,4,VERBOSE_TYPED,12,1.0,5.0,3.0,2.0,0.0,1.0,2.0,0.0,0.0,0.0,19.0,2.0,0.0,0.0,8.0,0.0,0.0
LIVE_BELIEF,PERIODIC_ONLY,Q03_RECALL25,CONTROL_FAILURE,HIGH,8,COMPACT_TYPED,12,1.0,9.0,3.0,4.0,0.0,1.0,4.0,0.0,0.0,0.0,30.25,4.0,0.0,0.0,12.0,0.0,0.0
LIVE_BELIEF,PERIODIC_ONLY,Q03_RECALL25,CONTROL_FAILURE,HIGH,8,VERBOSE_TYPED,12,1.0,9.0,3.0,4.0,0.0,1.0,4.0,0.0,0.0,0.0,31.0,4.0,0.0,0.0,12.0,0.0,0.0
LIVE_BELIEF,PERIODIC_ONLY,Q03_RECALL25,CONTROL_FAILURE,HIGH,12,COMPACT_TYPED,12,1.0,13.0,3.0,5.0,0.0,1.0,5.0,0.0,0.0,0.0,36.333333,5.0,0.166667,27.666667,15.0,0.0,0.0
LIVE_BELIEF,PERIODIC_ONLY,Q03_RECALL25,CONTROL_FAILURE,HIGH,12,VERBOSE_TYPED,12,1.0,13.0,3.0,5.0,0.0,1.0,5.0,0.0,0.0,0.0,36.833333,5.0,0.166667,27.833333,15.0,0.0,0.0
LIVE_BELIEF,PERIODIC_ONLY,Q03_RECALL25,CONTROL_FAILURE,LOW,4,COMPACT_TYPED,12,1.0,6.0,2.0,2.0,0.0,1.0,2.0,0.0,0.0,0.0,16.166667,2.0,0.0,0.0,8.0,0.0,0.0
LIVE_BELIEF,PERIODIC_ONLY,Q03_RECALL25,CONTROL_FAILURE,LOW,4,VERBOSE_TYPED,12,1.0,6.0,2.0,2.0,0.0,1.0,2.0,0.0,0.0,0.0,16.666667,2.0,0.0,0.0,8.0,0.0,0.0
LIVE_BELIEF,PERIODIC_ONLY,Q03_RECALL25,CONTROL_FAILURE,LOW,8,COMPACT_TYPED,12,1.0,10.0,2.0,4.0,0.0,1.0,4.0,0.0,0.0,0.0,28.583333,4.0,0.0,0.0,12.0,0.0,0.0
LIVE_BELIEF,PERIODIC_ONLY,Q03_RECALL25,CONTROL_FAILURE,LOW,8,VERBOSE_TYPED,12,1.0,10.0,2.0,4.0,0.0,1.0,4.0,0.0,0.0,0.0,30.333333,4.0,0.0,0.0,12.0,0.0,0.0
LIVE_BELIEF,PERIODIC_ONLY,Q03_RECALL25,CONTROL_FAILURE,LOW,12,COMPACT_TYPED,12,1.0,14.0,2.0,5.0,0.0,1.0,5.0,0.0,0.0,0.0,34.5,5.0,0.25,41.5,14.5,0.0,0.0
LIVE_BELIEF,PERIODIC_ONLY,Q03_RECALL25,CONTROL_FAILURE,LOW,12,VERBOSE_TYPED,12,1.0,14.0,2.0,5.0,0.0,1.0,5.0,0.0,0.0,0.0,35.25,5.0,0.25,41.75,14.5,0.0,0.0
LIVE_BELIEF,PERIODIC_ONLY,Q03_RECALL25,POSE_SHIFT,HIGH,4,COMPACT_TYPED,12,0.0,1.0,7.0,2.0,0.0,1.0,2.0,0.0,0.0,0.0,26.083333,2.0,0.0,0.0,8.0,0.0,0.0
LIVE_BELIEF,PERIODIC_ONLY,Q03_RECALL25,POSE_SHIFT,HIGH,4,VERBOSE_TYPED,12,0.0,1.0,7.0,2.0,0.0,1.0,2.0,0.0,0.0,0.0,26.333333,2.0,0.0,0.0,8.0,0.0,0.0
LIVE_BELIEF,PERIODIC_ONLY,Q03_RECALL25,POSE_SHIFT,HIGH,8,COMPACT_TYPED,12,0.0,3.0,9.0,4.0,0.0,1.0,4.0,0.0,0.0,0.0,42.5,4.0,0.0,0.0,12.0,0.0,0.0
LIVE_BELIEF,PERIODIC_ONLY,Q03_RECALL25,POSE_SHIFT,HIGH,8,VERBOSE_TYPED,12,0.0,3.0,9.0,4.0,0.0,1.0,4.0,0.0,0.0,0.0,44.0,4.0,0.0,0.0,12.0,0.0,0.0
LIVE_BELIEF,PERIODIC_ONLY,Q03_RECALL25,POSE_SHIFT,HIGH,12,COMPACT_TYPED,12,0.166667,6.833333,9.166667,5.0,0.0,1.0,4.833333,0.0,0.0,0.0,48.666667,5.0,0.166667,26.833333,15.0,0.0,0.0
LIVE_BELIEF,PERIODIC_ONLY,Q03_RECALL25,POSE_SHIFT,HIGH,12,VERBOSE_TYPED,12,0.166667,6.833333,9.166667,5.0,0.0,1.0,4.833333,0.0,0.0,0.0,49.166667,5.0,0.166667,27.0,15.0,0.0,0.0
LIVE_BELIEF,PERIODIC_ONLY,Q03_RECALL25,POSE_SHIFT,LOW,4,COMPACT_TYPED,12,0.0,1.0,7.0,2.0,0.0,1.0,2.0,0.0,0.0,0.0,26.5,2.0,0.0,0.0,8.0,0.0,0.0
LIVE_BELIEF,PERIODIC_ONLY,Q03_RECALL25,POSE_SHIFT,LOW,4,VERBOSE_TYPED,12,0.0,1.0,7.0,2.0,0.0,1.0,2.0,0.0,0.0,0.0,28.0,2.0,0.0,0.0,8.0,0.0,0.0
LIVE_BELIEF,PERIODIC_ONLY,Q03_RECALL25,POSE_SHIFT,LOW,8,COMPACT_TYPED,12,0.0,3.0,9.0,4.0,0.0,1.0,4.0,0.0,0.0,0.0,42.5,4.0,0.0,0.0,12.0,0.0,0.0
LIVE_BELIEF,PERIODIC_ONLY,Q03_RECALL25,POSE_SHIFT,LOW,8,VERBOSE_TYPED,12,0.0,3.0,9.0,4.0,0.0,1.0,4.0,0.0,0.0,0.0,44.0,4.0,0.0,0.0,12.0,0.0,0.0
LIVE_BELIEF,PERIODIC_ONLY,Q03_RECALL25,POSE_SHIFT,LOW,12,COMPACT_TYPED,12,0.333333,8.666667,7.333333,5.0,0.0,1.0,4.666667,0.0,0.0,0.0,45.333333,5.0,0.333333,53.666667,14.0,0.0,0.0
LIVE_BELIEF,PERIODIC_ONLY,Q03_RECALL25,POSE_SHIFT,LOW,12,VERBOSE_TYPED,12,0.333333,8.666667,7.333333,5.0,0.0,1.0,4.666667,0.0,0.0,0.0,46.333333,5.0,0.333333,54.0,14.0,0.0,0.0
LIVE_BELIEF,PERIODIC_ONLY,Q03_RECALL25,RESTRICTION_CHANGE,HIGH,4,COMPACT_TYPED,12,0.0,1.0,7.0,2.0,0.0,1.0,2.0,0.0,0.0,0.0,26.083333,2.0,0.0,0.0,8.0,0.0,0.0
LIVE_BELIEF,PERIODIC_ONLY,Q03_RECALL25,RESTRICTION_CHANGE,HIGH,4,VERBOSE_TYPED,12,0.0,1.0,7.0,2.0,0.0,1.0,2.0,0.0,0.0,0.0,26.333333,2.0,0.0,0.0,8.0,0.0,0.0
LIVE_BELIEF,PERIODIC_ONLY,Q03_RECALL25,RESTRICTION_CHANGE,HIGH,8,COMPACT_TYPED,12,0.0,3.0,9.0,4.0,0.0,1.0,4.0,0.0,0.0,0.0,42.416667,4.0,0.0,0.0,12.0,0.0,0.0
LIVE_BELIEF,PERIODIC_ONLY,Q03_RECALL25,RESTRICTION_CHANGE,HIGH,8,VERBOSE_TYPED,12,0.0,3.0,9.0,4.0,0.0,1.0,4.0,0.0,0.0,0.0,43.666667,4.0,0.0,0.0,12.0,0.0,0.0
LIVE_BELIEF,PERIODIC_ONLY,Q03_RECALL25,RESTRICTION_CHANGE,HIGH,12,COMPACT_TYPED,12,0.25,7.75,8.25,5.0,0.0,1.0,4.75,0.25,0.0,0.0,47.0,5.0,0.25,41.0,14.5,0.0,0.0
LIVE_BELIEF,PERIODIC_ONLY,Q03_RECALL25,RESTRICTION_CHANGE,HIGH,12,VERBOSE_TYPED,12,0.25,7.75,8.25,5.0,0.0,1.0,4.75,0.25,0.0,0.0,47.75,5.0,0.25,41.25,14.5,0.0,0.0
LIVE_BELIEF,PERIODIC_ONLY,Q03_RECALL25,RESTRICTION_CHANGE,LOW,4,COMPACT_TYPED,12,0.0,1.0,7.0,2.0,0.0,1.0,2.0,0.0,0.0,0.0,26.25,2.0,0.0,0.0,8.0,0.0,0.0
LIVE_BELIEF,PERIODIC_ONLY,Q03_RECALL25,RESTRICTION_CHANGE,LOW,4,VERBOSE_TYPED,12,0.0,1.0,7.0,2.0,0.0,1.0,2.0,0.0,0.0,0.0,27.0,2.0,0.0,0.0,8.0,0.0,0.0
LIVE_BELIEF,PERIODIC_ONLY,Q03_RECALL25,RESTRICTION_CHANGE,LOW,8,COMPACT_TYPED,12,0.0,3.0,9.0,4.0,0.0,1.0,4.0,0.0,0.0,0.0,42.416667,4.0,0.0,0.0,12.0,0.0,0.0
LIVE_BELIEF,PERIODIC_ONLY,Q03_RECALL25,RESTRICTION_CHANGE,LOW,8,VERBOSE_TYPED,12,0.0,3.0,9.0,4.0,0.0,1.0,4.0,0.0,0.0,0.0,43.666667,4.0,0.0,0.0,12.0,0.0,0.0
LIVE_BELIEF,PERIODIC_ONLY,Q03_RECALL25,RESTRICTION_CHANGE,LOW,12,COMPACT_TYPED,12,0.416667,9.583333,6.416667,5.0,0.0,1.0,4.583333,0.416667,0.0,0.0,43.666667,5.0,0.416667,68.333333,13.5,0.0,0.0
LIVE_BELIEF,PERIODIC_ONLY,Q03_RECALL25,RESTRICTION_CHANGE,LOW,12,VERBOSE_TYPED,12,0.416667,9.583333,6.416667,5.0,0.0,1.0,4.583333,0.416667,0.0,0.0,44.916667,5.0,0.416667,68.75,13.5,0.0,0.0
LIVE_BELIEF,PERIODIC_ONLY,Q04_DELAY1,AVAILABILITY_LOSS,HIGH,4,COMPACT_TYPED,12,1.0,7.0,1.0,2.0,0.0,1.0,1.0,1.0,0.0,0.0,16.0,2.0,1.0,167.0,5.0,0.0,0.0
LIVE_BELIEF,PERIODIC_ONLY,Q04_DELAY1,AVAILABILITY_LOSS,HIGH,4,VERBOSE_TYPED,12,1.0,7.0,1.0,2.0,0.0,1.0,1.0,1.0,0.0,0.0,19.0,2.0,1.0,168.0,5.0,0.0,0.0
LIVE_BELIEF,PERIODIC_ONLY,Q04_DELAY1,AVAILABILITY_LOSS,HIGH,8,COMPACT_TYPED,12,0.0,3.0,9.0,4.0,0.0,1.0,4.0,0.0,0.0,0.0,43.0,4.0,0.0,0.0,12.0,0.0,0.0
LIVE_BELIEF,PERIODIC_ONLY,Q04_DELAY1,AVAILABILITY_LOSS,HIGH,8,VERBOSE_TYPED,12,0.0,3.0,9.0,4.0,0.0,1.0,4.0,0.0,0.0,0.0,46.0,4.0,0.0,0.0,12.0,0.0,0.0
LIVE_BELIEF,PERIODIC_ONLY,Q04_DELAY1,AVAILABILITY_LOSS,HIGH,12,COMPACT_TYPED,12,0.0,5.0,11.0,5.0,0.0,1.0,5.0,0.0,0.0,0.0,53.0,5.0,0.0,0.0,16.0,0.0,0.0
LIVE_BELIEF,PERIODIC_ONLY,Q04_DELAY1,AVAILABILITY_LOSS,HIGH,12,VERBOSE_TYPED,12,0.0,5.0,11.0,5.0,0.0,1.0,5.0,0.0,0.0,0.0,56.0,5.0,0.0,0.0,16.0,0.0,0.0
LIVE_BELIEF,PERIODIC_ONLY,Q04_DELAY1,AVAILABILITY_LOSS,LOW,4,COMPACT_TYPED,12,1.0,7.0,1.0,2.0,0.0,1.0,1.0,1.0,0.0,0.0,16.0,2.0,1.0,167.0,5.0,0.0,0.0
LIVE_BELIEF,PERIODIC_ONLY,Q04_DELAY1,AVAILABILITY_LOSS,LOW,4,VERBOSE_TYPED,12,1.0,7.0,1.0,2.0,0.0,1.0,1.0,1.0,0.0,0.0,19.0,2.0,1.0,168.0,5.0,0.0,0.0
LIVE_BELIEF,PERIODIC_ONLY,Q04_DELAY1,AVAILABILITY_LOSS,LOW,8,COMPACT_TYPED,12,0.0,3.0,9.0,4.0,0.0,1.0,4.0,0.0,0.0,0.0,43.0,4.0,0.0,0.0,12.0,0.0,0.0
LIVE_BELIEF,PERIODIC_ONLY,Q04_DELAY1,AVAILABILITY_LOSS,LOW,8,VERBOSE_TYPED,12,0.0,3.0,9.0,4.0,0.0,1.0,4.0,0.0,0.0,0.0,46.0,4.0,0.0,0.0,12.0,0.0,0.0
LIVE_BELIEF,PERIODIC_ONLY,Q04_DELAY1,AVAILABILITY_LOSS,LOW,12,COMPACT_TYPED,12,0.0,5.0,11.0,5.0,0.0,1.0,5.0,0.0,0.0,0.0,53.0,5.0,0.0,0.0,16.0,0.0,0.0
LIVE_BELIEF,PERIODIC_ONLY,Q04_DELAY1,AVAILABILITY_LOSS,LOW,12,VERBOSE_TYPED,12,0.0,5.0,11.0,5.0,0.0,1.0,5.0,0.0,0.0,0.0,56.0,5.0,0.0,0.0,16.0,0.0,0.0
LIVE_BELIEF,PERIODIC_ONLY,Q04_DELAY1,CONTROL_FAILURE,HIGH,4,COMPACT_TYPED,12,1.0,5.0,3.0,2.0,0.0,1.0,2.0,0.0,0.0,0.0,20.0,2.0,1.0,166.0,5.0,0.0,0.0
LIVE_BELIEF,PERIODIC_ONLY,Q04_DELAY1,CONTROL_FAILURE,HIGH,4,VERBOSE_TYPED,12,1.0,5.0,3.0,2.0,0.0,1.0,2.0,0.0,0.0,0.0,23.0,2.0,1.0,167.0,5.0,0.0,0.0
LIVE_BELIEF,PERIODIC_ONLY,Q04_DELAY1,CONTROL_FAILURE,HIGH,8,COMPACT_TYPED,12,1.0,9.0,3.0,4.0,0.0,1.0,4.0,0.0,0.0,0.0,31.0,4.0,0.0,0.0,12.0,0.0,0.0
LIVE_BELIEF,PERIODIC_ONLY,Q04_DELAY1,CONTROL_FAILURE,HIGH,8,VERBOSE_TYPED,12,1.0,9.0,3.0,4.0,0.0,1.0,4.0,0.0,0.0,0.0,34.0,4.0,0.0,0.0,12.0,0.0,0.0
LIVE_BELIEF,PERIODIC_ONLY,Q04_DELAY1,CONTROL_FAILURE,HIGH,12,COMPACT_TYPED,12,1.0,13.0,3.0,5.0,0.0,1.0,5.0,0.0,0.0,0.0,37.0,5.0,0.0,0.0,16.0,0.0,0.0
LIVE_BELIEF,PERIODIC_ONLY,Q04_DELAY1,CONTROL_FAILURE,HIGH,12,VERBOSE_TYPED,12,1.0,13.0,3.0,5.0,0.0,1.0,5.0,0.0,0.0,0.0,40.0,5.0,0.0,0.0,16.0,0.0,0.0
LIVE_BELIEF,PERIODIC_ONLY,Q04_DELAY1,CONTROL_FAILURE,LOW,4,COMPACT_TYPED,12,1.0,6.0,2.0,2.0,0.0,1.0,2.0,0.0,0.0,0.0,18.0,2.0,1.0,166.0,5.0,0.0,0.0
LIVE_BELIEF,PERIODIC_ONLY,Q04_DELAY1,CONTROL_FAILURE,LOW,4,VERBOSE_TYPED,12,1.0,6.0,2.0,2.0,0.0,1.0,2.0,0.0,0.0,0.0,21.0,2.0,1.0,167.0,5.0,0.0,0.0
LIVE_BELIEF,PERIODIC_ONLY,Q04_DELAY1,CONTROL_FAILURE,LOW,8,COMPACT_TYPED,12,1.0,10.0,2.0,4.0,0.0,1.0,4.0,0.0,0.0,0.0,29.0,4.0,0.0,0.0,12.0,0.0,0.0
LIVE_BELIEF,PERIODIC_ONLY,Q04_DELAY1,CONTROL_FAILURE,LOW,8,VERBOSE_TYPED,12,1.0,10.0,2.0,4.0,0.0,1.0,4.0,0.0,0.0,0.0,32.0,4.0,0.0,0.0,12.0,0.0,0.0
LIVE_BELIEF,PERIODIC_ONLY,Q04_DELAY1,CONTROL_FAILURE,LOW,12,COMPACT_TYPED,12,1.0,14.0,2.0,5.0,0.0,1.0,5.0,0.0,0.0,0.0,35.0,5.0,0.0,0.0,16.0,0.0,0.0
LIVE_BELIEF,PERIODIC_ONLY,Q04_DELAY1,CONTROL_FAILURE,LOW,12,VERBOSE_TYPED,12,1.0,14.0,2.0,5.0,0.0,1.0,5.0,0.0,0.0,0.0,38.0,5.0,0.0,0.0,16.0,0.0,0.0
LIVE_BELIEF,PERIODIC_ONLY,Q04_DELAY1,POSE_SHIFT,HIGH,4,COMPACT_TYPED,12,1.0,7.0,1.0,2.0,0.0,1.0,1.0,0.0,0.0,0.0,16.0,2.0,1.0,161.0,5.0,0.0,0.0
LIVE_BELIEF,PERIODIC_ONLY,Q04_DELAY1,POSE_SHIFT,HIGH,4,VERBOSE_TYPED,12,1.0,7.0,1.0,2.0,0.0,1.0,1.0,0.0,0.0,0.0,19.0,2.0,1.0,162.0,5.0,0.0,0.0
LIVE_BELIEF,PERIODIC_ONLY,Q04_DELAY1,POSE_SHIFT,HIGH,8,COMPACT_TYPED,12,0.0,3.0,9.0,4.0,0.0,1.0,4.0,0.0,0.0,0.0,43.0,4.0,0.0,0.0,12.0,0.0,0.0
LIVE_BELIEF,PERIODIC_ONLY,Q04_DELAY1,POSE_SHIFT,HIGH,8,VERBOSE_TYPED,12,0.0,3.0,9.0,4.0,0.0,1.0,4.0,0.0,0.0,0.0,46.0,4.0,0.0,0.0,12.0,0.0,0.0
LIVE_BELIEF,PERIODIC_ONLY,Q04_DELAY1,POSE_SHIFT,HIGH,12,COMPACT_TYPED,12,0.0,5.0,11.0,5.0,0.0,1.0,5.0,0.0,0.0,0.0,53.0,5.0,0.0,0.0,16.0,0.0,0.0
LIVE_BELIEF,PERIODIC_ONLY,Q04_DELAY1,POSE_SHIFT,HIGH,12,VERBOSE_TYPED,12,0.0,5.0,11.0,5.0,0.0,1.0,5.0,0.0,0.0,0.0,56.0,5.0,0.0,0.0,16.0,0.0,0.0
LIVE_BELIEF,PERIODIC_ONLY,Q04_DELAY1,POSE_SHIFT,LOW,4,COMPACT_TYPED,12,1.0,7.0,1.0,2.0,0.0,1.0,1.0,0.0,0.0,0.0,16.0,2.0,1.0,161.0,5.0,0.0,0.0
LIVE_BELIEF,PERIODIC_ONLY,Q04_DELAY1,POSE_SHIFT,LOW,4,VERBOSE_TYPED,12,1.0,7.0,1.0,2.0,0.0,1.0,1.0,0.0,0.0,0.0,19.0,2.0,1.0,162.0,5.0,0.0,0.0
LIVE_BELIEF,PERIODIC_ONLY,Q04_DELAY1,POSE_SHIFT,LOW,8,COMPACT_TYPED,12,0.0,3.0,9.0,4.0,0.0,1.0,4.0,0.0,0.0,0.0,43.0,4.0,0.0,0.0,12.0,0.0,0.0
LIVE_BELIEF,PERIODIC_ONLY,Q04_DELAY1,POSE_SHIFT,LOW,8,VERBOSE_TYPED,12,0.0,3.0,9.0,4.0,0.0,1.0,4.0,0.0,0.0,0.0,46.0,4.0,0.0,0.0,12.0,0.0,0.0
LIVE_BELIEF,PERIODIC_ONLY,Q04_DELAY1,POSE_SHIFT,LOW,12,COMPACT_TYPED,12,0.0,5.0,11.0,5.0,0.0,1.0,5.0,0.0,0.0,0.0,53.0,5.0,0.0,0.0,16.0,0.0,0.0
LIVE_BELIEF,PERIODIC_ONLY,Q04_DELAY1,POSE_SHIFT,LOW,12,VERBOSE_TYPED,12,0.0,5.0,11.0,5.0,0.0,1.0,5.0,0.0,0.0,0.0,56.0,5.0,0.0,0.0,16.0,0.0,0.0
LIVE_BELIEF,PERIODIC_ONLY,Q04_DELAY1,RESTRICTION_CHANGE,HIGH,4,COMPACT_TYPED,12,1.0,7.0,1.0,2.0,0.0,1.0,1.0,1.0,0.0,0.0,16.0,2.0,1.0,164.0,5.0,0.0,0.0
LIVE_BELIEF,PERIODIC_ONLY,Q04_DELAY1,RESTRICTION_CHANGE,HIGH,4,VERBOSE_TYPED,12,1.0,7.0,1.0,2.0,0.0,1.0,1.0,1.0,0.0,0.0,19.0,2.0,1.0,165.0,5.0,0.0,0.0
LIVE_BELIEF,PERIODIC_ONLY,Q04_DELAY1,RESTRICTION_CHANGE,HIGH,8,COMPACT_TYPED,12,0.0,3.0,9.0,4.0,0.0,1.0,4.0,0.0,0.0,0.0,43.0,4.0,0.0,0.0,12.0,0.0,0.0
LIVE_BELIEF,PERIODIC_ONLY,Q04_DELAY1,RESTRICTION_CHANGE,HIGH,8,VERBOSE_TYPED,12,0.0,3.0,9.0,4.0,0.0,1.0,4.0,0.0,0.0,0.0,46.0,4.0,0.0,0.0,12.0,0.0,0.0
LIVE_BELIEF,PERIODIC_ONLY,Q04_DELAY1,RESTRICTION_CHANGE,HIGH,12,COMPACT_TYPED,12,0.0,5.0,11.0,5.0,0.0,1.0,5.0,0.0,0.0,0.0,53.0,5.0,0.0,0.0,16.0,0.0,0.0
LIVE_BELIEF,PERIODIC_ONLY,Q04_DELAY1,RESTRICTION_CHANGE,HIGH,12,VERBOSE_TYPED,12,0.0,5.0,11.0,5.0,0.0,1.0,5.0,0.0,0.0,0.0,56.0,5.0,0.0,0.0,16.0,0.0,0.0
LIVE_BELIEF,PERIODIC_ONLY,Q04_DELAY1,RESTRICTION_CHANGE,LOW,4,COMPACT_TYPED,12,1.0,7.0,1.0,2.0,0.0,1.0,1.0,1.0,0.0,0.0,16.0,2.0,1.0,164.0,5.0,0.0,0.0
LIVE_BELIEF,PERIODIC_ONLY,Q04_DELAY1,RESTRICTION_CHANGE,LOW,4,VERBOSE_TYPED,12,1.0,7.0,1.0,2.0,0.0,1.0,1.0,1.0,0.0,0.0,19.0,2.0,1.0,165.0,5.0,0.0,0.0
LIVE_BELIEF,PERIODIC_ONLY,Q04_DELAY1,RESTRICTION_CHANGE,LOW,8,COMPACT_TYPED,12,0.0,3.0,9.0,4.0,0.0,1.0,4.0,0.0,0.0,0.0,43.0,4.0,0.0,0.0,12.0,0.0,0.0
LIVE_BELIEF,PERIODIC_ONLY,Q04_DELAY1,RESTRICTION_CHANGE,LOW,8,VERBOSE_TYPED,12,0.0,3.0,9.0,4.0,0.0,1.0,4.0,0.0,0.0,0.0,46.0,4.0,0.0,0.0,12.0,0.0,0.0
LIVE_BELIEF,PERIODIC_ONLY,Q04_DELAY1,RESTRICTION_CHANGE,LOW,12,COMPACT_TYPED,12,0.0,5.0,11.0,5.0,0.0,1.0,5.0,0.0,0.0,0.0,53.0,5.0,0.0,0.0,16.0,0.0,0.0
LIVE_BELIEF,PERIODIC_ONLY,Q04_DELAY1,RESTRICTION_CHANGE,LOW,12,VERBOSE_TYPED,12,0.0,5.0,11.0,5.0,0.0,1.0,5.0,0.0,0.0,0.0,56.0,5.0,0.0,0.0,16.0,0.0,0.0
LIVE_BELIEF,PERIODIC_ONLY,Q05_DELAY3,AVAILABILITY_LOSS,HIGH,4,COMPACT_TYPED,12,0.0,1.0,7.0,2.0,0.0,1.0,2.0,0.0,0.0,0.0,27.0,2.0,0.0,0.0,8.0,0.0,0.0
LIVE_BELIEF,PERIODIC_ONLY,Q05_DELAY3,AVAILABILITY_LOSS,HIGH,4,VERBOSE_TYPED,12,0.0,1.0,7.0,2.0,0.0,1.0,2.0,0.0,0.0,0.0,30.0,2.0,0.0,0.0,8.0,0.0,0.0
LIVE_BELIEF,PERIODIC_ONLY,Q05_DELAY3,AVAILABILITY_LOSS,HIGH,8,COMPACT_TYPED,12,0.0,3.0,9.0,4.0,0.0,1.0,4.0,0.0,0.0,0.0,43.0,4.0,0.0,0.0,12.0,0.0,0.0
LIVE_BELIEF,PERIODIC_ONLY,Q05_DELAY3,AVAILABILITY_LOSS,HIGH,8,VERBOSE_TYPED,12,0.0,3.0,9.0,4.0,0.0,1.0,4.0,0.0,0.0,0.0,46.0,4.0,0.0,0.0,12.0,0.0,0.0
LIVE_BELIEF,PERIODIC_ONLY,Q05_DELAY3,AVAILABILITY_LOSS,HIGH,12,COMPACT_TYPED,12,1.0,13.0,3.0,5.0,0.0,1.0,4.0,1.0,0.0,0.0,38.0,5.0,1.0,167.0,7.0,0.0,0.0
LIVE_BELIEF,PERIODIC_ONLY,Q05_DELAY3,AVAILABILITY_LOSS,HIGH,12,VERBOSE_TYPED,12,1.0,13.0,3.0,5.0,0.0,1.0,4.0,1.0,0.0,0.0,41.0,5.0,1.0,168.0,7.0,0.0,0.0
LIVE_BELIEF,PERIODIC_ONLY,Q05_DELAY3,AVAILABILITY_LOSS,LOW,4,COMPACT_TYPED,12,0.0,1.0,7.0,2.0,0.0,1.0,2.0,0.0,0.0,0.0,27.0,2.0,0.0,0.0,8.0,0.0,0.0
LIVE_BELIEF,PERIODIC_ONLY,Q05_DELAY3,AVAILABILITY_LOSS,LOW,4,VERBOSE_TYPED,12,0.0,1.0,7.0,2.0,0.0,1.0,2.0,0.0,0.0,0.0,30.0,2.0,0.0,0.0,8.0,0.0,0.0
LIVE_BELIEF,PERIODIC_ONLY,Q05_DELAY3,AVAILABILITY_LOSS,LOW,8,COMPACT_TYPED,12,0.0,3.0,9.0,4.0,0.0,1.0,4.0,0.0,0.0,0.0,43.0,4.0,0.0,0.0,12.0,0.0,0.0
LIVE_BELIEF,PERIODIC_ONLY,Q05_DELAY3,AVAILABILITY_LOSS,LOW,8,VERBOSE_TYPED,12,0.0,3.0,9.0,4.0,0.0,1.0,4.0,0.0,0.0,0.0,46.0,4.0,0.0,0.0,12.0,0.0,0.0
LIVE_BELIEF,PERIODIC_ONLY,Q05_DELAY3,AVAILABILITY_LOSS,LOW,12,COMPACT_TYPED,12,1.0,13.0,3.0,5.0,0.0,1.0,4.0,1.0,0.0,0.0,38.0,5.0,1.0,167.0,7.0,0.0,0.0
LIVE_BELIEF,PERIODIC_ONLY,Q05_DELAY3,AVAILABILITY_LOSS,LOW,12,VERBOSE_TYPED,12,1.0,13.0,3.0,5.0,0.0,1.0,4.0,1.0,0.0,0.0,41.0,5.0,1.0,168.0,7.0,0.0,0.0
LIVE_BELIEF,PERIODIC_ONLY,Q05_DELAY3,CONTROL_FAILURE,HIGH,4,COMPACT_TYPED,12,1.0,5.0,3.0,2.0,0.0,1.0,2.0,0.0,0.0,0.0,19.0,2.0,0.0,0.0,8.0,0.0,0.0
LIVE_BELIEF,PERIODIC_ONLY,Q05_DELAY3,CONTROL_FAILURE,HIGH,4,VERBOSE_TYPED,12,1.0,5.0,3.0,2.0,0.0,1.0,2.0,0.0,0.0,0.0,22.0,2.0,0.0,0.0,8.0,0.0,0.0
LIVE_BELIEF,PERIODIC_ONLY,Q05_DELAY3,CONTROL_FAILURE,HIGH,8,COMPACT_TYPED,12,1.0,9.0,3.0,4.0,0.0,1.0,4.0,0.0,0.0,0.0,31.0,4.0,0.0,0.0,12.0,0.0,0.0
LIVE_BELIEF,PERIODIC_ONLY,Q05_DELAY3,CONTROL_FAILURE,HIGH,8,VERBOSE_TYPED,12,1.0,9.0,3.0,4.0,0.0,1.0,4.0,0.0,0.0,0.0,34.0,4.0,0.0,0.0,12.0,0.0,0.0
LIVE_BELIEF,PERIODIC_ONLY,Q05_DELAY3,CONTROL_FAILURE,HIGH,12,COMPACT_TYPED,12,1.0,13.0,3.0,5.0,0.0,1.0,5.0,0.0,0.0,0.0,38.0,5.0,1.0,166.0,7.0,0.0,0.0
LIVE_BELIEF,PERIODIC_ONLY,Q05_DELAY3,CONTROL_FAILURE,HIGH,12,VERBOSE_TYPED,12,1.0,13.0,3.0,5.0,0.0,1.0,5.0,0.0,0.0,0.0,41.0,5.0,1.0,167.0,7.0,0.0,0.0
LIVE_BELIEF,PERIODIC_ONLY,Q05_DELAY3,CONTROL_FAILURE,LOW,4,COMPACT_TYPED,12,1.0,6.0,2.0,2.0,0.0,1.0,2.0,0.0,0.0,0.0,17.0,2.0,0.0,0.0,8.0,0.0,0.0
LIVE_BELIEF,PERIODIC_ONLY,Q05_DELAY3,CONTROL_FAILURE,LOW,4,VERBOSE_TYPED,12,1.0,6.0,2.0,2.0,0.0,1.0,2.0,0.0,0.0,0.0,20.0,2.0,0.0,0.0,8.0,0.0,0.0
LIVE_BELIEF,PERIODIC_ONLY,Q05_DELAY3,CONTROL_FAILURE,LOW,8,COMPACT_TYPED,12,1.0,10.0,2.0,4.0,0.0,1.0,4.0,0.0,0.0,0.0,29.0,4.0,0.0,0.0,12.0,0.0,0.0
LIVE_BELIEF,PERIODIC_ONLY,Q05_DELAY3,CONTROL_FAILURE,LOW,8,VERBOSE_TYPED,12,1.0,10.0,2.0,4.0,0.0,1.0,4.0,0.0,0.0,0.0,32.0,4.0,0.0,0.0,12.0,0.0,0.0
LIVE_BELIEF,PERIODIC_ONLY,Q05_DELAY3,CONTROL_FAILURE,LOW,12,COMPACT_TYPED,12,1.0,14.0,2.0,5.0,0.0,1.0,5.0,0.0,0.0,0.0,36.0,5.0,1.0,166.0,7.0,0.0,0.0
LIVE_BELIEF,PERIODIC_ONLY,Q05_DELAY3,CONTROL_FAILURE,LOW,12,VERBOSE_TYPED,12,1.0,14.0,2.0,5.0,0.0,1.0,5.0,0.0,0.0,0.0,39.0,5.0,1.0,167.0,7.0,0.0,0.0
LIVE_BELIEF,PERIODIC_ONLY,Q05_DELAY3,POSE_SHIFT,HIGH,4,COMPACT_TYPED,12,0.0,1.0,7.0,2.0,0.0,1.0,2.0,0.0,0.0,0.0,27.0,2.0,0.0,0.0,8.0,0.0,0.0
LIVE_BELIEF,PERIODIC_ONLY,Q05_DELAY3,POSE_SHIFT,HIGH,4,VERBOSE_TYPED,12,0.0,1.0,7.0,2.0,0.0,1.0,2.0,0.0,0.0,0.0,30.0,2.0,0.0,0.0,8.0,0.0,0.0
LIVE_BELIEF,PERIODIC_ONLY,Q05_DELAY3,POSE_SHIFT,HIGH,8,COMPACT_TYPED,12,0.0,3.0,9.0,4.0,0.0,1.0,4.0,0.0,0.0,0.0,43.0,4.0,0.0,0.0,12.0,0.0,0.0
LIVE_BELIEF,PERIODIC_ONLY,Q05_DELAY3,POSE_SHIFT,HIGH,8,VERBOSE_TYPED,12,0.0,3.0,9.0,4.0,0.0,1.0,4.0,0.0,0.0,0.0,46.0,4.0,0.0,0.0,12.0,0.0,0.0
LIVE_BELIEF,PERIODIC_ONLY,Q05_DELAY3,POSE_SHIFT,HIGH,12,COMPACT_TYPED,12,1.0,13.0,3.0,5.0,0.0,1.0,4.0,0.0,0.0,0.0,38.0,5.0,1.0,161.0,7.0,0.0,0.0
LIVE_BELIEF,PERIODIC_ONLY,Q05_DELAY3,POSE_SHIFT,HIGH,12,VERBOSE_TYPED,12,1.0,13.0,3.0,5.0,0.0,1.0,4.0,0.0,0.0,0.0,41.0,5.0,1.0,162.0,7.0,0.0,0.0
LIVE_BELIEF,PERIODIC_ONLY,Q05_DELAY3,POSE_SHIFT,LOW,4,COMPACT_TYPED,12,0.0,1.0,7.0,2.0,0.0,1.0,2.0,0.0,0.0,0.0,27.0,2.0,0.0,0.0,8.0,0.0,0.0
LIVE_BELIEF,PERIODIC_ONLY,Q05_DELAY3,POSE_SHIFT,LOW,4,VERBOSE_TYPED,12,0.0,1.0,7.0,2.0,0.0,1.0,2.0,0.0,0.0,0.0,30.0,2.0,0.0,0.0,8.0,0.0,0.0
LIVE_BELIEF,PERIODIC_ONLY,Q05_DELAY3,POSE_SHIFT,LOW,8,COMPACT_TYPED,12,0.0,3.0,9.0,4.0,0.0,1.0,4.0,0.0,0.0,0.0,43.0,4.0,0.0,0.0,12.0,0.0,0.0
LIVE_BELIEF,PERIODIC_ONLY,Q05_DELAY3,POSE_SHIFT,LOW,8,VERBOSE_TYPED,12,0.0,3.0,9.0,4.0,0.0,1.0,4.0,0.0,0.0,0.0,46.0,4.0,0.0,0.0,12.0,0.0,0.0
LIVE_BELIEF,PERIODIC_ONLY,Q05_DELAY3,POSE_SHIFT,LOW,12,COMPACT_TYPED,12,1.0,13.0,3.0,5.0,0.0,1.0,4.0,0.0,0.0,0.0,38.0,5.0,1.0,161.0,7.0,0.0,0.0
LIVE_BELIEF,PERIODIC_ONLY,Q05_DELAY3,POSE_SHIFT,LOW,12,VERBOSE_TYPED,12,1.0,13.0,3.0,5.0,0.0,1.0,4.0,0.0,0.0,0.0,41.0,5.0,1.0,162.0,7.0,0.0,0.0
LIVE_BELIEF,PERIODIC_ONLY,Q05_DELAY3,RESTRICTION_CHANGE,HIGH,4,COMPACT_TYPED,12,0.0,1.0,7.0,2.0,0.0,1.0,2.0,0.0,0.0,0.0,27.0,2.0,0.0,0.0,8.0,0.0,0.0
LIVE_BELIEF,PERIODIC_ONLY,Q05_DELAY3,RESTRICTION_CHANGE,HIGH,4,VERBOSE_TYPED,12,0.0,1.0,7.0,2.0,0.0,1.0,2.0,0.0,0.0,0.0,30.0,2.0,0.0,0.0,8.0,0.0,0.0
LIVE_BELIEF,PERIODIC_ONLY,Q05_DELAY3,RESTRICTION_CHANGE,HIGH,8,COMPACT_TYPED,12,0.0,3.0,9.0,4.0,0.0,1.0,4.0,0.0,0.0,0.0,43.0,4.0,0.0,0.0,12.0,0.0,0.0
LIVE_BELIEF,PERIODIC_ONLY,Q05_DELAY3,RESTRICTION_CHANGE,HIGH,8,VERBOSE_TYPED,12,0.0,3.0,9.0,4.0,0.0,1.0,4.0,0.0,0.0,0.0,46.0,4.0,0.0,0.0,12.0,0.0,0.0
LIVE_BELIEF,PERIODIC_ONLY,Q05_DELAY3,RESTRICTION_CHANGE,HIGH,12,COMPACT_TYPED,12,1.0,13.0,3.0,5.0,0.0,1.0,4.0,1.0,0.0,0.0,38.0,5.0,1.0,164.0,7.0,0.0,0.0
LIVE_BELIEF,PERIODIC_ONLY,Q05_DELAY3,RESTRICTION_CHANGE,HIGH,12,VERBOSE_TYPED,12,1.0,13.0,3.0,5.0,0.0,1.0,4.0,1.0,0.0,0.0,41.0,5.0,1.0,165.0,7.0,0.0,0.0
LIVE_BELIEF,PERIODIC_ONLY,Q05_DELAY3,RESTRICTION_CHANGE,LOW,4,COMPACT_TYPED,12,0.0,1.0,7.0,2.0,0.0,1.0,2.0,0.0,0.0,0.0,27.0,2.0,0.0,0.0,8.0,0.0,0.0
LIVE_BELIEF,PERIODIC_ONLY,Q05_DELAY3,RESTRICTION_CHANGE,LOW,4,VERBOSE_TYPED,12,0.0,1.0,7.0,2.0,0.0,1.0,2.0,0.0,0.0,0.0,30.0,2.0,0.0,0.0,8.0,0.0,0.0
LIVE_BELIEF,PERIODIC_ONLY,Q05_DELAY3,RESTRICTION_CHANGE,LOW,8,COMPACT_TYPED,12,0.0,3.0,9.0,4.0,0.0,1.0,4.0,0.0,0.0,0.0,43.0,4.0,0.0,0.0,12.0,0.0,0.0
LIVE_BELIEF,PERIODIC_ONLY,Q05_DELAY3,RESTRICTION_CHANGE,LOW,8,VERBOSE_TYPED,12,0.0,3.0,9.0,4.0,0.0,1.0,4.0,0.0,0.0,0.0,46.0,4.0,0.0,0.0,12.0,0.0,0.0
LIVE_BELIEF,PERIODIC_ONLY,Q05_DELAY3,RESTRICTION_CHANGE,LOW,12,COMPACT_TYPED,12,1.0,13.0,3.0,5.0,0.0,1.0,4.0,1.0,0.0,0.0,38.0,5.0,1.0,164.0,7.0,0.0,0.0
LIVE_BELIEF,PERIODIC_ONLY,Q05_DELAY3,RESTRICTION_CHANGE,LOW,12,VERBOSE_TYPED,12,1.0,13.0,3.0,5.0,0.0,1.0,4.0,1.0,0.0,0.0,41.0,5.0,1.0,165.0,7.0,0.0,0.0
LIVE_BELIEF,PERIODIC_ONLY,Q06_FALSE3,AVAILABILITY_LOSS,HIGH,4,COMPACT_TYPED,12,0.0,1.0,7.0,2.0,0.0,1.0,2.0,0.0,0.0,0.0,31.0,2.0,1.0,166.0,5.0,0.0,0.0
LIVE_BELIEF,PERIODIC_ONLY,Q06_FALSE3,AVAILABILITY_LOSS,HIGH,4,VERBOSE_TYPED,12,0.0,1.0,7.0,2.0,0.0,1.0,2.0,0.0,0.0,0.0,43.0,2.0,1.0,167.0,5.0,0.0,0.0
LIVE_BELIEF,PERIODIC_ONLY,Q06_FALSE3,AVAILABILITY_LOSS,HIGH,8,COMPACT_TYPED,12,0.0,3.0,9.0,4.0,0.0,1.0,4.0,0.0,0.0,0.0,46.0,4.0,0.0,0.0,12.0,0.0,0.0
LIVE_BELIEF,PERIODIC_ONLY,Q06_FALSE3,AVAILABILITY_LOSS,HIGH,8,VERBOSE_TYPED,12,0.0,3.0,9.0,4.0,0.0,1.0,4.0,0.0,0.0,0.0,58.0,4.0,0.0,0.0,12.0,0.0,0.0
LIVE_BELIEF,PERIODIC_ONLY,Q06_FALSE3,AVAILABILITY_LOSS,HIGH,12,COMPACT_TYPED,12,1.0,16.0,0.0,5.0,0.0,1.0,4.0,1.0,0.0,0.0,37.0,5.0,3.0,499.0,10.0,0.0,0.0
LIVE_BELIEF,PERIODIC_ONLY,Q06_FALSE3,AVAILABILITY_LOSS,HIGH,12,VERBOSE_TYPED,12,1.0,16.0,0.0,5.0,0.0,1.0,4.0,1.0,0.0,0.0,49.0,5.0,3.0,502.0,10.0,0.0,0.0
LIVE_BELIEF,PERIODIC_ONLY,Q06_FALSE3,AVAILABILITY_LOSS,LOW,4,COMPACT_TYPED,12,0.0,1.0,7.0,2.0,0.0,1.0,2.0,0.0,0.0,0.0,31.0,2.0,1.0,166.0,5.0,0.0,0.0
LIVE_BELIEF,PERIODIC_ONLY,Q06_FALSE3,AVAILABILITY_LOSS,LOW,4,VERBOSE_TYPED,12,0.0,1.0,7.0,2.0,0.0,1.0,2.0,0.0,0.0,0.0,43.0,2.0,1.0,167.0,5.0,0.0,0.0
LIVE_BELIEF,PERIODIC_ONLY,Q06_FALSE3,AVAILABILITY_LOSS,LOW,8,COMPACT_TYPED,12,0.0,3.0,9.0,4.0,0.0,1.0,4.0,0.0,0.0,0.0,46.0,4.0,0.0,0.0,12.0,0.0,0.0
LIVE_BELIEF,PERIODIC_ONLY,Q06_FALSE3,AVAILABILITY_LOSS,LOW,8,VERBOSE_TYPED,12,0.0,3.0,9.0,4.0,0.0,1.0,4.0,0.0,0.0,0.0,58.0,4.0,0.0,0.0,12.0,0.0,0.0
LIVE_BELIEF,PERIODIC_ONLY,Q06_FALSE3,AVAILABILITY_LOSS,LOW,12,COMPACT_TYPED,12,1.0,16.0,0.0,5.0,0.0,1.0,4.0,1.0,0.0,0.0,37.0,5.0,3.0,499.0,10.0,0.0,0.0
LIVE_BELIEF,PERIODIC_ONLY,Q06_FALSE3,AVAILABILITY_LOSS,LOW,12,VERBOSE_TYPED,12,1.0,16.0,0.0,5.0,0.0,1.0,4.0,1.0,0.0,0.0,49.0,5.0,3.0,502.0,10.0,0.0,0.0
LIVE_BELIEF,PERIODIC_ONLY,Q06_FALSE3,CONTROL_FAILURE,HIGH,4,COMPACT_TYPED,12,1.0,5.0,3.0,2.0,0.0,1.0,2.0,0.0,0.0,0.0,23.0,2.0,1.0,166.0,5.0,0.0,0.0
LIVE_BELIEF,PERIODIC_ONLY,Q06_FALSE3,CONTROL_FAILURE,HIGH,4,VERBOSE_TYPED,12,1.0,5.0,3.0,2.0,0.0,1.0,2.0,0.0,0.0,0.0,35.0,2.0,1.0,167.0,5.0,0.0,0.0
LIVE_BELIEF,PERIODIC_ONLY,Q06_FALSE3,CONTROL_FAILURE,HIGH,8,COMPACT_TYPED,12,1.0,9.0,3.0,4.0,0.0,1.0,4.0,0.0,0.0,0.0,34.0,4.0,0.0,0.0,12.0,0.0,0.0
LIVE_BELIEF,PERIODIC_ONLY,Q06_FALSE3,CONTROL_FAILURE,HIGH,8,VERBOSE_TYPED,12,1.0,9.0,3.0,4.0,0.0,1.0,4.0,0.0,0.0,0.0,46.0,4.0,0.0,0.0,12.0,0.0,0.0
LIVE_BELIEF,PERIODIC_ONLY,Q06_FALSE3,CONTROL_FAILURE,HIGH,12,COMPACT_TYPED,12,1.0,13.0,3.0,5.0,0.0,1.0,5.0,0.0,0.0,0.0,43.0,5.0,3.0,498.0,10.0,0.0,0.0
LIVE_BELIEF,PERIODIC_ONLY,Q06_FALSE3,CONTROL_FAILURE,HIGH,12,VERBOSE_TYPED,12,1.0,13.0,3.0,5.0,0.0,1.0,5.0,0.0,0.0,0.0,55.0,5.0,3.0,501.0,10.0,0.0,0.0
LIVE_BELIEF,PERIODIC_ONLY,Q06_FALSE3,CONTROL_FAILURE,LOW,4,COMPACT_TYPED,12,1.0,6.0,2.0,2.0,0.0,1.0,2.0,0.0,0.0,0.0,21.0,2.0,1.0,166.0,5.0,0.0,0.0
LIVE_BELIEF,PERIODIC_ONLY,Q06_FALSE3,CONTROL_FAILURE,LOW,4,VERBOSE_TYPED,12,1.0,6.0,2.0,2.0,0.0,1.0,2.0,0.0,0.0,0.0,33.0,2.0,1.0,167.0,5.0,0.0,0.0
LIVE_BELIEF,PERIODIC_ONLY,Q06_FALSE3,CONTROL_FAILURE,LOW,8,COMPACT_TYPED,12,1.0,10.0,2.0,4.0,0.0,1.0,4.0,0.0,0.0,0.0,32.0,4.0,0.0,0.0,12.0,0.0,0.0
LIVE_BELIEF,PERIODIC_ONLY,Q06_FALSE3,CONTROL_FAILURE,LOW,8,VERBOSE_TYPED,12,1.0,10.0,2.0,4.0,0.0,1.0,4.0,0.0,0.0,0.0,44.0,4.0,0.0,0.0,12.0,0.0,0.0
LIVE_BELIEF,PERIODIC_ONLY,Q06_FALSE3,CONTROL_FAILURE,LOW,12,COMPACT_TYPED,12,1.0,14.0,2.0,5.0,0.0,1.0,5.0,0.0,0.0,0.0,41.0,5.0,3.0,498.0,10.0,0.0,0.0
LIVE_BELIEF,PERIODIC_ONLY,Q06_FALSE3,CONTROL_FAILURE,LOW,12,VERBOSE_TYPED,12,1.0,14.0,2.0,5.0,0.0,1.0,5.0,0.0,0.0,0.0,53.0,5.0,3.0,501.0,10.0,0.0,0.0
LIVE_BELIEF,PERIODIC_ONLY,Q06_FALSE3,POSE_SHIFT,HIGH,4,COMPACT_TYPED,12,0.0,1.0,7.0,2.0,0.0,1.0,2.0,0.0,0.0,0.0,31.0,2.0,1.0,166.0,5.0,0.0,0.0
LIVE_BELIEF,PERIODIC_ONLY,Q06_FALSE3,POSE_SHIFT,HIGH,4,VERBOSE_TYPED,12,0.0,1.0,7.0,2.0,0.0,1.0,2.0,0.0,0.0,0.0,43.0,2.0,1.0,167.0,5.0,0.0,0.0
LIVE_BELIEF,PERIODIC_ONLY,Q06_FALSE3,POSE_SHIFT,HIGH,8,COMPACT_TYPED,12,0.0,3.0,9.0,4.0,0.0,1.0,4.0,0.0,0.0,0.0,46.0,4.0,0.0,0.0,12.0,0.0,0.0
LIVE_BELIEF,PERIODIC_ONLY,Q06_FALSE3,POSE_SHIFT,HIGH,8,VERBOSE_TYPED,12,0.0,3.0,9.0,4.0,0.0,1.0,4.0,0.0,0.0,0.0,58.0,4.0,0.0,0.0,12.0,0.0,0.0
LIVE_BELIEF,PERIODIC_ONLY,Q06_FALSE3,POSE_SHIFT,HIGH,12,COMPACT_TYPED,12,1.0,16.0,0.0,5.0,0.0,1.0,4.0,0.0,0.0,0.0,37.0,5.0,3.0,493.0,10.0,0.0,0.0
LIVE_BELIEF,PERIODIC_ONLY,Q06_FALSE3,POSE_SHIFT,HIGH,12,VERBOSE_TYPED,12,1.0,16.0,0.0,5.0,0.0,1.0,4.0,0.0,0.0,0.0,49.0,5.0,3.0,496.0,10.0,0.0,0.0
LIVE_BELIEF,PERIODIC_ONLY,Q06_FALSE3,POSE_SHIFT,LOW,4,COMPACT_TYPED,12,0.0,1.0,7.0,2.0,0.0,1.0,2.0,0.0,0.0,0.0,31.0,2.0,1.0,166.0,5.0,0.0,0.0
LIVE_BELIEF,PERIODIC_ONLY,Q06_FALSE3,POSE_SHIFT,LOW,4,VERBOSE_TYPED,12,0.0,1.0,7.0,2.0,0.0,1.0,2.0,0.0,0.0,0.0,43.0,2.0,1.0,167.0,5.0,0.0,0.0
LIVE_BELIEF,PERIODIC_ONLY,Q06_FALSE3,POSE_SHIFT,LOW,8,COMPACT_TYPED,12,0.0,3.0,9.0,4.0,0.0,1.0,4.0,0.0,0.0,0.0,46.0,4.0,0.0,0.0,12.0,0.0,0.0
LIVE_BELIEF,PERIODIC_ONLY,Q06_FALSE3,POSE_SHIFT,LOW,8,VERBOSE_TYPED,12,0.0,3.0,9.0,4.0,0.0,1.0,4.0,0.0,0.0,0.0,58.0,4.0,0.0,0.0,12.0,0.0,0.0
LIVE_BELIEF,PERIODIC_ONLY,Q06_FALSE3,POSE_SHIFT,LOW,12,COMPACT_TYPED,12,1.0,16.0,0.0,5.0,0.0,1.0,4.0,0.0,0.0,0.0,37.0,5.0,3.0,493.0,10.0,0.0,0.0
LIVE_BELIEF,PERIODIC_ONLY,Q06_FALSE3,POSE_SHIFT,LOW,12,VERBOSE_TYPED,12,1.0,16.0,0.0,5.0,0.0,1.0,4.0,0.0,0.0,0.0,49.0,5.0,3.0,496.0,10.0,0.0,0.0
LIVE_BELIEF,PERIODIC_ONLY,Q06_FALSE3,RESTRICTION_CHANGE,HIGH,4,COMPACT_TYPED,12,0.0,1.0,7.0,2.0,0.0,1.0,2.0,0.0,0.0,0.0,31.0,2.0,1.0,166.0,5.0,0.0,0.0
LIVE_BELIEF,PERIODIC_ONLY,Q06_FALSE3,RESTRICTION_CHANGE,HIGH,4,VERBOSE_TYPED,12,0.0,1.0,7.0,2.0,0.0,1.0,2.0,0.0,0.0,0.0,43.0,2.0,1.0,167.0,5.0,0.0,0.0
LIVE_BELIEF,PERIODIC_ONLY,Q06_FALSE3,RESTRICTION_CHANGE,HIGH,8,COMPACT_TYPED,12,0.0,3.0,9.0,4.0,0.0,1.0,4.0,0.0,0.0,0.0,46.0,4.0,0.0,0.0,12.0,0.0,0.0
LIVE_BELIEF,PERIODIC_ONLY,Q06_FALSE3,RESTRICTION_CHANGE,HIGH,8,VERBOSE_TYPED,12,0.0,3.0,9.0,4.0,0.0,1.0,4.0,0.0,0.0,0.0,58.0,4.0,0.0,0.0,12.0,0.0,0.0
LIVE_BELIEF,PERIODIC_ONLY,Q06_FALSE3,RESTRICTION_CHANGE,HIGH,12,COMPACT_TYPED,12,1.0,16.0,0.0,5.0,0.0,1.0,4.0,1.0,0.0,0.0,37.0,5.0,3.0,496.0,10.0,0.0,0.0
LIVE_BELIEF,PERIODIC_ONLY,Q06_FALSE3,RESTRICTION_CHANGE,HIGH,12,VERBOSE_TYPED,12,1.0,16.0,0.0,5.0,0.0,1.0,4.0,1.0,0.0,0.0,49.0,5.0,3.0,499.0,10.0,0.0,0.0
LIVE_BELIEF,PERIODIC_ONLY,Q06_FALSE3,RESTRICTION_CHANGE,LOW,4,COMPACT_TYPED,12,0.0,1.0,7.0,2.0,0.0,1.0,2.0,0.0,0.0,0.0,31.0,2.0,1.0,166.0,5.0,0.0,0.0
LIVE_BELIEF,PERIODIC_ONLY,Q06_FALSE3,RESTRICTION_CHANGE,LOW,4,VERBOSE_TYPED,12,0.0,1.0,7.0,2.0,0.0,1.0,2.0,0.0,0.0,0.0,43.0,2.0,1.0,167.0,5.0,0.0,0.0
LIVE_BELIEF,PERIODIC_ONLY,Q06_FALSE3,RESTRICTION_CHANGE,LOW,8,COMPACT_TYPED,12,0.0,3.0,9.0,4.0,0.0,1.0,4.0,0.0,0.0,0.0,46.0,4.0,0.0,0.0,12.0,0.0,0.0
LIVE_BELIEF,PERIODIC_ONLY,Q06_FALSE3,RESTRICTION_CHANGE,LOW,8,VERBOSE_TYPED,12,0.0,3.0,9.0,4.0,0.0,1.0,4.0,0.0,0.0,0.0,58.0,4.0,0.0,0.0,12.0,0.0,0.0
LIVE_BELIEF,PERIODIC_ONLY,Q06_FALSE3,RESTRICTION_CHANGE,LOW,12,COMPACT_TYPED,12,1.0,16.0,0.0,5.0,0.0,1.0,4.0,1.0,0.0,0.0,37.0,5.0,3.0,496.0,10.0,0.0,0.0
LIVE_BELIEF,PERIODIC_ONLY,Q06_FALSE3,RESTRICTION_CHANGE,LOW,12,VERBOSE_TYPED,12,1.0,16.0,0.0,5.0,0.0,1.0,4.0,1.0,0.0,0.0,49.0,5.0,3.0,499.0,10.0,0.0,0.0
LIVE_BELIEF,PERIODIC_ONLY,Q07_DUP_OOO,AVAILABILITY_LOSS,HIGH,4,COMPACT_TYPED,12,1.0,7.0,1.0,2.0,0.0,1.0,1.0,1.0,0.0,0.0,19.0,2.0,2.0,334.0,5.0,0.0,0.0
LIVE_BELIEF,PERIODIC_ONLY,Q07_DUP_OOO,AVAILABILITY_LOSS,HIGH,4,VERBOSE_TYPED,12,1.0,7.0,1.0,2.0,0.0,1.0,1.0,1.0,0.0,0.0,28.0,2.0,2.0,336.0,5.0,0.0,0.0
LIVE_BELIEF,PERIODIC_ONLY,Q07_DUP_OOO,AVAILABILITY_LOSS,HIGH,8,COMPACT_TYPED,12,1.0,10.0,2.0,4.0,0.0,1.0,3.0,1.0,0.0,0.0,32.0,4.0,1.0,167.0,6.0,0.0,0.0
LIVE_BELIEF,PERIODIC_ONLY,Q07_DUP_OOO,AVAILABILITY_LOSS,HIGH,8,VERBOSE_TYPED,12,1.0,10.0,2.0,4.0,0.0,1.0,3.0,1.0,0.0,0.0,41.0,4.0,1.0,168.0,6.0,0.0,0.0
LIVE_BELIEF,PERIODIC_ONLY,Q07_DUP_OOO,AVAILABILITY_LOSS,HIGH,12,COMPACT_TYPED,12,0.0,5.0,11.0,5.0,0.0,1.0,5.0,0.0,0.0,0.0,55.0,5.0,0.0,0.0,16.0,0.0,0.0
LIVE_BELIEF,PERIODIC_ONLY,Q07_DUP_OOO,AVAILABILITY_LOSS,HIGH,12,VERBOSE_TYPED,12,0.0,5.0,11.0,5.0,0.0,1.0,5.0,0.0,0.0,0.0,64.0,5.0,0.0,0.0,16.0,0.0,0.0
LIVE_BELIEF,PERIODIC_ONLY,Q07_DUP_OOO,AVAILABILITY_LOSS,LOW,4,COMPACT_TYPED,12,1.0,7.0,1.0,2.0,0.0,1.0,1.0,1.0,0.0,0.0,19.0,2.0,2.0,334.0,5.0,0.0,0.0
LIVE_BELIEF,PERIODIC_ONLY,Q07_DUP_OOO,AVAILABILITY_LOSS,LOW,4,VERBOSE_TYPED,12,1.0,7.0,1.0,2.0,0.0,1.0,1.0,1.0,0.0,0.0,28.0,2.0,2.0,336.0,5.0,0.0,0.0
LIVE_BELIEF,PERIODIC_ONLY,Q07_DUP_OOO,AVAILABILITY_LOSS,LOW,8,COMPACT_TYPED,12,1.0,10.0,2.0,4.0,0.0,1.0,3.0,1.0,0.0,0.0,32.0,4.0,1.0,167.0,6.0,0.0,0.0
LIVE_BELIEF,PERIODIC_ONLY,Q07_DUP_OOO,AVAILABILITY_LOSS,LOW,8,VERBOSE_TYPED,12,1.0,10.0,2.0,4.0,0.0,1.0,3.0,1.0,0.0,0.0,41.0,4.0,1.0,168.0,6.0,0.0,0.0
LIVE_BELIEF,PERIODIC_ONLY,Q07_DUP_OOO,AVAILABILITY_LOSS,LOW,12,COMPACT_TYPED,12,0.0,5.0,11.0,5.0,0.0,1.0,5.0,0.0,0.0,0.0,55.0,5.0,0.0,0.0,16.0,0.0,0.0
LIVE_BELIEF,PERIODIC_ONLY,Q07_DUP_OOO,AVAILABILITY_LOSS,LOW,12,VERBOSE_TYPED,12,0.0,5.0,11.0,5.0,0.0,1.0,5.0,0.0,0.0,0.0,64.0,5.0,0.0,0.0,16.0,0.0,0.0
LIVE_BELIEF,PERIODIC_ONLY,Q07_DUP_OOO,CONTROL_FAILURE,HIGH,4,COMPACT_TYPED,12,1.0,5.0,3.0,2.0,0.0,1.0,2.0,0.0,0.0,0.0,23.0,2.0,2.0,332.0,5.0,0.0,0.0
LIVE_BELIEF,PERIODIC_ONLY,Q07_DUP_OOO,CONTROL_FAILURE,HIGH,4,VERBOSE_TYPED,12,1.0,5.0,3.0,2.0,0.0,1.0,2.0,0.0,0.0,0.0,32.0,2.0,2.0,334.0,5.0,0.0,0.0
LIVE_BELIEF,PERIODIC_ONLY,Q07_DUP_OOO,CONTROL_FAILURE,HIGH,8,COMPACT_TYPED,12,1.0,9.0,3.0,4.0,0.0,1.0,4.0,0.0,0.0,0.0,34.0,4.0,1.0,166.0,6.0,0.0,0.0
LIVE_BELIEF,PERIODIC_ONLY,Q07_DUP_OOO,CONTROL_FAILURE,HIGH,8,VERBOSE_TYPED,12,1.0,9.0,3.0,4.0,0.0,1.0,4.0,0.0,0.0,0.0,43.0,4.0,1.0,167.0,6.0,0.0,0.0
LIVE_BELIEF,PERIODIC_ONLY,Q07_DUP_OOO,CONTROL_FAILURE,HIGH,12,COMPACT_TYPED,12,1.0,13.0,3.0,5.0,0.0,1.0,5.0,0.0,0.0,0.0,39.0,5.0,0.0,0.0,16.0,0.0,0.0
LIVE_BELIEF,PERIODIC_ONLY,Q07_DUP_OOO,CONTROL_FAILURE,HIGH,12,VERBOSE_TYPED,12,1.0,13.0,3.0,5.0,0.0,1.0,5.0,0.0,0.0,0.0,48.0,5.0,0.0,0.0,16.0,0.0,0.0
LIVE_BELIEF,PERIODIC_ONLY,Q07_DUP_OOO,CONTROL_FAILURE,LOW,4,COMPACT_TYPED,12,1.0,6.0,2.0,2.0,0.0,1.0,2.0,0.0,0.0,0.0,21.0,2.0,2.0,332.0,5.0,0.0,0.0
LIVE_BELIEF,PERIODIC_ONLY,Q07_DUP_OOO,CONTROL_FAILURE,LOW,4,VERBOSE_TYPED,12,1.0,6.0,2.0,2.0,0.0,1.0,2.0,0.0,0.0,0.0,30.0,2.0,2.0,334.0,5.0,0.0,0.0
LIVE_BELIEF,PERIODIC_ONLY,Q07_DUP_OOO,CONTROL_FAILURE,LOW,8,COMPACT_TYPED,12,1.0,10.0,2.0,4.0,0.0,1.0,4.0,0.0,0.0,0.0,32.0,4.0,1.0,166.0,6.0,0.0,0.0
LIVE_BELIEF,PERIODIC_ONLY,Q07_DUP_OOO,CONTROL_FAILURE,LOW,8,VERBOSE_TYPED,12,1.0,10.0,2.0,4.0,0.0,1.0,4.0,0.0,0.0,0.0,41.0,4.0,1.0,167.0,6.0,0.0,0.0
LIVE_BELIEF,PERIODIC_ONLY,Q07_DUP_OOO,CONTROL_FAILURE,LOW,12,COMPACT_TYPED,12,1.0,14.0,2.0,5.0,0.0,1.0,5.0,0.0,0.0,0.0,37.0,5.0,0.0,0.0,16.0,0.0,0.0
LIVE_BELIEF,PERIODIC_ONLY,Q07_DUP_OOO,CONTROL_FAILURE,LOW,12,VERBOSE_TYPED,12,1.0,14.0,2.0,5.0,0.0,1.0,5.0,0.0,0.0,0.0,46.0,5.0,0.0,0.0,16.0,0.0,0.0
LIVE_BELIEF,PERIODIC_ONLY,Q07_DUP_OOO,POSE_SHIFT,HIGH,4,COMPACT_TYPED,12,1.0,7.0,1.0,2.0,0.0,1.0,1.0,0.0,0.0,0.0,19.0,2.0,2.0,322.0,5.0,0.0,0.0
LIVE_BELIEF,PERIODIC_ONLY,Q07_DUP_OOO,POSE_SHIFT,HIGH,4,VERBOSE_TYPED,12,1.0,7.0,1.0,2.0,0.0,1.0,1.0,0.0,0.0,0.0,28.0,2.0,2.0,324.0,5.0,0.0,0.0
LIVE_BELIEF,PERIODIC_ONLY,Q07_DUP_OOO,POSE_SHIFT,HIGH,8,COMPACT_TYPED,12,1.0,10.0,2.0,4.0,0.0,1.0,3.0,0.0,0.0,0.0,32.0,4.0,1.0,161.0,6.0,0.0,0.0
LIVE_BELIEF,PERIODIC_ONLY,Q07_DUP_OOO,POSE_SHIFT,HIGH,8,VERBOSE_TYPED,12,1.0,10.0,2.0,4.0,0.0,1.0,3.0,0.0,0.0,0.0,41.0,4.0,1.0,162.0,6.0,0.0,0.0
LIVE_BELIEF,PERIODIC_ONLY,Q07_DUP_OOO,POSE_SHIFT,HIGH,12,COMPACT_TYPED,12,0.0,5.0,11.0,5.0,0.0,1.0,5.0,0.0,0.0,0.0,55.0,5.0,0.0,0.0,16.0,0.0,0.0
LIVE_BELIEF,PERIODIC_ONLY,Q07_DUP_OOO,POSE_SHIFT,HIGH,12,VERBOSE_TYPED,12,0.0,5.0,11.0,5.0,0.0,1.0,5.0,0.0,0.0,0.0,64.0,5.0,0.0,0.0,16.0,0.0,0.0
LIVE_BELIEF,PERIODIC_ONLY,Q07_DUP_OOO,POSE_SHIFT,LOW,4,COMPACT_TYPED,12,1.0,7.0,1.0,2.0,0.0,1.0,1.0,0.0,0.0,0.0,19.0,2.0,2.0,322.0,5.0,0.0,0.0
LIVE_BELIEF,PERIODIC_ONLY,Q07_DUP_OOO,POSE_SHIFT,LOW,4,VERBOSE_TYPED,12,1.0,7.0,1.0,2.0,0.0,1.0,1.0,0.0,0.0,0.0,28.0,2.0,2.0,324.0,5.0,0.0,0.0
LIVE_BELIEF,PERIODIC_ONLY,Q07_DUP_OOO,POSE_SHIFT,LOW,8,COMPACT_TYPED,12,1.0,10.0,2.0,4.0,0.0,1.0,3.0,0.0,0.0,0.0,32.0,4.0,1.0,161.0,6.0,0.0,0.0
LIVE_BELIEF,PERIODIC_ONLY,Q07_DUP_OOO,POSE_SHIFT,LOW,8,VERBOSE_TYPED,12,1.0,10.0,2.0,4.0,0.0,1.0,3.0,0.0,0.0,0.0,41.0,4.0,1.0,162.0,6.0,0.0,0.0
LIVE_BELIEF,PERIODIC_ONLY,Q07_DUP_OOO,POSE_SHIFT,LOW,12,COMPACT_TYPED,12,0.0,5.0,11.0,5.0,0.0,1.0,5.0,0.0,0.0,0.0,55.0,5.0,0.0,0.0,16.0,0.0,0.0
LIVE_BELIEF,PERIODIC_ONLY,Q07_DUP_OOO,POSE_SHIFT,LOW,12,VERBOSE_TYPED,12,0.0,5.0,11.0,5.0,0.0,1.0,5.0,0.0,0.0,0.0,64.0,5.0,0.0,0.0,16.0,0.0,0.0
LIVE_BELIEF,PERIODIC_ONLY,Q07_DUP_OOO,RESTRICTION_CHANGE,HIGH,4,COMPACT_TYPED,12,1.0,7.0,1.0,2.0,0.0,1.0,1.0,1.0,0.0,0.0,19.0,2.0,2.0,328.0,5.0,0.0,0.0
LIVE_BELIEF,PERIODIC_ONLY,Q07_DUP_OOO,RESTRICTION_CHANGE,HIGH,4,VERBOSE_TYPED,12,1.0,7.0,1.0,2.0,0.0,1.0,1.0,1.0,0.0,0.0,28.0,2.0,2.0,330.0,5.0,0.0,0.0
LIVE_BELIEF,PERIODIC_ONLY,Q07_DUP_OOO,RESTRICTION_CHANGE,HIGH,8,COMPACT_TYPED,12,1.0,10.0,2.0,4.0,0.0,1.0,3.0,1.0,0.0,0.0,32.0,4.0,1.0,164.0,6.0,0.0,0.0
LIVE_BELIEF,PERIODIC_ONLY,Q07_DUP_OOO,RESTRICTION_CHANGE,HIGH,8,VERBOSE_TYPED,12,1.0,10.0,2.0,4.0,0.0,1.0,3.0,1.0,0.0,0.0,41.0,4.0,1.0,165.0,6.0,0.0,0.0
LIVE_BELIEF,PERIODIC_ONLY,Q07_DUP_OOO,RESTRICTION_CHANGE,HIGH,12,COMPACT_TYPED,12,0.0,5.0,11.0,5.0,0.0,1.0,5.0,0.0,0.0,0.0,55.0,5.0,0.0,0.0,16.0,0.0,0.0
LIVE_BELIEF,PERIODIC_ONLY,Q07_DUP_OOO,RESTRICTION_CHANGE,HIGH,12,VERBOSE_TYPED,12,0.0,5.0,11.0,5.0,0.0,1.0,5.0,0.0,0.0,0.0,64.0,5.0,0.0,0.0,16.0,0.0,0.0
LIVE_BELIEF,PERIODIC_ONLY,Q07_DUP_OOO,RESTRICTION_CHANGE,LOW,4,COMPACT_TYPED,12,1.0,7.0,1.0,2.0,0.0,1.0,1.0,1.0,0.0,0.0,19.0,2.0,2.0,328.0,5.0,0.0,0.0
LIVE_BELIEF,PERIODIC_ONLY,Q07_DUP_OOO,RESTRICTION_CHANGE,LOW,4,VERBOSE_TYPED,12,1.0,7.0,1.0,2.0,0.0,1.0,1.0,1.0,0.0,0.0,28.0,2.0,2.0,330.0,5.0,0.0,0.0
LIVE_BELIEF,PERIODIC_ONLY,Q07_DUP_OOO,RESTRICTION_CHANGE,LOW,8,COMPACT_TYPED,12,1.0,10.0,2.0,4.0,0.0,1.0,3.0,1.0,0.0,0.0,32.0,4.0,1.0,164.0,6.0,0.0,0.0
LIVE_BELIEF,PERIODIC_ONLY,Q07_DUP_OOO,RESTRICTION_CHANGE,LOW,8,VERBOSE_TYPED,12,1.0,10.0,2.0,4.0,0.0,1.0,3.0,1.0,0.0,0.0,41.0,4.0,1.0,165.0,6.0,0.0,0.0
LIVE_BELIEF,PERIODIC_ONLY,Q07_DUP_OOO,RESTRICTION_CHANGE,LOW,12,COMPACT_TYPED,12,0.0,5.0,11.0,5.0,0.0,1.0,5.0,0.0,0.0,0.0,55.0,5.0,0.0,0.0,16.0,0.0,0.0
LIVE_BELIEF,PERIODIC_ONLY,Q07_DUP_OOO,RESTRICTION_CHANGE,LOW,12,VERBOSE_TYPED,12,0.0,5.0,11.0,5.0,0.0,1.0,5.0,0.0,0.0,0.0,64.0,5.0,0.0,0.0,16.0,0.0,0.0
LIVE_BELIEF,PERIODIC_ONLY,Q08_GUARDED,AVAILABILITY_LOSS,HIGH,4,COMPACT_TYPED,12,0.5,4.0,4.0,2.0,0.0,1.0,1.5,0.5,0.0,0.0,22.5,2.0,0.5,83.5,6.5,0.0,0.0
LIVE_BELIEF,PERIODIC_ONLY,Q08_GUARDED,AVAILABILITY_LOSS,HIGH,4,VERBOSE_TYPED,12,0.5,4.0,4.0,2.0,0.0,1.0,1.5,0.5,0.0,0.0,28.5,2.0,0.5,84.0,6.5,0.0,0.0
LIVE_BELIEF,PERIODIC_ONLY,Q08_GUARDED,AVAILABILITY_LOSS,HIGH,8,COMPACT_TYPED,12,0.75,8.25,3.75,4.0,0.0,1.0,3.25,0.75,0.0,0.0,34.75,4.0,0.75,125.25,7.5,0.0,0.0
LIVE_BELIEF,PERIODIC_ONLY,Q08_GUARDED,AVAILABILITY_LOSS,HIGH,8,VERBOSE_TYPED,12,0.75,8.25,3.75,4.0,0.0,1.0,3.25,0.75,0.0,0.0,42.25,4.0,0.75,126.0,7.5,0.0,0.0
LIVE_BELIEF,PERIODIC_ONLY,Q08_GUARDED,AVAILABILITY_LOSS,HIGH,12,COMPACT_TYPED,12,0.0,5.0,11.0,5.0,0.0,1.0,5.0,0.0,0.0,0.0,55.666667,5.0,1.0,166.0,10.0,0.0,0.0
LIVE_BELIEF,PERIODIC_ONLY,Q08_GUARDED,AVAILABILITY_LOSS,HIGH,12,VERBOSE_TYPED,12,0.0,5.0,11.0,5.0,0.0,1.0,5.0,0.0,0.0,0.0,63.666667,5.0,1.0,167.0,10.0,0.0,0.0
LIVE_BELIEF,PERIODIC_ONLY,Q08_GUARDED,AVAILABILITY_LOSS,LOW,4,COMPACT_TYPED,12,0.833333,6.0,2.0,2.0,0.0,1.0,1.166667,0.833333,0.0,0.0,19.5,2.0,0.833333,139.166667,5.5,0.0,0.0
LIVE_BELIEF,PERIODIC_ONLY,Q08_GUARDED,AVAILABILITY_LOSS,LOW,4,VERBOSE_TYPED,12,0.833333,6.0,2.0,2.0,0.0,1.0,1.166667,0.833333,0.0,0.0,27.5,2.0,0.833333,140.0,5.5,0.0,0.0
LIVE_BELIEF,PERIODIC_ONLY,Q08_GUARDED,AVAILABILITY_LOSS,LOW,8,COMPACT_TYPED,12,0.75,8.25,3.75,4.0,0.0,1.0,3.25,0.75,0.0,0.0,34.75,4.0,0.75,125.25,7.5,0.0,0.0
LIVE_BELIEF,PERIODIC_ONLY,Q08_GUARDED,AVAILABILITY_LOSS,LOW,8,VERBOSE_TYPED,12,0.75,8.25,3.75,4.0,0.0,1.0,3.25,0.75,0.0,0.0,42.25,4.0,0.75,126.0,7.5,0.0,0.0
LIVE_BELIEF,PERIODIC_ONLY,Q08_GUARDED,AVAILABILITY_LOSS,LOW,12,COMPACT_TYPED,12,0.0,5.0,11.0,5.0,0.0,1.0,5.0,0.0,0.0,0.0,55.5,5.0,1.0,166.0,10.0,0.0,0.0
LIVE_BELIEF,PERIODIC_ONLY,Q08_GUARDED,AVAILABILITY_LOSS,LOW,12,VERBOSE_TYPED,12,0.0,5.0,11.0,5.0,0.0,1.0,5.0,0.0,0.0,0.0,63.0,5.0,1.0,167.0,10.0,0.0,0.0
LIVE_BELIEF,PERIODIC_ONLY,Q08_GUARDED,CONTROL_FAILURE,HIGH,4,COMPACT_TYPED,12,1.0,5.0,3.0,2.0,0.0,1.0,2.0,0.0,0.0,0.0,20.75,2.0,0.583333,96.833333,6.25,0.0,0.0
LIVE_BELIEF,PERIODIC_ONLY,Q08_GUARDED,CONTROL_FAILURE,HIGH,4,VERBOSE_TYPED,12,1.0,5.0,3.0,2.0,0.0,1.0,2.0,0.0,0.0,0.0,27.25,2.0,0.583333,97.416667,6.25,0.0,0.0
LIVE_BELIEF,PERIODIC_ONLY,Q08_GUARDED,CONTROL_FAILURE,HIGH,8,COMPACT_TYPED,12,1.0,9.0,3.0,4.0,0.0,1.0,4.0,0.0,0.0,0.0,33.5,4.0,0.833333,138.333333,7.0,0.0,0.0
LIVE_BELIEF,PERIODIC_ONLY,Q08_GUARDED,CONTROL_FAILURE,HIGH,8,VERBOSE_TYPED,12,1.0,9.0,3.0,4.0,0.0,1.0,4.0,0.0,0.0,0.0,41.5,4.0,0.833333,139.166667,7.0,0.0,0.0
LIVE_BELIEF,PERIODIC_ONLY,Q08_GUARDED,CONTROL_FAILURE,HIGH,12,COMPACT_TYPED,12,1.0,13.0,3.0,5.0,0.0,1.0,5.0,0.0,0.0,0.0,39.5,5.0,1.0,166.0,10.0,0.0,0.0
LIVE_BELIEF,PERIODIC_ONLY,Q08_GUARDED,CONTROL_FAILURE,HIGH,12,VERBOSE_TYPED,12,1.0,13.0,3.0,5.0,0.0,1.0,5.0,0.0,0.0,0.0,47.0,5.0,1.0,167.0,10.0,0.0,0.0
LIVE_BELIEF,PERIODIC_ONLY,Q08_GUARDED,CONTROL_FAILURE,LOW,4,COMPACT_TYPED,12,1.0,6.0,2.0,2.0,0.0,1.0,2.0,0.0,0.0,0.0,19.5,2.0,0.833333,138.333333,5.5,0.0,0.0
LIVE_BELIEF,PERIODIC_ONLY,Q08_GUARDED,CONTROL_FAILURE,LOW,4,VERBOSE_TYPED,12,1.0,6.0,2.0,2.0,0.0,1.0,2.0,0.0,0.0,0.0,27.5,2.0,0.833333,139.166667,5.5,0.0,0.0
LIVE_BELIEF,PERIODIC_ONLY,Q08_GUARDED,CONTROL_FAILURE,LOW,8,COMPACT_TYPED,12,1.0,10.0,2.0,4.0,0.0,1.0,4.0,0.0,0.0,0.0,31.25,4.0,0.75,124.5,7.5,0.0,0.0
LIVE_BELIEF,PERIODIC_ONLY,Q08_GUARDED,CONTROL_FAILURE,LOW,8,VERBOSE_TYPED,12,1.0,10.0,2.0,4.0,0.0,1.0,4.0,0.0,0.0,0.0,38.75,4.0,0.75,125.25,7.5,0.0,0.0
LIVE_BELIEF,PERIODIC_ONLY,Q08_GUARDED,CONTROL_FAILURE,LOW,12,COMPACT_TYPED,12,1.0,14.0,2.0,5.0,0.0,1.0,5.0,0.0,0.0,0.0,37.833333,5.0,1.0,166.0,10.0,0.0,0.0
LIVE_BELIEF,PERIODIC_ONLY,Q08_GUARDED,CONTROL_FAILURE,LOW,12,VERBOSE_TYPED,12,1.0,14.0,2.0,5.0,0.0,1.0,5.0,0.0,0.0,0.0,46.333333,5.0,1.0,167.0,10.0,0.0,0.0
LIVE_BELIEF,PERIODIC_ONLY,Q08_GUARDED,POSE_SHIFT,HIGH,4,COMPACT_TYPED,12,0.583333,4.5,3.5,2.0,0.0,1.0,1.416667,0.0,0.0,0.0,21.75,2.0,0.583333,93.916667,6.25,0.0,0.0
LIVE_BELIEF,PERIODIC_ONLY,Q08_GUARDED,POSE_SHIFT,HIGH,4,VERBOSE_TYPED,12,0.583333,4.5,3.5,2.0,0.0,1.0,1.416667,0.0,0.0,0.0,28.25,2.0,0.583333,94.5,6.25,0.0,0.0
LIVE_BELIEF,PERIODIC_ONLY,Q08_GUARDED,POSE_SHIFT,HIGH,8,COMPACT_TYPED,12,0.75,8.25,3.75,4.0,0.0,1.0,3.25,0.0,0.0,0.0,34.75,4.0,0.75,120.75,7.5,0.0,0.0
LIVE_BELIEF,PERIODIC_ONLY,Q08_GUARDED,POSE_SHIFT,HIGH,8,VERBOSE_TYPED,12,0.75,8.25,3.75,4.0,0.0,1.0,3.25,0.0,0.0,0.0,42.25,4.0,0.75,121.5,7.5,0.0,0.0
LIVE_BELIEF,PERIODIC_ONLY,Q08_GUARDED,POSE_SHIFT,HIGH,12,COMPACT_TYPED,12,0.0,5.0,11.0,5.0,0.0,1.0,5.0,0.0,0.0,0.0,55.333333,5.0,1.0,166.0,10.0,0.0,0.0
LIVE_BELIEF,PERIODIC_ONLY,Q08_GUARDED,POSE_SHIFT,HIGH,12,VERBOSE_TYPED,12,0.0,5.0,11.0,5.0,0.0,1.0,5.0,0.0,0.0,0.0,62.333333,5.0,1.0,167.0,10.0,0.0,0.0
LIVE_BELIEF,PERIODIC_ONLY,Q08_GUARDED,POSE_SHIFT,LOW,4,COMPACT_TYPED,12,0.75,5.5,2.5,2.0,0.0,1.0,1.25,0.0,0.0,0.0,20.25,2.0,0.75,120.75,5.75,0.0,0.0
LIVE_BELIEF,PERIODIC_ONLY,Q08_GUARDED,POSE_SHIFT,LOW,4,VERBOSE_TYPED,12,0.75,5.5,2.5,2.0,0.0,1.0,1.25,0.0,0.0,0.0,27.75,2.0,0.75,121.5,5.75,0.0,0.0
LIVE_BELIEF,PERIODIC_ONLY,Q08_GUARDED,POSE_SHIFT,LOW,8,COMPACT_TYPED,12,0.833333,8.833333,3.166667,4.0,0.0,1.0,3.166667,0.0,0.0,0.0,33.833333,4.0,0.833333,134.166667,7.0,0.0,0.0
LIVE_BELIEF,PERIODIC_ONLY,Q08_GUARDED,POSE_SHIFT,LOW,8,VERBOSE_TYPED,12,0.833333,8.833333,3.166667,4.0,0.0,1.0,3.166667,0.0,0.0,0.0,41.833333,4.0,0.833333,135.0,7.0,0.0,0.0
LIVE_BELIEF,PERIODIC_ONLY,Q08_GUARDED,POSE_SHIFT,LOW,12,COMPACT_TYPED,12,0.0,5.0,11.0,5.0,0.0,1.0,5.0,0.0,0.0,0.0,55.333333,5.0,1.0,166.0,10.0,0.0,0.0
LIVE_BELIEF,PERIODIC_ONLY,Q08_GUARDED,POSE_SHIFT,LOW,12,VERBOSE_TYPED,12,0.0,5.0,11.0,5.0,0.0,1.0,5.0,0.0,0.0,0.0,62.333333,5.0,1.0,167.0,10.0,0.0,0.0
LIVE_BELIEF,PERIODIC_ONLY,Q08_GUARDED,RESTRICTION_CHANGE,HIGH,4,COMPACT_TYPED,12,0.666667,5.0,3.0,2.0,0.0,1.0,1.333333,0.666667,0.0,0.0,21.0,2.0,0.666667,109.333333,6.0,0.0,0.0
LIVE_BELIEF,PERIODIC_ONLY,Q08_GUARDED,RESTRICTION_CHANGE,HIGH,4,VERBOSE_TYPED,12,0.666667,5.0,3.0,2.0,0.0,1.0,1.333333,0.666667,0.0,0.0,28.0,2.0,0.666667,110.0,6.0,0.0,0.0
LIVE_BELIEF,PERIODIC_ONLY,Q08_GUARDED,RESTRICTION_CHANGE,HIGH,8,COMPACT_TYPED,12,0.833333,8.833333,3.166667,4.0,0.0,1.0,3.166667,0.833333,0.0,0.0,33.833333,4.0,0.833333,136.666667,7.0,0.0,0.0
LIVE_BELIEF,PERIODIC_ONLY,Q08_GUARDED,RESTRICTION_CHANGE,HIGH,8,VERBOSE_TYPED,12,0.833333,8.833333,3.166667,4.0,0.0,1.0,3.166667,0.833333,0.0,0.0,41.833333,4.0,0.833333,137.5,7.0,0.0,0.0
LIVE_BELIEF,PERIODIC_ONLY,Q08_GUARDED,RESTRICTION_CHANGE,HIGH,12,COMPACT_TYPED,12,0.0,5.0,11.0,5.0,0.0,1.0,5.0,0.0,0.0,0.0,55.666667,5.0,1.0,166.0,10.0,0.0,0.0
LIVE_BELIEF,PERIODIC_ONLY,Q08_GUARDED,RESTRICTION_CHANGE,HIGH,12,VERBOSE_TYPED,12,0.0,5.0,11.0,5.0,0.0,1.0,5.0,0.0,0.0,0.0,63.666667,5.0,1.0,167.0,10.0,0.0,0.0
LIVE_BELIEF,PERIODIC_ONLY,Q08_GUARDED,RESTRICTION_CHANGE,LOW,4,COMPACT_TYPED,12,0.833333,6.0,2.0,2.0,0.0,1.0,1.166667,0.833333,0.0,0.0,19.5,2.0,0.833333,136.666667,5.5,0.0,0.0
LIVE_BELIEF,PERIODIC_ONLY,Q08_GUARDED,RESTRICTION_CHANGE,LOW,4,VERBOSE_TYPED,12,0.833333,6.0,2.0,2.0,0.0,1.0,1.166667,0.833333,0.0,0.0,27.5,2.0,0.833333,137.5,5.5,0.0,0.0
LIVE_BELIEF,PERIODIC_ONLY,Q08_GUARDED,RESTRICTION_CHANGE,LOW,8,COMPACT_TYPED,12,0.833333,8.833333,3.166667,4.0,0.0,1.0,3.166667,0.833333,0.0,0.0,33.833333,4.0,0.833333,136.666667,7.0,0.0,0.0
LIVE_BELIEF,PERIODIC_ONLY,Q08_GUARDED,RESTRICTION_CHANGE,LOW,8,VERBOSE_TYPED,12,0.833333,8.833333,3.166667,4.0,0.0,1.0,3.166667,0.833333,0.0,0.0,41.833333,4.0,0.833333,137.5,7.0,0.0,0.0
LIVE_BELIEF,PERIODIC_ONLY,Q08_GUARDED,RESTRICTION_CHANGE,LOW,12,COMPACT_TYPED,12,0.0,5.0,11.0,5.0,0.0,1.0,5.0,0.0,0.0,0.0,55.666667,5.0,1.0,166.0,10.0,0.0,0.0
LIVE_BELIEF,PERIODIC_ONLY,Q08_GUARDED,RESTRICTION_CHANGE,LOW,12,VERBOSE_TYPED,12,0.0,5.0,11.0,5.0,0.0,1.0,5.0,0.0,0.0,0.0,63.666667,5.0,1.0,167.0,10.0,0.0,0.0
LIVE_BELIEF,PERIODIC_ONLY,Q09_HOSTILE,AVAILABILITY_LOSS,HIGH,4,COMPACT_TYPED,12,0.0,1.0,7.0,1.0,0.0,1.0,1.0,0.0,0.0,0.0,24.5,1.0,1.0,166.0,5.0,0.0,0.0
LIVE_BELIEF,PERIODIC_ONLY,Q09_HOSTILE,AVAILABILITY_LOSS,HIGH,4,VERBOSE_TYPED,12,0.0,1.0,7.0,1.0,0.0,1.0,1.0,0.0,0.0,0.0,35.0,1.0,1.0,167.0,5.0,0.0,0.0
LIVE_BELIEF,PERIODIC_ONLY,Q09_HOSTILE,AVAILABILITY_LOSS,HIGH,8,COMPACT_TYPED,12,0.0,3.0,9.0,2.0,0.0,1.0,2.0,0.0,0.0,0.0,34.75,2.0,0.0,0.0,12.0,0.0,0.0
LIVE_BELIEF,PERIODIC_ONLY,Q09_HOSTILE,AVAILABILITY_LOSS,HIGH,8,VERBOSE_TYPED,12,0.0,3.0,9.0,2.0,0.0,1.0,2.0,0.0,0.0,0.0,49.0,2.0,0.0,0.0,12.0,0.0,0.0
LIVE_BELIEF,PERIODIC_ONLY,Q09_HOSTILE,AVAILABILITY_LOSS,HIGH,12,COMPACT_TYPED,12,0.75,11.0,5.0,3.0,0.0,1.0,2.25,0.75,0.0,0.0,34.75,3.0,1.5,250.5,9.25,0.0,0.0
LIVE_BELIEF,PERIODIC_ONLY,Q09_HOSTILE,AVAILABILITY_LOSS,HIGH,12,VERBOSE_TYPED,12,0.75,11.0,5.0,3.0,0.0,1.0,2.25,0.75,0.0,0.0,50.5,3.0,1.5,252.0,9.25,0.0,0.0
LIVE_BELIEF,PERIODIC_ONLY,Q09_HOSTILE,AVAILABILITY_LOSS,LOW,4,COMPACT_TYPED,12,0.0,1.0,7.0,1.0,0.0,1.0,1.0,0.0,0.0,0.0,25.75,1.0,1.0,166.0,5.0,0.0,0.0
LIVE_BELIEF,PERIODIC_ONLY,Q09_HOSTILE,AVAILABILITY_LOSS,LOW,4,VERBOSE_TYPED,12,0.0,1.0,7.0,1.0,0.0,1.0,1.0,0.0,0.0,0.0,40.0,1.0,1.0,167.0,5.0,0.0,0.0
LIVE_BELIEF,PERIODIC_ONLY,Q09_HOSTILE,AVAILABILITY_LOSS,LOW,8,COMPACT_TYPED,12,0.0,3.0,9.0,2.0,0.0,1.0,2.0,0.0,0.0,0.0,34.75,2.0,0.0,0.0,12.0,0.0,0.0
LIVE_BELIEF,PERIODIC_ONLY,Q09_HOSTILE,AVAILABILITY_LOSS,LOW,8,VERBOSE_TYPED,12,0.0,3.0,9.0,2.0,0.0,1.0,2.0,0.0,0.0,0.0,49.0,2.0,0.0,0.0,12.0,0.0,0.0
LIVE_BELIEF,PERIODIC_ONLY,Q09_HOSTILE,AVAILABILITY_LOSS,LOW,12,COMPACT_TYPED,12,0.416667,8.333333,7.666667,3.0,0.0,1.0,2.583333,0.416667,0.0,0.0,38.416667,3.0,0.833333,139.166667,12.25,0.0,0.0
LIVE_BELIEF,PERIODIC_ONLY,Q09_HOSTILE,AVAILABILITY_LOSS,LOW,12,VERBOSE_TYPED,12,0.416667,8.333333,7.666667,3.0,0.0,1.0,2.583333,0.416667,0.0,0.0,51.166667,3.0,0.833333,140.0,12.25,0.0,0.0
LIVE_BELIEF,PERIODIC_ONLY,Q09_HOSTILE,CONTROL_FAILURE,HIGH,4,COMPACT_TYPED,12,1.0,5.0,3.0,1.0,0.0,1.0,1.0,0.0,0.0,0.0,17.5,1.0,1.0,166.0,5.0,0.0,0.0
LIVE_BELIEF,PERIODIC_ONLY,Q09_HOSTILE,CONTROL_FAILURE,HIGH,4,VERBOSE_TYPED,12,1.0,5.0,3.0,1.0,0.0,1.0,1.0,0.0,0.0,0.0,31.0,1.0,1.0,167.0,5.0,0.0,0.0
LIVE_BELIEF,PERIODIC_ONLY,Q09_HOSTILE,CONTROL_FAILURE,HIGH,8,COMPACT_TYPED,12,1.0,9.0,3.0,2.0,0.0,1.0,2.0,0.0,0.0,0.0,22.5,2.0,0.0,0.0,12.0,0.0,0.0
LIVE_BELIEF,PERIODIC_ONLY,Q09_HOSTILE,CONTROL_FAILURE,HIGH,8,VERBOSE_TYPED,12,1.0,9.0,3.0,2.0,0.0,1.0,2.0,0.0,0.0,0.0,36.0,2.0,0.0,0.0,12.0,0.0,0.0
LIVE_BELIEF,PERIODIC_ONLY,Q09_HOSTILE,CONTROL_FAILURE,HIGH,12,COMPACT_TYPED,12,1.0,13.0,3.0,3.0,0.0,1.0,3.0,0.0,0.0,0.0,29.083333,3.0,0.833333,138.333333,12.25,0.0,0.0
LIVE_BELIEF,PERIODIC_ONLY,Q09_HOSTILE,CONTROL_FAILURE,HIGH,12,VERBOSE_TYPED,12,1.0,13.0,3.0,3.0,0.0,1.0,3.0,0.0,0.0,0.0,41.833333,3.0,0.833333,139.166667,12.25,0.0,0.0
LIVE_BELIEF,PERIODIC_ONLY,Q09_HOSTILE,CONTROL_FAILURE,LOW,4,COMPACT_TYPED,12,1.0,6.0,2.0,1.0,0.0,1.0,1.0,0.0,0.0,0.0,15.5,1.0,1.0,166.0,5.0,0.0,0.0
LIVE_BELIEF,PERIODIC_ONLY,Q09_HOSTILE,CONTROL_FAILURE,LOW,4,VERBOSE_TYPED,12,1.0,6.0,2.0,1.0,0.0,1.0,1.0,0.0,0.0,0.0,29.0,1.0,1.0,167.0,5.0,0.0,0.0
LIVE_BELIEF,PERIODIC_ONLY,Q09_HOSTILE,CONTROL_FAILURE,LOW,8,COMPACT_TYPED,12,1.0,10.0,2.0,2.0,0.0,1.0,2.0,0.0,0.0,0.0,21.25,2.0,0.0,0.0,12.0,0.0,0.0
LIVE_BELIEF,PERIODIC_ONLY,Q09_HOSTILE,CONTROL_FAILURE,LOW,8,VERBOSE_TYPED,12,1.0,10.0,2.0,2.0,0.0,1.0,2.0,0.0,0.0,0.0,37.0,2.0,0.0,0.0,12.0,0.0,0.0
LIVE_BELIEF,PERIODIC_ONLY,Q09_HOSTILE,CONTROL_FAILURE,LOW,12,COMPACT_TYPED,12,1.0,14.0,2.0,3.0,0.0,1.0,3.0,0.0,0.0,0.0,27.916667,3.0,1.166667,193.666667,10.75,0.0,0.0
LIVE_BELIEF,PERIODIC_ONLY,Q09_HOSTILE,CONTROL_FAILURE,LOW,12,VERBOSE_TYPED,12,1.0,14.0,2.0,3.0,0.0,1.0,3.0,0.0,0.0,0.0,42.166667,3.0,1.166667,194.833333,10.75,0.0,0.0
LIVE_BELIEF,PERIODIC_ONLY,Q09_HOSTILE,POSE_SHIFT,HIGH,4,COMPACT_TYPED,12,0.0,1.0,7.0,1.0,0.0,1.0,1.0,0.0,0.0,0.0,25.75,1.0,1.0,166.0,5.0,0.0,0.0
LIVE_BELIEF,PERIODIC_ONLY,Q09_HOSTILE,POSE_SHIFT,HIGH,4,VERBOSE_TYPED,12,0.0,1.0,7.0,1.0,0.0,1.0,1.0,0.0,0.0,0.0,40.0,1.0,1.0,167.0,5.0,0.0,0.0
LIVE_BELIEF,PERIODIC_ONLY,Q09_HOSTILE,POSE_SHIFT,HIGH,8,COMPACT_TYPED,12,0.0,3.0,9.0,2.0,0.0,1.0,2.0,0.0,0.0,0.0,34.75,2.0,0.0,0.0,12.0,0.0,0.0
LIVE_BELIEF,PERIODIC_ONLY,Q09_HOSTILE,POSE_SHIFT,HIGH,8,VERBOSE_TYPED,12,0.0,3.0,9.0,2.0,0.0,1.0,2.0,0.0,0.0,0.0,49.0,2.0,0.0,0.0,12.0,0.0,0.0
LIVE_BELIEF,PERIODIC_ONLY,Q09_HOSTILE,POSE_SHIFT,HIGH,12,COMPACT_TYPED,12,0.5,9.0,7.0,3.0,0.0,1.0,2.5,0.0,0.0,0.0,37.5,3.0,1.0,161.0,11.5,0.0,0.0
LIVE_BELIEF,PERIODIC_ONLY,Q09_HOSTILE,POSE_SHIFT,HIGH,12,VERBOSE_TYPED,12,0.5,9.0,7.0,3.0,0.0,1.0,2.5,0.0,0.0,0.0,51.0,3.0,1.0,162.0,11.5,0.0,0.0
LIVE_BELIEF,PERIODIC_ONLY,Q09_HOSTILE,POSE_SHIFT,LOW,4,COMPACT_TYPED,12,0.0,1.0,7.0,1.0,0.0,1.0,1.0,0.0,0.0,0.0,25.75,1.0,1.0,166.0,5.0,0.0,0.0
LIVE_BELIEF,PERIODIC_ONLY,Q09_HOSTILE,POSE_SHIFT,LOW,4,VERBOSE_TYPED,12,0.0,1.0,7.0,1.0,0.0,1.0,1.0,0.0,0.0,0.0,40.0,1.0,1.0,167.0,5.0,0.0,0.0
LIVE_BELIEF,PERIODIC_ONLY,Q09_HOSTILE,POSE_SHIFT,LOW,8,COMPACT_TYPED,12,0.0,3.0,9.0,2.0,0.0,1.0,2.0,0.0,0.0,0.0,34.75,2.0,0.0,0.0,12.0,0.0,0.0
LIVE_BELIEF,PERIODIC_ONLY,Q09_HOSTILE,POSE_SHIFT,LOW,8,VERBOSE_TYPED,12,0.0,3.0,9.0,2.0,0.0,1.0,2.0,0.0,0.0,0.0,49.0,2.0,0.0,0.0,12.0,0.0,0.0
LIVE_BELIEF,PERIODIC_ONLY,Q09_HOSTILE,POSE_SHIFT,LOW,12,COMPACT_TYPED,12,0.333333,7.666667,8.333333,3.0,0.0,1.0,2.666667,0.0,0.0,0.0,39.333333,3.0,0.666667,107.333333,13.0,0.0,0.0
LIVE_BELIEF,PERIODIC_ONLY,Q09_HOSTILE,POSE_SHIFT,LOW,12,VERBOSE_TYPED,12,0.333333,7.666667,8.333333,3.0,0.0,1.0,2.666667,0.0,0.0,0.0,51.333333,3.0,0.666667,108.0,13.0,0.0,0.0
LIVE_BELIEF,PERIODIC_ONLY,Q09_HOSTILE,RESTRICTION_CHANGE,HIGH,4,COMPACT_TYPED,12,0.0,1.0,7.0,1.0,0.0,1.0,1.0,0.0,0.0,0.0,25.25,1.0,1.0,166.0,5.0,0.0,0.0
LIVE_BELIEF,PERIODIC_ONLY,Q09_HOSTILE,RESTRICTION_CHANGE,HIGH,4,VERBOSE_TYPED,12,0.0,1.0,7.0,1.0,0.0,1.0,1.0,0.0,0.0,0.0,38.0,1.0,1.0,167.0,5.0,0.0,0.0
LIVE_BELIEF,PERIODIC_ONLY,Q09_HOSTILE,RESTRICTION_CHANGE,HIGH,8,COMPACT_TYPED,12,0.0,3.0,9.0,2.0,0.0,1.0,2.0,0.0,0.0,0.0,35.0,2.0,0.0,0.0,12.0,0.0,0.0
LIVE_BELIEF,PERIODIC_ONLY,Q09_HOSTILE,RESTRICTION_CHANGE,HIGH,8,VERBOSE_TYPED,12,0.0,3.0,9.0,2.0,0.0,1.0,2.0,0.0,0.0,0.0,50.0,2.0,0.0,0.0,12.0,0.0,0.0
LIVE_BELIEF,PERIODIC_ONLY,Q09_HOSTILE,RESTRICTION_CHANGE,HIGH,12,COMPACT_TYPED,12,0.583333,9.666667,6.333333,3.0,0.0,1.0,2.416667,0.583333,0.0,0.0,36.583333,3.0,1.166667,191.333333,10.75,0.0,0.0
LIVE_BELIEF,PERIODIC_ONLY,Q09_HOSTILE,RESTRICTION_CHANGE,HIGH,12,VERBOSE_TYPED,12,0.583333,9.666667,6.333333,3.0,0.0,1.0,2.416667,0.583333,0.0,0.0,50.833333,3.0,1.166667,192.5,10.75,0.0,0.0
LIVE_BELIEF,PERIODIC_ONLY,Q09_HOSTILE,RESTRICTION_CHANGE,LOW,4,COMPACT_TYPED,12,0.0,1.0,7.0,1.0,0.0,1.0,1.0,0.0,0.0,0.0,25.75,1.0,1.0,166.0,5.0,0.0,0.0
LIVE_BELIEF,PERIODIC_ONLY,Q09_HOSTILE,RESTRICTION_CHANGE,LOW,4,VERBOSE_TYPED,12,0.0,1.0,7.0,1.0,0.0,1.0,1.0,0.0,0.0,0.0,40.0,1.0,1.0,167.0,5.0,0.0,0.0
LIVE_BELIEF,PERIODIC_ONLY,Q09_HOSTILE,RESTRICTION_CHANGE,LOW,8,COMPACT_TYPED,12,0.0,3.0,9.0,2.0,0.0,1.0,2.0,0.0,0.0,0.0,34.75,2.0,0.0,0.0,12.0,0.0,0.0
LIVE_BELIEF,PERIODIC_ONLY,Q09_HOSTILE,RESTRICTION_CHANGE,LOW,8,VERBOSE_TYPED,12,0.0,3.0,9.0,2.0,0.0,1.0,2.0,0.0,0.0,0.0,49.0,2.0,0.0,0.0,12.0,0.0,0.0
LIVE_BELIEF,PERIODIC_ONLY,Q09_HOSTILE,RESTRICTION_CHANGE,LOW,12,COMPACT_TYPED,12,0.75,11.0,5.0,3.0,0.0,1.0,2.25,0.75,0.0,0.0,34.75,3.0,1.5,246.0,9.25,0.0,0.0
LIVE_BELIEF,PERIODIC_ONLY,Q09_HOSTILE,RESTRICTION_CHANGE,LOW,12,VERBOSE_TYPED,12,0.75,11.0,5.0,3.0,0.0,1.0,2.25,0.75,0.0,0.0,50.5,3.0,1.5,247.5,9.25,0.0,0.0
LIVE_EPISODIC,EVENT_DRIVEN,Q00_CLEAN,AVAILABILITY_LOSS,HIGH,4,COMPACT_TYPED,12,1.0,8.0,0.0,1.0,0.0,0.0,0.0,1.0,1.0,1.0,8.0,1.0,1.0,167.0,6.0,1.0,0.0
LIVE_EPISODIC,EVENT_DRIVEN,Q00_CLEAN,AVAILABILITY_LOSS,HIGH,4,VERBOSE_TYPED,12,1.0,8.0,0.0,1.0,0.0,0.0,0.0,1.0,1.0,1.0,11.0,1.0,1.0,168.0,6.0,1.0,0.0
LIVE_EPISODIC,EVENT_DRIVEN,Q00_CLEAN,AVAILABILITY_LOSS,HIGH,8,COMPACT_TYPED,12,1.0,12.0,0.0,1.0,0.0,0.0,0.0,1.0,1.0,1.0,8.0,1.0,1.0,167.0,8.0,1.0,0.0
LIVE_EPISODIC,EVENT_DRIVEN,Q00_CLEAN,AVAILABILITY_LOSS,HIGH,8,VERBOSE_TYPED,12,1.0,12.0,0.0,1.0,0.0,0.0,0.0,1.0,1.0,1.0,11.0,1.0,1.0,168.0,8.0,1.0,0.0
LIVE_EPISODIC,EVENT_DRIVEN,Q00_CLEAN,AVAILABILITY_LOSS,HIGH,12,COMPACT_TYPED,12,1.0,16.0,0.0,1.0,0.0,0.0,0.0,1.0,1.0,1.0,8.0,1.0,1.0,167.0,10.0,1.0,0.0
LIVE_EPISODIC,EVENT_DRIVEN,Q00_CLEAN,AVAILABILITY_LOSS,HIGH,12,VERBOSE_TYPED,12,1.0,16.0,0.0,1.0,0.0,0.0,0.0,1.0,1.0,1.0,11.0,1.0,1.0,168.0,10.0,1.0,0.0
LIVE_EPISODIC,EVENT_DRIVEN,Q00_CLEAN,AVAILABILITY_LOSS,LOW,4,COMPACT_TYPED,12,1.0,8.0,0.0,1.0,0.0,0.0,0.0,1.0,1.0,1.0,8.0,1.0,1.0,167.0,6.0,1.0,0.0
LIVE_EPISODIC,EVENT_DRIVEN,Q00_CLEAN,AVAILABILITY_LOSS,LOW,4,VERBOSE_TYPED,12,1.0,8.0,0.0,1.0,0.0,0.0,0.0,1.0,1.0,1.0,11.0,1.0,1.0,168.0,6.0,1.0,0.0
LIVE_EPISODIC,EVENT_DRIVEN,Q00_CLEAN,AVAILABILITY_LOSS,LOW,8,COMPACT_TYPED,12,1.0,12.0,0.0,1.0,0.0,0.0,0.0,1.0,1.0,1.0,8.0,1.0,1.0,167.0,8.0,1.0,0.0
LIVE_EPISODIC,EVENT_DRIVEN,Q00_CLEAN,AVAILABILITY_LOSS,LOW,8,VERBOSE_TYPED,12,1.0,12.0,0.0,1.0,0.0,0.0,0.0,1.0,1.0,1.0,11.0,1.0,1.0,168.0,8.0,1.0,0.0
LIVE_EPISODIC,EVENT_DRIVEN,Q00_CLEAN,AVAILABILITY_LOSS,LOW,12,COMPACT_TYPED,12,1.0,16.0,0.0,1.0,0.0,0.0,0.0,1.0,1.0,1.0,8.0,1.0,1.0,167.0,10.0,1.0,0.0
LIVE_EPISODIC,EVENT_DRIVEN,Q00_CLEAN,AVAILABILITY_LOSS,LOW,12,VERBOSE_TYPED,12,1.0,16.0,0.0,1.0,0.0,0.0,0.0,1.0,1.0,1.0,11.0,1.0,1.0,168.0,10.0,1.0,0.0
LIVE_EPISODIC,EVENT_DRIVEN,Q00_CLEAN,CONTROL_FAILURE,HIGH,4,COMPACT_TYPED,12,1.0,5.0,3.0,1.0,0.0,0.0,1.0,0.0,1.0,1.0,14.0,1.0,1.0,166.0,6.0,1.0,0.0
LIVE_EPISODIC,EVENT_DRIVEN,Q00_CLEAN,CONTROL_FAILURE,HIGH,4,VERBOSE_TYPED,12,1.0,5.0,3.0,1.0,0.0,0.0,1.0,0.0,1.0,1.0,17.0,1.0,1.0,167.0,6.0,1.0,0.0
LIVE_EPISODIC,EVENT_DRIVEN,Q00_CLEAN,CONTROL_FAILURE,HIGH,8,COMPACT_TYPED,12,1.0,9.0,3.0,1.0,0.0,0.0,1.0,0.0,1.0,1.0,14.0,1.0,1.0,166.0,8.0,1.0,0.0
LIVE_EPISODIC,EVENT_DRIVEN,Q00_CLEAN,CONTROL_FAILURE,HIGH,8,VERBOSE_TYPED,12,1.0,9.0,3.0,1.0,0.0,0.0,1.0,0.0,1.0,1.0,17.0,1.0,1.0,167.0,8.0,1.0,0.0
LIVE_EPISODIC,EVENT_DRIVEN,Q00_CLEAN,CONTROL_FAILURE,HIGH,12,COMPACT_TYPED,12,1.0,13.0,3.0,1.0,0.0,0.0,1.0,0.0,1.0,1.0,14.0,1.0,1.0,166.0,10.0,1.0,0.0
LIVE_EPISODIC,EVENT_DRIVEN,Q00_CLEAN,CONTROL_FAILURE,HIGH,12,VERBOSE_TYPED,12,1.0,13.0,3.0,1.0,0.0,0.0,1.0,0.0,1.0,1.0,17.0,1.0,1.0,167.0,10.0,1.0,0.0
LIVE_EPISODIC,EVENT_DRIVEN,Q00_CLEAN,CONTROL_FAILURE,LOW,4,COMPACT_TYPED,12,1.0,6.0,2.0,1.0,0.0,0.0,1.0,0.0,1.0,1.0,12.0,1.0,1.0,166.0,6.0,1.0,0.0
LIVE_EPISODIC,EVENT_DRIVEN,Q00_CLEAN,CONTROL_FAILURE,LOW,4,VERBOSE_TYPED,12,1.0,6.0,2.0,1.0,0.0,0.0,1.0,0.0,1.0,1.0,15.0,1.0,1.0,167.0,6.0,1.0,0.0
LIVE_EPISODIC,EVENT_DRIVEN,Q00_CLEAN,CONTROL_FAILURE,LOW,8,COMPACT_TYPED,12,1.0,10.0,2.0,1.0,0.0,0.0,1.0,0.0,1.0,1.0,12.0,1.0,1.0,166.0,8.0,1.0,0.0
LIVE_EPISODIC,EVENT_DRIVEN,Q00_CLEAN,CONTROL_FAILURE,LOW,8,VERBOSE_TYPED,12,1.0,10.0,2.0,1.0,0.0,0.0,1.0,0.0,1.0,1.0,15.0,1.0,1.0,167.0,8.0,1.0,0.0
LIVE_EPISODIC,EVENT_DRIVEN,Q00_CLEAN,CONTROL_FAILURE,LOW,12,COMPACT_TYPED,12,1.0,14.0,2.0,1.0,0.0,0.0,1.0,0.0,1.0,1.0,12.0,1.0,1.0,166.0,10.0,1.0,0.0
LIVE_EPISODIC,EVENT_DRIVEN,Q00_CLEAN,CONTROL_FAILURE,LOW,12,VERBOSE_TYPED,12,1.0,14.0,2.0,1.0,0.0,0.0,1.0,0.0,1.0,1.0,15.0,1.0,1.0,167.0,10.0,1.0,0.0
LIVE_EPISODIC,EVENT_DRIVEN,Q00_CLEAN,POSE_SHIFT,HIGH,4,COMPACT_TYPED,12,1.0,8.0,0.0,1.0,0.0,0.0,0.0,0.0,1.0,1.0,8.0,1.0,1.0,161.0,6.0,1.0,0.0
LIVE_EPISODIC,EVENT_DRIVEN,Q00_CLEAN,POSE_SHIFT,HIGH,4,VERBOSE_TYPED,12,1.0,8.0,0.0,1.0,0.0,0.0,0.0,0.0,1.0,1.0,11.0,1.0,1.0,162.0,6.0,1.0,0.0
LIVE_EPISODIC,EVENT_DRIVEN,Q00_CLEAN,POSE_SHIFT,HIGH,8,COMPACT_TYPED,12,1.0,12.0,0.0,1.0,0.0,0.0,0.0,0.0,1.0,1.0,8.0,1.0,1.0,161.0,8.0,1.0,0.0
LIVE_EPISODIC,EVENT_DRIVEN,Q00_CLEAN,POSE_SHIFT,HIGH,8,VERBOSE_TYPED,12,1.0,12.0,0.0,1.0,0.0,0.0,0.0,0.0,1.0,1.0,11.0,1.0,1.0,162.0,8.0,1.0,0.0
LIVE_EPISODIC,EVENT_DRIVEN,Q00_CLEAN,POSE_SHIFT,HIGH,12,COMPACT_TYPED,12,1.0,16.0,0.0,1.0,0.0,0.0,0.0,0.0,1.0,1.0,8.0,1.0,1.0,161.0,10.0,1.0,0.0
LIVE_EPISODIC,EVENT_DRIVEN,Q00_CLEAN,POSE_SHIFT,HIGH,12,VERBOSE_TYPED,12,1.0,16.0,0.0,1.0,0.0,0.0,0.0,0.0,1.0,1.0,11.0,1.0,1.0,162.0,10.0,1.0,0.0
LIVE_EPISODIC,EVENT_DRIVEN,Q00_CLEAN,POSE_SHIFT,LOW,4,COMPACT_TYPED,12,1.0,8.0,0.0,1.0,0.0,0.0,0.0,0.0,1.0,1.0,8.0,1.0,1.0,161.0,6.0,1.0,0.0
LIVE_EPISODIC,EVENT_DRIVEN,Q00_CLEAN,POSE_SHIFT,LOW,4,VERBOSE_TYPED,12,1.0,8.0,0.0,1.0,0.0,0.0,0.0,0.0,1.0,1.0,11.0,1.0,1.0,162.0,6.0,1.0,0.0
LIVE_EPISODIC,EVENT_DRIVEN,Q00_CLEAN,POSE_SHIFT,LOW,8,COMPACT_TYPED,12,1.0,12.0,0.0,1.0,0.0,0.0,0.0,0.0,1.0,1.0,8.0,1.0,1.0,161.0,8.0,1.0,0.0
LIVE_EPISODIC,EVENT_DRIVEN,Q00_CLEAN,POSE_SHIFT,LOW,8,VERBOSE_TYPED,12,1.0,12.0,0.0,1.0,0.0,0.0,0.0,0.0,1.0,1.0,11.0,1.0,1.0,162.0,8.0,1.0,0.0
LIVE_EPISODIC,EVENT_DRIVEN,Q00_CLEAN,POSE_SHIFT,LOW,12,COMPACT_TYPED,12,1.0,16.0,0.0,1.0,0.0,0.0,0.0,0.0,1.0,1.0,8.0,1.0,1.0,161.0,10.0,1.0,0.0
LIVE_EPISODIC,EVENT_DRIVEN,Q00_CLEAN,POSE_SHIFT,LOW,12,VERBOSE_TYPED,12,1.0,16.0,0.0,1.0,0.0,0.0,0.0,0.0,1.0,1.0,11.0,1.0,1.0,162.0,10.0,1.0,0.0
LIVE_EPISODIC,EVENT_DRIVEN,Q00_CLEAN,RESTRICTION_CHANGE,HIGH,4,COMPACT_TYPED,12,1.0,8.0,0.0,1.0,0.0,0.0,0.0,1.0,1.0,1.0,8.0,1.0,1.0,164.0,6.0,1.0,0.0
LIVE_EPISODIC,EVENT_DRIVEN,Q00_CLEAN,RESTRICTION_CHANGE,HIGH,4,VERBOSE_TYPED,12,1.0,8.0,0.0,1.0,0.0,0.0,0.0,1.0,1.0,1.0,11.0,1.0,1.0,165.0,6.0,1.0,0.0
LIVE_EPISODIC,EVENT_DRIVEN,Q00_CLEAN,RESTRICTION_CHANGE,HIGH,8,COMPACT_TYPED,12,1.0,12.0,0.0,1.0,0.0,0.0,0.0,1.0,1.0,1.0,8.0,1.0,1.0,164.0,8.0,1.0,0.0
LIVE_EPISODIC,EVENT_DRIVEN,Q00_CLEAN,RESTRICTION_CHANGE,HIGH,8,VERBOSE_TYPED,12,1.0,12.0,0.0,1.0,0.0,0.0,0.0,1.0,1.0,1.0,11.0,1.0,1.0,165.0,8.0,1.0,0.0
LIVE_EPISODIC,EVENT_DRIVEN,Q00_CLEAN,RESTRICTION_CHANGE,HIGH,12,COMPACT_TYPED,12,1.0,16.0,0.0,1.0,0.0,0.0,0.0,1.0,1.0,1.0,8.0,1.0,1.0,164.0,10.0,1.0,0.0
LIVE_EPISODIC,EVENT_DRIVEN,Q00_CLEAN,RESTRICTION_CHANGE,HIGH,12,VERBOSE_TYPED,12,1.0,16.0,0.0,1.0,0.0,0.0,0.0,1.0,1.0,1.0,11.0,1.0,1.0,165.0,10.0,1.0,0.0
LIVE_EPISODIC,EVENT_DRIVEN,Q00_CLEAN,RESTRICTION_CHANGE,LOW,4,COMPACT_TYPED,12,1.0,8.0,0.0,1.0,0.0,0.0,0.0,1.0,1.0,1.0,8.0,1.0,1.0,164.0,6.0,1.0,0.0
LIVE_EPISODIC,EVENT_DRIVEN,Q00_CLEAN,RESTRICTION_CHANGE,LOW,4,VERBOSE_TYPED,12,1.0,8.0,0.0,1.0,0.0,0.0,0.0,1.0,1.0,1.0,11.0,1.0,1.0,165.0,6.0,1.0,0.0
LIVE_EPISODIC,EVENT_DRIVEN,Q00_CLEAN,RESTRICTION_CHANGE,LOW,8,COMPACT_TYPED,12,1.0,12.0,0.0,1.0,0.0,0.0,0.0,1.0,1.0,1.0,8.0,1.0,1.0,164.0,8.0,1.0,0.0
LIVE_EPISODIC,EVENT_DRIVEN,Q00_CLEAN,RESTRICTION_CHANGE,LOW,8,VERBOSE_TYPED,12,1.0,12.0,0.0,1.0,0.0,0.0,0.0,1.0,1.0,1.0,11.0,1.0,1.0,165.0,8.0,1.0,0.0
LIVE_EPISODIC,EVENT_DRIVEN,Q00_CLEAN,RESTRICTION_CHANGE,LOW,12,COMPACT_TYPED,12,1.0,16.0,0.0,1.0,0.0,0.0,0.0,1.0,1.0,1.0,8.0,1.0,1.0,164.0,10.0,1.0,0.0
LIVE_EPISODIC,EVENT_DRIVEN,Q00_CLEAN,RESTRICTION_CHANGE,LOW,12,VERBOSE_TYPED,12,1.0,16.0,0.0,1.0,0.0,0.0,0.0,1.0,1.0,1.0,11.0,1.0,1.0,165.0,10.0,1.0,0.0
LIVE_EPISODIC,EVENT_DRIVEN,Q01_RECALL75,AVAILABILITY_LOSS,HIGH,4,COMPACT_TYPED,12,0.5,4.5,3.5,0.5,0.0,0.5,0.0,0.5,0.5,0.5,11.0,0.5,0.5,83.5,7.0,0.5,0.0
LIVE_EPISODIC,EVENT_DRIVEN,Q01_RECALL75,AVAILABILITY_LOSS,HIGH,4,VERBOSE_TYPED,12,0.5,4.5,3.5,0.5,0.0,0.5,0.0,0.5,0.5,0.5,12.5,0.5,0.5,84.0,7.0,0.5,0.0
LIVE_EPISODIC,EVENT_DRIVEN,Q01_RECALL75,AVAILABILITY_LOSS,HIGH,8,COMPACT_TYPED,12,0.75,9.75,2.25,0.75,0.0,0.25,0.0,0.75,0.75,0.75,10.5,0.75,0.75,125.25,9.0,0.75,0.0
LIVE_EPISODIC,EVENT_DRIVEN,Q01_RECALL75,AVAILABILITY_LOSS,HIGH,8,VERBOSE_TYPED,12,0.75,9.75,2.25,0.75,0.0,0.25,0.0,0.75,0.75,0.75,12.75,0.75,0.75,126.0,9.0,0.75,0.0
LIVE_EPISODIC,EVENT_DRIVEN,Q01_RECALL75,AVAILABILITY_LOSS,HIGH,12,COMPACT_TYPED,12,0.833333,14.166667,1.833333,0.833333,0.0,0.166667,0.0,0.833333,0.833333,0.833333,10.333333,0.833333,0.833333,139.166667,11.0,0.833333,0.0
LIVE_EPISODIC,EVENT_DRIVEN,Q01_RECALL75,AVAILABILITY_LOSS,HIGH,12,VERBOSE_TYPED,12,0.833333,14.166667,1.833333,0.833333,0.0,0.166667,0.0,0.833333,0.833333,0.833333,12.833333,0.833333,0.833333,140.0,11.0,0.833333,0.0
LIVE_EPISODIC,EVENT_DRIVEN,Q01_RECALL75,AVAILABILITY_LOSS,LOW,4,COMPACT_TYPED,12,0.833333,6.833333,1.166667,0.833333,0.0,0.166667,0.0,0.833333,0.833333,0.833333,9.0,0.833333,0.833333,139.166667,6.333333,0.833333,0.0
LIVE_EPISODIC,EVENT_DRIVEN,Q01_RECALL75,AVAILABILITY_LOSS,LOW,4,VERBOSE_TYPED,12,0.833333,6.833333,1.166667,0.833333,0.0,0.166667,0.0,0.833333,0.833333,0.833333,11.5,0.833333,0.833333,140.0,6.333333,0.833333,0.0
LIVE_EPISODIC,EVENT_DRIVEN,Q01_RECALL75,AVAILABILITY_LOSS,LOW,8,COMPACT_TYPED,12,0.75,9.75,2.25,0.75,0.0,0.25,0.0,0.75,0.75,0.75,10.5,0.75,0.75,125.25,9.0,0.75,0.0
LIVE_EPISODIC,EVENT_DRIVEN,Q01_RECALL75,AVAILABILITY_LOSS,LOW,8,VERBOSE_TYPED,12,0.75,9.75,2.25,0.75,0.0,0.25,0.0,0.75,0.75,0.75,12.75,0.75,0.75,126.0,9.0,0.75,0.0
LIVE_EPISODIC,EVENT_DRIVEN,Q01_RECALL75,AVAILABILITY_LOSS,LOW,12,COMPACT_TYPED,12,0.75,13.25,2.75,0.75,0.0,0.25,0.0,0.75,0.75,0.75,11.5,0.75,0.75,125.25,11.5,0.75,0.0
LIVE_EPISODIC,EVENT_DRIVEN,Q01_RECALL75,AVAILABILITY_LOSS,LOW,12,VERBOSE_TYPED,12,0.75,13.25,2.75,0.75,0.0,0.25,0.0,0.75,0.75,0.75,13.75,0.75,0.75,126.0,11.5,0.75,0.0
LIVE_EPISODIC,EVENT_DRIVEN,Q01_RECALL75,CONTROL_FAILURE,HIGH,4,COMPACT_TYPED,12,1.0,5.0,3.0,0.583333,0.0,0.416667,0.583333,0.0,0.583333,0.583333,10.666667,0.583333,0.583333,96.833333,6.833333,0.583333,0.0
LIVE_EPISODIC,EVENT_DRIVEN,Q01_RECALL75,CONTROL_FAILURE,HIGH,4,VERBOSE_TYPED,12,1.0,5.0,3.0,0.583333,0.0,0.416667,0.583333,0.0,0.583333,0.583333,12.416667,0.583333,0.583333,97.416667,6.833333,0.583333,0.0
LIVE_EPISODIC,EVENT_DRIVEN,Q01_RECALL75,CONTROL_FAILURE,HIGH,8,COMPACT_TYPED,12,1.0,9.0,3.0,0.833333,0.0,0.166667,0.833333,0.0,0.833333,0.833333,12.666667,0.833333,0.833333,138.333333,8.666667,0.833333,0.0
LIVE_EPISODIC,EVENT_DRIVEN,Q01_RECALL75,CONTROL_FAILURE,HIGH,8,VERBOSE_TYPED,12,1.0,9.0,3.0,0.833333,0.0,0.166667,0.833333,0.0,0.833333,0.833333,15.166667,0.833333,0.833333,139.166667,8.666667,0.833333,0.0
LIVE_EPISODIC,EVENT_DRIVEN,Q01_RECALL75,CONTROL_FAILURE,HIGH,12,COMPACT_TYPED,12,1.0,13.0,3.0,0.75,0.0,0.25,0.75,0.0,0.75,0.75,12.0,0.75,0.75,124.5,11.5,0.75,0.0
LIVE_EPISODIC,EVENT_DRIVEN,Q01_RECALL75,CONTROL_FAILURE,HIGH,12,VERBOSE_TYPED,12,1.0,13.0,3.0,0.75,0.0,0.25,0.75,0.0,0.75,0.75,14.25,0.75,0.75,125.25,11.5,0.75,0.0
LIVE_EPISODIC,EVENT_DRIVEN,Q01_RECALL75,CONTROL_FAILURE,LOW,4,COMPACT_TYPED,12,1.0,6.0,2.0,0.833333,0.0,0.166667,0.833333,0.0,0.833333,0.833333,10.666667,0.833333,0.833333,138.333333,6.333333,0.833333,0.0
LIVE_EPISODIC,EVENT_DRIVEN,Q01_RECALL75,CONTROL_FAILURE,LOW,4,VERBOSE_TYPED,12,1.0,6.0,2.0,0.833333,0.0,0.166667,0.833333,0.0,0.833333,0.833333,13.166667,0.833333,0.833333,139.166667,6.333333,0.833333,0.0
LIVE_EPISODIC,EVENT_DRIVEN,Q01_RECALL75,CONTROL_FAILURE,LOW,8,COMPACT_TYPED,12,1.0,10.0,2.0,0.75,0.0,0.25,0.75,0.0,0.75,0.75,10.0,0.75,0.75,124.5,9.0,0.75,0.0
LIVE_EPISODIC,EVENT_DRIVEN,Q01_RECALL75,CONTROL_FAILURE,LOW,8,VERBOSE_TYPED,12,1.0,10.0,2.0,0.75,0.0,0.25,0.75,0.0,0.75,0.75,12.25,0.75,0.75,125.25,9.0,0.75,0.0
LIVE_EPISODIC,EVENT_DRIVEN,Q01_RECALL75,CONTROL_FAILURE,LOW,12,COMPACT_TYPED,12,1.0,14.0,2.0,0.916667,0.0,0.083333,0.916667,0.0,0.916667,0.916667,11.333333,0.916667,0.916667,152.166667,10.5,0.916667,0.0
LIVE_EPISODIC,EVENT_DRIVEN,Q01_RECALL75,CONTROL_FAILURE,LOW,12,VERBOSE_TYPED,12,1.0,14.0,2.0,0.916667,0.0,0.083333,0.916667,0.0,0.916667,0.916667,14.083333,0.916667,0.916667,153.083333,10.5,0.916667,0.0
LIVE_EPISODIC,EVENT_DRIVEN,Q01_RECALL75,POSE_SHIFT,HIGH,4,COMPACT_TYPED,12,0.583333,5.083333,2.916667,0.583333,0.0,0.416667,0.0,0.0,0.583333,0.583333,10.5,0.583333,0.583333,93.916667,6.833333,0.583333,0.0
LIVE_EPISODIC,EVENT_DRIVEN,Q01_RECALL75,POSE_SHIFT,HIGH,4,VERBOSE_TYPED,12,0.583333,5.083333,2.916667,0.583333,0.0,0.416667,0.0,0.0,0.583333,0.583333,12.25,0.583333,0.583333,94.5,6.833333,0.583333,0.0
LIVE_EPISODIC,EVENT_DRIVEN,Q01_RECALL75,POSE_SHIFT,HIGH,8,COMPACT_TYPED,12,0.75,9.75,2.25,0.75,0.0,0.25,0.0,0.0,0.75,0.75,10.5,0.75,0.75,120.75,9.0,0.75,0.0
LIVE_EPISODIC,EVENT_DRIVEN,Q01_RECALL75,POSE_SHIFT,HIGH,8,VERBOSE_TYPED,12,0.75,9.75,2.25,0.75,0.0,0.25,0.0,0.0,0.75,0.75,12.75,0.75,0.75,121.5,9.0,0.75,0.0
LIVE_EPISODIC,EVENT_DRIVEN,Q01_RECALL75,POSE_SHIFT,HIGH,12,COMPACT_TYPED,12,0.666667,12.333333,3.666667,0.666667,0.0,0.333333,0.0,0.0,0.666667,0.666667,12.666667,0.666667,0.666667,107.333333,12.0,0.666667,0.0
LIVE_EPISODIC,EVENT_DRIVEN,Q01_RECALL75,POSE_SHIFT,HIGH,12,VERBOSE_TYPED,12,0.666667,12.333333,3.666667,0.666667,0.0,0.333333,0.0,0.0,0.666667,0.666667,14.666667,0.666667,0.666667,108.0,12.0,0.666667,0.0
LIVE_EPISODIC,EVENT_DRIVEN,Q01_RECALL75,POSE_SHIFT,LOW,4,COMPACT_TYPED,12,0.75,6.25,1.75,0.75,0.0,0.25,0.0,0.0,0.75,0.75,9.5,0.75,0.75,120.75,6.5,0.75,0.0
LIVE_EPISODIC,EVENT_DRIVEN,Q01_RECALL75,POSE_SHIFT,LOW,4,VERBOSE_TYPED,12,0.75,6.25,1.75,0.75,0.0,0.25,0.0,0.0,0.75,0.75,11.75,0.75,0.75,121.5,6.5,0.75,0.0
LIVE_EPISODIC,EVENT_DRIVEN,Q01_RECALL75,POSE_SHIFT,LOW,8,COMPACT_TYPED,12,0.833333,10.5,1.5,0.833333,0.0,0.166667,0.0,0.0,0.833333,0.833333,9.666667,0.833333,0.833333,134.166667,8.666667,0.833333,0.0
LIVE_EPISODIC,EVENT_DRIVEN,Q01_RECALL75,POSE_SHIFT,LOW,8,VERBOSE_TYPED,12,0.833333,10.5,1.5,0.833333,0.0,0.166667,0.0,0.0,0.833333,0.833333,12.166667,0.833333,0.833333,135.0,8.666667,0.833333,0.0
LIVE_EPISODIC,EVENT_DRIVEN,Q01_RECALL75,POSE_SHIFT,LOW,12,COMPACT_TYPED,12,0.666667,12.333333,3.666667,0.666667,0.0,0.333333,0.0,0.0,0.666667,0.666667,12.666667,0.666667,0.666667,107.333333,12.0,0.666667,0.0
LIVE_EPISODIC,EVENT_DRIVEN,Q01_RECALL75,POSE_SHIFT,LOW,12,VERBOSE_TYPED,12,0.666667,12.333333,3.666667,0.666667,0.0,0.333333,0.0,0.0,0.666667,0.666667,14.666667,0.666667,0.666667,108.0,12.0,0.666667,0.0
LIVE_EPISODIC,EVENT_DRIVEN,Q01_RECALL75,RESTRICTION_CHANGE,HIGH,4,COMPACT_TYPED,12,0.666667,5.666667,2.333333,0.666667,0.0,0.333333,0.0,0.666667,0.666667,0.666667,10.0,0.666667,0.666667,109.333333,6.666667,0.666667,0.0
LIVE_EPISODIC,EVENT_DRIVEN,Q01_RECALL75,RESTRICTION_CHANGE,HIGH,4,VERBOSE_TYPED,12,0.666667,5.666667,2.333333,0.666667,0.0,0.333333,0.0,0.666667,0.666667,0.666667,12.0,0.666667,0.666667,110.0,6.666667,0.666667,0.0
LIVE_EPISODIC,EVENT_DRIVEN,Q01_RECALL75,RESTRICTION_CHANGE,HIGH,8,COMPACT_TYPED,12,0.833333,10.5,1.5,0.833333,0.0,0.166667,0.0,0.833333,0.833333,0.833333,9.666667,0.833333,0.833333,136.666667,8.666667,0.833333,0.0
LIVE_EPISODIC,EVENT_DRIVEN,Q01_RECALL75,RESTRICTION_CHANGE,HIGH,8,VERBOSE_TYPED,12,0.833333,10.5,1.5,0.833333,0.0,0.166667,0.0,0.833333,0.833333,0.833333,12.166667,0.833333,0.833333,137.5,8.666667,0.833333,0.0
LIVE_EPISODIC,EVENT_DRIVEN,Q01_RECALL75,RESTRICTION_CHANGE,HIGH,12,COMPACT_TYPED,12,0.833333,14.166667,1.833333,0.833333,0.0,0.166667,0.0,0.833333,0.833333,0.833333,10.333333,0.833333,0.833333,136.666667,11.0,0.833333,0.0
LIVE_EPISODIC,EVENT_DRIVEN,Q01_RECALL75,RESTRICTION_CHANGE,HIGH,12,VERBOSE_TYPED,12,0.833333,14.166667,1.833333,0.833333,0.0,0.166667,0.0,0.833333,0.833333,0.833333,12.833333,0.833333,0.833333,137.5,11.0,0.833333,0.0
LIVE_EPISODIC,EVENT_DRIVEN,Q01_RECALL75,RESTRICTION_CHANGE,LOW,4,COMPACT_TYPED,12,0.833333,6.833333,1.166667,0.833333,0.0,0.166667,0.0,0.833333,0.833333,0.833333,9.0,0.833333,0.833333,136.666667,6.333333,0.833333,0.0
LIVE_EPISODIC,EVENT_DRIVEN,Q01_RECALL75,RESTRICTION_CHANGE,LOW,4,VERBOSE_TYPED,12,0.833333,6.833333,1.166667,0.833333,0.0,0.166667,0.0,0.833333,0.833333,0.833333,11.5,0.833333,0.833333,137.5,6.333333,0.833333,0.0
LIVE_EPISODIC,EVENT_DRIVEN,Q01_RECALL75,RESTRICTION_CHANGE,LOW,8,COMPACT_TYPED,12,0.833333,10.5,1.5,0.833333,0.0,0.166667,0.0,0.833333,0.833333,0.833333,9.666667,0.833333,0.833333,136.666667,8.666667,0.833333,0.0
LIVE_EPISODIC,EVENT_DRIVEN,Q01_RECALL75,RESTRICTION_CHANGE,LOW,8,VERBOSE_TYPED,12,0.833333,10.5,1.5,0.833333,0.0,0.166667,0.0,0.833333,0.833333,0.833333,12.166667,0.833333,0.833333,137.5,8.666667,0.833333,0.0
LIVE_EPISODIC,EVENT_DRIVEN,Q01_RECALL75,RESTRICTION_CHANGE,LOW,12,COMPACT_TYPED,12,0.833333,14.166667,1.833333,0.833333,0.0,0.166667,0.0,0.833333,0.833333,0.833333,10.333333,0.833333,0.833333,136.666667,11.0,0.833333,0.0
LIVE_EPISODIC,EVENT_DRIVEN,Q01_RECALL75,RESTRICTION_CHANGE,LOW,12,VERBOSE_TYPED,12,0.833333,14.166667,1.833333,0.833333,0.0,0.166667,0.0,0.833333,0.833333,0.833333,12.833333,0.833333,0.833333,137.5,11.0,0.833333,0.0
LIVE_EPISODIC,EVENT_DRIVEN,Q02_RECALL50,AVAILABILITY_LOSS,HIGH,4,COMPACT_TYPED,12,0.166667,2.166667,5.833333,0.166667,0.0,0.833333,0.0,0.166667,0.166667,0.166667,13.0,0.166667,0.166667,27.833333,7.666667,0.166667,0.0
LIVE_EPISODIC,EVENT_DRIVEN,Q02_RECALL50,AVAILABILITY_LOSS,HIGH,4,VERBOSE_TYPED,12,0.166667,2.166667,5.833333,0.166667,0.0,0.833333,0.0,0.166667,0.166667,0.166667,13.5,0.166667,0.166667,28.0,7.666667,0.166667,0.0
LIVE_EPISODIC,EVENT_DRIVEN,Q02_RECALL50,AVAILABILITY_LOSS,HIGH,8,COMPACT_TYPED,12,0.583333,8.25,3.75,0.583333,0.0,0.416667,0.0,0.583333,0.583333,0.583333,12.166667,0.583333,0.583333,97.416667,9.666667,0.583333,0.0
LIVE_EPISODIC,EVENT_DRIVEN,Q02_RECALL50,AVAILABILITY_LOSS,HIGH,8,VERBOSE_TYPED,12,0.583333,8.25,3.75,0.583333,0.0,0.416667,0.0,0.583333,0.583333,0.583333,13.916667,0.583333,0.583333,98.0,9.666667,0.583333,0.0
LIVE_EPISODIC,EVENT_DRIVEN,Q02_RECALL50,AVAILABILITY_LOSS,HIGH,12,COMPACT_TYPED,12,0.75,13.25,2.75,0.75,0.0,0.25,0.0,0.75,0.75,0.75,11.5,0.75,0.75,125.25,11.5,0.75,0.0
LIVE_EPISODIC,EVENT_DRIVEN,Q02_RECALL50,AVAILABILITY_LOSS,HIGH,12,VERBOSE_TYPED,12,0.75,13.25,2.75,0.75,0.0,0.25,0.0,0.75,0.75,0.75,13.75,0.75,0.75,126.0,11.5,0.75,0.0
LIVE_EPISODIC,EVENT_DRIVEN,Q02_RECALL50,AVAILABILITY_LOSS,LOW,4,COMPACT_TYPED,12,0.583333,5.083333,2.916667,0.583333,0.0,0.416667,0.0,0.583333,0.583333,0.583333,10.5,0.583333,0.583333,97.416667,6.833333,0.583333,0.0
LIVE_EPISODIC,EVENT_DRIVEN,Q02_RECALL50,AVAILABILITY_LOSS,LOW,4,VERBOSE_TYPED,12,0.583333,5.083333,2.916667,0.583333,0.0,0.416667,0.0,0.583333,0.583333,0.583333,12.25,0.583333,0.583333,98.0,6.833333,0.583333,0.0
LIVE_EPISODIC,EVENT_DRIVEN,Q02_RECALL50,AVAILABILITY_LOSS,LOW,8,COMPACT_TYPED,12,0.583333,8.25,3.75,0.583333,0.0,0.416667,0.0,0.583333,0.583333,0.583333,12.166667,0.583333,0.583333,97.416667,9.666667,0.583333,0.0
LIVE_EPISODIC,EVENT_DRIVEN,Q02_RECALL50,AVAILABILITY_LOSS,LOW,8,VERBOSE_TYPED,12,0.583333,8.25,3.75,0.583333,0.0,0.416667,0.0,0.583333,0.583333,0.583333,13.916667,0.583333,0.583333,98.0,9.666667,0.583333,0.0
LIVE_EPISODIC,EVENT_DRIVEN,Q02_RECALL50,AVAILABILITY_LOSS,LOW,12,COMPACT_TYPED,12,0.416667,9.583333,6.416667,0.416667,0.0,0.583333,0.0,0.416667,0.416667,0.416667,16.166667,0.416667,0.416667,69.583333,13.5,0.416667,0.0
LIVE_EPISODIC,EVENT_DRIVEN,Q02_RECALL50,AVAILABILITY_LOSS,LOW,12,VERBOSE_TYPED,12,0.416667,9.583333,6.416667,0.416667,0.0,0.583333,0.0,0.416667,0.416667,0.416667,17.416667,0.416667,0.416667,70.0,13.5,0.416667,0.0
LIVE_EPISODIC,EVENT_DRIVEN,Q02_RECALL50,CONTROL_FAILURE,HIGH,4,COMPACT_TYPED,12,1.0,5.0,3.0,0.5,0.0,0.5,0.5,0.0,0.5,0.5,10.0,0.5,0.5,83.0,7.0,0.5,0.0
LIVE_EPISODIC,EVENT_DRIVEN,Q02_RECALL50,CONTROL_FAILURE,HIGH,4,VERBOSE_TYPED,12,1.0,5.0,3.0,0.5,0.0,0.5,0.5,0.0,0.5,0.5,11.5,0.5,0.5,83.5,7.0,0.5,0.0
LIVE_EPISODIC,EVENT_DRIVEN,Q02_RECALL50,CONTROL_FAILURE,HIGH,8,COMPACT_TYPED,12,1.0,9.0,3.0,0.5,0.0,0.5,0.5,0.0,0.5,0.5,10.0,0.5,0.5,83.0,10.0,0.5,0.0
LIVE_EPISODIC,EVENT_DRIVEN,Q02_RECALL50,CONTROL_FAILURE,HIGH,8,VERBOSE_TYPED,12,1.0,9.0,3.0,0.5,0.0,0.5,0.5,0.0,0.5,0.5,11.5,0.5,0.5,83.5,10.0,0.5,0.0
LIVE_EPISODIC,EVENT_DRIVEN,Q02_RECALL50,CONTROL_FAILURE,HIGH,12,COMPACT_TYPED,12,1.0,13.0,3.0,0.416667,0.0,0.583333,0.416667,0.0,0.416667,0.416667,9.333333,0.416667,0.416667,69.166667,13.5,0.416667,0.0
LIVE_EPISODIC,EVENT_DRIVEN,Q02_RECALL50,CONTROL_FAILURE,HIGH,12,VERBOSE_TYPED,12,1.0,13.0,3.0,0.416667,0.0,0.583333,0.416667,0.0,0.416667,0.416667,10.583333,0.416667,0.416667,69.583333,13.5,0.416667,0.0
LIVE_EPISODIC,EVENT_DRIVEN,Q02_RECALL50,CONTROL_FAILURE,LOW,4,COMPACT_TYPED,12,1.0,6.0,2.0,0.5,0.0,0.5,0.5,0.0,0.5,0.5,8.0,0.5,0.5,83.0,7.0,0.5,0.0
LIVE_EPISODIC,EVENT_DRIVEN,Q02_RECALL50,CONTROL_FAILURE,LOW,4,VERBOSE_TYPED,12,1.0,6.0,2.0,0.5,0.0,0.5,0.5,0.0,0.5,0.5,9.5,0.5,0.5,83.5,7.0,0.5,0.0
LIVE_EPISODIC,EVENT_DRIVEN,Q02_RECALL50,CONTROL_FAILURE,LOW,8,COMPACT_TYPED,12,1.0,10.0,2.0,0.75,0.0,0.25,0.75,0.0,0.75,0.75,10.0,0.75,0.75,124.5,9.0,0.75,0.0
LIVE_EPISODIC,EVENT_DRIVEN,Q02_RECALL50,CONTROL_FAILURE,LOW,8,VERBOSE_TYPED,12,1.0,10.0,2.0,0.75,0.0,0.25,0.75,0.0,0.75,0.75,12.25,0.75,0.75,125.25,9.0,0.75,0.0
LIVE_EPISODIC,EVENT_DRIVEN,Q02_RECALL50,CONTROL_FAILURE,LOW,12,COMPACT_TYPED,12,1.0,14.0,2.0,0.583333,0.0,0.416667,0.583333,0.0,0.583333,0.583333,8.666667,0.583333,0.583333,96.833333,12.5,0.583333,0.0
LIVE_EPISODIC,EVENT_DRIVEN,Q02_RECALL50,CONTROL_FAILURE,LOW,12,VERBOSE_TYPED,12,1.0,14.0,2.0,0.583333,0.0,0.416667,0.583333,0.0,0.583333,0.583333,10.416667,0.583333,0.583333,97.416667,12.5,0.583333,0.0
LIVE_EPISODIC,EVENT_DRIVEN,Q02_RECALL50,POSE_SHIFT,HIGH,4,COMPACT_TYPED,12,0.583333,5.083333,2.916667,0.583333,0.0,0.416667,0.0,0.0,0.583333,0.583333,10.5,0.583333,0.583333,93.916667,6.833333,0.583333,0.0
LIVE_EPISODIC,EVENT_DRIVEN,Q02_RECALL50,POSE_SHIFT,HIGH,4,VERBOSE_TYPED,12,0.583333,5.083333,2.916667,0.583333,0.0,0.416667,0.0,0.0,0.583333,0.583333,12.25,0.583333,0.583333,94.5,6.833333,0.583333,0.0
LIVE_EPISODIC,EVENT_DRIVEN,Q02_RECALL50,POSE_SHIFT,HIGH,8,COMPACT_TYPED,12,0.583333,8.25,3.75,0.583333,0.0,0.416667,0.0,0.0,0.583333,0.583333,12.166667,0.583333,0.583333,93.916667,9.666667,0.583333,0.0
LIVE_EPISODIC,EVENT_DRIVEN,Q02_RECALL50,POSE_SHIFT,HIGH,8,VERBOSE_TYPED,12,0.583333,8.25,3.75,0.583333,0.0,0.416667,0.0,0.0,0.583333,0.583333,13.916667,0.583333,0.583333,94.5,9.666667,0.583333,0.0
LIVE_EPISODIC,EVENT_DRIVEN,Q02_RECALL50,POSE_SHIFT,HIGH,12,COMPACT_TYPED,12,0.5,10.5,5.5,0.5,0.0,0.5,0.0,0.0,0.5,0.5,15.0,0.5,0.5,80.5,13.0,0.5,0.0
LIVE_EPISODIC,EVENT_DRIVEN,Q02_RECALL50,POSE_SHIFT,HIGH,12,VERBOSE_TYPED,12,0.5,10.5,5.5,0.5,0.0,0.5,0.0,0.0,0.5,0.5,16.5,0.5,0.5,81.0,13.0,0.5,0.0
LIVE_EPISODIC,EVENT_DRIVEN,Q02_RECALL50,POSE_SHIFT,LOW,4,COMPACT_TYPED,12,0.583333,5.083333,2.916667,0.583333,0.0,0.416667,0.0,0.0,0.583333,0.583333,10.5,0.583333,0.583333,93.916667,6.833333,0.583333,0.0
LIVE_EPISODIC,EVENT_DRIVEN,Q02_RECALL50,POSE_SHIFT,LOW,4,VERBOSE_TYPED,12,0.583333,5.083333,2.916667,0.583333,0.0,0.416667,0.0,0.0,0.583333,0.583333,12.25,0.583333,0.583333,94.5,6.833333,0.583333,0.0
LIVE_EPISODIC,EVENT_DRIVEN,Q02_RECALL50,POSE_SHIFT,LOW,8,COMPACT_TYPED,12,0.583333,8.25,3.75,0.583333,0.0,0.416667,0.0,0.0,0.583333,0.583333,12.166667,0.583333,0.583333,93.916667,9.666667,0.583333,0.0
LIVE_EPISODIC,EVENT_DRIVEN,Q02_RECALL50,POSE_SHIFT,LOW,8,VERBOSE_TYPED,12,0.583333,8.25,3.75,0.583333,0.0,0.416667,0.0,0.0,0.583333,0.583333,13.916667,0.583333,0.583333,94.5,9.666667,0.583333,0.0
LIVE_EPISODIC,EVENT_DRIVEN,Q02_RECALL50,POSE_SHIFT,LOW,12,COMPACT_TYPED,12,0.333333,8.666667,7.333333,0.333333,0.0,0.666667,0.0,0.0,0.333333,0.333333,17.333333,0.333333,0.333333,53.666667,14.0,0.333333,0.0
LIVE_EPISODIC,EVENT_DRIVEN,Q02_RECALL50,POSE_SHIFT,LOW,12,VERBOSE_TYPED,12,0.333333,8.666667,7.333333,0.333333,0.0,0.666667,0.0,0.0,0.333333,0.333333,18.333333,0.333333,0.333333,54.0,14.0,0.333333,0.0
LIVE_EPISODIC,EVENT_DRIVEN,Q02_RECALL50,RESTRICTION_CHANGE,HIGH,4,COMPACT_TYPED,12,0.416667,3.916667,4.083333,0.416667,0.0,0.583333,0.0,0.416667,0.416667,0.416667,11.5,0.416667,0.416667,68.333333,7.166667,0.416667,0.0
LIVE_EPISODIC,EVENT_DRIVEN,Q02_RECALL50,RESTRICTION_CHANGE,HIGH,4,VERBOSE_TYPED,12,0.416667,3.916667,4.083333,0.416667,0.0,0.583333,0.0,0.416667,0.416667,0.416667,12.75,0.416667,0.416667,68.75,7.166667,0.416667,0.0
LIVE_EPISODIC,EVENT_DRIVEN,Q02_RECALL50,RESTRICTION_CHANGE,HIGH,8,COMPACT_TYPED,12,0.666667,9.0,3.0,0.666667,0.0,0.333333,0.0,0.666667,0.666667,0.666667,11.333333,0.666667,0.666667,109.333333,9.333333,0.666667,0.0
LIVE_EPISODIC,EVENT_DRIVEN,Q02_RECALL50,RESTRICTION_CHANGE,HIGH,8,VERBOSE_TYPED,12,0.666667,9.0,3.0,0.666667,0.0,0.333333,0.0,0.666667,0.666667,0.666667,13.333333,0.666667,0.666667,110.0,9.333333,0.666667,0.0
LIVE_EPISODIC,EVENT_DRIVEN,Q02_RECALL50,RESTRICTION_CHANGE,HIGH,12,COMPACT_TYPED,12,0.583333,11.416667,4.583333,0.583333,0.0,0.416667,0.0,0.583333,0.583333,0.583333,13.833333,0.583333,0.583333,95.666667,12.5,0.583333,0.0
LIVE_EPISODIC,EVENT_DRIVEN,Q02_RECALL50,RESTRICTION_CHANGE,HIGH,12,VERBOSE_TYPED,12,0.583333,11.416667,4.583333,0.583333,0.0,0.416667,0.0,0.583333,0.583333,0.583333,15.583333,0.583333,0.583333,96.25,12.5,0.583333,0.0
LIVE_EPISODIC,EVENT_DRIVEN,Q02_RECALL50,RESTRICTION_CHANGE,LOW,4,COMPACT_TYPED,12,0.583333,5.083333,2.916667,0.583333,0.0,0.416667,0.0,0.583333,0.583333,0.583333,10.5,0.583333,0.583333,95.666667,6.833333,0.583333,0.0
LIVE_EPISODIC,EVENT_DRIVEN,Q02_RECALL50,RESTRICTION_CHANGE,LOW,4,VERBOSE_TYPED,12,0.583333,5.083333,2.916667,0.583333,0.0,0.416667,0.0,0.583333,0.583333,0.583333,12.25,0.583333,0.583333,96.25,6.833333,0.583333,0.0
LIVE_EPISODIC,EVENT_DRIVEN,Q02_RECALL50,RESTRICTION_CHANGE,LOW,8,COMPACT_TYPED,12,0.583333,8.25,3.75,0.583333,0.0,0.416667,0.0,0.583333,0.583333,0.583333,12.166667,0.583333,0.583333,95.666667,9.666667,0.583333,0.0
LIVE_EPISODIC,EVENT_DRIVEN,Q02_RECALL50,RESTRICTION_CHANGE,LOW,8,VERBOSE_TYPED,12,0.583333,8.25,3.75,0.583333,0.0,0.416667,0.0,0.583333,0.583333,0.583333,13.916667,0.583333,0.583333,96.25,9.666667,0.583333,0.0
LIVE_EPISODIC,EVENT_DRIVEN,Q02_RECALL50,RESTRICTION_CHANGE,LOW,12,COMPACT_TYPED,12,0.75,13.25,2.75,0.75,0.0,0.25,0.0,0.75,0.75,0.75,11.5,0.75,0.75,123.0,11.5,0.75,0.0
LIVE_EPISODIC,EVENT_DRIVEN,Q02_RECALL50,RESTRICTION_CHANGE,LOW,12,VERBOSE_TYPED,12,0.75,13.25,2.75,0.75,0.0,0.25,0.0,0.75,0.75,0.75,13.75,0.75,0.75,123.75,11.5,0.75,0.0
LIVE_EPISODIC,EVENT_DRIVEN,Q03_RECALL25,AVAILABILITY_LOSS,HIGH,4,COMPACT_TYPED,12,0.166667,2.166667,5.833333,0.166667,0.0,0.833333,0.0,0.166667,0.166667,0.166667,13.0,0.166667,0.166667,27.833333,7.666667,0.166667,0.0
LIVE_EPISODIC,EVENT_DRIVEN,Q03_RECALL25,AVAILABILITY_LOSS,HIGH,4,VERBOSE_TYPED,12,0.166667,2.166667,5.833333,0.166667,0.0,0.833333,0.0,0.166667,0.166667,0.166667,13.5,0.166667,0.166667,28.0,7.666667,0.166667,0.0
LIVE_EPISODIC,EVENT_DRIVEN,Q03_RECALL25,AVAILABILITY_LOSS,HIGH,8,COMPACT_TYPED,12,0.416667,6.75,5.25,0.416667,0.0,0.583333,0.0,0.416667,0.416667,0.416667,13.833333,0.416667,0.416667,69.583333,10.333333,0.416667,0.0
LIVE_EPISODIC,EVENT_DRIVEN,Q03_RECALL25,AVAILABILITY_LOSS,HIGH,8,VERBOSE_TYPED,12,0.416667,6.75,5.25,0.416667,0.0,0.583333,0.0,0.416667,0.416667,0.416667,15.083333,0.416667,0.416667,70.0,10.333333,0.416667,0.0
LIVE_EPISODIC,EVENT_DRIVEN,Q03_RECALL25,AVAILABILITY_LOSS,HIGH,12,COMPACT_TYPED,12,0.583333,11.416667,4.583333,0.583333,0.0,0.416667,0.0,0.583333,0.583333,0.583333,13.833333,0.583333,0.583333,97.416667,12.5,0.583333,0.0
LIVE_EPISODIC,EVENT_DRIVEN,Q03_RECALL25,AVAILABILITY_LOSS,HIGH,12,VERBOSE_TYPED,12,0.583333,11.416667,4.583333,0.583333,0.0,0.416667,0.0,0.583333,0.583333,0.583333,15.583333,0.583333,0.583333,98.0,12.5,0.583333,0.0
LIVE_EPISODIC,EVENT_DRIVEN,Q03_RECALL25,AVAILABILITY_LOSS,LOW,4,COMPACT_TYPED,12,0.416667,3.916667,4.083333,0.416667,0.0,0.583333,0.0,0.416667,0.416667,0.416667,11.5,0.416667,0.416667,69.583333,7.166667,0.416667,0.0
LIVE_EPISODIC,EVENT_DRIVEN,Q03_RECALL25,AVAILABILITY_LOSS,LOW,4,VERBOSE_TYPED,12,0.416667,3.916667,4.083333,0.416667,0.0,0.583333,0.0,0.416667,0.416667,0.416667,12.75,0.416667,0.416667,70.0,7.166667,0.416667,0.0
LIVE_EPISODIC,EVENT_DRIVEN,Q03_RECALL25,AVAILABILITY_LOSS,LOW,8,COMPACT_TYPED,12,0.333333,6.0,6.0,0.333333,0.0,0.666667,0.0,0.333333,0.333333,0.333333,14.666667,0.333333,0.333333,55.666667,10.666667,0.333333,0.0
LIVE_EPISODIC,EVENT_DRIVEN,Q03_RECALL25,AVAILABILITY_LOSS,LOW,8,VERBOSE_TYPED,12,0.333333,6.0,6.0,0.333333,0.0,0.666667,0.0,0.333333,0.333333,0.333333,15.666667,0.333333,0.333333,56.0,10.666667,0.333333,0.0
LIVE_EPISODIC,EVENT_DRIVEN,Q03_RECALL25,AVAILABILITY_LOSS,LOW,12,COMPACT_TYPED,12,0.25,7.75,8.25,0.25,0.0,0.75,0.0,0.25,0.25,0.25,18.5,0.25,0.25,41.75,14.5,0.25,0.0
LIVE_EPISODIC,EVENT_DRIVEN,Q03_RECALL25,AVAILABILITY_LOSS,LOW,12,VERBOSE_TYPED,12,0.25,7.75,8.25,0.25,0.0,0.75,0.0,0.25,0.25,0.25,19.25,0.25,0.25,42.0,14.5,0.25,0.0
LIVE_EPISODIC,EVENT_DRIVEN,Q03_RECALL25,CONTROL_FAILURE,HIGH,4,COMPACT_TYPED,12,1.0,5.0,3.0,0.25,0.0,0.75,0.25,0.0,0.25,0.25,8.0,0.25,0.25,41.5,7.5,0.25,0.0
LIVE_EPISODIC,EVENT_DRIVEN,Q03_RECALL25,CONTROL_FAILURE,HIGH,4,VERBOSE_TYPED,12,1.0,5.0,3.0,0.25,0.0,0.75,0.25,0.0,0.25,0.25,8.75,0.25,0.25,41.75,7.5,0.25,0.0
LIVE_EPISODIC,EVENT_DRIVEN,Q03_RECALL25,CONTROL_FAILURE,HIGH,8,COMPACT_TYPED,12,1.0,9.0,3.0,0.25,0.0,0.75,0.25,0.0,0.25,0.25,8.0,0.25,0.25,41.5,11.0,0.25,0.0
LIVE_EPISODIC,EVENT_DRIVEN,Q03_RECALL25,CONTROL_FAILURE,HIGH,8,VERBOSE_TYPED,12,1.0,9.0,3.0,0.25,0.0,0.75,0.25,0.0,0.25,0.25,8.75,0.25,0.25,41.75,11.0,0.25,0.0
LIVE_EPISODIC,EVENT_DRIVEN,Q03_RECALL25,CONTROL_FAILURE,HIGH,12,COMPACT_TYPED,12,1.0,13.0,3.0,0.166667,0.0,0.833333,0.166667,0.0,0.166667,0.166667,7.333333,0.166667,0.166667,27.666667,15.0,0.166667,0.0
LIVE_EPISODIC,EVENT_DRIVEN,Q03_RECALL25,CONTROL_FAILURE,HIGH,12,VERBOSE_TYPED,12,1.0,13.0,3.0,0.166667,0.0,0.833333,0.166667,0.0,0.166667,0.166667,7.833333,0.166667,0.166667,27.833333,15.0,0.166667,0.0
LIVE_EPISODIC,EVENT_DRIVEN,Q03_RECALL25,CONTROL_FAILURE,LOW,4,COMPACT_TYPED,12,1.0,6.0,2.0,0.166667,0.0,0.833333,0.166667,0.0,0.166667,0.166667,5.333333,0.166667,0.166667,27.666667,7.666667,0.166667,0.0
LIVE_EPISODIC,EVENT_DRIVEN,Q03_RECALL25,CONTROL_FAILURE,LOW,4,VERBOSE_TYPED,12,1.0,6.0,2.0,0.166667,0.0,0.833333,0.166667,0.0,0.166667,0.166667,5.833333,0.166667,0.166667,27.833333,7.666667,0.166667,0.0
LIVE_EPISODIC,EVENT_DRIVEN,Q03_RECALL25,CONTROL_FAILURE,LOW,8,COMPACT_TYPED,12,1.0,10.0,2.0,0.583333,0.0,0.416667,0.583333,0.0,0.583333,0.583333,8.666667,0.583333,0.583333,96.833333,9.666667,0.583333,0.0
LIVE_EPISODIC,EVENT_DRIVEN,Q03_RECALL25,CONTROL_FAILURE,LOW,8,VERBOSE_TYPED,12,1.0,10.0,2.0,0.583333,0.0,0.416667,0.583333,0.0,0.583333,0.583333,10.416667,0.583333,0.583333,97.416667,9.666667,0.583333,0.0
LIVE_EPISODIC,EVENT_DRIVEN,Q03_RECALL25,CONTROL_FAILURE,LOW,12,COMPACT_TYPED,12,1.0,14.0,2.0,0.25,0.0,0.75,0.25,0.0,0.25,0.25,6.0,0.25,0.25,41.5,14.5,0.25,0.0
LIVE_EPISODIC,EVENT_DRIVEN,Q03_RECALL25,CONTROL_FAILURE,LOW,12,VERBOSE_TYPED,12,1.0,14.0,2.0,0.25,0.0,0.75,0.25,0.0,0.25,0.25,6.75,0.25,0.25,41.75,14.5,0.25,0.0
LIVE_EPISODIC,EVENT_DRIVEN,Q03_RECALL25,POSE_SHIFT,HIGH,4,COMPACT_TYPED,12,0.083333,1.583333,6.416667,0.083333,0.0,0.916667,0.0,0.0,0.083333,0.083333,13.5,0.083333,0.083333,13.416667,7.833333,0.083333,0.0
LIVE_EPISODIC,EVENT_DRIVEN,Q03_RECALL25,POSE_SHIFT,HIGH,4,VERBOSE_TYPED,12,0.083333,1.583333,6.416667,0.083333,0.0,0.916667,0.0,0.0,0.083333,0.083333,13.75,0.083333,0.083333,13.5,7.833333,0.083333,0.0
LIVE_EPISODIC,EVENT_DRIVEN,Q03_RECALL25,POSE_SHIFT,HIGH,8,COMPACT_TYPED,12,0.5,7.5,4.5,0.5,0.0,0.5,0.0,0.0,0.5,0.5,13.0,0.5,0.5,80.5,10.0,0.5,0.0
LIVE_EPISODIC,EVENT_DRIVEN,Q03_RECALL25,POSE_SHIFT,HIGH,8,VERBOSE_TYPED,12,0.5,7.5,4.5,0.5,0.0,0.5,0.0,0.0,0.5,0.5,14.5,0.5,0.5,81.0,10.0,0.5,0.0
LIVE_EPISODIC,EVENT_DRIVEN,Q03_RECALL25,POSE_SHIFT,HIGH,12,COMPACT_TYPED,12,0.166667,6.833333,9.166667,0.166667,0.0,0.833333,0.0,0.0,0.166667,0.166667,19.666667,0.166667,0.166667,26.833333,15.0,0.166667,0.0
LIVE_EPISODIC,EVENT_DRIVEN,Q03_RECALL25,POSE_SHIFT,HIGH,12,VERBOSE_TYPED,12,0.166667,6.833333,9.166667,0.166667,0.0,0.833333,0.0,0.0,0.166667,0.166667,20.166667,0.166667,0.166667,27.0,15.0,0.166667,0.0
LIVE_EPISODIC,EVENT_DRIVEN,Q03_RECALL25,POSE_SHIFT,LOW,4,COMPACT_TYPED,12,0.5,4.5,3.5,0.5,0.0,0.5,0.0,0.0,0.5,0.5,11.0,0.5,0.5,80.5,7.0,0.5,0.0
LIVE_EPISODIC,EVENT_DRIVEN,Q03_RECALL25,POSE_SHIFT,LOW,4,VERBOSE_TYPED,12,0.5,4.5,3.5,0.5,0.0,0.5,0.0,0.0,0.5,0.5,12.5,0.5,0.5,81.0,7.0,0.5,0.0
LIVE_EPISODIC,EVENT_DRIVEN,Q03_RECALL25,POSE_SHIFT,LOW,8,COMPACT_TYPED,12,0.5,7.5,4.5,0.5,0.0,0.5,0.0,0.0,0.5,0.5,13.0,0.5,0.5,80.5,10.0,0.5,0.0
LIVE_EPISODIC,EVENT_DRIVEN,Q03_RECALL25,POSE_SHIFT,LOW,8,VERBOSE_TYPED,12,0.5,7.5,4.5,0.5,0.0,0.5,0.0,0.0,0.5,0.5,14.5,0.5,0.5,81.0,10.0,0.5,0.0
LIVE_EPISODIC,EVENT_DRIVEN,Q03_RECALL25,POSE_SHIFT,LOW,12,COMPACT_TYPED,12,0.333333,8.666667,7.333333,0.333333,0.0,0.666667,0.0,0.0,0.333333,0.333333,17.333333,0.333333,0.333333,53.666667,14.0,0.333333,0.0
LIVE_EPISODIC,EVENT_DRIVEN,Q03_RECALL25,POSE_SHIFT,LOW,12,VERBOSE_TYPED,12,0.333333,8.666667,7.333333,0.333333,0.0,0.666667,0.0,0.0,0.333333,0.333333,18.333333,0.333333,0.333333,54.0,14.0,0.333333,0.0
LIVE_EPISODIC,EVENT_DRIVEN,Q03_RECALL25,RESTRICTION_CHANGE,HIGH,4,COMPACT_TYPED,12,0.083333,1.583333,6.416667,0.083333,0.0,0.916667,0.0,0.083333,0.083333,0.083333,13.5,0.083333,0.083333,13.666667,7.833333,0.083333,0.0
LIVE_EPISODIC,EVENT_DRIVEN,Q03_RECALL25,RESTRICTION_CHANGE,HIGH,4,VERBOSE_TYPED,12,0.083333,1.583333,6.416667,0.083333,0.0,0.916667,0.0,0.083333,0.083333,0.083333,13.75,0.083333,0.083333,13.75,7.833333,0.083333,0.0
LIVE_EPISODIC,EVENT_DRIVEN,Q03_RECALL25,RESTRICTION_CHANGE,HIGH,8,COMPACT_TYPED,12,0.416667,6.75,5.25,0.416667,0.0,0.583333,0.0,0.416667,0.416667,0.416667,13.833333,0.416667,0.416667,68.333333,10.333333,0.416667,0.0
LIVE_EPISODIC,EVENT_DRIVEN,Q03_RECALL25,RESTRICTION_CHANGE,HIGH,8,VERBOSE_TYPED,12,0.416667,6.75,5.25,0.416667,0.0,0.583333,0.0,0.416667,0.416667,0.416667,15.083333,0.416667,0.416667,68.75,10.333333,0.416667,0.0
LIVE_EPISODIC,EVENT_DRIVEN,Q03_RECALL25,RESTRICTION_CHANGE,HIGH,12,COMPACT_TYPED,12,0.25,7.75,8.25,0.25,0.0,0.75,0.0,0.25,0.25,0.25,18.5,0.25,0.25,41.0,14.5,0.25,0.0
LIVE_EPISODIC,EVENT_DRIVEN,Q03_RECALL25,RESTRICTION_CHANGE,HIGH,12,VERBOSE_TYPED,12,0.25,7.75,8.25,0.25,0.0,0.75,0.0,0.25,0.25,0.25,19.25,0.25,0.25,41.25,14.5,0.25,0.0
LIVE_EPISODIC,EVENT_DRIVEN,Q03_RECALL25,RESTRICTION_CHANGE,LOW,4,COMPACT_TYPED,12,0.25,2.75,5.25,0.25,0.0,0.75,0.0,0.25,0.25,0.25,12.5,0.25,0.25,41.0,7.5,0.25,0.0
LIVE_EPISODIC,EVENT_DRIVEN,Q03_RECALL25,RESTRICTION_CHANGE,LOW,4,VERBOSE_TYPED,12,0.25,2.75,5.25,0.25,0.0,0.75,0.0,0.25,0.25,0.25,13.25,0.25,0.25,41.25,7.5,0.25,0.0
LIVE_EPISODIC,EVENT_DRIVEN,Q03_RECALL25,RESTRICTION_CHANGE,LOW,8,COMPACT_TYPED,12,0.416667,6.75,5.25,0.416667,0.0,0.583333,0.0,0.416667,0.416667,0.416667,13.833333,0.416667,0.416667,68.333333,10.333333,0.416667,0.0
LIVE_EPISODIC,EVENT_DRIVEN,Q03_RECALL25,RESTRICTION_CHANGE,LOW,8,VERBOSE_TYPED,12,0.416667,6.75,5.25,0.416667,0.0,0.583333,0.0,0.416667,0.416667,0.416667,15.083333,0.416667,0.416667,68.75,10.333333,0.416667,0.0
LIVE_EPISODIC,EVENT_DRIVEN,Q03_RECALL25,RESTRICTION_CHANGE,LOW,12,COMPACT_TYPED,12,0.416667,9.583333,6.416667,0.416667,0.0,0.583333,0.0,0.416667,0.416667,0.416667,16.166667,0.416667,0.416667,68.333333,13.5,0.416667,0.0
LIVE_EPISODIC,EVENT_DRIVEN,Q03_RECALL25,RESTRICTION_CHANGE,LOW,12,VERBOSE_TYPED,12,0.416667,9.583333,6.416667,0.416667,0.0,0.583333,0.0,0.416667,0.416667,0.416667,17.416667,0.416667,0.416667,68.75,13.5,0.416667,0.0
LIVE_EPISODIC,EVENT_DRIVEN,Q04_DELAY1,AVAILABILITY_LOSS,HIGH,4,COMPACT_TYPED,12,1.0,7.0,1.0,1.0,0.0,0.0,0.0,1.0,1.0,1.0,10.0,1.0,1.0,167.0,5.0,1.0,0.0
LIVE_EPISODIC,EVENT_DRIVEN,Q04_DELAY1,AVAILABILITY_LOSS,HIGH,4,VERBOSE_TYPED,12,1.0,7.0,1.0,1.0,0.0,0.0,0.0,1.0,1.0,1.0,13.0,1.0,1.0,168.0,5.0,1.0,0.0
LIVE_EPISODIC,EVENT_DRIVEN,Q04_DELAY1,AVAILABILITY_LOSS,HIGH,8,COMPACT_TYPED,12,1.0,11.0,1.0,1.0,0.0,0.0,0.0,1.0,1.0,1.0,10.0,1.0,1.0,167.0,7.0,1.0,0.0
LIVE_EPISODIC,EVENT_DRIVEN,Q04_DELAY1,AVAILABILITY_LOSS,HIGH,8,VERBOSE_TYPED,12,1.0,11.0,1.0,1.0,0.0,0.0,0.0,1.0,1.0,1.0,13.0,1.0,1.0,168.0,7.0,1.0,0.0
LIVE_EPISODIC,EVENT_DRIVEN,Q04_DELAY1,AVAILABILITY_LOSS,HIGH,12,COMPACT_TYPED,12,1.0,15.0,1.0,1.0,0.0,0.0,0.0,1.0,1.0,1.0,10.0,1.0,1.0,167.0,9.0,1.0,0.0
LIVE_EPISODIC,EVENT_DRIVEN,Q04_DELAY1,AVAILABILITY_LOSS,HIGH,12,VERBOSE_TYPED,12,1.0,15.0,1.0,1.0,0.0,0.0,0.0,1.0,1.0,1.0,13.0,1.0,1.0,168.0,9.0,1.0,0.0
LIVE_EPISODIC,EVENT_DRIVEN,Q04_DELAY1,AVAILABILITY_LOSS,LOW,4,COMPACT_TYPED,12,1.0,7.0,1.0,1.0,0.0,0.0,0.0,1.0,1.0,1.0,10.0,1.0,1.0,167.0,5.0,1.0,0.0
LIVE_EPISODIC,EVENT_DRIVEN,Q04_DELAY1,AVAILABILITY_LOSS,LOW,4,VERBOSE_TYPED,12,1.0,7.0,1.0,1.0,0.0,0.0,0.0,1.0,1.0,1.0,13.0,1.0,1.0,168.0,5.0,1.0,0.0
LIVE_EPISODIC,EVENT_DRIVEN,Q04_DELAY1,AVAILABILITY_LOSS,LOW,8,COMPACT_TYPED,12,1.0,11.0,1.0,1.0,0.0,0.0,0.0,1.0,1.0,1.0,10.0,1.0,1.0,167.0,7.0,1.0,0.0
LIVE_EPISODIC,EVENT_DRIVEN,Q04_DELAY1,AVAILABILITY_LOSS,LOW,8,VERBOSE_TYPED,12,1.0,11.0,1.0,1.0,0.0,0.0,0.0,1.0,1.0,1.0,13.0,1.0,1.0,168.0,7.0,1.0,0.0
LIVE_EPISODIC,EVENT_DRIVEN,Q04_DELAY1,AVAILABILITY_LOSS,LOW,12,COMPACT_TYPED,12,1.0,15.0,1.0,1.0,0.0,0.0,0.0,1.0,1.0,1.0,10.0,1.0,1.0,167.0,9.0,1.0,0.0
LIVE_EPISODIC,EVENT_DRIVEN,Q04_DELAY1,AVAILABILITY_LOSS,LOW,12,VERBOSE_TYPED,12,1.0,15.0,1.0,1.0,0.0,0.0,0.0,1.0,1.0,1.0,13.0,1.0,1.0,168.0,9.0,1.0,0.0
LIVE_EPISODIC,EVENT_DRIVEN,Q04_DELAY1,CONTROL_FAILURE,HIGH,4,COMPACT_TYPED,12,1.0,5.0,3.0,1.0,0.0,0.0,1.0,0.0,1.0,1.0,14.0,1.0,1.0,166.0,5.0,1.0,0.0
LIVE_EPISODIC,EVENT_DRIVEN,Q04_DELAY1,CONTROL_FAILURE,HIGH,4,VERBOSE_TYPED,12,1.0,5.0,3.0,1.0,0.0,0.0,1.0,0.0,1.0,1.0,17.0,1.0,1.0,167.0,5.0,1.0,0.0
LIVE_EPISODIC,EVENT_DRIVEN,Q04_DELAY1,CONTROL_FAILURE,HIGH,8,COMPACT_TYPED,12,1.0,9.0,3.0,1.0,0.0,0.0,1.0,0.0,1.0,1.0,14.0,1.0,1.0,166.0,7.0,1.0,0.0
LIVE_EPISODIC,EVENT_DRIVEN,Q04_DELAY1,CONTROL_FAILURE,HIGH,8,VERBOSE_TYPED,12,1.0,9.0,3.0,1.0,0.0,0.0,1.0,0.0,1.0,1.0,17.0,1.0,1.0,167.0,7.0,1.0,0.0
LIVE_EPISODIC,EVENT_DRIVEN,Q04_DELAY1,CONTROL_FAILURE,HIGH,12,COMPACT_TYPED,12,1.0,13.0,3.0,1.0,0.0,0.0,1.0,0.0,1.0,1.0,14.0,1.0,1.0,166.0,9.0,1.0,0.0
LIVE_EPISODIC,EVENT_DRIVEN,Q04_DELAY1,CONTROL_FAILURE,HIGH,12,VERBOSE_TYPED,12,1.0,13.0,3.0,1.0,0.0,0.0,1.0,0.0,1.0,1.0,17.0,1.0,1.0,167.0,9.0,1.0,0.0
LIVE_EPISODIC,EVENT_DRIVEN,Q04_DELAY1,CONTROL_FAILURE,LOW,4,COMPACT_TYPED,12,1.0,6.0,2.0,1.0,0.0,0.0,1.0,0.0,1.0,1.0,12.0,1.0,1.0,166.0,5.0,1.0,0.0
LIVE_EPISODIC,EVENT_DRIVEN,Q04_DELAY1,CONTROL_FAILURE,LOW,4,VERBOSE_TYPED,12,1.0,6.0,2.0,1.0,0.0,0.0,1.0,0.0,1.0,1.0,15.0,1.0,1.0,167.0,5.0,1.0,0.0
LIVE_EPISODIC,EVENT_DRIVEN,Q04_DELAY1,CONTROL_FAILURE,LOW,8,COMPACT_TYPED,12,1.0,10.0,2.0,1.0,0.0,0.0,1.0,0.0,1.0,1.0,12.0,1.0,1.0,166.0,7.0,1.0,0.0
LIVE_EPISODIC,EVENT_DRIVEN,Q04_DELAY1,CONTROL_FAILURE,LOW,8,VERBOSE_TYPED,12,1.0,10.0,2.0,1.0,0.0,0.0,1.0,0.0,1.0,1.0,15.0,1.0,1.0,167.0,7.0,1.0,0.0
LIVE_EPISODIC,EVENT_DRIVEN,Q04_DELAY1,CONTROL_FAILURE,LOW,12,COMPACT_TYPED,12,1.0,14.0,2.0,1.0,0.0,0.0,1.0,0.0,1.0,1.0,12.0,1.0,1.0,166.0,9.0,1.0,0.0
LIVE_EPISODIC,EVENT_DRIVEN,Q04_DELAY1,CONTROL_FAILURE,LOW,12,VERBOSE_TYPED,12,1.0,14.0,2.0,1.0,0.0,0.0,1.0,0.0,1.0,1.0,15.0,1.0,1.0,167.0,9.0,1.0,0.0
LIVE_EPISODIC,EVENT_DRIVEN,Q04_DELAY1,POSE_SHIFT,HIGH,4,COMPACT_TYPED,12,1.0,7.0,1.0,1.0,0.0,0.0,0.0,0.0,1.0,1.0,10.0,1.0,1.0,161.0,5.0,1.0,0.0
LIVE_EPISODIC,EVENT_DRIVEN,Q04_DELAY1,POSE_SHIFT,HIGH,4,VERBOSE_TYPED,12,1.0,7.0,1.0,1.0,0.0,0.0,0.0,0.0,1.0,1.0,13.0,1.0,1.0,162.0,5.0,1.0,0.0
LIVE_EPISODIC,EVENT_DRIVEN,Q04_DELAY1,POSE_SHIFT,HIGH,8,COMPACT_TYPED,12,1.0,11.0,1.0,1.0,0.0,0.0,0.0,0.0,1.0,1.0,10.0,1.0,1.0,161.0,7.0,1.0,0.0
LIVE_EPISODIC,EVENT_DRIVEN,Q04_DELAY1,POSE_SHIFT,HIGH,8,VERBOSE_TYPED,12,1.0,11.0,1.0,1.0,0.0,0.0,0.0,0.0,1.0,1.0,13.0,1.0,1.0,162.0,7.0,1.0,0.0
LIVE_EPISODIC,EVENT_DRIVEN,Q04_DELAY1,POSE_SHIFT,HIGH,12,COMPACT_TYPED,12,1.0,15.0,1.0,1.0,0.0,0.0,0.0,0.0,1.0,1.0,10.0,1.0,1.0,161.0,9.0,1.0,0.0
LIVE_EPISODIC,EVENT_DRIVEN,Q04_DELAY1,POSE_SHIFT,HIGH,12,VERBOSE_TYPED,12,1.0,15.0,1.0,1.0,0.0,0.0,0.0,0.0,1.0,1.0,13.0,1.0,1.0,162.0,9.0,1.0,0.0
LIVE_EPISODIC,EVENT_DRIVEN,Q04_DELAY1,POSE_SHIFT,LOW,4,COMPACT_TYPED,12,1.0,7.0,1.0,1.0,0.0,0.0,0.0,0.0,1.0,1.0,10.0,1.0,1.0,161.0,5.0,1.0,0.0
LIVE_EPISODIC,EVENT_DRIVEN,Q04_DELAY1,POSE_SHIFT,LOW,4,VERBOSE_TYPED,12,1.0,7.0,1.0,1.0,0.0,0.0,0.0,0.0,1.0,1.0,13.0,1.0,1.0,162.0,5.0,1.0,0.0
LIVE_EPISODIC,EVENT_DRIVEN,Q04_DELAY1,POSE_SHIFT,LOW,8,COMPACT_TYPED,12,1.0,11.0,1.0,1.0,0.0,0.0,0.0,0.0,1.0,1.0,10.0,1.0,1.0,161.0,7.0,1.0,0.0
LIVE_EPISODIC,EVENT_DRIVEN,Q04_DELAY1,POSE_SHIFT,LOW,8,VERBOSE_TYPED,12,1.0,11.0,1.0,1.0,0.0,0.0,0.0,0.0,1.0,1.0,13.0,1.0,1.0,162.0,7.0,1.0,0.0
LIVE_EPISODIC,EVENT_DRIVEN,Q04_DELAY1,POSE_SHIFT,LOW,12,COMPACT_TYPED,12,1.0,15.0,1.0,1.0,0.0,0.0,0.0,0.0,1.0,1.0,10.0,1.0,1.0,161.0,9.0,1.0,0.0
LIVE_EPISODIC,EVENT_DRIVEN,Q04_DELAY1,POSE_SHIFT,LOW,12,VERBOSE_TYPED,12,1.0,15.0,1.0,1.0,0.0,0.0,0.0,0.0,1.0,1.0,13.0,1.0,1.0,162.0,9.0,1.0,0.0
LIVE_EPISODIC,EVENT_DRIVEN,Q04_DELAY1,RESTRICTION_CHANGE,HIGH,4,COMPACT_TYPED,12,1.0,7.0,1.0,1.0,0.0,0.0,0.0,1.0,1.0,1.0,10.0,1.0,1.0,164.0,5.0,1.0,0.0
LIVE_EPISODIC,EVENT_DRIVEN,Q04_DELAY1,RESTRICTION_CHANGE,HIGH,4,VERBOSE_TYPED,12,1.0,7.0,1.0,1.0,0.0,0.0,0.0,1.0,1.0,1.0,13.0,1.0,1.0,165.0,5.0,1.0,0.0
LIVE_EPISODIC,EVENT_DRIVEN,Q04_DELAY1,RESTRICTION_CHANGE,HIGH,8,COMPACT_TYPED,12,1.0,11.0,1.0,1.0,0.0,0.0,0.0,1.0,1.0,1.0,10.0,1.0,1.0,164.0,7.0,1.0,0.0
LIVE_EPISODIC,EVENT_DRIVEN,Q04_DELAY1,RESTRICTION_CHANGE,HIGH,8,VERBOSE_TYPED,12,1.0,11.0,1.0,1.0,0.0,0.0,0.0,1.0,1.0,1.0,13.0,1.0,1.0,165.0,7.0,1.0,0.0
LIVE_EPISODIC,EVENT_DRIVEN,Q04_DELAY1,RESTRICTION_CHANGE,HIGH,12,COMPACT_TYPED,12,1.0,15.0,1.0,1.0,0.0,0.0,0.0,1.0,1.0,1.0,10.0,1.0,1.0,164.0,9.0,1.0,0.0
LIVE_EPISODIC,EVENT_DRIVEN,Q04_DELAY1,RESTRICTION_CHANGE,HIGH,12,VERBOSE_TYPED,12,1.0,15.0,1.0,1.0,0.0,0.0,0.0,1.0,1.0,1.0,13.0,1.0,1.0,165.0,9.0,1.0,0.0
LIVE_EPISODIC,EVENT_DRIVEN,Q04_DELAY1,RESTRICTION_CHANGE,LOW,4,COMPACT_TYPED,12,1.0,7.0,1.0,1.0,0.0,0.0,0.0,1.0,1.0,1.0,10.0,1.0,1.0,164.0,5.0,1.0,0.0
LIVE_EPISODIC,EVENT_DRIVEN,Q04_DELAY1,RESTRICTION_CHANGE,LOW,4,VERBOSE_TYPED,12,1.0,7.0,1.0,1.0,0.0,0.0,0.0,1.0,1.0,1.0,13.0,1.0,1.0,165.0,5.0,1.0,0.0
LIVE_EPISODIC,EVENT_DRIVEN,Q04_DELAY1,RESTRICTION_CHANGE,LOW,8,COMPACT_TYPED,12,1.0,11.0,1.0,1.0,0.0,0.0,0.0,1.0,1.0,1.0,10.0,1.0,1.0,164.0,7.0,1.0,0.0
LIVE_EPISODIC,EVENT_DRIVEN,Q04_DELAY1,RESTRICTION_CHANGE,LOW,8,VERBOSE_TYPED,12,1.0,11.0,1.0,1.0,0.0,0.0,0.0,1.0,1.0,1.0,13.0,1.0,1.0,165.0,7.0,1.0,0.0
LIVE_EPISODIC,EVENT_DRIVEN,Q04_DELAY1,RESTRICTION_CHANGE,LOW,12,COMPACT_TYPED,12,1.0,15.0,1.0,1.0,0.0,0.0,0.0,1.0,1.0,1.0,10.0,1.0,1.0,164.0,9.0,1.0,0.0
LIVE_EPISODIC,EVENT_DRIVEN,Q04_DELAY1,RESTRICTION_CHANGE,LOW,12,VERBOSE_TYPED,12,1.0,15.0,1.0,1.0,0.0,0.0,0.0,1.0,1.0,1.0,13.0,1.0,1.0,165.0,9.0,1.0,0.0
LIVE_EPISODIC,EVENT_DRIVEN,Q05_DELAY3,AVAILABILITY_LOSS,HIGH,4,COMPACT_TYPED,12,1.0,5.0,3.0,1.0,0.0,1.0,0.0,1.0,1.0,1.0,14.0,1.0,1.0,167.0,3.0,1.0,0.0
LIVE_EPISODIC,EVENT_DRIVEN,Q05_DELAY3,AVAILABILITY_LOSS,HIGH,4,VERBOSE_TYPED,12,1.0,5.0,3.0,1.0,0.0,1.0,0.0,1.0,1.0,1.0,17.0,1.0,1.0,168.0,3.0,1.0,0.0
LIVE_EPISODIC,EVENT_DRIVEN,Q05_DELAY3,AVAILABILITY_LOSS,HIGH,8,COMPACT_TYPED,12,1.0,9.0,3.0,1.0,0.0,1.0,0.0,1.0,1.0,1.0,14.0,1.0,1.0,167.0,5.0,1.0,0.0
LIVE_EPISODIC,EVENT_DRIVEN,Q05_DELAY3,AVAILABILITY_LOSS,HIGH,8,VERBOSE_TYPED,12,1.0,9.0,3.0,1.0,0.0,1.0,0.0,1.0,1.0,1.0,17.0,1.0,1.0,168.0,5.0,1.0,0.0
LIVE_EPISODIC,EVENT_DRIVEN,Q05_DELAY3,AVAILABILITY_LOSS,HIGH,12,COMPACT_TYPED,12,1.0,13.0,3.0,1.0,0.0,1.0,0.0,1.0,1.0,1.0,14.0,1.0,1.0,167.0,7.0,1.0,0.0
LIVE_EPISODIC,EVENT_DRIVEN,Q05_DELAY3,AVAILABILITY_LOSS,HIGH,12,VERBOSE_TYPED,12,1.0,13.0,3.0,1.0,0.0,1.0,0.0,1.0,1.0,1.0,17.0,1.0,1.0,168.0,7.0,1.0,0.0
LIVE_EPISODIC,EVENT_DRIVEN,Q05_DELAY3,AVAILABILITY_LOSS,LOW,4,COMPACT_TYPED,12,1.0,5.0,3.0,1.0,0.0,1.0,0.0,1.0,1.0,1.0,14.0,1.0,1.0,167.0,3.0,1.0,0.0
LIVE_EPISODIC,EVENT_DRIVEN,Q05_DELAY3,AVAILABILITY_LOSS,LOW,4,VERBOSE_TYPED,12,1.0,5.0,3.0,1.0,0.0,1.0,0.0,1.0,1.0,1.0,17.0,1.0,1.0,168.0,3.0,1.0,0.0
LIVE_EPISODIC,EVENT_DRIVEN,Q05_DELAY3,AVAILABILITY_LOSS,LOW,8,COMPACT_TYPED,12,1.0,9.0,3.0,1.0,0.0,1.0,0.0,1.0,1.0,1.0,14.0,1.0,1.0,167.0,5.0,1.0,0.0
LIVE_EPISODIC,EVENT_DRIVEN,Q05_DELAY3,AVAILABILITY_LOSS,LOW,8,VERBOSE_TYPED,12,1.0,9.0,3.0,1.0,0.0,1.0,0.0,1.0,1.0,1.0,17.0,1.0,1.0,168.0,5.0,1.0,0.0
LIVE_EPISODIC,EVENT_DRIVEN,Q05_DELAY3,AVAILABILITY_LOSS,LOW,12,COMPACT_TYPED,12,1.0,13.0,3.0,1.0,0.0,1.0,0.0,1.0,1.0,1.0,14.0,1.0,1.0,167.0,7.0,1.0,0.0
LIVE_EPISODIC,EVENT_DRIVEN,Q05_DELAY3,AVAILABILITY_LOSS,LOW,12,VERBOSE_TYPED,12,1.0,13.0,3.0,1.0,0.0,1.0,0.0,1.0,1.0,1.0,17.0,1.0,1.0,168.0,7.0,1.0,0.0
LIVE_EPISODIC,EVENT_DRIVEN,Q05_DELAY3,CONTROL_FAILURE,HIGH,4,COMPACT_TYPED,12,1.0,5.0,3.0,1.0,0.0,1.0,0.0,1.0,1.0,1.0,14.0,1.0,1.0,166.0,3.0,1.0,0.0
LIVE_EPISODIC,EVENT_DRIVEN,Q05_DELAY3,CONTROL_FAILURE,HIGH,4,VERBOSE_TYPED,12,1.0,5.0,3.0,1.0,0.0,1.0,0.0,1.0,1.0,1.0,17.0,1.0,1.0,167.0,3.0,1.0,0.0
LIVE_EPISODIC,EVENT_DRIVEN,Q05_DELAY3,CONTROL_FAILURE,HIGH,8,COMPACT_TYPED,12,1.0,9.0,3.0,1.0,0.0,1.0,0.0,1.0,1.0,1.0,14.0,1.0,1.0,166.0,5.0,1.0,0.0
LIVE_EPISODIC,EVENT_DRIVEN,Q05_DELAY3,CONTROL_FAILURE,HIGH,8,VERBOSE_TYPED,12,1.0,9.0,3.0,1.0,0.0,1.0,0.0,1.0,1.0,1.0,17.0,1.0,1.0,167.0,5.0,1.0,0.0
LIVE_EPISODIC,EVENT_DRIVEN,Q05_DELAY3,CONTROL_FAILURE,HIGH,12,COMPACT_TYPED,12,1.0,13.0,3.0,1.0,0.0,1.0,0.0,1.0,1.0,1.0,14.0,1.0,1.0,166.0,7.0,1.0,0.0
LIVE_EPISODIC,EVENT_DRIVEN,Q05_DELAY3,CONTROL_FAILURE,HIGH,12,VERBOSE_TYPED,12,1.0,13.0,3.0,1.0,0.0,1.0,0.0,1.0,1.0,1.0,17.0,1.0,1.0,167.0,7.0,1.0,0.0
LIVE_EPISODIC,EVENT_DRIVEN,Q05_DELAY3,CONTROL_FAILURE,LOW,4,COMPACT_TYPED,12,1.0,6.0,2.0,1.0,0.0,1.0,0.0,1.0,1.0,1.0,12.0,1.0,1.0,166.0,3.0,1.0,0.0
LIVE_EPISODIC,EVENT_DRIVEN,Q05_DELAY3,CONTROL_FAILURE,LOW,4,VERBOSE_TYPED,12,1.0,6.0,2.0,1.0,0.0,1.0,0.0,1.0,1.0,1.0,15.0,1.0,1.0,167.0,3.0,1.0,0.0
LIVE_EPISODIC,EVENT_DRIVEN,Q05_DELAY3,CONTROL_FAILURE,LOW,8,COMPACT_TYPED,12,1.0,10.0,2.0,1.0,0.0,1.0,0.0,1.0,1.0,1.0,12.0,1.0,1.0,166.0,5.0,1.0,0.0
LIVE_EPISODIC,EVENT_DRIVEN,Q05_DELAY3,CONTROL_FAILURE,LOW,8,VERBOSE_TYPED,12,1.0,10.0,2.0,1.0,0.0,1.0,0.0,1.0,1.0,1.0,15.0,1.0,1.0,167.0,5.0,1.0,0.0
LIVE_EPISODIC,EVENT_DRIVEN,Q05_DELAY3,CONTROL_FAILURE,LOW,12,COMPACT_TYPED,12,1.0,14.0,2.0,1.0,0.0,1.0,0.0,1.0,1.0,1.0,12.0,1.0,1.0,166.0,7.0,1.0,0.0
LIVE_EPISODIC,EVENT_DRIVEN,Q05_DELAY3,CONTROL_FAILURE,LOW,12,VERBOSE_TYPED,12,1.0,14.0,2.0,1.0,0.0,1.0,0.0,1.0,1.0,1.0,15.0,1.0,1.0,167.0,7.0,1.0,0.0
LIVE_EPISODIC,EVENT_DRIVEN,Q05_DELAY3,POSE_SHIFT,HIGH,4,COMPACT_TYPED,12,1.0,5.0,3.0,1.0,0.0,1.0,0.0,1.0,1.0,1.0,14.0,1.0,1.0,161.0,3.0,1.0,0.0
LIVE_EPISODIC,EVENT_DRIVEN,Q05_DELAY3,POSE_SHIFT,HIGH,4,VERBOSE_TYPED,12,1.0,5.0,3.0,1.0,0.0,1.0,0.0,1.0,1.0,1.0,17.0,1.0,1.0,162.0,3.0,1.0,0.0
LIVE_EPISODIC,EVENT_DRIVEN,Q05_DELAY3,POSE_SHIFT,HIGH,8,COMPACT_TYPED,12,1.0,9.0,3.0,1.0,0.0,1.0,0.0,1.0,1.0,1.0,14.0,1.0,1.0,161.0,5.0,1.0,0.0
LIVE_EPISODIC,EVENT_DRIVEN,Q05_DELAY3,POSE_SHIFT,HIGH,8,VERBOSE_TYPED,12,1.0,9.0,3.0,1.0,0.0,1.0,0.0,1.0,1.0,1.0,17.0,1.0,1.0,162.0,5.0,1.0,0.0
LIVE_EPISODIC,EVENT_DRIVEN,Q05_DELAY3,POSE_SHIFT,HIGH,12,COMPACT_TYPED,12,1.0,13.0,3.0,1.0,0.0,1.0,0.0,1.0,1.0,1.0,14.0,1.0,1.0,161.0,7.0,1.0,0.0
LIVE_EPISODIC,EVENT_DRIVEN,Q05_DELAY3,POSE_SHIFT,HIGH,12,VERBOSE_TYPED,12,1.0,13.0,3.0,1.0,0.0,1.0,0.0,1.0,1.0,1.0,17.0,1.0,1.0,162.0,7.0,1.0,0.0
LIVE_EPISODIC,EVENT_DRIVEN,Q05_DELAY3,POSE_SHIFT,LOW,4,COMPACT_TYPED,12,1.0,5.0,3.0,1.0,0.0,1.0,0.0,1.0,1.0,1.0,14.0,1.0,1.0,161.0,3.0,1.0,0.0
LIVE_EPISODIC,EVENT_DRIVEN,Q05_DELAY3,POSE_SHIFT,LOW,4,VERBOSE_TYPED,12,1.0,5.0,3.0,1.0,0.0,1.0,0.0,1.0,1.0,1.0,17.0,1.0,1.0,162.0,3.0,1.0,0.0
LIVE_EPISODIC,EVENT_DRIVEN,Q05_DELAY3,POSE_SHIFT,LOW,8,COMPACT_TYPED,12,1.0,9.0,3.0,1.0,0.0,1.0,0.0,1.0,1.0,1.0,14.0,1.0,1.0,161.0,5.0,1.0,0.0
LIVE_EPISODIC,EVENT_DRIVEN,Q05_DELAY3,POSE_SHIFT,LOW,8,VERBOSE_TYPED,12,1.0,9.0,3.0,1.0,0.0,1.0,0.0,1.0,1.0,1.0,17.0,1.0,1.0,162.0,5.0,1.0,0.0
LIVE_EPISODIC,EVENT_DRIVEN,Q05_DELAY3,POSE_SHIFT,LOW,12,COMPACT_TYPED,12,1.0,13.0,3.0,1.0,0.0,1.0,0.0,1.0,1.0,1.0,14.0,1.0,1.0,161.0,7.0,1.0,0.0
LIVE_EPISODIC,EVENT_DRIVEN,Q05_DELAY3,POSE_SHIFT,LOW,12,VERBOSE_TYPED,12,1.0,13.0,3.0,1.0,0.0,1.0,0.0,1.0,1.0,1.0,17.0,1.0,1.0,162.0,7.0,1.0,0.0
LIVE_EPISODIC,EVENT_DRIVEN,Q05_DELAY3,RESTRICTION_CHANGE,HIGH,4,COMPACT_TYPED,12,1.0,5.0,3.0,1.0,0.0,1.0,0.0,1.0,1.0,1.0,14.0,1.0,1.0,164.0,3.0,1.0,0.0
LIVE_EPISODIC,EVENT_DRIVEN,Q05_DELAY3,RESTRICTION_CHANGE,HIGH,4,VERBOSE_TYPED,12,1.0,5.0,3.0,1.0,0.0,1.0,0.0,1.0,1.0,1.0,17.0,1.0,1.0,165.0,3.0,1.0,0.0
LIVE_EPISODIC,EVENT_DRIVEN,Q05_DELAY3,RESTRICTION_CHANGE,HIGH,8,COMPACT_TYPED,12,1.0,9.0,3.0,1.0,0.0,1.0,0.0,1.0,1.0,1.0,14.0,1.0,1.0,164.0,5.0,1.0,0.0
LIVE_EPISODIC,EVENT_DRIVEN,Q05_DELAY3,RESTRICTION_CHANGE,HIGH,8,VERBOSE_TYPED,12,1.0,9.0,3.0,1.0,0.0,1.0,0.0,1.0,1.0,1.0,17.0,1.0,1.0,165.0,5.0,1.0,0.0
LIVE_EPISODIC,EVENT_DRIVEN,Q05_DELAY3,RESTRICTION_CHANGE,HIGH,12,COMPACT_TYPED,12,1.0,13.0,3.0,1.0,0.0,1.0,0.0,1.0,1.0,1.0,14.0,1.0,1.0,164.0,7.0,1.0,0.0
LIVE_EPISODIC,EVENT_DRIVEN,Q05_DELAY3,RESTRICTION_CHANGE,HIGH,12,VERBOSE_TYPED,12,1.0,13.0,3.0,1.0,0.0,1.0,0.0,1.0,1.0,1.0,17.0,1.0,1.0,165.0,7.0,1.0,0.0
LIVE_EPISODIC,EVENT_DRIVEN,Q05_DELAY3,RESTRICTION_CHANGE,LOW,4,COMPACT_TYPED,12,1.0,5.0,3.0,1.0,0.0,1.0,0.0,1.0,1.0,1.0,14.0,1.0,1.0,164.0,3.0,1.0,0.0
LIVE_EPISODIC,EVENT_DRIVEN,Q05_DELAY3,RESTRICTION_CHANGE,LOW,4,VERBOSE_TYPED,12,1.0,5.0,3.0,1.0,0.0,1.0,0.0,1.0,1.0,1.0,17.0,1.0,1.0,165.0,3.0,1.0,0.0
LIVE_EPISODIC,EVENT_DRIVEN,Q05_DELAY3,RESTRICTION_CHANGE,LOW,8,COMPACT_TYPED,12,1.0,9.0,3.0,1.0,0.0,1.0,0.0,1.0,1.0,1.0,14.0,1.0,1.0,164.0,5.0,1.0,0.0
LIVE_EPISODIC,EVENT_DRIVEN,Q05_DELAY3,RESTRICTION_CHANGE,LOW,8,VERBOSE_TYPED,12,1.0,9.0,3.0,1.0,0.0,1.0,0.0,1.0,1.0,1.0,17.0,1.0,1.0,165.0,5.0,1.0,0.0
LIVE_EPISODIC,EVENT_DRIVEN,Q05_DELAY3,RESTRICTION_CHANGE,LOW,12,COMPACT_TYPED,12,1.0,13.0,3.0,1.0,0.0,1.0,0.0,1.0,1.0,1.0,14.0,1.0,1.0,164.0,7.0,1.0,0.0
LIVE_EPISODIC,EVENT_DRIVEN,Q05_DELAY3,RESTRICTION_CHANGE,LOW,12,VERBOSE_TYPED,12,1.0,13.0,3.0,1.0,0.0,1.0,0.0,1.0,1.0,1.0,17.0,1.0,1.0,165.0,7.0,1.0,0.0
LIVE_EPISODIC,EVENT_DRIVEN,Q06_FALSE3,AVAILABILITY_LOSS,HIGH,4,COMPACT_TYPED,12,1.0,8.0,0.0,2.0,1.0,0.0,1.0,1.0,0.5,1.0,20.0,2.0,4.0,665.0,5.0,2.0,0.0
LIVE_EPISODIC,EVENT_DRIVEN,Q06_FALSE3,AVAILABILITY_LOSS,HIGH,4,VERBOSE_TYPED,12,1.0,8.0,0.0,2.0,1.0,0.0,1.0,1.0,0.5,1.0,32.0,2.0,4.0,669.0,5.0,2.0,0.0
LIVE_EPISODIC,EVENT_DRIVEN,Q06_FALSE3,AVAILABILITY_LOSS,HIGH,8,COMPACT_TYPED,12,1.0,12.0,0.0,2.0,1.0,0.0,1.0,1.0,0.5,1.0,20.0,2.0,4.0,665.0,7.0,2.0,0.0
LIVE_EPISODIC,EVENT_DRIVEN,Q06_FALSE3,AVAILABILITY_LOSS,HIGH,8,VERBOSE_TYPED,12,1.0,12.0,0.0,2.0,1.0,0.0,1.0,1.0,0.5,1.0,32.0,2.0,4.0,669.0,7.0,2.0,0.0
LIVE_EPISODIC,EVENT_DRIVEN,Q06_FALSE3,AVAILABILITY_LOSS,HIGH,12,COMPACT_TYPED,12,1.0,16.0,0.0,2.0,1.0,0.0,1.0,1.0,0.5,1.0,20.0,2.0,4.0,665.0,9.0,2.0,0.0
LIVE_EPISODIC,EVENT_DRIVEN,Q06_FALSE3,AVAILABILITY_LOSS,HIGH,12,VERBOSE_TYPED,12,1.0,16.0,0.0,2.0,1.0,0.0,1.0,1.0,0.5,1.0,32.0,2.0,4.0,669.0,9.0,2.0,0.0
LIVE_EPISODIC,EVENT_DRIVEN,Q06_FALSE3,AVAILABILITY_LOSS,LOW,4,COMPACT_TYPED,12,1.0,8.0,0.0,2.0,1.0,0.0,1.0,1.0,0.5,1.0,20.0,2.0,4.0,665.0,5.0,2.0,0.0
LIVE_EPISODIC,EVENT_DRIVEN,Q06_FALSE3,AVAILABILITY_LOSS,LOW,4,VERBOSE_TYPED,12,1.0,8.0,0.0,2.0,1.0,0.0,1.0,1.0,0.5,1.0,32.0,2.0,4.0,669.0,5.0,2.0,0.0
LIVE_EPISODIC,EVENT_DRIVEN,Q06_FALSE3,AVAILABILITY_LOSS,LOW,8,COMPACT_TYPED,12,1.0,12.0,0.0,2.0,1.0,0.0,1.0,1.0,0.5,1.0,20.0,2.0,4.0,665.0,7.0,2.0,0.0
LIVE_EPISODIC,EVENT_DRIVEN,Q06_FALSE3,AVAILABILITY_LOSS,LOW,8,VERBOSE_TYPED,12,1.0,12.0,0.0,2.0,1.0,0.0,1.0,1.0,0.5,1.0,32.0,2.0,4.0,669.0,7.0,2.0,0.0
LIVE_EPISODIC,EVENT_DRIVEN,Q06_FALSE3,AVAILABILITY_LOSS,LOW,12,COMPACT_TYPED,12,1.0,16.0,0.0,2.0,1.0,0.0,1.0,1.0,0.5,1.0,20.0,2.0,4.0,665.0,9.0,2.0,0.0
LIVE_EPISODIC,EVENT_DRIVEN,Q06_FALSE3,AVAILABILITY_LOSS,LOW,12,VERBOSE_TYPED,12,1.0,16.0,0.0,2.0,1.0,0.0,1.0,1.0,0.5,1.0,32.0,2.0,4.0,669.0,9.0,2.0,0.0
LIVE_EPISODIC,EVENT_DRIVEN,Q06_FALSE3,CONTROL_FAILURE,HIGH,4,COMPACT_TYPED,12,1.0,5.0,3.0,2.0,1.0,0.0,2.0,0.0,0.5,1.0,26.0,2.0,4.0,664.0,5.0,2.0,0.0
LIVE_EPISODIC,EVENT_DRIVEN,Q06_FALSE3,CONTROL_FAILURE,HIGH,4,VERBOSE_TYPED,12,1.0,5.0,3.0,2.0,1.0,0.0,2.0,0.0,0.5,1.0,38.0,2.0,4.0,668.0,5.0,2.0,0.0
LIVE_EPISODIC,EVENT_DRIVEN,Q06_FALSE3,CONTROL_FAILURE,HIGH,8,COMPACT_TYPED,12,1.0,9.0,3.0,2.0,1.0,0.0,2.0,0.0,0.5,1.0,26.0,2.0,4.0,664.0,7.0,2.0,0.0
LIVE_EPISODIC,EVENT_DRIVEN,Q06_FALSE3,CONTROL_FAILURE,HIGH,8,VERBOSE_TYPED,12,1.0,9.0,3.0,2.0,1.0,0.0,2.0,0.0,0.5,1.0,38.0,2.0,4.0,668.0,7.0,2.0,0.0
LIVE_EPISODIC,EVENT_DRIVEN,Q06_FALSE3,CONTROL_FAILURE,HIGH,12,COMPACT_TYPED,12,1.0,13.0,3.0,2.0,1.0,0.0,2.0,0.0,0.5,1.0,26.0,2.0,4.0,664.0,9.0,2.0,0.0
LIVE_EPISODIC,EVENT_DRIVEN,Q06_FALSE3,CONTROL_FAILURE,HIGH,12,VERBOSE_TYPED,12,1.0,13.0,3.0,2.0,1.0,0.0,2.0,0.0,0.5,1.0,38.0,2.0,4.0,668.0,9.0,2.0,0.0
LIVE_EPISODIC,EVENT_DRIVEN,Q06_FALSE3,CONTROL_FAILURE,LOW,4,COMPACT_TYPED,12,1.0,6.0,2.0,2.0,1.0,0.0,2.0,0.0,0.5,1.0,24.0,2.0,4.0,664.0,5.0,2.0,0.0
LIVE_EPISODIC,EVENT_DRIVEN,Q06_FALSE3,CONTROL_FAILURE,LOW,4,VERBOSE_TYPED,12,1.0,6.0,2.0,2.0,1.0,0.0,2.0,0.0,0.5,1.0,36.0,2.0,4.0,668.0,5.0,2.0,0.0
LIVE_EPISODIC,EVENT_DRIVEN,Q06_FALSE3,CONTROL_FAILURE,LOW,8,COMPACT_TYPED,12,1.0,10.0,2.0,2.0,1.0,0.0,2.0,0.0,0.5,1.0,24.0,2.0,4.0,664.0,7.0,2.0,0.0
LIVE_EPISODIC,EVENT_DRIVEN,Q06_FALSE3,CONTROL_FAILURE,LOW,8,VERBOSE_TYPED,12,1.0,10.0,2.0,2.0,1.0,0.0,2.0,0.0,0.5,1.0,36.0,2.0,4.0,668.0,7.0,2.0,0.0
LIVE_EPISODIC,EVENT_DRIVEN,Q06_FALSE3,CONTROL_FAILURE,LOW,12,COMPACT_TYPED,12,1.0,14.0,2.0,2.0,1.0,0.0,2.0,0.0,0.5,1.0,24.0,2.0,4.0,664.0,9.0,2.0,0.0
LIVE_EPISODIC,EVENT_DRIVEN,Q06_FALSE3,CONTROL_FAILURE,LOW,12,VERBOSE_TYPED,12,1.0,14.0,2.0,2.0,1.0,0.0,2.0,0.0,0.5,1.0,36.0,2.0,4.0,668.0,9.0,2.0,0.0
LIVE_EPISODIC,EVENT_DRIVEN,Q06_FALSE3,POSE_SHIFT,HIGH,4,COMPACT_TYPED,12,1.0,8.0,0.0,2.0,1.0,0.0,1.0,0.0,0.5,1.0,20.0,2.0,4.0,659.0,5.0,2.0,0.0
LIVE_EPISODIC,EVENT_DRIVEN,Q06_FALSE3,POSE_SHIFT,HIGH,4,VERBOSE_TYPED,12,1.0,8.0,0.0,2.0,1.0,0.0,1.0,0.0,0.5,1.0,32.0,2.0,4.0,663.0,5.0,2.0,0.0
LIVE_EPISODIC,EVENT_DRIVEN,Q06_FALSE3,POSE_SHIFT,HIGH,8,COMPACT_TYPED,12,1.0,12.0,0.0,2.0,1.0,0.0,1.0,0.0,0.5,1.0,20.0,2.0,4.0,659.0,7.0,2.0,0.0
LIVE_EPISODIC,EVENT_DRIVEN,Q06_FALSE3,POSE_SHIFT,HIGH,8,VERBOSE_TYPED,12,1.0,12.0,0.0,2.0,1.0,0.0,1.0,0.0,0.5,1.0,32.0,2.0,4.0,663.0,7.0,2.0,0.0
LIVE_EPISODIC,EVENT_DRIVEN,Q06_FALSE3,POSE_SHIFT,HIGH,12,COMPACT_TYPED,12,1.0,16.0,0.0,2.0,1.0,0.0,1.0,0.0,0.5,1.0,20.0,2.0,4.0,659.0,9.0,2.0,0.0
LIVE_EPISODIC,EVENT_DRIVEN,Q06_FALSE3,POSE_SHIFT,HIGH,12,VERBOSE_TYPED,12,1.0,16.0,0.0,2.0,1.0,0.0,1.0,0.0,0.5,1.0,32.0,2.0,4.0,663.0,9.0,2.0,0.0
LIVE_EPISODIC,EVENT_DRIVEN,Q06_FALSE3,POSE_SHIFT,LOW,4,COMPACT_TYPED,12,1.0,8.0,0.0,2.0,1.0,0.0,1.0,0.0,0.5,1.0,20.0,2.0,4.0,659.0,5.0,2.0,0.0
LIVE_EPISODIC,EVENT_DRIVEN,Q06_FALSE3,POSE_SHIFT,LOW,4,VERBOSE_TYPED,12,1.0,8.0,0.0,2.0,1.0,0.0,1.0,0.0,0.5,1.0,32.0,2.0,4.0,663.0,5.0,2.0,0.0
LIVE_EPISODIC,EVENT_DRIVEN,Q06_FALSE3,POSE_SHIFT,LOW,8,COMPACT_TYPED,12,1.0,12.0,0.0,2.0,1.0,0.0,1.0,0.0,0.5,1.0,20.0,2.0,4.0,659.0,7.0,2.0,0.0
LIVE_EPISODIC,EVENT_DRIVEN,Q06_FALSE3,POSE_SHIFT,LOW,8,VERBOSE_TYPED,12,1.0,12.0,0.0,2.0,1.0,0.0,1.0,0.0,0.5,1.0,32.0,2.0,4.0,663.0,7.0,2.0,0.0
LIVE_EPISODIC,EVENT_DRIVEN,Q06_FALSE3,POSE_SHIFT,LOW,12,COMPACT_TYPED,12,1.0,16.0,0.0,2.0,1.0,0.0,1.0,0.0,0.5,1.0,20.0,2.0,4.0,659.0,9.0,2.0,0.0
LIVE_EPISODIC,EVENT_DRIVEN,Q06_FALSE3,POSE_SHIFT,LOW,12,VERBOSE_TYPED,12,1.0,16.0,0.0,2.0,1.0,0.0,1.0,0.0,0.5,1.0,32.0,2.0,4.0,663.0,9.0,2.0,0.0
LIVE_EPISODIC,EVENT_DRIVEN,Q06_FALSE3,RESTRICTION_CHANGE,HIGH,4,COMPACT_TYPED,12,1.0,8.0,0.0,2.0,1.0,0.0,1.0,1.0,0.5,1.0,20.0,2.0,4.0,662.0,5.0,2.0,0.0
LIVE_EPISODIC,EVENT_DRIVEN,Q06_FALSE3,RESTRICTION_CHANGE,HIGH,4,VERBOSE_TYPED,12,1.0,8.0,0.0,2.0,1.0,0.0,1.0,1.0,0.5,1.0,32.0,2.0,4.0,666.0,5.0,2.0,0.0
LIVE_EPISODIC,EVENT_DRIVEN,Q06_FALSE3,RESTRICTION_CHANGE,HIGH,8,COMPACT_TYPED,12,1.0,12.0,0.0,2.0,1.0,0.0,1.0,1.0,0.5,1.0,20.0,2.0,4.0,662.0,7.0,2.0,0.0
LIVE_EPISODIC,EVENT_DRIVEN,Q06_FALSE3,RESTRICTION_CHANGE,HIGH,8,VERBOSE_TYPED,12,1.0,12.0,0.0,2.0,1.0,0.0,1.0,1.0,0.5,1.0,32.0,2.0,4.0,666.0,7.0,2.0,0.0
LIVE_EPISODIC,EVENT_DRIVEN,Q06_FALSE3,RESTRICTION_CHANGE,HIGH,12,COMPACT_TYPED,12,1.0,16.0,0.0,2.0,1.0,0.0,1.0,1.0,0.5,1.0,20.0,2.0,4.0,662.0,9.0,2.0,0.0
LIVE_EPISODIC,EVENT_DRIVEN,Q06_FALSE3,RESTRICTION_CHANGE,HIGH,12,VERBOSE_TYPED,12,1.0,16.0,0.0,2.0,1.0,0.0,1.0,1.0,0.5,1.0,32.0,2.0,4.0,666.0,9.0,2.0,0.0
LIVE_EPISODIC,EVENT_DRIVEN,Q06_FALSE3,RESTRICTION_CHANGE,LOW,4,COMPACT_TYPED,12,1.0,8.0,0.0,2.0,1.0,0.0,1.0,1.0,0.5,1.0,20.0,2.0,4.0,662.0,5.0,2.0,0.0
LIVE_EPISODIC,EVENT_DRIVEN,Q06_FALSE3,RESTRICTION_CHANGE,LOW,4,VERBOSE_TYPED,12,1.0,8.0,0.0,2.0,1.0,0.0,1.0,1.0,0.5,1.0,32.0,2.0,4.0,666.0,5.0,2.0,0.0
LIVE_EPISODIC,EVENT_DRIVEN,Q06_FALSE3,RESTRICTION_CHANGE,LOW,8,COMPACT_TYPED,12,1.0,12.0,0.0,2.0,1.0,0.0,1.0,1.0,0.5,1.0,20.0,2.0,4.0,662.0,7.0,2.0,0.0
LIVE_EPISODIC,EVENT_DRIVEN,Q06_FALSE3,RESTRICTION_CHANGE,LOW,8,VERBOSE_TYPED,12,1.0,12.0,0.0,2.0,1.0,0.0,1.0,1.0,0.5,1.0,32.0,2.0,4.0,666.0,7.0,2.0,0.0
LIVE_EPISODIC,EVENT_DRIVEN,Q06_FALSE3,RESTRICTION_CHANGE,LOW,12,COMPACT_TYPED,12,1.0,16.0,0.0,2.0,1.0,0.0,1.0,1.0,0.5,1.0,20.0,2.0,4.0,662.0,9.0,2.0,0.0
LIVE_EPISODIC,EVENT_DRIVEN,Q06_FALSE3,RESTRICTION_CHANGE,LOW,12,VERBOSE_TYPED,12,1.0,16.0,0.0,2.0,1.0,0.0,1.0,1.0,0.5,1.0,32.0,2.0,4.0,666.0,9.0,2.0,0.0
LIVE_EPISODIC,EVENT_DRIVEN,Q07_DUP_OOO,AVAILABILITY_LOSS,HIGH,4,COMPACT_TYPED,12,1.0,7.0,1.0,2.0,0.0,0.0,1.0,1.0,1.0,1.0,20.0,2.0,3.0,501.0,4.0,2.0,0.0
LIVE_EPISODIC,EVENT_DRIVEN,Q07_DUP_OOO,AVAILABILITY_LOSS,HIGH,4,VERBOSE_TYPED,12,1.0,7.0,1.0,2.0,0.0,0.0,1.0,1.0,1.0,1.0,29.0,2.0,3.0,504.0,4.0,2.0,0.0
LIVE_EPISODIC,EVENT_DRIVEN,Q07_DUP_OOO,AVAILABILITY_LOSS,HIGH,8,COMPACT_TYPED,12,1.0,11.0,1.0,2.0,0.0,0.0,1.0,1.0,1.0,1.0,20.0,2.0,3.0,501.0,6.0,2.0,0.0
LIVE_EPISODIC,EVENT_DRIVEN,Q07_DUP_OOO,AVAILABILITY_LOSS,HIGH,8,VERBOSE_TYPED,12,1.0,11.0,1.0,2.0,0.0,0.0,1.0,1.0,1.0,1.0,29.0,2.0,3.0,504.0,6.0,2.0,0.0
LIVE_EPISODIC,EVENT_DRIVEN,Q07_DUP_OOO,AVAILABILITY_LOSS,HIGH,12,COMPACT_TYPED,12,1.0,15.0,1.0,2.0,0.0,0.0,1.0,1.0,1.0,1.0,20.0,2.0,3.0,501.0,8.0,2.0,0.0
LIVE_EPISODIC,EVENT_DRIVEN,Q07_DUP_OOO,AVAILABILITY_LOSS,HIGH,12,VERBOSE_TYPED,12,1.0,15.0,1.0,2.0,0.0,0.0,1.0,1.0,1.0,1.0,29.0,2.0,3.0,504.0,8.0,2.0,0.0
LIVE_EPISODIC,EVENT_DRIVEN,Q07_DUP_OOO,AVAILABILITY_LOSS,LOW,4,COMPACT_TYPED,12,1.0,7.0,1.0,2.0,0.0,0.0,1.0,1.0,1.0,1.0,20.0,2.0,3.0,501.0,4.0,2.0,0.0
LIVE_EPISODIC,EVENT_DRIVEN,Q07_DUP_OOO,AVAILABILITY_LOSS,LOW,4,VERBOSE_TYPED,12,1.0,7.0,1.0,2.0,0.0,0.0,1.0,1.0,1.0,1.0,29.0,2.0,3.0,504.0,4.0,2.0,0.0
LIVE_EPISODIC,EVENT_DRIVEN,Q07_DUP_OOO,AVAILABILITY_LOSS,LOW,8,COMPACT_TYPED,12,1.0,11.0,1.0,2.0,0.0,0.0,1.0,1.0,1.0,1.0,20.0,2.0,3.0,501.0,6.0,2.0,0.0
LIVE_EPISODIC,EVENT_DRIVEN,Q07_DUP_OOO,AVAILABILITY_LOSS,LOW,8,VERBOSE_TYPED,12,1.0,11.0,1.0,2.0,0.0,0.0,1.0,1.0,1.0,1.0,29.0,2.0,3.0,504.0,6.0,2.0,0.0
LIVE_EPISODIC,EVENT_DRIVEN,Q07_DUP_OOO,AVAILABILITY_LOSS,LOW,12,COMPACT_TYPED,12,1.0,15.0,1.0,2.0,0.0,0.0,1.0,1.0,1.0,1.0,20.0,2.0,3.0,501.0,8.0,2.0,0.0
LIVE_EPISODIC,EVENT_DRIVEN,Q07_DUP_OOO,AVAILABILITY_LOSS,LOW,12,VERBOSE_TYPED,12,1.0,15.0,1.0,2.0,0.0,0.0,1.0,1.0,1.0,1.0,29.0,2.0,3.0,504.0,8.0,2.0,0.0
LIVE_EPISODIC,EVENT_DRIVEN,Q07_DUP_OOO,CONTROL_FAILURE,HIGH,4,COMPACT_TYPED,12,1.0,6.0,2.0,2.0,0.0,0.0,1.0,1.0,1.0,1.0,22.0,2.0,3.0,498.0,4.0,2.0,0.0
LIVE_EPISODIC,EVENT_DRIVEN,Q07_DUP_OOO,CONTROL_FAILURE,HIGH,4,VERBOSE_TYPED,12,1.0,6.0,2.0,2.0,0.0,0.0,1.0,1.0,1.0,1.0,31.0,2.0,3.0,501.0,4.0,2.0,0.0
LIVE_EPISODIC,EVENT_DRIVEN,Q07_DUP_OOO,CONTROL_FAILURE,HIGH,8,COMPACT_TYPED,12,1.0,10.0,2.0,2.0,0.0,0.0,1.0,1.0,1.0,1.0,22.0,2.0,3.0,498.0,6.0,2.0,0.0
LIVE_EPISODIC,EVENT_DRIVEN,Q07_DUP_OOO,CONTROL_FAILURE,HIGH,8,VERBOSE_TYPED,12,1.0,10.0,2.0,2.0,0.0,0.0,1.0,1.0,1.0,1.0,31.0,2.0,3.0,501.0,6.0,2.0,0.0
LIVE_EPISODIC,EVENT_DRIVEN,Q07_DUP_OOO,CONTROL_FAILURE,HIGH,12,COMPACT_TYPED,12,1.0,14.0,2.0,2.0,0.0,0.0,1.0,1.0,1.0,1.0,22.0,2.0,3.0,498.0,8.0,2.0,0.0
LIVE_EPISODIC,EVENT_DRIVEN,Q07_DUP_OOO,CONTROL_FAILURE,HIGH,12,VERBOSE_TYPED,12,1.0,14.0,2.0,2.0,0.0,0.0,1.0,1.0,1.0,1.0,31.0,2.0,3.0,501.0,8.0,2.0,0.0
LIVE_EPISODIC,EVENT_DRIVEN,Q07_DUP_OOO,CONTROL_FAILURE,LOW,4,COMPACT_TYPED,12,1.0,6.0,2.0,2.0,0.0,0.0,1.0,1.0,1.0,1.0,22.0,2.0,3.0,498.0,4.0,2.0,0.0
LIVE_EPISODIC,EVENT_DRIVEN,Q07_DUP_OOO,CONTROL_FAILURE,LOW,4,VERBOSE_TYPED,12,1.0,6.0,2.0,2.0,0.0,0.0,1.0,1.0,1.0,1.0,31.0,2.0,3.0,501.0,4.0,2.0,0.0
LIVE_EPISODIC,EVENT_DRIVEN,Q07_DUP_OOO,CONTROL_FAILURE,LOW,8,COMPACT_TYPED,12,1.0,10.0,2.0,2.0,0.0,0.0,1.0,1.0,1.0,1.0,22.0,2.0,3.0,498.0,6.0,2.0,0.0
LIVE_EPISODIC,EVENT_DRIVEN,Q07_DUP_OOO,CONTROL_FAILURE,LOW,8,VERBOSE_TYPED,12,1.0,10.0,2.0,2.0,0.0,0.0,1.0,1.0,1.0,1.0,31.0,2.0,3.0,501.0,6.0,2.0,0.0
LIVE_EPISODIC,EVENT_DRIVEN,Q07_DUP_OOO,CONTROL_FAILURE,LOW,12,COMPACT_TYPED,12,1.0,14.0,2.0,2.0,0.0,0.0,1.0,1.0,1.0,1.0,22.0,2.0,3.0,498.0,8.0,2.0,0.0
LIVE_EPISODIC,EVENT_DRIVEN,Q07_DUP_OOO,CONTROL_FAILURE,LOW,12,VERBOSE_TYPED,12,1.0,14.0,2.0,2.0,0.0,0.0,1.0,1.0,1.0,1.0,31.0,2.0,3.0,501.0,8.0,2.0,0.0
LIVE_EPISODIC,EVENT_DRIVEN,Q07_DUP_OOO,POSE_SHIFT,HIGH,4,COMPACT_TYPED,12,1.0,7.0,1.0,2.0,0.0,0.0,1.0,0.0,1.0,1.0,20.0,2.0,3.0,483.0,4.0,2.0,0.0
LIVE_EPISODIC,EVENT_DRIVEN,Q07_DUP_OOO,POSE_SHIFT,HIGH,4,VERBOSE_TYPED,12,1.0,7.0,1.0,2.0,0.0,0.0,1.0,0.0,1.0,1.0,29.0,2.0,3.0,486.0,4.0,2.0,0.0
LIVE_EPISODIC,EVENT_DRIVEN,Q07_DUP_OOO,POSE_SHIFT,HIGH,8,COMPACT_TYPED,12,1.0,11.0,1.0,2.0,0.0,0.0,1.0,0.0,1.0,1.0,20.0,2.0,3.0,483.0,6.0,2.0,0.0
LIVE_EPISODIC,EVENT_DRIVEN,Q07_DUP_OOO,POSE_SHIFT,HIGH,8,VERBOSE_TYPED,12,1.0,11.0,1.0,2.0,0.0,0.0,1.0,0.0,1.0,1.0,29.0,2.0,3.0,486.0,6.0,2.0,0.0
LIVE_EPISODIC,EVENT_DRIVEN,Q07_DUP_OOO,POSE_SHIFT,HIGH,12,COMPACT_TYPED,12,1.0,15.0,1.0,2.0,0.0,0.0,1.0,0.0,1.0,1.0,20.0,2.0,3.0,483.0,8.0,2.0,0.0
LIVE_EPISODIC,EVENT_DRIVEN,Q07_DUP_OOO,POSE_SHIFT,HIGH,12,VERBOSE_TYPED,12,1.0,15.0,1.0,2.0,0.0,0.0,1.0,0.0,1.0,1.0,29.0,2.0,3.0,486.0,8.0,2.0,0.0
LIVE_EPISODIC,EVENT_DRIVEN,Q07_DUP_OOO,POSE_SHIFT,LOW,4,COMPACT_TYPED,12,1.0,7.0,1.0,2.0,0.0,0.0,1.0,0.0,1.0,1.0,20.0,2.0,3.0,483.0,4.0,2.0,0.0
LIVE_EPISODIC,EVENT_DRIVEN,Q07_DUP_OOO,POSE_SHIFT,LOW,4,VERBOSE_TYPED,12,1.0,7.0,1.0,2.0,0.0,0.0,1.0,0.0,1.0,1.0,29.0,2.0,3.0,486.0,4.0,2.0,0.0
LIVE_EPISODIC,EVENT_DRIVEN,Q07_DUP_OOO,POSE_SHIFT,LOW,8,COMPACT_TYPED,12,1.0,11.0,1.0,2.0,0.0,0.0,1.0,0.0,1.0,1.0,20.0,2.0,3.0,483.0,6.0,2.0,0.0
LIVE_EPISODIC,EVENT_DRIVEN,Q07_DUP_OOO,POSE_SHIFT,LOW,8,VERBOSE_TYPED,12,1.0,11.0,1.0,2.0,0.0,0.0,1.0,0.0,1.0,1.0,29.0,2.0,3.0,486.0,6.0,2.0,0.0
LIVE_EPISODIC,EVENT_DRIVEN,Q07_DUP_OOO,POSE_SHIFT,LOW,12,COMPACT_TYPED,12,1.0,15.0,1.0,2.0,0.0,0.0,1.0,0.0,1.0,1.0,20.0,2.0,3.0,483.0,8.0,2.0,0.0
LIVE_EPISODIC,EVENT_DRIVEN,Q07_DUP_OOO,POSE_SHIFT,LOW,12,VERBOSE_TYPED,12,1.0,15.0,1.0,2.0,0.0,0.0,1.0,0.0,1.0,1.0,29.0,2.0,3.0,486.0,8.0,2.0,0.0
LIVE_EPISODIC,EVENT_DRIVEN,Q07_DUP_OOO,RESTRICTION_CHANGE,HIGH,4,COMPACT_TYPED,12,1.0,7.0,1.0,2.0,0.0,0.0,1.0,1.0,1.0,1.0,20.0,2.0,3.0,492.0,4.0,2.0,0.0
LIVE_EPISODIC,EVENT_DRIVEN,Q07_DUP_OOO,RESTRICTION_CHANGE,HIGH,4,VERBOSE_TYPED,12,1.0,7.0,1.0,2.0,0.0,0.0,1.0,1.0,1.0,1.0,29.0,2.0,3.0,495.0,4.0,2.0,0.0
LIVE_EPISODIC,EVENT_DRIVEN,Q07_DUP_OOO,RESTRICTION_CHANGE,HIGH,8,COMPACT_TYPED,12,1.0,11.0,1.0,2.0,0.0,0.0,1.0,1.0,1.0,1.0,20.0,2.0,3.0,492.0,6.0,2.0,0.0
LIVE_EPISODIC,EVENT_DRIVEN,Q07_DUP_OOO,RESTRICTION_CHANGE,HIGH,8,VERBOSE_TYPED,12,1.0,11.0,1.0,2.0,0.0,0.0,1.0,1.0,1.0,1.0,29.0,2.0,3.0,495.0,6.0,2.0,0.0
LIVE_EPISODIC,EVENT_DRIVEN,Q07_DUP_OOO,RESTRICTION_CHANGE,HIGH,12,COMPACT_TYPED,12,1.0,15.0,1.0,2.0,0.0,0.0,1.0,1.0,1.0,1.0,20.0,2.0,3.0,492.0,8.0,2.0,0.0
LIVE_EPISODIC,EVENT_DRIVEN,Q07_DUP_OOO,RESTRICTION_CHANGE,HIGH,12,VERBOSE_TYPED,12,1.0,15.0,1.0,2.0,0.0,0.0,1.0,1.0,1.0,1.0,29.0,2.0,3.0,495.0,8.0,2.0,0.0
LIVE_EPISODIC,EVENT_DRIVEN,Q07_DUP_OOO,RESTRICTION_CHANGE,LOW,4,COMPACT_TYPED,12,1.0,7.0,1.0,2.0,0.0,0.0,1.0,1.0,1.0,1.0,20.0,2.0,3.0,492.0,4.0,2.0,0.0
LIVE_EPISODIC,EVENT_DRIVEN,Q07_DUP_OOO,RESTRICTION_CHANGE,LOW,4,VERBOSE_TYPED,12,1.0,7.0,1.0,2.0,0.0,0.0,1.0,1.0,1.0,1.0,29.0,2.0,3.0,495.0,4.0,2.0,0.0
LIVE_EPISODIC,EVENT_DRIVEN,Q07_DUP_OOO,RESTRICTION_CHANGE,LOW,8,COMPACT_TYPED,12,1.0,11.0,1.0,2.0,0.0,0.0,1.0,1.0,1.0,1.0,20.0,2.0,3.0,492.0,6.0,2.0,0.0
LIVE_EPISODIC,EVENT_DRIVEN,Q07_DUP_OOO,RESTRICTION_CHANGE,LOW,8,VERBOSE_TYPED,12,1.0,11.0,1.0,2.0,0.0,0.0,1.0,1.0,1.0,1.0,29.0,2.0,3.0,495.0,6.0,2.0,0.0
LIVE_EPISODIC,EVENT_DRIVEN,Q07_DUP_OOO,RESTRICTION_CHANGE,LOW,12,COMPACT_TYPED,12,1.0,15.0,1.0,2.0,0.0,0.0,1.0,1.0,1.0,1.0,20.0,2.0,3.0,492.0,8.0,2.0,0.0
LIVE_EPISODIC,EVENT_DRIVEN,Q07_DUP_OOO,RESTRICTION_CHANGE,LOW,12,VERBOSE_TYPED,12,1.0,15.0,1.0,2.0,0.0,0.0,1.0,1.0,1.0,1.0,29.0,2.0,3.0,495.0,8.0,2.0,0.0
LIVE_EPISODIC,EVENT_DRIVEN,Q08_GUARDED,AVAILABILITY_LOSS,HIGH,4,COMPACT_TYPED,12,0.5,3.5,4.5,1.5,1.0,0.0,1.0,0.5,0.25,0.5,21.5,1.5,1.5,249.5,5.0,1.5,0.0
LIVE_EPISODIC,EVENT_DRIVEN,Q08_GUARDED,AVAILABILITY_LOSS,HIGH,4,VERBOSE_TYPED,12,0.5,3.5,4.5,1.5,1.0,0.0,1.0,0.5,0.25,0.5,27.5,1.5,1.5,251.0,5.0,1.5,0.0
LIVE_EPISODIC,EVENT_DRIVEN,Q08_GUARDED,AVAILABILITY_LOSS,HIGH,8,COMPACT_TYPED,12,0.75,8.25,3.75,1.75,1.0,0.0,1.0,0.75,0.375,0.75,22.25,1.75,1.75,291.25,6.5,1.75,0.0
LIVE_EPISODIC,EVENT_DRIVEN,Q08_GUARDED,AVAILABILITY_LOSS,HIGH,8,VERBOSE_TYPED,12,0.75,8.25,3.75,1.75,1.0,0.0,1.0,0.75,0.375,0.75,29.75,1.75,1.75,293.0,6.5,1.75,0.0
LIVE_EPISODIC,EVENT_DRIVEN,Q08_GUARDED,AVAILABILITY_LOSS,HIGH,12,COMPACT_TYPED,12,0.833333,12.5,3.5,1.833333,1.0,0.0,1.0,0.833333,0.416667,0.833333,22.5,1.833333,1.833333,305.166667,8.333333,1.833333,0.0
LIVE_EPISODIC,EVENT_DRIVEN,Q08_GUARDED,AVAILABILITY_LOSS,HIGH,12,VERBOSE_TYPED,12,0.833333,12.5,3.5,1.833333,1.0,0.0,1.0,0.833333,0.416667,0.833333,30.5,1.833333,1.833333,307.0,8.333333,1.833333,0.0
LIVE_EPISODIC,EVENT_DRIVEN,Q08_GUARDED,AVAILABILITY_LOSS,LOW,4,COMPACT_TYPED,12,0.833333,5.166667,2.833333,1.833333,1.0,0.0,1.0,0.833333,0.416667,0.833333,21.166667,1.833333,1.833333,305.166667,4.333333,1.833333,0.0
LIVE_EPISODIC,EVENT_DRIVEN,Q08_GUARDED,AVAILABILITY_LOSS,LOW,4,VERBOSE_TYPED,12,0.833333,5.166667,2.833333,1.833333,1.0,0.0,1.0,0.833333,0.416667,0.833333,29.166667,1.833333,1.833333,307.0,4.333333,1.833333,0.0
LIVE_EPISODIC,EVENT_DRIVEN,Q08_GUARDED,AVAILABILITY_LOSS,LOW,8,COMPACT_TYPED,12,0.75,8.25,3.75,1.75,1.0,0.0,1.0,0.75,0.375,0.75,22.25,1.75,1.75,291.25,6.5,1.75,0.0
LIVE_EPISODIC,EVENT_DRIVEN,Q08_GUARDED,AVAILABILITY_LOSS,LOW,8,VERBOSE_TYPED,12,0.75,8.25,3.75,1.75,1.0,0.0,1.0,0.75,0.375,0.75,29.75,1.75,1.75,293.0,6.5,1.75,0.0
LIVE_EPISODIC,EVENT_DRIVEN,Q08_GUARDED,AVAILABILITY_LOSS,LOW,12,COMPACT_TYPED,12,0.75,11.75,4.25,1.75,1.0,0.0,1.0,0.75,0.375,0.75,23.25,1.75,1.75,291.25,8.5,1.75,0.0
LIVE_EPISODIC,EVENT_DRIVEN,Q08_GUARDED,AVAILABILITY_LOSS,LOW,12,VERBOSE_TYPED,12,0.75,11.75,4.25,1.75,1.0,0.0,1.0,0.75,0.375,0.75,30.75,1.75,1.75,293.0,8.5,1.75,0.0
LIVE_EPISODIC,EVENT_DRIVEN,Q08_GUARDED,CONTROL_FAILURE,HIGH,4,COMPACT_TYPED,12,1.0,5.583333,2.416667,1.583333,1.0,0.0,1.0,0.583333,0.291667,0.583333,18.083333,1.583333,1.583333,262.833333,4.833333,1.583333,0.0
LIVE_EPISODIC,EVENT_DRIVEN,Q08_GUARDED,CONTROL_FAILURE,HIGH,4,VERBOSE_TYPED,12,1.0,5.583333,2.416667,1.583333,1.0,0.0,1.0,0.583333,0.291667,0.583333,24.583333,1.583333,1.583333,264.416667,4.833333,1.583333,0.0
LIVE_EPISODIC,EVENT_DRIVEN,Q08_GUARDED,CONTROL_FAILURE,HIGH,8,COMPACT_TYPED,12,1.0,9.833333,2.166667,1.833333,1.0,0.0,1.0,0.833333,0.416667,0.833333,19.833333,1.833333,1.833333,304.333333,6.333333,1.833333,0.0
LIVE_EPISODIC,EVENT_DRIVEN,Q08_GUARDED,CONTROL_FAILURE,HIGH,8,VERBOSE_TYPED,12,1.0,9.833333,2.166667,1.833333,1.0,0.0,1.0,0.833333,0.416667,0.833333,27.833333,1.833333,1.833333,306.166667,6.333333,1.833333,0.0
LIVE_EPISODIC,EVENT_DRIVEN,Q08_GUARDED,CONTROL_FAILURE,HIGH,12,COMPACT_TYPED,12,1.0,13.75,2.25,1.75,1.0,0.0,1.0,0.75,0.375,0.75,19.25,1.75,1.75,290.5,8.5,1.75,0.0
LIVE_EPISODIC,EVENT_DRIVEN,Q08_GUARDED,CONTROL_FAILURE,HIGH,12,VERBOSE_TYPED,12,1.0,13.75,2.25,1.75,1.0,0.0,1.0,0.75,0.375,0.75,26.75,1.75,1.75,292.25,8.5,1.75,0.0
LIVE_EPISODIC,EVENT_DRIVEN,Q08_GUARDED,CONTROL_FAILURE,LOW,4,COMPACT_TYPED,12,1.0,6.0,2.0,1.833333,1.0,0.0,1.0,0.833333,0.416667,0.833333,19.5,1.833333,1.833333,304.333333,4.333333,1.833333,0.0
LIVE_EPISODIC,EVENT_DRIVEN,Q08_GUARDED,CONTROL_FAILURE,LOW,4,VERBOSE_TYPED,12,1.0,6.0,2.0,1.833333,1.0,0.0,1.0,0.833333,0.416667,0.833333,27.5,1.833333,1.833333,306.166667,4.333333,1.833333,0.0
LIVE_EPISODIC,EVENT_DRIVEN,Q08_GUARDED,CONTROL_FAILURE,LOW,8,COMPACT_TYPED,12,1.0,10.0,2.0,1.75,1.0,0.0,1.0,0.75,0.375,0.75,18.75,1.75,1.75,290.5,6.5,1.75,0.0
LIVE_EPISODIC,EVENT_DRIVEN,Q08_GUARDED,CONTROL_FAILURE,LOW,8,VERBOSE_TYPED,12,1.0,10.0,2.0,1.75,1.0,0.0,1.0,0.75,0.375,0.75,26.25,1.75,1.75,292.25,6.5,1.75,0.0
LIVE_EPISODIC,EVENT_DRIVEN,Q08_GUARDED,CONTROL_FAILURE,LOW,12,COMPACT_TYPED,12,1.0,14.0,2.0,1.916667,1.0,0.0,1.0,0.916667,0.458333,0.916667,20.25,1.916667,1.916667,318.166667,8.166667,1.916667,0.0
LIVE_EPISODIC,EVENT_DRIVEN,Q08_GUARDED,CONTROL_FAILURE,LOW,12,VERBOSE_TYPED,12,1.0,14.0,2.0,1.916667,1.0,0.0,1.0,0.916667,0.458333,0.916667,28.75,1.916667,1.916667,320.083333,8.166667,1.916667,0.0
LIVE_EPISODIC,EVENT_DRIVEN,Q08_GUARDED,POSE_SHIFT,HIGH,4,COMPACT_TYPED,12,0.583333,3.916667,4.083333,1.583333,1.0,0.0,1.0,0.583333,0.291667,0.583333,21.416667,1.583333,1.583333,259.916667,4.833333,1.583333,0.0
LIVE_EPISODIC,EVENT_DRIVEN,Q08_GUARDED,POSE_SHIFT,HIGH,4,VERBOSE_TYPED,12,0.583333,3.916667,4.083333,1.583333,1.0,0.0,1.0,0.583333,0.291667,0.583333,27.916667,1.583333,1.583333,261.5,4.833333,1.583333,0.0
LIVE_EPISODIC,EVENT_DRIVEN,Q08_GUARDED,POSE_SHIFT,HIGH,8,COMPACT_TYPED,12,0.75,8.25,3.75,1.75,1.0,0.0,1.0,0.75,0.375,0.75,22.25,1.75,1.75,286.75,6.5,1.75,0.0
LIVE_EPISODIC,EVENT_DRIVEN,Q08_GUARDED,POSE_SHIFT,HIGH,8,VERBOSE_TYPED,12,0.75,8.25,3.75,1.75,1.0,0.0,1.0,0.75,0.375,0.75,29.75,1.75,1.75,288.5,6.5,1.75,0.0
LIVE_EPISODIC,EVENT_DRIVEN,Q08_GUARDED,POSE_SHIFT,HIGH,12,COMPACT_TYPED,12,0.666667,11.0,5.0,1.666667,1.0,0.0,1.0,0.666667,0.333333,0.666667,24.0,1.666667,1.666667,273.333333,8.666667,1.666667,0.0
LIVE_EPISODIC,EVENT_DRIVEN,Q08_GUARDED,POSE_SHIFT,HIGH,12,VERBOSE_TYPED,12,0.666667,11.0,5.0,1.666667,1.0,0.0,1.0,0.666667,0.333333,0.666667,31.0,1.666667,1.666667,275.0,8.666667,1.666667,0.0
LIVE_EPISODIC,EVENT_DRIVEN,Q08_GUARDED,POSE_SHIFT,LOW,4,COMPACT_TYPED,12,0.75,4.75,3.25,1.75,1.0,0.0,1.0,0.75,0.375,0.75,21.25,1.75,1.75,286.75,4.5,1.75,0.0
LIVE_EPISODIC,EVENT_DRIVEN,Q08_GUARDED,POSE_SHIFT,LOW,4,VERBOSE_TYPED,12,0.75,4.75,3.25,1.75,1.0,0.0,1.0,0.75,0.375,0.75,28.75,1.75,1.75,288.5,4.5,1.75,0.0
LIVE_EPISODIC,EVENT_DRIVEN,Q08_GUARDED,POSE_SHIFT,LOW,8,COMPACT_TYPED,12,0.833333,8.833333,3.166667,1.833333,1.0,0.0,1.0,0.833333,0.416667,0.833333,21.833333,1.833333,1.833333,300.166667,6.333333,1.833333,0.0
LIVE_EPISODIC,EVENT_DRIVEN,Q08_GUARDED,POSE_SHIFT,LOW,8,VERBOSE_TYPED,12,0.833333,8.833333,3.166667,1.833333,1.0,0.0,1.0,0.833333,0.416667,0.833333,29.833333,1.833333,1.833333,302.0,6.333333,1.833333,0.0
LIVE_EPISODIC,EVENT_DRIVEN,Q08_GUARDED,POSE_SHIFT,LOW,12,COMPACT_TYPED,12,0.666667,11.0,5.0,1.666667,1.0,0.0,1.0,0.666667,0.333333,0.666667,24.0,1.666667,1.666667,273.333333,8.666667,1.666667,0.0
LIVE_EPISODIC,EVENT_DRIVEN,Q08_GUARDED,POSE_SHIFT,LOW,12,VERBOSE_TYPED,12,0.666667,11.0,5.0,1.666667,1.0,0.0,1.0,0.666667,0.333333,0.666667,31.0,1.666667,1.666667,275.0,8.666667,1.666667,0.0
LIVE_EPISODIC,EVENT_DRIVEN,Q08_GUARDED,RESTRICTION_CHANGE,HIGH,4,COMPACT_TYPED,12,0.666667,4.333333,3.666667,1.666667,1.0,0.0,1.0,0.666667,0.333333,0.666667,21.333333,1.666667,1.666667,275.333333,4.666667,1.666667,0.0
LIVE_EPISODIC,EVENT_DRIVEN,Q08_GUARDED,RESTRICTION_CHANGE,HIGH,4,VERBOSE_TYPED,12,0.666667,4.333333,3.666667,1.666667,1.0,0.0,1.0,0.666667,0.333333,0.666667,28.333333,1.666667,1.666667,277.0,4.666667,1.666667,0.0
LIVE_EPISODIC,EVENT_DRIVEN,Q08_GUARDED,RESTRICTION_CHANGE,HIGH,8,COMPACT_TYPED,12,0.833333,8.833333,3.166667,1.833333,1.0,0.0,1.0,0.833333,0.416667,0.833333,21.833333,1.833333,1.833333,302.666667,6.333333,1.833333,0.0
LIVE_EPISODIC,EVENT_DRIVEN,Q08_GUARDED,RESTRICTION_CHANGE,HIGH,8,VERBOSE_TYPED,12,0.833333,8.833333,3.166667,1.833333,1.0,0.0,1.0,0.833333,0.416667,0.833333,29.833333,1.833333,1.833333,304.5,6.333333,1.833333,0.0
LIVE_EPISODIC,EVENT_DRIVEN,Q08_GUARDED,RESTRICTION_CHANGE,HIGH,12,COMPACT_TYPED,12,0.833333,12.5,3.5,1.833333,1.0,0.0,1.0,0.833333,0.416667,0.833333,22.5,1.833333,1.833333,302.666667,8.333333,1.833333,0.0
LIVE_EPISODIC,EVENT_DRIVEN,Q08_GUARDED,RESTRICTION_CHANGE,HIGH,12,VERBOSE_TYPED,12,0.833333,12.5,3.5,1.833333,1.0,0.0,1.0,0.833333,0.416667,0.833333,30.5,1.833333,1.833333,304.5,8.333333,1.833333,0.0
LIVE_EPISODIC,EVENT_DRIVEN,Q08_GUARDED,RESTRICTION_CHANGE,LOW,4,COMPACT_TYPED,12,0.833333,5.166667,2.833333,1.833333,1.0,0.0,1.0,0.833333,0.416667,0.833333,21.166667,1.833333,1.833333,302.666667,4.333333,1.833333,0.0
LIVE_EPISODIC,EVENT_DRIVEN,Q08_GUARDED,RESTRICTION_CHANGE,LOW,4,VERBOSE_TYPED,12,0.833333,5.166667,2.833333,1.833333,1.0,0.0,1.0,0.833333,0.416667,0.833333,29.166667,1.833333,1.833333,304.5,4.333333,1.833333,0.0
LIVE_EPISODIC,EVENT_DRIVEN,Q08_GUARDED,RESTRICTION_CHANGE,LOW,8,COMPACT_TYPED,12,0.833333,8.833333,3.166667,1.833333,1.0,0.0,1.0,0.833333,0.416667,0.833333,21.833333,1.833333,1.833333,302.666667,6.333333,1.833333,0.0
LIVE_EPISODIC,EVENT_DRIVEN,Q08_GUARDED,RESTRICTION_CHANGE,LOW,8,VERBOSE_TYPED,12,0.833333,8.833333,3.166667,1.833333,1.0,0.0,1.0,0.833333,0.416667,0.833333,29.833333,1.833333,1.833333,304.5,6.333333,1.833333,0.0
LIVE_EPISODIC,EVENT_DRIVEN,Q08_GUARDED,RESTRICTION_CHANGE,LOW,12,COMPACT_TYPED,12,0.833333,12.5,3.5,1.833333,1.0,0.0,1.0,0.833333,0.416667,0.833333,22.5,1.833333,1.833333,302.666667,8.333333,1.833333,0.0
LIVE_EPISODIC,EVENT_DRIVEN,Q08_GUARDED,RESTRICTION_CHANGE,LOW,12,VERBOSE_TYPED,12,0.833333,12.5,3.5,1.833333,1.0,0.0,1.0,0.833333,0.416667,0.833333,30.5,1.833333,1.833333,304.5,8.333333,1.833333,0.0
LIVE_EPISODIC,EVENT_DRIVEN,Q09_HOSTILE,AVAILABILITY_LOSS,HIGH,4,COMPACT_TYPED,12,0.166667,1.5,6.5,1.166667,1.0,0.0,1.0,0.166667,0.083333,0.166667,25.666667,1.166667,2.166667,359.833333,5.333333,1.166667,0.0
LIVE_EPISODIC,EVENT_DRIVEN,Q09_HOSTILE,AVAILABILITY_LOSS,HIGH,4,VERBOSE_TYPED,12,0.166667,1.5,6.5,1.166667,1.0,0.0,1.0,0.166667,0.083333,0.166667,36.166667,1.166667,2.166667,362.0,5.333333,1.166667,0.0
LIVE_EPISODIC,EVENT_DRIVEN,Q09_HOSTILE,AVAILABILITY_LOSS,HIGH,8,COMPACT_TYPED,12,0.583333,5.916667,6.083333,1.583333,1.0,0.0,1.0,0.583333,0.291667,0.583333,29.0,1.583333,2.583333,429.416667,5.666667,1.583333,0.0
LIVE_EPISODIC,EVENT_DRIVEN,Q09_HOSTILE,AVAILABILITY_LOSS,HIGH,8,VERBOSE_TYPED,12,0.583333,5.916667,6.083333,1.583333,1.0,0.0,1.0,0.583333,0.291667,0.583333,43.25,1.583333,2.583333,432.0,5.666667,1.583333,0.0
LIVE_EPISODIC,EVENT_DRIVEN,Q09_HOSTILE,AVAILABILITY_LOSS,HIGH,12,COMPACT_TYPED,12,0.75,10.25,5.75,1.75,1.0,0.0,1.0,0.75,0.375,0.75,30.0,1.75,2.75,458.0,7.0,1.75,0.0
LIVE_EPISODIC,EVENT_DRIVEN,Q09_HOSTILE,AVAILABILITY_LOSS,HIGH,12,VERBOSE_TYPED,12,0.75,10.25,5.75,1.75,1.0,0.0,1.0,0.75,0.375,0.75,45.75,1.75,2.75,460.75,7.0,1.75,0.0
LIVE_EPISODIC,EVENT_DRIVEN,Q09_HOSTILE,AVAILABILITY_LOSS,LOW,4,COMPACT_TYPED,12,0.583333,2.75,5.25,1.583333,1.0,0.0,1.0,0.583333,0.291667,0.583333,27.333333,1.583333,2.583333,429.416667,3.666667,1.583333,0.0
LIVE_EPISODIC,EVENT_DRIVEN,Q09_HOSTILE,AVAILABILITY_LOSS,LOW,4,VERBOSE_TYPED,12,0.583333,2.75,5.25,1.583333,1.0,0.0,1.0,0.583333,0.291667,0.583333,41.583333,1.583333,2.583333,432.0,3.666667,1.583333,0.0
LIVE_EPISODIC,EVENT_DRIVEN,Q09_HOSTILE,AVAILABILITY_LOSS,LOW,8,COMPACT_TYPED,12,0.583333,5.916667,6.083333,1.583333,1.0,0.0,1.0,0.583333,0.291667,0.583333,29.0,1.583333,2.583333,429.416667,5.666667,1.583333,0.0
LIVE_EPISODIC,EVENT_DRIVEN,Q09_HOSTILE,AVAILABILITY_LOSS,LOW,8,VERBOSE_TYPED,12,0.583333,5.916667,6.083333,1.583333,1.0,0.0,1.0,0.583333,0.291667,0.583333,43.25,1.583333,2.583333,432.0,5.666667,1.583333,0.0
LIVE_EPISODIC,EVENT_DRIVEN,Q09_HOSTILE,AVAILABILITY_LOSS,LOW,12,COMPACT_TYPED,12,0.416667,7.916667,8.083333,1.416667,1.0,0.0,1.0,0.416667,0.208333,0.416667,31.333333,1.416667,2.416667,402.0,8.333333,1.416667,0.0
LIVE_EPISODIC,EVENT_DRIVEN,Q09_HOSTILE,AVAILABILITY_LOSS,LOW,12,VERBOSE_TYPED,12,0.416667,7.916667,8.083333,1.416667,1.0,0.0,1.0,0.416667,0.208333,0.416667,44.083333,1.416667,2.416667,404.416667,8.333333,1.416667,0.0
LIVE_EPISODIC,EVENT_DRIVEN,Q09_HOSTILE,CONTROL_FAILURE,HIGH,4,COMPACT_TYPED,12,1.0,5.0,3.0,1.5,1.0,0.0,1.0,0.5,0.25,0.5,22.0,1.5,2.5,415.0,4.0,1.5,0.0
LIVE_EPISODIC,EVENT_DRIVEN,Q09_HOSTILE,CONTROL_FAILURE,HIGH,4,VERBOSE_TYPED,12,1.0,5.0,3.0,1.5,1.0,0.0,1.0,0.5,0.25,0.5,35.5,1.5,2.5,417.5,4.0,1.5,0.0
LIVE_EPISODIC,EVENT_DRIVEN,Q09_HOSTILE,CONTROL_FAILURE,HIGH,8,COMPACT_TYPED,12,1.0,9.0,3.0,1.5,1.0,0.0,1.0,0.5,0.25,0.5,22.0,1.5,2.5,415.0,6.0,1.5,0.0
LIVE_EPISODIC,EVENT_DRIVEN,Q09_HOSTILE,CONTROL_FAILURE,HIGH,8,VERBOSE_TYPED,12,1.0,9.0,3.0,1.5,1.0,0.0,1.0,0.5,0.25,0.5,35.5,1.5,2.5,417.5,6.0,1.5,0.0
LIVE_EPISODIC,EVENT_DRIVEN,Q09_HOSTILE,CONTROL_FAILURE,HIGH,12,COMPACT_TYPED,12,1.0,13.0,3.0,1.416667,1.0,0.0,1.0,0.416667,0.208333,0.416667,21.166667,1.416667,2.416667,401.583333,8.333333,1.416667,0.0
LIVE_EPISODIC,EVENT_DRIVEN,Q09_HOSTILE,CONTROL_FAILURE,HIGH,12,VERBOSE_TYPED,12,1.0,13.0,3.0,1.416667,1.0,0.0,1.0,0.416667,0.208333,0.416667,33.916667,1.416667,2.416667,404.0,8.333333,1.416667,0.0
LIVE_EPISODIC,EVENT_DRIVEN,Q09_HOSTILE,CONTROL_FAILURE,LOW,4,COMPACT_TYPED,12,1.0,6.0,2.0,1.5,1.0,0.0,1.0,0.5,0.25,0.5,20.0,1.5,2.5,415.0,4.0,1.5,0.0
LIVE_EPISODIC,EVENT_DRIVEN,Q09_HOSTILE,CONTROL_FAILURE,LOW,4,VERBOSE_TYPED,12,1.0,6.0,2.0,1.5,1.0,0.0,1.0,0.5,0.25,0.5,33.5,1.5,2.5,417.5,4.0,1.5,0.0
LIVE_EPISODIC,EVENT_DRIVEN,Q09_HOSTILE,CONTROL_FAILURE,LOW,8,COMPACT_TYPED,12,1.0,10.0,2.0,1.75,1.0,0.0,1.0,0.75,0.375,0.75,22.5,1.75,2.75,456.5,5.0,1.75,0.0
LIVE_EPISODIC,EVENT_DRIVEN,Q09_HOSTILE,CONTROL_FAILURE,LOW,8,VERBOSE_TYPED,12,1.0,10.0,2.0,1.75,1.0,0.0,1.0,0.75,0.375,0.75,38.25,1.75,2.75,459.25,5.0,1.75,0.0
LIVE_EPISODIC,EVENT_DRIVEN,Q09_HOSTILE,CONTROL_FAILURE,LOW,12,COMPACT_TYPED,12,1.0,14.0,2.0,1.583333,1.0,0.0,1.0,0.583333,0.291667,0.583333,20.833333,1.583333,2.583333,429.416667,7.666667,1.583333,0.0
LIVE_EPISODIC,EVENT_DRIVEN,Q09_HOSTILE,CONTROL_FAILURE,LOW,12,VERBOSE_TYPED,12,1.0,14.0,2.0,1.583333,1.0,0.0,1.0,0.583333,0.291667,0.583333,35.083333,1.583333,2.583333,432.0,7.666667,1.583333,0.0
LIVE_EPISODIC,EVENT_DRIVEN,Q09_HOSTILE,POSE_SHIFT,HIGH,4,COMPACT_TYPED,12,0.583333,2.75,5.25,1.583333,1.0,0.0,1.0,0.583333,0.291667,0.583333,27.333333,1.583333,2.583333,425.916667,3.666667,1.583333,0.0
LIVE_EPISODIC,EVENT_DRIVEN,Q09_HOSTILE,POSE_SHIFT,HIGH,4,VERBOSE_TYPED,12,0.583333,2.75,5.25,1.583333,1.0,0.0,1.0,0.583333,0.291667,0.583333,41.583333,1.583333,2.583333,428.5,3.666667,1.583333,0.0
LIVE_EPISODIC,EVENT_DRIVEN,Q09_HOSTILE,POSE_SHIFT,HIGH,8,COMPACT_TYPED,12,0.583333,5.916667,6.083333,1.583333,1.0,0.0,1.0,0.583333,0.291667,0.583333,29.0,1.583333,2.583333,425.916667,5.666667,1.583333,0.0
LIVE_EPISODIC,EVENT_DRIVEN,Q09_HOSTILE,POSE_SHIFT,HIGH,8,VERBOSE_TYPED,12,0.583333,5.916667,6.083333,1.583333,1.0,0.0,1.0,0.583333,0.291667,0.583333,43.25,1.583333,2.583333,428.5,5.666667,1.583333,0.0
LIVE_EPISODIC,EVENT_DRIVEN,Q09_HOSTILE,POSE_SHIFT,HIGH,12,COMPACT_TYPED,12,0.5,8.5,7.5,1.5,1.0,0.0,1.0,0.5,0.25,0.5,31.0,1.5,2.5,413.0,8.0,1.5,0.0
LIVE_EPISODIC,EVENT_DRIVEN,Q09_HOSTILE,POSE_SHIFT,HIGH,12,VERBOSE_TYPED,12,0.5,8.5,7.5,1.5,1.0,0.0,1.0,0.5,0.25,0.5,44.5,1.5,2.5,415.5,8.0,1.5,0.0
LIVE_EPISODIC,EVENT_DRIVEN,Q09_HOSTILE,POSE_SHIFT,LOW,4,COMPACT_TYPED,12,0.583333,2.75,5.25,1.583333,1.0,0.0,1.0,0.583333,0.291667,0.583333,27.333333,1.583333,2.583333,425.916667,3.666667,1.583333,0.0
LIVE_EPISODIC,EVENT_DRIVEN,Q09_HOSTILE,POSE_SHIFT,LOW,4,VERBOSE_TYPED,12,0.583333,2.75,5.25,1.583333,1.0,0.0,1.0,0.583333,0.291667,0.583333,41.583333,1.583333,2.583333,428.5,3.666667,1.583333,0.0
LIVE_EPISODIC,EVENT_DRIVEN,Q09_HOSTILE,POSE_SHIFT,LOW,8,COMPACT_TYPED,12,0.583333,5.916667,6.083333,1.583333,1.0,0.0,1.0,0.583333,0.291667,0.583333,29.0,1.583333,2.583333,425.916667,5.666667,1.583333,0.0
LIVE_EPISODIC,EVENT_DRIVEN,Q09_HOSTILE,POSE_SHIFT,LOW,8,VERBOSE_TYPED,12,0.583333,5.916667,6.083333,1.583333,1.0,0.0,1.0,0.583333,0.291667,0.583333,43.25,1.583333,2.583333,428.5,5.666667,1.583333,0.0
LIVE_EPISODIC,EVENT_DRIVEN,Q09_HOSTILE,POSE_SHIFT,LOW,12,COMPACT_TYPED,12,0.333333,7.333333,8.666667,1.333333,1.0,0.0,1.0,0.333333,0.166667,0.333333,31.666667,1.333333,2.333333,386.0,8.666667,1.333333,0.0
LIVE_EPISODIC,EVENT_DRIVEN,Q09_HOSTILE,POSE_SHIFT,LOW,12,VERBOSE_TYPED,12,0.333333,7.333333,8.666667,1.333333,1.0,0.0,1.0,0.333333,0.166667,0.333333,43.666667,1.333333,2.333333,388.333333,8.666667,1.333333,0.0
LIVE_EPISODIC,EVENT_DRIVEN,Q09_HOSTILE,RESTRICTION_CHANGE,HIGH,4,COMPACT_TYPED,12,0.416667,2.25,5.75,1.416667,1.0,0.0,1.0,0.416667,0.208333,0.416667,26.666667,1.416667,2.416667,400.333333,4.333333,1.416667,0.0
LIVE_EPISODIC,EVENT_DRIVEN,Q09_HOSTILE,RESTRICTION_CHANGE,HIGH,4,VERBOSE_TYPED,12,0.416667,2.25,5.75,1.416667,1.0,0.0,1.0,0.416667,0.208333,0.416667,39.416667,1.416667,2.416667,402.75,4.333333,1.416667,0.0
LIVE_EPISODIC,EVENT_DRIVEN,Q09_HOSTILE,RESTRICTION_CHANGE,HIGH,8,COMPACT_TYPED,12,0.666667,6.333333,5.666667,1.666667,1.0,0.0,1.0,0.666667,0.333333,0.666667,29.0,1.666667,2.666667,441.333333,5.333333,1.666667,0.0
LIVE_EPISODIC,EVENT_DRIVEN,Q09_HOSTILE,RESTRICTION_CHANGE,HIGH,8,VERBOSE_TYPED,12,0.666667,6.333333,5.666667,1.666667,1.0,0.0,1.0,0.666667,0.333333,0.666667,44.0,1.666667,2.666667,444.0,5.333333,1.666667,0.0
LIVE_EPISODIC,EVENT_DRIVEN,Q09_HOSTILE,RESTRICTION_CHANGE,HIGH,12,COMPACT_TYPED,12,0.583333,9.083333,6.916667,1.583333,1.0,0.0,1.0,0.583333,0.291667,0.583333,30.666667,1.583333,2.583333,428.25,7.666667,1.583333,0.0
LIVE_EPISODIC,EVENT_DRIVEN,Q09_HOSTILE,RESTRICTION_CHANGE,HIGH,12,VERBOSE_TYPED,12,0.583333,9.083333,6.916667,1.583333,1.0,0.0,1.0,0.583333,0.291667,0.583333,44.916667,1.583333,2.583333,430.833333,7.666667,1.583333,0.0
LIVE_EPISODIC,EVENT_DRIVEN,Q09_HOSTILE,RESTRICTION_CHANGE,LOW,4,COMPACT_TYPED,12,0.583333,2.75,5.25,1.583333,1.0,0.0,1.0,0.583333,0.291667,0.583333,27.333333,1.583333,2.583333,427.666667,3.666667,1.583333,0.0
LIVE_EPISODIC,EVENT_DRIVEN,Q09_HOSTILE,RESTRICTION_CHANGE,LOW,4,VERBOSE_TYPED,12,0.583333,2.75,5.25,1.583333,1.0,0.0,1.0,0.583333,0.291667,0.583333,41.583333,1.583333,2.583333,430.25,3.666667,1.583333,0.0
LIVE_EPISODIC,EVENT_DRIVEN,Q09_HOSTILE,RESTRICTION_CHANGE,LOW,8,COMPACT_TYPED,12,0.583333,5.916667,6.083333,1.583333,1.0,0.0,1.0,0.583333,0.291667,0.583333,29.0,1.583333,2.583333,427.666667,5.666667,1.583333,0.0
LIVE_EPISODIC,EVENT_DRIVEN,Q09_HOSTILE,RESTRICTION_CHANGE,LOW,8,VERBOSE_TYPED,12,0.583333,5.916667,6.083333,1.583333,1.0,0.0,1.0,0.583333,0.291667,0.583333,43.25,1.583333,2.583333,430.25,5.666667,1.583333,0.0
LIVE_EPISODIC,EVENT_DRIVEN,Q09_HOSTILE,RESTRICTION_CHANGE,LOW,12,COMPACT_TYPED,12,0.75,10.25,5.75,1.75,1.0,0.0,1.0,0.75,0.375,0.75,30.0,1.75,2.75,455.75,7.0,1.75,0.0
LIVE_EPISODIC,EVENT_DRIVEN,Q09_HOSTILE,RESTRICTION_CHANGE,LOW,12,VERBOSE_TYPED,12,0.75,10.25,5.75,1.75,1.0,0.0,1.0,0.75,0.375,0.75,45.75,1.75,2.75,458.5,7.0,1.75,0.0
LIVE_EPISODIC,FAILURE_THRESHOLD,Q00_CLEAN,AVAILABILITY_LOSS,HIGH,4,COMPACT_TYPED,12,1.0,6.0,2.0,1.0,0.0,1.0,0.0,1.0,0.0,0.0,11.0,1.0,0.0,0.0,8.0,0.0,1.0
LIVE_EPISODIC,FAILURE_THRESHOLD,Q00_CLEAN,AVAILABILITY_LOSS,HIGH,4,VERBOSE_TYPED,12,1.0,6.0,2.0,1.0,0.0,1.0,0.0,1.0,0.0,0.0,14.0,1.0,0.0,0.0,8.0,0.0,1.0
LIVE_EPISODIC,FAILURE_THRESHOLD,Q00_CLEAN,AVAILABILITY_LOSS,HIGH,8,COMPACT_TYPED,12,1.0,10.0,2.0,1.0,0.0,1.0,0.0,1.0,0.0,0.0,11.0,1.0,0.0,0.0,12.0,0.0,1.0
LIVE_EPISODIC,FAILURE_THRESHOLD,Q00_CLEAN,AVAILABILITY_LOSS,HIGH,8,VERBOSE_TYPED,12,1.0,10.0,2.0,1.0,0.0,1.0,0.0,1.0,0.0,0.0,14.0,1.0,0.0,0.0,12.0,0.0,1.0
LIVE_EPISODIC,FAILURE_THRESHOLD,Q00_CLEAN,AVAILABILITY_LOSS,HIGH,12,COMPACT_TYPED,12,1.0,14.0,2.0,1.0,0.0,1.0,0.0,1.0,0.0,0.0,11.0,1.0,0.0,0.0,16.0,0.0,1.0
LIVE_EPISODIC,FAILURE_THRESHOLD,Q00_CLEAN,AVAILABILITY_LOSS,HIGH,12,VERBOSE_TYPED,12,1.0,14.0,2.0,1.0,0.0,1.0,0.0,1.0,0.0,0.0,14.0,1.0,0.0,0.0,16.0,0.0,1.0
LIVE_EPISODIC,FAILURE_THRESHOLD,Q00_CLEAN,AVAILABILITY_LOSS,LOW,4,COMPACT_TYPED,12,1.0,6.0,2.0,1.0,0.0,1.0,0.0,1.0,0.0,0.0,11.0,1.0,0.0,0.0,8.0,0.0,1.0
LIVE_EPISODIC,FAILURE_THRESHOLD,Q00_CLEAN,AVAILABILITY_LOSS,LOW,4,VERBOSE_TYPED,12,1.0,6.0,2.0,1.0,0.0,1.0,0.0,1.0,0.0,0.0,14.0,1.0,0.0,0.0,8.0,0.0,1.0
LIVE_EPISODIC,FAILURE_THRESHOLD,Q00_CLEAN,AVAILABILITY_LOSS,LOW,8,COMPACT_TYPED,12,1.0,10.0,2.0,1.0,0.0,1.0,0.0,1.0,0.0,0.0,11.0,1.0,0.0,0.0,12.0,0.0,1.0
LIVE_EPISODIC,FAILURE_THRESHOLD,Q00_CLEAN,AVAILABILITY_LOSS,LOW,8,VERBOSE_TYPED,12,1.0,10.0,2.0,1.0,0.0,1.0,0.0,1.0,0.0,0.0,14.0,1.0,0.0,0.0,12.0,0.0,1.0
LIVE_EPISODIC,FAILURE_THRESHOLD,Q00_CLEAN,AVAILABILITY_LOSS,LOW,12,COMPACT_TYPED,12,1.0,14.0,2.0,1.0,0.0,1.0,0.0,1.0,0.0,0.0,11.0,1.0,0.0,0.0,16.0,0.0,1.0
LIVE_EPISODIC,FAILURE_THRESHOLD,Q00_CLEAN,AVAILABILITY_LOSS,LOW,12,VERBOSE_TYPED,12,1.0,14.0,2.0,1.0,0.0,1.0,0.0,1.0,0.0,0.0,14.0,1.0,0.0,0.0,16.0,0.0,1.0
LIVE_EPISODIC,FAILURE_THRESHOLD,Q00_CLEAN,CONTROL_FAILURE,HIGH,4,COMPACT_TYPED,12,1.0,6.0,2.0,1.0,0.0,1.0,0.0,1.0,0.0,0.0,11.0,1.0,0.0,0.0,8.0,0.0,1.0
LIVE_EPISODIC,FAILURE_THRESHOLD,Q00_CLEAN,CONTROL_FAILURE,HIGH,4,VERBOSE_TYPED,12,1.0,6.0,2.0,1.0,0.0,1.0,0.0,1.0,0.0,0.0,14.0,1.0,0.0,0.0,8.0,0.0,1.0
LIVE_EPISODIC,FAILURE_THRESHOLD,Q00_CLEAN,CONTROL_FAILURE,HIGH,8,COMPACT_TYPED,12,1.0,10.0,2.0,1.0,0.0,1.0,0.0,1.0,0.0,0.0,11.0,1.0,0.0,0.0,12.0,0.0,1.0
LIVE_EPISODIC,FAILURE_THRESHOLD,Q00_CLEAN,CONTROL_FAILURE,HIGH,8,VERBOSE_TYPED,12,1.0,10.0,2.0,1.0,0.0,1.0,0.0,1.0,0.0,0.0,14.0,1.0,0.0,0.0,12.0,0.0,1.0
LIVE_EPISODIC,FAILURE_THRESHOLD,Q00_CLEAN,CONTROL_FAILURE,HIGH,12,COMPACT_TYPED,12,1.0,14.0,2.0,1.0,0.0,1.0,0.0,1.0,0.0,0.0,11.0,1.0,0.0,0.0,16.0,0.0,1.0
LIVE_EPISODIC,FAILURE_THRESHOLD,Q00_CLEAN,CONTROL_FAILURE,HIGH,12,VERBOSE_TYPED,12,1.0,14.0,2.0,1.0,0.0,1.0,0.0,1.0,0.0,0.0,14.0,1.0,0.0,0.0,16.0,0.0,1.0
LIVE_EPISODIC,FAILURE_THRESHOLD,Q00_CLEAN,CONTROL_FAILURE,LOW,4,COMPACT_TYPED,12,1.0,6.0,2.0,1.0,0.0,1.0,0.0,1.0,0.0,0.0,11.0,1.0,0.0,0.0,8.0,0.0,1.0
LIVE_EPISODIC,FAILURE_THRESHOLD,Q00_CLEAN,CONTROL_FAILURE,LOW,4,VERBOSE_TYPED,12,1.0,6.0,2.0,1.0,0.0,1.0,0.0,1.0,0.0,0.0,14.0,1.0,0.0,0.0,8.0,0.0,1.0
LIVE_EPISODIC,FAILURE_THRESHOLD,Q00_CLEAN,CONTROL_FAILURE,LOW,8,COMPACT_TYPED,12,1.0,10.0,2.0,1.0,0.0,1.0,0.0,1.0,0.0,0.0,11.0,1.0,0.0,0.0,12.0,0.0,1.0
LIVE_EPISODIC,FAILURE_THRESHOLD,Q00_CLEAN,CONTROL_FAILURE,LOW,8,VERBOSE_TYPED,12,1.0,10.0,2.0,1.0,0.0,1.0,0.0,1.0,0.0,0.0,14.0,1.0,0.0,0.0,12.0,0.0,1.0
LIVE_EPISODIC,FAILURE_THRESHOLD,Q00_CLEAN,CONTROL_FAILURE,LOW,12,COMPACT_TYPED,12,1.0,14.0,2.0,1.0,0.0,1.0,0.0,1.0,0.0,0.0,11.0,1.0,0.0,0.0,16.0,0.0,1.0
LIVE_EPISODIC,FAILURE_THRESHOLD,Q00_CLEAN,CONTROL_FAILURE,LOW,12,VERBOSE_TYPED,12,1.0,14.0,2.0,1.0,0.0,1.0,0.0,1.0,0.0,0.0,14.0,1.0,0.0,0.0,16.0,0.0,1.0
LIVE_EPISODIC,FAILURE_THRESHOLD,Q00_CLEAN,POSE_SHIFT,HIGH,4,COMPACT_TYPED,12,1.0,6.0,2.0,1.0,0.0,1.0,0.0,1.0,0.0,0.0,11.0,1.0,0.0,0.0,8.0,0.0,1.0
LIVE_EPISODIC,FAILURE_THRESHOLD,Q00_CLEAN,POSE_SHIFT,HIGH,4,VERBOSE_TYPED,12,1.0,6.0,2.0,1.0,0.0,1.0,0.0,1.0,0.0,0.0,14.0,1.0,0.0,0.0,8.0,0.0,1.0
LIVE_EPISODIC,FAILURE_THRESHOLD,Q00_CLEAN,POSE_SHIFT,HIGH,8,COMPACT_TYPED,12,1.0,10.0,2.0,1.0,0.0,1.0,0.0,1.0,0.0,0.0,11.0,1.0,0.0,0.0,12.0,0.0,1.0
LIVE_EPISODIC,FAILURE_THRESHOLD,Q00_CLEAN,POSE_SHIFT,HIGH,8,VERBOSE_TYPED,12,1.0,10.0,2.0,1.0,0.0,1.0,0.0,1.0,0.0,0.0,14.0,1.0,0.0,0.0,12.0,0.0,1.0
LIVE_EPISODIC,FAILURE_THRESHOLD,Q00_CLEAN,POSE_SHIFT,HIGH,12,COMPACT_TYPED,12,1.0,14.0,2.0,1.0,0.0,1.0,0.0,1.0,0.0,0.0,11.0,1.0,0.0,0.0,16.0,0.0,1.0
LIVE_EPISODIC,FAILURE_THRESHOLD,Q00_CLEAN,POSE_SHIFT,HIGH,12,VERBOSE_TYPED,12,1.0,14.0,2.0,1.0,0.0,1.0,0.0,1.0,0.0,0.0,14.0,1.0,0.0,0.0,16.0,0.0,1.0
LIVE_EPISODIC,FAILURE_THRESHOLD,Q00_CLEAN,POSE_SHIFT,LOW,4,COMPACT_TYPED,12,1.0,6.0,2.0,1.0,0.0,1.0,0.0,1.0,0.0,0.0,11.0,1.0,0.0,0.0,8.0,0.0,1.0
LIVE_EPISODIC,FAILURE_THRESHOLD,Q00_CLEAN,POSE_SHIFT,LOW,4,VERBOSE_TYPED,12,1.0,6.0,2.0,1.0,0.0,1.0,0.0,1.0,0.0,0.0,14.0,1.0,0.0,0.0,8.0,0.0,1.0
LIVE_EPISODIC,FAILURE_THRESHOLD,Q00_CLEAN,POSE_SHIFT,LOW,8,COMPACT_TYPED,12,1.0,10.0,2.0,1.0,0.0,1.0,0.0,1.0,0.0,0.0,11.0,1.0,0.0,0.0,12.0,0.0,1.0
LIVE_EPISODIC,FAILURE_THRESHOLD,Q00_CLEAN,POSE_SHIFT,LOW,8,VERBOSE_TYPED,12,1.0,10.0,2.0,1.0,0.0,1.0,0.0,1.0,0.0,0.0,14.0,1.0,0.0,0.0,12.0,0.0,1.0
LIVE_EPISODIC,FAILURE_THRESHOLD,Q00_CLEAN,POSE_SHIFT,LOW,12,COMPACT_TYPED,12,1.0,14.0,2.0,1.0,0.0,1.0,0.0,1.0,0.0,0.0,11.0,1.0,0.0,0.0,16.0,0.0,1.0
LIVE_EPISODIC,FAILURE_THRESHOLD,Q00_CLEAN,POSE_SHIFT,LOW,12,VERBOSE_TYPED,12,1.0,14.0,2.0,1.0,0.0,1.0,0.0,1.0,0.0,0.0,14.0,1.0,0.0,0.0,16.0,0.0,1.0
LIVE_EPISODIC,FAILURE_THRESHOLD,Q00_CLEAN,RESTRICTION_CHANGE,HIGH,4,COMPACT_TYPED,12,1.0,6.0,2.0,1.0,0.0,1.0,0.0,1.0,0.0,0.0,11.0,1.0,0.0,0.0,8.0,0.0,1.0
LIVE_EPISODIC,FAILURE_THRESHOLD,Q00_CLEAN,RESTRICTION_CHANGE,HIGH,4,VERBOSE_TYPED,12,1.0,6.0,2.0,1.0,0.0,1.0,0.0,1.0,0.0,0.0,14.0,1.0,0.0,0.0,8.0,0.0,1.0
LIVE_EPISODIC,FAILURE_THRESHOLD,Q00_CLEAN,RESTRICTION_CHANGE,HIGH,8,COMPACT_TYPED,12,1.0,10.0,2.0,1.0,0.0,1.0,0.0,1.0,0.0,0.0,11.0,1.0,0.0,0.0,12.0,0.0,1.0
LIVE_EPISODIC,FAILURE_THRESHOLD,Q00_CLEAN,RESTRICTION_CHANGE,HIGH,8,VERBOSE_TYPED,12,1.0,10.0,2.0,1.0,0.0,1.0,0.0,1.0,0.0,0.0,14.0,1.0,0.0,0.0,12.0,0.0,1.0
LIVE_EPISODIC,FAILURE_THRESHOLD,Q00_CLEAN,RESTRICTION_CHANGE,HIGH,12,COMPACT_TYPED,12,1.0,14.0,2.0,1.0,0.0,1.0,0.0,1.0,0.0,0.0,11.0,1.0,0.0,0.0,16.0,0.0,1.0
LIVE_EPISODIC,FAILURE_THRESHOLD,Q00_CLEAN,RESTRICTION_CHANGE,HIGH,12,VERBOSE_TYPED,12,1.0,14.0,2.0,1.0,0.0,1.0,0.0,1.0,0.0,0.0,14.0,1.0,0.0,0.0,16.0,0.0,1.0
LIVE_EPISODIC,FAILURE_THRESHOLD,Q00_CLEAN,RESTRICTION_CHANGE,LOW,4,COMPACT_TYPED,12,1.0,6.0,2.0,1.0,0.0,1.0,0.0,1.0,0.0,0.0,11.0,1.0,0.0,0.0,8.0,0.0,1.0
LIVE_EPISODIC,FAILURE_THRESHOLD,Q00_CLEAN,RESTRICTION_CHANGE,LOW,4,VERBOSE_TYPED,12,1.0,6.0,2.0,1.0,0.0,1.0,0.0,1.0,0.0,0.0,14.0,1.0,0.0,0.0,8.0,0.0,1.0
LIVE_EPISODIC,FAILURE_THRESHOLD,Q00_CLEAN,RESTRICTION_CHANGE,LOW,8,COMPACT_TYPED,12,1.0,10.0,2.0,1.0,0.0,1.0,0.0,1.0,0.0,0.0,11.0,1.0,0.0,0.0,12.0,0.0,1.0
LIVE_EPISODIC,FAILURE_THRESHOLD,Q00_CLEAN,RESTRICTION_CHANGE,LOW,8,VERBOSE_TYPED,12,1.0,10.0,2.0,1.0,0.0,1.0,0.0,1.0,0.0,0.0,14.0,1.0,0.0,0.0,12.0,0.0,1.0
LIVE_EPISODIC,FAILURE_THRESHOLD,Q00_CLEAN,RESTRICTION_CHANGE,LOW,12,COMPACT_TYPED,12,1.0,14.0,2.0,1.0,0.0,1.0,0.0,1.0,0.0,0.0,11.0,1.0,0.0,0.0,16.0,0.0,1.0
LIVE_EPISODIC,FAILURE_THRESHOLD,Q00_CLEAN,RESTRICTION_CHANGE,LOW,12,VERBOSE_TYPED,12,1.0,14.0,2.0,1.0,0.0,1.0,0.0,1.0,0.0,0.0,14.0,1.0,0.0,0.0,16.0,0.0,1.0
LIVE_EPISODIC,FAILURE_THRESHOLD,Q01_RECALL75,AVAILABILITY_LOSS,HIGH,4,COMPACT_TYPED,12,1.0,6.0,2.0,1.0,0.0,1.0,0.0,1.0,0.0,0.0,10.5,1.0,0.0,0.0,8.0,0.0,1.0
LIVE_EPISODIC,FAILURE_THRESHOLD,Q01_RECALL75,AVAILABILITY_LOSS,HIGH,4,VERBOSE_TYPED,12,1.0,6.0,2.0,1.0,0.0,1.0,0.0,1.0,0.0,0.0,12.0,1.0,0.0,0.0,8.0,0.0,1.0
LIVE_EPISODIC,FAILURE_THRESHOLD,Q01_RECALL75,AVAILABILITY_LOSS,HIGH,8,COMPACT_TYPED,12,1.0,10.0,2.0,1.0,0.0,1.0,0.0,1.0,0.0,0.0,10.75,1.0,0.0,0.0,12.0,0.0,1.0
LIVE_EPISODIC,FAILURE_THRESHOLD,Q01_RECALL75,AVAILABILITY_LOSS,HIGH,8,VERBOSE_TYPED,12,1.0,10.0,2.0,1.0,0.0,1.0,0.0,1.0,0.0,0.0,13.0,1.0,0.0,0.0,12.0,0.0,1.0
LIVE_EPISODIC,FAILURE_THRESHOLD,Q01_RECALL75,AVAILABILITY_LOSS,HIGH,12,COMPACT_TYPED,12,1.0,14.0,2.0,1.0,0.0,1.0,0.0,1.0,0.0,0.0,10.833333,1.0,0.0,0.0,16.0,0.0,1.0
LIVE_EPISODIC,FAILURE_THRESHOLD,Q01_RECALL75,AVAILABILITY_LOSS,HIGH,12,VERBOSE_TYPED,12,1.0,14.0,2.0,1.0,0.0,1.0,0.0,1.0,0.0,0.0,13.333333,1.0,0.0,0.0,16.0,0.0,1.0
LIVE_EPISODIC,FAILURE_THRESHOLD,Q01_RECALL75,AVAILABILITY_LOSS,LOW,4,COMPACT_TYPED,12,1.0,6.0,2.0,1.0,0.0,1.0,0.0,1.0,0.0,0.0,10.833333,1.0,0.0,0.0,8.0,0.0,1.0
LIVE_EPISODIC,FAILURE_THRESHOLD,Q01_RECALL75,AVAILABILITY_LOSS,LOW,4,VERBOSE_TYPED,12,1.0,6.0,2.0,1.0,0.0,1.0,0.0,1.0,0.0,0.0,13.333333,1.0,0.0,0.0,8.0,0.0,1.0
LIVE_EPISODIC,FAILURE_THRESHOLD,Q01_RECALL75,AVAILABILITY_LOSS,LOW,8,COMPACT_TYPED,12,1.0,10.0,2.0,1.0,0.0,1.0,0.0,1.0,0.0,0.0,10.75,1.0,0.0,0.0,12.0,0.0,1.0
LIVE_EPISODIC,FAILURE_THRESHOLD,Q01_RECALL75,AVAILABILITY_LOSS,LOW,8,VERBOSE_TYPED,12,1.0,10.0,2.0,1.0,0.0,1.0,0.0,1.0,0.0,0.0,13.0,1.0,0.0,0.0,12.0,0.0,1.0
LIVE_EPISODIC,FAILURE_THRESHOLD,Q01_RECALL75,AVAILABILITY_LOSS,LOW,12,COMPACT_TYPED,12,1.0,14.0,2.0,1.0,0.0,1.0,0.0,1.0,0.0,0.0,10.75,1.0,0.0,0.0,16.0,0.0,1.0
LIVE_EPISODIC,FAILURE_THRESHOLD,Q01_RECALL75,AVAILABILITY_LOSS,LOW,12,VERBOSE_TYPED,12,1.0,14.0,2.0,1.0,0.0,1.0,0.0,1.0,0.0,0.0,13.0,1.0,0.0,0.0,16.0,0.0,1.0
LIVE_EPISODIC,FAILURE_THRESHOLD,Q01_RECALL75,CONTROL_FAILURE,HIGH,4,COMPACT_TYPED,12,1.0,6.0,2.0,1.0,0.0,1.0,0.0,1.0,0.0,0.0,10.583333,1.0,0.0,0.0,8.0,0.0,1.0
LIVE_EPISODIC,FAILURE_THRESHOLD,Q01_RECALL75,CONTROL_FAILURE,HIGH,4,VERBOSE_TYPED,12,1.0,6.0,2.0,1.0,0.0,1.0,0.0,1.0,0.0,0.0,12.333333,1.0,0.0,0.0,8.0,0.0,1.0
LIVE_EPISODIC,FAILURE_THRESHOLD,Q01_RECALL75,CONTROL_FAILURE,HIGH,8,COMPACT_TYPED,12,1.0,10.0,2.0,1.0,0.0,1.0,0.0,1.0,0.0,0.0,10.833333,1.0,0.0,0.0,12.0,0.0,1.0
LIVE_EPISODIC,FAILURE_THRESHOLD,Q01_RECALL75,CONTROL_FAILURE,HIGH,8,VERBOSE_TYPED,12,1.0,10.0,2.0,1.0,0.0,1.0,0.0,1.0,0.0,0.0,13.333333,1.0,0.0,0.0,12.0,0.0,1.0
LIVE_EPISODIC,FAILURE_THRESHOLD,Q01_RECALL75,CONTROL_FAILURE,HIGH,12,COMPACT_TYPED,12,1.0,14.0,2.0,1.0,0.0,1.0,0.0,1.0,0.0,0.0,10.75,1.0,0.0,0.0,16.0,0.0,1.0
LIVE_EPISODIC,FAILURE_THRESHOLD,Q01_RECALL75,CONTROL_FAILURE,HIGH,12,VERBOSE_TYPED,12,1.0,14.0,2.0,1.0,0.0,1.0,0.0,1.0,0.0,0.0,13.0,1.0,0.0,0.0,16.0,0.0,1.0
LIVE_EPISODIC,FAILURE_THRESHOLD,Q01_RECALL75,CONTROL_FAILURE,LOW,4,COMPACT_TYPED,12,1.0,6.0,2.0,1.0,0.0,1.0,0.0,1.0,0.0,0.0,10.833333,1.0,0.0,0.0,8.0,0.0,1.0
LIVE_EPISODIC,FAILURE_THRESHOLD,Q01_RECALL75,CONTROL_FAILURE,LOW,4,VERBOSE_TYPED,12,1.0,6.0,2.0,1.0,0.0,1.0,0.0,1.0,0.0,0.0,13.333333,1.0,0.0,0.0,8.0,0.0,1.0
LIVE_EPISODIC,FAILURE_THRESHOLD,Q01_RECALL75,CONTROL_FAILURE,LOW,8,COMPACT_TYPED,12,1.0,10.0,2.0,1.0,0.0,1.0,0.0,1.0,0.0,0.0,10.75,1.0,0.0,0.0,12.0,0.0,1.0
LIVE_EPISODIC,FAILURE_THRESHOLD,Q01_RECALL75,CONTROL_FAILURE,LOW,8,VERBOSE_TYPED,12,1.0,10.0,2.0,1.0,0.0,1.0,0.0,1.0,0.0,0.0,13.0,1.0,0.0,0.0,12.0,0.0,1.0
LIVE_EPISODIC,FAILURE_THRESHOLD,Q01_RECALL75,CONTROL_FAILURE,LOW,12,COMPACT_TYPED,12,1.0,14.0,2.0,1.0,0.0,1.0,0.0,1.0,0.0,0.0,10.916667,1.0,0.0,0.0,16.0,0.0,1.0
LIVE_EPISODIC,FAILURE_THRESHOLD,Q01_RECALL75,CONTROL_FAILURE,LOW,12,VERBOSE_TYPED,12,1.0,14.0,2.0,1.0,0.0,1.0,0.0,1.0,0.0,0.0,13.666667,1.0,0.0,0.0,16.0,0.0,1.0
LIVE_EPISODIC,FAILURE_THRESHOLD,Q01_RECALL75,POSE_SHIFT,HIGH,4,COMPACT_TYPED,12,1.0,6.0,2.0,1.0,0.0,1.0,0.0,1.0,0.0,0.0,10.583333,1.0,0.0,0.0,8.0,0.0,1.0
LIVE_EPISODIC,FAILURE_THRESHOLD,Q01_RECALL75,POSE_SHIFT,HIGH,4,VERBOSE_TYPED,12,1.0,6.0,2.0,1.0,0.0,1.0,0.0,1.0,0.0,0.0,12.333333,1.0,0.0,0.0,8.0,0.0,1.0
LIVE_EPISODIC,FAILURE_THRESHOLD,Q01_RECALL75,POSE_SHIFT,HIGH,8,COMPACT_TYPED,12,1.0,10.0,2.0,1.0,0.0,1.0,0.0,1.0,0.0,0.0,10.75,1.0,0.0,0.0,12.0,0.0,1.0
LIVE_EPISODIC,FAILURE_THRESHOLD,Q01_RECALL75,POSE_SHIFT,HIGH,8,VERBOSE_TYPED,12,1.0,10.0,2.0,1.0,0.0,1.0,0.0,1.0,0.0,0.0,13.0,1.0,0.0,0.0,12.0,0.0,1.0
LIVE_EPISODIC,FAILURE_THRESHOLD,Q01_RECALL75,POSE_SHIFT,HIGH,12,COMPACT_TYPED,12,1.0,14.0,2.0,1.0,0.0,1.0,0.0,1.0,0.0,0.0,10.666667,1.0,0.0,0.0,16.0,0.0,1.0
LIVE_EPISODIC,FAILURE_THRESHOLD,Q01_RECALL75,POSE_SHIFT,HIGH,12,VERBOSE_TYPED,12,1.0,14.0,2.0,1.0,0.0,1.0,0.0,1.0,0.0,0.0,12.666667,1.0,0.0,0.0,16.0,0.0,1.0
LIVE_EPISODIC,FAILURE_THRESHOLD,Q01_RECALL75,POSE_SHIFT,LOW,4,COMPACT_TYPED,12,1.0,6.0,2.0,1.0,0.0,1.0,0.0,1.0,0.0,0.0,10.75,1.0,0.0,0.0,8.0,0.0,1.0
LIVE_EPISODIC,FAILURE_THRESHOLD,Q01_RECALL75,POSE_SHIFT,LOW,4,VERBOSE_TYPED,12,1.0,6.0,2.0,1.0,0.0,1.0,0.0,1.0,0.0,0.0,13.0,1.0,0.0,0.0,8.0,0.0,1.0
LIVE_EPISODIC,FAILURE_THRESHOLD,Q01_RECALL75,POSE_SHIFT,LOW,8,COMPACT_TYPED,12,1.0,10.0,2.0,1.0,0.0,1.0,0.0,1.0,0.0,0.0,10.833333,1.0,0.0,0.0,12.0,0.0,1.0
LIVE_EPISODIC,FAILURE_THRESHOLD,Q01_RECALL75,POSE_SHIFT,LOW,8,VERBOSE_TYPED,12,1.0,10.0,2.0,1.0,0.0,1.0,0.0,1.0,0.0,0.0,13.333333,1.0,0.0,0.0,12.0,0.0,1.0
LIVE_EPISODIC,FAILURE_THRESHOLD,Q01_RECALL75,POSE_SHIFT,LOW,12,COMPACT_TYPED,12,1.0,14.0,2.0,1.0,0.0,1.0,0.0,1.0,0.0,0.0,10.666667,1.0,0.0,0.0,16.0,0.0,1.0
LIVE_EPISODIC,FAILURE_THRESHOLD,Q01_RECALL75,POSE_SHIFT,LOW,12,VERBOSE_TYPED,12,1.0,14.0,2.0,1.0,0.0,1.0,0.0,1.0,0.0,0.0,12.666667,1.0,0.0,0.0,16.0,0.0,1.0
LIVE_EPISODIC,FAILURE_THRESHOLD,Q01_RECALL75,RESTRICTION_CHANGE,HIGH,4,COMPACT_TYPED,12,1.0,6.0,2.0,1.0,0.0,1.0,0.0,1.0,0.0,0.0,10.666667,1.0,0.0,0.0,8.0,0.0,1.0
LIVE_EPISODIC,FAILURE_THRESHOLD,Q01_RECALL75,RESTRICTION_CHANGE,HIGH,4,VERBOSE_TYPED,12,1.0,6.0,2.0,1.0,0.0,1.0,0.0,1.0,0.0,0.0,12.666667,1.0,0.0,0.0,8.0,0.0,1.0
LIVE_EPISODIC,FAILURE_THRESHOLD,Q01_RECALL75,RESTRICTION_CHANGE,HIGH,8,COMPACT_TYPED,12,1.0,10.0,2.0,1.0,0.0,1.0,0.0,1.0,0.0,0.0,10.833333,1.0,0.0,0.0,12.0,0.0,1.0
LIVE_EPISODIC,FAILURE_THRESHOLD,Q01_RECALL75,RESTRICTION_CHANGE,HIGH,8,VERBOSE_TYPED,12,1.0,10.0,2.0,1.0,0.0,1.0,0.0,1.0,0.0,0.0,13.333333,1.0,0.0,0.0,12.0,0.0,1.0
LIVE_EPISODIC,FAILURE_THRESHOLD,Q01_RECALL75,RESTRICTION_CHANGE,HIGH,12,COMPACT_TYPED,12,1.0,14.0,2.0,1.0,0.0,1.0,0.0,1.0,0.0,0.0,10.833333,1.0,0.0,0.0,16.0,0.0,1.0
LIVE_EPISODIC,FAILURE_THRESHOLD,Q01_RECALL75,RESTRICTION_CHANGE,HIGH,12,VERBOSE_TYPED,12,1.0,14.0,2.0,1.0,0.0,1.0,0.0,1.0,0.0,0.0,13.333333,1.0,0.0,0.0,16.0,0.0,1.0
LIVE_EPISODIC,FAILURE_THRESHOLD,Q01_RECALL75,RESTRICTION_CHANGE,LOW,4,COMPACT_TYPED,12,1.0,6.0,2.0,1.0,0.0,1.0,0.0,1.0,0.0,0.0,10.833333,1.0,0.0,0.0,8.0,0.0,1.0
LIVE_EPISODIC,FAILURE_THRESHOLD,Q01_RECALL75,RESTRICTION_CHANGE,LOW,4,VERBOSE_TYPED,12,1.0,6.0,2.0,1.0,0.0,1.0,0.0,1.0,0.0,0.0,13.333333,1.0,0.0,0.0,8.0,0.0,1.0
LIVE_EPISODIC,FAILURE_THRESHOLD,Q01_RECALL75,RESTRICTION_CHANGE,LOW,8,COMPACT_TYPED,12,1.0,10.0,2.0,1.0,0.0,1.0,0.0,1.0,0.0,0.0,10.833333,1.0,0.0,0.0,12.0,0.0,1.0
LIVE_EPISODIC,FAILURE_THRESHOLD,Q01_RECALL75,RESTRICTION_CHANGE,LOW,8,VERBOSE_TYPED,12,1.0,10.0,2.0,1.0,0.0,1.0,0.0,1.0,0.0,0.0,13.333333,1.0,0.0,0.0,12.0,0.0,1.0
LIVE_EPISODIC,FAILURE_THRESHOLD,Q01_RECALL75,RESTRICTION_CHANGE,LOW,12,COMPACT_TYPED,12,1.0,14.0,2.0,1.0,0.0,1.0,0.0,1.0,0.0,0.0,10.833333,1.0,0.0,0.0,16.0,0.0,1.0
LIVE_EPISODIC,FAILURE_THRESHOLD,Q01_RECALL75,RESTRICTION_CHANGE,LOW,12,VERBOSE_TYPED,12,1.0,14.0,2.0,1.0,0.0,1.0,0.0,1.0,0.0,0.0,13.333333,1.0,0.0,0.0,16.0,0.0,1.0
LIVE_EPISODIC,FAILURE_THRESHOLD,Q02_RECALL50,AVAILABILITY_LOSS,HIGH,4,COMPACT_TYPED,12,1.0,6.0,2.0,1.0,0.0,1.0,0.0,1.0,0.0,0.0,10.166667,1.0,0.0,0.0,8.0,0.0,1.0
LIVE_EPISODIC,FAILURE_THRESHOLD,Q02_RECALL50,AVAILABILITY_LOSS,HIGH,4,VERBOSE_TYPED,12,1.0,6.0,2.0,1.0,0.0,1.0,0.0,1.0,0.0,0.0,10.666667,1.0,0.0,0.0,8.0,0.0,1.0
LIVE_EPISODIC,FAILURE_THRESHOLD,Q02_RECALL50,AVAILABILITY_LOSS,HIGH,8,COMPACT_TYPED,12,1.0,10.0,2.0,1.0,0.0,1.0,0.0,1.0,0.0,0.0,10.583333,1.0,0.0,0.0,12.0,0.0,1.0
LIVE_EPISODIC,FAILURE_THRESHOLD,Q02_RECALL50,AVAILABILITY_LOSS,HIGH,8,VERBOSE_TYPED,12,1.0,10.0,2.0,1.0,0.0,1.0,0.0,1.0,0.0,0.0,12.333333,1.0,0.0,0.0,12.0,0.0,1.0
LIVE_EPISODIC,FAILURE_THRESHOLD,Q02_RECALL50,AVAILABILITY_LOSS,HIGH,12,COMPACT_TYPED,12,1.0,14.0,2.0,1.0,0.0,1.0,0.0,1.0,0.0,0.0,10.75,1.0,0.0,0.0,16.0,0.0,1.0
LIVE_EPISODIC,FAILURE_THRESHOLD,Q02_RECALL50,AVAILABILITY_LOSS,HIGH,12,VERBOSE_TYPED,12,1.0,14.0,2.0,1.0,0.0,1.0,0.0,1.0,0.0,0.0,13.0,1.0,0.0,0.0,16.0,0.0,1.0
LIVE_EPISODIC,FAILURE_THRESHOLD,Q02_RECALL50,AVAILABILITY_LOSS,LOW,4,COMPACT_TYPED,12,1.0,6.0,2.0,1.0,0.0,1.0,0.0,1.0,0.0,0.0,10.583333,1.0,0.0,0.0,8.0,0.0,1.0
LIVE_EPISODIC,FAILURE_THRESHOLD,Q02_RECALL50,AVAILABILITY_LOSS,LOW,4,VERBOSE_TYPED,12,1.0,6.0,2.0,1.0,0.0,1.0,0.0,1.0,0.0,0.0,12.333333,1.0,0.0,0.0,8.0,0.0,1.0
LIVE_EPISODIC,FAILURE_THRESHOLD,Q02_RECALL50,AVAILABILITY_LOSS,LOW,8,COMPACT_TYPED,12,1.0,10.0,2.0,1.0,0.0,1.0,0.0,1.0,0.0,0.0,10.583333,1.0,0.0,0.0,12.0,0.0,1.0
LIVE_EPISODIC,FAILURE_THRESHOLD,Q02_RECALL50,AVAILABILITY_LOSS,LOW,8,VERBOSE_TYPED,12,1.0,10.0,2.0,1.0,0.0,1.0,0.0,1.0,0.0,0.0,12.333333,1.0,0.0,0.0,12.0,0.0,1.0
LIVE_EPISODIC,FAILURE_THRESHOLD,Q02_RECALL50,AVAILABILITY_LOSS,LOW,12,COMPACT_TYPED,12,1.0,14.0,2.0,1.0,0.0,1.0,0.0,1.0,0.0,0.0,10.416667,1.0,0.0,0.0,16.0,0.0,1.0
LIVE_EPISODIC,FAILURE_THRESHOLD,Q02_RECALL50,AVAILABILITY_LOSS,LOW,12,VERBOSE_TYPED,12,1.0,14.0,2.0,1.0,0.0,1.0,0.0,1.0,0.0,0.0,11.666667,1.0,0.0,0.0,16.0,0.0,1.0
LIVE_EPISODIC,FAILURE_THRESHOLD,Q02_RECALL50,CONTROL_FAILURE,HIGH,4,COMPACT_TYPED,12,1.0,6.0,2.0,1.0,0.0,1.0,0.0,1.0,0.0,0.0,10.5,1.0,0.0,0.0,8.0,0.0,1.0
LIVE_EPISODIC,FAILURE_THRESHOLD,Q02_RECALL50,CONTROL_FAILURE,HIGH,4,VERBOSE_TYPED,12,1.0,6.0,2.0,1.0,0.0,1.0,0.0,1.0,0.0,0.0,12.0,1.0,0.0,0.0,8.0,0.0,1.0
LIVE_EPISODIC,FAILURE_THRESHOLD,Q02_RECALL50,CONTROL_FAILURE,HIGH,8,COMPACT_TYPED,12,1.0,10.0,2.0,1.0,0.0,1.0,0.0,1.0,0.0,0.0,10.5,1.0,0.0,0.0,12.0,0.0,1.0
LIVE_EPISODIC,FAILURE_THRESHOLD,Q02_RECALL50,CONTROL_FAILURE,HIGH,8,VERBOSE_TYPED,12,1.0,10.0,2.0,1.0,0.0,1.0,0.0,1.0,0.0,0.0,12.0,1.0,0.0,0.0,12.0,0.0,1.0
LIVE_EPISODIC,FAILURE_THRESHOLD,Q02_RECALL50,CONTROL_FAILURE,HIGH,12,COMPACT_TYPED,12,1.0,14.0,2.0,1.0,0.0,1.0,0.0,1.0,0.0,0.0,10.416667,1.0,0.0,0.0,16.0,0.0,1.0
LIVE_EPISODIC,FAILURE_THRESHOLD,Q02_RECALL50,CONTROL_FAILURE,HIGH,12,VERBOSE_TYPED,12,1.0,14.0,2.0,1.0,0.0,1.0,0.0,1.0,0.0,0.0,11.666667,1.0,0.0,0.0,16.0,0.0,1.0
LIVE_EPISODIC,FAILURE_THRESHOLD,Q02_RECALL50,CONTROL_FAILURE,LOW,4,COMPACT_TYPED,12,1.0,6.0,2.0,1.0,0.0,1.0,0.0,1.0,0.0,0.0,10.5,1.0,0.0,0.0,8.0,0.0,1.0
LIVE_EPISODIC,FAILURE_THRESHOLD,Q02_RECALL50,CONTROL_FAILURE,LOW,4,VERBOSE_TYPED,12,1.0,6.0,2.0,1.0,0.0,1.0,0.0,1.0,0.0,0.0,12.0,1.0,0.0,0.0,8.0,0.0,1.0
LIVE_EPISODIC,FAILURE_THRESHOLD,Q02_RECALL50,CONTROL_FAILURE,LOW,8,COMPACT_TYPED,12,1.0,10.0,2.0,1.0,0.0,1.0,0.0,1.0,0.0,0.0,10.75,1.0,0.0,0.0,12.0,0.0,1.0
LIVE_EPISODIC,FAILURE_THRESHOLD,Q02_RECALL50,CONTROL_FAILURE,LOW,8,VERBOSE_TYPED,12,1.0,10.0,2.0,1.0,0.0,1.0,0.0,1.0,0.0,0.0,13.0,1.0,0.0,0.0,12.0,0.0,1.0
LIVE_EPISODIC,FAILURE_THRESHOLD,Q02_RECALL50,CONTROL_FAILURE,LOW,12,COMPACT_TYPED,12,1.0,14.0,2.0,1.0,0.0,1.0,0.0,1.0,0.0,0.0,10.583333,1.0,0.0,0.0,16.0,0.0,1.0
LIVE_EPISODIC,FAILURE_THRESHOLD,Q02_RECALL50,CONTROL_FAILURE,LOW,12,VERBOSE_TYPED,12,1.0,14.0,2.0,1.0,0.0,1.0,0.0,1.0,0.0,0.0,12.333333,1.0,0.0,0.0,16.0,0.0,1.0
LIVE_EPISODIC,FAILURE_THRESHOLD,Q02_RECALL50,POSE_SHIFT,HIGH,4,COMPACT_TYPED,12,1.0,6.0,2.0,1.0,0.0,1.0,0.0,1.0,0.0,0.0,10.583333,1.0,0.0,0.0,8.0,0.0,1.0
LIVE_EPISODIC,FAILURE_THRESHOLD,Q02_RECALL50,POSE_SHIFT,HIGH,4,VERBOSE_TYPED,12,1.0,6.0,2.0,1.0,0.0,1.0,0.0,1.0,0.0,0.0,12.333333,1.0,0.0,0.0,8.0,0.0,1.0
LIVE_EPISODIC,FAILURE_THRESHOLD,Q02_RECALL50,POSE_SHIFT,HIGH,8,COMPACT_TYPED,12,1.0,10.0,2.0,1.0,0.0,1.0,0.0,1.0,0.0,0.0,10.583333,1.0,0.0,0.0,12.0,0.0,1.0
LIVE_EPISODIC,FAILURE_THRESHOLD,Q02_RECALL50,POSE_SHIFT,HIGH,8,VERBOSE_TYPED,12,1.0,10.0,2.0,1.0,0.0,1.0,0.0,1.0,0.0,0.0,12.333333,1.0,0.0,0.0,12.0,0.0,1.0
LIVE_EPISODIC,FAILURE_THRESHOLD,Q02_RECALL50,POSE_SHIFT,HIGH,12,COMPACT_TYPED,12,1.0,14.0,2.0,1.0,0.0,1.0,0.0,1.0,0.0,0.0,10.5,1.0,0.0,0.0,16.0,0.0,1.0
LIVE_EPISODIC,FAILURE_THRESHOLD,Q02_RECALL50,POSE_SHIFT,HIGH,12,VERBOSE_TYPED,12,1.0,14.0,2.0,1.0,0.0,1.0,0.0,1.0,0.0,0.0,12.0,1.0,0.0,0.0,16.0,0.0,1.0
LIVE_EPISODIC,FAILURE_THRESHOLD,Q02_RECALL50,POSE_SHIFT,LOW,4,COMPACT_TYPED,12,1.0,6.0,2.0,1.0,0.0,1.0,0.0,1.0,0.0,0.0,10.583333,1.0,0.0,0.0,8.0,0.0,1.0
LIVE_EPISODIC,FAILURE_THRESHOLD,Q02_RECALL50,POSE_SHIFT,LOW,4,VERBOSE_TYPED,12,1.0,6.0,2.0,1.0,0.0,1.0,0.0,1.0,0.0,0.0,12.333333,1.0,0.0,0.0,8.0,0.0,1.0
LIVE_EPISODIC,FAILURE_THRESHOLD,Q02_RECALL50,POSE_SHIFT,LOW,8,COMPACT_TYPED,12,1.0,10.0,2.0,1.0,0.0,1.0,0.0,1.0,0.0,0.0,10.583333,1.0,0.0,0.0,12.0,0.0,1.0
LIVE_EPISODIC,FAILURE_THRESHOLD,Q02_RECALL50,POSE_SHIFT,LOW,8,VERBOSE_TYPED,12,1.0,10.0,2.0,1.0,0.0,1.0,0.0,1.0,0.0,0.0,12.333333,1.0,0.0,0.0,12.0,0.0,1.0
LIVE_EPISODIC,FAILURE_THRESHOLD,Q02_RECALL50,POSE_SHIFT,LOW,12,COMPACT_TYPED,12,1.0,14.0,2.0,1.0,0.0,1.0,0.0,1.0,0.0,0.0,10.333333,1.0,0.0,0.0,16.0,0.0,1.0
LIVE_EPISODIC,FAILURE_THRESHOLD,Q02_RECALL50,POSE_SHIFT,LOW,12,VERBOSE_TYPED,12,1.0,14.0,2.0,1.0,0.0,1.0,0.0,1.0,0.0,0.0,11.333333,1.0,0.0,0.0,16.0,0.0,1.0
LIVE_EPISODIC,FAILURE_THRESHOLD,Q02_RECALL50,RESTRICTION_CHANGE,HIGH,4,COMPACT_TYPED,12,1.0,6.0,2.0,1.0,0.0,1.0,0.0,1.0,0.0,0.0,10.416667,1.0,0.0,0.0,8.0,0.0,1.0
LIVE_EPISODIC,FAILURE_THRESHOLD,Q02_RECALL50,RESTRICTION_CHANGE,HIGH,4,VERBOSE_TYPED,12,1.0,6.0,2.0,1.0,0.0,1.0,0.0,1.0,0.0,0.0,11.666667,1.0,0.0,0.0,8.0,0.0,1.0
LIVE_EPISODIC,FAILURE_THRESHOLD,Q02_RECALL50,RESTRICTION_CHANGE,HIGH,8,COMPACT_TYPED,12,1.0,10.0,2.0,1.0,0.0,1.0,0.0,1.0,0.0,0.0,10.666667,1.0,0.0,0.0,12.0,0.0,1.0
LIVE_EPISODIC,FAILURE_THRESHOLD,Q02_RECALL50,RESTRICTION_CHANGE,HIGH,8,VERBOSE_TYPED,12,1.0,10.0,2.0,1.0,0.0,1.0,0.0,1.0,0.0,0.0,12.666667,1.0,0.0,0.0,12.0,0.0,1.0
LIVE_EPISODIC,FAILURE_THRESHOLD,Q02_RECALL50,RESTRICTION_CHANGE,HIGH,12,COMPACT_TYPED,12,1.0,14.0,2.0,1.0,0.0,1.0,0.0,1.0,0.0,0.0,10.583333,1.0,0.0,0.0,16.0,0.0,1.0
LIVE_EPISODIC,FAILURE_THRESHOLD,Q02_RECALL50,RESTRICTION_CHANGE,HIGH,12,VERBOSE_TYPED,12,1.0,14.0,2.0,1.0,0.0,1.0,0.0,1.0,0.0,0.0,12.333333,1.0,0.0,0.0,16.0,0.0,1.0
LIVE_EPISODIC,FAILURE_THRESHOLD,Q02_RECALL50,RESTRICTION_CHANGE,LOW,4,COMPACT_TYPED,12,1.0,6.0,2.0,1.0,0.0,1.0,0.0,1.0,0.0,0.0,10.583333,1.0,0.0,0.0,8.0,0.0,1.0
LIVE_EPISODIC,FAILURE_THRESHOLD,Q02_RECALL50,RESTRICTION_CHANGE,LOW,4,VERBOSE_TYPED,12,1.0,6.0,2.0,1.0,0.0,1.0,0.0,1.0,0.0,0.0,12.333333,1.0,0.0,0.0,8.0,0.0,1.0
LIVE_EPISODIC,FAILURE_THRESHOLD,Q02_RECALL50,RESTRICTION_CHANGE,LOW,8,COMPACT_TYPED,12,1.0,10.0,2.0,1.0,0.0,1.0,0.0,1.0,0.0,0.0,10.583333,1.0,0.0,0.0,12.0,0.0,1.0
LIVE_EPISODIC,FAILURE_THRESHOLD,Q02_RECALL50,RESTRICTION_CHANGE,LOW,8,VERBOSE_TYPED,12,1.0,10.0,2.0,1.0,0.0,1.0,0.0,1.0,0.0,0.0,12.333333,1.0,0.0,0.0,12.0,0.0,1.0
LIVE_EPISODIC,FAILURE_THRESHOLD,Q02_RECALL50,RESTRICTION_CHANGE,LOW,12,COMPACT_TYPED,12,1.0,14.0,2.0,1.0,0.0,1.0,0.0,1.0,0.0,0.0,10.75,1.0,0.0,0.0,16.0,0.0,1.0
LIVE_EPISODIC,FAILURE_THRESHOLD,Q02_RECALL50,RESTRICTION_CHANGE,LOW,12,VERBOSE_TYPED,12,1.0,14.0,2.0,1.0,0.0,1.0,0.0,1.0,0.0,0.0,13.0,1.0,0.0,0.0,16.0,0.0,1.0
LIVE_EPISODIC,FAILURE_THRESHOLD,Q03_RECALL25,AVAILABILITY_LOSS,HIGH,4,COMPACT_TYPED,12,1.0,6.0,2.0,1.0,0.0,1.0,0.0,1.0,0.0,0.0,10.166667,1.0,0.0,0.0,8.0,0.0,1.0
LIVE_EPISODIC,FAILURE_THRESHOLD,Q03_RECALL25,AVAILABILITY_LOSS,HIGH,4,VERBOSE_TYPED,12,1.0,6.0,2.0,1.0,0.0,1.0,0.0,1.0,0.0,0.0,10.666667,1.0,0.0,0.0,8.0,0.0,1.0
LIVE_EPISODIC,FAILURE_THRESHOLD,Q03_RECALL25,AVAILABILITY_LOSS,HIGH,8,COMPACT_TYPED,12,1.0,10.0,2.0,1.0,0.0,1.0,0.0,1.0,0.0,0.0,10.416667,1.0,0.0,0.0,12.0,0.0,1.0
LIVE_EPISODIC,FAILURE_THRESHOLD,Q03_RECALL25,AVAILABILITY_LOSS,HIGH,8,VERBOSE_TYPED,12,1.0,10.0,2.0,1.0,0.0,1.0,0.0,1.0,0.0,0.0,11.666667,1.0,0.0,0.0,12.0,0.0,1.0
LIVE_EPISODIC,FAILURE_THRESHOLD,Q03_RECALL25,AVAILABILITY_LOSS,HIGH,12,COMPACT_TYPED,12,1.0,14.0,2.0,1.0,0.0,1.0,0.0,1.0,0.0,0.0,10.583333,1.0,0.0,0.0,16.0,0.0,1.0
LIVE_EPISODIC,FAILURE_THRESHOLD,Q03_RECALL25,AVAILABILITY_LOSS,HIGH,12,VERBOSE_TYPED,12,1.0,14.0,2.0,1.0,0.0,1.0,0.0,1.0,0.0,0.0,12.333333,1.0,0.0,0.0,16.0,0.0,1.0
LIVE_EPISODIC,FAILURE_THRESHOLD,Q03_RECALL25,AVAILABILITY_LOSS,LOW,4,COMPACT_TYPED,12,1.0,6.0,2.0,1.0,0.0,1.0,0.0,1.0,0.0,0.0,10.416667,1.0,0.0,0.0,8.0,0.0,1.0
LIVE_EPISODIC,FAILURE_THRESHOLD,Q03_RECALL25,AVAILABILITY_LOSS,LOW,4,VERBOSE_TYPED,12,1.0,6.0,2.0,1.0,0.0,1.0,0.0,1.0,0.0,0.0,11.666667,1.0,0.0,0.0,8.0,0.0,1.0
LIVE_EPISODIC,FAILURE_THRESHOLD,Q03_RECALL25,AVAILABILITY_LOSS,LOW,8,COMPACT_TYPED,12,1.0,10.0,2.0,1.0,0.0,1.0,0.0,1.0,0.0,0.0,10.333333,1.0,0.0,0.0,12.0,0.0,1.0
LIVE_EPISODIC,FAILURE_THRESHOLD,Q03_RECALL25,AVAILABILITY_LOSS,LOW,8,VERBOSE_TYPED,12,1.0,10.0,2.0,1.0,0.0,1.0,0.0,1.0,0.0,0.0,11.333333,1.0,0.0,0.0,12.0,0.0,1.0
LIVE_EPISODIC,FAILURE_THRESHOLD,Q03_RECALL25,AVAILABILITY_LOSS,LOW,12,COMPACT_TYPED,12,1.0,14.0,2.0,1.0,0.0,1.0,0.0,1.0,0.0,0.0,10.25,1.0,0.0,0.0,16.0,0.0,1.0
LIVE_EPISODIC,FAILURE_THRESHOLD,Q03_RECALL25,AVAILABILITY_LOSS,LOW,12,VERBOSE_TYPED,12,1.0,14.0,2.0,1.0,0.0,1.0,0.0,1.0,0.0,0.0,11.0,1.0,0.0,0.0,16.0,0.0,1.0
LIVE_EPISODIC,FAILURE_THRESHOLD,Q03_RECALL25,CONTROL_FAILURE,HIGH,4,COMPACT_TYPED,12,1.0,6.0,2.0,1.0,0.0,1.0,0.0,1.0,0.0,0.0,10.25,1.0,0.0,0.0,8.0,0.0,1.0
LIVE_EPISODIC,FAILURE_THRESHOLD,Q03_RECALL25,CONTROL_FAILURE,HIGH,4,VERBOSE_TYPED,12,1.0,6.0,2.0,1.0,0.0,1.0,0.0,1.0,0.0,0.0,11.0,1.0,0.0,0.0,8.0,0.0,1.0
LIVE_EPISODIC,FAILURE_THRESHOLD,Q03_RECALL25,CONTROL_FAILURE,HIGH,8,COMPACT_TYPED,12,1.0,10.0,2.0,1.0,0.0,1.0,0.0,1.0,0.0,0.0,10.25,1.0,0.0,0.0,12.0,0.0,1.0
LIVE_EPISODIC,FAILURE_THRESHOLD,Q03_RECALL25,CONTROL_FAILURE,HIGH,8,VERBOSE_TYPED,12,1.0,10.0,2.0,1.0,0.0,1.0,0.0,1.0,0.0,0.0,11.0,1.0,0.0,0.0,12.0,0.0,1.0
LIVE_EPISODIC,FAILURE_THRESHOLD,Q03_RECALL25,CONTROL_FAILURE,HIGH,12,COMPACT_TYPED,12,1.0,14.0,2.0,1.0,0.0,1.0,0.0,1.0,0.0,0.0,10.166667,1.0,0.0,0.0,16.0,0.0,1.0
LIVE_EPISODIC,FAILURE_THRESHOLD,Q03_RECALL25,CONTROL_FAILURE,HIGH,12,VERBOSE_TYPED,12,1.0,14.0,2.0,1.0,0.0,1.0,0.0,1.0,0.0,0.0,10.666667,1.0,0.0,0.0,16.0,0.0,1.0
LIVE_EPISODIC,FAILURE_THRESHOLD,Q03_RECALL25,CONTROL_FAILURE,LOW,4,COMPACT_TYPED,12,1.0,6.0,2.0,1.0,0.0,1.0,0.0,1.0,0.0,0.0,10.166667,1.0,0.0,0.0,8.0,0.0,1.0
LIVE_EPISODIC,FAILURE_THRESHOLD,Q03_RECALL25,CONTROL_FAILURE,LOW,4,VERBOSE_TYPED,12,1.0,6.0,2.0,1.0,0.0,1.0,0.0,1.0,0.0,0.0,10.666667,1.0,0.0,0.0,8.0,0.0,1.0
LIVE_EPISODIC,FAILURE_THRESHOLD,Q03_RECALL25,CONTROL_FAILURE,LOW,8,COMPACT_TYPED,12,1.0,10.0,2.0,1.0,0.0,1.0,0.0,1.0,0.0,0.0,10.583333,1.0,0.0,0.0,12.0,0.0,1.0
LIVE_EPISODIC,FAILURE_THRESHOLD,Q03_RECALL25,CONTROL_FAILURE,LOW,8,VERBOSE_TYPED,12,1.0,10.0,2.0,1.0,0.0,1.0,0.0,1.0,0.0,0.0,12.333333,1.0,0.0,0.0,12.0,0.0,1.0
LIVE_EPISODIC,FAILURE_THRESHOLD,Q03_RECALL25,CONTROL_FAILURE,LOW,12,COMPACT_TYPED,12,1.0,14.0,2.0,1.0,0.0,1.0,0.0,1.0,0.0,0.0,10.25,1.0,0.0,0.0,16.0,0.0,1.0
LIVE_EPISODIC,FAILURE_THRESHOLD,Q03_RECALL25,CONTROL_FAILURE,LOW,12,VERBOSE_TYPED,12,1.0,14.0,2.0,1.0,0.0,1.0,0.0,1.0,0.0,0.0,11.0,1.0,0.0,0.0,16.0,0.0,1.0
LIVE_EPISODIC,FAILURE_THRESHOLD,Q03_RECALL25,POSE_SHIFT,HIGH,4,COMPACT_TYPED,12,1.0,6.0,2.0,1.0,0.0,1.0,0.0,1.0,0.0,0.0,10.083333,1.0,0.0,0.0,8.0,0.0,1.0
LIVE_EPISODIC,FAILURE_THRESHOLD,Q03_RECALL25,POSE_SHIFT,HIGH,4,VERBOSE_TYPED,12,1.0,6.0,2.0,1.0,0.0,1.0,0.0,1.0,0.0,0.0,10.333333,1.0,0.0,0.0,8.0,0.0,1.0
LIVE_EPISODIC,FAILURE_THRESHOLD,Q03_RECALL25,POSE_SHIFT,HIGH,8,COMPACT_TYPED,12,1.0,10.0,2.0,1.0,0.0,1.0,0.0,1.0,0.0,0.0,10.5,1.0,0.0,0.0,12.0,0.0,1.0
LIVE_EPISODIC,FAILURE_THRESHOLD,Q03_RECALL25,POSE_SHIFT,HIGH,8,VERBOSE_TYPED,12,1.0,10.0,2.0,1.0,0.0,1.0,0.0,1.0,0.0,0.0,12.0,1.0,0.0,0.0,12.0,0.0,1.0
LIVE_EPISODIC,FAILURE_THRESHOLD,Q03_RECALL25,POSE_SHIFT,HIGH,12,COMPACT_TYPED,12,1.0,14.0,2.0,1.0,0.0,1.0,0.0,1.0,0.0,0.0,10.166667,1.0,0.0,0.0,16.0,0.0,1.0
LIVE_EPISODIC,FAILURE_THRESHOLD,Q03_RECALL25,POSE_SHIFT,HIGH,12,VERBOSE_TYPED,12,1.0,14.0,2.0,1.0,0.0,1.0,0.0,1.0,0.0,0.0,10.666667,1.0,0.0,0.0,16.0,0.0,1.0
LIVE_EPISODIC,FAILURE_THRESHOLD,Q03_RECALL25,POSE_SHIFT,LOW,4,COMPACT_TYPED,12,1.0,6.0,2.0,1.0,0.0,1.0,0.0,1.0,0.0,0.0,10.5,1.0,0.0,0.0,8.0,0.0,1.0
LIVE_EPISODIC,FAILURE_THRESHOLD,Q03_RECALL25,POSE_SHIFT,LOW,4,VERBOSE_TYPED,12,1.0,6.0,2.0,1.0,0.0,1.0,0.0,1.0,0.0,0.0,12.0,1.0,0.0,0.0,8.0,0.0,1.0
LIVE_EPISODIC,FAILURE_THRESHOLD,Q03_RECALL25,POSE_SHIFT,LOW,8,COMPACT_TYPED,12,1.0,10.0,2.0,1.0,0.0,1.0,0.0,1.0,0.0,0.0,10.5,1.0,0.0,0.0,12.0,0.0,1.0
LIVE_EPISODIC,FAILURE_THRESHOLD,Q03_RECALL25,POSE_SHIFT,LOW,8,VERBOSE_TYPED,12,1.0,10.0,2.0,1.0,0.0,1.0,0.0,1.0,0.0,0.0,12.0,1.0,0.0,0.0,12.0,0.0,1.0
LIVE_EPISODIC,FAILURE_THRESHOLD,Q03_RECALL25,POSE_SHIFT,LOW,12,COMPACT_TYPED,12,1.0,14.0,2.0,1.0,0.0,1.0,0.0,1.0,0.0,0.0,10.333333,1.0,0.0,0.0,16.0,0.0,1.0
LIVE_EPISODIC,FAILURE_THRESHOLD,Q03_RECALL25,POSE_SHIFT,LOW,12,VERBOSE_TYPED,12,1.0,14.0,2.0,1.0,0.0,1.0,0.0,1.0,0.0,0.0,11.333333,1.0,0.0,0.0,16.0,0.0,1.0
LIVE_EPISODIC,FAILURE_THRESHOLD,Q03_RECALL25,RESTRICTION_CHANGE,HIGH,4,COMPACT_TYPED,12,1.0,6.0,2.0,1.0,0.0,1.0,0.0,1.0,0.0,0.0,10.083333,1.0,0.0,0.0,8.0,0.0,1.0
LIVE_EPISODIC,FAILURE_THRESHOLD,Q03_RECALL25,RESTRICTION_CHANGE,HIGH,4,VERBOSE_TYPED,12,1.0,6.0,2.0,1.0,0.0,1.0,0.0,1.0,0.0,0.0,10.333333,1.0,0.0,0.0,8.0,0.0,1.0
LIVE_EPISODIC,FAILURE_THRESHOLD,Q03_RECALL25,RESTRICTION_CHANGE,HIGH,8,COMPACT_TYPED,12,1.0,10.0,2.0,1.0,0.0,1.0,0.0,1.0,0.0,0.0,10.416667,1.0,0.0,0.0,12.0,0.0,1.0
LIVE_EPISODIC,FAILURE_THRESHOLD,Q03_RECALL25,RESTRICTION_CHANGE,HIGH,8,VERBOSE_TYPED,12,1.0,10.0,2.0,1.0,0.0,1.0,0.0,1.0,0.0,0.0,11.666667,1.0,0.0,0.0,12.0,0.0,1.0
LIVE_EPISODIC,FAILURE_THRESHOLD,Q03_RECALL25,RESTRICTION_CHANGE,HIGH,12,COMPACT_TYPED,12,1.0,14.0,2.0,1.0,0.0,1.0,0.0,1.0,0.0,0.0,10.25,1.0,0.0,0.0,16.0,0.0,1.0
LIVE_EPISODIC,FAILURE_THRESHOLD,Q03_RECALL25,RESTRICTION_CHANGE,HIGH,12,VERBOSE_TYPED,12,1.0,14.0,2.0,1.0,0.0,1.0,0.0,1.0,0.0,0.0,11.0,1.0,0.0,0.0,16.0,0.0,1.0
LIVE_EPISODIC,FAILURE_THRESHOLD,Q03_RECALL25,RESTRICTION_CHANGE,LOW,4,COMPACT_TYPED,12,1.0,6.0,2.0,1.0,0.0,1.0,0.0,1.0,0.0,0.0,10.25,1.0,0.0,0.0,8.0,0.0,1.0
LIVE_EPISODIC,FAILURE_THRESHOLD,Q03_RECALL25,RESTRICTION_CHANGE,LOW,4,VERBOSE_TYPED,12,1.0,6.0,2.0,1.0,0.0,1.0,0.0,1.0,0.0,0.0,11.0,1.0,0.0,0.0,8.0,0.0,1.0
LIVE_EPISODIC,FAILURE_THRESHOLD,Q03_RECALL25,RESTRICTION_CHANGE,LOW,8,COMPACT_TYPED,12,1.0,10.0,2.0,1.0,0.0,1.0,0.0,1.0,0.0,0.0,10.416667,1.0,0.0,0.0,12.0,0.0,1.0
LIVE_EPISODIC,FAILURE_THRESHOLD,Q03_RECALL25,RESTRICTION_CHANGE,LOW,8,VERBOSE_TYPED,12,1.0,10.0,2.0,1.0,0.0,1.0,0.0,1.0,0.0,0.0,11.666667,1.0,0.0,0.0,12.0,0.0,1.0
LIVE_EPISODIC,FAILURE_THRESHOLD,Q03_RECALL25,RESTRICTION_CHANGE,LOW,12,COMPACT_TYPED,12,1.0,14.0,2.0,1.0,0.0,1.0,0.0,1.0,0.0,0.0,10.416667,1.0,0.0,0.0,16.0,0.0,1.0
LIVE_EPISODIC,FAILURE_THRESHOLD,Q03_RECALL25,RESTRICTION_CHANGE,LOW,12,VERBOSE_TYPED,12,1.0,14.0,2.0,1.0,0.0,1.0,0.0,1.0,0.0,0.0,11.666667,1.0,0.0,0.0,16.0,0.0,1.0
LIVE_EPISODIC,FAILURE_THRESHOLD,Q04_DELAY1,AVAILABILITY_LOSS,HIGH,4,COMPACT_TYPED,12,1.0,6.0,2.0,1.0,0.0,1.0,0.0,1.0,0.0,0.0,11.0,1.0,0.0,0.0,8.0,0.0,1.0
LIVE_EPISODIC,FAILURE_THRESHOLD,Q04_DELAY1,AVAILABILITY_LOSS,HIGH,4,VERBOSE_TYPED,12,1.0,6.0,2.0,1.0,0.0,1.0,0.0,1.0,0.0,0.0,14.0,1.0,0.0,0.0,8.0,0.0,1.0
LIVE_EPISODIC,FAILURE_THRESHOLD,Q04_DELAY1,AVAILABILITY_LOSS,HIGH,8,COMPACT_TYPED,12,1.0,10.0,2.0,1.0,0.0,1.0,0.0,1.0,0.0,0.0,11.0,1.0,0.0,0.0,12.0,0.0,1.0
LIVE_EPISODIC,FAILURE_THRESHOLD,Q04_DELAY1,AVAILABILITY_LOSS,HIGH,8,VERBOSE_TYPED,12,1.0,10.0,2.0,1.0,0.0,1.0,0.0,1.0,0.0,0.0,14.0,1.0,0.0,0.0,12.0,0.0,1.0
LIVE_EPISODIC,FAILURE_THRESHOLD,Q04_DELAY1,AVAILABILITY_LOSS,HIGH,12,COMPACT_TYPED,12,1.0,14.0,2.0,1.0,0.0,1.0,0.0,1.0,0.0,0.0,11.0,1.0,0.0,0.0,16.0,0.0,1.0
LIVE_EPISODIC,FAILURE_THRESHOLD,Q04_DELAY1,AVAILABILITY_LOSS,HIGH,12,VERBOSE_TYPED,12,1.0,14.0,2.0,1.0,0.0,1.0,0.0,1.0,0.0,0.0,14.0,1.0,0.0,0.0,16.0,0.0,1.0
LIVE_EPISODIC,FAILURE_THRESHOLD,Q04_DELAY1,AVAILABILITY_LOSS,LOW,4,COMPACT_TYPED,12,1.0,6.0,2.0,1.0,0.0,1.0,0.0,1.0,0.0,0.0,11.0,1.0,0.0,0.0,8.0,0.0,1.0
LIVE_EPISODIC,FAILURE_THRESHOLD,Q04_DELAY1,AVAILABILITY_LOSS,LOW,4,VERBOSE_TYPED,12,1.0,6.0,2.0,1.0,0.0,1.0,0.0,1.0,0.0,0.0,14.0,1.0,0.0,0.0,8.0,0.0,1.0
LIVE_EPISODIC,FAILURE_THRESHOLD,Q04_DELAY1,AVAILABILITY_LOSS,LOW,8,COMPACT_TYPED,12,1.0,10.0,2.0,1.0,0.0,1.0,0.0,1.0,0.0,0.0,11.0,1.0,0.0,0.0,12.0,0.0,1.0
LIVE_EPISODIC,FAILURE_THRESHOLD,Q04_DELAY1,AVAILABILITY_LOSS,LOW,8,VERBOSE_TYPED,12,1.0,10.0,2.0,1.0,0.0,1.0,0.0,1.0,0.0,0.0,14.0,1.0,0.0,0.0,12.0,0.0,1.0
LIVE_EPISODIC,FAILURE_THRESHOLD,Q04_DELAY1,AVAILABILITY_LOSS,LOW,12,COMPACT_TYPED,12,1.0,14.0,2.0,1.0,0.0,1.0,0.0,1.0,0.0,0.0,11.0,1.0,0.0,0.0,16.0,0.0,1.0
LIVE_EPISODIC,FAILURE_THRESHOLD,Q04_DELAY1,AVAILABILITY_LOSS,LOW,12,VERBOSE_TYPED,12,1.0,14.0,2.0,1.0,0.0,1.0,0.0,1.0,0.0,0.0,14.0,1.0,0.0,0.0,16.0,0.0,1.0
LIVE_EPISODIC,FAILURE_THRESHOLD,Q04_DELAY1,CONTROL_FAILURE,HIGH,4,COMPACT_TYPED,12,1.0,6.0,2.0,1.0,0.0,1.0,0.0,1.0,0.0,0.0,11.0,1.0,0.0,0.0,8.0,0.0,1.0
LIVE_EPISODIC,FAILURE_THRESHOLD,Q04_DELAY1,CONTROL_FAILURE,HIGH,4,VERBOSE_TYPED,12,1.0,6.0,2.0,1.0,0.0,1.0,0.0,1.0,0.0,0.0,14.0,1.0,0.0,0.0,8.0,0.0,1.0
LIVE_EPISODIC,FAILURE_THRESHOLD,Q04_DELAY1,CONTROL_FAILURE,HIGH,8,COMPACT_TYPED,12,1.0,10.0,2.0,1.0,0.0,1.0,0.0,1.0,0.0,0.0,11.0,1.0,0.0,0.0,12.0,0.0,1.0
LIVE_EPISODIC,FAILURE_THRESHOLD,Q04_DELAY1,CONTROL_FAILURE,HIGH,8,VERBOSE_TYPED,12,1.0,10.0,2.0,1.0,0.0,1.0,0.0,1.0,0.0,0.0,14.0,1.0,0.0,0.0,12.0,0.0,1.0
LIVE_EPISODIC,FAILURE_THRESHOLD,Q04_DELAY1,CONTROL_FAILURE,HIGH,12,COMPACT_TYPED,12,1.0,14.0,2.0,1.0,0.0,1.0,0.0,1.0,0.0,0.0,11.0,1.0,0.0,0.0,16.0,0.0,1.0
LIVE_EPISODIC,FAILURE_THRESHOLD,Q04_DELAY1,CONTROL_FAILURE,HIGH,12,VERBOSE_TYPED,12,1.0,14.0,2.0,1.0,0.0,1.0,0.0,1.0,0.0,0.0,14.0,1.0,0.0,0.0,16.0,0.0,1.0
LIVE_EPISODIC,FAILURE_THRESHOLD,Q04_DELAY1,CONTROL_FAILURE,LOW,4,COMPACT_TYPED,12,1.0,6.0,2.0,1.0,0.0,1.0,0.0,1.0,0.0,0.0,11.0,1.0,0.0,0.0,8.0,0.0,1.0
LIVE_EPISODIC,FAILURE_THRESHOLD,Q04_DELAY1,CONTROL_FAILURE,LOW,4,VERBOSE_TYPED,12,1.0,6.0,2.0,1.0,0.0,1.0,0.0,1.0,0.0,0.0,14.0,1.0,0.0,0.0,8.0,0.0,1.0
LIVE_EPISODIC,FAILURE_THRESHOLD,Q04_DELAY1,CONTROL_FAILURE,LOW,8,COMPACT_TYPED,12,1.0,10.0,2.0,1.0,0.0,1.0,0.0,1.0,0.0,0.0,11.0,1.0,0.0,0.0,12.0,0.0,1.0
LIVE_EPISODIC,FAILURE_THRESHOLD,Q04_DELAY1,CONTROL_FAILURE,LOW,8,VERBOSE_TYPED,12,1.0,10.0,2.0,1.0,0.0,1.0,0.0,1.0,0.0,0.0,14.0,1.0,0.0,0.0,12.0,0.0,1.0
LIVE_EPISODIC,FAILURE_THRESHOLD,Q04_DELAY1,CONTROL_FAILURE,LOW,12,COMPACT_TYPED,12,1.0,14.0,2.0,1.0,0.0,1.0,0.0,1.0,0.0,0.0,11.0,1.0,0.0,0.0,16.0,0.0,1.0
LIVE_EPISODIC,FAILURE_THRESHOLD,Q04_DELAY1,CONTROL_FAILURE,LOW,12,VERBOSE_TYPED,12,1.0,14.0,2.0,1.0,0.0,1.0,0.0,1.0,0.0,0.0,14.0,1.0,0.0,0.0,16.0,0.0,1.0
LIVE_EPISODIC,FAILURE_THRESHOLD,Q04_DELAY1,POSE_SHIFT,HIGH,4,COMPACT_TYPED,12,1.0,6.0,2.0,1.0,0.0,1.0,0.0,1.0,0.0,0.0,11.0,1.0,0.0,0.0,8.0,0.0,1.0
LIVE_EPISODIC,FAILURE_THRESHOLD,Q04_DELAY1,POSE_SHIFT,HIGH,4,VERBOSE_TYPED,12,1.0,6.0,2.0,1.0,0.0,1.0,0.0,1.0,0.0,0.0,14.0,1.0,0.0,0.0,8.0,0.0,1.0
LIVE_EPISODIC,FAILURE_THRESHOLD,Q04_DELAY1,POSE_SHIFT,HIGH,8,COMPACT_TYPED,12,1.0,10.0,2.0,1.0,0.0,1.0,0.0,1.0,0.0,0.0,11.0,1.0,0.0,0.0,12.0,0.0,1.0
LIVE_EPISODIC,FAILURE_THRESHOLD,Q04_DELAY1,POSE_SHIFT,HIGH,8,VERBOSE_TYPED,12,1.0,10.0,2.0,1.0,0.0,1.0,0.0,1.0,0.0,0.0,14.0,1.0,0.0,0.0,12.0,0.0,1.0
LIVE_EPISODIC,FAILURE_THRESHOLD,Q04_DELAY1,POSE_SHIFT,HIGH,12,COMPACT_TYPED,12,1.0,14.0,2.0,1.0,0.0,1.0,0.0,1.0,0.0,0.0,11.0,1.0,0.0,0.0,16.0,0.0,1.0
LIVE_EPISODIC,FAILURE_THRESHOLD,Q04_DELAY1,POSE_SHIFT,HIGH,12,VERBOSE_TYPED,12,1.0,14.0,2.0,1.0,0.0,1.0,0.0,1.0,0.0,0.0,14.0,1.0,0.0,0.0,16.0,0.0,1.0
LIVE_EPISODIC,FAILURE_THRESHOLD,Q04_DELAY1,POSE_SHIFT,LOW,4,COMPACT_TYPED,12,1.0,6.0,2.0,1.0,0.0,1.0,0.0,1.0,0.0,0.0,11.0,1.0,0.0,0.0,8.0,0.0,1.0
LIVE_EPISODIC,FAILURE_THRESHOLD,Q04_DELAY1,POSE_SHIFT,LOW,4,VERBOSE_TYPED,12,1.0,6.0,2.0,1.0,0.0,1.0,0.0,1.0,0.0,0.0,14.0,1.0,0.0,0.0,8.0,0.0,1.0
LIVE_EPISODIC,FAILURE_THRESHOLD,Q04_DELAY1,POSE_SHIFT,LOW,8,COMPACT_TYPED,12,1.0,10.0,2.0,1.0,0.0,1.0,0.0,1.0,0.0,0.0,11.0,1.0,0.0,0.0,12.0,0.0,1.0
LIVE_EPISODIC,FAILURE_THRESHOLD,Q04_DELAY1,POSE_SHIFT,LOW,8,VERBOSE_TYPED,12,1.0,10.0,2.0,1.0,0.0,1.0,0.0,1.0,0.0,0.0,14.0,1.0,0.0,0.0,12.0,0.0,1.0
LIVE_EPISODIC,FAILURE_THRESHOLD,Q04_DELAY1,POSE_SHIFT,LOW,12,COMPACT_TYPED,12,1.0,14.0,2.0,1.0,0.0,1.0,0.0,1.0,0.0,0.0,11.0,1.0,0.0,0.0,16.0,0.0,1.0
LIVE_EPISODIC,FAILURE_THRESHOLD,Q04_DELAY1,POSE_SHIFT,LOW,12,VERBOSE_TYPED,12,1.0,14.0,2.0,1.0,0.0,1.0,0.0,1.0,0.0,0.0,14.0,1.0,0.0,0.0,16.0,0.0,1.0
LIVE_EPISODIC,FAILURE_THRESHOLD,Q04_DELAY1,RESTRICTION_CHANGE,HIGH,4,COMPACT_TYPED,12,1.0,6.0,2.0,1.0,0.0,1.0,0.0,1.0,0.0,0.0,11.0,1.0,0.0,0.0,8.0,0.0,1.0
LIVE_EPISODIC,FAILURE_THRESHOLD,Q04_DELAY1,RESTRICTION_CHANGE,HIGH,4,VERBOSE_TYPED,12,1.0,6.0,2.0,1.0,0.0,1.0,0.0,1.0,0.0,0.0,14.0,1.0,0.0,0.0,8.0,0.0,1.0
LIVE_EPISODIC,FAILURE_THRESHOLD,Q04_DELAY1,RESTRICTION_CHANGE,HIGH,8,COMPACT_TYPED,12,1.0,10.0,2.0,1.0,0.0,1.0,0.0,1.0,0.0,0.0,11.0,1.0,0.0,0.0,12.0,0.0,1.0
LIVE_EPISODIC,FAILURE_THRESHOLD,Q04_DELAY1,RESTRICTION_CHANGE,HIGH,8,VERBOSE_TYPED,12,1.0,10.0,2.0,1.0,0.0,1.0,0.0,1.0,0.0,0.0,14.0,1.0,0.0,0.0,12.0,0.0,1.0
LIVE_EPISODIC,FAILURE_THRESHOLD,Q04_DELAY1,RESTRICTION_CHANGE,HIGH,12,COMPACT_TYPED,12,1.0,14.0,2.0,1.0,0.0,1.0,0.0,1.0,0.0,0.0,11.0,1.0,0.0,0.0,16.0,0.0,1.0
LIVE_EPISODIC,FAILURE_THRESHOLD,Q04_DELAY1,RESTRICTION_CHANGE,HIGH,12,VERBOSE_TYPED,12,1.0,14.0,2.0,1.0,0.0,1.0,0.0,1.0,0.0,0.0,14.0,1.0,0.0,0.0,16.0,0.0,1.0
LIVE_EPISODIC,FAILURE_THRESHOLD,Q04_DELAY1,RESTRICTION_CHANGE,LOW,4,COMPACT_TYPED,12,1.0,6.0,2.0,1.0,0.0,1.0,0.0,1.0,0.0,0.0,11.0,1.0,0.0,0.0,8.0,0.0,1.0
LIVE_EPISODIC,FAILURE_THRESHOLD,Q04_DELAY1,RESTRICTION_CHANGE,LOW,4,VERBOSE_TYPED,12,1.0,6.0,2.0,1.0,0.0,1.0,0.0,1.0,0.0,0.0,14.0,1.0,0.0,0.0,8.0,0.0,1.0
LIVE_EPISODIC,FAILURE_THRESHOLD,Q04_DELAY1,RESTRICTION_CHANGE,LOW,8,COMPACT_TYPED,12,1.0,10.0,2.0,1.0,0.0,1.0,0.0,1.0,0.0,0.0,11.0,1.0,0.0,0.0,12.0,0.0,1.0
LIVE_EPISODIC,FAILURE_THRESHOLD,Q04_DELAY1,RESTRICTION_CHANGE,LOW,8,VERBOSE_TYPED,12,1.0,10.0,2.0,1.0,0.0,1.0,0.0,1.0,0.0,0.0,14.0,1.0,0.0,0.0,12.0,0.0,1.0
LIVE_EPISODIC,FAILURE_THRESHOLD,Q04_DELAY1,RESTRICTION_CHANGE,LOW,12,COMPACT_TYPED,12,1.0,14.0,2.0,1.0,0.0,1.0,0.0,1.0,0.0,0.0,11.0,1.0,0.0,0.0,16.0,0.0,1.0
LIVE_EPISODIC,FAILURE_THRESHOLD,Q04_DELAY1,RESTRICTION_CHANGE,LOW,12,VERBOSE_TYPED,12,1.0,14.0,2.0,1.0,0.0,1.0,0.0,1.0,0.0,0.0,14.0,1.0,0.0,0.0,16.0,0.0,1.0
LIVE_EPISODIC,FAILURE_THRESHOLD,Q05_DELAY3,AVAILABILITY_LOSS,HIGH,4,COMPACT_TYPED,12,1.0,6.0,2.0,1.0,0.0,1.0,0.0,1.0,0.0,0.0,11.0,1.0,0.0,0.0,8.0,0.0,1.0
LIVE_EPISODIC,FAILURE_THRESHOLD,Q05_DELAY3,AVAILABILITY_LOSS,HIGH,4,VERBOSE_TYPED,12,1.0,6.0,2.0,1.0,0.0,1.0,0.0,1.0,0.0,0.0,14.0,1.0,0.0,0.0,8.0,0.0,1.0
LIVE_EPISODIC,FAILURE_THRESHOLD,Q05_DELAY3,AVAILABILITY_LOSS,HIGH,8,COMPACT_TYPED,12,1.0,10.0,2.0,1.0,0.0,1.0,0.0,1.0,0.0,0.0,11.0,1.0,0.0,0.0,12.0,0.0,1.0
LIVE_EPISODIC,FAILURE_THRESHOLD,Q05_DELAY3,AVAILABILITY_LOSS,HIGH,8,VERBOSE_TYPED,12,1.0,10.0,2.0,1.0,0.0,1.0,0.0,1.0,0.0,0.0,14.0,1.0,0.0,0.0,12.0,0.0,1.0
LIVE_EPISODIC,FAILURE_THRESHOLD,Q05_DELAY3,AVAILABILITY_LOSS,HIGH,12,COMPACT_TYPED,12,1.0,14.0,2.0,1.0,0.0,1.0,0.0,1.0,0.0,0.0,11.0,1.0,0.0,0.0,16.0,0.0,1.0
LIVE_EPISODIC,FAILURE_THRESHOLD,Q05_DELAY3,AVAILABILITY_LOSS,HIGH,12,VERBOSE_TYPED,12,1.0,14.0,2.0,1.0,0.0,1.0,0.0,1.0,0.0,0.0,14.0,1.0,0.0,0.0,16.0,0.0,1.0
LIVE_EPISODIC,FAILURE_THRESHOLD,Q05_DELAY3,AVAILABILITY_LOSS,LOW,4,COMPACT_TYPED,12,1.0,6.0,2.0,1.0,0.0,1.0,0.0,1.0,0.0,0.0,11.0,1.0,0.0,0.0,8.0,0.0,1.0
LIVE_EPISODIC,FAILURE_THRESHOLD,Q05_DELAY3,AVAILABILITY_LOSS,LOW,4,VERBOSE_TYPED,12,1.0,6.0,2.0,1.0,0.0,1.0,0.0,1.0,0.0,0.0,14.0,1.0,0.0,0.0,8.0,0.0,1.0
LIVE_EPISODIC,FAILURE_THRESHOLD,Q05_DELAY3,AVAILABILITY_LOSS,LOW,8,COMPACT_TYPED,12,1.0,10.0,2.0,1.0,0.0,1.0,0.0,1.0,0.0,0.0,11.0,1.0,0.0,0.0,12.0,0.0,1.0
LIVE_EPISODIC,FAILURE_THRESHOLD,Q05_DELAY3,AVAILABILITY_LOSS,LOW,8,VERBOSE_TYPED,12,1.0,10.0,2.0,1.0,0.0,1.0,0.0,1.0,0.0,0.0,14.0,1.0,0.0,0.0,12.0,0.0,1.0
LIVE_EPISODIC,FAILURE_THRESHOLD,Q05_DELAY3,AVAILABILITY_LOSS,LOW,12,COMPACT_TYPED,12,1.0,14.0,2.0,1.0,0.0,1.0,0.0,1.0,0.0,0.0,11.0,1.0,0.0,0.0,16.0,0.0,1.0
LIVE_EPISODIC,FAILURE_THRESHOLD,Q05_DELAY3,AVAILABILITY_LOSS,LOW,12,VERBOSE_TYPED,12,1.0,14.0,2.0,1.0,0.0,1.0,0.0,1.0,0.0,0.0,14.0,1.0,0.0,0.0,16.0,0.0,1.0
LIVE_EPISODIC,FAILURE_THRESHOLD,Q05_DELAY3,CONTROL_FAILURE,HIGH,4,COMPACT_TYPED,12,1.0,6.0,2.0,1.0,0.0,1.0,0.0,1.0,0.0,0.0,11.0,1.0,0.0,0.0,8.0,0.0,1.0
LIVE_EPISODIC,FAILURE_THRESHOLD,Q05_DELAY3,CONTROL_FAILURE,HIGH,4,VERBOSE_TYPED,12,1.0,6.0,2.0,1.0,0.0,1.0,0.0,1.0,0.0,0.0,14.0,1.0,0.0,0.0,8.0,0.0,1.0
LIVE_EPISODIC,FAILURE_THRESHOLD,Q05_DELAY3,CONTROL_FAILURE,HIGH,8,COMPACT_TYPED,12,1.0,10.0,2.0,1.0,0.0,1.0,0.0,1.0,0.0,0.0,11.0,1.0,0.0,0.0,12.0,0.0,1.0
LIVE_EPISODIC,FAILURE_THRESHOLD,Q05_DELAY3,CONTROL_FAILURE,HIGH,8,VERBOSE_TYPED,12,1.0,10.0,2.0,1.0,0.0,1.0,0.0,1.0,0.0,0.0,14.0,1.0,0.0,0.0,12.0,0.0,1.0
LIVE_EPISODIC,FAILURE_THRESHOLD,Q05_DELAY3,CONTROL_FAILURE,HIGH,12,COMPACT_TYPED,12,1.0,14.0,2.0,1.0,0.0,1.0,0.0,1.0,0.0,0.0,11.0,1.0,0.0,0.0,16.0,0.0,1.0
LIVE_EPISODIC,FAILURE_THRESHOLD,Q05_DELAY3,CONTROL_FAILURE,HIGH,12,VERBOSE_TYPED,12,1.0,14.0,2.0,1.0,0.0,1.0,0.0,1.0,0.0,0.0,14.0,1.0,0.0,0.0,16.0,0.0,1.0
LIVE_EPISODIC,FAILURE_THRESHOLD,Q05_DELAY3,CONTROL_FAILURE,LOW,4,COMPACT_TYPED,12,1.0,6.0,2.0,1.0,0.0,1.0,0.0,1.0,0.0,0.0,11.0,1.0,0.0,0.0,8.0,0.0,1.0
LIVE_EPISODIC,FAILURE_THRESHOLD,Q05_DELAY3,CONTROL_FAILURE,LOW,4,VERBOSE_TYPED,12,1.0,6.0,2.0,1.0,0.0,1.0,0.0,1.0,0.0,0.0,14.0,1.0,0.0,0.0,8.0,0.0,1.0
LIVE_EPISODIC,FAILURE_THRESHOLD,Q05_DELAY3,CONTROL_FAILURE,LOW,8,COMPACT_TYPED,12,1.0,10.0,2.0,1.0,0.0,1.0,0.0,1.0,0.0,0.0,11.0,1.0,0.0,0.0,12.0,0.0,1.0
LIVE_EPISODIC,FAILURE_THRESHOLD,Q05_DELAY3,CONTROL_FAILURE,LOW,8,VERBOSE_TYPED,12,1.0,10.0,2.0,1.0,0.0,1.0,0.0,1.0,0.0,0.0,14.0,1.0,0.0,0.0,12.0,0.0,1.0
LIVE_EPISODIC,FAILURE_THRESHOLD,Q05_DELAY3,CONTROL_FAILURE,LOW,12,COMPACT_TYPED,12,1.0,14.0,2.0,1.0,0.0,1.0,0.0,1.0,0.0,0.0,11.0,1.0,0.0,0.0,16.0,0.0,1.0
LIVE_EPISODIC,FAILURE_THRESHOLD,Q05_DELAY3,CONTROL_FAILURE,LOW,12,VERBOSE_TYPED,12,1.0,14.0,2.0,1.0,0.0,1.0,0.0,1.0,0.0,0.0,14.0,1.0,0.0,0.0,16.0,0.0,1.0
LIVE_EPISODIC,FAILURE_THRESHOLD,Q05_DELAY3,POSE_SHIFT,HIGH,4,COMPACT_TYPED,12,1.0,6.0,2.0,1.0,0.0,1.0,0.0,1.0,0.0,0.0,11.0,1.0,0.0,0.0,8.0,0.0,1.0
LIVE_EPISODIC,FAILURE_THRESHOLD,Q05_DELAY3,POSE_SHIFT,HIGH,4,VERBOSE_TYPED,12,1.0,6.0,2.0,1.0,0.0,1.0,0.0,1.0,0.0,0.0,14.0,1.0,0.0,0.0,8.0,0.0,1.0
LIVE_EPISODIC,FAILURE_THRESHOLD,Q05_DELAY3,POSE_SHIFT,HIGH,8,COMPACT_TYPED,12,1.0,10.0,2.0,1.0,0.0,1.0,0.0,1.0,0.0,0.0,11.0,1.0,0.0,0.0,12.0,0.0,1.0
LIVE_EPISODIC,FAILURE_THRESHOLD,Q05_DELAY3,POSE_SHIFT,HIGH,8,VERBOSE_TYPED,12,1.0,10.0,2.0,1.0,0.0,1.0,0.0,1.0,0.0,0.0,14.0,1.0,0.0,0.0,12.0,0.0,1.0
LIVE_EPISODIC,FAILURE_THRESHOLD,Q05_DELAY3,POSE_SHIFT,HIGH,12,COMPACT_TYPED,12,1.0,14.0,2.0,1.0,0.0,1.0,0.0,1.0,0.0,0.0,11.0,1.0,0.0,0.0,16.0,0.0,1.0
LIVE_EPISODIC,FAILURE_THRESHOLD,Q05_DELAY3,POSE_SHIFT,HIGH,12,VERBOSE_TYPED,12,1.0,14.0,2.0,1.0,0.0,1.0,0.0,1.0,0.0,0.0,14.0,1.0,0.0,0.0,16.0,0.0,1.0
LIVE_EPISODIC,FAILURE_THRESHOLD,Q05_DELAY3,POSE_SHIFT,LOW,4,COMPACT_TYPED,12,1.0,6.0,2.0,1.0,0.0,1.0,0.0,1.0,0.0,0.0,11.0,1.0,0.0,0.0,8.0,0.0,1.0
LIVE_EPISODIC,FAILURE_THRESHOLD,Q05_DELAY3,POSE_SHIFT,LOW,4,VERBOSE_TYPED,12,1.0,6.0,2.0,1.0,0.0,1.0,0.0,1.0,0.0,0.0,14.0,1.0,0.0,0.0,8.0,0.0,1.0
LIVE_EPISODIC,FAILURE_THRESHOLD,Q05_DELAY3,POSE_SHIFT,LOW,8,COMPACT_TYPED,12,1.0,10.0,2.0,1.0,0.0,1.0,0.0,1.0,0.0,0.0,11.0,1.0,0.0,0.0,12.0,0.0,1.0
LIVE_EPISODIC,FAILURE_THRESHOLD,Q05_DELAY3,POSE_SHIFT,LOW,8,VERBOSE_TYPED,12,1.0,10.0,2.0,1.0,0.0,1.0,0.0,1.0,0.0,0.0,14.0,1.0,0.0,0.0,12.0,0.0,1.0
LIVE_EPISODIC,FAILURE_THRESHOLD,Q05_DELAY3,POSE_SHIFT,LOW,12,COMPACT_TYPED,12,1.0,14.0,2.0,1.0,0.0,1.0,0.0,1.0,0.0,0.0,11.0,1.0,0.0,0.0,16.0,0.0,1.0
LIVE_EPISODIC,FAILURE_THRESHOLD,Q05_DELAY3,POSE_SHIFT,LOW,12,VERBOSE_TYPED,12,1.0,14.0,2.0,1.0,0.0,1.0,0.0,1.0,0.0,0.0,14.0,1.0,0.0,0.0,16.0,0.0,1.0
LIVE_EPISODIC,FAILURE_THRESHOLD,Q05_DELAY3,RESTRICTION_CHANGE,HIGH,4,COMPACT_TYPED,12,1.0,6.0,2.0,1.0,0.0,1.0,0.0,1.0,0.0,0.0,11.0,1.0,0.0,0.0,8.0,0.0,1.0
LIVE_EPISODIC,FAILURE_THRESHOLD,Q05_DELAY3,RESTRICTION_CHANGE,HIGH,4,VERBOSE_TYPED,12,1.0,6.0,2.0,1.0,0.0,1.0,0.0,1.0,0.0,0.0,14.0,1.0,0.0,0.0,8.0,0.0,1.0
LIVE_EPISODIC,FAILURE_THRESHOLD,Q05_DELAY3,RESTRICTION_CHANGE,HIGH,8,COMPACT_TYPED,12,1.0,10.0,2.0,1.0,0.0,1.0,0.0,1.0,0.0,0.0,11.0,1.0,0.0,0.0,12.0,0.0,1.0
LIVE_EPISODIC,FAILURE_THRESHOLD,Q05_DELAY3,RESTRICTION_CHANGE,HIGH,8,VERBOSE_TYPED,12,1.0,10.0,2.0,1.0,0.0,1.0,0.0,1.0,0.0,0.0,14.0,1.0,0.0,0.0,12.0,0.0,1.0
LIVE_EPISODIC,FAILURE_THRESHOLD,Q05_DELAY3,RESTRICTION_CHANGE,HIGH,12,COMPACT_TYPED,12,1.0,14.0,2.0,1.0,0.0,1.0,0.0,1.0,0.0,0.0,11.0,1.0,0.0,0.0,16.0,0.0,1.0
LIVE_EPISODIC,FAILURE_THRESHOLD,Q05_DELAY3,RESTRICTION_CHANGE,HIGH,12,VERBOSE_TYPED,12,1.0,14.0,2.0,1.0,0.0,1.0,0.0,1.0,0.0,0.0,14.0,1.0,0.0,0.0,16.0,0.0,1.0
LIVE_EPISODIC,FAILURE_THRESHOLD,Q05_DELAY3,RESTRICTION_CHANGE,LOW,4,COMPACT_TYPED,12,1.0,6.0,2.0,1.0,0.0,1.0,0.0,1.0,0.0,0.0,11.0,1.0,0.0,0.0,8.0,0.0,1.0
LIVE_EPISODIC,FAILURE_THRESHOLD,Q05_DELAY3,RESTRICTION_CHANGE,LOW,4,VERBOSE_TYPED,12,1.0,6.0,2.0,1.0,0.0,1.0,0.0,1.0,0.0,0.0,14.0,1.0,0.0,0.0,8.0,0.0,1.0
LIVE_EPISODIC,FAILURE_THRESHOLD,Q05_DELAY3,RESTRICTION_CHANGE,LOW,8,COMPACT_TYPED,12,1.0,10.0,2.0,1.0,0.0,1.0,0.0,1.0,0.0,0.0,11.0,1.0,0.0,0.0,12.0,0.0,1.0
LIVE_EPISODIC,FAILURE_THRESHOLD,Q05_DELAY3,RESTRICTION_CHANGE,LOW,8,VERBOSE_TYPED,12,1.0,10.0,2.0,1.0,0.0,1.0,0.0,1.0,0.0,0.0,14.0,1.0,0.0,0.0,12.0,0.0,1.0
LIVE_EPISODIC,FAILURE_THRESHOLD,Q05_DELAY3,RESTRICTION_CHANGE,LOW,12,COMPACT_TYPED,12,1.0,14.0,2.0,1.0,0.0,1.0,0.0,1.0,0.0,0.0,11.0,1.0,0.0,0.0,16.0,0.0,1.0
LIVE_EPISODIC,FAILURE_THRESHOLD,Q05_DELAY3,RESTRICTION_CHANGE,LOW,12,VERBOSE_TYPED,12,1.0,14.0,2.0,1.0,0.0,1.0,0.0,1.0,0.0,0.0,14.0,1.0,0.0,0.0,16.0,0.0,1.0
LIVE_EPISODIC,FAILURE_THRESHOLD,Q06_FALSE3,AVAILABILITY_LOSS,HIGH,4,COMPACT_TYPED,12,1.0,6.0,2.0,1.0,0.0,1.0,0.0,1.0,0.0,0.0,14.0,1.0,0.0,0.0,8.0,0.0,1.0
LIVE_EPISODIC,FAILURE_THRESHOLD,Q06_FALSE3,AVAILABILITY_LOSS,HIGH,4,VERBOSE_TYPED,12,1.0,6.0,2.0,1.0,0.0,1.0,0.0,1.0,0.0,0.0,26.0,1.0,0.0,0.0,8.0,0.0,1.0
LIVE_EPISODIC,FAILURE_THRESHOLD,Q06_FALSE3,AVAILABILITY_LOSS,HIGH,8,COMPACT_TYPED,12,1.0,10.0,2.0,1.0,0.0,1.0,0.0,1.0,0.0,0.0,14.0,1.0,0.0,0.0,12.0,0.0,1.0
LIVE_EPISODIC,FAILURE_THRESHOLD,Q06_FALSE3,AVAILABILITY_LOSS,HIGH,8,VERBOSE_TYPED,12,1.0,10.0,2.0,1.0,0.0,1.0,0.0,1.0,0.0,0.0,26.0,1.0,0.0,0.0,12.0,0.0,1.0
LIVE_EPISODIC,FAILURE_THRESHOLD,Q06_FALSE3,AVAILABILITY_LOSS,HIGH,12,COMPACT_TYPED,12,1.0,14.0,2.0,1.0,0.0,1.0,0.0,1.0,0.0,0.0,14.0,1.0,0.0,0.0,16.0,0.0,1.0
LIVE_EPISODIC,FAILURE_THRESHOLD,Q06_FALSE3,AVAILABILITY_LOSS,HIGH,12,VERBOSE_TYPED,12,1.0,14.0,2.0,1.0,0.0,1.0,0.0,1.0,0.0,0.0,26.0,1.0,0.0,0.0,16.0,0.0,1.0
LIVE_EPISODIC,FAILURE_THRESHOLD,Q06_FALSE3,AVAILABILITY_LOSS,LOW,4,COMPACT_TYPED,12,1.0,6.0,2.0,1.0,0.0,1.0,0.0,1.0,0.0,0.0,14.0,1.0,0.0,0.0,8.0,0.0,1.0
LIVE_EPISODIC,FAILURE_THRESHOLD,Q06_FALSE3,AVAILABILITY_LOSS,LOW,4,VERBOSE_TYPED,12,1.0,6.0,2.0,1.0,0.0,1.0,0.0,1.0,0.0,0.0,26.0,1.0,0.0,0.0,8.0,0.0,1.0
LIVE_EPISODIC,FAILURE_THRESHOLD,Q06_FALSE3,AVAILABILITY_LOSS,LOW,8,COMPACT_TYPED,12,1.0,10.0,2.0,1.0,0.0,1.0,0.0,1.0,0.0,0.0,14.0,1.0,0.0,0.0,12.0,0.0,1.0
LIVE_EPISODIC,FAILURE_THRESHOLD,Q06_FALSE3,AVAILABILITY_LOSS,LOW,8,VERBOSE_TYPED,12,1.0,10.0,2.0,1.0,0.0,1.0,0.0,1.0,0.0,0.0,26.0,1.0,0.0,0.0,12.0,0.0,1.0
LIVE_EPISODIC,FAILURE_THRESHOLD,Q06_FALSE3,AVAILABILITY_LOSS,LOW,12,COMPACT_TYPED,12,1.0,14.0,2.0,1.0,0.0,1.0,0.0,1.0,0.0,0.0,14.0,1.0,0.0,0.0,16.0,0.0,1.0
LIVE_EPISODIC,FAILURE_THRESHOLD,Q06_FALSE3,AVAILABILITY_LOSS,LOW,12,VERBOSE_TYPED,12,1.0,14.0,2.0,1.0,0.0,1.0,0.0,1.0,0.0,0.0,26.0,1.0,0.0,0.0,16.0,0.0,1.0
LIVE_EPISODIC,FAILURE_THRESHOLD,Q06_FALSE3,CONTROL_FAILURE,HIGH,4,COMPACT_TYPED,12,1.0,6.0,2.0,1.0,0.0,1.0,0.0,1.0,0.0,0.0,14.0,1.0,0.0,0.0,8.0,0.0,1.0
LIVE_EPISODIC,FAILURE_THRESHOLD,Q06_FALSE3,CONTROL_FAILURE,HIGH,4,VERBOSE_TYPED,12,1.0,6.0,2.0,1.0,0.0,1.0,0.0,1.0,0.0,0.0,26.0,1.0,0.0,0.0,8.0,0.0,1.0
LIVE_EPISODIC,FAILURE_THRESHOLD,Q06_FALSE3,CONTROL_FAILURE,HIGH,8,COMPACT_TYPED,12,1.0,10.0,2.0,1.0,0.0,1.0,0.0,1.0,0.0,0.0,14.0,1.0,0.0,0.0,12.0,0.0,1.0
LIVE_EPISODIC,FAILURE_THRESHOLD,Q06_FALSE3,CONTROL_FAILURE,HIGH,8,VERBOSE_TYPED,12,1.0,10.0,2.0,1.0,0.0,1.0,0.0,1.0,0.0,0.0,26.0,1.0,0.0,0.0,12.0,0.0,1.0
LIVE_EPISODIC,FAILURE_THRESHOLD,Q06_FALSE3,CONTROL_FAILURE,HIGH,12,COMPACT_TYPED,12,1.0,14.0,2.0,1.0,0.0,1.0,0.0,1.0,0.0,0.0,14.0,1.0,0.0,0.0,16.0,0.0,1.0
LIVE_EPISODIC,FAILURE_THRESHOLD,Q06_FALSE3,CONTROL_FAILURE,HIGH,12,VERBOSE_TYPED,12,1.0,14.0,2.0,1.0,0.0,1.0,0.0,1.0,0.0,0.0,26.0,1.0,0.0,0.0,16.0,0.0,1.0
LIVE_EPISODIC,FAILURE_THRESHOLD,Q06_FALSE3,CONTROL_FAILURE,LOW,4,COMPACT_TYPED,12,1.0,6.0,2.0,1.0,0.0,1.0,0.0,1.0,0.0,0.0,14.0,1.0,0.0,0.0,8.0,0.0,1.0
LIVE_EPISODIC,FAILURE_THRESHOLD,Q06_FALSE3,CONTROL_FAILURE,LOW,4,VERBOSE_TYPED,12,1.0,6.0,2.0,1.0,0.0,1.0,0.0,1.0,0.0,0.0,26.0,1.0,0.0,0.0,8.0,0.0,1.0
LIVE_EPISODIC,FAILURE_THRESHOLD,Q06_FALSE3,CONTROL_FAILURE,LOW,8,COMPACT_TYPED,12,1.0,10.0,2.0,1.0,0.0,1.0,0.0,1.0,0.0,0.0,14.0,1.0,0.0,0.0,12.0,0.0,1.0
LIVE_EPISODIC,FAILURE_THRESHOLD,Q06_FALSE3,CONTROL_FAILURE,LOW,8,VERBOSE_TYPED,12,1.0,10.0,2.0,1.0,0.0,1.0,0.0,1.0,0.0,0.0,26.0,1.0,0.0,0.0,12.0,0.0,1.0
LIVE_EPISODIC,FAILURE_THRESHOLD,Q06_FALSE3,CONTROL_FAILURE,LOW,12,COMPACT_TYPED,12,1.0,14.0,2.0,1.0,0.0,1.0,0.0,1.0,0.0,0.0,14.0,1.0,0.0,0.0,16.0,0.0,1.0
LIVE_EPISODIC,FAILURE_THRESHOLD,Q06_FALSE3,CONTROL_FAILURE,LOW,12,VERBOSE_TYPED,12,1.0,14.0,2.0,1.0,0.0,1.0,0.0,1.0,0.0,0.0,26.0,1.0,0.0,0.0,16.0,0.0,1.0
LIVE_EPISODIC,FAILURE_THRESHOLD,Q06_FALSE3,POSE_SHIFT,HIGH,4,COMPACT_TYPED,12,1.0,6.0,2.0,1.0,0.0,1.0,0.0,1.0,0.0,0.0,14.0,1.0,0.0,0.0,8.0,0.0,1.0
LIVE_EPISODIC,FAILURE_THRESHOLD,Q06_FALSE3,POSE_SHIFT,HIGH,4,VERBOSE_TYPED,12,1.0,6.0,2.0,1.0,0.0,1.0,0.0,1.0,0.0,0.0,26.0,1.0,0.0,0.0,8.0,0.0,1.0
LIVE_EPISODIC,FAILURE_THRESHOLD,Q06_FALSE3,POSE_SHIFT,HIGH,8,COMPACT_TYPED,12,1.0,10.0,2.0,1.0,0.0,1.0,0.0,1.0,0.0,0.0,14.0,1.0,0.0,0.0,12.0,0.0,1.0
LIVE_EPISODIC,FAILURE_THRESHOLD,Q06_FALSE3,POSE_SHIFT,HIGH,8,VERBOSE_TYPED,12,1.0,10.0,2.0,1.0,0.0,1.0,0.0,1.0,0.0,0.0,26.0,1.0,0.0,0.0,12.0,0.0,1.0
LIVE_EPISODIC,FAILURE_THRESHOLD,Q06_FALSE3,POSE_SHIFT,HIGH,12,COMPACT_TYPED,12,1.0,14.0,2.0,1.0,0.0,1.0,0.0,1.0,0.0,0.0,14.0,1.0,0.0,0.0,16.0,0.0,1.0
LIVE_EPISODIC,FAILURE_THRESHOLD,Q06_FALSE3,POSE_SHIFT,HIGH,12,VERBOSE_TYPED,12,1.0,14.0,2.0,1.0,0.0,1.0,0.0,1.0,0.0,0.0,26.0,1.0,0.0,0.0,16.0,0.0,1.0
LIVE_EPISODIC,FAILURE_THRESHOLD,Q06_FALSE3,POSE_SHIFT,LOW,4,COMPACT_TYPED,12,1.0,6.0,2.0,1.0,0.0,1.0,0.0,1.0,0.0,0.0,14.0,1.0,0.0,0.0,8.0,0.0,1.0
LIVE_EPISODIC,FAILURE_THRESHOLD,Q06_FALSE3,POSE_SHIFT,LOW,4,VERBOSE_TYPED,12,1.0,6.0,2.0,1.0,0.0,1.0,0.0,1.0,0.0,0.0,26.0,1.0,0.0,0.0,8.0,0.0,1.0
LIVE_EPISODIC,FAILURE_THRESHOLD,Q06_FALSE3,POSE_SHIFT,LOW,8,COMPACT_TYPED,12,1.0,10.0,2.0,1.0,0.0,1.0,0.0,1.0,0.0,0.0,14.0,1.0,0.0,0.0,12.0,0.0,1.0
LIVE_EPISODIC,FAILURE_THRESHOLD,Q06_FALSE3,POSE_SHIFT,LOW,8,VERBOSE_TYPED,12,1.0,10.0,2.0,1.0,0.0,1.0,0.0,1.0,0.0,0.0,26.0,1.0,0.0,0.0,12.0,0.0,1.0
LIVE_EPISODIC,FAILURE_THRESHOLD,Q06_FALSE3,POSE_SHIFT,LOW,12,COMPACT_TYPED,12,1.0,14.0,2.0,1.0,0.0,1.0,0.0,1.0,0.0,0.0,14.0,1.0,0.0,0.0,16.0,0.0,1.0
LIVE_EPISODIC,FAILURE_THRESHOLD,Q06_FALSE3,POSE_SHIFT,LOW,12,VERBOSE_TYPED,12,1.0,14.0,2.0,1.0,0.0,1.0,0.0,1.0,0.0,0.0,26.0,1.0,0.0,0.0,16.0,0.0,1.0
LIVE_EPISODIC,FAILURE_THRESHOLD,Q06_FALSE3,RESTRICTION_CHANGE,HIGH,4,COMPACT_TYPED,12,1.0,6.0,2.0,1.0,0.0,1.0,0.0,1.0,0.0,0.0,14.0,1.0,0.0,0.0,8.0,0.0,1.0
LIVE_EPISODIC,FAILURE_THRESHOLD,Q06_FALSE3,RESTRICTION_CHANGE,HIGH,4,VERBOSE_TYPED,12,1.0,6.0,2.0,1.0,0.0,1.0,0.0,1.0,0.0,0.0,26.0,1.0,0.0,0.0,8.0,0.0,1.0
LIVE_EPISODIC,FAILURE_THRESHOLD,Q06_FALSE3,RESTRICTION_CHANGE,HIGH,8,COMPACT_TYPED,12,1.0,10.0,2.0,1.0,0.0,1.0,0.0,1.0,0.0,0.0,14.0,1.0,0.0,0.0,12.0,0.0,1.0
LIVE_EPISODIC,FAILURE_THRESHOLD,Q06_FALSE3,RESTRICTION_CHANGE,HIGH,8,VERBOSE_TYPED,12,1.0,10.0,2.0,1.0,0.0,1.0,0.0,1.0,0.0,0.0,26.0,1.0,0.0,0.0,12.0,0.0,1.0
LIVE_EPISODIC,FAILURE_THRESHOLD,Q06_FALSE3,RESTRICTION_CHANGE,HIGH,12,COMPACT_TYPED,12,1.0,14.0,2.0,1.0,0.0,1.0,0.0,1.0,0.0,0.0,14.0,1.0,0.0,0.0,16.0,0.0,1.0
LIVE_EPISODIC,FAILURE_THRESHOLD,Q06_FALSE3,RESTRICTION_CHANGE,HIGH,12,VERBOSE_TYPED,12,1.0,14.0,2.0,1.0,0.0,1.0,0.0,1.0,0.0,0.0,26.0,1.0,0.0,0.0,16.0,0.0,1.0
LIVE_EPISODIC,FAILURE_THRESHOLD,Q06_FALSE3,RESTRICTION_CHANGE,LOW,4,COMPACT_TYPED,12,1.0,6.0,2.0,1.0,0.0,1.0,0.0,1.0,0.0,0.0,14.0,1.0,0.0,0.0,8.0,0.0,1.0
LIVE_EPISODIC,FAILURE_THRESHOLD,Q06_FALSE3,RESTRICTION_CHANGE,LOW,4,VERBOSE_TYPED,12,1.0,6.0,2.0,1.0,0.0,1.0,0.0,1.0,0.0,0.0,26.0,1.0,0.0,0.0,8.0,0.0,1.0
LIVE_EPISODIC,FAILURE_THRESHOLD,Q06_FALSE3,RESTRICTION_CHANGE,LOW,8,COMPACT_TYPED,12,1.0,10.0,2.0,1.0,0.0,1.0,0.0,1.0,0.0,0.0,14.0,1.0,0.0,0.0,12.0,0.0,1.0
LIVE_EPISODIC,FAILURE_THRESHOLD,Q06_FALSE3,RESTRICTION_CHANGE,LOW,8,VERBOSE_TYPED,12,1.0,10.0,2.0,1.0,0.0,1.0,0.0,1.0,0.0,0.0,26.0,1.0,0.0,0.0,12.0,0.0,1.0
LIVE_EPISODIC,FAILURE_THRESHOLD,Q06_FALSE3,RESTRICTION_CHANGE,LOW,12,COMPACT_TYPED,12,1.0,14.0,2.0,1.0,0.0,1.0,0.0,1.0,0.0,0.0,14.0,1.0,0.0,0.0,16.0,0.0,1.0
LIVE_EPISODIC,FAILURE_THRESHOLD,Q06_FALSE3,RESTRICTION_CHANGE,LOW,12,VERBOSE_TYPED,12,1.0,14.0,2.0,1.0,0.0,1.0,0.0,1.0,0.0,0.0,26.0,1.0,0.0,0.0,16.0,0.0,1.0
LIVE_EPISODIC,FAILURE_THRESHOLD,Q07_DUP_OOO,AVAILABILITY_LOSS,HIGH,4,COMPACT_TYPED,12,1.0,6.0,2.0,1.0,0.0,1.0,0.0,1.0,0.0,0.0,14.0,1.0,1.0,167.0,4.0,0.0,1.0
LIVE_EPISODIC,FAILURE_THRESHOLD,Q07_DUP_OOO,AVAILABILITY_LOSS,HIGH,4,VERBOSE_TYPED,12,1.0,6.0,2.0,1.0,0.0,1.0,0.0,1.0,0.0,0.0,23.0,1.0,1.0,168.0,4.0,0.0,1.0
LIVE_EPISODIC,FAILURE_THRESHOLD,Q07_DUP_OOO,AVAILABILITY_LOSS,HIGH,8,COMPACT_TYPED,12,1.0,10.0,2.0,1.0,0.0,1.0,0.0,1.0,0.0,0.0,14.0,1.0,1.0,167.0,6.0,0.0,1.0
LIVE_EPISODIC,FAILURE_THRESHOLD,Q07_DUP_OOO,AVAILABILITY_LOSS,HIGH,8,VERBOSE_TYPED,12,1.0,10.0,2.0,1.0,0.0,1.0,0.0,1.0,0.0,0.0,23.0,1.0,1.0,168.0,6.0,0.0,1.0
LIVE_EPISODIC,FAILURE_THRESHOLD,Q07_DUP_OOO,AVAILABILITY_LOSS,HIGH,12,COMPACT_TYPED,12,1.0,14.0,2.0,1.0,0.0,1.0,0.0,1.0,0.0,0.0,14.0,1.0,1.0,167.0,8.0,0.0,1.0
LIVE_EPISODIC,FAILURE_THRESHOLD,Q07_DUP_OOO,AVAILABILITY_LOSS,HIGH,12,VERBOSE_TYPED,12,1.0,14.0,2.0,1.0,0.0,1.0,0.0,1.0,0.0,0.0,23.0,1.0,1.0,168.0,8.0,0.0,1.0
LIVE_EPISODIC,FAILURE_THRESHOLD,Q07_DUP_OOO,AVAILABILITY_LOSS,LOW,4,COMPACT_TYPED,12,1.0,6.0,2.0,1.0,0.0,1.0,0.0,1.0,0.0,0.0,14.0,1.0,1.0,167.0,4.0,0.0,1.0
LIVE_EPISODIC,FAILURE_THRESHOLD,Q07_DUP_OOO,AVAILABILITY_LOSS,LOW,4,VERBOSE_TYPED,12,1.0,6.0,2.0,1.0,0.0,1.0,0.0,1.0,0.0,0.0,23.0,1.0,1.0,168.0,4.0,0.0,1.0
LIVE_EPISODIC,FAILURE_THRESHOLD,Q07_DUP_OOO,AVAILABILITY_LOSS,LOW,8,COMPACT_TYPED,12,1.0,10.0,2.0,1.0,0.0,1.0,0.0,1.0,0.0,0.0,14.0,1.0,1.0,167.0,6.0,0.0,1.0
LIVE_EPISODIC,FAILURE_THRESHOLD,Q07_DUP_OOO,AVAILABILITY_LOSS,LOW,8,VERBOSE_TYPED,12,1.0,10.0,2.0,1.0,0.0,1.0,0.0,1.0,0.0,0.0,23.0,1.0,1.0,168.0,6.0,0.0,1.0
LIVE_EPISODIC,FAILURE_THRESHOLD,Q07_DUP_OOO,AVAILABILITY_LOSS,LOW,12,COMPACT_TYPED,12,1.0,14.0,2.0,1.0,0.0,1.0,0.0,1.0,0.0,0.0,14.0,1.0,1.0,167.0,8.0,0.0,1.0
LIVE_EPISODIC,FAILURE_THRESHOLD,Q07_DUP_OOO,AVAILABILITY_LOSS,LOW,12,VERBOSE_TYPED,12,1.0,14.0,2.0,1.0,0.0,1.0,0.0,1.0,0.0,0.0,23.0,1.0,1.0,168.0,8.0,0.0,1.0
LIVE_EPISODIC,FAILURE_THRESHOLD,Q07_DUP_OOO,CONTROL_FAILURE,HIGH,4,COMPACT_TYPED,12,1.0,6.0,2.0,1.0,0.0,1.0,0.0,1.0,0.0,0.0,14.0,1.0,1.0,166.0,4.0,0.0,1.0
LIVE_EPISODIC,FAILURE_THRESHOLD,Q07_DUP_OOO,CONTROL_FAILURE,HIGH,4,VERBOSE_TYPED,12,1.0,6.0,2.0,1.0,0.0,1.0,0.0,1.0,0.0,0.0,23.0,1.0,1.0,167.0,4.0,0.0,1.0
LIVE_EPISODIC,FAILURE_THRESHOLD,Q07_DUP_OOO,CONTROL_FAILURE,HIGH,8,COMPACT_TYPED,12,1.0,10.0,2.0,1.0,0.0,1.0,0.0,1.0,0.0,0.0,14.0,1.0,1.0,166.0,6.0,0.0,1.0
LIVE_EPISODIC,FAILURE_THRESHOLD,Q07_DUP_OOO,CONTROL_FAILURE,HIGH,8,VERBOSE_TYPED,12,1.0,10.0,2.0,1.0,0.0,1.0,0.0,1.0,0.0,0.0,23.0,1.0,1.0,167.0,6.0,0.0,1.0
LIVE_EPISODIC,FAILURE_THRESHOLD,Q07_DUP_OOO,CONTROL_FAILURE,HIGH,12,COMPACT_TYPED,12,1.0,14.0,2.0,1.0,0.0,1.0,0.0,1.0,0.0,0.0,14.0,1.0,1.0,166.0,8.0,0.0,1.0
LIVE_EPISODIC,FAILURE_THRESHOLD,Q07_DUP_OOO,CONTROL_FAILURE,HIGH,12,VERBOSE_TYPED,12,1.0,14.0,2.0,1.0,0.0,1.0,0.0,1.0,0.0,0.0,23.0,1.0,1.0,167.0,8.0,0.0,1.0
LIVE_EPISODIC,FAILURE_THRESHOLD,Q07_DUP_OOO,CONTROL_FAILURE,LOW,4,COMPACT_TYPED,12,1.0,6.0,2.0,1.0,0.0,1.0,0.0,1.0,0.0,0.0,14.0,1.0,1.0,166.0,4.0,0.0,1.0
LIVE_EPISODIC,FAILURE_THRESHOLD,Q07_DUP_OOO,CONTROL_FAILURE,LOW,4,VERBOSE_TYPED,12,1.0,6.0,2.0,1.0,0.0,1.0,0.0,1.0,0.0,0.0,23.0,1.0,1.0,167.0,4.0,0.0,1.0
LIVE_EPISODIC,FAILURE_THRESHOLD,Q07_DUP_OOO,CONTROL_FAILURE,LOW,8,COMPACT_TYPED,12,1.0,10.0,2.0,1.0,0.0,1.0,0.0,1.0,0.0,0.0,14.0,1.0,1.0,166.0,6.0,0.0,1.0
LIVE_EPISODIC,FAILURE_THRESHOLD,Q07_DUP_OOO,CONTROL_FAILURE,LOW,8,VERBOSE_TYPED,12,1.0,10.0,2.0,1.0,0.0,1.0,0.0,1.0,0.0,0.0,23.0,1.0,1.0,167.0,6.0,0.0,1.0
LIVE_EPISODIC,FAILURE_THRESHOLD,Q07_DUP_OOO,CONTROL_FAILURE,LOW,12,COMPACT_TYPED,12,1.0,14.0,2.0,1.0,0.0,1.0,0.0,1.0,0.0,0.0,14.0,1.0,1.0,166.0,8.0,0.0,1.0
LIVE_EPISODIC,FAILURE_THRESHOLD,Q07_DUP_OOO,CONTROL_FAILURE,LOW,12,VERBOSE_TYPED,12,1.0,14.0,2.0,1.0,0.0,1.0,0.0,1.0,0.0,0.0,23.0,1.0,1.0,167.0,8.0,0.0,1.0
LIVE_EPISODIC,FAILURE_THRESHOLD,Q07_DUP_OOO,POSE_SHIFT,HIGH,4,COMPACT_TYPED,12,1.0,6.0,2.0,1.0,0.0,1.0,0.0,1.0,0.0,0.0,14.0,1.0,1.0,161.0,4.0,0.0,1.0
LIVE_EPISODIC,FAILURE_THRESHOLD,Q07_DUP_OOO,POSE_SHIFT,HIGH,4,VERBOSE_TYPED,12,1.0,6.0,2.0,1.0,0.0,1.0,0.0,1.0,0.0,0.0,23.0,1.0,1.0,162.0,4.0,0.0,1.0
LIVE_EPISODIC,FAILURE_THRESHOLD,Q07_DUP_OOO,POSE_SHIFT,HIGH,8,COMPACT_TYPED,12,1.0,10.0,2.0,1.0,0.0,1.0,0.0,1.0,0.0,0.0,14.0,1.0,1.0,161.0,6.0,0.0,1.0
LIVE_EPISODIC,FAILURE_THRESHOLD,Q07_DUP_OOO,POSE_SHIFT,HIGH,8,VERBOSE_TYPED,12,1.0,10.0,2.0,1.0,0.0,1.0,0.0,1.0,0.0,0.0,23.0,1.0,1.0,162.0,6.0,0.0,1.0
LIVE_EPISODIC,FAILURE_THRESHOLD,Q07_DUP_OOO,POSE_SHIFT,HIGH,12,COMPACT_TYPED,12,1.0,14.0,2.0,1.0,0.0,1.0,0.0,1.0,0.0,0.0,14.0,1.0,1.0,161.0,8.0,0.0,1.0
LIVE_EPISODIC,FAILURE_THRESHOLD,Q07_DUP_OOO,POSE_SHIFT,HIGH,12,VERBOSE_TYPED,12,1.0,14.0,2.0,1.0,0.0,1.0,0.0,1.0,0.0,0.0,23.0,1.0,1.0,162.0,8.0,0.0,1.0
LIVE_EPISODIC,FAILURE_THRESHOLD,Q07_DUP_OOO,POSE_SHIFT,LOW,4,COMPACT_TYPED,12,1.0,6.0,2.0,1.0,0.0,1.0,0.0,1.0,0.0,0.0,14.0,1.0,1.0,161.0,4.0,0.0,1.0
LIVE_EPISODIC,FAILURE_THRESHOLD,Q07_DUP_OOO,POSE_SHIFT,LOW,4,VERBOSE_TYPED,12,1.0,6.0,2.0,1.0,0.0,1.0,0.0,1.0,0.0,0.0,23.0,1.0,1.0,162.0,4.0,0.0,1.0
LIVE_EPISODIC,FAILURE_THRESHOLD,Q07_DUP_OOO,POSE_SHIFT,LOW,8,COMPACT_TYPED,12,1.0,10.0,2.0,1.0,0.0,1.0,0.0,1.0,0.0,0.0,14.0,1.0,1.0,161.0,6.0,0.0,1.0
LIVE_EPISODIC,FAILURE_THRESHOLD,Q07_DUP_OOO,POSE_SHIFT,LOW,8,VERBOSE_TYPED,12,1.0,10.0,2.0,1.0,0.0,1.0,0.0,1.0,0.0,0.0,23.0,1.0,1.0,162.0,6.0,0.0,1.0
LIVE_EPISODIC,FAILURE_THRESHOLD,Q07_DUP_OOO,POSE_SHIFT,LOW,12,COMPACT_TYPED,12,1.0,14.0,2.0,1.0,0.0,1.0,0.0,1.0,0.0,0.0,14.0,1.0,1.0,161.0,8.0,0.0,1.0
LIVE_EPISODIC,FAILURE_THRESHOLD,Q07_DUP_OOO,POSE_SHIFT,LOW,12,VERBOSE_TYPED,12,1.0,14.0,2.0,1.0,0.0,1.0,0.0,1.0,0.0,0.0,23.0,1.0,1.0,162.0,8.0,0.0,1.0
LIVE_EPISODIC,FAILURE_THRESHOLD,Q07_DUP_OOO,RESTRICTION_CHANGE,HIGH,4,COMPACT_TYPED,12,1.0,6.0,2.0,1.0,0.0,1.0,0.0,1.0,0.0,0.0,14.0,1.0,1.0,164.0,4.0,0.0,1.0
LIVE_EPISODIC,FAILURE_THRESHOLD,Q07_DUP_OOO,RESTRICTION_CHANGE,HIGH,4,VERBOSE_TYPED,12,1.0,6.0,2.0,1.0,0.0,1.0,0.0,1.0,0.0,0.0,23.0,1.0,1.0,165.0,4.0,0.0,1.0
LIVE_EPISODIC,FAILURE_THRESHOLD,Q07_DUP_OOO,RESTRICTION_CHANGE,HIGH,8,COMPACT_TYPED,12,1.0,10.0,2.0,1.0,0.0,1.0,0.0,1.0,0.0,0.0,14.0,1.0,1.0,164.0,6.0,0.0,1.0
LIVE_EPISODIC,FAILURE_THRESHOLD,Q07_DUP_OOO,RESTRICTION_CHANGE,HIGH,8,VERBOSE_TYPED,12,1.0,10.0,2.0,1.0,0.0,1.0,0.0,1.0,0.0,0.0,23.0,1.0,1.0,165.0,6.0,0.0,1.0
LIVE_EPISODIC,FAILURE_THRESHOLD,Q07_DUP_OOO,RESTRICTION_CHANGE,HIGH,12,COMPACT_TYPED,12,1.0,14.0,2.0,1.0,0.0,1.0,0.0,1.0,0.0,0.0,14.0,1.0,1.0,164.0,8.0,0.0,1.0
LIVE_EPISODIC,FAILURE_THRESHOLD,Q07_DUP_OOO,RESTRICTION_CHANGE,HIGH,12,VERBOSE_TYPED,12,1.0,14.0,2.0,1.0,0.0,1.0,0.0,1.0,0.0,0.0,23.0,1.0,1.0,165.0,8.0,0.0,1.0
LIVE_EPISODIC,FAILURE_THRESHOLD,Q07_DUP_OOO,RESTRICTION_CHANGE,LOW,4,COMPACT_TYPED,12,1.0,6.0,2.0,1.0,0.0,1.0,0.0,1.0,0.0,0.0,14.0,1.0,1.0,164.0,4.0,0.0,1.0
LIVE_EPISODIC,FAILURE_THRESHOLD,Q07_DUP_OOO,RESTRICTION_CHANGE,LOW,4,VERBOSE_TYPED,12,1.0,6.0,2.0,1.0,0.0,1.0,0.0,1.0,0.0,0.0,23.0,1.0,1.0,165.0,4.0,0.0,1.0
LIVE_EPISODIC,FAILURE_THRESHOLD,Q07_DUP_OOO,RESTRICTION_CHANGE,LOW,8,COMPACT_TYPED,12,1.0,10.0,2.0,1.0,0.0,1.0,0.0,1.0,0.0,0.0,14.0,1.0,1.0,164.0,6.0,0.0,1.0
LIVE_EPISODIC,FAILURE_THRESHOLD,Q07_DUP_OOO,RESTRICTION_CHANGE,LOW,8,VERBOSE_TYPED,12,1.0,10.0,2.0,1.0,0.0,1.0,0.0,1.0,0.0,0.0,23.0,1.0,1.0,165.0,6.0,0.0,1.0
LIVE_EPISODIC,FAILURE_THRESHOLD,Q07_DUP_OOO,RESTRICTION_CHANGE,LOW,12,COMPACT_TYPED,12,1.0,14.0,2.0,1.0,0.0,1.0,0.0,1.0,0.0,0.0,14.0,1.0,1.0,164.0,8.0,0.0,1.0
LIVE_EPISODIC,FAILURE_THRESHOLD,Q07_DUP_OOO,RESTRICTION_CHANGE,LOW,12,VERBOSE_TYPED,12,1.0,14.0,2.0,1.0,0.0,1.0,0.0,1.0,0.0,0.0,23.0,1.0,1.0,165.0,8.0,0.0,1.0
LIVE_EPISODIC,FAILURE_THRESHOLD,Q08_GUARDED,AVAILABILITY_LOSS,HIGH,4,COMPACT_TYPED,12,1.0,6.0,2.0,1.0,0.0,1.0,0.0,1.0,0.0,0.0,12.5,1.0,0.5,83.5,6.0,0.0,1.0
LIVE_EPISODIC,FAILURE_THRESHOLD,Q08_GUARDED,AVAILABILITY_LOSS,HIGH,4,VERBOSE_TYPED,12,1.0,6.0,2.0,1.0,0.0,1.0,0.0,1.0,0.0,0.0,18.5,1.0,0.5,84.0,6.0,0.0,1.0
LIVE_EPISODIC,FAILURE_THRESHOLD,Q08_GUARDED,AVAILABILITY_LOSS,HIGH,8,COMPACT_TYPED,12,1.0,10.0,2.0,1.0,0.0,1.0,0.0,1.0,0.0,0.0,13.25,1.0,0.75,125.25,7.5,0.0,1.0
LIVE_EPISODIC,FAILURE_THRESHOLD,Q08_GUARDED,AVAILABILITY_LOSS,HIGH,8,VERBOSE_TYPED,12,1.0,10.0,2.0,1.0,0.0,1.0,0.0,1.0,0.0,0.0,20.75,1.0,0.75,126.0,7.5,0.0,1.0
LIVE_EPISODIC,FAILURE_THRESHOLD,Q08_GUARDED,AVAILABILITY_LOSS,HIGH,12,COMPACT_TYPED,12,1.0,14.0,2.0,1.0,0.0,1.0,0.0,1.0,0.0,0.0,13.5,1.0,0.833333,139.166667,9.333333,0.0,1.0
LIVE_EPISODIC,FAILURE_THRESHOLD,Q08_GUARDED,AVAILABILITY_LOSS,HIGH,12,VERBOSE_TYPED,12,1.0,14.0,2.0,1.0,0.0,1.0,0.0,1.0,0.0,0.0,21.5,1.0,0.833333,140.0,9.333333,0.0,1.0
LIVE_EPISODIC,FAILURE_THRESHOLD,Q08_GUARDED,AVAILABILITY_LOSS,LOW,4,COMPACT_TYPED,12,1.0,6.0,2.0,1.0,0.0,1.0,0.0,1.0,0.0,0.0,13.5,1.0,0.833333,139.166667,4.666667,0.0,1.0
LIVE_EPISODIC,FAILURE_THRESHOLD,Q08_GUARDED,AVAILABILITY_LOSS,LOW,4,VERBOSE_TYPED,12,1.0,6.0,2.0,1.0,0.0,1.0,0.0,1.0,0.0,0.0,21.5,1.0,0.833333,140.0,4.666667,0.0,1.0
LIVE_EPISODIC,FAILURE_THRESHOLD,Q08_GUARDED,AVAILABILITY_LOSS,LOW,8,COMPACT_TYPED,12,1.0,10.0,2.0,1.0,0.0,1.0,0.0,1.0,0.0,0.0,13.25,1.0,0.75,125.25,7.5,0.0,1.0
LIVE_EPISODIC,FAILURE_THRESHOLD,Q08_GUARDED,AVAILABILITY_LOSS,LOW,8,VERBOSE_TYPED,12,1.0,10.0,2.0,1.0,0.0,1.0,0.0,1.0,0.0,0.0,20.75,1.0,0.75,126.0,7.5,0.0,1.0
LIVE_EPISODIC,FAILURE_THRESHOLD,Q08_GUARDED,AVAILABILITY_LOSS,LOW,12,COMPACT_TYPED,12,1.0,14.0,2.0,1.0,0.0,1.0,0.0,1.0,0.0,0.0,13.25,1.0,0.75,125.25,10.0,0.0,1.0
LIVE_EPISODIC,FAILURE_THRESHOLD,Q08_GUARDED,AVAILABILITY_LOSS,LOW,12,VERBOSE_TYPED,12,1.0,14.0,2.0,1.0,0.0,1.0,0.0,1.0,0.0,0.0,20.75,1.0,0.75,126.0,10.0,0.0,1.0
LIVE_EPISODIC,FAILURE_THRESHOLD,Q08_GUARDED,CONTROL_FAILURE,HIGH,4,COMPACT_TYPED,12,1.0,6.0,2.0,1.0,0.0,1.0,0.0,1.0,0.0,0.0,12.75,1.0,0.583333,96.833333,5.666667,0.0,1.0
LIVE_EPISODIC,FAILURE_THRESHOLD,Q08_GUARDED,CONTROL_FAILURE,HIGH,4,VERBOSE_TYPED,12,1.0,6.0,2.0,1.0,0.0,1.0,0.0,1.0,0.0,0.0,19.25,1.0,0.583333,97.416667,5.666667,0.0,1.0
LIVE_EPISODIC,FAILURE_THRESHOLD,Q08_GUARDED,CONTROL_FAILURE,HIGH,8,COMPACT_TYPED,12,1.0,10.0,2.0,1.0,0.0,1.0,0.0,1.0,0.0,0.0,13.5,1.0,0.833333,138.333333,7.0,0.0,1.0
LIVE_EPISODIC,FAILURE_THRESHOLD,Q08_GUARDED,CONTROL_FAILURE,HIGH,8,VERBOSE_TYPED,12,1.0,10.0,2.0,1.0,0.0,1.0,0.0,1.0,0.0,0.0,21.5,1.0,0.833333,139.166667,7.0,0.0,1.0
LIVE_EPISODIC,FAILURE_THRESHOLD,Q08_GUARDED,CONTROL_FAILURE,HIGH,12,COMPACT_TYPED,12,1.0,14.0,2.0,1.0,0.0,1.0,0.0,1.0,0.0,0.0,13.25,1.0,0.75,124.5,10.0,0.0,1.0
LIVE_EPISODIC,FAILURE_THRESHOLD,Q08_GUARDED,CONTROL_FAILURE,HIGH,12,VERBOSE_TYPED,12,1.0,14.0,2.0,1.0,0.0,1.0,0.0,1.0,0.0,0.0,20.75,1.0,0.75,125.25,10.0,0.0,1.0
LIVE_EPISODIC,FAILURE_THRESHOLD,Q08_GUARDED,CONTROL_FAILURE,LOW,4,COMPACT_TYPED,12,1.0,6.0,2.0,1.0,0.0,1.0,0.0,1.0,0.0,0.0,13.5,1.0,0.833333,138.333333,4.666667,0.0,1.0
LIVE_EPISODIC,FAILURE_THRESHOLD,Q08_GUARDED,CONTROL_FAILURE,LOW,4,VERBOSE_TYPED,12,1.0,6.0,2.0,1.0,0.0,1.0,0.0,1.0,0.0,0.0,21.5,1.0,0.833333,139.166667,4.666667,0.0,1.0
LIVE_EPISODIC,FAILURE_THRESHOLD,Q08_GUARDED,CONTROL_FAILURE,LOW,8,COMPACT_TYPED,12,1.0,10.0,2.0,1.0,0.0,1.0,0.0,1.0,0.0,0.0,13.25,1.0,0.75,124.5,7.5,0.0,1.0
LIVE_EPISODIC,FAILURE_THRESHOLD,Q08_GUARDED,CONTROL_FAILURE,LOW,8,VERBOSE_TYPED,12,1.0,10.0,2.0,1.0,0.0,1.0,0.0,1.0,0.0,0.0,20.75,1.0,0.75,125.25,7.5,0.0,1.0
LIVE_EPISODIC,FAILURE_THRESHOLD,Q08_GUARDED,CONTROL_FAILURE,LOW,12,COMPACT_TYPED,12,1.0,14.0,2.0,1.0,0.0,1.0,0.0,1.0,0.0,0.0,13.75,1.0,0.916667,152.166667,8.666667,0.0,1.0
LIVE_EPISODIC,FAILURE_THRESHOLD,Q08_GUARDED,CONTROL_FAILURE,LOW,12,VERBOSE_TYPED,12,1.0,14.0,2.0,1.0,0.0,1.0,0.0,1.0,0.0,0.0,22.25,1.0,0.916667,153.083333,8.666667,0.0,1.0
LIVE_EPISODIC,FAILURE_THRESHOLD,Q08_GUARDED,POSE_SHIFT,HIGH,4,COMPACT_TYPED,12,1.0,6.0,2.0,1.0,0.0,1.0,0.0,1.0,0.0,0.0,12.75,1.0,0.583333,93.916667,5.666667,0.0,1.0
LIVE_EPISODIC,FAILURE_THRESHOLD,Q08_GUARDED,POSE_SHIFT,HIGH,4,VERBOSE_TYPED,12,1.0,6.0,2.0,1.0,0.0,1.0,0.0,1.0,0.0,0.0,19.25,1.0,0.583333,94.5,5.666667,0.0,1.0
LIVE_EPISODIC,FAILURE_THRESHOLD,Q08_GUARDED,POSE_SHIFT,HIGH,8,COMPACT_TYPED,12,1.0,10.0,2.0,1.0,0.0,1.0,0.0,1.0,0.0,0.0,13.25,1.0,0.75,120.75,7.5,0.0,1.0
LIVE_EPISODIC,FAILURE_THRESHOLD,Q08_GUARDED,POSE_SHIFT,HIGH,8,VERBOSE_TYPED,12,1.0,10.0,2.0,1.0,0.0,1.0,0.0,1.0,0.0,0.0,20.75,1.0,0.75,121.5,7.5,0.0,1.0
LIVE_EPISODIC,FAILURE_THRESHOLD,Q08_GUARDED,POSE_SHIFT,HIGH,12,COMPACT_TYPED,12,1.0,14.0,2.0,1.0,0.0,1.0,0.0,1.0,0.0,0.0,13.0,1.0,0.666667,107.333333,10.666667,0.0,1.0
LIVE_EPISODIC,FAILURE_THRESHOLD,Q08_GUARDED,POSE_SHIFT,HIGH,12,VERBOSE_TYPED,12,1.0,14.0,2.0,1.0,0.0,1.0,0.0,1.0,0.0,0.0,20.0,1.0,0.666667,108.0,10.666667,0.0,1.0
LIVE_EPISODIC,FAILURE_THRESHOLD,Q08_GUARDED,POSE_SHIFT,LOW,4,COMPACT_TYPED,12,1.0,6.0,2.0,1.0,0.0,1.0,0.0,1.0,0.0,0.0,13.25,1.0,0.75,120.75,5.0,0.0,1.0
LIVE_EPISODIC,FAILURE_THRESHOLD,Q08_GUARDED,POSE_SHIFT,LOW,4,VERBOSE_TYPED,12,1.0,6.0,2.0,1.0,0.0,1.0,0.0,1.0,0.0,0.0,20.75,1.0,0.75,121.5,5.0,0.0,1.0
LIVE_EPISODIC,FAILURE_THRESHOLD,Q08_GUARDED,POSE_SHIFT,LOW,8,COMPACT_TYPED,12,1.0,10.0,2.0,1.0,0.0,1.0,0.0,1.0,0.0,0.0,13.5,1.0,0.833333,134.166667,7.0,0.0,1.0
LIVE_EPISODIC,FAILURE_THRESHOLD,Q08_GUARDED,POSE_SHIFT,LOW,8,VERBOSE_TYPED,12,1.0,10.0,2.0,1.0,0.0,1.0,0.0,1.0,0.0,0.0,21.5,1.0,0.833333,135.0,7.0,0.0,1.0
LIVE_EPISODIC,FAILURE_THRESHOLD,Q08_GUARDED,POSE_SHIFT,LOW,12,COMPACT_TYPED,12,1.0,14.0,2.0,1.0,0.0,1.0,0.0,1.0,0.0,0.0,13.0,1.0,0.666667,107.333333,10.666667,0.0,1.0
LIVE_EPISODIC,FAILURE_THRESHOLD,Q08_GUARDED,POSE_SHIFT,LOW,12,VERBOSE_TYPED,12,1.0,14.0,2.0,1.0,0.0,1.0,0.0,1.0,0.0,0.0,20.0,1.0,0.666667,108.0,10.666667,0.0,1.0
LIVE_EPISODIC,FAILURE_THRESHOLD,Q08_GUARDED,RESTRICTION_CHANGE,HIGH,4,COMPACT_TYPED,12,1.0,6.0,2.0,1.0,0.0,1.0,0.0,1.0,0.0,0.0,13.0,1.0,0.666667,109.333333,5.333333,0.0,1.0
LIVE_EPISODIC,FAILURE_THRESHOLD,Q08_GUARDED,RESTRICTION_CHANGE,HIGH,4,VERBOSE_TYPED,12,1.0,6.0,2.0,1.0,0.0,1.0,0.0,1.0,0.0,0.0,20.0,1.0,0.666667,110.0,5.333333,0.0,1.0
LIVE_EPISODIC,FAILURE_THRESHOLD,Q08_GUARDED,RESTRICTION_CHANGE,HIGH,8,COMPACT_TYPED,12,1.0,10.0,2.0,1.0,0.0,1.0,0.0,1.0,0.0,0.0,13.5,1.0,0.833333,136.666667,7.0,0.0,1.0
LIVE_EPISODIC,FAILURE_THRESHOLD,Q08_GUARDED,RESTRICTION_CHANGE,HIGH,8,VERBOSE_TYPED,12,1.0,10.0,2.0,1.0,0.0,1.0,0.0,1.0,0.0,0.0,21.5,1.0,0.833333,137.5,7.0,0.0,1.0
LIVE_EPISODIC,FAILURE_THRESHOLD,Q08_GUARDED,RESTRICTION_CHANGE,HIGH,12,COMPACT_TYPED,12,1.0,14.0,2.0,1.0,0.0,1.0,0.0,1.0,0.0,0.0,13.5,1.0,0.833333,136.666667,9.333333,0.0,1.0
LIVE_EPISODIC,FAILURE_THRESHOLD,Q08_GUARDED,RESTRICTION_CHANGE,HIGH,12,VERBOSE_TYPED,12,1.0,14.0,2.0,1.0,0.0,1.0,0.0,1.0,0.0,0.0,21.5,1.0,0.833333,137.5,9.333333,0.0,1.0
LIVE_EPISODIC,FAILURE_THRESHOLD,Q08_GUARDED,RESTRICTION_CHANGE,LOW,4,COMPACT_TYPED,12,1.0,6.0,2.0,1.0,0.0,1.0,0.0,1.0,0.0,0.0,13.5,1.0,0.833333,136.666667,4.666667,0.0,1.0
LIVE_EPISODIC,FAILURE_THRESHOLD,Q08_GUARDED,RESTRICTION_CHANGE,LOW,4,VERBOSE_TYPED,12,1.0,6.0,2.0,1.0,0.0,1.0,0.0,1.0,0.0,0.0,21.5,1.0,0.833333,137.5,4.666667,0.0,1.0
LIVE_EPISODIC,FAILURE_THRESHOLD,Q08_GUARDED,RESTRICTION_CHANGE,LOW,8,COMPACT_TYPED,12,1.0,10.0,2.0,1.0,0.0,1.0,0.0,1.0,0.0,0.0,13.5,1.0,0.833333,136.666667,7.0,0.0,1.0
LIVE_EPISODIC,FAILURE_THRESHOLD,Q08_GUARDED,RESTRICTION_CHANGE,LOW,8,VERBOSE_TYPED,12,1.0,10.0,2.0,1.0,0.0,1.0,0.0,1.0,0.0,0.0,21.5,1.0,0.833333,137.5,7.0,0.0,1.0
LIVE_EPISODIC,FAILURE_THRESHOLD,Q08_GUARDED,RESTRICTION_CHANGE,LOW,12,COMPACT_TYPED,12,1.0,14.0,2.0,1.0,0.0,1.0,0.0,1.0,0.0,0.0,13.5,1.0,0.833333,136.666667,9.333333,0.0,1.0
LIVE_EPISODIC,FAILURE_THRESHOLD,Q08_GUARDED,RESTRICTION_CHANGE,LOW,12,VERBOSE_TYPED,12,1.0,14.0,2.0,1.0,0.0,1.0,0.0,1.0,0.0,0.0,21.5,1.0,0.833333,137.5,9.333333,0.0,1.0
LIVE_EPISODIC,FAILURE_THRESHOLD,Q09_HOSTILE,AVAILABILITY_LOSS,HIGH,4,COMPACT_TYPED,12,1.0,6.0,2.0,1.0,0.0,1.0,0.0,1.0,0.0,0.0,13.5,1.0,0.0,0.0,8.0,0.0,1.0
LIVE_EPISODIC,FAILURE_THRESHOLD,Q09_HOSTILE,AVAILABILITY_LOSS,HIGH,4,VERBOSE_TYPED,12,1.0,6.0,2.0,1.0,0.0,1.0,0.0,1.0,0.0,0.0,24.0,1.0,0.0,0.0,8.0,0.0,1.0
LIVE_EPISODIC,FAILURE_THRESHOLD,Q09_HOSTILE,AVAILABILITY_LOSS,HIGH,8,COMPACT_TYPED,12,1.0,10.0,2.0,1.0,0.0,1.0,0.0,1.0,0.0,0.0,14.75,1.0,0.0,0.0,12.0,0.0,1.0
LIVE_EPISODIC,FAILURE_THRESHOLD,Q09_HOSTILE,AVAILABILITY_LOSS,HIGH,8,VERBOSE_TYPED,12,1.0,10.0,2.0,1.0,0.0,1.0,0.0,1.0,0.0,0.0,29.0,1.0,0.0,0.0,12.0,0.0,1.0
LIVE_EPISODIC,FAILURE_THRESHOLD,Q09_HOSTILE,AVAILABILITY_LOSS,HIGH,12,COMPACT_TYPED,12,1.0,14.0,2.0,1.0,0.0,1.0,0.0,1.0,0.0,0.0,15.25,1.0,0.0,0.0,16.0,0.0,1.0
LIVE_EPISODIC,FAILURE_THRESHOLD,Q09_HOSTILE,AVAILABILITY_LOSS,HIGH,12,VERBOSE_TYPED,12,1.0,14.0,2.0,1.0,0.0,1.0,0.0,1.0,0.0,0.0,31.0,1.0,0.0,0.0,16.0,0.0,1.0
LIVE_EPISODIC,FAILURE_THRESHOLD,Q09_HOSTILE,AVAILABILITY_LOSS,LOW,4,COMPACT_TYPED,12,1.0,6.0,2.0,1.0,0.0,1.0,0.0,1.0,0.0,0.0,14.75,1.0,0.0,0.0,8.0,0.0,1.0
LIVE_EPISODIC,FAILURE_THRESHOLD,Q09_HOSTILE,AVAILABILITY_LOSS,LOW,4,VERBOSE_TYPED,12,1.0,6.0,2.0,1.0,0.0,1.0,0.0,1.0,0.0,0.0,29.0,1.0,0.0,0.0,8.0,0.0,1.0
LIVE_EPISODIC,FAILURE_THRESHOLD,Q09_HOSTILE,AVAILABILITY_LOSS,LOW,8,COMPACT_TYPED,12,1.0,10.0,2.0,1.0,0.0,1.0,0.0,1.0,0.0,0.0,14.75,1.0,0.0,0.0,12.0,0.0,1.0
LIVE_EPISODIC,FAILURE_THRESHOLD,Q09_HOSTILE,AVAILABILITY_LOSS,LOW,8,VERBOSE_TYPED,12,1.0,10.0,2.0,1.0,0.0,1.0,0.0,1.0,0.0,0.0,29.0,1.0,0.0,0.0,12.0,0.0,1.0
LIVE_EPISODIC,FAILURE_THRESHOLD,Q09_HOSTILE,AVAILABILITY_LOSS,LOW,12,COMPACT_TYPED,12,1.0,14.0,2.0,1.0,0.0,1.0,0.0,1.0,0.0,0.0,14.25,1.0,0.0,0.0,16.0,0.0,1.0
LIVE_EPISODIC,FAILURE_THRESHOLD,Q09_HOSTILE,AVAILABILITY_LOSS,LOW,12,VERBOSE_TYPED,12,1.0,14.0,2.0,1.0,0.0,1.0,0.0,1.0,0.0,0.0,27.0,1.0,0.0,0.0,16.0,0.0,1.0
LIVE_EPISODIC,FAILURE_THRESHOLD,Q09_HOSTILE,CONTROL_FAILURE,HIGH,4,COMPACT_TYPED,12,1.0,6.0,2.0,1.0,0.0,1.0,0.0,1.0,0.0,0.0,14.5,1.0,0.0,0.0,8.0,0.0,1.0
LIVE_EPISODIC,FAILURE_THRESHOLD,Q09_HOSTILE,CONTROL_FAILURE,HIGH,4,VERBOSE_TYPED,12,1.0,6.0,2.0,1.0,0.0,1.0,0.0,1.0,0.0,0.0,28.0,1.0,0.0,0.0,8.0,0.0,1.0
LIVE_EPISODIC,FAILURE_THRESHOLD,Q09_HOSTILE,CONTROL_FAILURE,HIGH,8,COMPACT_TYPED,12,1.0,10.0,2.0,1.0,0.0,1.0,0.0,1.0,0.0,0.0,14.5,1.0,0.0,0.0,12.0,0.0,1.0
LIVE_EPISODIC,FAILURE_THRESHOLD,Q09_HOSTILE,CONTROL_FAILURE,HIGH,8,VERBOSE_TYPED,12,1.0,10.0,2.0,1.0,0.0,1.0,0.0,1.0,0.0,0.0,28.0,1.0,0.0,0.0,12.0,0.0,1.0
LIVE_EPISODIC,FAILURE_THRESHOLD,Q09_HOSTILE,CONTROL_FAILURE,HIGH,12,COMPACT_TYPED,12,1.0,14.0,2.0,1.0,0.0,1.0,0.0,1.0,0.0,0.0,14.25,1.0,0.0,0.0,16.0,0.0,1.0
LIVE_EPISODIC,FAILURE_THRESHOLD,Q09_HOSTILE,CONTROL_FAILURE,HIGH,12,VERBOSE_TYPED,12,1.0,14.0,2.0,1.0,0.0,1.0,0.0,1.0,0.0,0.0,27.0,1.0,0.0,0.0,16.0,0.0,1.0
LIVE_EPISODIC,FAILURE_THRESHOLD,Q09_HOSTILE,CONTROL_FAILURE,LOW,4,COMPACT_TYPED,12,1.0,6.0,2.0,1.0,0.0,1.0,0.0,1.0,0.0,0.0,14.5,1.0,0.0,0.0,8.0,0.0,1.0
LIVE_EPISODIC,FAILURE_THRESHOLD,Q09_HOSTILE,CONTROL_FAILURE,LOW,4,VERBOSE_TYPED,12,1.0,6.0,2.0,1.0,0.0,1.0,0.0,1.0,0.0,0.0,28.0,1.0,0.0,0.0,8.0,0.0,1.0
LIVE_EPISODIC,FAILURE_THRESHOLD,Q09_HOSTILE,CONTROL_FAILURE,LOW,8,COMPACT_TYPED,12,1.0,10.0,2.0,1.0,0.0,1.0,0.0,1.0,0.0,0.0,15.25,1.0,0.0,0.0,12.0,0.0,1.0
LIVE_EPISODIC,FAILURE_THRESHOLD,Q09_HOSTILE,CONTROL_FAILURE,LOW,8,VERBOSE_TYPED,12,1.0,10.0,2.0,1.0,0.0,1.0,0.0,1.0,0.0,0.0,31.0,1.0,0.0,0.0,12.0,0.0,1.0
LIVE_EPISODIC,FAILURE_THRESHOLD,Q09_HOSTILE,CONTROL_FAILURE,LOW,12,COMPACT_TYPED,12,1.0,14.0,2.0,1.0,0.0,1.0,0.0,1.0,0.0,0.0,14.75,1.0,0.0,0.0,16.0,0.0,1.0
LIVE_EPISODIC,FAILURE_THRESHOLD,Q09_HOSTILE,CONTROL_FAILURE,LOW,12,VERBOSE_TYPED,12,1.0,14.0,2.0,1.0,0.0,1.0,0.0,1.0,0.0,0.0,29.0,1.0,0.0,0.0,16.0,0.0,1.0
LIVE_EPISODIC,FAILURE_THRESHOLD,Q09_HOSTILE,POSE_SHIFT,HIGH,4,COMPACT_TYPED,12,1.0,6.0,2.0,1.0,0.0,1.0,0.0,1.0,0.0,0.0,14.75,1.0,0.0,0.0,8.0,0.0,1.0
LIVE_EPISODIC,FAILURE_THRESHOLD,Q09_HOSTILE,POSE_SHIFT,HIGH,4,VERBOSE_TYPED,12,1.0,6.0,2.0,1.0,0.0,1.0,0.0,1.0,0.0,0.0,29.0,1.0,0.0,0.0,8.0,0.0,1.0
LIVE_EPISODIC,FAILURE_THRESHOLD,Q09_HOSTILE,POSE_SHIFT,HIGH,8,COMPACT_TYPED,12,1.0,10.0,2.0,1.0,0.0,1.0,0.0,1.0,0.0,0.0,14.75,1.0,0.0,0.0,12.0,0.0,1.0
LIVE_EPISODIC,FAILURE_THRESHOLD,Q09_HOSTILE,POSE_SHIFT,HIGH,8,VERBOSE_TYPED,12,1.0,10.0,2.0,1.0,0.0,1.0,0.0,1.0,0.0,0.0,29.0,1.0,0.0,0.0,12.0,0.0,1.0
LIVE_EPISODIC,FAILURE_THRESHOLD,Q09_HOSTILE,POSE_SHIFT,HIGH,12,COMPACT_TYPED,12,1.0,14.0,2.0,1.0,0.0,1.0,0.0,1.0,0.0,0.0,14.5,1.0,0.0,0.0,16.0,0.0,1.0
LIVE_EPISODIC,FAILURE_THRESHOLD,Q09_HOSTILE,POSE_SHIFT,HIGH,12,VERBOSE_TYPED,12,1.0,14.0,2.0,1.0,0.0,1.0,0.0,1.0,0.0,0.0,28.0,1.0,0.0,0.0,16.0,0.0,1.0
LIVE_EPISODIC,FAILURE_THRESHOLD,Q09_HOSTILE,POSE_SHIFT,LOW,4,COMPACT_TYPED,12,1.0,6.0,2.0,1.0,0.0,1.0,0.0,1.0,0.0,0.0,14.75,1.0,0.0,0.0,8.0,0.0,1.0
LIVE_EPISODIC,FAILURE_THRESHOLD,Q09_HOSTILE,POSE_SHIFT,LOW,4,VERBOSE_TYPED,12,1.0,6.0,2.0,1.0,0.0,1.0,0.0,1.0,0.0,0.0,29.0,1.0,0.0,0.0,8.0,0.0,1.0
LIVE_EPISODIC,FAILURE_THRESHOLD,Q09_HOSTILE,POSE_SHIFT,LOW,8,COMPACT_TYPED,12,1.0,10.0,2.0,1.0,0.0,1.0,0.0,1.0,0.0,0.0,14.75,1.0,0.0,0.0,12.0,0.0,1.0
LIVE_EPISODIC,FAILURE_THRESHOLD,Q09_HOSTILE,POSE_SHIFT,LOW,8,VERBOSE_TYPED,12,1.0,10.0,2.0,1.0,0.0,1.0,0.0,1.0,0.0,0.0,29.0,1.0,0.0,0.0,12.0,0.0,1.0
LIVE_EPISODIC,FAILURE_THRESHOLD,Q09_HOSTILE,POSE_SHIFT,LOW,12,COMPACT_TYPED,12,1.0,14.0,2.0,1.0,0.0,1.0,0.0,1.0,0.0,0.0,14.0,1.0,0.0,0.0,16.0,0.0,1.0
LIVE_EPISODIC,FAILURE_THRESHOLD,Q09_HOSTILE,POSE_SHIFT,LOW,12,VERBOSE_TYPED,12,1.0,14.0,2.0,1.0,0.0,1.0,0.0,1.0,0.0,0.0,26.0,1.0,0.0,0.0,16.0,0.0,1.0
LIVE_EPISODIC,FAILURE_THRESHOLD,Q09_HOSTILE,RESTRICTION_CHANGE,HIGH,4,COMPACT_TYPED,12,1.0,6.0,2.0,1.0,0.0,1.0,0.0,1.0,0.0,0.0,14.25,1.0,0.0,0.0,8.0,0.0,1.0
LIVE_EPISODIC,FAILURE_THRESHOLD,Q09_HOSTILE,RESTRICTION_CHANGE,HIGH,4,VERBOSE_TYPED,12,1.0,6.0,2.0,1.0,0.0,1.0,0.0,1.0,0.0,0.0,27.0,1.0,0.0,0.0,8.0,0.0,1.0
LIVE_EPISODIC,FAILURE_THRESHOLD,Q09_HOSTILE,RESTRICTION_CHANGE,HIGH,8,COMPACT_TYPED,12,1.0,10.0,2.0,1.0,0.0,1.0,0.0,1.0,0.0,0.0,15.0,1.0,0.0,0.0,12.0,0.0,1.0
LIVE_EPISODIC,FAILURE_THRESHOLD,Q09_HOSTILE,RESTRICTION_CHANGE,HIGH,8,VERBOSE_TYPED,12,1.0,10.0,2.0,1.0,0.0,1.0,0.0,1.0,0.0,0.0,30.0,1.0,0.0,0.0,12.0,0.0,1.0
LIVE_EPISODIC,FAILURE_THRESHOLD,Q09_HOSTILE,RESTRICTION_CHANGE,HIGH,12,COMPACT_TYPED,12,1.0,14.0,2.0,1.0,0.0,1.0,0.0,1.0,0.0,0.0,14.75,1.0,0.0,0.0,16.0,0.0,1.0
LIVE_EPISODIC,FAILURE_THRESHOLD,Q09_HOSTILE,RESTRICTION_CHANGE,HIGH,12,VERBOSE_TYPED,12,1.0,14.0,2.0,1.0,0.0,1.0,0.0,1.0,0.0,0.0,29.0,1.0,0.0,0.0,16.0,0.0,1.0
LIVE_EPISODIC,FAILURE_THRESHOLD,Q09_HOSTILE,RESTRICTION_CHANGE,LOW,4,COMPACT_TYPED,12,1.0,6.0,2.0,1.0,0.0,1.0,0.0,1.0,0.0,0.0,14.75,1.0,0.0,0.0,8.0,0.0,1.0
LIVE_EPISODIC,FAILURE_THRESHOLD,Q09_HOSTILE,RESTRICTION_CHANGE,LOW,4,VERBOSE_TYPED,12,1.0,6.0,2.0,1.0,0.0,1.0,0.0,1.0,0.0,0.0,29.0,1.0,0.0,0.0,8.0,0.0,1.0
LIVE_EPISODIC,FAILURE_THRESHOLD,Q09_HOSTILE,RESTRICTION_CHANGE,LOW,8,COMPACT_TYPED,12,1.0,10.0,2.0,1.0,0.0,1.0,0.0,1.0,0.0,0.0,14.75,1.0,0.0,0.0,12.0,0.0,1.0
LIVE_EPISODIC,FAILURE_THRESHOLD,Q09_HOSTILE,RESTRICTION_CHANGE,LOW,8,VERBOSE_TYPED,12,1.0,10.0,2.0,1.0,0.0,1.0,0.0,1.0,0.0,0.0,29.0,1.0,0.0,0.0,12.0,0.0,1.0
LIVE_EPISODIC,FAILURE_THRESHOLD,Q09_HOSTILE,RESTRICTION_CHANGE,LOW,12,COMPACT_TYPED,12,1.0,14.0,2.0,1.0,0.0,1.0,0.0,1.0,0.0,0.0,15.25,1.0,0.0,0.0,16.0,0.0,1.0
LIVE_EPISODIC,FAILURE_THRESHOLD,Q09_HOSTILE,RESTRICTION_CHANGE,LOW,12,VERBOSE_TYPED,12,1.0,14.0,2.0,1.0,0.0,1.0,0.0,1.0,0.0,0.0,31.0,1.0,0.0,0.0,16.0,0.0,1.0
LIVE_EPISODIC,HYBRID,Q00_CLEAN,AVAILABILITY_LOSS,HIGH,4,COMPACT_TYPED,12,1.0,8.0,0.0,3.0,0.0,0.0,2.0,1.0,1.0,1.0,20.0,3.0,1.0,167.0,6.0,1.0,0.0
LIVE_EPISODIC,HYBRID,Q00_CLEAN,AVAILABILITY_LOSS,HIGH,4,VERBOSE_TYPED,12,1.0,8.0,0.0,3.0,0.0,0.0,2.0,1.0,1.0,1.0,23.0,3.0,1.0,168.0,6.0,1.0,0.0
LIVE_EPISODIC,HYBRID,Q00_CLEAN,AVAILABILITY_LOSS,HIGH,8,COMPACT_TYPED,12,1.0,12.0,0.0,5.0,0.0,0.0,4.0,1.0,1.0,1.0,32.0,5.0,1.0,167.0,8.0,1.0,0.0
LIVE_EPISODIC,HYBRID,Q00_CLEAN,AVAILABILITY_LOSS,HIGH,8,VERBOSE_TYPED,12,1.0,12.0,0.0,5.0,0.0,0.0,4.0,1.0,1.0,1.0,35.0,5.0,1.0,168.0,8.0,1.0,0.0
LIVE_EPISODIC,HYBRID,Q00_CLEAN,AVAILABILITY_LOSS,HIGH,12,COMPACT_TYPED,12,1.0,16.0,0.0,5.0,0.0,0.0,4.0,1.0,1.0,1.0,32.0,5.0,1.0,167.0,10.0,1.0,0.0
LIVE_EPISODIC,HYBRID,Q00_CLEAN,AVAILABILITY_LOSS,HIGH,12,VERBOSE_TYPED,12,1.0,16.0,0.0,5.0,0.0,0.0,4.0,1.0,1.0,1.0,35.0,5.0,1.0,168.0,10.0,1.0,0.0
LIVE_EPISODIC,HYBRID,Q00_CLEAN,AVAILABILITY_LOSS,LOW,4,COMPACT_TYPED,12,1.0,8.0,0.0,3.0,0.0,0.0,2.0,1.0,1.0,1.0,20.0,3.0,1.0,167.0,6.0,1.0,0.0
LIVE_EPISODIC,HYBRID,Q00_CLEAN,AVAILABILITY_LOSS,LOW,4,VERBOSE_TYPED,12,1.0,8.0,0.0,3.0,0.0,0.0,2.0,1.0,1.0,1.0,23.0,3.0,1.0,168.0,6.0,1.0,0.0
LIVE_EPISODIC,HYBRID,Q00_CLEAN,AVAILABILITY_LOSS,LOW,8,COMPACT_TYPED,12,1.0,12.0,0.0,5.0,0.0,0.0,4.0,1.0,1.0,1.0,32.0,5.0,1.0,167.0,8.0,1.0,0.0
LIVE_EPISODIC,HYBRID,Q00_CLEAN,AVAILABILITY_LOSS,LOW,8,VERBOSE_TYPED,12,1.0,12.0,0.0,5.0,0.0,0.0,4.0,1.0,1.0,1.0,35.0,5.0,1.0,168.0,8.0,1.0,0.0
LIVE_EPISODIC,HYBRID,Q00_CLEAN,AVAILABILITY_LOSS,LOW,12,COMPACT_TYPED,12,1.0,16.0,0.0,5.0,0.0,0.0,4.0,1.0,1.0,1.0,32.0,5.0,1.0,167.0,10.0,1.0,0.0
LIVE_EPISODIC,HYBRID,Q00_CLEAN,AVAILABILITY_LOSS,LOW,12,VERBOSE_TYPED,12,1.0,16.0,0.0,5.0,0.0,0.0,4.0,1.0,1.0,1.0,35.0,5.0,1.0,168.0,10.0,1.0,0.0
LIVE_EPISODIC,HYBRID,Q00_CLEAN,CONTROL_FAILURE,HIGH,4,COMPACT_TYPED,12,1.0,6.0,2.0,4.0,0.0,0.0,3.0,1.0,1.0,1.0,30.0,4.0,1.0,166.0,6.0,1.0,1.0
LIVE_EPISODIC,HYBRID,Q00_CLEAN,CONTROL_FAILURE,HIGH,4,VERBOSE_TYPED,12,1.0,6.0,2.0,4.0,0.0,0.0,3.0,1.0,1.0,1.0,33.0,4.0,1.0,167.0,6.0,1.0,1.0
LIVE_EPISODIC,HYBRID,Q00_CLEAN,CONTROL_FAILURE,HIGH,8,COMPACT_TYPED,12,1.0,10.0,2.0,5.0,0.0,0.0,4.0,1.0,1.0,1.0,36.0,5.0,1.0,166.0,8.0,1.0,1.0
LIVE_EPISODIC,HYBRID,Q00_CLEAN,CONTROL_FAILURE,HIGH,8,VERBOSE_TYPED,12,1.0,10.0,2.0,5.0,0.0,0.0,4.0,1.0,1.0,1.0,39.0,5.0,1.0,167.0,8.0,1.0,1.0
LIVE_EPISODIC,HYBRID,Q00_CLEAN,CONTROL_FAILURE,HIGH,12,COMPACT_TYPED,12,1.0,14.0,2.0,6.0,0.0,0.0,5.0,1.0,1.0,1.0,42.0,6.0,1.0,166.0,10.0,1.0,1.0
LIVE_EPISODIC,HYBRID,Q00_CLEAN,CONTROL_FAILURE,HIGH,12,VERBOSE_TYPED,12,1.0,14.0,2.0,6.0,0.0,0.0,5.0,1.0,1.0,1.0,45.0,6.0,1.0,167.0,10.0,1.0,1.0
LIVE_EPISODIC,HYBRID,Q00_CLEAN,CONTROL_FAILURE,LOW,4,COMPACT_TYPED,12,1.0,6.0,2.0,4.0,0.0,0.0,3.0,1.0,1.0,1.0,30.0,4.0,1.0,166.0,6.0,1.0,1.0
LIVE_EPISODIC,HYBRID,Q00_CLEAN,CONTROL_FAILURE,LOW,4,VERBOSE_TYPED,12,1.0,6.0,2.0,4.0,0.0,0.0,3.0,1.0,1.0,1.0,33.0,4.0,1.0,167.0,6.0,1.0,1.0
LIVE_EPISODIC,HYBRID,Q00_CLEAN,CONTROL_FAILURE,LOW,8,COMPACT_TYPED,12,1.0,10.0,2.0,5.0,0.0,0.0,4.0,1.0,1.0,1.0,36.0,5.0,1.0,166.0,8.0,1.0,1.0
LIVE_EPISODIC,HYBRID,Q00_CLEAN,CONTROL_FAILURE,LOW,8,VERBOSE_TYPED,12,1.0,10.0,2.0,5.0,0.0,0.0,4.0,1.0,1.0,1.0,39.0,5.0,1.0,167.0,8.0,1.0,1.0
LIVE_EPISODIC,HYBRID,Q00_CLEAN,CONTROL_FAILURE,LOW,12,COMPACT_TYPED,12,1.0,14.0,2.0,6.0,0.0,0.0,5.0,1.0,1.0,1.0,42.0,6.0,1.0,166.0,10.0,1.0,1.0
LIVE_EPISODIC,HYBRID,Q00_CLEAN,CONTROL_FAILURE,LOW,12,VERBOSE_TYPED,12,1.0,14.0,2.0,6.0,0.0,0.0,5.0,1.0,1.0,1.0,45.0,6.0,1.0,167.0,10.0,1.0,1.0
LIVE_EPISODIC,HYBRID,Q00_CLEAN,POSE_SHIFT,HIGH,4,COMPACT_TYPED,12,1.0,8.0,0.0,3.0,0.0,0.0,2.0,0.0,1.0,1.0,20.0,3.0,1.0,161.0,6.0,1.0,0.0
LIVE_EPISODIC,HYBRID,Q00_CLEAN,POSE_SHIFT,HIGH,4,VERBOSE_TYPED,12,1.0,8.0,0.0,3.0,0.0,0.0,2.0,0.0,1.0,1.0,23.0,3.0,1.0,162.0,6.0,1.0,0.0
LIVE_EPISODIC,HYBRID,Q00_CLEAN,POSE_SHIFT,HIGH,8,COMPACT_TYPED,12,1.0,12.0,0.0,5.0,0.0,0.0,4.0,0.0,1.0,1.0,32.0,5.0,1.0,161.0,8.0,1.0,0.0
LIVE_EPISODIC,HYBRID,Q00_CLEAN,POSE_SHIFT,HIGH,8,VERBOSE_TYPED,12,1.0,12.0,0.0,5.0,0.0,0.0,4.0,0.0,1.0,1.0,35.0,5.0,1.0,162.0,8.0,1.0,0.0
LIVE_EPISODIC,HYBRID,Q00_CLEAN,POSE_SHIFT,HIGH,12,COMPACT_TYPED,12,1.0,16.0,0.0,5.0,0.0,0.0,4.0,0.0,1.0,1.0,32.0,5.0,1.0,161.0,10.0,1.0,0.0
LIVE_EPISODIC,HYBRID,Q00_CLEAN,POSE_SHIFT,HIGH,12,VERBOSE_TYPED,12,1.0,16.0,0.0,5.0,0.0,0.0,4.0,0.0,1.0,1.0,35.0,5.0,1.0,162.0,10.0,1.0,0.0
LIVE_EPISODIC,HYBRID,Q00_CLEAN,POSE_SHIFT,LOW,4,COMPACT_TYPED,12,1.0,8.0,0.0,3.0,0.0,0.0,2.0,0.0,1.0,1.0,20.0,3.0,1.0,161.0,6.0,1.0,0.0
LIVE_EPISODIC,HYBRID,Q00_CLEAN,POSE_SHIFT,LOW,4,VERBOSE_TYPED,12,1.0,8.0,0.0,3.0,0.0,0.0,2.0,0.0,1.0,1.0,23.0,3.0,1.0,162.0,6.0,1.0,0.0
LIVE_EPISODIC,HYBRID,Q00_CLEAN,POSE_SHIFT,LOW,8,COMPACT_TYPED,12,1.0,12.0,0.0,5.0,0.0,0.0,4.0,0.0,1.0,1.0,32.0,5.0,1.0,161.0,8.0,1.0,0.0
LIVE_EPISODIC,HYBRID,Q00_CLEAN,POSE_SHIFT,LOW,8,VERBOSE_TYPED,12,1.0,12.0,0.0,5.0,0.0,0.0,4.0,0.0,1.0,1.0,35.0,5.0,1.0,162.0,8.0,1.0,0.0
LIVE_EPISODIC,HYBRID,Q00_CLEAN,POSE_SHIFT,LOW,12,COMPACT_TYPED,12,1.0,16.0,0.0,5.0,0.0,0.0,4.0,0.0,1.0,1.0,32.0,5.0,1.0,161.0,10.0,1.0,0.0
LIVE_EPISODIC,HYBRID,Q00_CLEAN,POSE_SHIFT,LOW,12,VERBOSE_TYPED,12,1.0,16.0,0.0,5.0,0.0,0.0,4.0,0.0,1.0,1.0,35.0,5.0,1.0,162.0,10.0,1.0,0.0
LIVE_EPISODIC,HYBRID,Q00_CLEAN,RESTRICTION_CHANGE,HIGH,4,COMPACT_TYPED,12,1.0,8.0,0.0,3.0,0.0,0.0,2.0,1.0,1.0,1.0,20.0,3.0,1.0,164.0,6.0,1.0,0.0
LIVE_EPISODIC,HYBRID,Q00_CLEAN,RESTRICTION_CHANGE,HIGH,4,VERBOSE_TYPED,12,1.0,8.0,0.0,3.0,0.0,0.0,2.0,1.0,1.0,1.0,23.0,3.0,1.0,165.0,6.0,1.0,0.0
LIVE_EPISODIC,HYBRID,Q00_CLEAN,RESTRICTION_CHANGE,HIGH,8,COMPACT_TYPED,12,1.0,12.0,0.0,5.0,0.0,0.0,4.0,1.0,1.0,1.0,32.0,5.0,1.0,164.0,8.0,1.0,0.0
LIVE_EPISODIC,HYBRID,Q00_CLEAN,RESTRICTION_CHANGE,HIGH,8,VERBOSE_TYPED,12,1.0,12.0,0.0,5.0,0.0,0.0,4.0,1.0,1.0,1.0,35.0,5.0,1.0,165.0,8.0,1.0,0.0
LIVE_EPISODIC,HYBRID,Q00_CLEAN,RESTRICTION_CHANGE,HIGH,12,COMPACT_TYPED,12,1.0,16.0,0.0,5.0,0.0,0.0,4.0,1.0,1.0,1.0,32.0,5.0,1.0,164.0,10.0,1.0,0.0
LIVE_EPISODIC,HYBRID,Q00_CLEAN,RESTRICTION_CHANGE,HIGH,12,VERBOSE_TYPED,12,1.0,16.0,0.0,5.0,0.0,0.0,4.0,1.0,1.0,1.0,35.0,5.0,1.0,165.0,10.0,1.0,0.0
LIVE_EPISODIC,HYBRID,Q00_CLEAN,RESTRICTION_CHANGE,LOW,4,COMPACT_TYPED,12,1.0,8.0,0.0,3.0,0.0,0.0,2.0,1.0,1.0,1.0,20.0,3.0,1.0,164.0,6.0,1.0,0.0
LIVE_EPISODIC,HYBRID,Q00_CLEAN,RESTRICTION_CHANGE,LOW,4,VERBOSE_TYPED,12,1.0,8.0,0.0,3.0,0.0,0.0,2.0,1.0,1.0,1.0,23.0,3.0,1.0,165.0,6.0,1.0,0.0
LIVE_EPISODIC,HYBRID,Q00_CLEAN,RESTRICTION_CHANGE,LOW,8,COMPACT_TYPED,12,1.0,12.0,0.0,5.0,0.0,0.0,4.0,1.0,1.0,1.0,32.0,5.0,1.0,164.0,8.0,1.0,0.0
LIVE_EPISODIC,HYBRID,Q00_CLEAN,RESTRICTION_CHANGE,LOW,8,VERBOSE_TYPED,12,1.0,12.0,0.0,5.0,0.0,0.0,4.0,1.0,1.0,1.0,35.0,5.0,1.0,165.0,8.0,1.0,0.0
LIVE_EPISODIC,HYBRID,Q00_CLEAN,RESTRICTION_CHANGE,LOW,12,COMPACT_TYPED,12,1.0,16.0,0.0,5.0,0.0,0.0,4.0,1.0,1.0,1.0,32.0,5.0,1.0,164.0,10.0,1.0,0.0
LIVE_EPISODIC,HYBRID,Q00_CLEAN,RESTRICTION_CHANGE,LOW,12,VERBOSE_TYPED,12,1.0,16.0,0.0,5.0,0.0,0.0,4.0,1.0,1.0,1.0,35.0,5.0,1.0,165.0,10.0,1.0,0.0
LIVE_EPISODIC,HYBRID,Q01_RECALL75,AVAILABILITY_LOSS,HIGH,4,COMPACT_TYPED,12,1.0,7.0,1.0,3.0,0.0,0.5,2.0,1.0,0.5,0.5,21.0,3.0,0.5,83.5,7.0,0.5,0.5
LIVE_EPISODIC,HYBRID,Q01_RECALL75,AVAILABILITY_LOSS,HIGH,4,VERBOSE_TYPED,12,1.0,7.0,1.0,3.0,0.0,0.5,2.0,1.0,0.5,0.5,22.5,3.0,0.5,84.0,7.0,0.5,0.5
LIVE_EPISODIC,HYBRID,Q01_RECALL75,AVAILABILITY_LOSS,HIGH,8,COMPACT_TYPED,12,1.0,11.5,0.5,4.75,0.0,0.25,3.75,1.0,0.75,0.75,31.0,4.75,0.75,125.25,9.0,0.75,0.25
LIVE_EPISODIC,HYBRID,Q01_RECALL75,AVAILABILITY_LOSS,HIGH,8,VERBOSE_TYPED,12,1.0,11.5,0.5,4.75,0.0,0.25,3.75,1.0,0.75,0.75,33.25,4.75,0.75,126.0,9.0,0.75,0.25
LIVE_EPISODIC,HYBRID,Q01_RECALL75,AVAILABILITY_LOSS,HIGH,12,COMPACT_TYPED,12,1.0,15.666667,0.333333,5.166667,0.0,0.166667,4.166667,1.0,0.833333,0.833333,33.333333,5.166667,0.833333,139.166667,11.0,0.833333,0.166667
LIVE_EPISODIC,HYBRID,Q01_RECALL75,AVAILABILITY_LOSS,HIGH,12,VERBOSE_TYPED,12,1.0,15.666667,0.333333,5.166667,0.0,0.166667,4.166667,1.0,0.833333,0.833333,35.833333,5.166667,0.833333,140.0,11.0,0.833333,0.166667
LIVE_EPISODIC,HYBRID,Q01_RECALL75,AVAILABILITY_LOSS,LOW,4,COMPACT_TYPED,12,1.0,7.666667,0.333333,3.0,0.0,0.166667,2.0,1.0,0.833333,0.833333,20.333333,3.0,0.833333,139.166667,6.333333,0.833333,0.166667
LIVE_EPISODIC,HYBRID,Q01_RECALL75,AVAILABILITY_LOSS,LOW,4,VERBOSE_TYPED,12,1.0,7.666667,0.333333,3.0,0.0,0.166667,2.0,1.0,0.833333,0.833333,22.833333,3.0,0.833333,140.0,6.333333,0.833333,0.166667
LIVE_EPISODIC,HYBRID,Q01_RECALL75,AVAILABILITY_LOSS,LOW,8,COMPACT_TYPED,12,1.0,11.5,0.5,4.75,0.0,0.25,3.75,1.0,0.75,0.75,31.0,4.75,0.75,125.25,9.0,0.75,0.25
LIVE_EPISODIC,HYBRID,Q01_RECALL75,AVAILABILITY_LOSS,LOW,8,VERBOSE_TYPED,12,1.0,11.5,0.5,4.75,0.0,0.25,3.75,1.0,0.75,0.75,33.25,4.75,0.75,126.0,9.0,0.75,0.25
LIVE_EPISODIC,HYBRID,Q01_RECALL75,AVAILABILITY_LOSS,LOW,12,COMPACT_TYPED,12,1.0,15.5,0.5,5.25,0.0,0.25,4.25,1.0,0.75,0.75,34.0,5.25,0.75,125.25,11.5,0.75,0.25
LIVE_EPISODIC,HYBRID,Q01_RECALL75,AVAILABILITY_LOSS,LOW,12,VERBOSE_TYPED,12,1.0,15.5,0.5,5.25,0.0,0.25,4.25,1.0,0.75,0.75,36.25,5.25,0.75,126.0,11.5,0.75,0.25
LIVE_EPISODIC,HYBRID,Q01_RECALL75,CONTROL_FAILURE,HIGH,4,COMPACT_TYPED,12,1.0,6.0,2.0,3.583333,0.0,0.416667,2.583333,1.0,0.583333,0.583333,26.666667,3.583333,0.583333,96.833333,6.833333,0.583333,1.0
LIVE_EPISODIC,HYBRID,Q01_RECALL75,CONTROL_FAILURE,HIGH,4,VERBOSE_TYPED,12,1.0,6.0,2.0,3.583333,0.0,0.416667,2.583333,1.0,0.583333,0.583333,28.416667,3.583333,0.583333,97.416667,6.833333,0.583333,1.0
LIVE_EPISODIC,HYBRID,Q01_RECALL75,CONTROL_FAILURE,HIGH,8,COMPACT_TYPED,12,1.0,10.0,2.0,4.833333,0.0,0.166667,3.833333,1.0,0.833333,0.833333,34.666667,4.833333,0.833333,138.333333,8.666667,0.833333,1.0
LIVE_EPISODIC,HYBRID,Q01_RECALL75,CONTROL_FAILURE,HIGH,8,VERBOSE_TYPED,12,1.0,10.0,2.0,4.833333,0.0,0.166667,3.833333,1.0,0.833333,0.833333,37.166667,4.833333,0.833333,139.166667,8.666667,0.833333,1.0
LIVE_EPISODIC,HYBRID,Q01_RECALL75,CONTROL_FAILURE,HIGH,12,COMPACT_TYPED,12,1.0,14.0,2.0,6.0,0.0,0.25,5.0,1.0,0.75,0.75,41.5,6.0,0.75,124.5,11.5,0.75,1.0
LIVE_EPISODIC,HYBRID,Q01_RECALL75,CONTROL_FAILURE,HIGH,12,VERBOSE_TYPED,12,1.0,14.0,2.0,6.0,0.0,0.25,5.0,1.0,0.75,0.75,43.75,6.0,0.75,125.25,11.5,0.75,1.0
LIVE_EPISODIC,HYBRID,Q01_RECALL75,CONTROL_FAILURE,LOW,4,COMPACT_TYPED,12,1.0,6.0,2.0,3.833333,0.0,0.166667,2.833333,1.0,0.833333,0.833333,28.666667,3.833333,0.833333,138.333333,6.333333,0.833333,1.0
LIVE_EPISODIC,HYBRID,Q01_RECALL75,CONTROL_FAILURE,LOW,4,VERBOSE_TYPED,12,1.0,6.0,2.0,3.833333,0.0,0.166667,2.833333,1.0,0.833333,0.833333,31.166667,3.833333,0.833333,139.166667,6.333333,0.833333,1.0
LIVE_EPISODIC,HYBRID,Q01_RECALL75,CONTROL_FAILURE,LOW,8,COMPACT_TYPED,12,1.0,10.0,2.0,4.75,0.0,0.25,3.75,1.0,0.75,0.75,34.0,4.75,0.75,124.5,9.0,0.75,1.0
LIVE_EPISODIC,HYBRID,Q01_RECALL75,CONTROL_FAILURE,LOW,8,VERBOSE_TYPED,12,1.0,10.0,2.0,4.75,0.0,0.25,3.75,1.0,0.75,0.75,36.25,4.75,0.75,125.25,9.0,0.75,1.0
LIVE_EPISODIC,HYBRID,Q01_RECALL75,CONTROL_FAILURE,LOW,12,COMPACT_TYPED,12,1.0,14.0,2.0,6.0,0.0,0.083333,5.0,1.0,0.916667,0.916667,41.833333,6.0,0.916667,152.166667,10.5,0.916667,1.0
LIVE_EPISODIC,HYBRID,Q01_RECALL75,CONTROL_FAILURE,LOW,12,VERBOSE_TYPED,12,1.0,14.0,2.0,6.0,0.0,0.083333,5.0,1.0,0.916667,0.916667,44.583333,6.0,0.916667,153.083333,10.5,0.916667,1.0
LIVE_EPISODIC,HYBRID,Q01_RECALL75,POSE_SHIFT,HIGH,4,COMPACT_TYPED,12,1.0,7.166667,0.833333,3.0,0.0,0.416667,2.0,0.416667,0.583333,0.583333,20.833333,3.0,0.583333,93.916667,6.833333,0.583333,0.416667
LIVE_EPISODIC,HYBRID,Q01_RECALL75,POSE_SHIFT,HIGH,4,VERBOSE_TYPED,12,1.0,7.166667,0.833333,3.0,0.0,0.416667,2.0,0.416667,0.583333,0.583333,22.583333,3.0,0.583333,94.5,6.833333,0.583333,0.416667
LIVE_EPISODIC,HYBRID,Q01_RECALL75,POSE_SHIFT,HIGH,8,COMPACT_TYPED,12,1.0,11.5,0.5,4.75,0.0,0.25,3.75,0.25,0.75,0.75,31.0,4.75,0.75,120.75,9.0,0.75,0.25
LIVE_EPISODIC,HYBRID,Q01_RECALL75,POSE_SHIFT,HIGH,8,VERBOSE_TYPED,12,1.0,11.5,0.5,4.75,0.0,0.25,3.75,0.25,0.75,0.75,33.25,4.75,0.75,121.5,9.0,0.75,0.25
LIVE_EPISODIC,HYBRID,Q01_RECALL75,POSE_SHIFT,HIGH,12,COMPACT_TYPED,12,1.0,15.333333,0.666667,5.333333,0.0,0.333333,4.333333,0.333333,0.666667,0.666667,34.666667,5.333333,0.666667,107.333333,12.0,0.666667,0.333333
LIVE_EPISODIC,HYBRID,Q01_RECALL75,POSE_SHIFT,HIGH,12,VERBOSE_TYPED,12,1.0,15.333333,0.666667,5.333333,0.0,0.333333,4.333333,0.333333,0.666667,0.666667,36.666667,5.333333,0.666667,108.0,12.0,0.666667,0.333333
LIVE_EPISODIC,HYBRID,Q01_RECALL75,POSE_SHIFT,LOW,4,COMPACT_TYPED,12,1.0,7.5,0.5,3.0,0.0,0.25,2.0,0.25,0.75,0.75,20.5,3.0,0.75,120.75,6.5,0.75,0.25
LIVE_EPISODIC,HYBRID,Q01_RECALL75,POSE_SHIFT,LOW,4,VERBOSE_TYPED,12,1.0,7.5,0.5,3.0,0.0,0.25,2.0,0.25,0.75,0.75,22.75,3.0,0.75,121.5,6.5,0.75,0.25
LIVE_EPISODIC,HYBRID,Q01_RECALL75,POSE_SHIFT,LOW,8,COMPACT_TYPED,12,1.0,11.666667,0.333333,4.833333,0.0,0.166667,3.833333,0.166667,0.833333,0.833333,31.333333,4.833333,0.833333,134.166667,8.666667,0.833333,0.166667
LIVE_EPISODIC,HYBRID,Q01_RECALL75,POSE_SHIFT,LOW,8,VERBOSE_TYPED,12,1.0,11.666667,0.333333,4.833333,0.0,0.166667,3.833333,0.166667,0.833333,0.833333,33.833333,4.833333,0.833333,135.0,8.666667,0.833333,0.166667
LIVE_EPISODIC,HYBRID,Q01_RECALL75,POSE_SHIFT,LOW,12,COMPACT_TYPED,12,1.0,15.333333,0.666667,5.333333,0.0,0.333333,4.333333,0.333333,0.666667,0.666667,34.666667,5.333333,0.666667,107.333333,12.0,0.666667,0.333333
LIVE_EPISODIC,HYBRID,Q01_RECALL75,POSE_SHIFT,LOW,12,VERBOSE_TYPED,12,1.0,15.333333,0.666667,5.333333,0.0,0.333333,4.333333,0.333333,0.666667,0.666667,36.666667,5.333333,0.666667,108.0,12.0,0.666667,0.333333
LIVE_EPISODIC,HYBRID,Q01_RECALL75,RESTRICTION_CHANGE,HIGH,4,COMPACT_TYPED,12,1.0,7.333333,0.666667,3.0,0.0,0.333333,2.0,1.0,0.666667,0.666667,20.666667,3.0,0.666667,109.333333,6.666667,0.666667,0.333333
LIVE_EPISODIC,HYBRID,Q01_RECALL75,RESTRICTION_CHANGE,HIGH,4,VERBOSE_TYPED,12,1.0,7.333333,0.666667,3.0,0.0,0.333333,2.0,1.0,0.666667,0.666667,22.666667,3.0,0.666667,110.0,6.666667,0.666667,0.333333
LIVE_EPISODIC,HYBRID,Q01_RECALL75,RESTRICTION_CHANGE,HIGH,8,COMPACT_TYPED,12,1.0,11.666667,0.333333,4.833333,0.0,0.166667,3.833333,1.0,0.833333,0.833333,31.333333,4.833333,0.833333,136.666667,8.666667,0.833333,0.166667
LIVE_EPISODIC,HYBRID,Q01_RECALL75,RESTRICTION_CHANGE,HIGH,8,VERBOSE_TYPED,12,1.0,11.666667,0.333333,4.833333,0.0,0.166667,3.833333,1.0,0.833333,0.833333,33.833333,4.833333,0.833333,137.5,8.666667,0.833333,0.166667
LIVE_EPISODIC,HYBRID,Q01_RECALL75,RESTRICTION_CHANGE,HIGH,12,COMPACT_TYPED,12,1.0,15.666667,0.333333,5.166667,0.0,0.166667,4.166667,1.0,0.833333,0.833333,33.333333,5.166667,0.833333,136.666667,11.0,0.833333,0.166667
LIVE_EPISODIC,HYBRID,Q01_RECALL75,RESTRICTION_CHANGE,HIGH,12,VERBOSE_TYPED,12,1.0,15.666667,0.333333,5.166667,0.0,0.166667,4.166667,1.0,0.833333,0.833333,35.833333,5.166667,0.833333,137.5,11.0,0.833333,0.166667
LIVE_EPISODIC,HYBRID,Q01_RECALL75,RESTRICTION_CHANGE,LOW,4,COMPACT_TYPED,12,1.0,7.666667,0.333333,3.0,0.0,0.166667,2.0,1.0,0.833333,0.833333,20.333333,3.0,0.833333,136.666667,6.333333,0.833333,0.166667
LIVE_EPISODIC,HYBRID,Q01_RECALL75,RESTRICTION_CHANGE,LOW,4,VERBOSE_TYPED,12,1.0,7.666667,0.333333,3.0,0.0,0.166667,2.0,1.0,0.833333,0.833333,22.833333,3.0,0.833333,137.5,6.333333,0.833333,0.166667
LIVE_EPISODIC,HYBRID,Q01_RECALL75,RESTRICTION_CHANGE,LOW,8,COMPACT_TYPED,12,1.0,11.666667,0.333333,4.833333,0.0,0.166667,3.833333,1.0,0.833333,0.833333,31.333333,4.833333,0.833333,136.666667,8.666667,0.833333,0.166667
LIVE_EPISODIC,HYBRID,Q01_RECALL75,RESTRICTION_CHANGE,LOW,8,VERBOSE_TYPED,12,1.0,11.666667,0.333333,4.833333,0.0,0.166667,3.833333,1.0,0.833333,0.833333,33.833333,4.833333,0.833333,137.5,8.666667,0.833333,0.166667
LIVE_EPISODIC,HYBRID,Q01_RECALL75,RESTRICTION_CHANGE,LOW,12,COMPACT_TYPED,12,1.0,15.666667,0.333333,5.166667,0.0,0.166667,4.166667,1.0,0.833333,0.833333,33.333333,5.166667,0.833333,136.666667,11.0,0.833333,0.166667
LIVE_EPISODIC,HYBRID,Q01_RECALL75,RESTRICTION_CHANGE,LOW,12,VERBOSE_TYPED,12,1.0,15.666667,0.333333,5.166667,0.0,0.166667,4.166667,1.0,0.833333,0.833333,35.833333,5.166667,0.833333,137.5,11.0,0.833333,0.166667
LIVE_EPISODIC,HYBRID,Q02_RECALL50,AVAILABILITY_LOSS,HIGH,4,COMPACT_TYPED,12,1.0,6.333333,1.666667,3.0,0.0,0.833333,2.0,1.0,0.166667,0.166667,21.666667,3.0,0.166667,27.833333,7.666667,0.166667,0.833333
LIVE_EPISODIC,HYBRID,Q02_RECALL50,AVAILABILITY_LOSS,HIGH,4,VERBOSE_TYPED,12,1.0,6.333333,1.666667,3.0,0.0,0.833333,2.0,1.0,0.166667,0.166667,22.166667,3.0,0.166667,28.0,7.666667,0.166667,0.833333
LIVE_EPISODIC,HYBRID,Q02_RECALL50,AVAILABILITY_LOSS,HIGH,8,COMPACT_TYPED,12,1.0,11.166667,0.833333,4.583333,0.0,0.416667,3.583333,1.0,0.583333,0.583333,30.333333,4.583333,0.583333,97.416667,9.666667,0.583333,0.416667
LIVE_EPISODIC,HYBRID,Q02_RECALL50,AVAILABILITY_LOSS,HIGH,8,VERBOSE_TYPED,12,1.0,11.166667,0.833333,4.583333,0.0,0.416667,3.583333,1.0,0.583333,0.583333,32.083333,4.583333,0.583333,98.0,9.666667,0.583333,0.416667
LIVE_EPISODIC,HYBRID,Q02_RECALL50,AVAILABILITY_LOSS,HIGH,12,COMPACT_TYPED,12,1.0,15.5,0.5,5.25,0.0,0.25,4.25,1.0,0.75,0.75,34.0,5.25,0.75,125.25,11.5,0.75,0.25
LIVE_EPISODIC,HYBRID,Q02_RECALL50,AVAILABILITY_LOSS,HIGH,12,VERBOSE_TYPED,12,1.0,15.5,0.5,5.25,0.0,0.25,4.25,1.0,0.75,0.75,36.25,5.25,0.75,126.0,11.5,0.75,0.25
LIVE_EPISODIC,HYBRID,Q02_RECALL50,AVAILABILITY_LOSS,LOW,4,COMPACT_TYPED,12,1.0,7.166667,0.833333,3.0,0.0,0.416667,2.0,1.0,0.583333,0.583333,20.833333,3.0,0.583333,97.416667,6.833333,0.583333,0.416667
LIVE_EPISODIC,HYBRID,Q02_RECALL50,AVAILABILITY_LOSS,LOW,4,VERBOSE_TYPED,12,1.0,7.166667,0.833333,3.0,0.0,0.416667,2.0,1.0,0.583333,0.583333,22.583333,3.0,0.583333,98.0,6.833333,0.583333,0.416667
LIVE_EPISODIC,HYBRID,Q02_RECALL50,AVAILABILITY_LOSS,LOW,8,COMPACT_TYPED,12,1.0,11.166667,0.833333,4.583333,0.0,0.416667,3.583333,1.0,0.583333,0.583333,30.333333,4.583333,0.583333,97.416667,9.666667,0.583333,0.416667
LIVE_EPISODIC,HYBRID,Q02_RECALL50,AVAILABILITY_LOSS,LOW,8,VERBOSE_TYPED,12,1.0,11.166667,0.833333,4.583333,0.0,0.416667,3.583333,1.0,0.583333,0.583333,32.083333,4.583333,0.583333,98.0,9.666667,0.583333,0.416667
LIVE_EPISODIC,HYBRID,Q02_RECALL50,AVAILABILITY_LOSS,LOW,12,COMPACT_TYPED,12,1.0,14.833333,1.166667,5.583333,0.0,0.583333,4.583333,1.0,0.416667,0.416667,36.666667,5.583333,0.416667,69.583333,13.5,0.416667,0.583333
LIVE_EPISODIC,HYBRID,Q02_RECALL50,AVAILABILITY_LOSS,LOW,12,VERBOSE_TYPED,12,1.0,14.833333,1.166667,5.583333,0.0,0.583333,4.583333,1.0,0.416667,0.416667,37.916667,5.583333,0.416667,70.0,13.5,0.416667,0.583333
LIVE_EPISODIC,HYBRID,Q02_RECALL50,CONTROL_FAILURE,HIGH,4,COMPACT_TYPED,12,1.0,6.0,2.0,3.5,0.0,0.5,2.5,1.0,0.5,0.5,26.0,3.5,0.5,83.0,7.0,0.5,1.0
LIVE_EPISODIC,HYBRID,Q02_RECALL50,CONTROL_FAILURE,HIGH,4,VERBOSE_TYPED,12,1.0,6.0,2.0,3.5,0.0,0.5,2.5,1.0,0.5,0.5,27.5,3.5,0.5,83.5,7.0,0.5,1.0
LIVE_EPISODIC,HYBRID,Q02_RECALL50,CONTROL_FAILURE,HIGH,8,COMPACT_TYPED,12,1.0,10.0,2.0,4.5,0.0,0.5,3.5,1.0,0.5,0.5,32.0,4.5,0.5,83.0,10.0,0.5,1.0
LIVE_EPISODIC,HYBRID,Q02_RECALL50,CONTROL_FAILURE,HIGH,8,VERBOSE_TYPED,12,1.0,10.0,2.0,4.5,0.0,0.5,3.5,1.0,0.5,0.5,33.5,4.5,0.5,83.5,10.0,0.5,1.0
LIVE_EPISODIC,HYBRID,Q02_RECALL50,CONTROL_FAILURE,HIGH,12,COMPACT_TYPED,12,1.0,14.0,2.0,6.0,0.0,0.583333,5.0,1.0,0.416667,0.416667,40.833333,6.0,0.416667,69.166667,13.5,0.416667,1.0
LIVE_EPISODIC,HYBRID,Q02_RECALL50,CONTROL_FAILURE,HIGH,12,VERBOSE_TYPED,12,1.0,14.0,2.0,6.0,0.0,0.583333,5.0,1.0,0.416667,0.416667,42.083333,6.0,0.416667,69.583333,13.5,0.416667,1.0
LIVE_EPISODIC,HYBRID,Q02_RECALL50,CONTROL_FAILURE,LOW,4,COMPACT_TYPED,12,1.0,6.0,2.0,3.5,0.0,0.5,2.5,1.0,0.5,0.5,26.0,3.5,0.5,83.0,7.0,0.5,1.0
LIVE_EPISODIC,HYBRID,Q02_RECALL50,CONTROL_FAILURE,LOW,4,VERBOSE_TYPED,12,1.0,6.0,2.0,3.5,0.0,0.5,2.5,1.0,0.5,0.5,27.5,3.5,0.5,83.5,7.0,0.5,1.0
LIVE_EPISODIC,HYBRID,Q02_RECALL50,CONTROL_FAILURE,LOW,8,COMPACT_TYPED,12,1.0,10.0,2.0,4.75,0.0,0.25,3.75,1.0,0.75,0.75,34.0,4.75,0.75,124.5,9.0,0.75,1.0
LIVE_EPISODIC,HYBRID,Q02_RECALL50,CONTROL_FAILURE,LOW,8,VERBOSE_TYPED,12,1.0,10.0,2.0,4.75,0.0,0.25,3.75,1.0,0.75,0.75,36.25,4.75,0.75,125.25,9.0,0.75,1.0
LIVE_EPISODIC,HYBRID,Q02_RECALL50,CONTROL_FAILURE,LOW,12,COMPACT_TYPED,12,1.0,14.0,2.0,6.0,0.0,0.416667,5.0,1.0,0.583333,0.583333,41.166667,6.0,0.583333,96.833333,12.5,0.583333,1.0
LIVE_EPISODIC,HYBRID,Q02_RECALL50,CONTROL_FAILURE,LOW,12,VERBOSE_TYPED,12,1.0,14.0,2.0,6.0,0.0,0.416667,5.0,1.0,0.583333,0.583333,42.916667,6.0,0.583333,97.416667,12.5,0.583333,1.0
LIVE_EPISODIC,HYBRID,Q02_RECALL50,POSE_SHIFT,HIGH,4,COMPACT_TYPED,12,1.0,7.166667,0.833333,3.0,0.0,0.416667,2.0,0.416667,0.583333,0.583333,20.833333,3.0,0.583333,93.916667,6.833333,0.583333,0.416667
LIVE_EPISODIC,HYBRID,Q02_RECALL50,POSE_SHIFT,HIGH,4,VERBOSE_TYPED,12,1.0,7.166667,0.833333,3.0,0.0,0.416667,2.0,0.416667,0.583333,0.583333,22.583333,3.0,0.583333,94.5,6.833333,0.583333,0.416667
LIVE_EPISODIC,HYBRID,Q02_RECALL50,POSE_SHIFT,HIGH,8,COMPACT_TYPED,12,1.0,11.166667,0.833333,4.583333,0.0,0.416667,3.583333,0.416667,0.583333,0.583333,30.333333,4.583333,0.583333,93.916667,9.666667,0.583333,0.416667
LIVE_EPISODIC,HYBRID,Q02_RECALL50,POSE_SHIFT,HIGH,8,VERBOSE_TYPED,12,1.0,11.166667,0.833333,4.583333,0.0,0.416667,3.583333,0.416667,0.583333,0.583333,32.083333,4.583333,0.583333,94.5,9.666667,0.583333,0.416667
LIVE_EPISODIC,HYBRID,Q02_RECALL50,POSE_SHIFT,HIGH,12,COMPACT_TYPED,12,1.0,15.0,1.0,5.5,0.0,0.5,4.5,0.5,0.5,0.5,36.0,5.5,0.5,80.5,13.0,0.5,0.5
LIVE_EPISODIC,HYBRID,Q02_RECALL50,POSE_SHIFT,HIGH,12,VERBOSE_TYPED,12,1.0,15.0,1.0,5.5,0.0,0.5,4.5,0.5,0.5,0.5,37.5,5.5,0.5,81.0,13.0,0.5,0.5
LIVE_EPISODIC,HYBRID,Q02_RECALL50,POSE_SHIFT,LOW,4,COMPACT_TYPED,12,1.0,7.166667,0.833333,3.0,0.0,0.416667,2.0,0.416667,0.583333,0.583333,20.833333,3.0,0.583333,93.916667,6.833333,0.583333,0.416667
LIVE_EPISODIC,HYBRID,Q02_RECALL50,POSE_SHIFT,LOW,4,VERBOSE_TYPED,12,1.0,7.166667,0.833333,3.0,0.0,0.416667,2.0,0.416667,0.583333,0.583333,22.583333,3.0,0.583333,94.5,6.833333,0.583333,0.416667
LIVE_EPISODIC,HYBRID,Q02_RECALL50,POSE_SHIFT,LOW,8,COMPACT_TYPED,12,1.0,11.166667,0.833333,4.583333,0.0,0.416667,3.583333,0.416667,0.583333,0.583333,30.333333,4.583333,0.583333,93.916667,9.666667,0.583333,0.416667
LIVE_EPISODIC,HYBRID,Q02_RECALL50,POSE_SHIFT,LOW,8,VERBOSE_TYPED,12,1.0,11.166667,0.833333,4.583333,0.0,0.416667,3.583333,0.416667,0.583333,0.583333,32.083333,4.583333,0.583333,94.5,9.666667,0.583333,0.416667
LIVE_EPISODIC,HYBRID,Q02_RECALL50,POSE_SHIFT,LOW,12,COMPACT_TYPED,12,1.0,14.666667,1.333333,5.666667,0.0,0.666667,4.666667,0.666667,0.333333,0.333333,37.333333,5.666667,0.333333,53.666667,14.0,0.333333,0.666667
LIVE_EPISODIC,HYBRID,Q02_RECALL50,POSE_SHIFT,LOW,12,VERBOSE_TYPED,12,1.0,14.666667,1.333333,5.666667,0.0,0.666667,4.666667,0.666667,0.333333,0.333333,38.333333,5.666667,0.333333,54.0,14.0,0.333333,0.666667
LIVE_EPISODIC,HYBRID,Q02_RECALL50,RESTRICTION_CHANGE,HIGH,4,COMPACT_TYPED,12,1.0,6.833333,1.166667,3.0,0.0,0.583333,2.0,1.0,0.416667,0.416667,21.166667,3.0,0.416667,68.333333,7.166667,0.416667,0.583333
LIVE_EPISODIC,HYBRID,Q02_RECALL50,RESTRICTION_CHANGE,HIGH,4,VERBOSE_TYPED,12,1.0,6.833333,1.166667,3.0,0.0,0.583333,2.0,1.0,0.416667,0.416667,22.416667,3.0,0.416667,68.75,7.166667,0.416667,0.583333
LIVE_EPISODIC,HYBRID,Q02_RECALL50,RESTRICTION_CHANGE,HIGH,8,COMPACT_TYPED,12,1.0,11.333333,0.666667,4.666667,0.0,0.333333,3.666667,1.0,0.666667,0.666667,30.666667,4.666667,0.666667,109.333333,9.333333,0.666667,0.333333
LIVE_EPISODIC,HYBRID,Q02_RECALL50,RESTRICTION_CHANGE,HIGH,8,VERBOSE_TYPED,12,1.0,11.333333,0.666667,4.666667,0.0,0.333333,3.666667,1.0,0.666667,0.666667,32.666667,4.666667,0.666667,110.0,9.333333,0.666667,0.333333
LIVE_EPISODIC,HYBRID,Q02_RECALL50,RESTRICTION_CHANGE,HIGH,12,COMPACT_TYPED,12,1.0,15.166667,0.833333,5.416667,0.0,0.416667,4.416667,1.0,0.583333,0.583333,35.333333,5.416667,0.583333,95.666667,12.5,0.583333,0.416667
LIVE_EPISODIC,HYBRID,Q02_RECALL50,RESTRICTION_CHANGE,HIGH,12,VERBOSE_TYPED,12,1.0,15.166667,0.833333,5.416667,0.0,0.416667,4.416667,1.0,0.583333,0.583333,37.083333,5.416667,0.583333,96.25,12.5,0.583333,0.416667
LIVE_EPISODIC,HYBRID,Q02_RECALL50,RESTRICTION_CHANGE,LOW,4,COMPACT_TYPED,12,1.0,7.166667,0.833333,3.0,0.0,0.416667,2.0,1.0,0.583333,0.583333,20.833333,3.0,0.583333,95.666667,6.833333,0.583333,0.416667
LIVE_EPISODIC,HYBRID,Q02_RECALL50,RESTRICTION_CHANGE,LOW,4,VERBOSE_TYPED,12,1.0,7.166667,0.833333,3.0,0.0,0.416667,2.0,1.0,0.583333,0.583333,22.583333,3.0,0.583333,96.25,6.833333,0.583333,0.416667
LIVE_EPISODIC,HYBRID,Q02_RECALL50,RESTRICTION_CHANGE,LOW,8,COMPACT_TYPED,12,1.0,11.166667,0.833333,4.583333,0.0,0.416667,3.583333,1.0,0.583333,0.583333,30.333333,4.583333,0.583333,95.666667,9.666667,0.583333,0.416667
LIVE_EPISODIC,HYBRID,Q02_RECALL50,RESTRICTION_CHANGE,LOW,8,VERBOSE_TYPED,12,1.0,11.166667,0.833333,4.583333,0.0,0.416667,3.583333,1.0,0.583333,0.583333,32.083333,4.583333,0.583333,96.25,9.666667,0.583333,0.416667
LIVE_EPISODIC,HYBRID,Q02_RECALL50,RESTRICTION_CHANGE,LOW,12,COMPACT_TYPED,12,1.0,15.5,0.5,5.25,0.0,0.25,4.25,1.0,0.75,0.75,34.0,5.25,0.75,123.0,11.5,0.75,0.25
LIVE_EPISODIC,HYBRID,Q02_RECALL50,RESTRICTION_CHANGE,LOW,12,VERBOSE_TYPED,12,1.0,15.5,0.5,5.25,0.0,0.25,4.25,1.0,0.75,0.75,36.25,5.25,0.75,123.75,11.5,0.75,0.25
LIVE_EPISODIC,HYBRID,Q03_RECALL25,AVAILABILITY_LOSS,HIGH,4,COMPACT_TYPED,12,1.0,6.333333,1.666667,3.0,0.0,0.833333,2.0,1.0,0.166667,0.166667,21.666667,3.0,0.166667,27.833333,7.666667,0.166667,0.833333
LIVE_EPISODIC,HYBRID,Q03_RECALL25,AVAILABILITY_LOSS,HIGH,4,VERBOSE_TYPED,12,1.0,6.333333,1.666667,3.0,0.0,0.833333,2.0,1.0,0.166667,0.166667,22.166667,3.0,0.166667,28.0,7.666667,0.166667,0.833333
LIVE_EPISODIC,HYBRID,Q03_RECALL25,AVAILABILITY_LOSS,HIGH,8,COMPACT_TYPED,12,1.0,10.833333,1.166667,4.416667,0.0,0.583333,3.416667,1.0,0.416667,0.416667,29.666667,4.416667,0.416667,69.583333,10.333333,0.416667,0.583333
LIVE_EPISODIC,HYBRID,Q03_RECALL25,AVAILABILITY_LOSS,HIGH,8,VERBOSE_TYPED,12,1.0,10.833333,1.166667,4.416667,0.0,0.583333,3.416667,1.0,0.416667,0.416667,30.916667,4.416667,0.416667,70.0,10.333333,0.416667,0.583333
LIVE_EPISODIC,HYBRID,Q03_RECALL25,AVAILABILITY_LOSS,HIGH,12,COMPACT_TYPED,12,1.0,15.166667,0.833333,5.416667,0.0,0.416667,4.416667,1.0,0.583333,0.583333,35.333333,5.416667,0.583333,97.416667,12.5,0.583333,0.416667
LIVE_EPISODIC,HYBRID,Q03_RECALL25,AVAILABILITY_LOSS,HIGH,12,VERBOSE_TYPED,12,1.0,15.166667,0.833333,5.416667,0.0,0.416667,4.416667,1.0,0.583333,0.583333,37.083333,5.416667,0.583333,98.0,12.5,0.583333,0.416667
LIVE_EPISODIC,HYBRID,Q03_RECALL25,AVAILABILITY_LOSS,LOW,4,COMPACT_TYPED,12,1.0,6.833333,1.166667,3.0,0.0,0.583333,2.0,1.0,0.416667,0.416667,21.166667,3.0,0.416667,69.583333,7.166667,0.416667,0.583333
LIVE_EPISODIC,HYBRID,Q03_RECALL25,AVAILABILITY_LOSS,LOW,4,VERBOSE_TYPED,12,1.0,6.833333,1.166667,3.0,0.0,0.583333,2.0,1.0,0.416667,0.416667,22.416667,3.0,0.416667,70.0,7.166667,0.416667,0.583333
LIVE_EPISODIC,HYBRID,Q03_RECALL25,AVAILABILITY_LOSS,LOW,8,COMPACT_TYPED,12,1.0,10.666667,1.333333,4.333333,0.0,0.666667,3.333333,1.0,0.333333,0.333333,29.333333,4.333333,0.333333,55.666667,10.666667,0.333333,0.666667
LIVE_EPISODIC,HYBRID,Q03_RECALL25,AVAILABILITY_LOSS,LOW,8,VERBOSE_TYPED,12,1.0,10.666667,1.333333,4.333333,0.0,0.666667,3.333333,1.0,0.333333,0.333333,30.333333,4.333333,0.333333,56.0,10.666667,0.333333,0.666667
LIVE_EPISODIC,HYBRID,Q03_RECALL25,AVAILABILITY_LOSS,LOW,12,COMPACT_TYPED,12,1.0,14.5,1.5,5.75,0.0,0.75,4.75,1.0,0.25,0.25,38.0,5.75,0.25,41.75,14.5,0.25,0.75
LIVE_EPISODIC,HYBRID,Q03_RECALL25,AVAILABILITY_LOSS,LOW,12,VERBOSE_TYPED,12,1.0,14.5,1.5,5.75,0.0,0.75,4.75,1.0,0.25,0.25,38.75,5.75,0.25,42.0,14.5,0.25,0.75
LIVE_EPISODIC,HYBRID,Q03_RECALL25,CONTROL_FAILURE,HIGH,4,COMPACT_TYPED,12,1.0,6.0,2.0,3.25,0.0,0.75,2.25,1.0,0.25,0.25,24.0,3.25,0.25,41.5,7.5,0.25,1.0
LIVE_EPISODIC,HYBRID,Q03_RECALL25,CONTROL_FAILURE,HIGH,4,VERBOSE_TYPED,12,1.0,6.0,2.0,3.25,0.0,0.75,2.25,1.0,0.25,0.25,24.75,3.25,0.25,41.75,7.5,0.25,1.0
LIVE_EPISODIC,HYBRID,Q03_RECALL25,CONTROL_FAILURE,HIGH,8,COMPACT_TYPED,12,1.0,10.0,2.0,4.25,0.0,0.75,3.25,1.0,0.25,0.25,30.0,4.25,0.25,41.5,11.0,0.25,1.0
LIVE_EPISODIC,HYBRID,Q03_RECALL25,CONTROL_FAILURE,HIGH,8,VERBOSE_TYPED,12,1.0,10.0,2.0,4.25,0.0,0.75,3.25,1.0,0.25,0.25,30.75,4.25,0.25,41.75,11.0,0.25,1.0
LIVE_EPISODIC,HYBRID,Q03_RECALL25,CONTROL_FAILURE,HIGH,12,COMPACT_TYPED,12,1.0,14.0,2.0,6.0,0.0,0.833333,5.0,1.0,0.166667,0.166667,40.333333,6.0,0.166667,27.666667,15.0,0.166667,1.0
LIVE_EPISODIC,HYBRID,Q03_RECALL25,CONTROL_FAILURE,HIGH,12,VERBOSE_TYPED,12,1.0,14.0,2.0,6.0,0.0,0.833333,5.0,1.0,0.166667,0.166667,40.833333,6.0,0.166667,27.833333,15.0,0.166667,1.0
LIVE_EPISODIC,HYBRID,Q03_RECALL25,CONTROL_FAILURE,LOW,4,COMPACT_TYPED,12,1.0,6.0,2.0,3.166667,0.0,0.833333,2.166667,1.0,0.166667,0.166667,23.333333,3.166667,0.166667,27.666667,7.666667,0.166667,1.0
LIVE_EPISODIC,HYBRID,Q03_RECALL25,CONTROL_FAILURE,LOW,4,VERBOSE_TYPED,12,1.0,6.0,2.0,3.166667,0.0,0.833333,2.166667,1.0,0.166667,0.166667,23.833333,3.166667,0.166667,27.833333,7.666667,0.166667,1.0
LIVE_EPISODIC,HYBRID,Q03_RECALL25,CONTROL_FAILURE,LOW,8,COMPACT_TYPED,12,1.0,10.0,2.0,4.583333,0.0,0.416667,3.583333,1.0,0.583333,0.583333,32.666667,4.583333,0.583333,96.833333,9.666667,0.583333,1.0
LIVE_EPISODIC,HYBRID,Q03_RECALL25,CONTROL_FAILURE,LOW,8,VERBOSE_TYPED,12,1.0,10.0,2.0,4.583333,0.0,0.416667,3.583333,1.0,0.583333,0.583333,34.416667,4.583333,0.583333,97.416667,9.666667,0.583333,1.0
LIVE_EPISODIC,HYBRID,Q03_RECALL25,CONTROL_FAILURE,LOW,12,COMPACT_TYPED,12,1.0,14.0,2.0,6.0,0.0,0.75,5.0,1.0,0.25,0.25,40.5,6.0,0.25,41.5,14.5,0.25,1.0
LIVE_EPISODIC,HYBRID,Q03_RECALL25,CONTROL_FAILURE,LOW,12,VERBOSE_TYPED,12,1.0,14.0,2.0,6.0,0.0,0.75,5.0,1.0,0.25,0.25,41.25,6.0,0.25,41.75,14.5,0.25,1.0
LIVE_EPISODIC,HYBRID,Q03_RECALL25,POSE_SHIFT,HIGH,4,COMPACT_TYPED,12,1.0,6.166667,1.833333,3.0,0.0,0.916667,2.0,0.916667,0.083333,0.083333,21.833333,3.0,0.083333,13.416667,7.833333,0.083333,0.916667
LIVE_EPISODIC,HYBRID,Q03_RECALL25,POSE_SHIFT,HIGH,4,VERBOSE_TYPED,12,1.0,6.166667,1.833333,3.0,0.0,0.916667,2.0,0.916667,0.083333,0.083333,22.083333,3.0,0.083333,13.5,7.833333,0.083333,0.916667
LIVE_EPISODIC,HYBRID,Q03_RECALL25,POSE_SHIFT,HIGH,8,COMPACT_TYPED,12,1.0,11.0,1.0,4.5,0.0,0.5,3.5,0.5,0.5,0.5,30.0,4.5,0.5,80.5,10.0,0.5,0.5
LIVE_EPISODIC,HYBRID,Q03_RECALL25,POSE_SHIFT,HIGH,8,VERBOSE_TYPED,12,1.0,11.0,1.0,4.5,0.0,0.5,3.5,0.5,0.5,0.5,31.5,4.5,0.5,81.0,10.0,0.5,0.5
LIVE_EPISODIC,HYBRID,Q03_RECALL25,POSE_SHIFT,HIGH,12,COMPACT_TYPED,12,1.0,14.333333,1.666667,5.833333,0.0,0.833333,4.833333,0.833333,0.166667,0.166667,38.666667,5.833333,0.166667,26.833333,15.0,0.166667,0.833333
LIVE_EPISODIC,HYBRID,Q03_RECALL25,POSE_SHIFT,HIGH,12,VERBOSE_TYPED,12,1.0,14.333333,1.666667,5.833333,0.0,0.833333,4.833333,0.833333,0.166667,0.166667,39.166667,5.833333,0.166667,27.0,15.0,0.166667,0.833333
LIVE_EPISODIC,HYBRID,Q03_RECALL25,POSE_SHIFT,LOW,4,COMPACT_TYPED,12,1.0,7.0,1.0,3.0,0.0,0.5,2.0,0.5,0.5,0.5,21.0,3.0,0.5,80.5,7.0,0.5,0.5
LIVE_EPISODIC,HYBRID,Q03_RECALL25,POSE_SHIFT,LOW,4,VERBOSE_TYPED,12,1.0,7.0,1.0,3.0,0.0,0.5,2.0,0.5,0.5,0.5,22.5,3.0,0.5,81.0,7.0,0.5,0.5
LIVE_EPISODIC,HYBRID,Q03_RECALL25,POSE_SHIFT,LOW,8,COMPACT_TYPED,12,1.0,11.0,1.0,4.5,0.0,0.5,3.5,0.5,0.5,0.5,30.0,4.5,0.5,80.5,10.0,0.5,0.5
LIVE_EPISODIC,HYBRID,Q03_RECALL25,POSE_SHIFT,LOW,8,VERBOSE_TYPED,12,1.0,11.0,1.0,4.5,0.0,0.5,3.5,0.5,0.5,0.5,31.5,4.5,0.5,81.0,10.0,0.5,0.5
LIVE_EPISODIC,HYBRID,Q03_RECALL25,POSE_SHIFT,LOW,12,COMPACT_TYPED,12,1.0,14.666667,1.333333,5.666667,0.0,0.666667,4.666667,0.666667,0.333333,0.333333,37.333333,5.666667,0.333333,53.666667,14.0,0.333333,0.666667
LIVE_EPISODIC,HYBRID,Q03_RECALL25,POSE_SHIFT,LOW,12,VERBOSE_TYPED,12,1.0,14.666667,1.333333,5.666667,0.0,0.666667,4.666667,0.666667,0.333333,0.333333,38.333333,5.666667,0.333333,54.0,14.0,0.333333,0.666667
LIVE_EPISODIC,HYBRID,Q03_RECALL25,RESTRICTION_CHANGE,HIGH,4,COMPACT_TYPED,12,1.0,6.166667,1.833333,3.0,0.0,0.916667,2.0,1.0,0.083333,0.083333,21.833333,3.0,0.083333,13.666667,7.833333,0.083333,0.916667
LIVE_EPISODIC,HYBRID,Q03_RECALL25,RESTRICTION_CHANGE,HIGH,4,VERBOSE_TYPED,12,1.0,6.166667,1.833333,3.0,0.0,0.916667,2.0,1.0,0.083333,0.083333,22.083333,3.0,0.083333,13.75,7.833333,0.083333,0.916667
LIVE_EPISODIC,HYBRID,Q03_RECALL25,RESTRICTION_CHANGE,HIGH,8,COMPACT_TYPED,12,1.0,10.833333,1.166667,4.416667,0.0,0.583333,3.416667,1.0,0.416667,0.416667,29.666667,4.416667,0.416667,68.333333,10.333333,0.416667,0.583333
LIVE_EPISODIC,HYBRID,Q03_RECALL25,RESTRICTION_CHANGE,HIGH,8,VERBOSE_TYPED,12,1.0,10.833333,1.166667,4.416667,0.0,0.583333,3.416667,1.0,0.416667,0.416667,30.916667,4.416667,0.416667,68.75,10.333333,0.416667,0.583333
LIVE_EPISODIC,HYBRID,Q03_RECALL25,RESTRICTION_CHANGE,HIGH,12,COMPACT_TYPED,12,1.0,14.5,1.5,5.75,0.0,0.75,4.75,1.0,0.25,0.25,38.0,5.75,0.25,41.0,14.5,0.25,0.75
LIVE_EPISODIC,HYBRID,Q03_RECALL25,RESTRICTION_CHANGE,HIGH,12,VERBOSE_TYPED,12,1.0,14.5,1.5,5.75,0.0,0.75,4.75,1.0,0.25,0.25,38.75,5.75,0.25,41.25,14.5,0.25,0.75
LIVE_EPISODIC,HYBRID,Q03_RECALL25,RESTRICTION_CHANGE,LOW,4,COMPACT_TYPED,12,1.0,6.5,1.5,3.0,0.0,0.75,2.0,1.0,0.25,0.25,21.5,3.0,0.25,41.0,7.5,0.25,0.75
LIVE_EPISODIC,HYBRID,Q03_RECALL25,RESTRICTION_CHANGE,LOW,4,VERBOSE_TYPED,12,1.0,6.5,1.5,3.0,0.0,0.75,2.0,1.0,0.25,0.25,22.25,3.0,0.25,41.25,7.5,0.25,0.75
LIVE_EPISODIC,HYBRID,Q03_RECALL25,RESTRICTION_CHANGE,LOW,8,COMPACT_TYPED,12,1.0,10.833333,1.166667,4.416667,0.0,0.583333,3.416667,1.0,0.416667,0.416667,29.666667,4.416667,0.416667,68.333333,10.333333,0.416667,0.583333
LIVE_EPISODIC,HYBRID,Q03_RECALL25,RESTRICTION_CHANGE,LOW,8,VERBOSE_TYPED,12,1.0,10.833333,1.166667,4.416667,0.0,0.583333,3.416667,1.0,0.416667,0.416667,30.916667,4.416667,0.416667,68.75,10.333333,0.416667,0.583333
LIVE_EPISODIC,HYBRID,Q03_RECALL25,RESTRICTION_CHANGE,LOW,12,COMPACT_TYPED,12,1.0,14.833333,1.166667,5.583333,0.0,0.583333,4.583333,1.0,0.416667,0.416667,36.666667,5.583333,0.416667,68.333333,13.5,0.416667,0.583333
LIVE_EPISODIC,HYBRID,Q03_RECALL25,RESTRICTION_CHANGE,LOW,12,VERBOSE_TYPED,12,1.0,14.833333,1.166667,5.583333,0.0,0.583333,4.583333,1.0,0.416667,0.416667,37.916667,5.583333,0.416667,68.75,13.5,0.416667,0.583333
LIVE_EPISODIC,HYBRID,Q04_DELAY1,AVAILABILITY_LOSS,HIGH,4,COMPACT_TYPED,12,1.0,7.0,1.0,2.0,0.0,0.0,1.0,1.0,1.0,1.0,16.0,2.0,1.0,167.0,5.0,1.0,0.0
LIVE_EPISODIC,HYBRID,Q04_DELAY1,AVAILABILITY_LOSS,HIGH,4,VERBOSE_TYPED,12,1.0,7.0,1.0,2.0,0.0,0.0,1.0,1.0,1.0,1.0,19.0,2.0,1.0,168.0,5.0,1.0,0.0
LIVE_EPISODIC,HYBRID,Q04_DELAY1,AVAILABILITY_LOSS,HIGH,8,COMPACT_TYPED,12,1.0,11.0,1.0,5.0,0.0,0.0,4.0,1.0,1.0,1.0,34.0,5.0,1.0,167.0,7.0,1.0,0.0
LIVE_EPISODIC,HYBRID,Q04_DELAY1,AVAILABILITY_LOSS,HIGH,8,VERBOSE_TYPED,12,1.0,11.0,1.0,5.0,0.0,0.0,4.0,1.0,1.0,1.0,37.0,5.0,1.0,168.0,7.0,1.0,0.0
LIVE_EPISODIC,HYBRID,Q04_DELAY1,AVAILABILITY_LOSS,HIGH,12,COMPACT_TYPED,12,1.0,15.0,1.0,6.0,0.0,0.0,5.0,1.0,1.0,1.0,40.0,6.0,1.0,167.0,9.0,1.0,0.0
LIVE_EPISODIC,HYBRID,Q04_DELAY1,AVAILABILITY_LOSS,HIGH,12,VERBOSE_TYPED,12,1.0,15.0,1.0,6.0,0.0,0.0,5.0,1.0,1.0,1.0,43.0,6.0,1.0,168.0,9.0,1.0,0.0
LIVE_EPISODIC,HYBRID,Q04_DELAY1,AVAILABILITY_LOSS,LOW,4,COMPACT_TYPED,12,1.0,7.0,1.0,2.0,0.0,0.0,1.0,1.0,1.0,1.0,16.0,2.0,1.0,167.0,5.0,1.0,0.0
LIVE_EPISODIC,HYBRID,Q04_DELAY1,AVAILABILITY_LOSS,LOW,4,VERBOSE_TYPED,12,1.0,7.0,1.0,2.0,0.0,0.0,1.0,1.0,1.0,1.0,19.0,2.0,1.0,168.0,5.0,1.0,0.0
LIVE_EPISODIC,HYBRID,Q04_DELAY1,AVAILABILITY_LOSS,LOW,8,COMPACT_TYPED,12,1.0,11.0,1.0,5.0,0.0,0.0,4.0,1.0,1.0,1.0,34.0,5.0,1.0,167.0,7.0,1.0,0.0
LIVE_EPISODIC,HYBRID,Q04_DELAY1,AVAILABILITY_LOSS,LOW,8,VERBOSE_TYPED,12,1.0,11.0,1.0,5.0,0.0,0.0,4.0,1.0,1.0,1.0,37.0,5.0,1.0,168.0,7.0,1.0,0.0
LIVE_EPISODIC,HYBRID,Q04_DELAY1,AVAILABILITY_LOSS,LOW,12,COMPACT_TYPED,12,1.0,15.0,1.0,6.0,0.0,0.0,5.0,1.0,1.0,1.0,40.0,6.0,1.0,167.0,9.0,1.0,0.0
LIVE_EPISODIC,HYBRID,Q04_DELAY1,AVAILABILITY_LOSS,LOW,12,VERBOSE_TYPED,12,1.0,15.0,1.0,6.0,0.0,0.0,5.0,1.0,1.0,1.0,43.0,6.0,1.0,168.0,9.0,1.0,0.0
LIVE_EPISODIC,HYBRID,Q04_DELAY1,CONTROL_FAILURE,HIGH,4,COMPACT_TYPED,12,1.0,6.0,2.0,3.0,0.0,0.0,2.0,1.0,1.0,1.0,24.0,3.0,1.0,166.0,5.0,1.0,1.0
LIVE_EPISODIC,HYBRID,Q04_DELAY1,CONTROL_FAILURE,HIGH,4,VERBOSE_TYPED,12,1.0,6.0,2.0,3.0,0.0,0.0,2.0,1.0,1.0,1.0,27.0,3.0,1.0,167.0,5.0,1.0,1.0
LIVE_EPISODIC,HYBRID,Q04_DELAY1,CONTROL_FAILURE,HIGH,8,COMPACT_TYPED,12,1.0,10.0,2.0,5.0,0.0,0.0,4.0,1.0,1.0,1.0,36.0,5.0,1.0,166.0,7.0,1.0,1.0
LIVE_EPISODIC,HYBRID,Q04_DELAY1,CONTROL_FAILURE,HIGH,8,VERBOSE_TYPED,12,1.0,10.0,2.0,5.0,0.0,0.0,4.0,1.0,1.0,1.0,39.0,5.0,1.0,167.0,7.0,1.0,1.0
LIVE_EPISODIC,HYBRID,Q04_DELAY1,CONTROL_FAILURE,HIGH,12,COMPACT_TYPED,12,1.0,14.0,2.0,7.0,0.0,0.0,6.0,1.0,1.0,1.0,48.0,7.0,1.0,166.0,9.0,1.0,1.0
LIVE_EPISODIC,HYBRID,Q04_DELAY1,CONTROL_FAILURE,HIGH,12,VERBOSE_TYPED,12,1.0,14.0,2.0,7.0,0.0,0.0,6.0,1.0,1.0,1.0,51.0,7.0,1.0,167.0,9.0,1.0,1.0
LIVE_EPISODIC,HYBRID,Q04_DELAY1,CONTROL_FAILURE,LOW,4,COMPACT_TYPED,12,1.0,6.0,2.0,3.0,0.0,0.0,2.0,1.0,1.0,1.0,24.0,3.0,1.0,166.0,5.0,1.0,1.0
LIVE_EPISODIC,HYBRID,Q04_DELAY1,CONTROL_FAILURE,LOW,4,VERBOSE_TYPED,12,1.0,6.0,2.0,3.0,0.0,0.0,2.0,1.0,1.0,1.0,27.0,3.0,1.0,167.0,5.0,1.0,1.0
LIVE_EPISODIC,HYBRID,Q04_DELAY1,CONTROL_FAILURE,LOW,8,COMPACT_TYPED,12,1.0,10.0,2.0,5.0,0.0,0.0,4.0,1.0,1.0,1.0,36.0,5.0,1.0,166.0,7.0,1.0,1.0
LIVE_EPISODIC,HYBRID,Q04_DELAY1,CONTROL_FAILURE,LOW,8,VERBOSE_TYPED,12,1.0,10.0,2.0,5.0,0.0,0.0,4.0,1.0,1.0,1.0,39.0,5.0,1.0,167.0,7.0,1.0,1.0
LIVE_EPISODIC,HYBRID,Q04_DELAY1,CONTROL_FAILURE,LOW,12,COMPACT_TYPED,12,1.0,14.0,2.0,7.0,0.0,0.0,6.0,1.0,1.0,1.0,48.0,7.0,1.0,166.0,9.0,1.0,1.0
LIVE_EPISODIC,HYBRID,Q04_DELAY1,CONTROL_FAILURE,LOW,12,VERBOSE_TYPED,12,1.0,14.0,2.0,7.0,0.0,0.0,6.0,1.0,1.0,1.0,51.0,7.0,1.0,167.0,9.0,1.0,1.0
LIVE_EPISODIC,HYBRID,Q04_DELAY1,POSE_SHIFT,HIGH,4,COMPACT_TYPED,12,1.0,7.0,1.0,2.0,0.0,0.0,1.0,0.0,1.0,1.0,16.0,2.0,1.0,161.0,5.0,1.0,0.0
LIVE_EPISODIC,HYBRID,Q04_DELAY1,POSE_SHIFT,HIGH,4,VERBOSE_TYPED,12,1.0,7.0,1.0,2.0,0.0,0.0,1.0,0.0,1.0,1.0,19.0,2.0,1.0,162.0,5.0,1.0,0.0
LIVE_EPISODIC,HYBRID,Q04_DELAY1,POSE_SHIFT,HIGH,8,COMPACT_TYPED,12,1.0,11.0,1.0,5.0,0.0,0.0,4.0,0.0,1.0,1.0,34.0,5.0,1.0,161.0,7.0,1.0,0.0
LIVE_EPISODIC,HYBRID,Q04_DELAY1,POSE_SHIFT,HIGH,8,VERBOSE_TYPED,12,1.0,11.0,1.0,5.0,0.0,0.0,4.0,0.0,1.0,1.0,37.0,5.0,1.0,162.0,7.0,1.0,0.0
LIVE_EPISODIC,HYBRID,Q04_DELAY1,POSE_SHIFT,HIGH,12,COMPACT_TYPED,12,1.0,15.0,1.0,6.0,0.0,0.0,5.0,0.0,1.0,1.0,40.0,6.0,1.0,161.0,9.0,1.0,0.0
LIVE_EPISODIC,HYBRID,Q04_DELAY1,POSE_SHIFT,HIGH,12,VERBOSE_TYPED,12,1.0,15.0,1.0,6.0,0.0,0.0,5.0,0.0,1.0,1.0,43.0,6.0,1.0,162.0,9.0,1.0,0.0
LIVE_EPISODIC,HYBRID,Q04_DELAY1,POSE_SHIFT,LOW,4,COMPACT_TYPED,12,1.0,7.0,1.0,2.0,0.0,0.0,1.0,0.0,1.0,1.0,16.0,2.0,1.0,161.0,5.0,1.0,0.0
LIVE_EPISODIC,HYBRID,Q04_DELAY1,POSE_SHIFT,LOW,4,VERBOSE_TYPED,12,1.0,7.0,1.0,2.0,0.0,0.0,1.0,0.0,1.0,1.0,19.0,2.0,1.0,162.0,5.0,1.0,0.0
LIVE_EPISODIC,HYBRID,Q04_DELAY1,POSE_SHIFT,LOW,8,COMPACT_TYPED,12,1.0,11.0,1.0,5.0,0.0,0.0,4.0,0.0,1.0,1.0,34.0,5.0,1.0,161.0,7.0,1.0,0.0
LIVE_EPISODIC,HYBRID,Q04_DELAY1,POSE_SHIFT,LOW,8,VERBOSE_TYPED,12,1.0,11.0,1.0,5.0,0.0,0.0,4.0,0.0,1.0,1.0,37.0,5.0,1.0,162.0,7.0,1.0,0.0
LIVE_EPISODIC,HYBRID,Q04_DELAY1,POSE_SHIFT,LOW,12,COMPACT_TYPED,12,1.0,15.0,1.0,6.0,0.0,0.0,5.0,0.0,1.0,1.0,40.0,6.0,1.0,161.0,9.0,1.0,0.0
LIVE_EPISODIC,HYBRID,Q04_DELAY1,POSE_SHIFT,LOW,12,VERBOSE_TYPED,12,1.0,15.0,1.0,6.0,0.0,0.0,5.0,0.0,1.0,1.0,43.0,6.0,1.0,162.0,9.0,1.0,0.0
LIVE_EPISODIC,HYBRID,Q04_DELAY1,RESTRICTION_CHANGE,HIGH,4,COMPACT_TYPED,12,1.0,7.0,1.0,2.0,0.0,0.0,1.0,1.0,1.0,1.0,16.0,2.0,1.0,164.0,5.0,1.0,0.0
LIVE_EPISODIC,HYBRID,Q04_DELAY1,RESTRICTION_CHANGE,HIGH,4,VERBOSE_TYPED,12,1.0,7.0,1.0,2.0,0.0,0.0,1.0,1.0,1.0,1.0,19.0,2.0,1.0,165.0,5.0,1.0,0.0
LIVE_EPISODIC,HYBRID,Q04_DELAY1,RESTRICTION_CHANGE,HIGH,8,COMPACT_TYPED,12,1.0,11.0,1.0,5.0,0.0,0.0,4.0,1.0,1.0,1.0,34.0,5.0,1.0,164.0,7.0,1.0,0.0
LIVE_EPISODIC,HYBRID,Q04_DELAY1,RESTRICTION_CHANGE,HIGH,8,VERBOSE_TYPED,12,1.0,11.0,1.0,5.0,0.0,0.0,4.0,1.0,1.0,1.0,37.0,5.0,1.0,165.0,7.0,1.0,0.0
LIVE_EPISODIC,HYBRID,Q04_DELAY1,RESTRICTION_CHANGE,HIGH,12,COMPACT_TYPED,12,1.0,15.0,1.0,6.0,0.0,0.0,5.0,1.0,1.0,1.0,40.0,6.0,1.0,164.0,9.0,1.0,0.0
LIVE_EPISODIC,HYBRID,Q04_DELAY1,RESTRICTION_CHANGE,HIGH,12,VERBOSE_TYPED,12,1.0,15.0,1.0,6.0,0.0,0.0,5.0,1.0,1.0,1.0,43.0,6.0,1.0,165.0,9.0,1.0,0.0
LIVE_EPISODIC,HYBRID,Q04_DELAY1,RESTRICTION_CHANGE,LOW,4,COMPACT_TYPED,12,1.0,7.0,1.0,2.0,0.0,0.0,1.0,1.0,1.0,1.0,16.0,2.0,1.0,164.0,5.0,1.0,0.0
LIVE_EPISODIC,HYBRID,Q04_DELAY1,RESTRICTION_CHANGE,LOW,4,VERBOSE_TYPED,12,1.0,7.0,1.0,2.0,0.0,0.0,1.0,1.0,1.0,1.0,19.0,2.0,1.0,165.0,5.0,1.0,0.0
LIVE_EPISODIC,HYBRID,Q04_DELAY1,RESTRICTION_CHANGE,LOW,8,COMPACT_TYPED,12,1.0,11.0,1.0,5.0,0.0,0.0,4.0,1.0,1.0,1.0,34.0,5.0,1.0,164.0,7.0,1.0,0.0
LIVE_EPISODIC,HYBRID,Q04_DELAY1,RESTRICTION_CHANGE,LOW,8,VERBOSE_TYPED,12,1.0,11.0,1.0,5.0,0.0,0.0,4.0,1.0,1.0,1.0,37.0,5.0,1.0,165.0,7.0,1.0,0.0
LIVE_EPISODIC,HYBRID,Q04_DELAY1,RESTRICTION_CHANGE,LOW,12,COMPACT_TYPED,12,1.0,15.0,1.0,6.0,0.0,0.0,5.0,1.0,1.0,1.0,40.0,6.0,1.0,164.0,9.0,1.0,0.0
LIVE_EPISODIC,HYBRID,Q04_DELAY1,RESTRICTION_CHANGE,LOW,12,VERBOSE_TYPED,12,1.0,15.0,1.0,6.0,0.0,0.0,5.0,1.0,1.0,1.0,43.0,6.0,1.0,165.0,9.0,1.0,0.0
LIVE_EPISODIC,HYBRID,Q05_DELAY3,AVAILABILITY_LOSS,HIGH,4,COMPACT_TYPED,12,1.0,6.0,2.0,4.0,0.0,1.0,3.0,1.0,1.0,1.0,30.0,4.0,1.0,167.0,3.0,1.0,1.0
LIVE_EPISODIC,HYBRID,Q05_DELAY3,AVAILABILITY_LOSS,HIGH,4,VERBOSE_TYPED,12,1.0,6.0,2.0,4.0,0.0,1.0,3.0,1.0,1.0,1.0,33.0,4.0,1.0,168.0,3.0,1.0,1.0
LIVE_EPISODIC,HYBRID,Q05_DELAY3,AVAILABILITY_LOSS,HIGH,8,COMPACT_TYPED,12,1.0,10.0,2.0,5.0,0.0,1.0,4.0,1.0,1.0,1.0,36.0,5.0,1.0,167.0,5.0,1.0,1.0
LIVE_EPISODIC,HYBRID,Q05_DELAY3,AVAILABILITY_LOSS,HIGH,8,VERBOSE_TYPED,12,1.0,10.0,2.0,5.0,0.0,1.0,4.0,1.0,1.0,1.0,39.0,5.0,1.0,168.0,5.0,1.0,1.0
LIVE_EPISODIC,HYBRID,Q05_DELAY3,AVAILABILITY_LOSS,HIGH,12,COMPACT_TYPED,12,1.0,14.0,2.0,6.0,0.0,1.0,5.0,1.0,1.0,1.0,42.0,6.0,1.0,167.0,7.0,1.0,1.0
LIVE_EPISODIC,HYBRID,Q05_DELAY3,AVAILABILITY_LOSS,HIGH,12,VERBOSE_TYPED,12,1.0,14.0,2.0,6.0,0.0,1.0,5.0,1.0,1.0,1.0,45.0,6.0,1.0,168.0,7.0,1.0,1.0
LIVE_EPISODIC,HYBRID,Q05_DELAY3,AVAILABILITY_LOSS,LOW,4,COMPACT_TYPED,12,1.0,6.0,2.0,4.0,0.0,1.0,3.0,1.0,1.0,1.0,30.0,4.0,1.0,167.0,3.0,1.0,1.0
LIVE_EPISODIC,HYBRID,Q05_DELAY3,AVAILABILITY_LOSS,LOW,4,VERBOSE_TYPED,12,1.0,6.0,2.0,4.0,0.0,1.0,3.0,1.0,1.0,1.0,33.0,4.0,1.0,168.0,3.0,1.0,1.0
LIVE_EPISODIC,HYBRID,Q05_DELAY3,AVAILABILITY_LOSS,LOW,8,COMPACT_TYPED,12,1.0,10.0,2.0,5.0,0.0,1.0,4.0,1.0,1.0,1.0,36.0,5.0,1.0,167.0,5.0,1.0,1.0
LIVE_EPISODIC,HYBRID,Q05_DELAY3,AVAILABILITY_LOSS,LOW,8,VERBOSE_TYPED,12,1.0,10.0,2.0,5.0,0.0,1.0,4.0,1.0,1.0,1.0,39.0,5.0,1.0,168.0,5.0,1.0,1.0
LIVE_EPISODIC,HYBRID,Q05_DELAY3,AVAILABILITY_LOSS,LOW,12,COMPACT_TYPED,12,1.0,14.0,2.0,6.0,0.0,1.0,5.0,1.0,1.0,1.0,42.0,6.0,1.0,167.0,7.0,1.0,1.0
LIVE_EPISODIC,HYBRID,Q05_DELAY3,AVAILABILITY_LOSS,LOW,12,VERBOSE_TYPED,12,1.0,14.0,2.0,6.0,0.0,1.0,5.0,1.0,1.0,1.0,45.0,6.0,1.0,168.0,7.0,1.0,1.0
LIVE_EPISODIC,HYBRID,Q05_DELAY3,CONTROL_FAILURE,HIGH,4,COMPACT_TYPED,12,1.0,6.0,2.0,4.0,0.0,1.0,3.0,1.0,1.0,1.0,30.0,4.0,1.0,166.0,3.0,1.0,1.0
LIVE_EPISODIC,HYBRID,Q05_DELAY3,CONTROL_FAILURE,HIGH,4,VERBOSE_TYPED,12,1.0,6.0,2.0,4.0,0.0,1.0,3.0,1.0,1.0,1.0,33.0,4.0,1.0,167.0,3.0,1.0,1.0
LIVE_EPISODIC,HYBRID,Q05_DELAY3,CONTROL_FAILURE,HIGH,8,COMPACT_TYPED,12,1.0,10.0,2.0,5.0,0.0,1.0,4.0,1.0,1.0,1.0,36.0,5.0,1.0,166.0,5.0,1.0,1.0
LIVE_EPISODIC,HYBRID,Q05_DELAY3,CONTROL_FAILURE,HIGH,8,VERBOSE_TYPED,12,1.0,10.0,2.0,5.0,0.0,1.0,4.0,1.0,1.0,1.0,39.0,5.0,1.0,167.0,5.0,1.0,1.0
LIVE_EPISODIC,HYBRID,Q05_DELAY3,CONTROL_FAILURE,HIGH,12,COMPACT_TYPED,12,1.0,14.0,2.0,6.0,0.0,1.0,5.0,1.0,1.0,1.0,42.0,6.0,1.0,166.0,7.0,1.0,1.0
LIVE_EPISODIC,HYBRID,Q05_DELAY3,CONTROL_FAILURE,HIGH,12,VERBOSE_TYPED,12,1.0,14.0,2.0,6.0,0.0,1.0,5.0,1.0,1.0,1.0,45.0,6.0,1.0,167.0,7.0,1.0,1.0
LIVE_EPISODIC,HYBRID,Q05_DELAY3,CONTROL_FAILURE,LOW,4,COMPACT_TYPED,12,1.0,6.0,2.0,4.0,0.0,1.0,3.0,1.0,1.0,1.0,30.0,4.0,1.0,166.0,3.0,1.0,1.0
LIVE_EPISODIC,HYBRID,Q05_DELAY3,CONTROL_FAILURE,LOW,4,VERBOSE_TYPED,12,1.0,6.0,2.0,4.0,0.0,1.0,3.0,1.0,1.0,1.0,33.0,4.0,1.0,167.0,3.0,1.0,1.0
LIVE_EPISODIC,HYBRID,Q05_DELAY3,CONTROL_FAILURE,LOW,8,COMPACT_TYPED,12,1.0,10.0,2.0,5.0,0.0,1.0,4.0,1.0,1.0,1.0,36.0,5.0,1.0,166.0,5.0,1.0,1.0
LIVE_EPISODIC,HYBRID,Q05_DELAY3,CONTROL_FAILURE,LOW,8,VERBOSE_TYPED,12,1.0,10.0,2.0,5.0,0.0,1.0,4.0,1.0,1.0,1.0,39.0,5.0,1.0,167.0,5.0,1.0,1.0
LIVE_EPISODIC,HYBRID,Q05_DELAY3,CONTROL_FAILURE,LOW,12,COMPACT_TYPED,12,1.0,14.0,2.0,6.0,0.0,1.0,5.0,1.0,1.0,1.0,42.0,6.0,1.0,166.0,7.0,1.0,1.0
LIVE_EPISODIC,HYBRID,Q05_DELAY3,CONTROL_FAILURE,LOW,12,VERBOSE_TYPED,12,1.0,14.0,2.0,6.0,0.0,1.0,5.0,1.0,1.0,1.0,45.0,6.0,1.0,167.0,7.0,1.0,1.0
LIVE_EPISODIC,HYBRID,Q05_DELAY3,POSE_SHIFT,HIGH,4,COMPACT_TYPED,12,1.0,6.0,2.0,4.0,0.0,1.0,3.0,1.0,1.0,1.0,30.0,4.0,1.0,161.0,3.0,1.0,1.0
LIVE_EPISODIC,HYBRID,Q05_DELAY3,POSE_SHIFT,HIGH,4,VERBOSE_TYPED,12,1.0,6.0,2.0,4.0,0.0,1.0,3.0,1.0,1.0,1.0,33.0,4.0,1.0,162.0,3.0,1.0,1.0
LIVE_EPISODIC,HYBRID,Q05_DELAY3,POSE_SHIFT,HIGH,8,COMPACT_TYPED,12,1.0,10.0,2.0,5.0,0.0,1.0,4.0,1.0,1.0,1.0,36.0,5.0,1.0,161.0,5.0,1.0,1.0
LIVE_EPISODIC,HYBRID,Q05_DELAY3,POSE_SHIFT,HIGH,8,VERBOSE_TYPED,12,1.0,10.0,2.0,5.0,0.0,1.0,4.0,1.0,1.0,1.0,39.0,5.0,1.0,162.0,5.0,1.0,1.0
LIVE_EPISODIC,HYBRID,Q05_DELAY3,POSE_SHIFT,HIGH,12,COMPACT_TYPED,12,1.0,14.0,2.0,6.0,0.0,1.0,5.0,1.0,1.0,1.0,42.0,6.0,1.0,161.0,7.0,1.0,1.0
LIVE_EPISODIC,HYBRID,Q05_DELAY3,POSE_SHIFT,HIGH,12,VERBOSE_TYPED,12,1.0,14.0,2.0,6.0,0.0,1.0,5.0,1.0,1.0,1.0,45.0,6.0,1.0,162.0,7.0,1.0,1.0
LIVE_EPISODIC,HYBRID,Q05_DELAY3,POSE_SHIFT,LOW,4,COMPACT_TYPED,12,1.0,6.0,2.0,4.0,0.0,1.0,3.0,1.0,1.0,1.0,30.0,4.0,1.0,161.0,3.0,1.0,1.0
LIVE_EPISODIC,HYBRID,Q05_DELAY3,POSE_SHIFT,LOW,4,VERBOSE_TYPED,12,1.0,6.0,2.0,4.0,0.0,1.0,3.0,1.0,1.0,1.0,33.0,4.0,1.0,162.0,3.0,1.0,1.0
LIVE_EPISODIC,HYBRID,Q05_DELAY3,POSE_SHIFT,LOW,8,COMPACT_TYPED,12,1.0,10.0,2.0,5.0,0.0,1.0,4.0,1.0,1.0,1.0,36.0,5.0,1.0,161.0,5.0,1.0,1.0
LIVE_EPISODIC,HYBRID,Q05_DELAY3,POSE_SHIFT,LOW,8,VERBOSE_TYPED,12,1.0,10.0,2.0,5.0,0.0,1.0,4.0,1.0,1.0,1.0,39.0,5.0,1.0,162.0,5.0,1.0,1.0
LIVE_EPISODIC,HYBRID,Q05_DELAY3,POSE_SHIFT,LOW,12,COMPACT_TYPED,12,1.0,14.0,2.0,6.0,0.0,1.0,5.0,1.0,1.0,1.0,42.0,6.0,1.0,161.0,7.0,1.0,1.0
LIVE_EPISODIC,HYBRID,Q05_DELAY3,POSE_SHIFT,LOW,12,VERBOSE_TYPED,12,1.0,14.0,2.0,6.0,0.0,1.0,5.0,1.0,1.0,1.0,45.0,6.0,1.0,162.0,7.0,1.0,1.0
LIVE_EPISODIC,HYBRID,Q05_DELAY3,RESTRICTION_CHANGE,HIGH,4,COMPACT_TYPED,12,1.0,6.0,2.0,4.0,0.0,1.0,3.0,1.0,1.0,1.0,30.0,4.0,1.0,164.0,3.0,1.0,1.0
LIVE_EPISODIC,HYBRID,Q05_DELAY3,RESTRICTION_CHANGE,HIGH,4,VERBOSE_TYPED,12,1.0,6.0,2.0,4.0,0.0,1.0,3.0,1.0,1.0,1.0,33.0,4.0,1.0,165.0,3.0,1.0,1.0
LIVE_EPISODIC,HYBRID,Q05_DELAY3,RESTRICTION_CHANGE,HIGH,8,COMPACT_TYPED,12,1.0,10.0,2.0,5.0,0.0,1.0,4.0,1.0,1.0,1.0,36.0,5.0,1.0,164.0,5.0,1.0,1.0
LIVE_EPISODIC,HYBRID,Q05_DELAY3,RESTRICTION_CHANGE,HIGH,8,VERBOSE_TYPED,12,1.0,10.0,2.0,5.0,0.0,1.0,4.0,1.0,1.0,1.0,39.0,5.0,1.0,165.0,5.0,1.0,1.0
LIVE_EPISODIC,HYBRID,Q05_DELAY3,RESTRICTION_CHANGE,HIGH,12,COMPACT_TYPED,12,1.0,14.0,2.0,6.0,0.0,1.0,5.0,1.0,1.0,1.0,42.0,6.0,1.0,164.0,7.0,1.0,1.0
LIVE_EPISODIC,HYBRID,Q05_DELAY3,RESTRICTION_CHANGE,HIGH,12,VERBOSE_TYPED,12,1.0,14.0,2.0,6.0,0.0,1.0,5.0,1.0,1.0,1.0,45.0,6.0,1.0,165.0,7.0,1.0,1.0
LIVE_EPISODIC,HYBRID,Q05_DELAY3,RESTRICTION_CHANGE,LOW,4,COMPACT_TYPED,12,1.0,6.0,2.0,4.0,0.0,1.0,3.0,1.0,1.0,1.0,30.0,4.0,1.0,164.0,3.0,1.0,1.0
LIVE_EPISODIC,HYBRID,Q05_DELAY3,RESTRICTION_CHANGE,LOW,4,VERBOSE_TYPED,12,1.0,6.0,2.0,4.0,0.0,1.0,3.0,1.0,1.0,1.0,33.0,4.0,1.0,165.0,3.0,1.0,1.0
LIVE_EPISODIC,HYBRID,Q05_DELAY3,RESTRICTION_CHANGE,LOW,8,COMPACT_TYPED,12,1.0,10.0,2.0,5.0,0.0,1.0,4.0,1.0,1.0,1.0,36.0,5.0,1.0,164.0,5.0,1.0,1.0
LIVE_EPISODIC,HYBRID,Q05_DELAY3,RESTRICTION_CHANGE,LOW,8,VERBOSE_TYPED,12,1.0,10.0,2.0,5.0,0.0,1.0,4.0,1.0,1.0,1.0,39.0,5.0,1.0,165.0,5.0,1.0,1.0
LIVE_EPISODIC,HYBRID,Q05_DELAY3,RESTRICTION_CHANGE,LOW,12,COMPACT_TYPED,12,1.0,14.0,2.0,6.0,0.0,1.0,5.0,1.0,1.0,1.0,42.0,6.0,1.0,164.0,7.0,1.0,1.0
LIVE_EPISODIC,HYBRID,Q05_DELAY3,RESTRICTION_CHANGE,LOW,12,VERBOSE_TYPED,12,1.0,14.0,2.0,6.0,0.0,1.0,5.0,1.0,1.0,1.0,45.0,6.0,1.0,165.0,7.0,1.0,1.0
LIVE_EPISODIC,HYBRID,Q06_FALSE3,AVAILABILITY_LOSS,HIGH,4,COMPACT_TYPED,12,1.0,8.0,0.0,3.0,1.0,0.0,2.0,1.0,0.5,1.0,26.0,3.0,4.0,665.0,5.0,2.0,0.0
LIVE_EPISODIC,HYBRID,Q06_FALSE3,AVAILABILITY_LOSS,HIGH,4,VERBOSE_TYPED,12,1.0,8.0,0.0,3.0,1.0,0.0,2.0,1.0,0.5,1.0,38.0,3.0,4.0,669.0,5.0,2.0,0.0
LIVE_EPISODIC,HYBRID,Q06_FALSE3,AVAILABILITY_LOSS,HIGH,8,COMPACT_TYPED,12,1.0,12.0,0.0,6.0,1.0,0.0,5.0,1.0,0.5,1.0,44.0,6.0,4.0,665.0,7.0,2.0,0.0
LIVE_EPISODIC,HYBRID,Q06_FALSE3,AVAILABILITY_LOSS,HIGH,8,VERBOSE_TYPED,12,1.0,12.0,0.0,6.0,1.0,0.0,5.0,1.0,0.5,1.0,56.0,6.0,4.0,669.0,7.0,2.0,0.0
LIVE_EPISODIC,HYBRID,Q06_FALSE3,AVAILABILITY_LOSS,HIGH,12,COMPACT_TYPED,12,1.0,16.0,0.0,6.0,1.0,0.0,5.0,1.0,0.5,1.0,44.0,6.0,4.0,665.0,9.0,2.0,0.0
LIVE_EPISODIC,HYBRID,Q06_FALSE3,AVAILABILITY_LOSS,HIGH,12,VERBOSE_TYPED,12,1.0,16.0,0.0,6.0,1.0,0.0,5.0,1.0,0.5,1.0,56.0,6.0,4.0,669.0,9.0,2.0,0.0
LIVE_EPISODIC,HYBRID,Q06_FALSE3,AVAILABILITY_LOSS,LOW,4,COMPACT_TYPED,12,1.0,8.0,0.0,3.0,1.0,0.0,2.0,1.0,0.5,1.0,26.0,3.0,4.0,665.0,5.0,2.0,0.0
LIVE_EPISODIC,HYBRID,Q06_FALSE3,AVAILABILITY_LOSS,LOW,4,VERBOSE_TYPED,12,1.0,8.0,0.0,3.0,1.0,0.0,2.0,1.0,0.5,1.0,38.0,3.0,4.0,669.0,5.0,2.0,0.0
LIVE_EPISODIC,HYBRID,Q06_FALSE3,AVAILABILITY_LOSS,LOW,8,COMPACT_TYPED,12,1.0,12.0,0.0,6.0,1.0,0.0,5.0,1.0,0.5,1.0,44.0,6.0,4.0,665.0,7.0,2.0,0.0
LIVE_EPISODIC,HYBRID,Q06_FALSE3,AVAILABILITY_LOSS,LOW,8,VERBOSE_TYPED,12,1.0,12.0,0.0,6.0,1.0,0.0,5.0,1.0,0.5,1.0,56.0,6.0,4.0,669.0,7.0,2.0,0.0
LIVE_EPISODIC,HYBRID,Q06_FALSE3,AVAILABILITY_LOSS,LOW,12,COMPACT_TYPED,12,1.0,16.0,0.0,6.0,1.0,0.0,5.0,1.0,0.5,1.0,44.0,6.0,4.0,665.0,9.0,2.0,0.0
LIVE_EPISODIC,HYBRID,Q06_FALSE3,AVAILABILITY_LOSS,LOW,12,VERBOSE_TYPED,12,1.0,16.0,0.0,6.0,1.0,0.0,5.0,1.0,0.5,1.0,56.0,6.0,4.0,669.0,9.0,2.0,0.0
LIVE_EPISODIC,HYBRID,Q06_FALSE3,CONTROL_FAILURE,HIGH,4,COMPACT_TYPED,12,1.0,6.0,2.0,4.0,1.0,0.0,3.0,1.0,0.5,1.0,36.0,4.0,4.0,664.0,5.0,2.0,1.0
LIVE_EPISODIC,HYBRID,Q06_FALSE3,CONTROL_FAILURE,HIGH,4,VERBOSE_TYPED,12,1.0,6.0,2.0,4.0,1.0,0.0,3.0,1.0,0.5,1.0,48.0,4.0,4.0,668.0,5.0,2.0,1.0
LIVE_EPISODIC,HYBRID,Q06_FALSE3,CONTROL_FAILURE,HIGH,8,COMPACT_TYPED,12,1.0,10.0,2.0,6.0,1.0,0.0,5.0,1.0,0.5,1.0,48.0,6.0,4.0,664.0,7.0,2.0,1.0
LIVE_EPISODIC,HYBRID,Q06_FALSE3,CONTROL_FAILURE,HIGH,8,VERBOSE_TYPED,12,1.0,10.0,2.0,6.0,1.0,0.0,5.0,1.0,0.5,1.0,60.0,6.0,4.0,668.0,7.0,2.0,1.0
LIVE_EPISODIC,HYBRID,Q06_FALSE3,CONTROL_FAILURE,HIGH,12,COMPACT_TYPED,12,1.0,14.0,2.0,7.0,1.0,0.0,6.0,1.0,0.5,1.0,54.0,7.0,4.0,664.0,9.0,2.0,1.0
LIVE_EPISODIC,HYBRID,Q06_FALSE3,CONTROL_FAILURE,HIGH,12,VERBOSE_TYPED,12,1.0,14.0,2.0,7.0,1.0,0.0,6.0,1.0,0.5,1.0,66.0,7.0,4.0,668.0,9.0,2.0,1.0
LIVE_EPISODIC,HYBRID,Q06_FALSE3,CONTROL_FAILURE,LOW,4,COMPACT_TYPED,12,1.0,6.0,2.0,4.0,1.0,0.0,3.0,1.0,0.5,1.0,36.0,4.0,4.0,664.0,5.0,2.0,1.0
LIVE_EPISODIC,HYBRID,Q06_FALSE3,CONTROL_FAILURE,LOW,4,VERBOSE_TYPED,12,1.0,6.0,2.0,4.0,1.0,0.0,3.0,1.0,0.5,1.0,48.0,4.0,4.0,668.0,5.0,2.0,1.0
LIVE_EPISODIC,HYBRID,Q06_FALSE3,CONTROL_FAILURE,LOW,8,COMPACT_TYPED,12,1.0,10.0,2.0,6.0,1.0,0.0,5.0,1.0,0.5,1.0,48.0,6.0,4.0,664.0,7.0,2.0,1.0
LIVE_EPISODIC,HYBRID,Q06_FALSE3,CONTROL_FAILURE,LOW,8,VERBOSE_TYPED,12,1.0,10.0,2.0,6.0,1.0,0.0,5.0,1.0,0.5,1.0,60.0,6.0,4.0,668.0,7.0,2.0,1.0
LIVE_EPISODIC,HYBRID,Q06_FALSE3,CONTROL_FAILURE,LOW,12,COMPACT_TYPED,12,1.0,14.0,2.0,7.0,1.0,0.0,6.0,1.0,0.5,1.0,54.0,7.0,4.0,664.0,9.0,2.0,1.0
LIVE_EPISODIC,HYBRID,Q06_FALSE3,CONTROL_FAILURE,LOW,12,VERBOSE_TYPED,12,1.0,14.0,2.0,7.0,1.0,0.0,6.0,1.0,0.5,1.0,66.0,7.0,4.0,668.0,9.0,2.0,1.0
LIVE_EPISODIC,HYBRID,Q06_FALSE3,POSE_SHIFT,HIGH,4,COMPACT_TYPED,12,1.0,8.0,0.0,3.0,1.0,0.0,2.0,0.0,0.5,1.0,26.0,3.0,4.0,659.0,5.0,2.0,0.0
LIVE_EPISODIC,HYBRID,Q06_FALSE3,POSE_SHIFT,HIGH,4,VERBOSE_TYPED,12,1.0,8.0,0.0,3.0,1.0,0.0,2.0,0.0,0.5,1.0,38.0,3.0,4.0,663.0,5.0,2.0,0.0
LIVE_EPISODIC,HYBRID,Q06_FALSE3,POSE_SHIFT,HIGH,8,COMPACT_TYPED,12,1.0,12.0,0.0,6.0,1.0,0.0,5.0,0.0,0.5,1.0,44.0,6.0,4.0,659.0,7.0,2.0,0.0
LIVE_EPISODIC,HYBRID,Q06_FALSE3,POSE_SHIFT,HIGH,8,VERBOSE_TYPED,12,1.0,12.0,0.0,6.0,1.0,0.0,5.0,0.0,0.5,1.0,56.0,6.0,4.0,663.0,7.0,2.0,0.0
LIVE_EPISODIC,HYBRID,Q06_FALSE3,POSE_SHIFT,HIGH,12,COMPACT_TYPED,12,1.0,16.0,0.0,6.0,1.0,0.0,5.0,0.0,0.5,1.0,44.0,6.0,4.0,659.0,9.0,2.0,0.0
LIVE_EPISODIC,HYBRID,Q06_FALSE3,POSE_SHIFT,HIGH,12,VERBOSE_TYPED,12,1.0,16.0,0.0,6.0,1.0,0.0,5.0,0.0,0.5,1.0,56.0,6.0,4.0,663.0,9.0,2.0,0.0
LIVE_EPISODIC,HYBRID,Q06_FALSE3,POSE_SHIFT,LOW,4,COMPACT_TYPED,12,1.0,8.0,0.0,3.0,1.0,0.0,2.0,0.0,0.5,1.0,26.0,3.0,4.0,659.0,5.0,2.0,0.0
LIVE_EPISODIC,HYBRID,Q06_FALSE3,POSE_SHIFT,LOW,4,VERBOSE_TYPED,12,1.0,8.0,0.0,3.0,1.0,0.0,2.0,0.0,0.5,1.0,38.0,3.0,4.0,663.0,5.0,2.0,0.0
LIVE_EPISODIC,HYBRID,Q06_FALSE3,POSE_SHIFT,LOW,8,COMPACT_TYPED,12,1.0,12.0,0.0,6.0,1.0,0.0,5.0,0.0,0.5,1.0,44.0,6.0,4.0,659.0,7.0,2.0,0.0
LIVE_EPISODIC,HYBRID,Q06_FALSE3,POSE_SHIFT,LOW,8,VERBOSE_TYPED,12,1.0,12.0,0.0,6.0,1.0,0.0,5.0,0.0,0.5,1.0,56.0,6.0,4.0,663.0,7.0,2.0,0.0
LIVE_EPISODIC,HYBRID,Q06_FALSE3,POSE_SHIFT,LOW,12,COMPACT_TYPED,12,1.0,16.0,0.0,6.0,1.0,0.0,5.0,0.0,0.5,1.0,44.0,6.0,4.0,659.0,9.0,2.0,0.0
LIVE_EPISODIC,HYBRID,Q06_FALSE3,POSE_SHIFT,LOW,12,VERBOSE_TYPED,12,1.0,16.0,0.0,6.0,1.0,0.0,5.0,0.0,0.5,1.0,56.0,6.0,4.0,663.0,9.0,2.0,0.0
LIVE_EPISODIC,HYBRID,Q06_FALSE3,RESTRICTION_CHANGE,HIGH,4,COMPACT_TYPED,12,1.0,8.0,0.0,3.0,1.0,0.0,2.0,1.0,0.5,1.0,26.0,3.0,4.0,662.0,5.0,2.0,0.0
LIVE_EPISODIC,HYBRID,Q06_FALSE3,RESTRICTION_CHANGE,HIGH,4,VERBOSE_TYPED,12,1.0,8.0,0.0,3.0,1.0,0.0,2.0,1.0,0.5,1.0,38.0,3.0,4.0,666.0,5.0,2.0,0.0
LIVE_EPISODIC,HYBRID,Q06_FALSE3,RESTRICTION_CHANGE,HIGH,8,COMPACT_TYPED,12,1.0,12.0,0.0,6.0,1.0,0.0,5.0,1.0,0.5,1.0,44.0,6.0,4.0,662.0,7.0,2.0,0.0
LIVE_EPISODIC,HYBRID,Q06_FALSE3,RESTRICTION_CHANGE,HIGH,8,VERBOSE_TYPED,12,1.0,12.0,0.0,6.0,1.0,0.0,5.0,1.0,0.5,1.0,56.0,6.0,4.0,666.0,7.0,2.0,0.0
LIVE_EPISODIC,HYBRID,Q06_FALSE3,RESTRICTION_CHANGE,HIGH,12,COMPACT_TYPED,12,1.0,16.0,0.0,6.0,1.0,0.0,5.0,1.0,0.5,1.0,44.0,6.0,4.0,662.0,9.0,2.0,0.0
LIVE_EPISODIC,HYBRID,Q06_FALSE3,RESTRICTION_CHANGE,HIGH,12,VERBOSE_TYPED,12,1.0,16.0,0.0,6.0,1.0,0.0,5.0,1.0,0.5,1.0,56.0,6.0,4.0,666.0,9.0,2.0,0.0
LIVE_EPISODIC,HYBRID,Q06_FALSE3,RESTRICTION_CHANGE,LOW,4,COMPACT_TYPED,12,1.0,8.0,0.0,3.0,1.0,0.0,2.0,1.0,0.5,1.0,26.0,3.0,4.0,662.0,5.0,2.0,0.0
LIVE_EPISODIC,HYBRID,Q06_FALSE3,RESTRICTION_CHANGE,LOW,4,VERBOSE_TYPED,12,1.0,8.0,0.0,3.0,1.0,0.0,2.0,1.0,0.5,1.0,38.0,3.0,4.0,666.0,5.0,2.0,0.0
LIVE_EPISODIC,HYBRID,Q06_FALSE3,RESTRICTION_CHANGE,LOW,8,COMPACT_TYPED,12,1.0,12.0,0.0,6.0,1.0,0.0,5.0,1.0,0.5,1.0,44.0,6.0,4.0,662.0,7.0,2.0,0.0
LIVE_EPISODIC,HYBRID,Q06_FALSE3,RESTRICTION_CHANGE,LOW,8,VERBOSE_TYPED,12,1.0,12.0,0.0,6.0,1.0,0.0,5.0,1.0,0.5,1.0,56.0,6.0,4.0,666.0,7.0,2.0,0.0
LIVE_EPISODIC,HYBRID,Q06_FALSE3,RESTRICTION_CHANGE,LOW,12,COMPACT_TYPED,12,1.0,16.0,0.0,6.0,1.0,0.0,5.0,1.0,0.5,1.0,44.0,6.0,4.0,662.0,9.0,2.0,0.0
LIVE_EPISODIC,HYBRID,Q06_FALSE3,RESTRICTION_CHANGE,LOW,12,VERBOSE_TYPED,12,1.0,16.0,0.0,6.0,1.0,0.0,5.0,1.0,0.5,1.0,56.0,6.0,4.0,666.0,9.0,2.0,0.0
LIVE_EPISODIC,HYBRID,Q07_DUP_OOO,AVAILABILITY_LOSS,HIGH,4,COMPACT_TYPED,12,1.0,7.0,1.0,3.0,0.0,0.0,2.0,1.0,1.0,1.0,26.0,3.0,3.0,501.0,4.0,2.0,0.0
LIVE_EPISODIC,HYBRID,Q07_DUP_OOO,AVAILABILITY_LOSS,HIGH,4,VERBOSE_TYPED,12,1.0,7.0,1.0,3.0,0.0,0.0,2.0,1.0,1.0,1.0,35.0,3.0,3.0,504.0,4.0,2.0,0.0
LIVE_EPISODIC,HYBRID,Q07_DUP_OOO,AVAILABILITY_LOSS,HIGH,8,COMPACT_TYPED,12,1.0,11.0,1.0,5.0,0.0,0.0,4.0,1.0,1.0,1.0,38.0,5.0,3.0,501.0,6.0,2.0,0.0
LIVE_EPISODIC,HYBRID,Q07_DUP_OOO,AVAILABILITY_LOSS,HIGH,8,VERBOSE_TYPED,12,1.0,11.0,1.0,5.0,0.0,0.0,4.0,1.0,1.0,1.0,47.0,5.0,3.0,504.0,6.0,2.0,0.0
LIVE_EPISODIC,HYBRID,Q07_DUP_OOO,AVAILABILITY_LOSS,HIGH,12,COMPACT_TYPED,12,1.0,15.0,1.0,7.0,0.0,0.0,6.0,1.0,1.0,1.0,50.0,7.0,3.0,501.0,8.0,2.0,0.0
LIVE_EPISODIC,HYBRID,Q07_DUP_OOO,AVAILABILITY_LOSS,HIGH,12,VERBOSE_TYPED,12,1.0,15.0,1.0,7.0,0.0,0.0,6.0,1.0,1.0,1.0,59.0,7.0,3.0,504.0,8.0,2.0,0.0
LIVE_EPISODIC,HYBRID,Q07_DUP_OOO,AVAILABILITY_LOSS,LOW,4,COMPACT_TYPED,12,1.0,7.0,1.0,3.0,0.0,0.0,2.0,1.0,1.0,1.0,26.0,3.0,3.0,501.0,4.0,2.0,0.0
LIVE_EPISODIC,HYBRID,Q07_DUP_OOO,AVAILABILITY_LOSS,LOW,4,VERBOSE_TYPED,12,1.0,7.0,1.0,3.0,0.0,0.0,2.0,1.0,1.0,1.0,35.0,3.0,3.0,504.0,4.0,2.0,0.0
LIVE_EPISODIC,HYBRID,Q07_DUP_OOO,AVAILABILITY_LOSS,LOW,8,COMPACT_TYPED,12,1.0,11.0,1.0,5.0,0.0,0.0,4.0,1.0,1.0,1.0,38.0,5.0,3.0,501.0,6.0,2.0,0.0
LIVE_EPISODIC,HYBRID,Q07_DUP_OOO,AVAILABILITY_LOSS,LOW,8,VERBOSE_TYPED,12,1.0,11.0,1.0,5.0,0.0,0.0,4.0,1.0,1.0,1.0,47.0,5.0,3.0,504.0,6.0,2.0,0.0
LIVE_EPISODIC,HYBRID,Q07_DUP_OOO,AVAILABILITY_LOSS,LOW,12,COMPACT_TYPED,12,1.0,15.0,1.0,7.0,0.0,0.0,6.0,1.0,1.0,1.0,50.0,7.0,3.0,501.0,8.0,2.0,0.0
LIVE_EPISODIC,HYBRID,Q07_DUP_OOO,AVAILABILITY_LOSS,LOW,12,VERBOSE_TYPED,12,1.0,15.0,1.0,7.0,0.0,0.0,6.0,1.0,1.0,1.0,59.0,7.0,3.0,504.0,8.0,2.0,0.0
LIVE_EPISODIC,HYBRID,Q07_DUP_OOO,CONTROL_FAILURE,HIGH,4,COMPACT_TYPED,12,1.0,6.0,2.0,3.0,0.0,0.0,2.0,1.0,1.0,1.0,28.0,3.0,3.0,498.0,4.0,2.0,0.0
LIVE_EPISODIC,HYBRID,Q07_DUP_OOO,CONTROL_FAILURE,HIGH,4,VERBOSE_TYPED,12,1.0,6.0,2.0,3.0,0.0,0.0,2.0,1.0,1.0,1.0,37.0,3.0,3.0,501.0,4.0,2.0,0.0
LIVE_EPISODIC,HYBRID,Q07_DUP_OOO,CONTROL_FAILURE,HIGH,8,COMPACT_TYPED,12,1.0,10.0,2.0,5.0,0.0,0.0,4.0,1.0,1.0,1.0,40.0,5.0,3.0,498.0,6.0,2.0,0.0
LIVE_EPISODIC,HYBRID,Q07_DUP_OOO,CONTROL_FAILURE,HIGH,8,VERBOSE_TYPED,12,1.0,10.0,2.0,5.0,0.0,0.0,4.0,1.0,1.0,1.0,49.0,5.0,3.0,501.0,6.0,2.0,0.0
LIVE_EPISODIC,HYBRID,Q07_DUP_OOO,CONTROL_FAILURE,HIGH,12,COMPACT_TYPED,12,1.0,14.0,2.0,7.0,0.0,0.0,6.0,1.0,1.0,1.0,52.0,7.0,3.0,498.0,8.0,2.0,0.0
LIVE_EPISODIC,HYBRID,Q07_DUP_OOO,CONTROL_FAILURE,HIGH,12,VERBOSE_TYPED,12,1.0,14.0,2.0,7.0,0.0,0.0,6.0,1.0,1.0,1.0,61.0,7.0,3.0,501.0,8.0,2.0,0.0
LIVE_EPISODIC,HYBRID,Q07_DUP_OOO,CONTROL_FAILURE,LOW,4,COMPACT_TYPED,12,1.0,6.0,2.0,3.0,0.0,0.0,2.0,1.0,1.0,1.0,28.0,3.0,3.0,498.0,4.0,2.0,0.0
LIVE_EPISODIC,HYBRID,Q07_DUP_OOO,CONTROL_FAILURE,LOW,4,VERBOSE_TYPED,12,1.0,6.0,2.0,3.0,0.0,0.0,2.0,1.0,1.0,1.0,37.0,3.0,3.0,501.0,4.0,2.0,0.0
LIVE_EPISODIC,HYBRID,Q07_DUP_OOO,CONTROL_FAILURE,LOW,8,COMPACT_TYPED,12,1.0,10.0,2.0,5.0,0.0,0.0,4.0,1.0,1.0,1.0,40.0,5.0,3.0,498.0,6.0,2.0,0.0
LIVE_EPISODIC,HYBRID,Q07_DUP_OOO,CONTROL_FAILURE,LOW,8,VERBOSE_TYPED,12,1.0,10.0,2.0,5.0,0.0,0.0,4.0,1.0,1.0,1.0,49.0,5.0,3.0,501.0,6.0,2.0,0.0
LIVE_EPISODIC,HYBRID,Q07_DUP_OOO,CONTROL_FAILURE,LOW,12,COMPACT_TYPED,12,1.0,14.0,2.0,7.0,0.0,0.0,6.0,1.0,1.0,1.0,52.0,7.0,3.0,498.0,8.0,2.0,0.0
LIVE_EPISODIC,HYBRID,Q07_DUP_OOO,CONTROL_FAILURE,LOW,12,VERBOSE_TYPED,12,1.0,14.0,2.0,7.0,0.0,0.0,6.0,1.0,1.0,1.0,61.0,7.0,3.0,501.0,8.0,2.0,0.0
LIVE_EPISODIC,HYBRID,Q07_DUP_OOO,POSE_SHIFT,HIGH,4,COMPACT_TYPED,12,1.0,7.0,1.0,3.0,0.0,0.0,2.0,0.0,1.0,1.0,26.0,3.0,3.0,483.0,4.0,2.0,0.0
LIVE_EPISODIC,HYBRID,Q07_DUP_OOO,POSE_SHIFT,HIGH,4,VERBOSE_TYPED,12,1.0,7.0,1.0,3.0,0.0,0.0,2.0,0.0,1.0,1.0,35.0,3.0,3.0,486.0,4.0,2.0,0.0
LIVE_EPISODIC,HYBRID,Q07_DUP_OOO,POSE_SHIFT,HIGH,8,COMPACT_TYPED,12,1.0,11.0,1.0,5.0,0.0,0.0,4.0,0.0,1.0,1.0,38.0,5.0,3.0,483.0,6.0,2.0,0.0
LIVE_EPISODIC,HYBRID,Q07_DUP_OOO,POSE_SHIFT,HIGH,8,VERBOSE_TYPED,12,1.0,11.0,1.0,5.0,0.0,0.0,4.0,0.0,1.0,1.0,47.0,5.0,3.0,486.0,6.0,2.0,0.0
LIVE_EPISODIC,HYBRID,Q07_DUP_OOO,POSE_SHIFT,HIGH,12,COMPACT_TYPED,12,1.0,15.0,1.0,7.0,0.0,0.0,6.0,0.0,1.0,1.0,50.0,7.0,3.0,483.0,8.0,2.0,0.0
LIVE_EPISODIC,HYBRID,Q07_DUP_OOO,POSE_SHIFT,HIGH,12,VERBOSE_TYPED,12,1.0,15.0,1.0,7.0,0.0,0.0,6.0,0.0,1.0,1.0,59.0,7.0,3.0,486.0,8.0,2.0,0.0
LIVE_EPISODIC,HYBRID,Q07_DUP_OOO,POSE_SHIFT,LOW,4,COMPACT_TYPED,12,1.0,7.0,1.0,3.0,0.0,0.0,2.0,0.0,1.0,1.0,26.0,3.0,3.0,483.0,4.0,2.0,0.0
LIVE_EPISODIC,HYBRID,Q07_DUP_OOO,POSE_SHIFT,LOW,4,VERBOSE_TYPED,12,1.0,7.0,1.0,3.0,0.0,0.0,2.0,0.0,1.0,1.0,35.0,3.0,3.0,486.0,4.0,2.0,0.0
LIVE_EPISODIC,HYBRID,Q07_DUP_OOO,POSE_SHIFT,LOW,8,COMPACT_TYPED,12,1.0,11.0,1.0,5.0,0.0,0.0,4.0,0.0,1.0,1.0,38.0,5.0,3.0,483.0,6.0,2.0,0.0
LIVE_EPISODIC,HYBRID,Q07_DUP_OOO,POSE_SHIFT,LOW,8,VERBOSE_TYPED,12,1.0,11.0,1.0,5.0,0.0,0.0,4.0,0.0,1.0,1.0,47.0,5.0,3.0,486.0,6.0,2.0,0.0
LIVE_EPISODIC,HYBRID,Q07_DUP_OOO,POSE_SHIFT,LOW,12,COMPACT_TYPED,12,1.0,15.0,1.0,7.0,0.0,0.0,6.0,0.0,1.0,1.0,50.0,7.0,3.0,483.0,8.0,2.0,0.0
LIVE_EPISODIC,HYBRID,Q07_DUP_OOO,POSE_SHIFT,LOW,12,VERBOSE_TYPED,12,1.0,15.0,1.0,7.0,0.0,0.0,6.0,0.0,1.0,1.0,59.0,7.0,3.0,486.0,8.0,2.0,0.0
LIVE_EPISODIC,HYBRID,Q07_DUP_OOO,RESTRICTION_CHANGE,HIGH,4,COMPACT_TYPED,12,1.0,7.0,1.0,3.0,0.0,0.0,2.0,1.0,1.0,1.0,26.0,3.0,3.0,492.0,4.0,2.0,0.0
LIVE_EPISODIC,HYBRID,Q07_DUP_OOO,RESTRICTION_CHANGE,HIGH,4,VERBOSE_TYPED,12,1.0,7.0,1.0,3.0,0.0,0.0,2.0,1.0,1.0,1.0,35.0,3.0,3.0,495.0,4.0,2.0,0.0
LIVE_EPISODIC,HYBRID,Q07_DUP_OOO,RESTRICTION_CHANGE,HIGH,8,COMPACT_TYPED,12,1.0,11.0,1.0,5.0,0.0,0.0,4.0,1.0,1.0,1.0,38.0,5.0,3.0,492.0,6.0,2.0,0.0
LIVE_EPISODIC,HYBRID,Q07_DUP_OOO,RESTRICTION_CHANGE,HIGH,8,VERBOSE_TYPED,12,1.0,11.0,1.0,5.0,0.0,0.0,4.0,1.0,1.0,1.0,47.0,5.0,3.0,495.0,6.0,2.0,0.0
LIVE_EPISODIC,HYBRID,Q07_DUP_OOO,RESTRICTION_CHANGE,HIGH,12,COMPACT_TYPED,12,1.0,15.0,1.0,7.0,0.0,0.0,6.0,1.0,1.0,1.0,50.0,7.0,3.0,492.0,8.0,2.0,0.0
LIVE_EPISODIC,HYBRID,Q07_DUP_OOO,RESTRICTION_CHANGE,HIGH,12,VERBOSE_TYPED,12,1.0,15.0,1.0,7.0,0.0,0.0,6.0,1.0,1.0,1.0,59.0,7.0,3.0,495.0,8.0,2.0,0.0
LIVE_EPISODIC,HYBRID,Q07_DUP_OOO,RESTRICTION_CHANGE,LOW,4,COMPACT_TYPED,12,1.0,7.0,1.0,3.0,0.0,0.0,2.0,1.0,1.0,1.0,26.0,3.0,3.0,492.0,4.0,2.0,0.0
LIVE_EPISODIC,HYBRID,Q07_DUP_OOO,RESTRICTION_CHANGE,LOW,4,VERBOSE_TYPED,12,1.0,7.0,1.0,3.0,0.0,0.0,2.0,1.0,1.0,1.0,35.0,3.0,3.0,495.0,4.0,2.0,0.0
LIVE_EPISODIC,HYBRID,Q07_DUP_OOO,RESTRICTION_CHANGE,LOW,8,COMPACT_TYPED,12,1.0,11.0,1.0,5.0,0.0,0.0,4.0,1.0,1.0,1.0,38.0,5.0,3.0,492.0,6.0,2.0,0.0
LIVE_EPISODIC,HYBRID,Q07_DUP_OOO,RESTRICTION_CHANGE,LOW,8,VERBOSE_TYPED,12,1.0,11.0,1.0,5.0,0.0,0.0,4.0,1.0,1.0,1.0,47.0,5.0,3.0,495.0,6.0,2.0,0.0
LIVE_EPISODIC,HYBRID,Q07_DUP_OOO,RESTRICTION_CHANGE,LOW,12,COMPACT_TYPED,12,1.0,15.0,1.0,7.0,0.0,0.0,6.0,1.0,1.0,1.0,50.0,7.0,3.0,492.0,8.0,2.0,0.0
LIVE_EPISODIC,HYBRID,Q07_DUP_OOO,RESTRICTION_CHANGE,LOW,12,VERBOSE_TYPED,12,1.0,15.0,1.0,7.0,0.0,0.0,6.0,1.0,1.0,1.0,59.0,7.0,3.0,495.0,8.0,2.0,0.0
LIVE_EPISODIC,HYBRID,Q08_GUARDED,AVAILABILITY_LOSS,HIGH,4,COMPACT_TYPED,12,1.0,6.0,2.0,2.0,0.0,0.5,1.0,1.0,0.5,0.5,18.5,2.0,0.5,83.5,6.5,0.5,0.5
LIVE_EPISODIC,HYBRID,Q08_GUARDED,AVAILABILITY_LOSS,HIGH,4,VERBOSE_TYPED,12,1.0,6.0,2.0,2.0,0.0,0.5,1.0,1.0,0.5,0.5,24.5,2.0,0.5,84.0,6.5,0.5,0.5
LIVE_EPISODIC,HYBRID,Q08_GUARDED,AVAILABILITY_LOSS,HIGH,8,COMPACT_TYPED,12,1.0,10.75,1.25,4.0,0.0,0.25,3.0,1.0,0.75,0.75,29.75,4.0,0.75,125.25,8.25,0.75,0.25
LIVE_EPISODIC,HYBRID,Q08_GUARDED,AVAILABILITY_LOSS,HIGH,8,VERBOSE_TYPED,12,1.0,10.75,1.25,4.0,0.0,0.25,3.0,1.0,0.75,0.75,37.25,4.0,0.75,126.0,8.25,0.75,0.25
LIVE_EPISODIC,HYBRID,Q08_GUARDED,AVAILABILITY_LOSS,HIGH,12,COMPACT_TYPED,12,1.0,14.0,2.0,5.0,0.0,0.166667,4.0,1.0,0.833333,0.833333,38.5,5.0,1.833333,305.166667,8.333333,0.833333,0.166667
LIVE_EPISODIC,HYBRID,Q08_GUARDED,AVAILABILITY_LOSS,HIGH,12,VERBOSE_TYPED,12,1.0,14.0,2.0,5.0,0.0,0.166667,4.0,1.0,0.833333,0.833333,46.5,5.0,1.833333,307.0,8.333333,0.833333,0.166667
LIVE_EPISODIC,HYBRID,Q08_GUARDED,AVAILABILITY_LOSS,LOW,4,COMPACT_TYPED,12,1.0,6.666667,1.333333,2.0,0.0,0.166667,1.0,1.0,0.833333,0.833333,18.166667,2.0,0.833333,139.166667,5.5,0.833333,0.166667
LIVE_EPISODIC,HYBRID,Q08_GUARDED,AVAILABILITY_LOSS,LOW,4,VERBOSE_TYPED,12,1.0,6.666667,1.333333,2.0,0.0,0.166667,1.0,1.0,0.833333,0.833333,26.166667,2.0,0.833333,140.0,5.5,0.833333,0.166667
LIVE_EPISODIC,HYBRID,Q08_GUARDED,AVAILABILITY_LOSS,LOW,8,COMPACT_TYPED,12,1.0,10.75,1.25,4.0,0.0,0.25,3.0,1.0,0.75,0.75,29.75,4.0,0.75,125.25,8.25,0.75,0.25
LIVE_EPISODIC,HYBRID,Q08_GUARDED,AVAILABILITY_LOSS,LOW,8,VERBOSE_TYPED,12,1.0,10.75,1.25,4.0,0.0,0.25,3.0,1.0,0.75,0.75,37.25,4.0,0.75,126.0,8.25,0.75,0.25
LIVE_EPISODIC,HYBRID,Q08_GUARDED,AVAILABILITY_LOSS,LOW,12,COMPACT_TYPED,12,1.0,14.0,2.0,5.0,0.0,0.25,4.0,1.0,0.75,0.75,38.25,5.0,1.75,291.25,8.5,0.75,0.25
LIVE_EPISODIC,HYBRID,Q08_GUARDED,AVAILABILITY_LOSS,LOW,12,VERBOSE_TYPED,12,1.0,14.0,2.0,5.0,0.0,0.25,4.0,1.0,0.75,0.75,45.75,5.0,1.75,293.0,8.5,0.75,0.25
LIVE_EPISODIC,HYBRID,Q08_GUARDED,CONTROL_FAILURE,HIGH,4,COMPACT_TYPED,12,1.0,5.0,3.0,2.0,0.0,0.416667,1.0,1.0,0.583333,0.583333,20.75,2.0,0.583333,96.833333,6.25,0.583333,1.0
LIVE_EPISODIC,HYBRID,Q08_GUARDED,CONTROL_FAILURE,HIGH,4,VERBOSE_TYPED,12,1.0,5.0,3.0,2.0,0.0,0.416667,1.0,1.0,0.583333,0.583333,27.25,2.0,0.583333,97.416667,6.25,0.583333,1.0
LIVE_EPISODIC,HYBRID,Q08_GUARDED,CONTROL_FAILURE,HIGH,8,COMPACT_TYPED,12,1.0,9.166667,2.833333,4.833333,0.0,0.166667,3.833333,1.0,0.833333,0.833333,38.166667,4.833333,0.833333,138.333333,7.833333,0.833333,1.0
LIVE_EPISODIC,HYBRID,Q08_GUARDED,CONTROL_FAILURE,HIGH,8,VERBOSE_TYPED,12,1.0,9.166667,2.833333,4.833333,0.0,0.166667,3.833333,1.0,0.833333,0.833333,46.166667,4.833333,0.833333,139.166667,7.833333,0.833333,1.0
LIVE_EPISODIC,HYBRID,Q08_GUARDED,CONTROL_FAILURE,HIGH,12,COMPACT_TYPED,12,1.0,14.0,2.0,5.0,0.0,0.25,4.0,1.0,0.75,0.75,38.25,5.0,1.75,290.5,8.5,0.75,0.25
LIVE_EPISODIC,HYBRID,Q08_GUARDED,CONTROL_FAILURE,HIGH,12,VERBOSE_TYPED,12,1.0,14.0,2.0,5.0,0.0,0.25,4.0,1.0,0.75,0.75,45.75,5.0,1.75,292.25,8.5,0.75,0.25
LIVE_EPISODIC,HYBRID,Q08_GUARDED,CONTROL_FAILURE,LOW,4,COMPACT_TYPED,12,1.0,6.0,2.0,2.0,0.0,0.166667,1.0,1.0,0.833333,0.833333,19.5,2.0,0.833333,138.333333,5.5,0.833333,0.0
LIVE_EPISODIC,HYBRID,Q08_GUARDED,CONTROL_FAILURE,LOW,4,VERBOSE_TYPED,12,1.0,6.0,2.0,2.0,0.0,0.166667,1.0,1.0,0.833333,0.833333,27.5,2.0,0.833333,139.166667,5.5,0.833333,0.0
LIVE_EPISODIC,HYBRID,Q08_GUARDED,CONTROL_FAILURE,LOW,8,COMPACT_TYPED,12,1.0,10.0,2.0,4.0,0.0,0.25,3.0,1.0,0.75,0.75,31.25,4.0,0.75,124.5,8.25,0.75,0.25
LIVE_EPISODIC,HYBRID,Q08_GUARDED,CONTROL_FAILURE,LOW,8,VERBOSE_TYPED,12,1.0,10.0,2.0,4.0,0.0,0.25,3.0,1.0,0.75,0.75,38.75,4.0,0.75,125.25,8.25,0.75,0.25
LIVE_EPISODIC,HYBRID,Q08_GUARDED,CONTROL_FAILURE,LOW,12,COMPACT_TYPED,12,1.0,14.0,2.0,5.0,0.0,0.083333,4.0,1.0,0.916667,0.916667,38.75,5.0,1.916667,318.166667,8.166667,0.916667,0.083333
LIVE_EPISODIC,HYBRID,Q08_GUARDED,CONTROL_FAILURE,LOW,12,VERBOSE_TYPED,12,1.0,14.0,2.0,5.0,0.0,0.083333,4.0,1.0,0.916667,0.916667,47.25,5.0,1.916667,320.083333,8.166667,0.916667,0.083333
LIVE_EPISODIC,HYBRID,Q08_GUARDED,POSE_SHIFT,HIGH,4,COMPACT_TYPED,12,1.0,6.166667,1.833333,2.0,0.0,0.416667,1.0,0.416667,0.583333,0.583333,18.416667,2.0,0.583333,93.916667,6.25,0.583333,0.416667
LIVE_EPISODIC,HYBRID,Q08_GUARDED,POSE_SHIFT,HIGH,4,VERBOSE_TYPED,12,1.0,6.166667,1.833333,2.0,0.0,0.416667,1.0,0.416667,0.583333,0.583333,24.916667,2.0,0.583333,94.5,6.25,0.583333,0.416667
LIVE_EPISODIC,HYBRID,Q08_GUARDED,POSE_SHIFT,HIGH,8,COMPACT_TYPED,12,1.0,10.75,1.25,4.0,0.0,0.25,3.0,0.25,0.75,0.75,29.75,4.0,0.75,120.75,8.25,0.75,0.25
LIVE_EPISODIC,HYBRID,Q08_GUARDED,POSE_SHIFT,HIGH,8,VERBOSE_TYPED,12,1.0,10.75,1.25,4.0,0.0,0.25,3.0,0.25,0.75,0.75,37.25,4.0,0.75,121.5,8.25,0.75,0.25
LIVE_EPISODIC,HYBRID,Q08_GUARDED,POSE_SHIFT,HIGH,12,COMPACT_TYPED,12,1.0,14.0,2.0,5.0,0.0,0.333333,4.0,1.0,0.666667,0.666667,38.0,5.0,1.666667,273.333333,8.666667,0.666667,0.333333
LIVE_EPISODIC,HYBRID,Q08_GUARDED,POSE_SHIFT,HIGH,12,VERBOSE_TYPED,12,1.0,14.0,2.0,5.0,0.0,0.333333,4.0,1.0,0.666667,0.666667,45.0,5.0,1.666667,275.0,8.666667,0.666667,0.333333
LIVE_EPISODIC,HYBRID,Q08_GUARDED,POSE_SHIFT,LOW,4,COMPACT_TYPED,12,1.0,6.5,1.5,2.0,0.0,0.25,1.0,0.25,0.75,0.75,18.25,2.0,0.75,120.75,5.75,0.75,0.25
LIVE_EPISODIC,HYBRID,Q08_GUARDED,POSE_SHIFT,LOW,4,VERBOSE_TYPED,12,1.0,6.5,1.5,2.0,0.0,0.25,1.0,0.25,0.75,0.75,25.75,2.0,0.75,121.5,5.75,0.75,0.25
LIVE_EPISODIC,HYBRID,Q08_GUARDED,POSE_SHIFT,LOW,8,COMPACT_TYPED,12,1.0,10.833333,1.166667,4.0,0.0,0.166667,3.0,0.166667,0.833333,0.833333,29.833333,4.0,0.833333,134.166667,7.833333,0.833333,0.166667
LIVE_EPISODIC,HYBRID,Q08_GUARDED,POSE_SHIFT,LOW,8,VERBOSE_TYPED,12,1.0,10.833333,1.166667,4.0,0.0,0.166667,3.0,0.166667,0.833333,0.833333,37.833333,4.0,0.833333,135.0,7.833333,0.833333,0.166667
LIVE_EPISODIC,HYBRID,Q08_GUARDED,POSE_SHIFT,LOW,12,COMPACT_TYPED,12,1.0,14.0,2.0,5.0,0.0,0.333333,4.0,1.0,0.666667,0.666667,38.0,5.0,1.666667,273.333333,8.666667,0.666667,0.333333
LIVE_EPISODIC,HYBRID,Q08_GUARDED,POSE_SHIFT,LOW,12,VERBOSE_TYPED,12,1.0,14.0,2.0,5.0,0.0,0.333333,4.0,1.0,0.666667,0.666667,45.0,5.0,1.666667,275.0,8.666667,0.666667,0.333333
LIVE_EPISODIC,HYBRID,Q08_GUARDED,RESTRICTION_CHANGE,HIGH,4,COMPACT_TYPED,12,1.0,6.333333,1.666667,2.0,0.0,0.333333,1.0,1.0,0.666667,0.666667,18.333333,2.0,0.666667,109.333333,6.0,0.666667,0.333333
LIVE_EPISODIC,HYBRID,Q08_GUARDED,RESTRICTION_CHANGE,HIGH,4,VERBOSE_TYPED,12,1.0,6.333333,1.666667,2.0,0.0,0.333333,1.0,1.0,0.666667,0.666667,25.333333,2.0,0.666667,110.0,6.0,0.666667,0.333333
LIVE_EPISODIC,HYBRID,Q08_GUARDED,RESTRICTION_CHANGE,HIGH,8,COMPACT_TYPED,12,1.0,10.833333,1.166667,4.0,0.0,0.166667,3.0,1.0,0.833333,0.833333,29.833333,4.0,0.833333,136.666667,7.833333,0.833333,0.166667
LIVE_EPISODIC,HYBRID,Q08_GUARDED,RESTRICTION_CHANGE,HIGH,8,VERBOSE_TYPED,12,1.0,10.833333,1.166667,4.0,0.0,0.166667,3.0,1.0,0.833333,0.833333,37.833333,4.0,0.833333,137.5,7.833333,0.833333,0.166667
LIVE_EPISODIC,HYBRID,Q08_GUARDED,RESTRICTION_CHANGE,HIGH,12,COMPACT_TYPED,12,1.0,14.0,2.0,5.0,0.0,0.166667,4.0,1.0,0.833333,0.833333,38.5,5.0,1.833333,302.666667,8.333333,0.833333,0.166667
LIVE_EPISODIC,HYBRID,Q08_GUARDED,RESTRICTION_CHANGE,HIGH,12,VERBOSE_TYPED,12,1.0,14.0,2.0,5.0,0.0,0.166667,4.0,1.0,0.833333,0.833333,46.5,5.0,1.833333,304.5,8.333333,0.833333,0.166667
LIVE_EPISODIC,HYBRID,Q08_GUARDED,RESTRICTION_CHANGE,LOW,4,COMPACT_TYPED,12,1.0,6.666667,1.333333,2.0,0.0,0.166667,1.0,1.0,0.833333,0.833333,18.166667,2.0,0.833333,136.666667,5.5,0.833333,0.166667
LIVE_EPISODIC,HYBRID,Q08_GUARDED,RESTRICTION_CHANGE,LOW,4,VERBOSE_TYPED,12,1.0,6.666667,1.333333,2.0,0.0,0.166667,1.0,1.0,0.833333,0.833333,26.166667,2.0,0.833333,137.5,5.5,0.833333,0.166667
LIVE_EPISODIC,HYBRID,Q08_GUARDED,RESTRICTION_CHANGE,LOW,8,COMPACT_TYPED,12,1.0,10.833333,1.166667,4.0,0.0,0.166667,3.0,1.0,0.833333,0.833333,29.833333,4.0,0.833333,136.666667,7.833333,0.833333,0.166667
LIVE_EPISODIC,HYBRID,Q08_GUARDED,RESTRICTION_CHANGE,LOW,8,VERBOSE_TYPED,12,1.0,10.833333,1.166667,4.0,0.0,0.166667,3.0,1.0,0.833333,0.833333,37.833333,4.0,0.833333,137.5,7.833333,0.833333,0.166667
LIVE_EPISODIC,HYBRID,Q08_GUARDED,RESTRICTION_CHANGE,LOW,12,COMPACT_TYPED,12,1.0,14.0,2.0,5.0,0.0,0.166667,4.0,1.0,0.833333,0.833333,38.5,5.0,1.833333,302.666667,8.333333,0.833333,0.166667
LIVE_EPISODIC,HYBRID,Q08_GUARDED,RESTRICTION_CHANGE,LOW,12,VERBOSE_TYPED,12,1.0,14.0,2.0,5.0,0.0,0.166667,4.0,1.0,0.833333,0.833333,46.5,5.0,1.833333,304.5,8.333333,0.833333,0.166667
LIVE_EPISODIC,HYBRID,Q09_HOSTILE,AVAILABILITY_LOSS,HIGH,4,COMPACT_TYPED,12,0.0,3.0,5.0,2.0,0.0,1.0,1.0,1.0,0.0,0.0,26.5,2.0,1.0,166.0,5.0,0.0,1.0
LIVE_EPISODIC,HYBRID,Q09_HOSTILE,AVAILABILITY_LOSS,HIGH,4,VERBOSE_TYPED,12,0.0,3.0,5.0,2.0,0.0,1.0,1.0,1.0,0.0,0.0,37.0,2.0,1.0,167.0,5.0,0.0,1.0
LIVE_EPISODIC,HYBRID,Q09_HOSTILE,AVAILABILITY_LOSS,HIGH,8,COMPACT_TYPED,12,1.0,9.0,3.0,3.0,0.0,1.0,2.0,1.0,0.0,0.0,29.916667,3.0,1.166667,194.833333,7.916667,0.0,1.0
LIVE_EPISODIC,HYBRID,Q09_HOSTILE,AVAILABILITY_LOSS,HIGH,8,VERBOSE_TYPED,12,1.0,9.0,3.0,3.0,0.0,1.0,2.0,1.0,0.0,0.0,44.166667,3.0,1.166667,196.0,7.916667,0.0,1.0
LIVE_EPISODIC,HYBRID,Q09_HOSTILE,AVAILABILITY_LOSS,HIGH,12,COMPACT_TYPED,12,1.0,14.0,2.0,3.0,0.0,1.0,2.0,1.0,0.0,0.0,27.25,3.0,0.0,0.0,16.0,0.0,1.0
LIVE_EPISODIC,HYBRID,Q09_HOSTILE,AVAILABILITY_LOSS,HIGH,12,VERBOSE_TYPED,12,1.0,14.0,2.0,3.0,0.0,1.0,2.0,1.0,0.0,0.0,43.0,3.0,0.0,0.0,16.0,0.0,1.0
LIVE_EPISODIC,HYBRID,Q09_HOSTILE,AVAILABILITY_LOSS,LOW,4,COMPACT_TYPED,12,0.0,3.0,5.0,2.0,0.0,1.0,1.0,1.0,0.0,0.0,27.75,2.0,1.0,166.0,5.0,0.0,1.0
LIVE_EPISODIC,HYBRID,Q09_HOSTILE,AVAILABILITY_LOSS,LOW,4,VERBOSE_TYPED,12,0.0,3.0,5.0,2.0,0.0,1.0,1.0,1.0,0.0,0.0,42.0,2.0,1.0,167.0,5.0,0.0,1.0
LIVE_EPISODIC,HYBRID,Q09_HOSTILE,AVAILABILITY_LOSS,LOW,8,COMPACT_TYPED,12,1.0,9.0,3.0,3.0,0.0,1.0,2.0,1.0,0.0,0.0,29.916667,3.0,1.166667,194.833333,7.916667,0.0,1.0
LIVE_EPISODIC,HYBRID,Q09_HOSTILE,AVAILABILITY_LOSS,LOW,8,VERBOSE_TYPED,12,1.0,9.0,3.0,3.0,0.0,1.0,2.0,1.0,0.0,0.0,44.166667,3.0,1.166667,196.0,7.916667,0.0,1.0
LIVE_EPISODIC,HYBRID,Q09_HOSTILE,AVAILABILITY_LOSS,LOW,12,COMPACT_TYPED,12,1.0,14.0,2.0,3.0,0.0,1.0,2.0,1.0,0.0,0.0,26.25,3.0,0.0,0.0,16.0,0.0,1.0
LIVE_EPISODIC,HYBRID,Q09_HOSTILE,AVAILABILITY_LOSS,LOW,12,VERBOSE_TYPED,12,1.0,14.0,2.0,3.0,0.0,1.0,2.0,1.0,0.0,0.0,39.0,3.0,0.0,0.0,16.0,0.0,1.0
LIVE_EPISODIC,HYBRID,Q09_HOSTILE,CONTROL_FAILURE,HIGH,4,COMPACT_TYPED,12,1.0,5.0,3.0,1.0,0.0,1.0,1.0,0.0,0.0,0.0,17.5,1.0,1.0,166.0,5.0,0.0,0.0
LIVE_EPISODIC,HYBRID,Q09_HOSTILE,CONTROL_FAILURE,HIGH,4,VERBOSE_TYPED,12,1.0,5.0,3.0,1.0,0.0,1.0,1.0,0.0,0.0,0.0,31.0,1.0,1.0,167.0,5.0,0.0,0.0
LIVE_EPISODIC,HYBRID,Q09_HOSTILE,CONTROL_FAILURE,HIGH,8,COMPACT_TYPED,12,1.0,9.0,3.0,3.0,0.0,1.0,2.0,1.0,0.0,0.0,29.5,3.0,1.0,166.0,8.5,0.0,1.0
LIVE_EPISODIC,HYBRID,Q09_HOSTILE,CONTROL_FAILURE,HIGH,8,VERBOSE_TYPED,12,1.0,9.0,3.0,3.0,0.0,1.0,2.0,1.0,0.0,0.0,43.0,3.0,1.0,167.0,8.5,0.0,1.0
LIVE_EPISODIC,HYBRID,Q09_HOSTILE,CONTROL_FAILURE,HIGH,12,COMPACT_TYPED,12,1.0,14.0,2.0,3.0,0.0,1.0,2.0,1.0,0.0,0.0,26.25,3.0,0.0,0.0,16.0,0.0,1.0
LIVE_EPISODIC,HYBRID,Q09_HOSTILE,CONTROL_FAILURE,HIGH,12,VERBOSE_TYPED,12,1.0,14.0,2.0,3.0,0.0,1.0,2.0,1.0,0.0,0.0,39.0,3.0,0.0,0.0,16.0,0.0,1.0
LIVE_EPISODIC,HYBRID,Q09_HOSTILE,CONTROL_FAILURE,LOW,4,COMPACT_TYPED,12,1.0,6.0,2.0,1.0,0.0,1.0,1.0,0.0,0.0,0.0,15.5,1.0,1.0,166.0,5.0,0.0,0.0
LIVE_EPISODIC,HYBRID,Q09_HOSTILE,CONTROL_FAILURE,LOW,4,VERBOSE_TYPED,12,1.0,6.0,2.0,1.0,0.0,1.0,1.0,0.0,0.0,0.0,29.0,1.0,1.0,167.0,5.0,0.0,0.0
LIVE_EPISODIC,HYBRID,Q09_HOSTILE,CONTROL_FAILURE,LOW,8,COMPACT_TYPED,12,1.0,10.0,2.0,2.0,0.0,1.0,1.0,1.0,0.0,0.0,21.25,2.0,0.0,0.0,12.0,0.0,0.0
LIVE_EPISODIC,HYBRID,Q09_HOSTILE,CONTROL_FAILURE,LOW,8,VERBOSE_TYPED,12,1.0,10.0,2.0,2.0,0.0,1.0,1.0,1.0,0.0,0.0,37.0,2.0,0.0,0.0,12.0,0.0,0.0
LIVE_EPISODIC,HYBRID,Q09_HOSTILE,CONTROL_FAILURE,LOW,12,COMPACT_TYPED,12,1.0,14.0,2.0,3.0,0.0,1.0,2.0,1.0,0.0,0.0,26.75,3.0,0.0,0.0,16.0,0.0,1.0
LIVE_EPISODIC,HYBRID,Q09_HOSTILE,CONTROL_FAILURE,LOW,12,VERBOSE_TYPED,12,1.0,14.0,2.0,3.0,0.0,1.0,2.0,1.0,0.0,0.0,41.0,3.0,0.0,0.0,16.0,0.0,1.0
LIVE_EPISODIC,HYBRID,Q09_HOSTILE,POSE_SHIFT,HIGH,4,COMPACT_TYPED,12,0.0,3.0,5.0,2.0,0.0,1.0,1.0,1.0,0.0,0.0,27.75,2.0,1.0,166.0,5.0,0.0,1.0
LIVE_EPISODIC,HYBRID,Q09_HOSTILE,POSE_SHIFT,HIGH,4,VERBOSE_TYPED,12,0.0,3.0,5.0,2.0,0.0,1.0,1.0,1.0,0.0,0.0,42.0,2.0,1.0,167.0,5.0,0.0,1.0
LIVE_EPISODIC,HYBRID,Q09_HOSTILE,POSE_SHIFT,HIGH,8,COMPACT_TYPED,12,1.0,9.0,3.0,3.0,0.0,1.0,2.0,1.0,0.0,0.0,29.916667,3.0,1.166667,187.833333,7.916667,0.0,1.0
LIVE_EPISODIC,HYBRID,Q09_HOSTILE,POSE_SHIFT,HIGH,8,VERBOSE_TYPED,12,1.0,9.0,3.0,3.0,0.0,1.0,2.0,1.0,0.0,0.0,44.166667,3.0,1.166667,189.0,7.916667,0.0,1.0
LIVE_EPISODIC,HYBRID,Q09_HOSTILE,POSE_SHIFT,HIGH,12,COMPACT_TYPED,12,1.0,14.0,2.0,3.0,0.0,1.0,2.0,1.0,0.0,0.0,26.5,3.0,0.0,0.0,16.0,0.0,1.0
LIVE_EPISODIC,HYBRID,Q09_HOSTILE,POSE_SHIFT,HIGH,12,VERBOSE_TYPED,12,1.0,14.0,2.0,3.0,0.0,1.0,2.0,1.0,0.0,0.0,40.0,3.0,0.0,0.0,16.0,0.0,1.0
LIVE_EPISODIC,HYBRID,Q09_HOSTILE,POSE_SHIFT,LOW,4,COMPACT_TYPED,12,0.0,3.0,5.0,2.0,0.0,1.0,1.0,1.0,0.0,0.0,27.75,2.0,1.0,166.0,5.0,0.0,1.0
LIVE_EPISODIC,HYBRID,Q09_HOSTILE,POSE_SHIFT,LOW,4,VERBOSE_TYPED,12,0.0,3.0,5.0,2.0,0.0,1.0,1.0,1.0,0.0,0.0,42.0,2.0,1.0,167.0,5.0,0.0,1.0
LIVE_EPISODIC,HYBRID,Q09_HOSTILE,POSE_SHIFT,LOW,8,COMPACT_TYPED,12,1.0,9.0,3.0,3.0,0.0,1.0,2.0,1.0,0.0,0.0,29.916667,3.0,1.166667,187.833333,7.916667,0.0,1.0
LIVE_EPISODIC,HYBRID,Q09_HOSTILE,POSE_SHIFT,LOW,8,VERBOSE_TYPED,12,1.0,9.0,3.0,3.0,0.0,1.0,2.0,1.0,0.0,0.0,44.166667,3.0,1.166667,189.0,7.916667,0.0,1.0
LIVE_EPISODIC,HYBRID,Q09_HOSTILE,POSE_SHIFT,LOW,12,COMPACT_TYPED,12,1.0,14.0,2.0,3.0,0.0,1.0,2.0,1.0,0.0,0.0,26.0,3.0,0.0,0.0,16.0,0.0,1.0
LIVE_EPISODIC,HYBRID,Q09_HOSTILE,POSE_SHIFT,LOW,12,VERBOSE_TYPED,12,1.0,14.0,2.0,3.0,0.0,1.0,2.0,1.0,0.0,0.0,38.0,3.0,0.0,0.0,16.0,0.0,1.0
LIVE_EPISODIC,HYBRID,Q09_HOSTILE,RESTRICTION_CHANGE,HIGH,4,COMPACT_TYPED,12,0.0,3.0,5.0,2.0,0.0,1.0,1.0,1.0,0.0,0.0,27.25,2.0,1.0,166.0,5.0,0.0,1.0
LIVE_EPISODIC,HYBRID,Q09_HOSTILE,RESTRICTION_CHANGE,HIGH,4,VERBOSE_TYPED,12,0.0,3.0,5.0,2.0,0.0,1.0,1.0,1.0,0.0,0.0,40.0,2.0,1.0,167.0,5.0,0.0,1.0
LIVE_EPISODIC,HYBRID,Q09_HOSTILE,RESTRICTION_CHANGE,HIGH,8,COMPACT_TYPED,12,1.0,9.0,3.0,3.0,0.0,1.0,2.0,1.0,0.0,0.0,30.333333,3.0,1.333333,218.666667,7.333333,0.0,1.0
LIVE_EPISODIC,HYBRID,Q09_HOSTILE,RESTRICTION_CHANGE,HIGH,8,VERBOSE_TYPED,12,1.0,9.0,3.0,3.0,0.0,1.0,2.0,1.0,0.0,0.0,45.333333,3.0,1.333333,220.0,7.333333,0.0,1.0
LIVE_EPISODIC,HYBRID,Q09_HOSTILE,RESTRICTION_CHANGE,HIGH,12,COMPACT_TYPED,12,1.0,14.0,2.0,3.0,0.0,1.0,2.0,1.0,0.0,0.0,26.75,3.0,0.0,0.0,16.0,0.0,1.0
LIVE_EPISODIC,HYBRID,Q09_HOSTILE,RESTRICTION_CHANGE,HIGH,12,VERBOSE_TYPED,12,1.0,14.0,2.0,3.0,0.0,1.0,2.0,1.0,0.0,0.0,41.0,3.0,0.0,0.0,16.0,0.0,1.0
LIVE_EPISODIC,HYBRID,Q09_HOSTILE,RESTRICTION_CHANGE,LOW,4,COMPACT_TYPED,12,0.0,3.0,5.0,2.0,0.0,1.0,1.0,1.0,0.0,0.0,27.75,2.0,1.0,166.0,5.0,0.0,1.0
LIVE_EPISODIC,HYBRID,Q09_HOSTILE,RESTRICTION_CHANGE,LOW,4,VERBOSE_TYPED,12,0.0,3.0,5.0,2.0,0.0,1.0,1.0,1.0,0.0,0.0,42.0,2.0,1.0,167.0,5.0,0.0,1.0
LIVE_EPISODIC,HYBRID,Q09_HOSTILE,RESTRICTION_CHANGE,LOW,8,COMPACT_TYPED,12,1.0,9.0,3.0,3.0,0.0,1.0,2.0,1.0,0.0,0.0,29.916667,3.0,1.166667,191.333333,7.916667,0.0,1.0
LIVE_EPISODIC,HYBRID,Q09_HOSTILE,RESTRICTION_CHANGE,LOW,8,VERBOSE_TYPED,12,1.0,9.0,3.0,3.0,0.0,1.0,2.0,1.0,0.0,0.0,44.166667,3.0,1.166667,192.5,7.916667,0.0,1.0
LIVE_EPISODIC,HYBRID,Q09_HOSTILE,RESTRICTION_CHANGE,LOW,12,COMPACT_TYPED,12,1.0,14.0,2.0,3.0,0.0,1.0,2.0,1.0,0.0,0.0,27.25,3.0,0.0,0.0,16.0,0.0,1.0
LIVE_EPISODIC,HYBRID,Q09_HOSTILE,RESTRICTION_CHANGE,LOW,12,VERBOSE_TYPED,12,1.0,14.0,2.0,3.0,0.0,1.0,2.0,1.0,0.0,0.0,43.0,3.0,0.0,0.0,16.0,0.0,1.0
LIVE_EPISODIC,PERIODIC_ONLY,Q00_CLEAN,AVAILABILITY_LOSS,HIGH,4,COMPACT_TYPED,12,1.0,4.0,4.0,2.0,0.0,1.0,1.0,1.0,0.0,0.0,21.0,2.0,0.0,0.0,8.0,0.0,0.0
LIVE_EPISODIC,PERIODIC_ONLY,Q00_CLEAN,AVAILABILITY_LOSS,HIGH,4,VERBOSE_TYPED,12,1.0,4.0,4.0,2.0,0.0,1.0,1.0,1.0,0.0,0.0,24.0,2.0,0.0,0.0,8.0,0.0,0.0
LIVE_EPISODIC,PERIODIC_ONLY,Q00_CLEAN,AVAILABILITY_LOSS,HIGH,8,COMPACT_TYPED,12,1.0,10.0,2.0,4.0,0.0,1.0,3.0,1.0,0.0,0.0,29.0,4.0,0.0,0.0,12.0,0.0,0.0
LIVE_EPISODIC,PERIODIC_ONLY,Q00_CLEAN,AVAILABILITY_LOSS,HIGH,8,VERBOSE_TYPED,12,1.0,10.0,2.0,4.0,0.0,1.0,3.0,1.0,0.0,0.0,32.0,4.0,0.0,0.0,12.0,0.0,0.0
LIVE_EPISODIC,PERIODIC_ONLY,Q00_CLEAN,AVAILABILITY_LOSS,HIGH,12,COMPACT_TYPED,12,1.0,16.0,0.0,5.0,0.0,1.0,4.0,1.0,0.0,0.0,32.0,5.0,1.0,167.0,10.0,0.0,0.0
LIVE_EPISODIC,PERIODIC_ONLY,Q00_CLEAN,AVAILABILITY_LOSS,HIGH,12,VERBOSE_TYPED,12,1.0,16.0,0.0,5.0,0.0,1.0,4.0,1.0,0.0,0.0,35.0,5.0,1.0,168.0,10.0,0.0,0.0
LIVE_EPISODIC,PERIODIC_ONLY,Q00_CLEAN,AVAILABILITY_LOSS,LOW,4,COMPACT_TYPED,12,1.0,4.0,4.0,2.0,0.0,1.0,1.0,1.0,0.0,0.0,21.0,2.0,0.0,0.0,8.0,0.0,0.0
LIVE_EPISODIC,PERIODIC_ONLY,Q00_CLEAN,AVAILABILITY_LOSS,LOW,4,VERBOSE_TYPED,12,1.0,4.0,4.0,2.0,0.0,1.0,1.0,1.0,0.0,0.0,24.0,2.0,0.0,0.0,8.0,0.0,0.0
LIVE_EPISODIC,PERIODIC_ONLY,Q00_CLEAN,AVAILABILITY_LOSS,LOW,8,COMPACT_TYPED,12,1.0,10.0,2.0,4.0,0.0,1.0,3.0,1.0,0.0,0.0,29.0,4.0,0.0,0.0,12.0,0.0,0.0
LIVE_EPISODIC,PERIODIC_ONLY,Q00_CLEAN,AVAILABILITY_LOSS,LOW,8,VERBOSE_TYPED,12,1.0,10.0,2.0,4.0,0.0,1.0,3.0,1.0,0.0,0.0,32.0,4.0,0.0,0.0,12.0,0.0,0.0
LIVE_EPISODIC,PERIODIC_ONLY,Q00_CLEAN,AVAILABILITY_LOSS,LOW,12,COMPACT_TYPED,12,1.0,16.0,0.0,5.0,0.0,1.0,4.0,1.0,0.0,0.0,32.0,5.0,1.0,167.0,10.0,0.0,0.0
LIVE_EPISODIC,PERIODIC_ONLY,Q00_CLEAN,AVAILABILITY_LOSS,LOW,12,VERBOSE_TYPED,12,1.0,16.0,0.0,5.0,0.0,1.0,4.0,1.0,0.0,0.0,35.0,5.0,1.0,168.0,10.0,0.0,0.0
LIVE_EPISODIC,PERIODIC_ONLY,Q00_CLEAN,CONTROL_FAILURE,HIGH,4,COMPACT_TYPED,12,1.0,5.0,3.0,2.0,0.0,1.0,1.0,1.0,0.0,0.0,19.0,2.0,0.0,0.0,8.0,0.0,0.0
LIVE_EPISODIC,PERIODIC_ONLY,Q00_CLEAN,CONTROL_FAILURE,HIGH,4,VERBOSE_TYPED,12,1.0,5.0,3.0,2.0,0.0,1.0,1.0,1.0,0.0,0.0,22.0,2.0,0.0,0.0,8.0,0.0,0.0
LIVE_EPISODIC,PERIODIC_ONLY,Q00_CLEAN,CONTROL_FAILURE,HIGH,8,COMPACT_TYPED,12,1.0,10.0,2.0,4.0,0.0,1.0,3.0,1.0,0.0,0.0,29.0,4.0,0.0,0.0,12.0,0.0,0.0
LIVE_EPISODIC,PERIODIC_ONLY,Q00_CLEAN,CONTROL_FAILURE,HIGH,8,VERBOSE_TYPED,12,1.0,10.0,2.0,4.0,0.0,1.0,3.0,1.0,0.0,0.0,32.0,4.0,0.0,0.0,12.0,0.0,0.0
LIVE_EPISODIC,PERIODIC_ONLY,Q00_CLEAN,CONTROL_FAILURE,HIGH,12,COMPACT_TYPED,12,1.0,13.0,3.0,5.0,0.0,1.0,4.0,1.0,0.0,0.0,38.0,5.0,1.0,166.0,10.0,0.0,0.0
LIVE_EPISODIC,PERIODIC_ONLY,Q00_CLEAN,CONTROL_FAILURE,HIGH,12,VERBOSE_TYPED,12,1.0,13.0,3.0,5.0,0.0,1.0,4.0,1.0,0.0,0.0,41.0,5.0,1.0,167.0,10.0,0.0,0.0
LIVE_EPISODIC,PERIODIC_ONLY,Q00_CLEAN,CONTROL_FAILURE,LOW,4,COMPACT_TYPED,12,1.0,6.0,2.0,2.0,0.0,1.0,1.0,1.0,0.0,0.0,17.0,2.0,0.0,0.0,8.0,0.0,0.0
LIVE_EPISODIC,PERIODIC_ONLY,Q00_CLEAN,CONTROL_FAILURE,LOW,4,VERBOSE_TYPED,12,1.0,6.0,2.0,2.0,0.0,1.0,1.0,1.0,0.0,0.0,20.0,2.0,0.0,0.0,8.0,0.0,0.0
LIVE_EPISODIC,PERIODIC_ONLY,Q00_CLEAN,CONTROL_FAILURE,LOW,8,COMPACT_TYPED,12,1.0,10.0,2.0,4.0,0.0,1.0,3.0,1.0,0.0,0.0,29.0,4.0,0.0,0.0,12.0,0.0,0.0
LIVE_EPISODIC,PERIODIC_ONLY,Q00_CLEAN,CONTROL_FAILURE,LOW,8,VERBOSE_TYPED,12,1.0,10.0,2.0,4.0,0.0,1.0,3.0,1.0,0.0,0.0,32.0,4.0,0.0,0.0,12.0,0.0,0.0
LIVE_EPISODIC,PERIODIC_ONLY,Q00_CLEAN,CONTROL_FAILURE,LOW,12,COMPACT_TYPED,12,1.0,14.0,2.0,5.0,0.0,1.0,4.0,1.0,0.0,0.0,36.0,5.0,1.0,166.0,10.0,0.0,0.0
LIVE_EPISODIC,PERIODIC_ONLY,Q00_CLEAN,CONTROL_FAILURE,LOW,12,VERBOSE_TYPED,12,1.0,14.0,2.0,5.0,0.0,1.0,4.0,1.0,0.0,0.0,39.0,5.0,1.0,167.0,10.0,0.0,0.0
LIVE_EPISODIC,PERIODIC_ONLY,Q00_CLEAN,POSE_SHIFT,HIGH,4,COMPACT_TYPED,12,1.0,4.0,4.0,2.0,0.0,1.0,1.0,1.0,0.0,0.0,21.0,2.0,0.0,0.0,8.0,0.0,0.0
LIVE_EPISODIC,PERIODIC_ONLY,Q00_CLEAN,POSE_SHIFT,HIGH,4,VERBOSE_TYPED,12,1.0,4.0,4.0,2.0,0.0,1.0,1.0,1.0,0.0,0.0,24.0,2.0,0.0,0.0,8.0,0.0,0.0
LIVE_EPISODIC,PERIODIC_ONLY,Q00_CLEAN,POSE_SHIFT,HIGH,8,COMPACT_TYPED,12,1.0,10.0,2.0,4.0,0.0,1.0,3.0,1.0,0.0,0.0,29.0,4.0,0.0,0.0,12.0,0.0,0.0
LIVE_EPISODIC,PERIODIC_ONLY,Q00_CLEAN,POSE_SHIFT,HIGH,8,VERBOSE_TYPED,12,1.0,10.0,2.0,4.0,0.0,1.0,3.0,1.0,0.0,0.0,32.0,4.0,0.0,0.0,12.0,0.0,0.0
LIVE_EPISODIC,PERIODIC_ONLY,Q00_CLEAN,POSE_SHIFT,HIGH,12,COMPACT_TYPED,12,1.0,16.0,0.0,5.0,0.0,1.0,4.0,0.0,0.0,0.0,32.0,5.0,1.0,161.0,10.0,0.0,0.0
LIVE_EPISODIC,PERIODIC_ONLY,Q00_CLEAN,POSE_SHIFT,HIGH,12,VERBOSE_TYPED,12,1.0,16.0,0.0,5.0,0.0,1.0,4.0,0.0,0.0,0.0,35.0,5.0,1.0,162.0,10.0,0.0,0.0
LIVE_EPISODIC,PERIODIC_ONLY,Q00_CLEAN,POSE_SHIFT,LOW,4,COMPACT_TYPED,12,1.0,4.0,4.0,2.0,0.0,1.0,1.0,1.0,0.0,0.0,21.0,2.0,0.0,0.0,8.0,0.0,0.0
LIVE_EPISODIC,PERIODIC_ONLY,Q00_CLEAN,POSE_SHIFT,LOW,4,VERBOSE_TYPED,12,1.0,4.0,4.0,2.0,0.0,1.0,1.0,1.0,0.0,0.0,24.0,2.0,0.0,0.0,8.0,0.0,0.0
LIVE_EPISODIC,PERIODIC_ONLY,Q00_CLEAN,POSE_SHIFT,LOW,8,COMPACT_TYPED,12,1.0,10.0,2.0,4.0,0.0,1.0,3.0,1.0,0.0,0.0,29.0,4.0,0.0,0.0,12.0,0.0,0.0
LIVE_EPISODIC,PERIODIC_ONLY,Q00_CLEAN,POSE_SHIFT,LOW,8,VERBOSE_TYPED,12,1.0,10.0,2.0,4.0,0.0,1.0,3.0,1.0,0.0,0.0,32.0,4.0,0.0,0.0,12.0,0.0,0.0
LIVE_EPISODIC,PERIODIC_ONLY,Q00_CLEAN,POSE_SHIFT,LOW,12,COMPACT_TYPED,12,1.0,16.0,0.0,5.0,0.0,1.0,4.0,0.0,0.0,0.0,32.0,5.0,1.0,161.0,10.0,0.0,0.0
LIVE_EPISODIC,PERIODIC_ONLY,Q00_CLEAN,POSE_SHIFT,LOW,12,VERBOSE_TYPED,12,1.0,16.0,0.0,5.0,0.0,1.0,4.0,0.0,0.0,0.0,35.0,5.0,1.0,162.0,10.0,0.0,0.0
LIVE_EPISODIC,PERIODIC_ONLY,Q00_CLEAN,RESTRICTION_CHANGE,HIGH,4,COMPACT_TYPED,12,1.0,4.0,4.0,2.0,0.0,1.0,1.0,1.0,0.0,0.0,21.0,2.0,0.0,0.0,8.0,0.0,0.0
LIVE_EPISODIC,PERIODIC_ONLY,Q00_CLEAN,RESTRICTION_CHANGE,HIGH,4,VERBOSE_TYPED,12,1.0,4.0,4.0,2.0,0.0,1.0,1.0,1.0,0.0,0.0,24.0,2.0,0.0,0.0,8.0,0.0,0.0
LIVE_EPISODIC,PERIODIC_ONLY,Q00_CLEAN,RESTRICTION_CHANGE,HIGH,8,COMPACT_TYPED,12,1.0,10.0,2.0,4.0,0.0,1.0,3.0,1.0,0.0,0.0,29.0,4.0,0.0,0.0,12.0,0.0,0.0
LIVE_EPISODIC,PERIODIC_ONLY,Q00_CLEAN,RESTRICTION_CHANGE,HIGH,8,VERBOSE_TYPED,12,1.0,10.0,2.0,4.0,0.0,1.0,3.0,1.0,0.0,0.0,32.0,4.0,0.0,0.0,12.0,0.0,0.0
LIVE_EPISODIC,PERIODIC_ONLY,Q00_CLEAN,RESTRICTION_CHANGE,HIGH,12,COMPACT_TYPED,12,1.0,16.0,0.0,5.0,0.0,1.0,4.0,1.0,0.0,0.0,32.0,5.0,1.0,164.0,10.0,0.0,0.0
LIVE_EPISODIC,PERIODIC_ONLY,Q00_CLEAN,RESTRICTION_CHANGE,HIGH,12,VERBOSE_TYPED,12,1.0,16.0,0.0,5.0,0.0,1.0,4.0,1.0,0.0,0.0,35.0,5.0,1.0,165.0,10.0,0.0,0.0
LIVE_EPISODIC,PERIODIC_ONLY,Q00_CLEAN,RESTRICTION_CHANGE,LOW,4,COMPACT_TYPED,12,1.0,4.0,4.0,2.0,0.0,1.0,1.0,1.0,0.0,0.0,21.0,2.0,0.0,0.0,8.0,0.0,0.0
LIVE_EPISODIC,PERIODIC_ONLY,Q00_CLEAN,RESTRICTION_CHANGE,LOW,4,VERBOSE_TYPED,12,1.0,4.0,4.0,2.0,0.0,1.0,1.0,1.0,0.0,0.0,24.0,2.0,0.0,0.0,8.0,0.0,0.0
LIVE_EPISODIC,PERIODIC_ONLY,Q00_CLEAN,RESTRICTION_CHANGE,LOW,8,COMPACT_TYPED,12,1.0,10.0,2.0,4.0,0.0,1.0,3.0,1.0,0.0,0.0,29.0,4.0,0.0,0.0,12.0,0.0,0.0
LIVE_EPISODIC,PERIODIC_ONLY,Q00_CLEAN,RESTRICTION_CHANGE,LOW,8,VERBOSE_TYPED,12,1.0,10.0,2.0,4.0,0.0,1.0,3.0,1.0,0.0,0.0,32.0,4.0,0.0,0.0,12.0,0.0,0.0
LIVE_EPISODIC,PERIODIC_ONLY,Q00_CLEAN,RESTRICTION_CHANGE,LOW,12,COMPACT_TYPED,12,1.0,16.0,0.0,5.0,0.0,1.0,4.0,1.0,0.0,0.0,32.0,5.0,1.0,164.0,10.0,0.0,0.0
LIVE_EPISODIC,PERIODIC_ONLY,Q00_CLEAN,RESTRICTION_CHANGE,LOW,12,VERBOSE_TYPED,12,1.0,16.0,0.0,5.0,0.0,1.0,4.0,1.0,0.0,0.0,35.0,5.0,1.0,165.0,10.0,0.0,0.0
LIVE_EPISODIC,PERIODIC_ONLY,Q01_RECALL75,AVAILABILITY_LOSS,HIGH,4,COMPACT_TYPED,12,1.0,4.0,4.0,2.0,0.0,1.0,1.0,1.0,0.0,0.0,20.5,2.0,0.0,0.0,8.0,0.0,0.0
LIVE_EPISODIC,PERIODIC_ONLY,Q01_RECALL75,AVAILABILITY_LOSS,HIGH,4,VERBOSE_TYPED,12,1.0,4.0,4.0,2.0,0.0,1.0,1.0,1.0,0.0,0.0,22.0,2.0,0.0,0.0,8.0,0.0,0.0
LIVE_EPISODIC,PERIODIC_ONLY,Q01_RECALL75,AVAILABILITY_LOSS,HIGH,8,COMPACT_TYPED,12,1.0,10.0,2.0,4.0,0.0,1.0,3.0,1.0,0.0,0.0,28.75,4.0,0.0,0.0,12.0,0.0,0.0
LIVE_EPISODIC,PERIODIC_ONLY,Q01_RECALL75,AVAILABILITY_LOSS,HIGH,8,VERBOSE_TYPED,12,1.0,10.0,2.0,4.0,0.0,1.0,3.0,1.0,0.0,0.0,31.0,4.0,0.0,0.0,12.0,0.0,0.0
LIVE_EPISODIC,PERIODIC_ONLY,Q01_RECALL75,AVAILABILITY_LOSS,HIGH,12,COMPACT_TYPED,12,1.0,15.5,0.5,5.0,0.0,1.0,4.0,1.0,0.0,0.0,32.666667,5.0,0.833333,139.166667,11.0,0.0,0.0
LIVE_EPISODIC,PERIODIC_ONLY,Q01_RECALL75,AVAILABILITY_LOSS,HIGH,12,VERBOSE_TYPED,12,1.0,15.5,0.5,5.0,0.0,1.0,4.0,1.0,0.0,0.0,35.166667,5.0,0.833333,140.0,11.0,0.0,0.0
LIVE_EPISODIC,PERIODIC_ONLY,Q01_RECALL75,AVAILABILITY_LOSS,LOW,4,COMPACT_TYPED,12,1.0,4.0,4.0,2.0,0.0,1.0,1.0,1.0,0.0,0.0,20.833333,2.0,0.0,0.0,8.0,0.0,0.0
LIVE_EPISODIC,PERIODIC_ONLY,Q01_RECALL75,AVAILABILITY_LOSS,LOW,4,VERBOSE_TYPED,12,1.0,4.0,4.0,2.0,0.0,1.0,1.0,1.0,0.0,0.0,23.333333,2.0,0.0,0.0,8.0,0.0,0.0
LIVE_EPISODIC,PERIODIC_ONLY,Q01_RECALL75,AVAILABILITY_LOSS,LOW,8,COMPACT_TYPED,12,1.0,10.0,2.0,4.0,0.0,1.0,3.0,1.0,0.0,0.0,28.75,4.0,0.0,0.0,12.0,0.0,0.0
LIVE_EPISODIC,PERIODIC_ONLY,Q01_RECALL75,AVAILABILITY_LOSS,LOW,8,VERBOSE_TYPED,12,1.0,10.0,2.0,4.0,0.0,1.0,3.0,1.0,0.0,0.0,31.0,4.0,0.0,0.0,12.0,0.0,0.0
LIVE_EPISODIC,PERIODIC_ONLY,Q01_RECALL75,AVAILABILITY_LOSS,LOW,12,COMPACT_TYPED,12,1.0,15.25,0.75,5.0,0.0,1.0,4.0,1.0,0.0,0.0,33.0,5.0,0.75,125.25,11.5,0.0,0.0
LIVE_EPISODIC,PERIODIC_ONLY,Q01_RECALL75,AVAILABILITY_LOSS,LOW,12,VERBOSE_TYPED,12,1.0,15.25,0.75,5.0,0.0,1.0,4.0,1.0,0.0,0.0,35.25,5.0,0.75,126.0,11.5,0.0,0.0
LIVE_EPISODIC,PERIODIC_ONLY,Q01_RECALL75,CONTROL_FAILURE,HIGH,4,COMPACT_TYPED,12,1.0,5.0,3.0,2.0,0.0,1.0,1.0,1.0,0.0,0.0,18.583333,2.0,0.0,0.0,8.0,0.0,0.0
LIVE_EPISODIC,PERIODIC_ONLY,Q01_RECALL75,CONTROL_FAILURE,HIGH,4,VERBOSE_TYPED,12,1.0,5.0,3.0,2.0,0.0,1.0,1.0,1.0,0.0,0.0,20.333333,2.0,0.0,0.0,8.0,0.0,0.0
LIVE_EPISODIC,PERIODIC_ONLY,Q01_RECALL75,CONTROL_FAILURE,HIGH,8,COMPACT_TYPED,12,1.0,10.0,2.0,4.0,0.0,1.0,3.0,1.0,0.0,0.0,28.833333,4.0,0.0,0.0,12.0,0.0,0.0
LIVE_EPISODIC,PERIODIC_ONLY,Q01_RECALL75,CONTROL_FAILURE,HIGH,8,VERBOSE_TYPED,12,1.0,10.0,2.0,4.0,0.0,1.0,3.0,1.0,0.0,0.0,31.333333,4.0,0.0,0.0,12.0,0.0,0.0
LIVE_EPISODIC,PERIODIC_ONLY,Q01_RECALL75,CONTROL_FAILURE,HIGH,12,COMPACT_TYPED,12,1.0,13.0,3.0,5.0,0.0,1.0,4.0,1.0,0.0,0.0,37.5,5.0,0.75,124.5,11.5,0.0,0.0
LIVE_EPISODIC,PERIODIC_ONLY,Q01_RECALL75,CONTROL_FAILURE,HIGH,12,VERBOSE_TYPED,12,1.0,13.0,3.0,5.0,0.0,1.0,4.0,1.0,0.0,0.0,39.75,5.0,0.75,125.25,11.5,0.0,0.0
LIVE_EPISODIC,PERIODIC_ONLY,Q01_RECALL75,CONTROL_FAILURE,LOW,4,COMPACT_TYPED,12,1.0,6.0,2.0,2.0,0.0,1.0,1.0,1.0,0.0,0.0,16.833333,2.0,0.0,0.0,8.0,0.0,0.0
LIVE_EPISODIC,PERIODIC_ONLY,Q01_RECALL75,CONTROL_FAILURE,LOW,4,VERBOSE_TYPED,12,1.0,6.0,2.0,2.0,0.0,1.0,1.0,1.0,0.0,0.0,19.333333,2.0,0.0,0.0,8.0,0.0,0.0
LIVE_EPISODIC,PERIODIC_ONLY,Q01_RECALL75,CONTROL_FAILURE,LOW,8,COMPACT_TYPED,12,1.0,10.0,2.0,4.0,0.0,1.0,3.0,1.0,0.0,0.0,28.75,4.0,0.0,0.0,12.0,0.0,0.0
LIVE_EPISODIC,PERIODIC_ONLY,Q01_RECALL75,CONTROL_FAILURE,LOW,8,VERBOSE_TYPED,12,1.0,10.0,2.0,4.0,0.0,1.0,3.0,1.0,0.0,0.0,31.0,4.0,0.0,0.0,12.0,0.0,0.0
LIVE_EPISODIC,PERIODIC_ONLY,Q01_RECALL75,CONTROL_FAILURE,LOW,12,COMPACT_TYPED,12,1.0,14.0,2.0,5.0,0.0,1.0,4.0,1.0,0.0,0.0,35.833333,5.0,0.916667,152.166667,10.5,0.0,0.0
LIVE_EPISODIC,PERIODIC_ONLY,Q01_RECALL75,CONTROL_FAILURE,LOW,12,VERBOSE_TYPED,12,1.0,14.0,2.0,5.0,0.0,1.0,4.0,1.0,0.0,0.0,38.583333,5.0,0.916667,153.083333,10.5,0.0,0.0
LIVE_EPISODIC,PERIODIC_ONLY,Q01_RECALL75,POSE_SHIFT,HIGH,4,COMPACT_TYPED,12,1.0,4.0,4.0,2.0,0.0,1.0,1.0,1.0,0.0,0.0,20.583333,2.0,0.0,0.0,8.0,0.0,0.0
LIVE_EPISODIC,PERIODIC_ONLY,Q01_RECALL75,POSE_SHIFT,HIGH,4,VERBOSE_TYPED,12,1.0,4.0,4.0,2.0,0.0,1.0,1.0,1.0,0.0,0.0,22.333333,2.0,0.0,0.0,8.0,0.0,0.0
LIVE_EPISODIC,PERIODIC_ONLY,Q01_RECALL75,POSE_SHIFT,HIGH,8,COMPACT_TYPED,12,1.0,10.0,2.0,4.0,0.0,1.0,3.0,1.0,0.0,0.0,28.75,4.0,0.0,0.0,12.0,0.0,0.0
LIVE_EPISODIC,PERIODIC_ONLY,Q01_RECALL75,POSE_SHIFT,HIGH,8,VERBOSE_TYPED,12,1.0,10.0,2.0,4.0,0.0,1.0,3.0,1.0,0.0,0.0,31.0,4.0,0.0,0.0,12.0,0.0,0.0
LIVE_EPISODIC,PERIODIC_ONLY,Q01_RECALL75,POSE_SHIFT,HIGH,12,COMPACT_TYPED,12,1.0,15.0,1.0,5.0,0.0,1.0,4.0,0.333333,0.0,0.0,33.333333,5.0,0.666667,107.333333,12.0,0.0,0.0
LIVE_EPISODIC,PERIODIC_ONLY,Q01_RECALL75,POSE_SHIFT,HIGH,12,VERBOSE_TYPED,12,1.0,15.0,1.0,5.0,0.0,1.0,4.0,0.333333,0.0,0.0,35.333333,5.0,0.666667,108.0,12.0,0.0,0.0
LIVE_EPISODIC,PERIODIC_ONLY,Q01_RECALL75,POSE_SHIFT,LOW,4,COMPACT_TYPED,12,1.0,4.0,4.0,2.0,0.0,1.0,1.0,1.0,0.0,0.0,20.75,2.0,0.0,0.0,8.0,0.0,0.0
LIVE_EPISODIC,PERIODIC_ONLY,Q01_RECALL75,POSE_SHIFT,LOW,4,VERBOSE_TYPED,12,1.0,4.0,4.0,2.0,0.0,1.0,1.0,1.0,0.0,0.0,23.0,2.0,0.0,0.0,8.0,0.0,0.0
LIVE_EPISODIC,PERIODIC_ONLY,Q01_RECALL75,POSE_SHIFT,LOW,8,COMPACT_TYPED,12,1.0,10.0,2.0,4.0,0.0,1.0,3.0,1.0,0.0,0.0,28.833333,4.0,0.0,0.0,12.0,0.0,0.0
LIVE_EPISODIC,PERIODIC_ONLY,Q01_RECALL75,POSE_SHIFT,LOW,8,VERBOSE_TYPED,12,1.0,10.0,2.0,4.0,0.0,1.0,3.0,1.0,0.0,0.0,31.333333,4.0,0.0,0.0,12.0,0.0,0.0
LIVE_EPISODIC,PERIODIC_ONLY,Q01_RECALL75,POSE_SHIFT,LOW,12,COMPACT_TYPED,12,1.0,15.0,1.0,5.0,0.0,1.0,4.0,0.333333,0.0,0.0,33.333333,5.0,0.666667,107.333333,12.0,0.0,0.0
LIVE_EPISODIC,PERIODIC_ONLY,Q01_RECALL75,POSE_SHIFT,LOW,12,VERBOSE_TYPED,12,1.0,15.0,1.0,5.0,0.0,1.0,4.0,0.333333,0.0,0.0,35.333333,5.0,0.666667,108.0,12.0,0.0,0.0
LIVE_EPISODIC,PERIODIC_ONLY,Q01_RECALL75,RESTRICTION_CHANGE,HIGH,4,COMPACT_TYPED,12,1.0,4.0,4.0,2.0,0.0,1.0,1.0,1.0,0.0,0.0,20.666667,2.0,0.0,0.0,8.0,0.0,0.0
LIVE_EPISODIC,PERIODIC_ONLY,Q01_RECALL75,RESTRICTION_CHANGE,HIGH,4,VERBOSE_TYPED,12,1.0,4.0,4.0,2.0,0.0,1.0,1.0,1.0,0.0,0.0,22.666667,2.0,0.0,0.0,8.0,0.0,0.0
LIVE_EPISODIC,PERIODIC_ONLY,Q01_RECALL75,RESTRICTION_CHANGE,HIGH,8,COMPACT_TYPED,12,1.0,10.0,2.0,4.0,0.0,1.0,3.0,1.0,0.0,0.0,28.833333,4.0,0.0,0.0,12.0,0.0,0.0
LIVE_EPISODIC,PERIODIC_ONLY,Q01_RECALL75,RESTRICTION_CHANGE,HIGH,8,VERBOSE_TYPED,12,1.0,10.0,2.0,4.0,0.0,1.0,3.0,1.0,0.0,0.0,31.333333,4.0,0.0,0.0,12.0,0.0,0.0
LIVE_EPISODIC,PERIODIC_ONLY,Q01_RECALL75,RESTRICTION_CHANGE,HIGH,12,COMPACT_TYPED,12,1.0,15.5,0.5,5.0,0.0,1.0,4.0,1.0,0.0,0.0,32.666667,5.0,0.833333,136.666667,11.0,0.0,0.0
LIVE_EPISODIC,PERIODIC_ONLY,Q01_RECALL75,RESTRICTION_CHANGE,HIGH,12,VERBOSE_TYPED,12,1.0,15.5,0.5,5.0,0.0,1.0,4.0,1.0,0.0,0.0,35.166667,5.0,0.833333,137.5,11.0,0.0,0.0
LIVE_EPISODIC,PERIODIC_ONLY,Q01_RECALL75,RESTRICTION_CHANGE,LOW,4,COMPACT_TYPED,12,1.0,4.0,4.0,2.0,0.0,1.0,1.0,1.0,0.0,0.0,20.833333,2.0,0.0,0.0,8.0,0.0,0.0
LIVE_EPISODIC,PERIODIC_ONLY,Q01_RECALL75,RESTRICTION_CHANGE,LOW,4,VERBOSE_TYPED,12,1.0,4.0,4.0,2.0,0.0,1.0,1.0,1.0,0.0,0.0,23.333333,2.0,0.0,0.0,8.0,0.0,0.0
LIVE_EPISODIC,PERIODIC_ONLY,Q01_RECALL75,RESTRICTION_CHANGE,LOW,8,COMPACT_TYPED,12,1.0,10.0,2.0,4.0,0.0,1.0,3.0,1.0,0.0,0.0,28.833333,4.0,0.0,0.0,12.0,0.0,0.0
LIVE_EPISODIC,PERIODIC_ONLY,Q01_RECALL75,RESTRICTION_CHANGE,LOW,8,VERBOSE_TYPED,12,1.0,10.0,2.0,4.0,0.0,1.0,3.0,1.0,0.0,0.0,31.333333,4.0,0.0,0.0,12.0,0.0,0.0
LIVE_EPISODIC,PERIODIC_ONLY,Q01_RECALL75,RESTRICTION_CHANGE,LOW,12,COMPACT_TYPED,12,1.0,15.5,0.5,5.0,0.0,1.0,4.0,1.0,0.0,0.0,32.666667,5.0,0.833333,136.666667,11.0,0.0,0.0
LIVE_EPISODIC,PERIODIC_ONLY,Q01_RECALL75,RESTRICTION_CHANGE,LOW,12,VERBOSE_TYPED,12,1.0,15.5,0.5,5.0,0.0,1.0,4.0,1.0,0.0,0.0,35.166667,5.0,0.833333,137.5,11.0,0.0,0.0
LIVE_EPISODIC,PERIODIC_ONLY,Q02_RECALL50,AVAILABILITY_LOSS,HIGH,4,COMPACT_TYPED,12,1.0,4.0,4.0,2.0,0.0,1.0,1.0,1.0,0.0,0.0,20.166667,2.0,0.0,0.0,8.0,0.0,0.0
LIVE_EPISODIC,PERIODIC_ONLY,Q02_RECALL50,AVAILABILITY_LOSS,HIGH,4,VERBOSE_TYPED,12,1.0,4.0,4.0,2.0,0.0,1.0,1.0,1.0,0.0,0.0,20.666667,2.0,0.0,0.0,8.0,0.0,0.0
LIVE_EPISODIC,PERIODIC_ONLY,Q02_RECALL50,AVAILABILITY_LOSS,HIGH,8,COMPACT_TYPED,12,1.0,10.0,2.0,4.0,0.0,1.0,3.0,1.0,0.0,0.0,28.583333,4.0,0.0,0.0,12.0,0.0,0.0
LIVE_EPISODIC,PERIODIC_ONLY,Q02_RECALL50,AVAILABILITY_LOSS,HIGH,8,VERBOSE_TYPED,12,1.0,10.0,2.0,4.0,0.0,1.0,3.0,1.0,0.0,0.0,30.333333,4.0,0.0,0.0,12.0,0.0,0.0
LIVE_EPISODIC,PERIODIC_ONLY,Q02_RECALL50,AVAILABILITY_LOSS,HIGH,12,COMPACT_TYPED,12,1.0,15.25,0.75,5.0,0.0,1.0,4.0,1.0,0.0,0.0,33.0,5.0,0.75,125.25,11.5,0.0,0.0
LIVE_EPISODIC,PERIODIC_ONLY,Q02_RECALL50,AVAILABILITY_LOSS,HIGH,12,VERBOSE_TYPED,12,1.0,15.25,0.75,5.0,0.0,1.0,4.0,1.0,0.0,0.0,35.25,5.0,0.75,126.0,11.5,0.0,0.0
LIVE_EPISODIC,PERIODIC_ONLY,Q02_RECALL50,AVAILABILITY_LOSS,LOW,4,COMPACT_TYPED,12,1.0,4.0,4.0,2.0,0.0,1.0,1.0,1.0,0.0,0.0,20.583333,2.0,0.0,0.0,8.0,0.0,0.0
LIVE_EPISODIC,PERIODIC_ONLY,Q02_RECALL50,AVAILABILITY_LOSS,LOW,4,VERBOSE_TYPED,12,1.0,4.0,4.0,2.0,0.0,1.0,1.0,1.0,0.0,0.0,22.333333,2.0,0.0,0.0,8.0,0.0,0.0
LIVE_EPISODIC,PERIODIC_ONLY,Q02_RECALL50,AVAILABILITY_LOSS,LOW,8,COMPACT_TYPED,12,1.0,10.0,2.0,4.0,0.0,1.0,3.0,1.0,0.0,0.0,28.583333,4.0,0.0,0.0,12.0,0.0,0.0
LIVE_EPISODIC,PERIODIC_ONLY,Q02_RECALL50,AVAILABILITY_LOSS,LOW,8,VERBOSE_TYPED,12,1.0,10.0,2.0,4.0,0.0,1.0,3.0,1.0,0.0,0.0,30.333333,4.0,0.0,0.0,12.0,0.0,0.0
LIVE_EPISODIC,PERIODIC_ONLY,Q02_RECALL50,AVAILABILITY_LOSS,LOW,12,COMPACT_TYPED,12,1.0,14.25,1.75,5.0,0.0,1.0,4.0,1.0,0.0,0.0,34.333333,5.0,0.416667,69.583333,13.5,0.0,0.0
LIVE_EPISODIC,PERIODIC_ONLY,Q02_RECALL50,AVAILABILITY_LOSS,LOW,12,VERBOSE_TYPED,12,1.0,14.25,1.75,5.0,0.0,1.0,4.0,1.0,0.0,0.0,35.583333,5.0,0.416667,70.0,13.5,0.0,0.0
LIVE_EPISODIC,PERIODIC_ONLY,Q02_RECALL50,CONTROL_FAILURE,HIGH,4,COMPACT_TYPED,12,1.0,5.0,3.0,2.0,0.0,1.0,1.0,1.0,0.0,0.0,18.5,2.0,0.0,0.0,8.0,0.0,0.0
LIVE_EPISODIC,PERIODIC_ONLY,Q02_RECALL50,CONTROL_FAILURE,HIGH,4,VERBOSE_TYPED,12,1.0,5.0,3.0,2.0,0.0,1.0,1.0,1.0,0.0,0.0,20.0,2.0,0.0,0.0,8.0,0.0,0.0
LIVE_EPISODIC,PERIODIC_ONLY,Q02_RECALL50,CONTROL_FAILURE,HIGH,8,COMPACT_TYPED,12,1.0,10.0,2.0,4.0,0.0,1.0,3.0,1.0,0.0,0.0,28.5,4.0,0.0,0.0,12.0,0.0,0.0
LIVE_EPISODIC,PERIODIC_ONLY,Q02_RECALL50,CONTROL_FAILURE,HIGH,8,VERBOSE_TYPED,12,1.0,10.0,2.0,4.0,0.0,1.0,3.0,1.0,0.0,0.0,30.0,4.0,0.0,0.0,12.0,0.0,0.0
LIVE_EPISODIC,PERIODIC_ONLY,Q02_RECALL50,CONTROL_FAILURE,HIGH,12,COMPACT_TYPED,12,1.0,13.0,3.0,5.0,0.0,1.0,4.0,1.0,0.0,0.0,36.833333,5.0,0.416667,69.166667,13.5,0.0,0.0
LIVE_EPISODIC,PERIODIC_ONLY,Q02_RECALL50,CONTROL_FAILURE,HIGH,12,VERBOSE_TYPED,12,1.0,13.0,3.0,5.0,0.0,1.0,4.0,1.0,0.0,0.0,38.083333,5.0,0.416667,69.583333,13.5,0.0,0.0
LIVE_EPISODIC,PERIODIC_ONLY,Q02_RECALL50,CONTROL_FAILURE,LOW,4,COMPACT_TYPED,12,1.0,6.0,2.0,2.0,0.0,1.0,1.0,1.0,0.0,0.0,16.5,2.0,0.0,0.0,8.0,0.0,0.0
LIVE_EPISODIC,PERIODIC_ONLY,Q02_RECALL50,CONTROL_FAILURE,LOW,4,VERBOSE_TYPED,12,1.0,6.0,2.0,2.0,0.0,1.0,1.0,1.0,0.0,0.0,18.0,2.0,0.0,0.0,8.0,0.0,0.0
LIVE_EPISODIC,PERIODIC_ONLY,Q02_RECALL50,CONTROL_FAILURE,LOW,8,COMPACT_TYPED,12,1.0,10.0,2.0,4.0,0.0,1.0,3.0,1.0,0.0,0.0,28.75,4.0,0.0,0.0,12.0,0.0,0.0
LIVE_EPISODIC,PERIODIC_ONLY,Q02_RECALL50,CONTROL_FAILURE,LOW,8,VERBOSE_TYPED,12,1.0,10.0,2.0,4.0,0.0,1.0,3.0,1.0,0.0,0.0,31.0,4.0,0.0,0.0,12.0,0.0,0.0
LIVE_EPISODIC,PERIODIC_ONLY,Q02_RECALL50,CONTROL_FAILURE,LOW,12,COMPACT_TYPED,12,1.0,14.0,2.0,5.0,0.0,1.0,4.0,1.0,0.0,0.0,35.166667,5.0,0.583333,96.833333,12.5,0.0,0.0
LIVE_EPISODIC,PERIODIC_ONLY,Q02_RECALL50,CONTROL_FAILURE,LOW,12,VERBOSE_TYPED,12,1.0,14.0,2.0,5.0,0.0,1.0,4.0,1.0,0.0,0.0,36.916667,5.0,0.583333,97.416667,12.5,0.0,0.0
LIVE_EPISODIC,PERIODIC_ONLY,Q02_RECALL50,POSE_SHIFT,HIGH,4,COMPACT_TYPED,12,1.0,4.0,4.0,2.0,0.0,1.0,1.0,1.0,0.0,0.0,20.583333,2.0,0.0,0.0,8.0,0.0,0.0
LIVE_EPISODIC,PERIODIC_ONLY,Q02_RECALL50,POSE_SHIFT,HIGH,4,VERBOSE_TYPED,12,1.0,4.0,4.0,2.0,0.0,1.0,1.0,1.0,0.0,0.0,22.333333,2.0,0.0,0.0,8.0,0.0,0.0
LIVE_EPISODIC,PERIODIC_ONLY,Q02_RECALL50,POSE_SHIFT,HIGH,8,COMPACT_TYPED,12,1.0,10.0,2.0,4.0,0.0,1.0,3.0,1.0,0.0,0.0,28.583333,4.0,0.0,0.0,12.0,0.0,0.0
LIVE_EPISODIC,PERIODIC_ONLY,Q02_RECALL50,POSE_SHIFT,HIGH,8,VERBOSE_TYPED,12,1.0,10.0,2.0,4.0,0.0,1.0,3.0,1.0,0.0,0.0,30.333333,4.0,0.0,0.0,12.0,0.0,0.0
LIVE_EPISODIC,PERIODIC_ONLY,Q02_RECALL50,POSE_SHIFT,HIGH,12,COMPACT_TYPED,12,1.0,14.5,1.5,5.0,0.0,1.0,4.0,0.5,0.0,0.0,34.0,5.0,0.5,80.5,13.0,0.0,0.0
LIVE_EPISODIC,PERIODIC_ONLY,Q02_RECALL50,POSE_SHIFT,HIGH,12,VERBOSE_TYPED,12,1.0,14.5,1.5,5.0,0.0,1.0,4.0,0.5,0.0,0.0,35.5,5.0,0.5,81.0,13.0,0.0,0.0
LIVE_EPISODIC,PERIODIC_ONLY,Q02_RECALL50,POSE_SHIFT,LOW,4,COMPACT_TYPED,12,1.0,4.0,4.0,2.0,0.0,1.0,1.0,1.0,0.0,0.0,20.583333,2.0,0.0,0.0,8.0,0.0,0.0
LIVE_EPISODIC,PERIODIC_ONLY,Q02_RECALL50,POSE_SHIFT,LOW,4,VERBOSE_TYPED,12,1.0,4.0,4.0,2.0,0.0,1.0,1.0,1.0,0.0,0.0,22.333333,2.0,0.0,0.0,8.0,0.0,0.0
LIVE_EPISODIC,PERIODIC_ONLY,Q02_RECALL50,POSE_SHIFT,LOW,8,COMPACT_TYPED,12,1.0,10.0,2.0,4.0,0.0,1.0,3.0,1.0,0.0,0.0,28.583333,4.0,0.0,0.0,12.0,0.0,0.0
LIVE_EPISODIC,PERIODIC_ONLY,Q02_RECALL50,POSE_SHIFT,LOW,8,VERBOSE_TYPED,12,1.0,10.0,2.0,4.0,0.0,1.0,3.0,1.0,0.0,0.0,30.333333,4.0,0.0,0.0,12.0,0.0,0.0
LIVE_EPISODIC,PERIODIC_ONLY,Q02_RECALL50,POSE_SHIFT,LOW,12,COMPACT_TYPED,12,1.0,14.0,2.0,5.0,0.0,1.0,4.0,0.666667,0.0,0.0,34.666667,5.0,0.333333,53.666667,14.0,0.0,0.0
LIVE_EPISODIC,PERIODIC_ONLY,Q02_RECALL50,POSE_SHIFT,LOW,12,VERBOSE_TYPED,12,1.0,14.0,2.0,5.0,0.0,1.0,4.0,0.666667,0.0,0.0,35.666667,5.0,0.333333,54.0,14.0,0.0,0.0
LIVE_EPISODIC,PERIODIC_ONLY,Q02_RECALL50,RESTRICTION_CHANGE,HIGH,4,COMPACT_TYPED,12,1.0,4.0,4.0,2.0,0.0,1.0,1.0,1.0,0.0,0.0,20.416667,2.0,0.0,0.0,8.0,0.0,0.0
LIVE_EPISODIC,PERIODIC_ONLY,Q02_RECALL50,RESTRICTION_CHANGE,HIGH,4,VERBOSE_TYPED,12,1.0,4.0,4.0,2.0,0.0,1.0,1.0,1.0,0.0,0.0,21.666667,2.0,0.0,0.0,8.0,0.0,0.0
LIVE_EPISODIC,PERIODIC_ONLY,Q02_RECALL50,RESTRICTION_CHANGE,HIGH,8,COMPACT_TYPED,12,1.0,10.0,2.0,4.0,0.0,1.0,3.0,1.0,0.0,0.0,28.666667,4.0,0.0,0.0,12.0,0.0,0.0
LIVE_EPISODIC,PERIODIC_ONLY,Q02_RECALL50,RESTRICTION_CHANGE,HIGH,8,VERBOSE_TYPED,12,1.0,10.0,2.0,4.0,0.0,1.0,3.0,1.0,0.0,0.0,30.666667,4.0,0.0,0.0,12.0,0.0,0.0
LIVE_EPISODIC,PERIODIC_ONLY,Q02_RECALL50,RESTRICTION_CHANGE,HIGH,12,COMPACT_TYPED,12,1.0,14.75,1.25,5.0,0.0,1.0,4.0,1.0,0.0,0.0,33.666667,5.0,0.583333,95.666667,12.5,0.0,0.0
LIVE_EPISODIC,PERIODIC_ONLY,Q02_RECALL50,RESTRICTION_CHANGE,HIGH,12,VERBOSE_TYPED,12,1.0,14.75,1.25,5.0,0.0,1.0,4.0,1.0,0.0,0.0,35.416667,5.0,0.583333,96.25,12.5,0.0,0.0
LIVE_EPISODIC,PERIODIC_ONLY,Q02_RECALL50,RESTRICTION_CHANGE,LOW,4,COMPACT_TYPED,12,1.0,4.0,4.0,2.0,0.0,1.0,1.0,1.0,0.0,0.0,20.583333,2.0,0.0,0.0,8.0,0.0,0.0
LIVE_EPISODIC,PERIODIC_ONLY,Q02_RECALL50,RESTRICTION_CHANGE,LOW,4,VERBOSE_TYPED,12,1.0,4.0,4.0,2.0,0.0,1.0,1.0,1.0,0.0,0.0,22.333333,2.0,0.0,0.0,8.0,0.0,0.0
LIVE_EPISODIC,PERIODIC_ONLY,Q02_RECALL50,RESTRICTION_CHANGE,LOW,8,COMPACT_TYPED,12,1.0,10.0,2.0,4.0,0.0,1.0,3.0,1.0,0.0,0.0,28.583333,4.0,0.0,0.0,12.0,0.0,0.0
LIVE_EPISODIC,PERIODIC_ONLY,Q02_RECALL50,RESTRICTION_CHANGE,LOW,8,VERBOSE_TYPED,12,1.0,10.0,2.0,4.0,0.0,1.0,3.0,1.0,0.0,0.0,30.333333,4.0,0.0,0.0,12.0,0.0,0.0
LIVE_EPISODIC,PERIODIC_ONLY,Q02_RECALL50,RESTRICTION_CHANGE,LOW,12,COMPACT_TYPED,12,1.0,15.25,0.75,5.0,0.0,1.0,4.0,1.0,0.0,0.0,33.0,5.0,0.75,123.0,11.5,0.0,0.0
LIVE_EPISODIC,PERIODIC_ONLY,Q02_RECALL50,RESTRICTION_CHANGE,LOW,12,VERBOSE_TYPED,12,1.0,15.25,0.75,5.0,0.0,1.0,4.0,1.0,0.0,0.0,35.25,5.0,0.75,123.75,11.5,0.0,0.0
LIVE_EPISODIC,PERIODIC_ONLY,Q03_RECALL25,AVAILABILITY_LOSS,HIGH,4,COMPACT_TYPED,12,1.0,4.0,4.0,2.0,0.0,1.0,1.0,1.0,0.0,0.0,20.166667,2.0,0.0,0.0,8.0,0.0,0.0
LIVE_EPISODIC,PERIODIC_ONLY,Q03_RECALL25,AVAILABILITY_LOSS,HIGH,4,VERBOSE_TYPED,12,1.0,4.0,4.0,2.0,0.0,1.0,1.0,1.0,0.0,0.0,20.666667,2.0,0.0,0.0,8.0,0.0,0.0
LIVE_EPISODIC,PERIODIC_ONLY,Q03_RECALL25,AVAILABILITY_LOSS,HIGH,8,COMPACT_TYPED,12,1.0,10.0,2.0,4.0,0.0,1.0,3.0,1.0,0.0,0.0,28.416667,4.0,0.0,0.0,12.0,0.0,0.0
LIVE_EPISODIC,PERIODIC_ONLY,Q03_RECALL25,AVAILABILITY_LOSS,HIGH,8,VERBOSE_TYPED,12,1.0,10.0,2.0,4.0,0.0,1.0,3.0,1.0,0.0,0.0,29.666667,4.0,0.0,0.0,12.0,0.0,0.0
LIVE_EPISODIC,PERIODIC_ONLY,Q03_RECALL25,AVAILABILITY_LOSS,HIGH,12,COMPACT_TYPED,12,1.0,14.75,1.25,5.0,0.0,1.0,4.0,1.0,0.0,0.0,33.666667,5.0,0.583333,97.416667,12.5,0.0,0.0
LIVE_EPISODIC,PERIODIC_ONLY,Q03_RECALL25,AVAILABILITY_LOSS,HIGH,12,VERBOSE_TYPED,12,1.0,14.75,1.25,5.0,0.0,1.0,4.0,1.0,0.0,0.0,35.416667,5.0,0.583333,98.0,12.5,0.0,0.0
LIVE_EPISODIC,PERIODIC_ONLY,Q03_RECALL25,AVAILABILITY_LOSS,LOW,4,COMPACT_TYPED,12,1.0,4.0,4.0,2.0,0.0,1.0,1.0,1.0,0.0,0.0,20.416667,2.0,0.0,0.0,8.0,0.0,0.0
LIVE_EPISODIC,PERIODIC_ONLY,Q03_RECALL25,AVAILABILITY_LOSS,LOW,4,VERBOSE_TYPED,12,1.0,4.0,4.0,2.0,0.0,1.0,1.0,1.0,0.0,0.0,21.666667,2.0,0.0,0.0,8.0,0.0,0.0
LIVE_EPISODIC,PERIODIC_ONLY,Q03_RECALL25,AVAILABILITY_LOSS,LOW,8,COMPACT_TYPED,12,1.0,10.0,2.0,4.0,0.0,1.0,3.0,1.0,0.0,0.0,28.333333,4.0,0.0,0.0,12.0,0.0,0.0
LIVE_EPISODIC,PERIODIC_ONLY,Q03_RECALL25,AVAILABILITY_LOSS,LOW,8,VERBOSE_TYPED,12,1.0,10.0,2.0,4.0,0.0,1.0,3.0,1.0,0.0,0.0,29.333333,4.0,0.0,0.0,12.0,0.0,0.0
LIVE_EPISODIC,PERIODIC_ONLY,Q03_RECALL25,AVAILABILITY_LOSS,LOW,12,COMPACT_TYPED,12,1.0,13.75,2.25,5.0,0.0,1.0,4.0,1.0,0.0,0.0,35.0,5.0,0.25,41.75,14.5,0.0,0.0
LIVE_EPISODIC,PERIODIC_ONLY,Q03_RECALL25,AVAILABILITY_LOSS,LOW,12,VERBOSE_TYPED,12,1.0,13.75,2.25,5.0,0.0,1.0,4.0,1.0,0.0,0.0,35.75,5.0,0.25,42.0,14.5,0.0,0.0
LIVE_EPISODIC,PERIODIC_ONLY,Q03_RECALL25,CONTROL_FAILURE,HIGH,4,COMPACT_TYPED,12,1.0,5.0,3.0,2.0,0.0,1.0,1.0,1.0,0.0,0.0,18.25,2.0,0.0,0.0,8.0,0.0,0.0
LIVE_EPISODIC,PERIODIC_ONLY,Q03_RECALL25,CONTROL_FAILURE,HIGH,4,VERBOSE_TYPED,12,1.0,5.0,3.0,2.0,0.0,1.0,1.0,1.0,0.0,0.0,19.0,2.0,0.0,0.0,8.0,0.0,0.0
LIVE_EPISODIC,PERIODIC_ONLY,Q03_RECALL25,CONTROL_FAILURE,HIGH,8,COMPACT_TYPED,12,1.0,10.0,2.0,4.0,0.0,1.0,3.0,1.0,0.0,0.0,28.25,4.0,0.0,0.0,12.0,0.0,0.0
LIVE_EPISODIC,PERIODIC_ONLY,Q03_RECALL25,CONTROL_FAILURE,HIGH,8,VERBOSE_TYPED,12,1.0,10.0,2.0,4.0,0.0,1.0,3.0,1.0,0.0,0.0,29.0,4.0,0.0,0.0,12.0,0.0,0.0
LIVE_EPISODIC,PERIODIC_ONLY,Q03_RECALL25,CONTROL_FAILURE,HIGH,12,COMPACT_TYPED,12,1.0,13.0,3.0,5.0,0.0,1.0,4.0,1.0,0.0,0.0,36.333333,5.0,0.166667,27.666667,15.0,0.0,0.0
LIVE_EPISODIC,PERIODIC_ONLY,Q03_RECALL25,CONTROL_FAILURE,HIGH,12,VERBOSE_TYPED,12,1.0,13.0,3.0,5.0,0.0,1.0,4.0,1.0,0.0,0.0,36.833333,5.0,0.166667,27.833333,15.0,0.0,0.0
LIVE_EPISODIC,PERIODIC_ONLY,Q03_RECALL25,CONTROL_FAILURE,LOW,4,COMPACT_TYPED,12,1.0,6.0,2.0,2.0,0.0,1.0,1.0,1.0,0.0,0.0,16.166667,2.0,0.0,0.0,8.0,0.0,0.0
LIVE_EPISODIC,PERIODIC_ONLY,Q03_RECALL25,CONTROL_FAILURE,LOW,4,VERBOSE_TYPED,12,1.0,6.0,2.0,2.0,0.0,1.0,1.0,1.0,0.0,0.0,16.666667,2.0,0.0,0.0,8.0,0.0,0.0
LIVE_EPISODIC,PERIODIC_ONLY,Q03_RECALL25,CONTROL_FAILURE,LOW,8,COMPACT_TYPED,12,1.0,10.0,2.0,4.0,0.0,1.0,3.0,1.0,0.0,0.0,28.583333,4.0,0.0,0.0,12.0,0.0,0.0
LIVE_EPISODIC,PERIODIC_ONLY,Q03_RECALL25,CONTROL_FAILURE,LOW,8,VERBOSE_TYPED,12,1.0,10.0,2.0,4.0,0.0,1.0,3.0,1.0,0.0,0.0,30.333333,4.0,0.0,0.0,12.0,0.0,0.0
LIVE_EPISODIC,PERIODIC_ONLY,Q03_RECALL25,CONTROL_FAILURE,LOW,12,COMPACT_TYPED,12,1.0,14.0,2.0,5.0,0.0,1.0,4.0,1.0,0.0,0.0,34.5,5.0,0.25,41.5,14.5,0.0,0.0
LIVE_EPISODIC,PERIODIC_ONLY,Q03_RECALL25,CONTROL_FAILURE,LOW,12,VERBOSE_TYPED,12,1.0,14.0,2.0,5.0,0.0,1.0,4.0,1.0,0.0,0.0,35.25,5.0,0.25,41.75,14.5,0.0,0.0
LIVE_EPISODIC,PERIODIC_ONLY,Q03_RECALL25,POSE_SHIFT,HIGH,4,COMPACT_TYPED,12,1.0,4.0,4.0,2.0,0.0,1.0,1.0,1.0,0.0,0.0,20.083333,2.0,0.0,0.0,8.0,0.0,0.0
LIVE_EPISODIC,PERIODIC_ONLY,Q03_RECALL25,POSE_SHIFT,HIGH,4,VERBOSE_TYPED,12,1.0,4.0,4.0,2.0,0.0,1.0,1.0,1.0,0.0,0.0,20.333333,2.0,0.0,0.0,8.0,0.0,0.0
LIVE_EPISODIC,PERIODIC_ONLY,Q03_RECALL25,POSE_SHIFT,HIGH,8,COMPACT_TYPED,12,1.0,10.0,2.0,4.0,0.0,1.0,3.0,1.0,0.0,0.0,28.5,4.0,0.0,0.0,12.0,0.0,0.0
LIVE_EPISODIC,PERIODIC_ONLY,Q03_RECALL25,POSE_SHIFT,HIGH,8,VERBOSE_TYPED,12,1.0,10.0,2.0,4.0,0.0,1.0,3.0,1.0,0.0,0.0,30.0,4.0,0.0,0.0,12.0,0.0,0.0
LIVE_EPISODIC,PERIODIC_ONLY,Q03_RECALL25,POSE_SHIFT,HIGH,12,COMPACT_TYPED,12,1.0,13.5,2.5,5.0,0.0,1.0,4.0,0.833333,0.0,0.0,35.333333,5.0,0.166667,26.833333,15.0,0.0,0.0
LIVE_EPISODIC,PERIODIC_ONLY,Q03_RECALL25,POSE_SHIFT,HIGH,12,VERBOSE_TYPED,12,1.0,13.5,2.5,5.0,0.0,1.0,4.0,0.833333,0.0,0.0,35.833333,5.0,0.166667,27.0,15.0,0.0,0.0
LIVE_EPISODIC,PERIODIC_ONLY,Q03_RECALL25,POSE_SHIFT,LOW,4,COMPACT_TYPED,12,1.0,4.0,4.0,2.0,0.0,1.0,1.0,1.0,0.0,0.0,20.5,2.0,0.0,0.0,8.0,0.0,0.0
LIVE_EPISODIC,PERIODIC_ONLY,Q03_RECALL25,POSE_SHIFT,LOW,4,VERBOSE_TYPED,12,1.0,4.0,4.0,2.0,0.0,1.0,1.0,1.0,0.0,0.0,22.0,2.0,0.0,0.0,8.0,0.0,0.0
LIVE_EPISODIC,PERIODIC_ONLY,Q03_RECALL25,POSE_SHIFT,LOW,8,COMPACT_TYPED,12,1.0,10.0,2.0,4.0,0.0,1.0,3.0,1.0,0.0,0.0,28.5,4.0,0.0,0.0,12.0,0.0,0.0
LIVE_EPISODIC,PERIODIC_ONLY,Q03_RECALL25,POSE_SHIFT,LOW,8,VERBOSE_TYPED,12,1.0,10.0,2.0,4.0,0.0,1.0,3.0,1.0,0.0,0.0,30.0,4.0,0.0,0.0,12.0,0.0,0.0
LIVE_EPISODIC,PERIODIC_ONLY,Q03_RECALL25,POSE_SHIFT,LOW,12,COMPACT_TYPED,12,1.0,14.0,2.0,5.0,0.0,1.0,4.0,0.666667,0.0,0.0,34.666667,5.0,0.333333,53.666667,14.0,0.0,0.0
LIVE_EPISODIC,PERIODIC_ONLY,Q03_RECALL25,POSE_SHIFT,LOW,12,VERBOSE_TYPED,12,1.0,14.0,2.0,5.0,0.0,1.0,4.0,0.666667,0.0,0.0,35.666667,5.0,0.333333,54.0,14.0,0.0,0.0
LIVE_EPISODIC,PERIODIC_ONLY,Q03_RECALL25,RESTRICTION_CHANGE,HIGH,4,COMPACT_TYPED,12,1.0,4.0,4.0,2.0,0.0,1.0,1.0,1.0,0.0,0.0,20.083333,2.0,0.0,0.0,8.0,0.0,0.0
LIVE_EPISODIC,PERIODIC_ONLY,Q03_RECALL25,RESTRICTION_CHANGE,HIGH,4,VERBOSE_TYPED,12,1.0,4.0,4.0,2.0,0.0,1.0,1.0,1.0,0.0,0.0,20.333333,2.0,0.0,0.0,8.0,0.0,0.0
LIVE_EPISODIC,PERIODIC_ONLY,Q03_RECALL25,RESTRICTION_CHANGE,HIGH,8,COMPACT_TYPED,12,1.0,10.0,2.0,4.0,0.0,1.0,3.0,1.0,0.0,0.0,28.416667,4.0,0.0,0.0,12.0,0.0,0.0
LIVE_EPISODIC,PERIODIC_ONLY,Q03_RECALL25,RESTRICTION_CHANGE,HIGH,8,VERBOSE_TYPED,12,1.0,10.0,2.0,4.0,0.0,1.0,3.0,1.0,0.0,0.0,29.666667,4.0,0.0,0.0,12.0,0.0,0.0
LIVE_EPISODIC,PERIODIC_ONLY,Q03_RECALL25,RESTRICTION_CHANGE,HIGH,12,COMPACT_TYPED,12,1.0,13.75,2.25,5.0,0.0,1.0,4.0,1.0,0.0,0.0,35.0,5.0,0.25,41.0,14.5,0.0,0.0
LIVE_EPISODIC,PERIODIC_ONLY,Q03_RECALL25,RESTRICTION_CHANGE,HIGH,12,VERBOSE_TYPED,12,1.0,13.75,2.25,5.0,0.0,1.0,4.0,1.0,0.0,0.0,35.75,5.0,0.25,41.25,14.5,0.0,0.0
LIVE_EPISODIC,PERIODIC_ONLY,Q03_RECALL25,RESTRICTION_CHANGE,LOW,4,COMPACT_TYPED,12,1.0,4.0,4.0,2.0,0.0,1.0,1.0,1.0,0.0,0.0,20.25,2.0,0.0,0.0,8.0,0.0,0.0
LIVE_EPISODIC,PERIODIC_ONLY,Q03_RECALL25,RESTRICTION_CHANGE,LOW,4,VERBOSE_TYPED,12,1.0,4.0,4.0,2.0,0.0,1.0,1.0,1.0,0.0,0.0,21.0,2.0,0.0,0.0,8.0,0.0,0.0
LIVE_EPISODIC,PERIODIC_ONLY,Q03_RECALL25,RESTRICTION_CHANGE,LOW,8,COMPACT_TYPED,12,1.0,10.0,2.0,4.0,0.0,1.0,3.0,1.0,0.0,0.0,28.416667,4.0,0.0,0.0,12.0,0.0,0.0
LIVE_EPISODIC,PERIODIC_ONLY,Q03_RECALL25,RESTRICTION_CHANGE,LOW,8,VERBOSE_TYPED,12,1.0,10.0,2.0,4.0,0.0,1.0,3.0,1.0,0.0,0.0,29.666667,4.0,0.0,0.0,12.0,0.0,0.0
LIVE_EPISODIC,PERIODIC_ONLY,Q03_RECALL25,RESTRICTION_CHANGE,LOW,12,COMPACT_TYPED,12,1.0,14.25,1.75,5.0,0.0,1.0,4.0,1.0,0.0,0.0,34.333333,5.0,0.416667,68.333333,13.5,0.0,0.0
LIVE_EPISODIC,PERIODIC_ONLY,Q03_RECALL25,RESTRICTION_CHANGE,LOW,12,VERBOSE_TYPED,12,1.0,14.25,1.75,5.0,0.0,1.0,4.0,1.0,0.0,0.0,35.583333,5.0,0.416667,68.75,13.5,0.0,0.0
LIVE_EPISODIC,PERIODIC_ONLY,Q04_DELAY1,AVAILABILITY_LOSS,HIGH,4,COMPACT_TYPED,12,1.0,7.0,1.0,2.0,0.0,1.0,1.0,1.0,0.0,0.0,16.0,2.0,1.0,167.0,5.0,0.0,0.0
LIVE_EPISODIC,PERIODIC_ONLY,Q04_DELAY1,AVAILABILITY_LOSS,HIGH,4,VERBOSE_TYPED,12,1.0,7.0,1.0,2.0,0.0,1.0,1.0,1.0,0.0,0.0,19.0,2.0,1.0,168.0,5.0,0.0,0.0
LIVE_EPISODIC,PERIODIC_ONLY,Q04_DELAY1,AVAILABILITY_LOSS,HIGH,8,COMPACT_TYPED,12,1.0,10.0,2.0,4.0,0.0,1.0,3.0,1.0,0.0,0.0,29.0,4.0,0.0,0.0,12.0,0.0,0.0
LIVE_EPISODIC,PERIODIC_ONLY,Q04_DELAY1,AVAILABILITY_LOSS,HIGH,8,VERBOSE_TYPED,12,1.0,10.0,2.0,4.0,0.0,1.0,3.0,1.0,0.0,0.0,32.0,4.0,0.0,0.0,12.0,0.0,0.0
LIVE_EPISODIC,PERIODIC_ONLY,Q04_DELAY1,AVAILABILITY_LOSS,HIGH,12,COMPACT_TYPED,12,1.0,13.0,3.0,5.0,0.0,1.0,4.0,1.0,0.0,0.0,37.0,5.0,0.0,0.0,16.0,0.0,0.0
LIVE_EPISODIC,PERIODIC_ONLY,Q04_DELAY1,AVAILABILITY_LOSS,HIGH,12,VERBOSE_TYPED,12,1.0,13.0,3.0,5.0,0.0,1.0,4.0,1.0,0.0,0.0,40.0,5.0,0.0,0.0,16.0,0.0,0.0
LIVE_EPISODIC,PERIODIC_ONLY,Q04_DELAY1,AVAILABILITY_LOSS,LOW,4,COMPACT_TYPED,12,1.0,7.0,1.0,2.0,0.0,1.0,1.0,1.0,0.0,0.0,16.0,2.0,1.0,167.0,5.0,0.0,0.0
LIVE_EPISODIC,PERIODIC_ONLY,Q04_DELAY1,AVAILABILITY_LOSS,LOW,4,VERBOSE_TYPED,12,1.0,7.0,1.0,2.0,0.0,1.0,1.0,1.0,0.0,0.0,19.0,2.0,1.0,168.0,5.0,0.0,0.0
LIVE_EPISODIC,PERIODIC_ONLY,Q04_DELAY1,AVAILABILITY_LOSS,LOW,8,COMPACT_TYPED,12,1.0,10.0,2.0,4.0,0.0,1.0,3.0,1.0,0.0,0.0,29.0,4.0,0.0,0.0,12.0,0.0,0.0
LIVE_EPISODIC,PERIODIC_ONLY,Q04_DELAY1,AVAILABILITY_LOSS,LOW,8,VERBOSE_TYPED,12,1.0,10.0,2.0,4.0,0.0,1.0,3.0,1.0,0.0,0.0,32.0,4.0,0.0,0.0,12.0,0.0,0.0
LIVE_EPISODIC,PERIODIC_ONLY,Q04_DELAY1,AVAILABILITY_LOSS,LOW,12,COMPACT_TYPED,12,1.0,13.0,3.0,5.0,0.0,1.0,4.0,1.0,0.0,0.0,37.0,5.0,0.0,0.0,16.0,0.0,0.0
LIVE_EPISODIC,PERIODIC_ONLY,Q04_DELAY1,AVAILABILITY_LOSS,LOW,12,VERBOSE_TYPED,12,1.0,13.0,3.0,5.0,0.0,1.0,4.0,1.0,0.0,0.0,40.0,5.0,0.0,0.0,16.0,0.0,0.0
LIVE_EPISODIC,PERIODIC_ONLY,Q04_DELAY1,CONTROL_FAILURE,HIGH,4,COMPACT_TYPED,12,1.0,5.0,3.0,2.0,0.0,1.0,1.0,1.0,0.0,0.0,20.0,2.0,1.0,166.0,5.0,0.0,0.0
LIVE_EPISODIC,PERIODIC_ONLY,Q04_DELAY1,CONTROL_FAILURE,HIGH,4,VERBOSE_TYPED,12,1.0,5.0,3.0,2.0,0.0,1.0,1.0,1.0,0.0,0.0,23.0,2.0,1.0,167.0,5.0,0.0,0.0
LIVE_EPISODIC,PERIODIC_ONLY,Q04_DELAY1,CONTROL_FAILURE,HIGH,8,COMPACT_TYPED,12,1.0,10.0,2.0,4.0,0.0,1.0,3.0,1.0,0.0,0.0,29.0,4.0,0.0,0.0,12.0,0.0,0.0
LIVE_EPISODIC,PERIODIC_ONLY,Q04_DELAY1,CONTROL_FAILURE,HIGH,8,VERBOSE_TYPED,12,1.0,10.0,2.0,4.0,0.0,1.0,3.0,1.0,0.0,0.0,32.0,4.0,0.0,0.0,12.0,0.0,0.0
LIVE_EPISODIC,PERIODIC_ONLY,Q04_DELAY1,CONTROL_FAILURE,HIGH,12,COMPACT_TYPED,12,1.0,13.0,3.0,5.0,0.0,1.0,4.0,1.0,0.0,0.0,37.0,5.0,0.0,0.0,16.0,0.0,0.0
LIVE_EPISODIC,PERIODIC_ONLY,Q04_DELAY1,CONTROL_FAILURE,HIGH,12,VERBOSE_TYPED,12,1.0,13.0,3.0,5.0,0.0,1.0,4.0,1.0,0.0,0.0,40.0,5.0,0.0,0.0,16.0,0.0,0.0
LIVE_EPISODIC,PERIODIC_ONLY,Q04_DELAY1,CONTROL_FAILURE,LOW,4,COMPACT_TYPED,12,1.0,6.0,2.0,2.0,0.0,1.0,1.0,1.0,0.0,0.0,18.0,2.0,1.0,166.0,5.0,0.0,0.0
LIVE_EPISODIC,PERIODIC_ONLY,Q04_DELAY1,CONTROL_FAILURE,LOW,4,VERBOSE_TYPED,12,1.0,6.0,2.0,2.0,0.0,1.0,1.0,1.0,0.0,0.0,21.0,2.0,1.0,167.0,5.0,0.0,0.0
LIVE_EPISODIC,PERIODIC_ONLY,Q04_DELAY1,CONTROL_FAILURE,LOW,8,COMPACT_TYPED,12,1.0,10.0,2.0,4.0,0.0,1.0,3.0,1.0,0.0,0.0,29.0,4.0,0.0,0.0,12.0,0.0,0.0
LIVE_EPISODIC,PERIODIC_ONLY,Q04_DELAY1,CONTROL_FAILURE,LOW,8,VERBOSE_TYPED,12,1.0,10.0,2.0,4.0,0.0,1.0,3.0,1.0,0.0,0.0,32.0,4.0,0.0,0.0,12.0,0.0,0.0
LIVE_EPISODIC,PERIODIC_ONLY,Q04_DELAY1,CONTROL_FAILURE,LOW,12,COMPACT_TYPED,12,1.0,14.0,2.0,5.0,0.0,1.0,4.0,1.0,0.0,0.0,35.0,5.0,0.0,0.0,16.0,0.0,0.0
LIVE_EPISODIC,PERIODIC_ONLY,Q04_DELAY1,CONTROL_FAILURE,LOW,12,VERBOSE_TYPED,12,1.0,14.0,2.0,5.0,0.0,1.0,4.0,1.0,0.0,0.0,38.0,5.0,0.0,0.0,16.0,0.0,0.0
LIVE_EPISODIC,PERIODIC_ONLY,Q04_DELAY1,POSE_SHIFT,HIGH,4,COMPACT_TYPED,12,1.0,7.0,1.0,2.0,0.0,1.0,1.0,0.0,0.0,0.0,16.0,2.0,1.0,161.0,5.0,0.0,0.0
LIVE_EPISODIC,PERIODIC_ONLY,Q04_DELAY1,POSE_SHIFT,HIGH,4,VERBOSE_TYPED,12,1.0,7.0,1.0,2.0,0.0,1.0,1.0,0.0,0.0,0.0,19.0,2.0,1.0,162.0,5.0,0.0,0.0
LIVE_EPISODIC,PERIODIC_ONLY,Q04_DELAY1,POSE_SHIFT,HIGH,8,COMPACT_TYPED,12,1.0,10.0,2.0,4.0,0.0,1.0,3.0,1.0,0.0,0.0,29.0,4.0,0.0,0.0,12.0,0.0,0.0
LIVE_EPISODIC,PERIODIC_ONLY,Q04_DELAY1,POSE_SHIFT,HIGH,8,VERBOSE_TYPED,12,1.0,10.0,2.0,4.0,0.0,1.0,3.0,1.0,0.0,0.0,32.0,4.0,0.0,0.0,12.0,0.0,0.0
LIVE_EPISODIC,PERIODIC_ONLY,Q04_DELAY1,POSE_SHIFT,HIGH,12,COMPACT_TYPED,12,1.0,13.0,3.0,5.0,0.0,1.0,4.0,1.0,0.0,0.0,37.0,5.0,0.0,0.0,16.0,0.0,0.0
LIVE_EPISODIC,PERIODIC_ONLY,Q04_DELAY1,POSE_SHIFT,HIGH,12,VERBOSE_TYPED,12,1.0,13.0,3.0,5.0,0.0,1.0,4.0,1.0,0.0,0.0,40.0,5.0,0.0,0.0,16.0,0.0,0.0
LIVE_EPISODIC,PERIODIC_ONLY,Q04_DELAY1,POSE_SHIFT,LOW,4,COMPACT_TYPED,12,1.0,7.0,1.0,2.0,0.0,1.0,1.0,0.0,0.0,0.0,16.0,2.0,1.0,161.0,5.0,0.0,0.0
LIVE_EPISODIC,PERIODIC_ONLY,Q04_DELAY1,POSE_SHIFT,LOW,4,VERBOSE_TYPED,12,1.0,7.0,1.0,2.0,0.0,1.0,1.0,0.0,0.0,0.0,19.0,2.0,1.0,162.0,5.0,0.0,0.0
LIVE_EPISODIC,PERIODIC_ONLY,Q04_DELAY1,POSE_SHIFT,LOW,8,COMPACT_TYPED,12,1.0,10.0,2.0,4.0,0.0,1.0,3.0,1.0,0.0,0.0,29.0,4.0,0.0,0.0,12.0,0.0,0.0
LIVE_EPISODIC,PERIODIC_ONLY,Q04_DELAY1,POSE_SHIFT,LOW,8,VERBOSE_TYPED,12,1.0,10.0,2.0,4.0,0.0,1.0,3.0,1.0,0.0,0.0,32.0,4.0,0.0,0.0,12.0,0.0,0.0
LIVE_EPISODIC,PERIODIC_ONLY,Q04_DELAY1,POSE_SHIFT,LOW,12,COMPACT_TYPED,12,1.0,13.0,3.0,5.0,0.0,1.0,4.0,1.0,0.0,0.0,37.0,5.0,0.0,0.0,16.0,0.0,0.0
LIVE_EPISODIC,PERIODIC_ONLY,Q04_DELAY1,POSE_SHIFT,LOW,12,VERBOSE_TYPED,12,1.0,13.0,3.0,5.0,0.0,1.0,4.0,1.0,0.0,0.0,40.0,5.0,0.0,0.0,16.0,0.0,0.0
LIVE_EPISODIC,PERIODIC_ONLY,Q04_DELAY1,RESTRICTION_CHANGE,HIGH,4,COMPACT_TYPED,12,1.0,7.0,1.0,2.0,0.0,1.0,1.0,1.0,0.0,0.0,16.0,2.0,1.0,164.0,5.0,0.0,0.0
LIVE_EPISODIC,PERIODIC_ONLY,Q04_DELAY1,RESTRICTION_CHANGE,HIGH,4,VERBOSE_TYPED,12,1.0,7.0,1.0,2.0,0.0,1.0,1.0,1.0,0.0,0.0,19.0,2.0,1.0,165.0,5.0,0.0,0.0
LIVE_EPISODIC,PERIODIC_ONLY,Q04_DELAY1,RESTRICTION_CHANGE,HIGH,8,COMPACT_TYPED,12,1.0,10.0,2.0,4.0,0.0,1.0,3.0,1.0,0.0,0.0,29.0,4.0,0.0,0.0,12.0,0.0,0.0
LIVE_EPISODIC,PERIODIC_ONLY,Q04_DELAY1,RESTRICTION_CHANGE,HIGH,8,VERBOSE_TYPED,12,1.0,10.0,2.0,4.0,0.0,1.0,3.0,1.0,0.0,0.0,32.0,4.0,0.0,0.0,12.0,0.0,0.0
LIVE_EPISODIC,PERIODIC_ONLY,Q04_DELAY1,RESTRICTION_CHANGE,HIGH,12,COMPACT_TYPED,12,1.0,13.0,3.0,5.0,0.0,1.0,4.0,1.0,0.0,0.0,37.0,5.0,0.0,0.0,16.0,0.0,0.0
LIVE_EPISODIC,PERIODIC_ONLY,Q04_DELAY1,RESTRICTION_CHANGE,HIGH,12,VERBOSE_TYPED,12,1.0,13.0,3.0,5.0,0.0,1.0,4.0,1.0,0.0,0.0,40.0,5.0,0.0,0.0,16.0,0.0,0.0
LIVE_EPISODIC,PERIODIC_ONLY,Q04_DELAY1,RESTRICTION_CHANGE,LOW,4,COMPACT_TYPED,12,1.0,7.0,1.0,2.0,0.0,1.0,1.0,1.0,0.0,0.0,16.0,2.0,1.0,164.0,5.0,0.0,0.0
LIVE_EPISODIC,PERIODIC_ONLY,Q04_DELAY1,RESTRICTION_CHANGE,LOW,4,VERBOSE_TYPED,12,1.0,7.0,1.0,2.0,0.0,1.0,1.0,1.0,0.0,0.0,19.0,2.0,1.0,165.0,5.0,0.0,0.0
LIVE_EPISODIC,PERIODIC_ONLY,Q04_DELAY1,RESTRICTION_CHANGE,LOW,8,COMPACT_TYPED,12,1.0,10.0,2.0,4.0,0.0,1.0,3.0,1.0,0.0,0.0,29.0,4.0,0.0,0.0,12.0,0.0,0.0
LIVE_EPISODIC,PERIODIC_ONLY,Q04_DELAY1,RESTRICTION_CHANGE,LOW,8,VERBOSE_TYPED,12,1.0,10.0,2.0,4.0,0.0,1.0,3.0,1.0,0.0,0.0,32.0,4.0,0.0,0.0,12.0,0.0,0.0
LIVE_EPISODIC,PERIODIC_ONLY,Q04_DELAY1,RESTRICTION_CHANGE,LOW,12,COMPACT_TYPED,12,1.0,13.0,3.0,5.0,0.0,1.0,4.0,1.0,0.0,0.0,37.0,5.0,0.0,0.0,16.0,0.0,0.0
LIVE_EPISODIC,PERIODIC_ONLY,Q04_DELAY1,RESTRICTION_CHANGE,LOW,12,VERBOSE_TYPED,12,1.0,13.0,3.0,5.0,0.0,1.0,4.0,1.0,0.0,0.0,40.0,5.0,0.0,0.0,16.0,0.0,0.0
LIVE_EPISODIC,PERIODIC_ONLY,Q05_DELAY3,AVAILABILITY_LOSS,HIGH,4,COMPACT_TYPED,12,1.0,4.0,4.0,2.0,0.0,1.0,1.0,1.0,0.0,0.0,21.0,2.0,0.0,0.0,8.0,0.0,0.0
LIVE_EPISODIC,PERIODIC_ONLY,Q05_DELAY3,AVAILABILITY_LOSS,HIGH,4,VERBOSE_TYPED,12,1.0,4.0,4.0,2.0,0.0,1.0,1.0,1.0,0.0,0.0,24.0,2.0,0.0,0.0,8.0,0.0,0.0
LIVE_EPISODIC,PERIODIC_ONLY,Q05_DELAY3,AVAILABILITY_LOSS,HIGH,8,COMPACT_TYPED,12,1.0,10.0,2.0,4.0,0.0,1.0,3.0,1.0,0.0,0.0,29.0,4.0,0.0,0.0,12.0,0.0,0.0
LIVE_EPISODIC,PERIODIC_ONLY,Q05_DELAY3,AVAILABILITY_LOSS,HIGH,8,VERBOSE_TYPED,12,1.0,10.0,2.0,4.0,0.0,1.0,3.0,1.0,0.0,0.0,32.0,4.0,0.0,0.0,12.0,0.0,0.0
LIVE_EPISODIC,PERIODIC_ONLY,Q05_DELAY3,AVAILABILITY_LOSS,HIGH,12,COMPACT_TYPED,12,1.0,13.0,3.0,5.0,0.0,1.0,4.0,1.0,0.0,0.0,38.0,5.0,1.0,167.0,7.0,0.0,0.0
LIVE_EPISODIC,PERIODIC_ONLY,Q05_DELAY3,AVAILABILITY_LOSS,HIGH,12,VERBOSE_TYPED,12,1.0,13.0,3.0,5.0,0.0,1.0,4.0,1.0,0.0,0.0,41.0,5.0,1.0,168.0,7.0,0.0,0.0
LIVE_EPISODIC,PERIODIC_ONLY,Q05_DELAY3,AVAILABILITY_LOSS,LOW,4,COMPACT_TYPED,12,1.0,4.0,4.0,2.0,0.0,1.0,1.0,1.0,0.0,0.0,21.0,2.0,0.0,0.0,8.0,0.0,0.0
LIVE_EPISODIC,PERIODIC_ONLY,Q05_DELAY3,AVAILABILITY_LOSS,LOW,4,VERBOSE_TYPED,12,1.0,4.0,4.0,2.0,0.0,1.0,1.0,1.0,0.0,0.0,24.0,2.0,0.0,0.0,8.0,0.0,0.0
LIVE_EPISODIC,PERIODIC_ONLY,Q05_DELAY3,AVAILABILITY_LOSS,LOW,8,COMPACT_TYPED,12,1.0,10.0,2.0,4.0,0.0,1.0,3.0,1.0,0.0,0.0,29.0,4.0,0.0,0.0,12.0,0.0,0.0
LIVE_EPISODIC,PERIODIC_ONLY,Q05_DELAY3,AVAILABILITY_LOSS,LOW,8,VERBOSE_TYPED,12,1.0,10.0,2.0,4.0,0.0,1.0,3.0,1.0,0.0,0.0,32.0,4.0,0.0,0.0,12.0,0.0,0.0
LIVE_EPISODIC,PERIODIC_ONLY,Q05_DELAY3,AVAILABILITY_LOSS,LOW,12,COMPACT_TYPED,12,1.0,13.0,3.0,5.0,0.0,1.0,4.0,1.0,0.0,0.0,38.0,5.0,1.0,167.0,7.0,0.0,0.0
LIVE_EPISODIC,PERIODIC_ONLY,Q05_DELAY3,AVAILABILITY_LOSS,LOW,12,VERBOSE_TYPED,12,1.0,13.0,3.0,5.0,0.0,1.0,4.0,1.0,0.0,0.0,41.0,5.0,1.0,168.0,7.0,0.0,0.0
LIVE_EPISODIC,PERIODIC_ONLY,Q05_DELAY3,CONTROL_FAILURE,HIGH,4,COMPACT_TYPED,12,1.0,5.0,3.0,2.0,0.0,1.0,1.0,1.0,0.0,0.0,19.0,2.0,0.0,0.0,8.0,0.0,0.0
LIVE_EPISODIC,PERIODIC_ONLY,Q05_DELAY3,CONTROL_FAILURE,HIGH,4,VERBOSE_TYPED,12,1.0,5.0,3.0,2.0,0.0,1.0,1.0,1.0,0.0,0.0,22.0,2.0,0.0,0.0,8.0,0.0,0.0
LIVE_EPISODIC,PERIODIC_ONLY,Q05_DELAY3,CONTROL_FAILURE,HIGH,8,COMPACT_TYPED,12,1.0,10.0,2.0,4.0,0.0,1.0,3.0,1.0,0.0,0.0,29.0,4.0,0.0,0.0,12.0,0.0,0.0
LIVE_EPISODIC,PERIODIC_ONLY,Q05_DELAY3,CONTROL_FAILURE,HIGH,8,VERBOSE_TYPED,12,1.0,10.0,2.0,4.0,0.0,1.0,3.0,1.0,0.0,0.0,32.0,4.0,0.0,0.0,12.0,0.0,0.0
LIVE_EPISODIC,PERIODIC_ONLY,Q05_DELAY3,CONTROL_FAILURE,HIGH,12,COMPACT_TYPED,12,1.0,13.0,3.0,5.0,0.0,1.0,4.0,1.0,0.0,0.0,38.0,5.0,1.0,166.0,7.0,0.0,0.0
LIVE_EPISODIC,PERIODIC_ONLY,Q05_DELAY3,CONTROL_FAILURE,HIGH,12,VERBOSE_TYPED,12,1.0,13.0,3.0,5.0,0.0,1.0,4.0,1.0,0.0,0.0,41.0,5.0,1.0,167.0,7.0,0.0,0.0
LIVE_EPISODIC,PERIODIC_ONLY,Q05_DELAY3,CONTROL_FAILURE,LOW,4,COMPACT_TYPED,12,1.0,6.0,2.0,2.0,0.0,1.0,1.0,1.0,0.0,0.0,17.0,2.0,0.0,0.0,8.0,0.0,0.0
LIVE_EPISODIC,PERIODIC_ONLY,Q05_DELAY3,CONTROL_FAILURE,LOW,4,VERBOSE_TYPED,12,1.0,6.0,2.0,2.0,0.0,1.0,1.0,1.0,0.0,0.0,20.0,2.0,0.0,0.0,8.0,0.0,0.0
LIVE_EPISODIC,PERIODIC_ONLY,Q05_DELAY3,CONTROL_FAILURE,LOW,8,COMPACT_TYPED,12,1.0,10.0,2.0,4.0,0.0,1.0,3.0,1.0,0.0,0.0,29.0,4.0,0.0,0.0,12.0,0.0,0.0
LIVE_EPISODIC,PERIODIC_ONLY,Q05_DELAY3,CONTROL_FAILURE,LOW,8,VERBOSE_TYPED,12,1.0,10.0,2.0,4.0,0.0,1.0,3.0,1.0,0.0,0.0,32.0,4.0,0.0,0.0,12.0,0.0,0.0
LIVE_EPISODIC,PERIODIC_ONLY,Q05_DELAY3,CONTROL_FAILURE,LOW,12,COMPACT_TYPED,12,1.0,14.0,2.0,5.0,0.0,1.0,4.0,1.0,0.0,0.0,36.0,5.0,1.0,166.0,7.0,0.0,0.0
LIVE_EPISODIC,PERIODIC_ONLY,Q05_DELAY3,CONTROL_FAILURE,LOW,12,VERBOSE_TYPED,12,1.0,14.0,2.0,5.0,0.0,1.0,4.0,1.0,0.0,0.0,39.0,5.0,1.0,167.0,7.0,0.0,0.0
LIVE_EPISODIC,PERIODIC_ONLY,Q05_DELAY3,POSE_SHIFT,HIGH,4,COMPACT_TYPED,12,1.0,4.0,4.0,2.0,0.0,1.0,1.0,1.0,0.0,0.0,21.0,2.0,0.0,0.0,8.0,0.0,0.0
LIVE_EPISODIC,PERIODIC_ONLY,Q05_DELAY3,POSE_SHIFT,HIGH,4,VERBOSE_TYPED,12,1.0,4.0,4.0,2.0,0.0,1.0,1.0,1.0,0.0,0.0,24.0,2.0,0.0,0.0,8.0,0.0,0.0
LIVE_EPISODIC,PERIODIC_ONLY,Q05_DELAY3,POSE_SHIFT,HIGH,8,COMPACT_TYPED,12,1.0,10.0,2.0,4.0,0.0,1.0,3.0,1.0,0.0,0.0,29.0,4.0,0.0,0.0,12.0,0.0,0.0
LIVE_EPISODIC,PERIODIC_ONLY,Q05_DELAY3,POSE_SHIFT,HIGH,8,VERBOSE_TYPED,12,1.0,10.0,2.0,4.0,0.0,1.0,3.0,1.0,0.0,0.0,32.0,4.0,0.0,0.0,12.0,0.0,0.0
LIVE_EPISODIC,PERIODIC_ONLY,Q05_DELAY3,POSE_SHIFT,HIGH,12,COMPACT_TYPED,12,1.0,13.0,3.0,5.0,0.0,1.0,4.0,1.0,0.0,0.0,38.0,5.0,1.0,161.0,7.0,0.0,0.0
LIVE_EPISODIC,PERIODIC_ONLY,Q05_DELAY3,POSE_SHIFT,HIGH,12,VERBOSE_TYPED,12,1.0,13.0,3.0,5.0,0.0,1.0,4.0,1.0,0.0,0.0,41.0,5.0,1.0,162.0,7.0,0.0,0.0
LIVE_EPISODIC,PERIODIC_ONLY,Q05_DELAY3,POSE_SHIFT,LOW,4,COMPACT_TYPED,12,1.0,4.0,4.0,2.0,0.0,1.0,1.0,1.0,0.0,0.0,21.0,2.0,0.0,0.0,8.0,0.0,0.0
LIVE_EPISODIC,PERIODIC_ONLY,Q05_DELAY3,POSE_SHIFT,LOW,4,VERBOSE_TYPED,12,1.0,4.0,4.0,2.0,0.0,1.0,1.0,1.0,0.0,0.0,24.0,2.0,0.0,0.0,8.0,0.0,0.0
LIVE_EPISODIC,PERIODIC_ONLY,Q05_DELAY3,POSE_SHIFT,LOW,8,COMPACT_TYPED,12,1.0,10.0,2.0,4.0,0.0,1.0,3.0,1.0,0.0,0.0,29.0,4.0,0.0,0.0,12.0,0.0,0.0
LIVE_EPISODIC,PERIODIC_ONLY,Q05_DELAY3,POSE_SHIFT,LOW,8,VERBOSE_TYPED,12,1.0,10.0,2.0,4.0,0.0,1.0,3.0,1.0,0.0,0.0,32.0,4.0,0.0,0.0,12.0,0.0,0.0
LIVE_EPISODIC,PERIODIC_ONLY,Q05_DELAY3,POSE_SHIFT,LOW,12,COMPACT_TYPED,12,1.0,13.0,3.0,5.0,0.0,1.0,4.0,1.0,0.0,0.0,38.0,5.0,1.0,161.0,7.0,0.0,0.0
LIVE_EPISODIC,PERIODIC_ONLY,Q05_DELAY3,POSE_SHIFT,LOW,12,VERBOSE_TYPED,12,1.0,13.0,3.0,5.0,0.0,1.0,4.0,1.0,0.0,0.0,41.0,5.0,1.0,162.0,7.0,0.0,0.0
LIVE_EPISODIC,PERIODIC_ONLY,Q05_DELAY3,RESTRICTION_CHANGE,HIGH,4,COMPACT_TYPED,12,1.0,4.0,4.0,2.0,0.0,1.0,1.0,1.0,0.0,0.0,21.0,2.0,0.0,0.0,8.0,0.0,0.0
LIVE_EPISODIC,PERIODIC_ONLY,Q05_DELAY3,RESTRICTION_CHANGE,HIGH,4,VERBOSE_TYPED,12,1.0,4.0,4.0,2.0,0.0,1.0,1.0,1.0,0.0,0.0,24.0,2.0,0.0,0.0,8.0,0.0,0.0
LIVE_EPISODIC,PERIODIC_ONLY,Q05_DELAY3,RESTRICTION_CHANGE,HIGH,8,COMPACT_TYPED,12,1.0,10.0,2.0,4.0,0.0,1.0,3.0,1.0,0.0,0.0,29.0,4.0,0.0,0.0,12.0,0.0,0.0
LIVE_EPISODIC,PERIODIC_ONLY,Q05_DELAY3,RESTRICTION_CHANGE,HIGH,8,VERBOSE_TYPED,12,1.0,10.0,2.0,4.0,0.0,1.0,3.0,1.0,0.0,0.0,32.0,4.0,0.0,0.0,12.0,0.0,0.0
LIVE_EPISODIC,PERIODIC_ONLY,Q05_DELAY3,RESTRICTION_CHANGE,HIGH,12,COMPACT_TYPED,12,1.0,13.0,3.0,5.0,0.0,1.0,4.0,1.0,0.0,0.0,38.0,5.0,1.0,164.0,7.0,0.0,0.0
LIVE_EPISODIC,PERIODIC_ONLY,Q05_DELAY3,RESTRICTION_CHANGE,HIGH,12,VERBOSE_TYPED,12,1.0,13.0,3.0,5.0,0.0,1.0,4.0,1.0,0.0,0.0,41.0,5.0,1.0,165.0,7.0,0.0,0.0
LIVE_EPISODIC,PERIODIC_ONLY,Q05_DELAY3,RESTRICTION_CHANGE,LOW,4,COMPACT_TYPED,12,1.0,4.0,4.0,2.0,0.0,1.0,1.0,1.0,0.0,0.0,21.0,2.0,0.0,0.0,8.0,0.0,0.0
LIVE_EPISODIC,PERIODIC_ONLY,Q05_DELAY3,RESTRICTION_CHANGE,LOW,4,VERBOSE_TYPED,12,1.0,4.0,4.0,2.0,0.0,1.0,1.0,1.0,0.0,0.0,24.0,2.0,0.0,0.0,8.0,0.0,0.0
LIVE_EPISODIC,PERIODIC_ONLY,Q05_DELAY3,RESTRICTION_CHANGE,LOW,8,COMPACT_TYPED,12,1.0,10.0,2.0,4.0,0.0,1.0,3.0,1.0,0.0,0.0,29.0,4.0,0.0,0.0,12.0,0.0,0.0
LIVE_EPISODIC,PERIODIC_ONLY,Q05_DELAY3,RESTRICTION_CHANGE,LOW,8,VERBOSE_TYPED,12,1.0,10.0,2.0,4.0,0.0,1.0,3.0,1.0,0.0,0.0,32.0,4.0,0.0,0.0,12.0,0.0,0.0
LIVE_EPISODIC,PERIODIC_ONLY,Q05_DELAY3,RESTRICTION_CHANGE,LOW,12,COMPACT_TYPED,12,1.0,13.0,3.0,5.0,0.0,1.0,4.0,1.0,0.0,0.0,38.0,5.0,1.0,164.0,7.0,0.0,0.0
LIVE_EPISODIC,PERIODIC_ONLY,Q05_DELAY3,RESTRICTION_CHANGE,LOW,12,VERBOSE_TYPED,12,1.0,13.0,3.0,5.0,0.0,1.0,4.0,1.0,0.0,0.0,41.0,5.0,1.0,165.0,7.0,0.0,0.0
LIVE_EPISODIC,PERIODIC_ONLY,Q06_FALSE3,AVAILABILITY_LOSS,HIGH,4,COMPACT_TYPED,12,1.0,4.0,4.0,2.0,0.0,1.0,1.0,1.0,0.0,0.0,25.0,2.0,1.0,166.0,5.0,0.0,0.0
LIVE_EPISODIC,PERIODIC_ONLY,Q06_FALSE3,AVAILABILITY_LOSS,HIGH,4,VERBOSE_TYPED,12,1.0,4.0,4.0,2.0,0.0,1.0,1.0,1.0,0.0,0.0,37.0,2.0,1.0,167.0,5.0,0.0,0.0
LIVE_EPISODIC,PERIODIC_ONLY,Q06_FALSE3,AVAILABILITY_LOSS,HIGH,8,COMPACT_TYPED,12,1.0,10.0,2.0,4.0,0.0,1.0,3.0,1.0,0.0,0.0,32.0,4.0,0.0,0.0,12.0,0.0,0.0
LIVE_EPISODIC,PERIODIC_ONLY,Q06_FALSE3,AVAILABILITY_LOSS,HIGH,8,VERBOSE_TYPED,12,1.0,10.0,2.0,4.0,0.0,1.0,3.0,1.0,0.0,0.0,44.0,4.0,0.0,0.0,12.0,0.0,0.0
LIVE_EPISODIC,PERIODIC_ONLY,Q06_FALSE3,AVAILABILITY_LOSS,HIGH,12,COMPACT_TYPED,12,1.0,16.0,0.0,5.0,0.0,1.0,4.0,1.0,0.0,0.0,37.0,5.0,3.0,499.0,10.0,0.0,0.0
LIVE_EPISODIC,PERIODIC_ONLY,Q06_FALSE3,AVAILABILITY_LOSS,HIGH,12,VERBOSE_TYPED,12,1.0,16.0,0.0,5.0,0.0,1.0,4.0,1.0,0.0,0.0,49.0,5.0,3.0,502.0,10.0,0.0,0.0
LIVE_EPISODIC,PERIODIC_ONLY,Q06_FALSE3,AVAILABILITY_LOSS,LOW,4,COMPACT_TYPED,12,1.0,4.0,4.0,2.0,0.0,1.0,1.0,1.0,0.0,0.0,25.0,2.0,1.0,166.0,5.0,0.0,0.0
LIVE_EPISODIC,PERIODIC_ONLY,Q06_FALSE3,AVAILABILITY_LOSS,LOW,4,VERBOSE_TYPED,12,1.0,4.0,4.0,2.0,0.0,1.0,1.0,1.0,0.0,0.0,37.0,2.0,1.0,167.0,5.0,0.0,0.0
LIVE_EPISODIC,PERIODIC_ONLY,Q06_FALSE3,AVAILABILITY_LOSS,LOW,8,COMPACT_TYPED,12,1.0,10.0,2.0,4.0,0.0,1.0,3.0,1.0,0.0,0.0,32.0,4.0,0.0,0.0,12.0,0.0,0.0
LIVE_EPISODIC,PERIODIC_ONLY,Q06_FALSE3,AVAILABILITY_LOSS,LOW,8,VERBOSE_TYPED,12,1.0,10.0,2.0,4.0,0.0,1.0,3.0,1.0,0.0,0.0,44.0,4.0,0.0,0.0,12.0,0.0,0.0
LIVE_EPISODIC,PERIODIC_ONLY,Q06_FALSE3,AVAILABILITY_LOSS,LOW,12,COMPACT_TYPED,12,1.0,16.0,0.0,5.0,0.0,1.0,4.0,1.0,0.0,0.0,37.0,5.0,3.0,499.0,10.0,0.0,0.0
LIVE_EPISODIC,PERIODIC_ONLY,Q06_FALSE3,AVAILABILITY_LOSS,LOW,12,VERBOSE_TYPED,12,1.0,16.0,0.0,5.0,0.0,1.0,4.0,1.0,0.0,0.0,49.0,5.0,3.0,502.0,10.0,0.0,0.0
LIVE_EPISODIC,PERIODIC_ONLY,Q06_FALSE3,CONTROL_FAILURE,HIGH,4,COMPACT_TYPED,12,1.0,5.0,3.0,2.0,0.0,1.0,1.0,1.0,0.0,0.0,23.0,2.0,1.0,166.0,5.0,0.0,0.0
LIVE_EPISODIC,PERIODIC_ONLY,Q06_FALSE3,CONTROL_FAILURE,HIGH,4,VERBOSE_TYPED,12,1.0,5.0,3.0,2.0,0.0,1.0,1.0,1.0,0.0,0.0,35.0,2.0,1.0,167.0,5.0,0.0,0.0
LIVE_EPISODIC,PERIODIC_ONLY,Q06_FALSE3,CONTROL_FAILURE,HIGH,8,COMPACT_TYPED,12,1.0,10.0,2.0,4.0,0.0,1.0,3.0,1.0,0.0,0.0,32.0,4.0,0.0,0.0,12.0,0.0,0.0
LIVE_EPISODIC,PERIODIC_ONLY,Q06_FALSE3,CONTROL_FAILURE,HIGH,8,VERBOSE_TYPED,12,1.0,10.0,2.0,4.0,0.0,1.0,3.0,1.0,0.0,0.0,44.0,4.0,0.0,0.0,12.0,0.0,0.0
LIVE_EPISODIC,PERIODIC_ONLY,Q06_FALSE3,CONTROL_FAILURE,HIGH,12,COMPACT_TYPED,12,1.0,13.0,3.0,5.0,0.0,1.0,4.0,1.0,0.0,0.0,43.0,5.0,3.0,498.0,10.0,0.0,0.0
LIVE_EPISODIC,PERIODIC_ONLY,Q06_FALSE3,CONTROL_FAILURE,HIGH,12,VERBOSE_TYPED,12,1.0,13.0,3.0,5.0,0.0,1.0,4.0,1.0,0.0,0.0,55.0,5.0,3.0,501.0,10.0,0.0,0.0
LIVE_EPISODIC,PERIODIC_ONLY,Q06_FALSE3,CONTROL_FAILURE,LOW,4,COMPACT_TYPED,12,1.0,6.0,2.0,2.0,0.0,1.0,1.0,1.0,0.0,0.0,21.0,2.0,1.0,166.0,5.0,0.0,0.0
LIVE_EPISODIC,PERIODIC_ONLY,Q06_FALSE3,CONTROL_FAILURE,LOW,4,VERBOSE_TYPED,12,1.0,6.0,2.0,2.0,0.0,1.0,1.0,1.0,0.0,0.0,33.0,2.0,1.0,167.0,5.0,0.0,0.0
LIVE_EPISODIC,PERIODIC_ONLY,Q06_FALSE3,CONTROL_FAILURE,LOW,8,COMPACT_TYPED,12,1.0,10.0,2.0,4.0,0.0,1.0,3.0,1.0,0.0,0.0,32.0,4.0,0.0,0.0,12.0,0.0,0.0
LIVE_EPISODIC,PERIODIC_ONLY,Q06_FALSE3,CONTROL_FAILURE,LOW,8,VERBOSE_TYPED,12,1.0,10.0,2.0,4.0,0.0,1.0,3.0,1.0,0.0,0.0,44.0,4.0,0.0,0.0,12.0,0.0,0.0
LIVE_EPISODIC,PERIODIC_ONLY,Q06_FALSE3,CONTROL_FAILURE,LOW,12,COMPACT_TYPED,12,1.0,14.0,2.0,5.0,0.0,1.0,4.0,1.0,0.0,0.0,41.0,5.0,3.0,498.0,10.0,0.0,0.0
LIVE_EPISODIC,PERIODIC_ONLY,Q06_FALSE3,CONTROL_FAILURE,LOW,12,VERBOSE_TYPED,12,1.0,14.0,2.0,5.0,0.0,1.0,4.0,1.0,0.0,0.0,53.0,5.0,3.0,501.0,10.0,0.0,0.0
LIVE_EPISODIC,PERIODIC_ONLY,Q06_FALSE3,POSE_SHIFT,HIGH,4,COMPACT_TYPED,12,1.0,4.0,4.0,2.0,0.0,1.0,1.0,1.0,0.0,0.0,25.0,2.0,1.0,166.0,5.0,0.0,0.0
LIVE_EPISODIC,PERIODIC_ONLY,Q06_FALSE3,POSE_SHIFT,HIGH,4,VERBOSE_TYPED,12,1.0,4.0,4.0,2.0,0.0,1.0,1.0,1.0,0.0,0.0,37.0,2.0,1.0,167.0,5.0,0.0,0.0
LIVE_EPISODIC,PERIODIC_ONLY,Q06_FALSE3,POSE_SHIFT,HIGH,8,COMPACT_TYPED,12,1.0,10.0,2.0,4.0,0.0,1.0,3.0,1.0,0.0,0.0,32.0,4.0,0.0,0.0,12.0,0.0,0.0
LIVE_EPISODIC,PERIODIC_ONLY,Q06_FALSE3,POSE_SHIFT,HIGH,8,VERBOSE_TYPED,12,1.0,10.0,2.0,4.0,0.0,1.0,3.0,1.0,0.0,0.0,44.0,4.0,0.0,0.0,12.0,0.0,0.0
LIVE_EPISODIC,PERIODIC_ONLY,Q06_FALSE3,POSE_SHIFT,HIGH,12,COMPACT_TYPED,12,1.0,16.0,0.0,5.0,0.0,1.0,4.0,0.0,0.0,0.0,37.0,5.0,3.0,493.0,10.0,0.0,0.0
LIVE_EPISODIC,PERIODIC_ONLY,Q06_FALSE3,POSE_SHIFT,HIGH,12,VERBOSE_TYPED,12,1.0,16.0,0.0,5.0,0.0,1.0,4.0,0.0,0.0,0.0,49.0,5.0,3.0,496.0,10.0,0.0,0.0
LIVE_EPISODIC,PERIODIC_ONLY,Q06_FALSE3,POSE_SHIFT,LOW,4,COMPACT_TYPED,12,1.0,4.0,4.0,2.0,0.0,1.0,1.0,1.0,0.0,0.0,25.0,2.0,1.0,166.0,5.0,0.0,0.0
LIVE_EPISODIC,PERIODIC_ONLY,Q06_FALSE3,POSE_SHIFT,LOW,4,VERBOSE_TYPED,12,1.0,4.0,4.0,2.0,0.0,1.0,1.0,1.0,0.0,0.0,37.0,2.0,1.0,167.0,5.0,0.0,0.0
LIVE_EPISODIC,PERIODIC_ONLY,Q06_FALSE3,POSE_SHIFT,LOW,8,COMPACT_TYPED,12,1.0,10.0,2.0,4.0,0.0,1.0,3.0,1.0,0.0,0.0,32.0,4.0,0.0,0.0,12.0,0.0,0.0
LIVE_EPISODIC,PERIODIC_ONLY,Q06_FALSE3,POSE_SHIFT,LOW,8,VERBOSE_TYPED,12,1.0,10.0,2.0,4.0,0.0,1.0,3.0,1.0,0.0,0.0,44.0,4.0,0.0,0.0,12.0,0.0,0.0
LIVE_EPISODIC,PERIODIC_ONLY,Q06_FALSE3,POSE_SHIFT,LOW,12,COMPACT_TYPED,12,1.0,16.0,0.0,5.0,0.0,1.0,4.0,0.0,0.0,0.0,37.0,5.0,3.0,493.0,10.0,0.0,0.0
LIVE_EPISODIC,PERIODIC_ONLY,Q06_FALSE3,POSE_SHIFT,LOW,12,VERBOSE_TYPED,12,1.0,16.0,0.0,5.0,0.0,1.0,4.0,0.0,0.0,0.0,49.0,5.0,3.0,496.0,10.0,0.0,0.0
LIVE_EPISODIC,PERIODIC_ONLY,Q06_FALSE3,RESTRICTION_CHANGE,HIGH,4,COMPACT_TYPED,12,1.0,4.0,4.0,2.0,0.0,1.0,1.0,1.0,0.0,0.0,25.0,2.0,1.0,166.0,5.0,0.0,0.0
LIVE_EPISODIC,PERIODIC_ONLY,Q06_FALSE3,RESTRICTION_CHANGE,HIGH,4,VERBOSE_TYPED,12,1.0,4.0,4.0,2.0,0.0,1.0,1.0,1.0,0.0,0.0,37.0,2.0,1.0,167.0,5.0,0.0,0.0
LIVE_EPISODIC,PERIODIC_ONLY,Q06_FALSE3,RESTRICTION_CHANGE,HIGH,8,COMPACT_TYPED,12,1.0,10.0,2.0,4.0,0.0,1.0,3.0,1.0,0.0,0.0,32.0,4.0,0.0,0.0,12.0,0.0,0.0
LIVE_EPISODIC,PERIODIC_ONLY,Q06_FALSE3,RESTRICTION_CHANGE,HIGH,8,VERBOSE_TYPED,12,1.0,10.0,2.0,4.0,0.0,1.0,3.0,1.0,0.0,0.0,44.0,4.0,0.0,0.0,12.0,0.0,0.0
LIVE_EPISODIC,PERIODIC_ONLY,Q06_FALSE3,RESTRICTION_CHANGE,HIGH,12,COMPACT_TYPED,12,1.0,16.0,0.0,5.0,0.0,1.0,4.0,1.0,0.0,0.0,37.0,5.0,3.0,496.0,10.0,0.0,0.0
LIVE_EPISODIC,PERIODIC_ONLY,Q06_FALSE3,RESTRICTION_CHANGE,HIGH,12,VERBOSE_TYPED,12,1.0,16.0,0.0,5.0,0.0,1.0,4.0,1.0,0.0,0.0,49.0,5.0,3.0,499.0,10.0,0.0,0.0
LIVE_EPISODIC,PERIODIC_ONLY,Q06_FALSE3,RESTRICTION_CHANGE,LOW,4,COMPACT_TYPED,12,1.0,4.0,4.0,2.0,0.0,1.0,1.0,1.0,0.0,0.0,25.0,2.0,1.0,166.0,5.0,0.0,0.0
LIVE_EPISODIC,PERIODIC_ONLY,Q06_FALSE3,RESTRICTION_CHANGE,LOW,4,VERBOSE_TYPED,12,1.0,4.0,4.0,2.0,0.0,1.0,1.0,1.0,0.0,0.0,37.0,2.0,1.0,167.0,5.0,0.0,0.0
LIVE_EPISODIC,PERIODIC_ONLY,Q06_FALSE3,RESTRICTION_CHANGE,LOW,8,COMPACT_TYPED,12,1.0,10.0,2.0,4.0,0.0,1.0,3.0,1.0,0.0,0.0,32.0,4.0,0.0,0.0,12.0,0.0,0.0
LIVE_EPISODIC,PERIODIC_ONLY,Q06_FALSE3,RESTRICTION_CHANGE,LOW,8,VERBOSE_TYPED,12,1.0,10.0,2.0,4.0,0.0,1.0,3.0,1.0,0.0,0.0,44.0,4.0,0.0,0.0,12.0,0.0,0.0
LIVE_EPISODIC,PERIODIC_ONLY,Q06_FALSE3,RESTRICTION_CHANGE,LOW,12,COMPACT_TYPED,12,1.0,16.0,0.0,5.0,0.0,1.0,4.0,1.0,0.0,0.0,37.0,5.0,3.0,496.0,10.0,0.0,0.0
LIVE_EPISODIC,PERIODIC_ONLY,Q06_FALSE3,RESTRICTION_CHANGE,LOW,12,VERBOSE_TYPED,12,1.0,16.0,0.0,5.0,0.0,1.0,4.0,1.0,0.0,0.0,49.0,5.0,3.0,499.0,10.0,0.0,0.0
LIVE_EPISODIC,PERIODIC_ONLY,Q07_DUP_OOO,AVAILABILITY_LOSS,HIGH,4,COMPACT_TYPED,12,1.0,7.0,1.0,2.0,0.0,1.0,1.0,1.0,0.0,0.0,19.0,2.0,2.0,334.0,5.0,0.0,0.0
LIVE_EPISODIC,PERIODIC_ONLY,Q07_DUP_OOO,AVAILABILITY_LOSS,HIGH,4,VERBOSE_TYPED,12,1.0,7.0,1.0,2.0,0.0,1.0,1.0,1.0,0.0,0.0,28.0,2.0,2.0,336.0,5.0,0.0,0.0
LIVE_EPISODIC,PERIODIC_ONLY,Q07_DUP_OOO,AVAILABILITY_LOSS,HIGH,8,COMPACT_TYPED,12,1.0,10.0,2.0,4.0,0.0,1.0,3.0,1.0,0.0,0.0,32.0,4.0,1.0,167.0,6.0,0.0,0.0
LIVE_EPISODIC,PERIODIC_ONLY,Q07_DUP_OOO,AVAILABILITY_LOSS,HIGH,8,VERBOSE_TYPED,12,1.0,10.0,2.0,4.0,0.0,1.0,3.0,1.0,0.0,0.0,41.0,4.0,1.0,168.0,6.0,0.0,0.0
LIVE_EPISODIC,PERIODIC_ONLY,Q07_DUP_OOO,AVAILABILITY_LOSS,HIGH,12,COMPACT_TYPED,12,1.0,13.0,3.0,5.0,0.0,1.0,4.0,1.0,0.0,0.0,39.0,5.0,0.0,0.0,16.0,0.0,0.0
LIVE_EPISODIC,PERIODIC_ONLY,Q07_DUP_OOO,AVAILABILITY_LOSS,HIGH,12,VERBOSE_TYPED,12,1.0,13.0,3.0,5.0,0.0,1.0,4.0,1.0,0.0,0.0,48.0,5.0,0.0,0.0,16.0,0.0,0.0
LIVE_EPISODIC,PERIODIC_ONLY,Q07_DUP_OOO,AVAILABILITY_LOSS,LOW,4,COMPACT_TYPED,12,1.0,7.0,1.0,2.0,0.0,1.0,1.0,1.0,0.0,0.0,19.0,2.0,2.0,334.0,5.0,0.0,0.0
LIVE_EPISODIC,PERIODIC_ONLY,Q07_DUP_OOO,AVAILABILITY_LOSS,LOW,4,VERBOSE_TYPED,12,1.0,7.0,1.0,2.0,0.0,1.0,1.0,1.0,0.0,0.0,28.0,2.0,2.0,336.0,5.0,0.0,0.0
LIVE_EPISODIC,PERIODIC_ONLY,Q07_DUP_OOO,AVAILABILITY_LOSS,LOW,8,COMPACT_TYPED,12,1.0,10.0,2.0,4.0,0.0,1.0,3.0,1.0,0.0,0.0,32.0,4.0,1.0,167.0,6.0,0.0,0.0
LIVE_EPISODIC,PERIODIC_ONLY,Q07_DUP_OOO,AVAILABILITY_LOSS,LOW,8,VERBOSE_TYPED,12,1.0,10.0,2.0,4.0,0.0,1.0,3.0,1.0,0.0,0.0,41.0,4.0,1.0,168.0,6.0,0.0,0.0
LIVE_EPISODIC,PERIODIC_ONLY,Q07_DUP_OOO,AVAILABILITY_LOSS,LOW,12,COMPACT_TYPED,12,1.0,13.0,3.0,5.0,0.0,1.0,4.0,1.0,0.0,0.0,39.0,5.0,0.0,0.0,16.0,0.0,0.0
LIVE_EPISODIC,PERIODIC_ONLY,Q07_DUP_OOO,AVAILABILITY_LOSS,LOW,12,VERBOSE_TYPED,12,1.0,13.0,3.0,5.0,0.0,1.0,4.0,1.0,0.0,0.0,48.0,5.0,0.0,0.0,16.0,0.0,0.0
LIVE_EPISODIC,PERIODIC_ONLY,Q07_DUP_OOO,CONTROL_FAILURE,HIGH,4,COMPACT_TYPED,12,1.0,5.0,3.0,2.0,0.0,1.0,1.0,1.0,0.0,0.0,23.0,2.0,2.0,332.0,5.0,0.0,0.0
LIVE_EPISODIC,PERIODIC_ONLY,Q07_DUP_OOO,CONTROL_FAILURE,HIGH,4,VERBOSE_TYPED,12,1.0,5.0,3.0,2.0,0.0,1.0,1.0,1.0,0.0,0.0,32.0,2.0,2.0,334.0,5.0,0.0,0.0
LIVE_EPISODIC,PERIODIC_ONLY,Q07_DUP_OOO,CONTROL_FAILURE,HIGH,8,COMPACT_TYPED,12,1.0,10.0,2.0,4.0,0.0,1.0,3.0,1.0,0.0,0.0,32.0,4.0,1.0,166.0,6.0,0.0,0.0
LIVE_EPISODIC,PERIODIC_ONLY,Q07_DUP_OOO,CONTROL_FAILURE,HIGH,8,VERBOSE_TYPED,12,1.0,10.0,2.0,4.0,0.0,1.0,3.0,1.0,0.0,0.0,41.0,4.0,1.0,167.0,6.0,0.0,0.0
LIVE_EPISODIC,PERIODIC_ONLY,Q07_DUP_OOO,CONTROL_FAILURE,HIGH,12,COMPACT_TYPED,12,1.0,13.0,3.0,5.0,0.0,1.0,4.0,1.0,0.0,0.0,39.0,5.0,0.0,0.0,16.0,0.0,0.0
LIVE_EPISODIC,PERIODIC_ONLY,Q07_DUP_OOO,CONTROL_FAILURE,HIGH,12,VERBOSE_TYPED,12,1.0,13.0,3.0,5.0,0.0,1.0,4.0,1.0,0.0,0.0,48.0,5.0,0.0,0.0,16.0,0.0,0.0
LIVE_EPISODIC,PERIODIC_ONLY,Q07_DUP_OOO,CONTROL_FAILURE,LOW,4,COMPACT_TYPED,12,1.0,6.0,2.0,2.0,0.0,1.0,1.0,1.0,0.0,0.0,21.0,2.0,2.0,332.0,5.0,0.0,0.0
LIVE_EPISODIC,PERIODIC_ONLY,Q07_DUP_OOO,CONTROL_FAILURE,LOW,4,VERBOSE_TYPED,12,1.0,6.0,2.0,2.0,0.0,1.0,1.0,1.0,0.0,0.0,30.0,2.0,2.0,334.0,5.0,0.0,0.0
LIVE_EPISODIC,PERIODIC_ONLY,Q07_DUP_OOO,CONTROL_FAILURE,LOW,8,COMPACT_TYPED,12,1.0,10.0,2.0,4.0,0.0,1.0,3.0,1.0,0.0,0.0,32.0,4.0,1.0,166.0,6.0,0.0,0.0
LIVE_EPISODIC,PERIODIC_ONLY,Q07_DUP_OOO,CONTROL_FAILURE,LOW,8,VERBOSE_TYPED,12,1.0,10.0,2.0,4.0,0.0,1.0,3.0,1.0,0.0,0.0,41.0,4.0,1.0,167.0,6.0,0.0,0.0
LIVE_EPISODIC,PERIODIC_ONLY,Q07_DUP_OOO,CONTROL_FAILURE,LOW,12,COMPACT_TYPED,12,1.0,14.0,2.0,5.0,0.0,1.0,4.0,1.0,0.0,0.0,37.0,5.0,0.0,0.0,16.0,0.0,0.0
LIVE_EPISODIC,PERIODIC_ONLY,Q07_DUP_OOO,CONTROL_FAILURE,LOW,12,VERBOSE_TYPED,12,1.0,14.0,2.0,5.0,0.0,1.0,4.0,1.0,0.0,0.0,46.0,5.0,0.0,0.0,16.0,0.0,0.0
LIVE_EPISODIC,PERIODIC_ONLY,Q07_DUP_OOO,POSE_SHIFT,HIGH,4,COMPACT_TYPED,12,1.0,7.0,1.0,2.0,0.0,1.0,1.0,0.0,0.0,0.0,19.0,2.0,2.0,322.0,5.0,0.0,0.0
LIVE_EPISODIC,PERIODIC_ONLY,Q07_DUP_OOO,POSE_SHIFT,HIGH,4,VERBOSE_TYPED,12,1.0,7.0,1.0,2.0,0.0,1.0,1.0,0.0,0.0,0.0,28.0,2.0,2.0,324.0,5.0,0.0,0.0
LIVE_EPISODIC,PERIODIC_ONLY,Q07_DUP_OOO,POSE_SHIFT,HIGH,8,COMPACT_TYPED,12,1.0,10.0,2.0,4.0,0.0,1.0,3.0,1.0,0.0,0.0,32.0,4.0,1.0,161.0,6.0,0.0,0.0
LIVE_EPISODIC,PERIODIC_ONLY,Q07_DUP_OOO,POSE_SHIFT,HIGH,8,VERBOSE_TYPED,12,1.0,10.0,2.0,4.0,0.0,1.0,3.0,1.0,0.0,0.0,41.0,4.0,1.0,162.0,6.0,0.0,0.0
LIVE_EPISODIC,PERIODIC_ONLY,Q07_DUP_OOO,POSE_SHIFT,HIGH,12,COMPACT_TYPED,12,1.0,13.0,3.0,5.0,0.0,1.0,4.0,1.0,0.0,0.0,39.0,5.0,0.0,0.0,16.0,0.0,0.0
LIVE_EPISODIC,PERIODIC_ONLY,Q07_DUP_OOO,POSE_SHIFT,HIGH,12,VERBOSE_TYPED,12,1.0,13.0,3.0,5.0,0.0,1.0,4.0,1.0,0.0,0.0,48.0,5.0,0.0,0.0,16.0,0.0,0.0
LIVE_EPISODIC,PERIODIC_ONLY,Q07_DUP_OOO,POSE_SHIFT,LOW,4,COMPACT_TYPED,12,1.0,7.0,1.0,2.0,0.0,1.0,1.0,0.0,0.0,0.0,19.0,2.0,2.0,322.0,5.0,0.0,0.0
LIVE_EPISODIC,PERIODIC_ONLY,Q07_DUP_OOO,POSE_SHIFT,LOW,4,VERBOSE_TYPED,12,1.0,7.0,1.0,2.0,0.0,1.0,1.0,0.0,0.0,0.0,28.0,2.0,2.0,324.0,5.0,0.0,0.0
LIVE_EPISODIC,PERIODIC_ONLY,Q07_DUP_OOO,POSE_SHIFT,LOW,8,COMPACT_TYPED,12,1.0,10.0,2.0,4.0,0.0,1.0,3.0,1.0,0.0,0.0,32.0,4.0,1.0,161.0,6.0,0.0,0.0
LIVE_EPISODIC,PERIODIC_ONLY,Q07_DUP_OOO,POSE_SHIFT,LOW,8,VERBOSE_TYPED,12,1.0,10.0,2.0,4.0,0.0,1.0,3.0,1.0,0.0,0.0,41.0,4.0,1.0,162.0,6.0,0.0,0.0
LIVE_EPISODIC,PERIODIC_ONLY,Q07_DUP_OOO,POSE_SHIFT,LOW,12,COMPACT_TYPED,12,1.0,13.0,3.0,5.0,0.0,1.0,4.0,1.0,0.0,0.0,39.0,5.0,0.0,0.0,16.0,0.0,0.0
LIVE_EPISODIC,PERIODIC_ONLY,Q07_DUP_OOO,POSE_SHIFT,LOW,12,VERBOSE_TYPED,12,1.0,13.0,3.0,5.0,0.0,1.0,4.0,1.0,0.0,0.0,48.0,5.0,0.0,0.0,16.0,0.0,0.0
LIVE_EPISODIC,PERIODIC_ONLY,Q07_DUP_OOO,RESTRICTION_CHANGE,HIGH,4,COMPACT_TYPED,12,1.0,7.0,1.0,2.0,0.0,1.0,1.0,1.0,0.0,0.0,19.0,2.0,2.0,328.0,5.0,0.0,0.0
LIVE_EPISODIC,PERIODIC_ONLY,Q07_DUP_OOO,RESTRICTION_CHANGE,HIGH,4,VERBOSE_TYPED,12,1.0,7.0,1.0,2.0,0.0,1.0,1.0,1.0,0.0,0.0,28.0,2.0,2.0,330.0,5.0,0.0,0.0
LIVE_EPISODIC,PERIODIC_ONLY,Q07_DUP_OOO,RESTRICTION_CHANGE,HIGH,8,COMPACT_TYPED,12,1.0,10.0,2.0,4.0,0.0,1.0,3.0,1.0,0.0,0.0,32.0,4.0,1.0,164.0,6.0,0.0,0.0
LIVE_EPISODIC,PERIODIC_ONLY,Q07_DUP_OOO,RESTRICTION_CHANGE,HIGH,8,VERBOSE_TYPED,12,1.0,10.0,2.0,4.0,0.0,1.0,3.0,1.0,0.0,0.0,41.0,4.0,1.0,165.0,6.0,0.0,0.0
LIVE_EPISODIC,PERIODIC_ONLY,Q07_DUP_OOO,RESTRICTION_CHANGE,HIGH,12,COMPACT_TYPED,12,1.0,13.0,3.0,5.0,0.0,1.0,4.0,1.0,0.0,0.0,39.0,5.0,0.0,0.0,16.0,0.0,0.0
LIVE_EPISODIC,PERIODIC_ONLY,Q07_DUP_OOO,RESTRICTION_CHANGE,HIGH,12,VERBOSE_TYPED,12,1.0,13.0,3.0,5.0,0.0,1.0,4.0,1.0,0.0,0.0,48.0,5.0,0.0,0.0,16.0,0.0,0.0
LIVE_EPISODIC,PERIODIC_ONLY,Q07_DUP_OOO,RESTRICTION_CHANGE,LOW,4,COMPACT_TYPED,12,1.0,7.0,1.0,2.0,0.0,1.0,1.0,1.0,0.0,0.0,19.0,2.0,2.0,328.0,5.0,0.0,0.0
LIVE_EPISODIC,PERIODIC_ONLY,Q07_DUP_OOO,RESTRICTION_CHANGE,LOW,4,VERBOSE_TYPED,12,1.0,7.0,1.0,2.0,0.0,1.0,1.0,1.0,0.0,0.0,28.0,2.0,2.0,330.0,5.0,0.0,0.0
LIVE_EPISODIC,PERIODIC_ONLY,Q07_DUP_OOO,RESTRICTION_CHANGE,LOW,8,COMPACT_TYPED,12,1.0,10.0,2.0,4.0,0.0,1.0,3.0,1.0,0.0,0.0,32.0,4.0,1.0,164.0,6.0,0.0,0.0
LIVE_EPISODIC,PERIODIC_ONLY,Q07_DUP_OOO,RESTRICTION_CHANGE,LOW,8,VERBOSE_TYPED,12,1.0,10.0,2.0,4.0,0.0,1.0,3.0,1.0,0.0,0.0,41.0,4.0,1.0,165.0,6.0,0.0,0.0
LIVE_EPISODIC,PERIODIC_ONLY,Q07_DUP_OOO,RESTRICTION_CHANGE,LOW,12,COMPACT_TYPED,12,1.0,13.0,3.0,5.0,0.0,1.0,4.0,1.0,0.0,0.0,39.0,5.0,0.0,0.0,16.0,0.0,0.0
LIVE_EPISODIC,PERIODIC_ONLY,Q07_DUP_OOO,RESTRICTION_CHANGE,LOW,12,VERBOSE_TYPED,12,1.0,13.0,3.0,5.0,0.0,1.0,4.0,1.0,0.0,0.0,48.0,5.0,0.0,0.0,16.0,0.0,0.0
LIVE_EPISODIC,PERIODIC_ONLY,Q08_GUARDED,AVAILABILITY_LOSS,HIGH,4,COMPACT_TYPED,12,1.0,5.5,2.5,2.0,0.0,1.0,1.0,1.0,0.0,0.0,19.5,2.0,0.5,83.5,6.5,0.0,0.0
LIVE_EPISODIC,PERIODIC_ONLY,Q08_GUARDED,AVAILABILITY_LOSS,HIGH,4,VERBOSE_TYPED,12,1.0,5.5,2.5,2.0,0.0,1.0,1.0,1.0,0.0,0.0,25.5,2.0,0.5,84.0,6.5,0.0,0.0
LIVE_EPISODIC,PERIODIC_ONLY,Q08_GUARDED,AVAILABILITY_LOSS,HIGH,8,COMPACT_TYPED,12,1.0,10.0,2.0,4.0,0.0,1.0,3.0,1.0,0.0,0.0,31.25,4.0,0.75,125.25,7.5,0.0,0.0
LIVE_EPISODIC,PERIODIC_ONLY,Q08_GUARDED,AVAILABILITY_LOSS,HIGH,8,VERBOSE_TYPED,12,1.0,10.0,2.0,4.0,0.0,1.0,3.0,1.0,0.0,0.0,38.75,4.0,0.75,126.0,7.5,0.0,0.0
LIVE_EPISODIC,PERIODIC_ONLY,Q08_GUARDED,AVAILABILITY_LOSS,HIGH,12,COMPACT_TYPED,12,1.0,13.0,3.0,5.0,0.0,1.0,4.0,1.0,0.0,0.0,39.666667,5.0,1.0,166.0,10.0,0.0,0.0
LIVE_EPISODIC,PERIODIC_ONLY,Q08_GUARDED,AVAILABILITY_LOSS,HIGH,12,VERBOSE_TYPED,12,1.0,13.0,3.0,5.0,0.0,1.0,4.0,1.0,0.0,0.0,47.666667,5.0,1.0,167.0,10.0,0.0,0.0
LIVE_EPISODIC,PERIODIC_ONLY,Q08_GUARDED,AVAILABILITY_LOSS,LOW,4,COMPACT_TYPED,12,1.0,6.5,1.5,2.0,0.0,1.0,1.0,1.0,0.0,0.0,18.5,2.0,0.833333,139.166667,5.5,0.0,0.0
LIVE_EPISODIC,PERIODIC_ONLY,Q08_GUARDED,AVAILABILITY_LOSS,LOW,4,VERBOSE_TYPED,12,1.0,6.5,1.5,2.0,0.0,1.0,1.0,1.0,0.0,0.0,26.5,2.0,0.833333,140.0,5.5,0.0,0.0
LIVE_EPISODIC,PERIODIC_ONLY,Q08_GUARDED,AVAILABILITY_LOSS,LOW,8,COMPACT_TYPED,12,1.0,10.0,2.0,4.0,0.0,1.0,3.0,1.0,0.0,0.0,31.25,4.0,0.75,125.25,7.5,0.0,0.0
LIVE_EPISODIC,PERIODIC_ONLY,Q08_GUARDED,AVAILABILITY_LOSS,LOW,8,VERBOSE_TYPED,12,1.0,10.0,2.0,4.0,0.0,1.0,3.0,1.0,0.0,0.0,38.75,4.0,0.75,126.0,7.5,0.0,0.0
LIVE_EPISODIC,PERIODIC_ONLY,Q08_GUARDED,AVAILABILITY_LOSS,LOW,12,COMPACT_TYPED,12,1.0,13.0,3.0,5.0,0.0,1.0,4.0,1.0,0.0,0.0,39.5,5.0,1.0,166.0,10.0,0.0,0.0
LIVE_EPISODIC,PERIODIC_ONLY,Q08_GUARDED,AVAILABILITY_LOSS,LOW,12,VERBOSE_TYPED,12,1.0,13.0,3.0,5.0,0.0,1.0,4.0,1.0,0.0,0.0,47.0,5.0,1.0,167.0,10.0,0.0,0.0
LIVE_EPISODIC,PERIODIC_ONLY,Q08_GUARDED,CONTROL_FAILURE,HIGH,4,COMPACT_TYPED,12,1.0,5.0,3.0,2.0,0.0,1.0,1.0,1.0,0.0,0.0,20.75,2.0,0.583333,96.833333,6.25,0.0,0.0
LIVE_EPISODIC,PERIODIC_ONLY,Q08_GUARDED,CONTROL_FAILURE,HIGH,4,VERBOSE_TYPED,12,1.0,5.0,3.0,2.0,0.0,1.0,1.0,1.0,0.0,0.0,27.25,2.0,0.583333,97.416667,6.25,0.0,0.0
LIVE_EPISODIC,PERIODIC_ONLY,Q08_GUARDED,CONTROL_FAILURE,HIGH,8,COMPACT_TYPED,12,1.0,10.0,2.0,4.0,0.0,1.0,3.0,1.0,0.0,0.0,31.5,4.0,0.833333,138.333333,7.0,0.0,0.0
LIVE_EPISODIC,PERIODIC_ONLY,Q08_GUARDED,CONTROL_FAILURE,HIGH,8,VERBOSE_TYPED,12,1.0,10.0,2.0,4.0,0.0,1.0,3.0,1.0,0.0,0.0,39.5,4.0,0.833333,139.166667,7.0,0.0,0.0
LIVE_EPISODIC,PERIODIC_ONLY,Q08_GUARDED,CONTROL_FAILURE,HIGH,12,COMPACT_TYPED,12,1.0,13.0,3.0,5.0,0.0,1.0,4.0,1.0,0.0,0.0,39.5,5.0,1.0,166.0,10.0,0.0,0.0
LIVE_EPISODIC,PERIODIC_ONLY,Q08_GUARDED,CONTROL_FAILURE,HIGH,12,VERBOSE_TYPED,12,1.0,13.0,3.0,5.0,0.0,1.0,4.0,1.0,0.0,0.0,47.0,5.0,1.0,167.0,10.0,0.0,0.0
LIVE_EPISODIC,PERIODIC_ONLY,Q08_GUARDED,CONTROL_FAILURE,LOW,4,COMPACT_TYPED,12,1.0,6.0,2.0,2.0,0.0,1.0,1.0,1.0,0.0,0.0,19.5,2.0,0.833333,138.333333,5.5,0.0,0.0
LIVE_EPISODIC,PERIODIC_ONLY,Q08_GUARDED,CONTROL_FAILURE,LOW,4,VERBOSE_TYPED,12,1.0,6.0,2.0,2.0,0.0,1.0,1.0,1.0,0.0,0.0,27.5,2.0,0.833333,139.166667,5.5,0.0,0.0
LIVE_EPISODIC,PERIODIC_ONLY,Q08_GUARDED,CONTROL_FAILURE,LOW,8,COMPACT_TYPED,12,1.0,10.0,2.0,4.0,0.0,1.0,3.0,1.0,0.0,0.0,31.25,4.0,0.75,124.5,7.5,0.0,0.0
LIVE_EPISODIC,PERIODIC_ONLY,Q08_GUARDED,CONTROL_FAILURE,LOW,8,VERBOSE_TYPED,12,1.0,10.0,2.0,4.0,0.0,1.0,3.0,1.0,0.0,0.0,38.75,4.0,0.75,125.25,7.5,0.0,0.0
LIVE_EPISODIC,PERIODIC_ONLY,Q08_GUARDED,CONTROL_FAILURE,LOW,12,COMPACT_TYPED,12,1.0,14.0,2.0,5.0,0.0,1.0,4.0,1.0,0.0,0.0,37.833333,5.0,1.0,166.0,10.0,0.0,0.0
LIVE_EPISODIC,PERIODIC_ONLY,Q08_GUARDED,CONTROL_FAILURE,LOW,12,VERBOSE_TYPED,12,1.0,14.0,2.0,5.0,0.0,1.0,4.0,1.0,0.0,0.0,46.333333,5.0,1.0,167.0,10.0,0.0,0.0
LIVE_EPISODIC,PERIODIC_ONLY,Q08_GUARDED,POSE_SHIFT,HIGH,4,COMPACT_TYPED,12,1.0,5.75,2.25,2.0,0.0,1.0,1.0,0.416667,0.0,0.0,19.25,2.0,0.583333,93.916667,6.25,0.0,0.0
LIVE_EPISODIC,PERIODIC_ONLY,Q08_GUARDED,POSE_SHIFT,HIGH,4,VERBOSE_TYPED,12,1.0,5.75,2.25,2.0,0.0,1.0,1.0,0.416667,0.0,0.0,25.75,2.0,0.583333,94.5,6.25,0.0,0.0
LIVE_EPISODIC,PERIODIC_ONLY,Q08_GUARDED,POSE_SHIFT,HIGH,8,COMPACT_TYPED,12,1.0,10.0,2.0,4.0,0.0,1.0,3.0,1.0,0.0,0.0,31.25,4.0,0.75,120.75,7.5,0.0,0.0
LIVE_EPISODIC,PERIODIC_ONLY,Q08_GUARDED,POSE_SHIFT,HIGH,8,VERBOSE_TYPED,12,1.0,10.0,2.0,4.0,0.0,1.0,3.0,1.0,0.0,0.0,38.75,4.0,0.75,121.5,7.5,0.0,0.0
LIVE_EPISODIC,PERIODIC_ONLY,Q08_GUARDED,POSE_SHIFT,HIGH,12,COMPACT_TYPED,12,1.0,13.0,3.0,5.0,0.0,1.0,4.0,1.0,0.0,0.0,39.333333,5.0,1.0,166.0,10.0,0.0,0.0
LIVE_EPISODIC,PERIODIC_ONLY,Q08_GUARDED,POSE_SHIFT,HIGH,12,VERBOSE_TYPED,12,1.0,13.0,3.0,5.0,0.0,1.0,4.0,1.0,0.0,0.0,46.333333,5.0,1.0,167.0,10.0,0.0,0.0
LIVE_EPISODIC,PERIODIC_ONLY,Q08_GUARDED,POSE_SHIFT,LOW,4,COMPACT_TYPED,12,1.0,6.25,1.75,2.0,0.0,1.0,1.0,0.25,0.0,0.0,18.75,2.0,0.75,120.75,5.75,0.0,0.0
LIVE_EPISODIC,PERIODIC_ONLY,Q08_GUARDED,POSE_SHIFT,LOW,4,VERBOSE_TYPED,12,1.0,6.25,1.75,2.0,0.0,1.0,1.0,0.25,0.0,0.0,26.25,2.0,0.75,121.5,5.75,0.0,0.0
LIVE_EPISODIC,PERIODIC_ONLY,Q08_GUARDED,POSE_SHIFT,LOW,8,COMPACT_TYPED,12,1.0,10.0,2.0,4.0,0.0,1.0,3.0,1.0,0.0,0.0,31.5,4.0,0.833333,134.166667,7.0,0.0,0.0
LIVE_EPISODIC,PERIODIC_ONLY,Q08_GUARDED,POSE_SHIFT,LOW,8,VERBOSE_TYPED,12,1.0,10.0,2.0,4.0,0.0,1.0,3.0,1.0,0.0,0.0,39.5,4.0,0.833333,135.0,7.0,0.0,0.0
LIVE_EPISODIC,PERIODIC_ONLY,Q08_GUARDED,POSE_SHIFT,LOW,12,COMPACT_TYPED,12,1.0,13.0,3.0,5.0,0.0,1.0,4.0,1.0,0.0,0.0,39.333333,5.0,1.0,166.0,10.0,0.0,0.0
LIVE_EPISODIC,PERIODIC_ONLY,Q08_GUARDED,POSE_SHIFT,LOW,12,VERBOSE_TYPED,12,1.0,13.0,3.0,5.0,0.0,1.0,4.0,1.0,0.0,0.0,46.333333,5.0,1.0,167.0,10.0,0.0,0.0
LIVE_EPISODIC,PERIODIC_ONLY,Q08_GUARDED,RESTRICTION_CHANGE,HIGH,4,COMPACT_TYPED,12,1.0,6.0,2.0,2.0,0.0,1.0,1.0,1.0,0.0,0.0,19.0,2.0,0.666667,109.333333,6.0,0.0,0.0
LIVE_EPISODIC,PERIODIC_ONLY,Q08_GUARDED,RESTRICTION_CHANGE,HIGH,4,VERBOSE_TYPED,12,1.0,6.0,2.0,2.0,0.0,1.0,1.0,1.0,0.0,0.0,26.0,2.0,0.666667,110.0,6.0,0.0,0.0
LIVE_EPISODIC,PERIODIC_ONLY,Q08_GUARDED,RESTRICTION_CHANGE,HIGH,8,COMPACT_TYPED,12,1.0,10.0,2.0,4.0,0.0,1.0,3.0,1.0,0.0,0.0,31.5,4.0,0.833333,136.666667,7.0,0.0,0.0
LIVE_EPISODIC,PERIODIC_ONLY,Q08_GUARDED,RESTRICTION_CHANGE,HIGH,8,VERBOSE_TYPED,12,1.0,10.0,2.0,4.0,0.0,1.0,3.0,1.0,0.0,0.0,39.5,4.0,0.833333,137.5,7.0,0.0,0.0
LIVE_EPISODIC,PERIODIC_ONLY,Q08_GUARDED,RESTRICTION_CHANGE,HIGH,12,COMPACT_TYPED,12,1.0,13.0,3.0,5.0,0.0,1.0,4.0,1.0,0.0,0.0,39.666667,5.0,1.0,166.0,10.0,0.0,0.0
LIVE_EPISODIC,PERIODIC_ONLY,Q08_GUARDED,RESTRICTION_CHANGE,HIGH,12,VERBOSE_TYPED,12,1.0,13.0,3.0,5.0,0.0,1.0,4.0,1.0,0.0,0.0,47.666667,5.0,1.0,167.0,10.0,0.0,0.0
LIVE_EPISODIC,PERIODIC_ONLY,Q08_GUARDED,RESTRICTION_CHANGE,LOW,4,COMPACT_TYPED,12,1.0,6.5,1.5,2.0,0.0,1.0,1.0,1.0,0.0,0.0,18.5,2.0,0.833333,136.666667,5.5,0.0,0.0
LIVE_EPISODIC,PERIODIC_ONLY,Q08_GUARDED,RESTRICTION_CHANGE,LOW,4,VERBOSE_TYPED,12,1.0,6.5,1.5,2.0,0.0,1.0,1.0,1.0,0.0,0.0,26.5,2.0,0.833333,137.5,5.5,0.0,0.0
LIVE_EPISODIC,PERIODIC_ONLY,Q08_GUARDED,RESTRICTION_CHANGE,LOW,8,COMPACT_TYPED,12,1.0,10.0,2.0,4.0,0.0,1.0,3.0,1.0,0.0,0.0,31.5,4.0,0.833333,136.666667,7.0,0.0,0.0
LIVE_EPISODIC,PERIODIC_ONLY,Q08_GUARDED,RESTRICTION_CHANGE,LOW,8,VERBOSE_TYPED,12,1.0,10.0,2.0,4.0,0.0,1.0,3.0,1.0,0.0,0.0,39.5,4.0,0.833333,137.5,7.0,0.0,0.0
LIVE_EPISODIC,PERIODIC_ONLY,Q08_GUARDED,RESTRICTION_CHANGE,LOW,12,COMPACT_TYPED,12,1.0,13.0,3.0,5.0,0.0,1.0,4.0,1.0,0.0,0.0,39.666667,5.0,1.0,166.0,10.0,0.0,0.0
LIVE_EPISODIC,PERIODIC_ONLY,Q08_GUARDED,RESTRICTION_CHANGE,LOW,12,VERBOSE_TYPED,12,1.0,13.0,3.0,5.0,0.0,1.0,4.0,1.0,0.0,0.0,47.666667,5.0,1.0,167.0,10.0,0.0,0.0
LIVE_EPISODIC,PERIODIC_ONLY,Q09_HOSTILE,AVAILABILITY_LOSS,HIGH,4,COMPACT_TYPED,12,0.0,1.0,7.0,1.0,0.0,1.0,1.0,0.0,0.0,0.0,24.5,1.0,1.0,166.0,5.0,0.0,0.0
LIVE_EPISODIC,PERIODIC_ONLY,Q09_HOSTILE,AVAILABILITY_LOSS,HIGH,4,VERBOSE_TYPED,12,0.0,1.0,7.0,1.0,0.0,1.0,1.0,0.0,0.0,0.0,35.0,1.0,1.0,167.0,5.0,0.0,0.0
LIVE_EPISODIC,PERIODIC_ONLY,Q09_HOSTILE,AVAILABILITY_LOSS,HIGH,8,COMPACT_TYPED,12,0.0,7.0,5.0,2.0,0.0,1.0,1.0,1.0,0.0,0.0,26.75,2.0,0.0,0.0,12.0,0.0,0.0
LIVE_EPISODIC,PERIODIC_ONLY,Q09_HOSTILE,AVAILABILITY_LOSS,HIGH,8,VERBOSE_TYPED,12,0.0,7.0,5.0,2.0,0.0,1.0,1.0,1.0,0.0,0.0,41.0,2.0,0.0,0.0,12.0,0.0,0.0
LIVE_EPISODIC,PERIODIC_ONLY,Q09_HOSTILE,AVAILABILITY_LOSS,HIGH,12,COMPACT_TYPED,12,1.0,13.0,3.0,3.0,0.0,1.0,2.0,1.0,0.0,0.0,30.75,3.0,1.5,250.5,9.25,0.0,0.0
LIVE_EPISODIC,PERIODIC_ONLY,Q09_HOSTILE,AVAILABILITY_LOSS,HIGH,12,VERBOSE_TYPED,12,1.0,13.0,3.0,3.0,0.0,1.0,2.0,1.0,0.0,0.0,46.5,3.0,1.5,252.0,9.25,0.0,0.0
LIVE_EPISODIC,PERIODIC_ONLY,Q09_HOSTILE,AVAILABILITY_LOSS,LOW,4,COMPACT_TYPED,12,0.0,1.0,7.0,1.0,0.0,1.0,1.0,0.0,0.0,0.0,25.75,1.0,1.0,166.0,5.0,0.0,0.0
LIVE_EPISODIC,PERIODIC_ONLY,Q09_HOSTILE,AVAILABILITY_LOSS,LOW,4,VERBOSE_TYPED,12,0.0,1.0,7.0,1.0,0.0,1.0,1.0,0.0,0.0,0.0,40.0,1.0,1.0,167.0,5.0,0.0,0.0
LIVE_EPISODIC,PERIODIC_ONLY,Q09_HOSTILE,AVAILABILITY_LOSS,LOW,8,COMPACT_TYPED,12,0.0,7.0,5.0,2.0,0.0,1.0,1.0,1.0,0.0,0.0,26.75,2.0,0.0,0.0,12.0,0.0,0.0
LIVE_EPISODIC,PERIODIC_ONLY,Q09_HOSTILE,AVAILABILITY_LOSS,LOW,8,VERBOSE_TYPED,12,0.0,7.0,5.0,2.0,0.0,1.0,1.0,1.0,0.0,0.0,41.0,2.0,0.0,0.0,12.0,0.0,0.0
LIVE_EPISODIC,PERIODIC_ONLY,Q09_HOSTILE,AVAILABILITY_LOSS,LOW,12,COMPACT_TYPED,12,1.0,13.0,3.0,3.0,0.0,1.0,2.0,1.0,0.0,0.0,29.083333,3.0,0.833333,139.166667,12.25,0.0,0.0
LIVE_EPISODIC,PERIODIC_ONLY,Q09_HOSTILE,AVAILABILITY_LOSS,LOW,12,VERBOSE_TYPED,12,1.0,13.0,3.0,3.0,0.0,1.0,2.0,1.0,0.0,0.0,41.833333,3.0,0.833333,140.0,12.25,0.0,0.0
LIVE_EPISODIC,PERIODIC_ONLY,Q09_HOSTILE,CONTROL_FAILURE,HIGH,4,COMPACT_TYPED,12,1.0,5.0,3.0,1.0,0.0,1.0,1.0,0.0,0.0,0.0,17.5,1.0,1.0,166.0,5.0,0.0,0.0
LIVE_EPISODIC,PERIODIC_ONLY,Q09_HOSTILE,CONTROL_FAILURE,HIGH,4,VERBOSE_TYPED,12,1.0,5.0,3.0,1.0,0.0,1.0,1.0,0.0,0.0,0.0,31.0,1.0,1.0,167.0,5.0,0.0,0.0
LIVE_EPISODIC,PERIODIC_ONLY,Q09_HOSTILE,CONTROL_FAILURE,HIGH,8,COMPACT_TYPED,12,1.0,9.0,3.0,2.0,0.0,1.0,1.0,1.0,0.0,0.0,22.5,2.0,0.0,0.0,12.0,0.0,0.0
LIVE_EPISODIC,PERIODIC_ONLY,Q09_HOSTILE,CONTROL_FAILURE,HIGH,8,VERBOSE_TYPED,12,1.0,9.0,3.0,2.0,0.0,1.0,1.0,1.0,0.0,0.0,36.0,2.0,0.0,0.0,12.0,0.0,0.0
LIVE_EPISODIC,PERIODIC_ONLY,Q09_HOSTILE,CONTROL_FAILURE,HIGH,12,COMPACT_TYPED,12,1.0,13.0,3.0,3.0,0.0,1.0,2.0,1.0,0.0,0.0,29.083333,3.0,0.833333,138.333333,12.25,0.0,0.0
LIVE_EPISODIC,PERIODIC_ONLY,Q09_HOSTILE,CONTROL_FAILURE,HIGH,12,VERBOSE_TYPED,12,1.0,13.0,3.0,3.0,0.0,1.0,2.0,1.0,0.0,0.0,41.833333,3.0,0.833333,139.166667,12.25,0.0,0.0
LIVE_EPISODIC,PERIODIC_ONLY,Q09_HOSTILE,CONTROL_FAILURE,LOW,4,COMPACT_TYPED,12,1.0,6.0,2.0,1.0,0.0,1.0,1.0,0.0,0.0,0.0,15.5,1.0,1.0,166.0,5.0,0.0,0.0
LIVE_EPISODIC,PERIODIC_ONLY,Q09_HOSTILE,CONTROL_FAILURE,LOW,4,VERBOSE_TYPED,12,1.0,6.0,2.0,1.0,0.0,1.0,1.0,0.0,0.0,0.0,29.0,1.0,1.0,167.0,5.0,0.0,0.0
LIVE_EPISODIC,PERIODIC_ONLY,Q09_HOSTILE,CONTROL_FAILURE,LOW,8,COMPACT_TYPED,12,1.0,10.0,2.0,2.0,0.0,1.0,1.0,1.0,0.0,0.0,21.25,2.0,0.0,0.0,12.0,0.0,0.0
LIVE_EPISODIC,PERIODIC_ONLY,Q09_HOSTILE,CONTROL_FAILURE,LOW,8,VERBOSE_TYPED,12,1.0,10.0,2.0,2.0,0.0,1.0,1.0,1.0,0.0,0.0,37.0,2.0,0.0,0.0,12.0,0.0,0.0
LIVE_EPISODIC,PERIODIC_ONLY,Q09_HOSTILE,CONTROL_FAILURE,LOW,12,COMPACT_TYPED,12,1.0,14.0,2.0,3.0,0.0,1.0,2.0,1.0,0.0,0.0,27.916667,3.0,1.166667,193.666667,10.75,0.0,0.0
LIVE_EPISODIC,PERIODIC_ONLY,Q09_HOSTILE,CONTROL_FAILURE,LOW,12,VERBOSE_TYPED,12,1.0,14.0,2.0,3.0,0.0,1.0,2.0,1.0,0.0,0.0,42.166667,3.0,1.166667,194.833333,10.75,0.0,0.0
LIVE_EPISODIC,PERIODIC_ONLY,Q09_HOSTILE,POSE_SHIFT,HIGH,4,COMPACT_TYPED,12,0.0,1.0,7.0,1.0,0.0,1.0,1.0,0.0,0.0,0.0,25.75,1.0,1.0,166.0,5.0,0.0,0.0
LIVE_EPISODIC,PERIODIC_ONLY,Q09_HOSTILE,POSE_SHIFT,HIGH,4,VERBOSE_TYPED,12,0.0,1.0,7.0,1.0,0.0,1.0,1.0,0.0,0.0,0.0,40.0,1.0,1.0,167.0,5.0,0.0,0.0
LIVE_EPISODIC,PERIODIC_ONLY,Q09_HOSTILE,POSE_SHIFT,HIGH,8,COMPACT_TYPED,12,0.0,7.0,5.0,2.0,0.0,1.0,1.0,1.0,0.0,0.0,26.75,2.0,0.0,0.0,12.0,0.0,0.0
LIVE_EPISODIC,PERIODIC_ONLY,Q09_HOSTILE,POSE_SHIFT,HIGH,8,VERBOSE_TYPED,12,0.0,7.0,5.0,2.0,0.0,1.0,1.0,1.0,0.0,0.0,41.0,2.0,0.0,0.0,12.0,0.0,0.0
LIVE_EPISODIC,PERIODIC_ONLY,Q09_HOSTILE,POSE_SHIFT,HIGH,12,COMPACT_TYPED,12,1.0,13.0,3.0,3.0,0.0,1.0,2.0,1.0,0.0,0.0,29.5,3.0,1.0,161.0,11.5,0.0,0.0
LIVE_EPISODIC,PERIODIC_ONLY,Q09_HOSTILE,POSE_SHIFT,HIGH,12,VERBOSE_TYPED,12,1.0,13.0,3.0,3.0,0.0,1.0,2.0,1.0,0.0,0.0,43.0,3.0,1.0,162.0,11.5,0.0,0.0
LIVE_EPISODIC,PERIODIC_ONLY,Q09_HOSTILE,POSE_SHIFT,LOW,4,COMPACT_TYPED,12,0.0,1.0,7.0,1.0,0.0,1.0,1.0,0.0,0.0,0.0,25.75,1.0,1.0,166.0,5.0,0.0,0.0
LIVE_EPISODIC,PERIODIC_ONLY,Q09_HOSTILE,POSE_SHIFT,LOW,4,VERBOSE_TYPED,12,0.0,1.0,7.0,1.0,0.0,1.0,1.0,0.0,0.0,0.0,40.0,1.0,1.0,167.0,5.0,0.0,0.0
LIVE_EPISODIC,PERIODIC_ONLY,Q09_HOSTILE,POSE_SHIFT,LOW,8,COMPACT_TYPED,12,0.0,7.0,5.0,2.0,0.0,1.0,1.0,1.0,0.0,0.0,26.75,2.0,0.0,0.0,12.0,0.0,0.0
LIVE_EPISODIC,PERIODIC_ONLY,Q09_HOSTILE,POSE_SHIFT,LOW,8,VERBOSE_TYPED,12,0.0,7.0,5.0,2.0,0.0,1.0,1.0,1.0,0.0,0.0,41.0,2.0,0.0,0.0,12.0,0.0,0.0
LIVE_EPISODIC,PERIODIC_ONLY,Q09_HOSTILE,POSE_SHIFT,LOW,12,COMPACT_TYPED,12,1.0,13.0,3.0,3.0,0.0,1.0,2.0,1.0,0.0,0.0,28.666667,3.0,0.666667,107.333333,13.0,0.0,0.0
LIVE_EPISODIC,PERIODIC_ONLY,Q09_HOSTILE,POSE_SHIFT,LOW,12,VERBOSE_TYPED,12,1.0,13.0,3.0,3.0,0.0,1.0,2.0,1.0,0.0,0.0,40.666667,3.0,0.666667,108.0,13.0,0.0,0.0
LIVE_EPISODIC,PERIODIC_ONLY,Q09_HOSTILE,RESTRICTION_CHANGE,HIGH,4,COMPACT_TYPED,12,0.0,1.0,7.0,1.0,0.0,1.0,1.0,0.0,0.0,0.0,25.25,1.0,1.0,166.0,5.0,0.0,0.0
LIVE_EPISODIC,PERIODIC_ONLY,Q09_HOSTILE,RESTRICTION_CHANGE,HIGH,4,VERBOSE_TYPED,12,0.0,1.0,7.0,1.0,0.0,1.0,1.0,0.0,0.0,0.0,38.0,1.0,1.0,167.0,5.0,0.0,0.0
LIVE_EPISODIC,PERIODIC_ONLY,Q09_HOSTILE,RESTRICTION_CHANGE,HIGH,8,COMPACT_TYPED,12,0.0,7.0,5.0,2.0,0.0,1.0,1.0,1.0,0.0,0.0,27.0,2.0,0.0,0.0,12.0,0.0,0.0
LIVE_EPISODIC,PERIODIC_ONLY,Q09_HOSTILE,RESTRICTION_CHANGE,HIGH,8,VERBOSE_TYPED,12,0.0,7.0,5.0,2.0,0.0,1.0,1.0,1.0,0.0,0.0,42.0,2.0,0.0,0.0,12.0,0.0,0.0
LIVE_EPISODIC,PERIODIC_ONLY,Q09_HOSTILE,RESTRICTION_CHANGE,HIGH,12,COMPACT_TYPED,12,1.0,13.0,3.0,3.0,0.0,1.0,2.0,1.0,0.0,0.0,29.916667,3.0,1.166667,191.333333,10.75,0.0,0.0
LIVE_EPISODIC,PERIODIC_ONLY,Q09_HOSTILE,RESTRICTION_CHANGE,HIGH,12,VERBOSE_TYPED,12,1.0,13.0,3.0,3.0,0.0,1.0,2.0,1.0,0.0,0.0,44.166667,3.0,1.166667,192.5,10.75,0.0,0.0
LIVE_EPISODIC,PERIODIC_ONLY,Q09_HOSTILE,RESTRICTION_CHANGE,LOW,4,COMPACT_TYPED,12,0.0,1.0,7.0,1.0,0.0,1.0,1.0,0.0,0.0,0.0,25.75,1.0,1.0,166.0,5.0,0.0,0.0
LIVE_EPISODIC,PERIODIC_ONLY,Q09_HOSTILE,RESTRICTION_CHANGE,LOW,4,VERBOSE_TYPED,12,0.0,1.0,7.0,1.0,0.0,1.0,1.0,0.0,0.0,0.0,40.0,1.0,1.0,167.0,5.0,0.0,0.0
LIVE_EPISODIC,PERIODIC_ONLY,Q09_HOSTILE,RESTRICTION_CHANGE,LOW,8,COMPACT_TYPED,12,0.0,7.0,5.0,2.0,0.0,1.0,1.0,1.0,0.0,0.0,26.75,2.0,0.0,0.0,12.0,0.0,0.0
LIVE_EPISODIC,PERIODIC_ONLY,Q09_HOSTILE,RESTRICTION_CHANGE,LOW,8,VERBOSE_TYPED,12,0.0,7.0,5.0,2.0,0.0,1.0,1.0,1.0,0.0,0.0,41.0,2.0,0.0,0.0,12.0,0.0,0.0
LIVE_EPISODIC,PERIODIC_ONLY,Q09_HOSTILE,RESTRICTION_CHANGE,LOW,12,COMPACT_TYPED,12,1.0,13.0,3.0,3.0,0.0,1.0,2.0,1.0,0.0,0.0,30.75,3.0,1.5,246.0,9.25,0.0,0.0
LIVE_EPISODIC,PERIODIC_ONLY,Q09_HOSTILE,RESTRICTION_CHANGE,LOW,12,VERBOSE_TYPED,12,1.0,13.0,3.0,3.0,0.0,1.0,2.0,1.0,0.0,0.0,46.5,3.0,1.5,247.5,9.25,0.0,0.0
