trigger_policy,quality_id,disturbance_family,severity,horizon,n,completion,progress,retries,wakes,false_wakes,late_wakes,wasted_wakes,thrash,trigger_precision,trigger_recall,cost_proxy,storage_reads,storage_writes,storage_bytes,storage_age,escalation_event,escalation_failure
EVENT_DRIVEN,Q00_CLEAN,AVAILABILITY_LOSS,HIGH,4,48,1.0,8.0,0.0,1.0,0.0,0.0,0.0,1.0,1.0,1.0,9.5,1.0,1.0,167.5,6.0,1.0,0.0
EVENT_DRIVEN,Q00_CLEAN,AVAILABILITY_LOSS,HIGH,8,48,1.0,12.0,0.0,1.0,0.0,0.0,0.0,1.0,1.0,1.0,9.5,1.0,1.0,167.5,8.0,1.0,0.0
EVENT_DRIVEN,Q00_CLEAN,AVAILABILITY_LOSS,HIGH,12,48,1.0,16.0,0.0,1.0,0.0,0.0,0.0,1.0,1.0,1.0,9.5,1.0,1.0,167.5,10.0,1.0,0.0
EVENT_DRIVEN,Q00_CLEAN,AVAILABILITY_LOSS,LOW,4,48,1.0,8.0,0.0,1.0,0.0,0.0,0.0,1.0,1.0,1.0,9.5,1.0,1.0,167.5,6.0,1.0,0.0
EVENT_DRIVEN,Q00_CLEAN,AVAILABILITY_LOSS,LOW,8,48,1.0,12.0,0.0,1.0,0.0,0.0,0.0,1.0,1.0,1.0,9.5,1.0,1.0,167.5,8.0,1.0,0.0
EVENT_DRIVEN,Q00_CLEAN,AVAILABILITY_LOSS,LOW,12,48,1.0,16.0,0.0,1.0,0.0,0.0,0.0,1.0,1.0,1.0,9.5,1.0,1.0,167.5,10.0,1.0,0.0
EVENT_DRIVEN,Q00_CLEAN,CONTROL_FAILURE,HIGH,4,48,1.0,5.0,3.0,1.0,0.0,0.0,1.0,0.0,1.0,1.0,15.5,1.0,1.0,166.5,6.0,1.0,0.0
EVENT_DRIVEN,Q00_CLEAN,CONTROL_FAILURE,HIGH,8,48,1.0,9.0,3.0,1.0,0.0,0.0,1.0,0.0,1.0,1.0,15.5,1.0,1.0,166.5,8.0,1.0,0.0
EVENT_DRIVEN,Q00_CLEAN,CONTROL_FAILURE,HIGH,12,48,1.0,13.0,3.0,1.0,0.0,0.0,1.0,0.0,1.0,1.0,15.5,1.0,1.0,166.5,10.0,1.0,0.0
EVENT_DRIVEN,Q00_CLEAN,CONTROL_FAILURE,LOW,4,48,1.0,6.0,2.0,1.0,0.0,0.0,1.0,0.0,1.0,1.0,13.5,1.0,1.0,166.5,6.0,1.0,0.0
EVENT_DRIVEN,Q00_CLEAN,CONTROL_FAILURE,LOW,8,48,1.0,10.0,2.0,1.0,0.0,0.0,1.0,0.0,1.0,1.0,13.5,1.0,1.0,166.5,8.0,1.0,0.0
EVENT_DRIVEN,Q00_CLEAN,CONTROL_FAILURE,LOW,12,48,1.0,14.0,2.0,1.0,0.0,0.0,1.0,0.0,1.0,1.0,13.5,1.0,1.0,166.5,10.0,1.0,0.0
EVENT_DRIVEN,Q00_CLEAN,POSE_SHIFT,HIGH,4,48,1.0,8.0,0.0,1.0,0.0,0.0,0.0,0.0,1.0,1.0,9.5,1.0,1.0,161.5,6.0,1.0,0.0
EVENT_DRIVEN,Q00_CLEAN,POSE_SHIFT,HIGH,8,48,1.0,12.0,0.0,1.0,0.0,0.0,0.0,0.0,1.0,1.0,9.5,1.0,1.0,161.5,8.0,1.0,0.0
EVENT_DRIVEN,Q00_CLEAN,POSE_SHIFT,HIGH,12,48,1.0,16.0,0.0,1.0,0.0,0.0,0.0,0.0,1.0,1.0,9.5,1.0,1.0,161.5,10.0,1.0,0.0
EVENT_DRIVEN,Q00_CLEAN,POSE_SHIFT,LOW,4,48,1.0,8.0,0.0,1.0,0.0,0.0,0.0,0.0,1.0,1.0,9.5,1.0,1.0,161.5,6.0,1.0,0.0
EVENT_DRIVEN,Q00_CLEAN,POSE_SHIFT,LOW,8,48,1.0,12.0,0.0,1.0,0.0,0.0,0.0,0.0,1.0,1.0,9.5,1.0,1.0,161.5,8.0,1.0,0.0
EVENT_DRIVEN,Q00_CLEAN,POSE_SHIFT,LOW,12,48,1.0,16.0,0.0,1.0,0.0,0.0,0.0,0.0,1.0,1.0,9.5,1.0,1.0,161.5,10.0,1.0,0.0
EVENT_DRIVEN,Q00_CLEAN,RESTRICTION_CHANGE,HIGH,4,48,1.0,8.0,0.0,1.0,0.0,0.0,0.0,1.0,1.0,1.0,9.5,1.0,1.0,164.5,6.0,1.0,0.0
EVENT_DRIVEN,Q00_CLEAN,RESTRICTION_CHANGE,HIGH,8,48,1.0,12.0,0.0,1.0,0.0,0.0,0.0,1.0,1.0,1.0,9.5,1.0,1.0,164.5,8.0,1.0,0.0
EVENT_DRIVEN,Q00_CLEAN,RESTRICTION_CHANGE,HIGH,12,48,1.0,16.0,0.0,1.0,0.0,0.0,0.0,1.0,1.0,1.0,9.5,1.0,1.0,164.5,10.0,1.0,0.0
EVENT_DRIVEN,Q00_CLEAN,RESTRICTION_CHANGE,LOW,4,48,1.0,8.0,0.0,1.0,0.0,0.0,0.0,1.0,1.0,1.0,9.5,1.0,1.0,164.5,6.0,1.0,0.0
EVENT_DRIVEN,Q00_CLEAN,RESTRICTION_CHANGE,LOW,8,48,1.0,12.0,0.0,1.0,0.0,0.0,0.0,1.0,1.0,1.0,9.5,1.0,1.0,164.5,8.0,1.0,0.0
EVENT_DRIVEN,Q00_CLEAN,RESTRICTION_CHANGE,LOW,12,48,1.0,16.0,0.0,1.0,0.0,0.0,0.0,1.0,1.0,1.0,9.5,1.0,1.0,164.5,10.0,1.0,0.0
EVENT_DRIVEN,Q01_RECALL75,AVAILABILITY_LOSS,HIGH,4,48,0.5,4.5,3.5,0.5,0.0,0.5,0.0,0.5,0.5,0.5,11.75,0.5,0.5,83.75,7.0,0.5,0.0
EVENT_DRIVEN,Q01_RECALL75,AVAILABILITY_LOSS,HIGH,8,48,0.75,9.75,2.25,0.75,0.0,0.25,0.0,0.75,0.75,0.75,11.625,0.75,0.75,125.625,9.0,0.75,0.0
EVENT_DRIVEN,Q01_RECALL75,AVAILABILITY_LOSS,HIGH,12,48,0.833333,14.166667,1.833333,0.833333,0.0,0.166667,0.0,0.833333,0.833333,0.833333,11.583333,0.833333,0.833333,139.583333,11.0,0.833333,0.0
EVENT_DRIVEN,Q01_RECALL75,AVAILABILITY_LOSS,LOW,4,48,0.833333,6.833333,1.166667,0.833333,0.0,0.166667,0.0,0.833333,0.833333,0.833333,10.25,0.833333,0.833333,139.583333,6.333333,0.833333,0.0
EVENT_DRIVEN,Q01_RECALL75,AVAILABILITY_LOSS,LOW,8,48,0.75,9.75,2.25,0.75,0.0,0.25,0.0,0.75,0.75,0.75,11.625,0.75,0.75,125.625,9.0,0.75,0.0
EVENT_DRIVEN,Q01_RECALL75,AVAILABILITY_LOSS,LOW,12,48,0.75,13.25,2.75,0.75,0.0,0.25,0.0,0.75,0.75,0.75,12.625,0.75,0.75,125.625,11.5,0.75,0.0
EVENT_DRIVEN,Q01_RECALL75,CONTROL_FAILURE,HIGH,4,48,1.0,5.0,3.0,0.583333,0.0,0.416667,0.583333,0.0,0.583333,0.583333,11.541667,0.583333,0.583333,97.125,6.833333,0.583333,0.0
EVENT_DRIVEN,Q01_RECALL75,CONTROL_FAILURE,HIGH,8,48,1.0,9.0,3.0,0.833333,0.0,0.166667,0.833333,0.0,0.833333,0.833333,13.916667,0.833333,0.833333,138.75,8.666667,0.833333,0.0
EVENT_DRIVEN,Q01_RECALL75,CONTROL_FAILURE,HIGH,12,48,1.0,13.0,3.0,0.75,0.0,0.25,0.75,0.0,0.75,0.75,13.125,0.75,0.75,124.875,11.5,0.75,0.0
EVENT_DRIVEN,Q01_RECALL75,CONTROL_FAILURE,LOW,4,48,1.0,6.0,2.0,0.833333,0.0,0.166667,0.833333,0.0,0.833333,0.833333,11.916667,0.833333,0.833333,138.75,6.333333,0.833333,0.0
EVENT_DRIVEN,Q01_RECALL75,CONTROL_FAILURE,LOW,8,48,1.0,10.0,2.0,0.75,0.0,0.25,0.75,0.0,0.75,0.75,11.125,0.75,0.75,124.875,9.0,0.75,0.0
EVENT_DRIVEN,Q01_RECALL75,CONTROL_FAILURE,LOW,12,48,1.0,14.0,2.0,0.916667,0.0,0.083333,0.916667,0.0,0.916667,0.916667,12.708333,0.916667,0.916667,152.625,10.5,0.916667,0.0
EVENT_DRIVEN,Q01_RECALL75,POSE_SHIFT,HIGH,4,48,0.583333,5.083333,2.916667,0.583333,0.0,0.416667,0.0,0.0,0.583333,0.583333,11.375,0.583333,0.583333,94.208333,6.833333,0.583333,0.0
EVENT_DRIVEN,Q01_RECALL75,POSE_SHIFT,HIGH,8,48,0.75,9.75,2.25,0.75,0.0,0.25,0.0,0.0,0.75,0.75,11.625,0.75,0.75,121.125,9.0,0.75,0.0
EVENT_DRIVEN,Q01_RECALL75,POSE_SHIFT,HIGH,12,48,0.666667,12.333333,3.666667,0.666667,0.0,0.333333,0.0,0.0,0.666667,0.666667,13.666667,0.666667,0.666667,107.666667,12.0,0.666667,0.0
EVENT_DRIVEN,Q01_RECALL75,POSE_SHIFT,LOW,4,48,0.75,6.25,1.75,0.75,0.0,0.25,0.0,0.0,0.75,0.75,10.625,0.75,0.75,121.125,6.5,0.75,0.0
EVENT_DRIVEN,Q01_RECALL75,POSE_SHIFT,LOW,8,48,0.833333,10.5,1.5,0.833333,0.0,0.166667,0.0,0.0,0.833333,0.833333,10.916667,0.833333,0.833333,134.583333,8.666667,0.833333,0.0
EVENT_DRIVEN,Q01_RECALL75,POSE_SHIFT,LOW,12,48,0.666667,12.333333,3.666667,0.666667,0.0,0.333333,0.0,0.0,0.666667,0.666667,13.666667,0.666667,0.666667,107.666667,12.0,0.666667,0.0
EVENT_DRIVEN,Q01_RECALL75,RESTRICTION_CHANGE,HIGH,4,48,0.666667,5.666667,2.333333,0.666667,0.0,0.333333,0.0,0.666667,0.666667,0.666667,11.0,0.666667,0.666667,109.666667,6.666667,0.666667,0.0
EVENT_DRIVEN,Q01_RECALL75,RESTRICTION_CHANGE,HIGH,8,48,0.833333,10.5,1.5,0.833333,0.0,0.166667,0.0,0.833333,0.833333,0.833333,10.916667,0.833333,0.833333,137.083333,8.666667,0.833333,0.0
EVENT_DRIVEN,Q01_RECALL75,RESTRICTION_CHANGE,HIGH,12,48,0.833333,14.166667,1.833333,0.833333,0.0,0.166667,0.0,0.833333,0.833333,0.833333,11.583333,0.833333,0.833333,137.083333,11.0,0.833333,0.0
EVENT_DRIVEN,Q01_RECALL75,RESTRICTION_CHANGE,LOW,4,48,0.833333,6.833333,1.166667,0.833333,0.0,0.166667,0.0,0.833333,0.833333,0.833333,10.25,0.833333,0.833333,137.083333,6.333333,0.833333,0.0
EVENT_DRIVEN,Q01_RECALL75,RESTRICTION_CHANGE,LOW,8,48,0.833333,10.5,1.5,0.833333,0.0,0.166667,0.0,0.833333,0.833333,0.833333,10.916667,0.833333,0.833333,137.083333,8.666667,0.833333,0.0
EVENT_DRIVEN,Q01_RECALL75,RESTRICTION_CHANGE,LOW,12,48,0.833333,14.166667,1.833333,0.833333,0.0,0.166667,0.0,0.833333,0.833333,0.833333,11.583333,0.833333,0.833333,137.083333,11.0,0.833333,0.0
EVENT_DRIVEN,Q02_RECALL50,AVAILABILITY_LOSS,HIGH,4,48,0.166667,2.166667,5.833333,0.166667,0.0,0.833333,0.0,0.166667,0.166667,0.166667,13.25,0.166667,0.166667,27.916667,7.666667,0.166667,0.0
EVENT_DRIVEN,Q02_RECALL50,AVAILABILITY_LOSS,HIGH,8,48,0.583333,8.25,3.75,0.583333,0.0,0.416667,0.0,0.583333,0.583333,0.583333,13.041667,0.583333,0.583333,97.708333,9.666667,0.583333,0.0
EVENT_DRIVEN,Q02_RECALL50,AVAILABILITY_LOSS,HIGH,12,48,0.75,13.25,2.75,0.75,0.0,0.25,0.0,0.75,0.75,0.75,12.625,0.75,0.75,125.625,11.5,0.75,0.0
EVENT_DRIVEN,Q02_RECALL50,AVAILABILITY_LOSS,LOW,4,48,0.583333,5.083333,2.916667,0.583333,0.0,0.416667,0.0,0.583333,0.583333,0.583333,11.375,0.583333,0.583333,97.708333,6.833333,0.583333,0.0
EVENT_DRIVEN,Q02_RECALL50,AVAILABILITY_LOSS,LOW,8,48,0.583333,8.25,3.75,0.583333,0.0,0.416667,0.0,0.583333,0.583333,0.583333,13.041667,0.583333,0.583333,97.708333,9.666667,0.583333,0.0
EVENT_DRIVEN,Q02_RECALL50,AVAILABILITY_LOSS,LOW,12,48,0.416667,9.583333,6.416667,0.416667,0.0,0.583333,0.0,0.416667,0.416667,0.416667,16.791667,0.416667,0.416667,69.791667,13.5,0.416667,0.0
EVENT_DRIVEN,Q02_RECALL50,CONTROL_FAILURE,HIGH,4,48,1.0,5.0,3.0,0.5,0.0,0.5,0.5,0.0,0.5,0.5,10.75,0.5,0.5,83.25,7.0,0.5,0.0
EVENT_DRIVEN,Q02_RECALL50,CONTROL_FAILURE,HIGH,8,48,1.0,9.0,3.0,0.5,0.0,0.5,0.5,0.0,0.5,0.5,10.75,0.5,0.5,83.25,10.0,0.5,0.0
EVENT_DRIVEN,Q02_RECALL50,CONTROL_FAILURE,HIGH,12,48,1.0,13.0,3.0,0.416667,0.0,0.583333,0.416667,0.0,0.416667,0.416667,9.958333,0.416667,0.416667,69.375,13.5,0.416667,0.0
EVENT_DRIVEN,Q02_RECALL50,CONTROL_FAILURE,LOW,4,48,1.0,6.0,2.0,0.5,0.0,0.5,0.5,0.0,0.5,0.5,8.75,0.5,0.5,83.25,7.0,0.5,0.0
EVENT_DRIVEN,Q02_RECALL50,CONTROL_FAILURE,LOW,8,48,1.0,10.0,2.0,0.75,0.0,0.25,0.75,0.0,0.75,0.75,11.125,0.75,0.75,124.875,9.0,0.75,0.0
EVENT_DRIVEN,Q02_RECALL50,CONTROL_FAILURE,LOW,12,48,1.0,14.0,2.0,0.583333,0.0,0.416667,0.583333,0.0,0.583333,0.583333,9.541667,0.583333,0.583333,97.125,12.5,0.583333,0.0
EVENT_DRIVEN,Q02_RECALL50,POSE_SHIFT,HIGH,4,48,0.583333,5.083333,2.916667,0.583333,0.0,0.416667,0.0,0.0,0.583333,0.583333,11.375,0.583333,0.583333,94.208333,6.833333,0.583333,0.0
EVENT_DRIVEN,Q02_RECALL50,POSE_SHIFT,HIGH,8,48,0.583333,8.25,3.75,0.583333,0.0,0.416667,0.0,0.0,0.583333,0.583333,13.041667,0.583333,0.583333,94.208333,9.666667,0.583333,0.0
EVENT_DRIVEN,Q02_RECALL50,POSE_SHIFT,HIGH,12,48,0.5,10.5,5.5,0.5,0.0,0.5,0.0,0.0,0.5,0.5,15.75,0.5,0.5,80.75,13.0,0.5,0.0
EVENT_DRIVEN,Q02_RECALL50,POSE_SHIFT,LOW,4,48,0.583333,5.083333,2.916667,0.583333,0.0,0.416667,0.0,0.0,0.583333,0.583333,11.375,0.583333,0.583333,94.208333,6.833333,0.583333,0.0
EVENT_DRIVEN,Q02_RECALL50,POSE_SHIFT,LOW,8,48,0.583333,8.25,3.75,0.583333,0.0,0.416667,0.0,0.0,0.583333,0.583333,13.041667,0.583333,0.583333,94.208333,9.666667,0.583333,0.0
EVENT_DRIVEN,Q02_RECALL50,POSE_SHIFT,LOW,12,48,0.333333,8.666667,7.333333,0.333333,0.0,0.666667,0.0,0.0,0.333333,0.333333,17.833333,0.333333,0.333333,53.833333,14.0,0.333333,0.0
EVENT_DRIVEN,Q02_RECALL50,RESTRICTION_CHANGE,HIGH,4,48,0.416667,3.916667,4.083333,0.416667,0.0,0.583333,0.0,0.416667,0.416667,0.416667,12.125,0.416667,0.416667,68.541667,7.166667,0.416667,0.0
EVENT_DRIVEN,Q02_RECALL50,RESTRICTION_CHANGE,HIGH,8,48,0.666667,9.0,3.0,0.666667,0.0,0.333333,0.0,0.666667,0.666667,0.666667,12.333333,0.666667,0.666667,109.666667,9.333333,0.666667,0.0
EVENT_DRIVEN,Q02_RECALL50,RESTRICTION_CHANGE,HIGH,12,48,0.583333,11.416667,4.583333,0.583333,0.0,0.416667,0.0,0.583333,0.583333,0.583333,14.708333,0.583333,0.583333,95.958333,12.5,0.583333,0.0
EVENT_DRIVEN,Q02_RECALL50,RESTRICTION_CHANGE,LOW,4,48,0.583333,5.083333,2.916667,0.583333,0.0,0.416667,0.0,0.583333,0.583333,0.583333,11.375,0.583333,0.583333,95.958333,6.833333,0.583333,0.0
EVENT_DRIVEN,Q02_RECALL50,RESTRICTION_CHANGE,LOW,8,48,0.583333,8.25,3.75,0.583333,0.0,0.416667,0.0,0.583333,0.583333,0.583333,13.041667,0.583333,0.583333,95.958333,9.666667,0.583333,0.0
EVENT_DRIVEN,Q02_RECALL50,RESTRICTION_CHANGE,LOW,12,48,0.75,13.25,2.75,0.75,0.0,0.25,0.0,0.75,0.75,0.75,12.625,0.75,0.75,123.375,11.5,0.75,0.0
EVENT_DRIVEN,Q03_RECALL25,AVAILABILITY_LOSS,HIGH,4,48,0.166667,2.166667,5.833333,0.166667,0.0,0.833333,0.0,0.166667,0.166667,0.166667,13.25,0.166667,0.166667,27.916667,7.666667,0.166667,0.0
EVENT_DRIVEN,Q03_RECALL25,AVAILABILITY_LOSS,HIGH,8,48,0.416667,6.75,5.25,0.416667,0.0,0.583333,0.0,0.416667,0.416667,0.416667,14.458333,0.416667,0.416667,69.791667,10.333333,0.416667,0.0
EVENT_DRIVEN,Q03_RECALL25,AVAILABILITY_LOSS,HIGH,12,48,0.583333,11.416667,4.583333,0.583333,0.0,0.416667,0.0,0.583333,0.583333,0.583333,14.708333,0.583333,0.583333,97.708333,12.5,0.583333,0.0
EVENT_DRIVEN,Q03_RECALL25,AVAILABILITY_LOSS,LOW,4,48,0.416667,3.916667,4.083333,0.416667,0.0,0.583333,0.0,0.416667,0.416667,0.416667,12.125,0.416667,0.416667,69.791667,7.166667,0.416667,0.0
EVENT_DRIVEN,Q03_RECALL25,AVAILABILITY_LOSS,LOW,8,48,0.333333,6.0,6.0,0.333333,0.0,0.666667,0.0,0.333333,0.333333,0.333333,15.166667,0.333333,0.333333,55.833333,10.666667,0.333333,0.0
EVENT_DRIVEN,Q03_RECALL25,AVAILABILITY_LOSS,LOW,12,48,0.25,7.75,8.25,0.25,0.0,0.75,0.0,0.25,0.25,0.25,18.875,0.25,0.25,41.875,14.5,0.25,0.0
EVENT_DRIVEN,Q03_RECALL25,CONTROL_FAILURE,HIGH,4,48,1.0,5.0,3.0,0.25,0.0,0.75,0.25,0.0,0.25,0.25,8.375,0.25,0.25,41.625,7.5,0.25,0.0
EVENT_DRIVEN,Q03_RECALL25,CONTROL_FAILURE,HIGH,8,48,1.0,9.0,3.0,0.25,0.0,0.75,0.25,0.0,0.25,0.25,8.375,0.25,0.25,41.625,11.0,0.25,0.0
EVENT_DRIVEN,Q03_RECALL25,CONTROL_FAILURE,HIGH,12,48,1.0,13.0,3.0,0.166667,0.0,0.833333,0.166667,0.0,0.166667,0.166667,7.583333,0.166667,0.166667,27.75,15.0,0.166667,0.0
EVENT_DRIVEN,Q03_RECALL25,CONTROL_FAILURE,LOW,4,48,1.0,6.0,2.0,0.166667,0.0,0.833333,0.166667,0.0,0.166667,0.166667,5.583333,0.166667,0.166667,27.75,7.666667,0.166667,0.0
EVENT_DRIVEN,Q03_RECALL25,CONTROL_FAILURE,LOW,8,48,1.0,10.0,2.0,0.583333,0.0,0.416667,0.583333,0.0,0.583333,0.583333,9.541667,0.583333,0.583333,97.125,9.666667,0.583333,0.0
EVENT_DRIVEN,Q03_RECALL25,CONTROL_FAILURE,LOW,12,48,1.0,14.0,2.0,0.25,0.0,0.75,0.25,0.0,0.25,0.25,6.375,0.25,0.25,41.625,14.5,0.25,0.0
EVENT_DRIVEN,Q03_RECALL25,POSE_SHIFT,HIGH,4,48,0.083333,1.583333,6.416667,0.083333,0.0,0.916667,0.0,0.0,0.083333,0.083333,13.625,0.083333,0.083333,13.458333,7.833333,0.083333,0.0
EVENT_DRIVEN,Q03_RECALL25,POSE_SHIFT,HIGH,8,48,0.5,7.5,4.5,0.5,0.0,0.5,0.0,0.0,0.5,0.5,13.75,0.5,0.5,80.75,10.0,0.5,0.0
EVENT_DRIVEN,Q03_RECALL25,POSE_SHIFT,HIGH,12,48,0.166667,6.833333,9.166667,0.166667,0.0,0.833333,0.0,0.0,0.166667,0.166667,19.916667,0.166667,0.166667,26.916667,15.0,0.166667,0.0
EVENT_DRIVEN,Q03_RECALL25,POSE_SHIFT,LOW,4,48,0.5,4.5,3.5,0.5,0.0,0.5,0.0,0.0,0.5,0.5,11.75,0.5,0.5,80.75,7.0,0.5,0.0
EVENT_DRIVEN,Q03_RECALL25,POSE_SHIFT,LOW,8,48,0.5,7.5,4.5,0.5,0.0,0.5,0.0,0.0,0.5,0.5,13.75,0.5,0.5,80.75,10.0,0.5,0.0
EVENT_DRIVEN,Q03_RECALL25,POSE_SHIFT,LOW,12,48,0.333333,8.666667,7.333333,0.333333,0.0,0.666667,0.0,0.0,0.333333,0.333333,17.833333,0.333333,0.333333,53.833333,14.0,0.333333,0.0
EVENT_DRIVEN,Q03_RECALL25,RESTRICTION_CHANGE,HIGH,4,48,0.083333,1.583333,6.416667,0.083333,0.0,0.916667,0.0,0.083333,0.083333,0.083333,13.625,0.083333,0.083333,13.708333,7.833333,0.083333,0.0
EVENT_DRIVEN,Q03_RECALL25,RESTRICTION_CHANGE,HIGH,8,48,0.416667,6.75,5.25,0.416667,0.0,0.583333,0.0,0.416667,0.416667,0.416667,14.458333,0.416667,0.416667,68.541667,10.333333,0.416667,0.0
EVENT_DRIVEN,Q03_RECALL25,RESTRICTION_CHANGE,HIGH,12,48,0.25,7.75,8.25,0.25,0.0,0.75,0.0,0.25,0.25,0.25,18.875,0.25,0.25,41.125,14.5,0.25,0.0
EVENT_DRIVEN,Q03_RECALL25,RESTRICTION_CHANGE,LOW,4,48,0.25,2.75,5.25,0.25,0.0,0.75,0.0,0.25,0.25,0.25,12.875,0.25,0.25,41.125,7.5,0.25,0.0
EVENT_DRIVEN,Q03_RECALL25,RESTRICTION_CHANGE,LOW,8,48,0.416667,6.75,5.25,0.416667,0.0,0.583333,0.0,0.416667,0.416667,0.416667,14.458333,0.416667,0.416667,68.541667,10.333333,0.416667,0.0
EVENT_DRIVEN,Q03_RECALL25,RESTRICTION_CHANGE,LOW,12,48,0.416667,9.583333,6.416667,0.416667,0.0,0.583333,0.0,0.416667,0.416667,0.416667,16.791667,0.416667,0.416667,68.541667,13.5,0.416667,0.0
EVENT_DRIVEN,Q04_DELAY1,AVAILABILITY_LOSS,HIGH,4,48,1.0,7.0,1.0,1.0,0.0,0.0,0.0,1.0,1.0,1.0,11.5,1.0,1.0,167.5,5.0,1.0,0.0
EVENT_DRIVEN,Q04_DELAY1,AVAILABILITY_LOSS,HIGH,8,48,1.0,11.0,1.0,1.0,0.0,0.0,0.0,1.0,1.0,1.0,11.5,1.0,1.0,167.5,7.0,1.0,0.0
EVENT_DRIVEN,Q04_DELAY1,AVAILABILITY_LOSS,HIGH,12,48,1.0,15.0,1.0,1.0,0.0,0.0,0.0,1.0,1.0,1.0,11.5,1.0,1.0,167.5,9.0,1.0,0.0
EVENT_DRIVEN,Q04_DELAY1,AVAILABILITY_LOSS,LOW,4,48,1.0,7.0,1.0,1.0,0.0,0.0,0.0,1.0,1.0,1.0,11.5,1.0,1.0,167.5,5.0,1.0,0.0
EVENT_DRIVEN,Q04_DELAY1,AVAILABILITY_LOSS,LOW,8,48,1.0,11.0,1.0,1.0,0.0,0.0,0.0,1.0,1.0,1.0,11.5,1.0,1.0,167.5,7.0,1.0,0.0
EVENT_DRIVEN,Q04_DELAY1,AVAILABILITY_LOSS,LOW,12,48,1.0,15.0,1.0,1.0,0.0,0.0,0.0,1.0,1.0,1.0,11.5,1.0,1.0,167.5,9.0,1.0,0.0
EVENT_DRIVEN,Q04_DELAY1,CONTROL_FAILURE,HIGH,4,48,1.0,5.0,3.0,1.0,0.0,0.0,1.0,0.0,1.0,1.0,15.5,1.0,1.0,166.5,5.0,1.0,0.0
EVENT_DRIVEN,Q04_DELAY1,CONTROL_FAILURE,HIGH,8,48,1.0,9.0,3.0,1.0,0.0,0.0,1.0,0.0,1.0,1.0,15.5,1.0,1.0,166.5,7.0,1.0,0.0
EVENT_DRIVEN,Q04_DELAY1,CONTROL_FAILURE,HIGH,12,48,1.0,13.0,3.0,1.0,0.0,0.0,1.0,0.0,1.0,1.0,15.5,1.0,1.0,166.5,9.0,1.0,0.0
EVENT_DRIVEN,Q04_DELAY1,CONTROL_FAILURE,LOW,4,48,1.0,6.0,2.0,1.0,0.0,0.0,1.0,0.0,1.0,1.0,13.5,1.0,1.0,166.5,5.0,1.0,0.0
EVENT_DRIVEN,Q04_DELAY1,CONTROL_FAILURE,LOW,8,48,1.0,10.0,2.0,1.0,0.0,0.0,1.0,0.0,1.0,1.0,13.5,1.0,1.0,166.5,7.0,1.0,0.0
EVENT_DRIVEN,Q04_DELAY1,CONTROL_FAILURE,LOW,12,48,1.0,14.0,2.0,1.0,0.0,0.0,1.0,0.0,1.0,1.0,13.5,1.0,1.0,166.5,9.0,1.0,0.0
EVENT_DRIVEN,Q04_DELAY1,POSE_SHIFT,HIGH,4,48,1.0,7.0,1.0,1.0,0.0,0.0,0.0,0.0,1.0,1.0,11.5,1.0,1.0,161.5,5.0,1.0,0.0
EVENT_DRIVEN,Q04_DELAY1,POSE_SHIFT,HIGH,8,48,1.0,11.0,1.0,1.0,0.0,0.0,0.0,0.0,1.0,1.0,11.5,1.0,1.0,161.5,7.0,1.0,0.0
EVENT_DRIVEN,Q04_DELAY1,POSE_SHIFT,HIGH,12,48,1.0,15.0,1.0,1.0,0.0,0.0,0.0,0.0,1.0,1.0,11.5,1.0,1.0,161.5,9.0,1.0,0.0
EVENT_DRIVEN,Q04_DELAY1,POSE_SHIFT,LOW,4,48,1.0,7.0,1.0,1.0,0.0,0.0,0.0,0.0,1.0,1.0,11.5,1.0,1.0,161.5,5.0,1.0,0.0
EVENT_DRIVEN,Q04_DELAY1,POSE_SHIFT,LOW,8,48,1.0,11.0,1.0,1.0,0.0,0.0,0.0,0.0,1.0,1.0,11.5,1.0,1.0,161.5,7.0,1.0,0.0
EVENT_DRIVEN,Q04_DELAY1,POSE_SHIFT,LOW,12,48,1.0,15.0,1.0,1.0,0.0,0.0,0.0,0.0,1.0,1.0,11.5,1.0,1.0,161.5,9.0,1.0,0.0
EVENT_DRIVEN,Q04_DELAY1,RESTRICTION_CHANGE,HIGH,4,48,1.0,7.0,1.0,1.0,0.0,0.0,0.0,1.0,1.0,1.0,11.5,1.0,1.0,164.5,5.0,1.0,0.0
EVENT_DRIVEN,Q04_DELAY1,RESTRICTION_CHANGE,HIGH,8,48,1.0,11.0,1.0,1.0,0.0,0.0,0.0,1.0,1.0,1.0,11.5,1.0,1.0,164.5,7.0,1.0,0.0
EVENT_DRIVEN,Q04_DELAY1,RESTRICTION_CHANGE,HIGH,12,48,1.0,15.0,1.0,1.0,0.0,0.0,0.0,1.0,1.0,1.0,11.5,1.0,1.0,164.5,9.0,1.0,0.0
EVENT_DRIVEN,Q04_DELAY1,RESTRICTION_CHANGE,LOW,4,48,1.0,7.0,1.0,1.0,0.0,0.0,0.0,1.0,1.0,1.0,11.5,1.0,1.0,164.5,5.0,1.0,0.0
EVENT_DRIVEN,Q04_DELAY1,RESTRICTION_CHANGE,LOW,8,48,1.0,11.0,1.0,1.0,0.0,0.0,0.0,1.0,1.0,1.0,11.5,1.0,1.0,164.5,7.0,1.0,0.0
EVENT_DRIVEN,Q04_DELAY1,RESTRICTION_CHANGE,LOW,12,48,1.0,15.0,1.0,1.0,0.0,0.0,0.0,1.0,1.0,1.0,11.5,1.0,1.0,164.5,9.0,1.0,0.0
EVENT_DRIVEN,Q05_DELAY3,AVAILABILITY_LOSS,HIGH,4,48,1.0,5.0,3.0,1.0,0.0,1.0,0.0,1.0,1.0,1.0,15.5,1.0,1.0,167.5,3.0,1.0,0.0
EVENT_DRIVEN,Q05_DELAY3,AVAILABILITY_LOSS,HIGH,8,48,1.0,9.0,3.0,1.0,0.0,1.0,0.0,1.0,1.0,1.0,15.5,1.0,1.0,167.5,5.0,1.0,0.0
EVENT_DRIVEN,Q05_DELAY3,AVAILABILITY_LOSS,HIGH,12,48,1.0,13.0,3.0,1.0,0.0,1.0,0.0,1.0,1.0,1.0,15.5,1.0,1.0,167.5,7.0,1.0,0.0
EVENT_DRIVEN,Q05_DELAY3,AVAILABILITY_LOSS,LOW,4,48,1.0,5.0,3.0,1.0,0.0,1.0,0.0,1.0,1.0,1.0,15.5,1.0,1.0,167.5,3.0,1.0,0.0
EVENT_DRIVEN,Q05_DELAY3,AVAILABILITY_LOSS,LOW,8,48,1.0,9.0,3.0,1.0,0.0,1.0,0.0,1.0,1.0,1.0,15.5,1.0,1.0,167.5,5.0,1.0,0.0
EVENT_DRIVEN,Q05_DELAY3,AVAILABILITY_LOSS,LOW,12,48,1.0,13.0,3.0,1.0,0.0,1.0,0.0,1.0,1.0,1.0,15.5,1.0,1.0,167.5,7.0,1.0,0.0
EVENT_DRIVEN,Q05_DELAY3,CONTROL_FAILURE,HIGH,4,48,1.0,5.0,3.0,1.0,0.0,1.0,0.5,0.5,1.0,1.0,15.5,1.0,1.0,166.5,3.0,1.0,0.0
EVENT_DRIVEN,Q05_DELAY3,CONTROL_FAILURE,HIGH,8,48,1.0,9.0,3.0,1.0,0.0,1.0,0.5,0.5,1.0,1.0,15.5,1.0,1.0,166.5,5.0,1.0,0.0
EVENT_DRIVEN,Q05_DELAY3,CONTROL_FAILURE,HIGH,12,48,1.0,13.0,3.0,1.0,0.0,1.0,0.5,0.5,1.0,1.0,15.5,1.0,1.0,166.5,7.0,1.0,0.0
EVENT_DRIVEN,Q05_DELAY3,CONTROL_FAILURE,LOW,4,48,1.0,6.0,2.0,1.0,0.0,1.0,0.5,0.5,1.0,1.0,13.5,1.0,1.0,166.5,3.0,1.0,0.0
EVENT_DRIVEN,Q05_DELAY3,CONTROL_FAILURE,LOW,8,48,1.0,10.0,2.0,1.0,0.0,1.0,0.5,0.5,1.0,1.0,13.5,1.0,1.0,166.5,5.0,1.0,0.0
EVENT_DRIVEN,Q05_DELAY3,CONTROL_FAILURE,LOW,12,48,1.0,14.0,2.0,1.0,0.0,1.0,0.5,0.5,1.0,1.0,13.5,1.0,1.0,166.5,7.0,1.0,0.0
EVENT_DRIVEN,Q05_DELAY3,POSE_SHIFT,HIGH,4,48,1.0,5.0,3.0,1.0,0.0,1.0,0.0,0.5,1.0,1.0,15.5,1.0,1.0,161.5,3.0,1.0,0.0
EVENT_DRIVEN,Q05_DELAY3,POSE_SHIFT,HIGH,8,48,1.0,9.0,3.0,1.0,0.0,1.0,0.0,0.5,1.0,1.0,15.5,1.0,1.0,161.5,5.0,1.0,0.0
EVENT_DRIVEN,Q05_DELAY3,POSE_SHIFT,HIGH,12,48,1.0,13.0,3.0,1.0,0.0,1.0,0.0,0.5,1.0,1.0,15.5,1.0,1.0,161.5,7.0,1.0,0.0
EVENT_DRIVEN,Q05_DELAY3,POSE_SHIFT,LOW,4,48,1.0,5.0,3.0,1.0,0.0,1.0,0.0,0.5,1.0,1.0,15.5,1.0,1.0,161.5,3.0,1.0,0.0
EVENT_DRIVEN,Q05_DELAY3,POSE_SHIFT,LOW,8,48,1.0,9.0,3.0,1.0,0.0,1.0,0.0,0.5,1.0,1.0,15.5,1.0,1.0,161.5,5.0,1.0,0.0
EVENT_DRIVEN,Q05_DELAY3,POSE_SHIFT,LOW,12,48,1.0,13.0,3.0,1.0,0.0,1.0,0.0,0.5,1.0,1.0,15.5,1.0,1.0,161.5,7.0,1.0,0.0
EVENT_DRIVEN,Q05_DELAY3,RESTRICTION_CHANGE,HIGH,4,48,1.0,5.0,3.0,1.0,0.0,1.0,0.0,1.0,1.0,1.0,15.5,1.0,1.0,164.5,3.0,1.0,0.0
EVENT_DRIVEN,Q05_DELAY3,RESTRICTION_CHANGE,HIGH,8,48,1.0,9.0,3.0,1.0,0.0,1.0,0.0,1.0,1.0,1.0,15.5,1.0,1.0,164.5,5.0,1.0,0.0
EVENT_DRIVEN,Q05_DELAY3,RESTRICTION_CHANGE,HIGH,12,48,1.0,13.0,3.0,1.0,0.0,1.0,0.0,1.0,1.0,1.0,15.5,1.0,1.0,164.5,7.0,1.0,0.0
EVENT_DRIVEN,Q05_DELAY3,RESTRICTION_CHANGE,LOW,4,48,1.0,5.0,3.0,1.0,0.0,1.0,0.0,1.0,1.0,1.0,15.5,1.0,1.0,164.5,3.0,1.0,0.0
EVENT_DRIVEN,Q05_DELAY3,RESTRICTION_CHANGE,LOW,8,48,1.0,9.0,3.0,1.0,0.0,1.0,0.0,1.0,1.0,1.0,15.5,1.0,1.0,164.5,5.0,1.0,0.0
EVENT_DRIVEN,Q05_DELAY3,RESTRICTION_CHANGE,LOW,12,48,1.0,13.0,3.0,1.0,0.0,1.0,0.0,1.0,1.0,1.0,15.5,1.0,1.0,164.5,7.0,1.0,0.0
EVENT_DRIVEN,Q06_FALSE3,AVAILABILITY_LOSS,HIGH,4,48,1.0,8.0,0.0,2.0,1.0,0.0,1.0,1.0,0.5,1.0,26.0,2.0,4.0,667.0,5.0,2.0,0.0
EVENT_DRIVEN,Q06_FALSE3,AVAILABILITY_LOSS,HIGH,8,48,1.0,12.0,0.0,2.0,1.0,0.0,1.0,1.0,0.5,1.0,26.0,2.0,4.0,667.0,7.0,2.0,0.0
EVENT_DRIVEN,Q06_FALSE3,AVAILABILITY_LOSS,HIGH,12,48,1.0,16.0,0.0,2.0,1.0,0.0,1.0,1.0,0.5,1.0,26.0,2.0,4.0,667.0,9.0,2.0,0.0
EVENT_DRIVEN,Q06_FALSE3,AVAILABILITY_LOSS,LOW,4,48,1.0,8.0,0.0,2.0,1.0,0.0,1.0,1.0,0.5,1.0,26.0,2.0,4.0,667.0,5.0,2.0,0.0
EVENT_DRIVEN,Q06_FALSE3,AVAILABILITY_LOSS,LOW,8,48,1.0,12.0,0.0,2.0,1.0,0.0,1.0,1.0,0.5,1.0,26.0,2.0,4.0,667.0,7.0,2.0,0.0
EVENT_DRIVEN,Q06_FALSE3,AVAILABILITY_LOSS,LOW,12,48,1.0,16.0,0.0,2.0,1.0,0.0,1.0,1.0,0.5,1.0,26.0,2.0,4.0,667.0,9.0,2.0,0.0
EVENT_DRIVEN,Q06_FALSE3,CONTROL_FAILURE,HIGH,4,48,1.0,5.0,3.0,2.0,1.0,0.0,2.0,0.0,0.5,1.0,32.0,2.0,4.0,666.0,5.0,2.0,0.0
EVENT_DRIVEN,Q06_FALSE3,CONTROL_FAILURE,HIGH,8,48,1.0,9.0,3.0,2.0,1.0,0.0,2.0,0.0,0.5,1.0,32.0,2.0,4.0,666.0,7.0,2.0,0.0
EVENT_DRIVEN,Q06_FALSE3,CONTROL_FAILURE,HIGH,12,48,1.0,13.0,3.0,2.0,1.0,0.0,2.0,0.0,0.5,1.0,32.0,2.0,4.0,666.0,9.0,2.0,0.0
EVENT_DRIVEN,Q06_FALSE3,CONTROL_FAILURE,LOW,4,48,1.0,6.0,2.0,2.0,1.0,0.0,2.0,0.0,0.5,1.0,30.0,2.0,4.0,666.0,5.0,2.0,0.0
EVENT_DRIVEN,Q06_FALSE3,CONTROL_FAILURE,LOW,8,48,1.0,10.0,2.0,2.0,1.0,0.0,2.0,0.0,0.5,1.0,30.0,2.0,4.0,666.0,7.0,2.0,0.0
EVENT_DRIVEN,Q06_FALSE3,CONTROL_FAILURE,LOW,12,48,1.0,14.0,2.0,2.0,1.0,0.0,2.0,0.0,0.5,1.0,30.0,2.0,4.0,666.0,9.0,2.0,0.0
EVENT_DRIVEN,Q06_FALSE3,POSE_SHIFT,HIGH,4,48,1.0,8.0,0.0,2.0,1.0,0.0,1.0,0.0,0.5,1.0,26.0,2.0,4.0,661.0,5.0,2.0,0.0
EVENT_DRIVEN,Q06_FALSE3,POSE_SHIFT,HIGH,8,48,1.0,12.0,0.0,2.0,1.0,0.0,1.0,0.0,0.5,1.0,26.0,2.0,4.0,661.0,7.0,2.0,0.0
EVENT_DRIVEN,Q06_FALSE3,POSE_SHIFT,HIGH,12,48,1.0,16.0,0.0,2.0,1.0,0.0,1.0,0.0,0.5,1.0,26.0,2.0,4.0,661.0,9.0,2.0,0.0
EVENT_DRIVEN,Q06_FALSE3,POSE_SHIFT,LOW,4,48,1.0,8.0,0.0,2.0,1.0,0.0,1.0,0.0,0.5,1.0,26.0,2.0,4.0,661.0,5.0,2.0,0.0
EVENT_DRIVEN,Q06_FALSE3,POSE_SHIFT,LOW,8,48,1.0,12.0,0.0,2.0,1.0,0.0,1.0,0.0,0.5,1.0,26.0,2.0,4.0,661.0,7.0,2.0,0.0
EVENT_DRIVEN,Q06_FALSE3,POSE_SHIFT,LOW,12,48,1.0,16.0,0.0,2.0,1.0,0.0,1.0,0.0,0.5,1.0,26.0,2.0,4.0,661.0,9.0,2.0,0.0
EVENT_DRIVEN,Q06_FALSE3,RESTRICTION_CHANGE,HIGH,4,48,1.0,8.0,0.0,2.0,1.0,0.0,1.0,1.0,0.5,1.0,26.0,2.0,4.0,664.0,5.0,2.0,0.0
EVENT_DRIVEN,Q06_FALSE3,RESTRICTION_CHANGE,HIGH,8,48,1.0,12.0,0.0,2.0,1.0,0.0,1.0,1.0,0.5,1.0,26.0,2.0,4.0,664.0,7.0,2.0,0.0
EVENT_DRIVEN,Q06_FALSE3,RESTRICTION_CHANGE,HIGH,12,48,1.0,16.0,0.0,2.0,1.0,0.0,1.0,1.0,0.5,1.0,26.0,2.0,4.0,664.0,9.0,2.0,0.0
EVENT_DRIVEN,Q06_FALSE3,RESTRICTION_CHANGE,LOW,4,48,1.0,8.0,0.0,2.0,1.0,0.0,1.0,1.0,0.5,1.0,26.0,2.0,4.0,664.0,5.0,2.0,0.0
EVENT_DRIVEN,Q06_FALSE3,RESTRICTION_CHANGE,LOW,8,48,1.0,12.0,0.0,2.0,1.0,0.0,1.0,1.0,0.5,1.0,26.0,2.0,4.0,664.0,7.0,2.0,0.0
EVENT_DRIVEN,Q06_FALSE3,RESTRICTION_CHANGE,LOW,12,48,1.0,16.0,0.0,2.0,1.0,0.0,1.0,1.0,0.5,1.0,26.0,2.0,4.0,664.0,9.0,2.0,0.0
EVENT_DRIVEN,Q07_DUP_OOO,AVAILABILITY_LOSS,HIGH,4,48,1.0,7.0,1.0,2.0,0.0,0.0,1.0,1.0,1.0,1.0,24.5,2.0,3.0,502.5,4.0,2.0,0.0
EVENT_DRIVEN,Q07_DUP_OOO,AVAILABILITY_LOSS,HIGH,8,48,1.0,11.0,1.0,2.0,0.0,0.0,1.0,1.0,1.0,1.0,24.5,2.0,3.0,502.5,6.0,2.0,0.0
EVENT_DRIVEN,Q07_DUP_OOO,AVAILABILITY_LOSS,HIGH,12,48,1.0,15.0,1.0,2.0,0.0,0.0,1.0,1.0,1.0,1.0,24.5,2.0,3.0,502.5,8.0,2.0,0.0
EVENT_DRIVEN,Q07_DUP_OOO,AVAILABILITY_LOSS,LOW,4,48,1.0,7.0,1.0,2.0,0.0,0.0,1.0,1.0,1.0,1.0,24.5,2.0,3.0,502.5,4.0,2.0,0.0
EVENT_DRIVEN,Q07_DUP_OOO,AVAILABILITY_LOSS,LOW,8,48,1.0,11.0,1.0,2.0,0.0,0.0,1.0,1.0,1.0,1.0,24.5,2.0,3.0,502.5,6.0,2.0,0.0
EVENT_DRIVEN,Q07_DUP_OOO,AVAILABILITY_LOSS,LOW,12,48,1.0,15.0,1.0,2.0,0.0,0.0,1.0,1.0,1.0,1.0,24.5,2.0,3.0,502.5,8.0,2.0,0.0
EVENT_DRIVEN,Q07_DUP_OOO,CONTROL_FAILURE,HIGH,4,48,1.0,5.5,2.5,2.0,0.0,0.0,1.5,0.5,1.0,1.0,27.5,2.0,3.0,499.5,4.0,2.0,0.0
EVENT_DRIVEN,Q07_DUP_OOO,CONTROL_FAILURE,HIGH,8,48,1.0,9.5,2.5,2.0,0.0,0.0,1.5,0.5,1.0,1.0,27.5,2.0,3.0,499.5,6.0,2.0,0.0
EVENT_DRIVEN,Q07_DUP_OOO,CONTROL_FAILURE,HIGH,12,48,1.0,13.5,2.5,2.0,0.0,0.0,1.5,0.5,1.0,1.0,27.5,2.0,3.0,499.5,8.0,2.0,0.0
EVENT_DRIVEN,Q07_DUP_OOO,CONTROL_FAILURE,LOW,4,48,1.0,6.0,2.0,2.0,0.0,0.0,1.5,0.5,1.0,1.0,26.5,2.0,3.0,499.5,4.0,2.0,0.0
EVENT_DRIVEN,Q07_DUP_OOO,CONTROL_FAILURE,LOW,8,48,1.0,10.0,2.0,2.0,0.0,0.0,1.5,0.5,1.0,1.0,26.5,2.0,3.0,499.5,6.0,2.0,0.0
EVENT_DRIVEN,Q07_DUP_OOO,CONTROL_FAILURE,LOW,12,48,1.0,14.0,2.0,2.0,0.0,0.0,1.5,0.5,1.0,1.0,26.5,2.0,3.0,499.5,8.0,2.0,0.0
EVENT_DRIVEN,Q07_DUP_OOO,POSE_SHIFT,HIGH,4,48,1.0,7.0,1.0,2.0,0.0,0.0,1.0,0.0,1.0,1.0,24.5,2.0,3.0,484.5,4.0,2.0,0.0
EVENT_DRIVEN,Q07_DUP_OOO,POSE_SHIFT,HIGH,8,48,1.0,11.0,1.0,2.0,0.0,0.0,1.0,0.0,1.0,1.0,24.5,2.0,3.0,484.5,6.0,2.0,0.0
EVENT_DRIVEN,Q07_DUP_OOO,POSE_SHIFT,HIGH,12,48,1.0,15.0,1.0,2.0,0.0,0.0,1.0,0.0,1.0,1.0,24.5,2.0,3.0,484.5,8.0,2.0,0.0
EVENT_DRIVEN,Q07_DUP_OOO,POSE_SHIFT,LOW,4,48,1.0,7.0,1.0,2.0,0.0,0.0,1.0,0.0,1.0,1.0,24.5,2.0,3.0,484.5,4.0,2.0,0.0
EVENT_DRIVEN,Q07_DUP_OOO,POSE_SHIFT,LOW,8,48,1.0,11.0,1.0,2.0,0.0,0.0,1.0,0.0,1.0,1.0,24.5,2.0,3.0,484.5,6.0,2.0,0.0
EVENT_DRIVEN,Q07_DUP_OOO,POSE_SHIFT,LOW,12,48,1.0,15.0,1.0,2.0,0.0,0.0,1.0,0.0,1.0,1.0,24.5,2.0,3.0,484.5,8.0,2.0,0.0
EVENT_DRIVEN,Q07_DUP_OOO,RESTRICTION_CHANGE,HIGH,4,48,1.0,7.0,1.0,2.0,0.0,0.0,1.0,1.0,1.0,1.0,24.5,2.0,3.0,493.5,4.0,2.0,0.0
EVENT_DRIVEN,Q07_DUP_OOO,RESTRICTION_CHANGE,HIGH,8,48,1.0,11.0,1.0,2.0,0.0,0.0,1.0,1.0,1.0,1.0,24.5,2.0,3.0,493.5,6.0,2.0,0.0
EVENT_DRIVEN,Q07_DUP_OOO,RESTRICTION_CHANGE,HIGH,12,48,1.0,15.0,1.0,2.0,0.0,0.0,1.0,1.0,1.0,1.0,24.5,2.0,3.0,493.5,8.0,2.0,0.0
EVENT_DRIVEN,Q07_DUP_OOO,RESTRICTION_CHANGE,LOW,4,48,1.0,7.0,1.0,2.0,0.0,0.0,1.0,1.0,1.0,1.0,24.5,2.0,3.0,493.5,4.0,2.0,0.0
EVENT_DRIVEN,Q07_DUP_OOO,RESTRICTION_CHANGE,LOW,8,48,1.0,11.0,1.0,2.0,0.0,0.0,1.0,1.0,1.0,1.0,24.5,2.0,3.0,493.5,6.0,2.0,0.0
EVENT_DRIVEN,Q07_DUP_OOO,RESTRICTION_CHANGE,LOW,12,48,1.0,15.0,1.0,2.0,0.0,0.0,1.0,1.0,1.0,1.0,24.5,2.0,3.0,493.5,8.0,2.0,0.0
EVENT_DRIVEN,Q08_GUARDED,AVAILABILITY_LOSS,HIGH,4,48,0.5,3.5,4.5,1.5,1.0,0.0,1.0,0.5,0.25,0.5,24.5,1.5,1.5,250.25,5.0,1.5,0.0
EVENT_DRIVEN,Q08_GUARDED,AVAILABILITY_LOSS,HIGH,8,48,0.75,8.25,3.75,1.75,1.0,0.0,1.0,0.75,0.375,0.75,26.0,1.75,1.75,292.125,6.5,1.75,0.0
EVENT_DRIVEN,Q08_GUARDED,AVAILABILITY_LOSS,HIGH,12,48,0.833333,12.5,3.5,1.833333,1.0,0.0,1.0,0.833333,0.416667,0.833333,26.5,1.833333,1.833333,306.083333,8.333333,1.833333,0.0
EVENT_DRIVEN,Q08_GUARDED,AVAILABILITY_LOSS,LOW,4,48,0.833333,5.166667,2.833333,1.833333,1.0,0.0,1.0,0.833333,0.416667,0.833333,25.166667,1.833333,1.833333,306.083333,4.333333,1.833333,0.0
EVENT_DRIVEN,Q08_GUARDED,AVAILABILITY_LOSS,LOW,8,48,0.75,8.25,3.75,1.75,1.0,0.0,1.0,0.75,0.375,0.75,26.0,1.75,1.75,292.125,6.5,1.75,0.0
EVENT_DRIVEN,Q08_GUARDED,AVAILABILITY_LOSS,LOW,12,48,0.75,11.75,4.25,1.75,1.0,0.0,1.0,0.75,0.375,0.75,27.0,1.75,1.75,292.125,8.5,1.75,0.0
EVENT_DRIVEN,Q08_GUARDED,CONTROL_FAILURE,HIGH,4,48,1.0,5.291667,2.708333,1.583333,1.0,0.0,1.291667,0.291667,0.291667,0.583333,21.916667,1.583333,1.583333,263.625,4.833333,1.583333,0.0
EVENT_DRIVEN,Q08_GUARDED,CONTROL_FAILURE,HIGH,8,48,1.0,9.416667,2.583333,1.833333,1.0,0.0,1.416667,0.416667,0.416667,0.833333,24.666667,1.833333,1.833333,305.25,6.333333,1.833333,0.0
EVENT_DRIVEN,Q08_GUARDED,CONTROL_FAILURE,HIGH,12,48,1.0,13.375,2.625,1.75,1.0,0.0,1.375,0.375,0.375,0.75,23.75,1.75,1.75,291.375,8.5,1.75,0.0
EVENT_DRIVEN,Q08_GUARDED,CONTROL_FAILURE,LOW,4,48,1.0,6.0,2.0,1.833333,1.0,0.0,1.416667,0.416667,0.416667,0.833333,23.5,1.833333,1.833333,305.25,4.333333,1.833333,0.0
EVENT_DRIVEN,Q08_GUARDED,CONTROL_FAILURE,LOW,8,48,1.0,10.0,2.0,1.75,1.0,0.0,1.375,0.375,0.375,0.75,22.5,1.75,1.75,291.375,6.5,1.75,0.0
EVENT_DRIVEN,Q08_GUARDED,CONTROL_FAILURE,LOW,12,48,1.0,14.0,2.0,1.916667,1.0,0.0,1.458333,0.458333,0.458333,0.916667,24.5,1.916667,1.916667,319.125,8.166667,1.916667,0.0
EVENT_DRIVEN,Q08_GUARDED,POSE_SHIFT,HIGH,4,48,0.583333,3.916667,4.083333,1.583333,1.0,0.0,1.0,0.291667,0.291667,0.583333,24.666667,1.583333,1.583333,260.708333,4.833333,1.583333,0.0
EVENT_DRIVEN,Q08_GUARDED,POSE_SHIFT,HIGH,8,48,0.75,8.25,3.75,1.75,1.0,0.0,1.0,0.375,0.375,0.75,26.0,1.75,1.75,287.625,6.5,1.75,0.0
EVENT_DRIVEN,Q08_GUARDED,POSE_SHIFT,HIGH,12,48,0.666667,11.0,5.0,1.666667,1.0,0.0,1.0,0.333333,0.333333,0.666667,27.5,1.666667,1.666667,274.166667,8.666667,1.666667,0.0
EVENT_DRIVEN,Q08_GUARDED,POSE_SHIFT,LOW,4,48,0.75,4.75,3.25,1.75,1.0,0.0,1.0,0.375,0.375,0.75,25.0,1.75,1.75,287.625,4.5,1.75,0.0
EVENT_DRIVEN,Q08_GUARDED,POSE_SHIFT,LOW,8,48,0.833333,8.833333,3.166667,1.833333,1.0,0.0,1.0,0.416667,0.416667,0.833333,25.833333,1.833333,1.833333,301.083333,6.333333,1.833333,0.0
EVENT_DRIVEN,Q08_GUARDED,POSE_SHIFT,LOW,12,48,0.666667,11.0,5.0,1.666667,1.0,0.0,1.0,0.333333,0.333333,0.666667,27.5,1.666667,1.666667,274.166667,8.666667,1.666667,0.0
EVENT_DRIVEN,Q08_GUARDED,RESTRICTION_CHANGE,HIGH,4,48,0.666667,4.333333,3.666667,1.666667,1.0,0.0,1.0,0.666667,0.333333,0.666667,24.833333,1.666667,1.666667,276.166667,4.666667,1.666667,0.0
EVENT_DRIVEN,Q08_GUARDED,RESTRICTION_CHANGE,HIGH,8,48,0.833333,8.833333,3.166667,1.833333,1.0,0.0,1.0,0.833333,0.416667,0.833333,25.833333,1.833333,1.833333,303.583333,6.333333,1.833333,0.0
EVENT_DRIVEN,Q08_GUARDED,RESTRICTION_CHANGE,HIGH,12,48,0.833333,12.5,3.5,1.833333,1.0,0.0,1.0,0.833333,0.416667,0.833333,26.5,1.833333,1.833333,303.583333,8.333333,1.833333,0.0
EVENT_DRIVEN,Q08_GUARDED,RESTRICTION_CHANGE,LOW,4,48,0.833333,5.166667,2.833333,1.833333,1.0,0.0,1.0,0.833333,0.416667,0.833333,25.166667,1.833333,1.833333,303.583333,4.333333,1.833333,0.0
EVENT_DRIVEN,Q08_GUARDED,RESTRICTION_CHANGE,LOW,8,48,0.833333,8.833333,3.166667,1.833333,1.0,0.0,1.0,0.833333,0.416667,0.833333,25.833333,1.833333,1.833333,303.583333,6.333333,1.833333,0.0
EVENT_DRIVEN,Q08_GUARDED,RESTRICTION_CHANGE,LOW,12,48,0.833333,12.5,3.5,1.833333,1.0,0.0,1.0,0.833333,0.416667,0.833333,26.5,1.833333,1.833333,303.583333,8.333333,1.833333,0.0
EVENT_DRIVEN,Q09_HOSTILE,AVAILABILITY_LOSS,HIGH,4,48,0.166667,1.5,6.5,1.166667,1.0,0.0,1.0,0.166667,0.083333,0.166667,30.916667,1.166667,2.166667,360.916667,5.333333,1.166667,0.0
EVENT_DRIVEN,Q09_HOSTILE,AVAILABILITY_LOSS,HIGH,8,48,0.583333,5.916667,6.083333,1.583333,1.0,0.0,1.0,0.583333,0.291667,0.583333,36.125,1.583333,2.583333,430.708333,5.666667,1.583333,0.0
EVENT_DRIVEN,Q09_HOSTILE,AVAILABILITY_LOSS,HIGH,12,48,0.75,10.25,5.75,1.75,1.0,0.0,1.0,0.75,0.375,0.75,37.875,1.75,2.75,459.375,7.0,1.75,0.0
EVENT_DRIVEN,Q09_HOSTILE,AVAILABILITY_LOSS,LOW,4,48,0.583333,2.75,5.25,1.583333,1.0,0.0,1.0,0.583333,0.291667,0.583333,34.458333,1.583333,2.583333,430.708333,3.666667,1.583333,0.0
EVENT_DRIVEN,Q09_HOSTILE,AVAILABILITY_LOSS,LOW,8,48,0.583333,5.916667,6.083333,1.583333,1.0,0.0,1.0,0.583333,0.291667,0.583333,36.125,1.583333,2.583333,430.708333,5.666667,1.583333,0.0
EVENT_DRIVEN,Q09_HOSTILE,AVAILABILITY_LOSS,LOW,12,48,0.416667,7.916667,8.083333,1.416667,1.0,0.0,1.0,0.416667,0.208333,0.416667,37.708333,1.416667,2.416667,403.208333,8.333333,1.416667,0.0
EVENT_DRIVEN,Q09_HOSTILE,CONTROL_FAILURE,HIGH,4,48,1.0,5.0,3.0,1.5,1.0,0.0,1.25,0.25,0.25,0.5,28.75,1.5,2.5,416.25,4.0,1.5,0.0
EVENT_DRIVEN,Q09_HOSTILE,CONTROL_FAILURE,HIGH,8,48,1.0,9.0,3.0,1.5,1.0,0.0,1.25,0.25,0.25,0.5,28.75,1.5,2.5,416.25,6.0,1.5,0.0
EVENT_DRIVEN,Q09_HOSTILE,CONTROL_FAILURE,HIGH,12,48,1.0,13.0,3.0,1.416667,1.0,0.0,1.208333,0.208333,0.208333,0.416667,27.541667,1.416667,2.416667,402.791667,8.333333,1.416667,0.0
EVENT_DRIVEN,Q09_HOSTILE,CONTROL_FAILURE,LOW,4,48,1.0,6.0,2.0,1.5,1.0,0.0,1.25,0.25,0.25,0.5,26.75,1.5,2.5,416.25,4.0,1.5,0.0
EVENT_DRIVEN,Q09_HOSTILE,CONTROL_FAILURE,LOW,8,48,1.0,10.0,2.0,1.75,1.0,0.0,1.375,0.375,0.375,0.75,30.375,1.75,2.75,457.875,5.0,1.75,0.0
EVENT_DRIVEN,Q09_HOSTILE,CONTROL_FAILURE,LOW,12,48,1.0,14.0,2.0,1.583333,1.0,0.0,1.291667,0.291667,0.291667,0.583333,27.958333,1.583333,2.583333,430.708333,7.666667,1.583333,0.0
EVENT_DRIVEN,Q09_HOSTILE,POSE_SHIFT,HIGH,4,48,0.583333,2.75,5.25,1.583333,1.0,0.0,1.0,0.291667,0.291667,0.583333,34.458333,1.583333,2.583333,427.208333,3.666667,1.583333,0.0
EVENT_DRIVEN,Q09_HOSTILE,POSE_SHIFT,HIGH,8,48,0.583333,5.916667,6.083333,1.583333,1.0,0.0,1.0,0.291667,0.291667,0.583333,36.125,1.583333,2.583333,427.208333,5.666667,1.583333,0.0
EVENT_DRIVEN,Q09_HOSTILE,POSE_SHIFT,HIGH,12,48,0.5,8.5,7.5,1.5,1.0,0.0,1.0,0.25,0.25,0.5,37.75,1.5,2.5,414.25,8.0,1.5,0.0
EVENT_DRIVEN,Q09_HOSTILE,POSE_SHIFT,LOW,4,48,0.583333,2.75,5.25,1.583333,1.0,0.0,1.0,0.291667,0.291667,0.583333,34.458333,1.583333,2.583333,427.208333,3.666667,1.583333,0.0
EVENT_DRIVEN,Q09_HOSTILE,POSE_SHIFT,LOW,8,48,0.583333,5.916667,6.083333,1.583333,1.0,0.0,1.0,0.291667,0.291667,0.583333,36.125,1.583333,2.583333,427.208333,5.666667,1.583333,0.0
EVENT_DRIVEN,Q09_HOSTILE,POSE_SHIFT,LOW,12,48,0.333333,7.333333,8.666667,1.333333,1.0,0.0,1.0,0.166667,0.166667,0.333333,37.666667,1.333333,2.333333,387.166667,8.666667,1.333333,0.0
EVENT_DRIVEN,Q09_HOSTILE,RESTRICTION_CHANGE,HIGH,4,48,0.416667,2.25,5.75,1.416667,1.0,0.0,1.0,0.416667,0.208333,0.416667,33.041667,1.416667,2.416667,401.541667,4.333333,1.416667,0.0
EVENT_DRIVEN,Q09_HOSTILE,RESTRICTION_CHANGE,HIGH,8,48,0.666667,6.333333,5.666667,1.666667,1.0,0.0,1.0,0.666667,0.333333,0.666667,36.5,1.666667,2.666667,442.666667,5.333333,1.666667,0.0
EVENT_DRIVEN,Q09_HOSTILE,RESTRICTION_CHANGE,HIGH,12,48,0.583333,9.083333,6.916667,1.583333,1.0,0.0,1.0,0.583333,0.291667,0.583333,37.791667,1.583333,2.583333,429.541667,7.666667,1.583333,0.0
EVENT_DRIVEN,Q09_HOSTILE,RESTRICTION_CHANGE,LOW,4,48,0.583333,2.75,5.25,1.583333,1.0,0.0,1.0,0.583333,0.291667,0.583333,34.458333,1.583333,2.583333,428.958333,3.666667,1.583333,0.0
EVENT_DRIVEN,Q09_HOSTILE,RESTRICTION_CHANGE,LOW,8,48,0.583333,5.916667,6.083333,1.583333,1.0,0.0,1.0,0.583333,0.291667,0.583333,36.125,1.583333,2.583333,428.958333,5.666667,1.583333,0.0
EVENT_DRIVEN,Q09_HOSTILE,RESTRICTION_CHANGE,LOW,12,48,0.75,10.25,5.75,1.75,1.0,0.0,1.0,0.75,0.375,0.75,37.875,1.75,2.75,457.125,7.0,1.75,0.0
FAILURE_THRESHOLD,Q00_CLEAN,AVAILABILITY_LOSS,HIGH,4,48,0.5,3.5,4.5,3.0,0.0,1.0,2.5,0.5,0.0,0.0,29.5,3.0,0.0,0.0,8.0,0.0,3.0
FAILURE_THRESHOLD,Q00_CLEAN,AVAILABILITY_LOSS,HIGH,8,48,0.5,6.5,5.5,4.0,0.0,1.0,3.5,0.5,0.0,0.0,37.5,4.0,0.0,0.0,12.0,0.0,4.0
FAILURE_THRESHOLD,Q00_CLEAN,AVAILABILITY_LOSS,HIGH,12,48,0.5,9.5,6.5,5.0,0.0,1.0,4.5,0.5,0.0,0.0,45.5,5.0,0.0,0.0,16.0,0.0,5.0
FAILURE_THRESHOLD,Q00_CLEAN,AVAILABILITY_LOSS,LOW,4,48,0.5,3.5,4.5,3.0,0.0,1.0,2.5,0.5,0.0,0.0,29.5,3.0,0.0,0.0,8.0,0.0,3.0
FAILURE_THRESHOLD,Q00_CLEAN,AVAILABILITY_LOSS,LOW,8,48,0.5,6.5,5.5,4.0,0.0,1.0,3.5,0.5,0.0,0.0,37.5,4.0,0.0,0.0,12.0,0.0,4.0
FAILURE_THRESHOLD,Q00_CLEAN,AVAILABILITY_LOSS,LOW,12,48,0.5,9.5,6.5,5.0,0.0,1.0,4.5,0.5,0.0,0.0,45.5,5.0,0.0,0.0,16.0,0.0,5.0
FAILURE_THRESHOLD,Q00_CLEAN,CONTROL_FAILURE,HIGH,4,48,1.0,5.5,2.5,1.5,0.0,1.0,1.0,0.5,0.0,0.0,16.5,1.5,0.0,0.0,8.0,0.0,1.5
FAILURE_THRESHOLD,Q00_CLEAN,CONTROL_FAILURE,HIGH,8,48,1.0,9.5,2.5,1.5,0.0,1.0,1.0,0.5,0.0,0.0,16.5,1.5,0.0,0.0,12.0,0.0,1.5
FAILURE_THRESHOLD,Q00_CLEAN,CONTROL_FAILURE,HIGH,12,48,1.0,13.5,2.5,1.5,0.0,1.0,1.0,0.5,0.0,0.0,16.5,1.5,0.0,0.0,16.0,0.0,1.5
FAILURE_THRESHOLD,Q00_CLEAN,CONTROL_FAILURE,LOW,4,48,1.0,6.0,2.0,1.0,0.0,1.0,0.5,0.5,0.0,0.0,12.5,1.0,0.0,0.0,8.0,0.0,1.0
FAILURE_THRESHOLD,Q00_CLEAN,CONTROL_FAILURE,LOW,8,48,1.0,10.0,2.0,1.0,0.0,1.0,0.5,0.5,0.0,0.0,12.5,1.0,0.0,0.0,12.0,0.0,1.0
FAILURE_THRESHOLD,Q00_CLEAN,CONTROL_FAILURE,LOW,12,48,1.0,14.0,2.0,1.0,0.0,1.0,0.5,0.5,0.0,0.0,12.5,1.0,0.0,0.0,16.0,0.0,1.0
FAILURE_THRESHOLD,Q00_CLEAN,POSE_SHIFT,HIGH,4,48,0.5,3.5,4.5,3.0,0.0,1.0,2.5,0.5,0.0,0.0,29.5,3.0,0.0,0.0,8.0,0.0,3.0
FAILURE_THRESHOLD,Q00_CLEAN,POSE_SHIFT,HIGH,8,48,0.5,6.5,5.5,4.0,0.0,1.0,3.5,0.5,0.0,0.0,37.5,4.0,0.0,0.0,12.0,0.0,4.0
FAILURE_THRESHOLD,Q00_CLEAN,POSE_SHIFT,HIGH,12,48,0.5,9.5,6.5,5.0,0.0,1.0,4.5,0.5,0.0,0.0,45.5,5.0,0.0,0.0,16.0,0.0,5.0
FAILURE_THRESHOLD,Q00_CLEAN,POSE_SHIFT,LOW,4,48,0.5,3.5,4.5,3.0,0.0,1.0,2.5,0.5,0.0,0.0,29.5,3.0,0.0,0.0,8.0,0.0,3.0
FAILURE_THRESHOLD,Q00_CLEAN,POSE_SHIFT,LOW,8,48,0.5,6.5,5.5,4.0,0.0,1.0,3.5,0.5,0.0,0.0,37.5,4.0,0.0,0.0,12.0,0.0,4.0
FAILURE_THRESHOLD,Q00_CLEAN,POSE_SHIFT,LOW,12,48,0.5,9.5,6.5,5.0,0.0,1.0,4.5,0.5,0.0,0.0,45.5,5.0,0.0,0.0,16.0,0.0,5.0
FAILURE_THRESHOLD,Q00_CLEAN,RESTRICTION_CHANGE,HIGH,4,48,0.5,3.5,4.5,3.0,0.0,1.0,2.5,0.5,0.0,0.0,29.5,3.0,0.0,0.0,8.0,0.0,3.0
FAILURE_THRESHOLD,Q00_CLEAN,RESTRICTION_CHANGE,HIGH,8,48,0.5,6.5,5.5,4.0,0.0,1.0,3.5,0.5,0.0,0.0,37.5,4.0,0.0,0.0,12.0,0.0,4.0
FAILURE_THRESHOLD,Q00_CLEAN,RESTRICTION_CHANGE,HIGH,12,48,0.5,9.5,6.5,5.0,0.0,1.0,4.5,0.5,0.0,0.0,45.5,5.0,0.0,0.0,16.0,0.0,5.0
FAILURE_THRESHOLD,Q00_CLEAN,RESTRICTION_CHANGE,LOW,4,48,0.5,3.5,4.5,3.0,0.0,1.0,2.5,0.5,0.0,0.0,29.5,3.0,0.0,0.0,8.0,0.0,3.0
FAILURE_THRESHOLD,Q00_CLEAN,RESTRICTION_CHANGE,LOW,8,48,0.5,6.5,5.5,4.0,0.0,1.0,3.5,0.5,0.0,0.0,37.5,4.0,0.0,0.0,12.0,0.0,4.0
FAILURE_THRESHOLD,Q00_CLEAN,RESTRICTION_CHANGE,LOW,12,48,0.5,9.5,6.5,5.0,0.0,1.0,4.5,0.5,0.0,0.0,45.5,5.0,0.0,0.0,16.0,0.0,5.0
FAILURE_THRESHOLD,Q01_RECALL75,AVAILABILITY_LOSS,HIGH,4,48,0.5,3.5,4.5,3.0,0.0,1.0,2.5,0.5,0.0,0.0,28.25,3.0,0.0,0.0,8.0,0.0,3.0
FAILURE_THRESHOLD,Q01_RECALL75,AVAILABILITY_LOSS,HIGH,8,48,0.5,6.5,5.5,4.0,0.0,1.0,3.5,0.5,0.0,0.0,36.875,4.0,0.0,0.0,12.0,0.0,4.0
FAILURE_THRESHOLD,Q01_RECALL75,AVAILABILITY_LOSS,HIGH,12,48,0.5,9.5,6.5,5.0,0.0,1.0,4.5,0.5,0.0,0.0,45.083333,5.0,0.0,0.0,16.0,0.0,5.0
FAILURE_THRESHOLD,Q01_RECALL75,AVAILABILITY_LOSS,LOW,4,48,0.5,3.5,4.5,3.0,0.0,1.0,2.5,0.5,0.0,0.0,29.083333,3.0,0.0,0.0,8.0,0.0,3.0
FAILURE_THRESHOLD,Q01_RECALL75,AVAILABILITY_LOSS,LOW,8,48,0.5,6.5,5.5,4.0,0.0,1.0,3.5,0.5,0.0,0.0,36.875,4.0,0.0,0.0,12.0,0.0,4.0
FAILURE_THRESHOLD,Q01_RECALL75,AVAILABILITY_LOSS,LOW,12,48,0.5,9.5,6.5,5.0,0.0,1.0,4.5,0.5,0.0,0.0,44.875,5.0,0.0,0.0,16.0,0.0,5.0
FAILURE_THRESHOLD,Q01_RECALL75,CONTROL_FAILURE,HIGH,4,48,1.0,5.5,2.5,1.5,0.0,1.0,1.0,0.5,0.0,0.0,15.458333,1.5,0.0,0.0,8.0,0.0,1.5
FAILURE_THRESHOLD,Q01_RECALL75,CONTROL_FAILURE,HIGH,8,48,1.0,9.5,2.5,1.5,0.0,1.0,1.0,0.5,0.0,0.0,16.083333,1.5,0.0,0.0,12.0,0.0,1.5
FAILURE_THRESHOLD,Q01_RECALL75,CONTROL_FAILURE,HIGH,12,48,1.0,13.5,2.5,1.5,0.0,1.0,1.0,0.5,0.0,0.0,15.875,1.5,0.0,0.0,16.0,0.0,1.5
FAILURE_THRESHOLD,Q01_RECALL75,CONTROL_FAILURE,LOW,4,48,1.0,6.0,2.0,1.0,0.0,1.0,0.5,0.5,0.0,0.0,12.083333,1.0,0.0,0.0,8.0,0.0,1.0
FAILURE_THRESHOLD,Q01_RECALL75,CONTROL_FAILURE,LOW,8,48,1.0,10.0,2.0,1.0,0.0,1.0,0.5,0.5,0.0,0.0,11.875,1.0,0.0,0.0,12.0,0.0,1.0
FAILURE_THRESHOLD,Q01_RECALL75,CONTROL_FAILURE,LOW,12,48,1.0,14.0,2.0,1.0,0.0,1.0,0.5,0.5,0.0,0.0,12.291667,1.0,0.0,0.0,16.0,0.0,1.0
FAILURE_THRESHOLD,Q01_RECALL75,POSE_SHIFT,HIGH,4,48,0.5,3.5,4.5,3.0,0.0,1.0,2.5,0.5,0.0,0.0,28.458333,3.0,0.0,0.0,8.0,0.0,3.0
FAILURE_THRESHOLD,Q01_RECALL75,POSE_SHIFT,HIGH,8,48,0.5,6.5,5.5,4.0,0.0,1.0,3.5,0.5,0.0,0.0,36.875,4.0,0.0,0.0,12.0,0.0,4.0
FAILURE_THRESHOLD,Q01_RECALL75,POSE_SHIFT,HIGH,12,48,0.5,9.5,6.5,5.0,0.0,1.0,4.5,0.5,0.0,0.0,44.666667,5.0,0.0,0.0,16.0,0.0,5.0
FAILURE_THRESHOLD,Q01_RECALL75,POSE_SHIFT,LOW,4,48,0.5,3.5,4.5,3.0,0.0,1.0,2.5,0.5,0.0,0.0,28.875,3.0,0.0,0.0,8.0,0.0,3.0
FAILURE_THRESHOLD,Q01_RECALL75,POSE_SHIFT,LOW,8,48,0.5,6.5,5.5,4.0,0.0,1.0,3.5,0.5,0.0,0.0,37.083333,4.0,0.0,0.0,12.0,0.0,4.0
FAILURE_THRESHOLD,Q01_RECALL75,POSE_SHIFT,LOW,12,48,0.5,9.5,6.5,5.0,0.0,1.0,4.5,0.5,0.0,0.0,44.666667,5.0,0.0,0.0,16.0,0.0,5.0
FAILURE_THRESHOLD,Q01_RECALL75,RESTRICTION_CHANGE,HIGH,4,48,0.5,3.5,4.5,3.0,0.0,1.0,2.5,0.5,0.0,0.0,28.666667,3.0,0.0,0.0,8.0,0.0,3.0
FAILURE_THRESHOLD,Q01_RECALL75,RESTRICTION_CHANGE,HIGH,8,48,0.5,6.5,5.5,4.0,0.0,1.0,3.5,0.5,0.0,0.0,37.083333,4.0,0.0,0.0,12.0,0.0,4.0
FAILURE_THRESHOLD,Q01_RECALL75,RESTRICTION_CHANGE,HIGH,12,48,0.5,9.5,6.5,5.0,0.0,1.0,4.5,0.5,0.0,0.0,45.083333,5.0,0.0,0.0,16.0,0.0,5.0
FAILURE_THRESHOLD,Q01_RECALL75,RESTRICTION_CHANGE,LOW,4,48,0.5,3.5,4.5,3.0,0.0,1.0,2.5,0.5,0.0,0.0,29.083333,3.0,0.0,0.0,8.0,0.0,3.0
FAILURE_THRESHOLD,Q01_RECALL75,RESTRICTION_CHANGE,LOW,8,48,0.5,6.5,5.5,4.0,0.0,1.0,3.5,0.5,0.0,0.0,37.083333,4.0,0.0,0.0,12.0,0.0,4.0
FAILURE_THRESHOLD,Q01_RECALL75,RESTRICTION_CHANGE,LOW,12,48,0.5,9.5,6.5,5.0,0.0,1.0,4.5,0.5,0.0,0.0,45.083333,5.0,0.0,0.0,16.0,0.0,5.0
FAILURE_THRESHOLD,Q02_RECALL50,AVAILABILITY_LOSS,HIGH,4,48,0.5,3.5,4.5,3.0,0.0,1.0,2.5,0.5,0.0,0.0,27.416667,3.0,0.0,0.0,8.0,0.0,3.0
FAILURE_THRESHOLD,Q02_RECALL50,AVAILABILITY_LOSS,HIGH,8,48,0.5,6.5,5.5,4.0,0.0,1.0,3.5,0.5,0.0,0.0,36.458333,4.0,0.0,0.0,12.0,0.0,4.0
FAILURE_THRESHOLD,Q02_RECALL50,AVAILABILITY_LOSS,HIGH,12,48,0.5,9.5,6.5,5.0,0.0,1.0,4.5,0.5,0.0,0.0,44.875,5.0,0.0,0.0,16.0,0.0,5.0
FAILURE_THRESHOLD,Q02_RECALL50,AVAILABILITY_LOSS,LOW,4,48,0.5,3.5,4.5,3.0,0.0,1.0,2.5,0.5,0.0,0.0,28.458333,3.0,0.0,0.0,8.0,0.0,3.0
FAILURE_THRESHOLD,Q02_RECALL50,AVAILABILITY_LOSS,LOW,8,48,0.5,6.5,5.5,4.0,0.0,1.0,3.5,0.5,0.0,0.0,36.458333,4.0,0.0,0.0,12.0,0.0,4.0
FAILURE_THRESHOLD,Q02_RECALL50,AVAILABILITY_LOSS,LOW,12,48,0.5,9.5,6.5,5.0,0.0,1.0,4.5,0.5,0.0,0.0,44.041667,5.0,0.0,0.0,16.0,0.0,5.0
FAILURE_THRESHOLD,Q02_RECALL50,CONTROL_FAILURE,HIGH,4,48,1.0,5.5,2.5,1.5,0.0,1.0,1.0,0.5,0.0,0.0,15.25,1.5,0.0,0.0,8.0,0.0,1.5
FAILURE_THRESHOLD,Q02_RECALL50,CONTROL_FAILURE,HIGH,8,48,1.0,9.5,2.5,1.5,0.0,1.0,1.0,0.5,0.0,0.0,15.25,1.5,0.0,0.0,12.0,0.0,1.5
FAILURE_THRESHOLD,Q02_RECALL50,CONTROL_FAILURE,HIGH,12,48,1.0,13.5,2.5,1.5,0.0,1.0,1.0,0.5,0.0,0.0,15.041667,1.5,0.0,0.0,16.0,0.0,1.5
FAILURE_THRESHOLD,Q02_RECALL50,CONTROL_FAILURE,LOW,4,48,1.0,6.0,2.0,1.0,0.0,1.0,0.5,0.5,0.0,0.0,11.25,1.0,0.0,0.0,8.0,0.0,1.0
FAILURE_THRESHOLD,Q02_RECALL50,CONTROL_FAILURE,LOW,8,48,1.0,10.0,2.0,1.0,0.0,1.0,0.5,0.5,0.0,0.0,11.875,1.0,0.0,0.0,12.0,0.0,1.0
FAILURE_THRESHOLD,Q02_RECALL50,CONTROL_FAILURE,LOW,12,48,1.0,14.0,2.0,1.0,0.0,1.0,0.5,0.5,0.0,0.0,11.458333,1.0,0.0,0.0,16.0,0.0,1.0
FAILURE_THRESHOLD,Q02_RECALL50,POSE_SHIFT,HIGH,4,48,0.5,3.5,4.5,3.0,0.0,1.0,2.5,0.5,0.0,0.0,28.458333,3.0,0.0,0.0,8.0,0.0,3.0
FAILURE_THRESHOLD,Q02_RECALL50,POSE_SHIFT,HIGH,8,48,0.5,6.5,5.5,4.0,0.0,1.0,3.5,0.5,0.0,0.0,36.458333,4.0,0.0,0.0,12.0,0.0,4.0
FAILURE_THRESHOLD,Q02_RECALL50,POSE_SHIFT,HIGH,12,48,0.5,9.5,6.5,5.0,0.0,1.0,4.5,0.5,0.0,0.0,44.25,5.0,0.0,0.0,16.0,0.0,5.0
FAILURE_THRESHOLD,Q02_RECALL50,POSE_SHIFT,LOW,4,48,0.5,3.5,4.5,3.0,0.0,1.0,2.5,0.5,0.0,0.0,28.458333,3.0,0.0,0.0,8.0,0.0,3.0
FAILURE_THRESHOLD,Q02_RECALL50,POSE_SHIFT,LOW,8,48,0.5,6.5,5.5,4.0,0.0,1.0,3.5,0.5,0.0,0.0,36.458333,4.0,0.0,0.0,12.0,0.0,4.0
FAILURE_THRESHOLD,Q02_RECALL50,POSE_SHIFT,LOW,12,48,0.5,9.5,6.5,5.0,0.0,1.0,4.5,0.5,0.0,0.0,43.833333,5.0,0.0,0.0,16.0,0.0,5.0
FAILURE_THRESHOLD,Q02_RECALL50,RESTRICTION_CHANGE,HIGH,4,48,0.5,3.5,4.5,3.0,0.0,1.0,2.5,0.5,0.0,0.0,28.041667,3.0,0.0,0.0,8.0,0.0,3.0
FAILURE_THRESHOLD,Q02_RECALL50,RESTRICTION_CHANGE,HIGH,8,48,0.5,6.5,5.5,4.0,0.0,1.0,3.5,0.5,0.0,0.0,36.666667,4.0,0.0,0.0,12.0,0.0,4.0
FAILURE_THRESHOLD,Q02_RECALL50,RESTRICTION_CHANGE,HIGH,12,48,0.5,9.5,6.5,5.0,0.0,1.0,4.5,0.5,0.0,0.0,44.458333,5.0,0.0,0.0,16.0,0.0,5.0
FAILURE_THRESHOLD,Q02_RECALL50,RESTRICTION_CHANGE,LOW,4,48,0.5,3.5,4.5,3.0,0.0,1.0,2.5,0.5,0.0,0.0,28.458333,3.0,0.0,0.0,8.0,0.0,3.0
FAILURE_THRESHOLD,Q02_RECALL50,RESTRICTION_CHANGE,LOW,8,48,0.5,6.5,5.5,4.0,0.0,1.0,3.5,0.5,0.0,0.0,36.458333,4.0,0.0,0.0,12.0,0.0,4.0
FAILURE_THRESHOLD,Q02_RECALL50,RESTRICTION_CHANGE,LOW,12,48,0.5,9.5,6.5,5.0,0.0,1.0,4.5,0.5,0.0,0.0,44.875,5.0,0.0,0.0,16.0,0.0,5.0
FAILURE_THRESHOLD,Q03_RECALL25,AVAILABILITY_LOSS,HIGH,4,48,0.5,3.5,4.5,3.0,0.0,1.0,2.5,0.5,0.0,0.0,27.416667,3.0,0.0,0.0,8.0,0.0,3.0
FAILURE_THRESHOLD,Q03_RECALL25,AVAILABILITY_LOSS,HIGH,8,48,0.5,6.5,5.5,4.0,0.0,1.0,3.5,0.5,0.0,0.0,36.041667,4.0,0.0,0.0,12.0,0.0,4.0
FAILURE_THRESHOLD,Q03_RECALL25,AVAILABILITY_LOSS,HIGH,12,48,0.5,9.5,6.5,5.0,0.0,1.0,4.5,0.5,0.0,0.0,44.458333,5.0,0.0,0.0,16.0,0.0,5.0
FAILURE_THRESHOLD,Q03_RECALL25,AVAILABILITY_LOSS,LOW,4,48,0.5,3.5,4.5,3.0,0.0,1.0,2.5,0.5,0.0,0.0,28.041667,3.0,0.0,0.0,8.0,0.0,3.0
FAILURE_THRESHOLD,Q03_RECALL25,AVAILABILITY_LOSS,LOW,8,48,0.5,6.5,5.5,4.0,0.0,1.0,3.5,0.5,0.0,0.0,35.833333,4.0,0.0,0.0,12.0,0.0,4.0
FAILURE_THRESHOLD,Q03_RECALL25,AVAILABILITY_LOSS,LOW,12,48,0.5,9.5,6.5,5.0,0.0,1.0,4.5,0.5,0.0,0.0,43.625,5.0,0.0,0.0,16.0,0.0,5.0
FAILURE_THRESHOLD,Q03_RECALL25,CONTROL_FAILURE,HIGH,4,48,1.0,5.5,2.5,1.5,0.0,1.0,1.0,0.5,0.0,0.0,14.625,1.5,0.0,0.0,8.0,0.0,1.5
FAILURE_THRESHOLD,Q03_RECALL25,CONTROL_FAILURE,HIGH,8,48,1.0,9.5,2.5,1.5,0.0,1.0,1.0,0.5,0.0,0.0,14.625,1.5,0.0,0.0,12.0,0.0,1.5
FAILURE_THRESHOLD,Q03_RECALL25,CONTROL_FAILURE,HIGH,12,48,1.0,13.5,2.5,1.5,0.0,1.0,1.0,0.5,0.0,0.0,14.416667,1.5,0.0,0.0,16.0,0.0,1.5
FAILURE_THRESHOLD,Q03_RECALL25,CONTROL_FAILURE,LOW,4,48,1.0,6.0,2.0,1.0,0.0,1.0,0.5,0.5,0.0,0.0,10.416667,1.0,0.0,0.0,8.0,0.0,1.0
FAILURE_THRESHOLD,Q03_RECALL25,CONTROL_FAILURE,LOW,8,48,1.0,10.0,2.0,1.0,0.0,1.0,0.5,0.5,0.0,0.0,11.458333,1.0,0.0,0.0,12.0,0.0,1.0
FAILURE_THRESHOLD,Q03_RECALL25,CONTROL_FAILURE,LOW,12,48,1.0,14.0,2.0,1.0,0.0,1.0,0.5,0.5,0.0,0.0,10.625,1.0,0.0,0.0,16.0,0.0,1.0
FAILURE_THRESHOLD,Q03_RECALL25,POSE_SHIFT,HIGH,4,48,0.5,3.5,4.5,3.0,0.0,1.0,2.5,0.5,0.0,0.0,27.208333,3.0,0.0,0.0,8.0,0.0,3.0
FAILURE_THRESHOLD,Q03_RECALL25,POSE_SHIFT,HIGH,8,48,0.5,6.5,5.5,4.0,0.0,1.0,3.5,0.5,0.0,0.0,36.25,4.0,0.0,0.0,12.0,0.0,4.0
FAILURE_THRESHOLD,Q03_RECALL25,POSE_SHIFT,HIGH,12,48,0.5,9.5,6.5,5.0,0.0,1.0,4.5,0.5,0.0,0.0,43.416667,5.0,0.0,0.0,16.0,0.0,5.0
FAILURE_THRESHOLD,Q03_RECALL25,POSE_SHIFT,LOW,4,48,0.5,3.5,4.5,3.0,0.0,1.0,2.5,0.5,0.0,0.0,28.25,3.0,0.0,0.0,8.0,0.0,3.0
FAILURE_THRESHOLD,Q03_RECALL25,POSE_SHIFT,LOW,8,48,0.5,6.5,5.5,4.0,0.0,1.0,3.5,0.5,0.0,0.0,36.25,4.0,0.0,0.0,12.0,0.0,4.0
FAILURE_THRESHOLD,Q03_RECALL25,POSE_SHIFT,LOW,12,48,0.5,9.5,6.5,5.0,0.0,1.0,4.5,0.5,0.0,0.0,43.833333,5.0,0.0,0.0,16.0,0.0,5.0
FAILURE_THRESHOLD,Q03_RECALL25,RESTRICTION_CHANGE,HIGH,4,48,0.5,3.5,4.5,3.0,0.0,1.0,2.5,0.5,0.0,0.0,27.208333,3.0,0.0,0.0,8.0,0.0,3.0
FAILURE_THRESHOLD,Q03_RECALL25,RESTRICTION_CHANGE,HIGH,8,48,0.5,6.5,5.5,4.0,0.0,1.0,3.5,0.5,0.0,0.0,36.041667,4.0,0.0,0.0,12.0,0.0,4.0
FAILURE_THRESHOLD,Q03_RECALL25,RESTRICTION_CHANGE,HIGH,12,48,0.5,9.5,6.5,5.0,0.0,1.0,4.5,0.5,0.0,0.0,43.625,5.0,0.0,0.0,16.0,0.0,5.0
FAILURE_THRESHOLD,Q03_RECALL25,RESTRICTION_CHANGE,LOW,4,48,0.5,3.5,4.5,3.0,0.0,1.0,2.5,0.5,0.0,0.0,27.625,3.0,0.0,0.0,8.0,0.0,3.0
FAILURE_THRESHOLD,Q03_RECALL25,RESTRICTION_CHANGE,LOW,8,48,0.5,6.5,5.5,4.0,0.0,1.0,3.5,0.5,0.0,0.0,36.041667,4.0,0.0,0.0,12.0,0.0,4.0
FAILURE_THRESHOLD,Q03_RECALL25,RESTRICTION_CHANGE,LOW,12,48,0.5,9.5,6.5,5.0,0.0,1.0,4.5,0.5,0.0,0.0,44.041667,5.0,0.0,0.0,16.0,0.0,5.0
FAILURE_THRESHOLD,Q04_DELAY1,AVAILABILITY_LOSS,HIGH,4,48,0.5,3.5,4.5,3.0,0.0,1.0,2.5,0.5,0.0,0.0,29.5,3.0,0.0,0.0,8.0,0.0,3.0
FAILURE_THRESHOLD,Q04_DELAY1,AVAILABILITY_LOSS,HIGH,8,48,0.5,6.5,5.5,4.0,0.0,1.0,3.5,0.5,0.0,0.0,37.5,4.0,0.0,0.0,12.0,0.0,4.0
FAILURE_THRESHOLD,Q04_DELAY1,AVAILABILITY_LOSS,HIGH,12,48,0.5,9.5,6.5,5.0,0.0,1.0,4.5,0.5,0.0,0.0,45.5,5.0,0.0,0.0,16.0,0.0,5.0
FAILURE_THRESHOLD,Q04_DELAY1,AVAILABILITY_LOSS,LOW,4,48,0.5,3.5,4.5,3.0,0.0,1.0,2.5,0.5,0.0,0.0,29.5,3.0,0.0,0.0,8.0,0.0,3.0
FAILURE_THRESHOLD,Q04_DELAY1,AVAILABILITY_LOSS,LOW,8,48,0.5,6.5,5.5,4.0,0.0,1.0,3.5,0.5,0.0,0.0,37.5,4.0,0.0,0.0,12.0,0.0,4.0
FAILURE_THRESHOLD,Q04_DELAY1,AVAILABILITY_LOSS,LOW,12,48,0.5,9.5,6.5,5.0,0.0,1.0,4.5,0.5,0.0,0.0,45.5,5.0,0.0,0.0,16.0,0.0,5.0
FAILURE_THRESHOLD,Q04_DELAY1,CONTROL_FAILURE,HIGH,4,48,1.0,5.5,2.5,1.5,0.0,1.0,1.0,0.5,0.0,0.0,16.5,1.5,0.0,0.0,8.0,0.0,1.5
FAILURE_THRESHOLD,Q04_DELAY1,CONTROL_FAILURE,HIGH,8,48,1.0,9.5,2.5,1.5,0.0,1.0,1.0,0.5,0.0,0.0,16.5,1.5,0.0,0.0,12.0,0.0,1.5
FAILURE_THRESHOLD,Q04_DELAY1,CONTROL_FAILURE,HIGH,12,48,1.0,13.5,2.5,1.5,0.0,1.0,1.0,0.5,0.0,0.0,16.5,1.5,0.0,0.0,16.0,0.0,1.5
FAILURE_THRESHOLD,Q04_DELAY1,CONTROL_FAILURE,LOW,4,48,1.0,6.0,2.0,1.0,0.0,1.0,0.5,0.5,0.0,0.0,12.5,1.0,0.0,0.0,8.0,0.0,1.0
FAILURE_THRESHOLD,Q04_DELAY1,CONTROL_FAILURE,LOW,8,48,1.0,10.0,2.0,1.0,0.0,1.0,0.5,0.5,0.0,0.0,12.5,1.0,0.0,0.0,12.0,0.0,1.0
FAILURE_THRESHOLD,Q04_DELAY1,CONTROL_FAILURE,LOW,12,48,1.0,14.0,2.0,1.0,0.0,1.0,0.5,0.5,0.0,0.0,12.5,1.0,0.0,0.0,16.0,0.0,1.0
FAILURE_THRESHOLD,Q04_DELAY1,POSE_SHIFT,HIGH,4,48,0.5,3.5,4.5,3.0,0.0,1.0,2.5,0.5,0.0,0.0,29.5,3.0,0.0,0.0,8.0,0.0,3.0
FAILURE_THRESHOLD,Q04_DELAY1,POSE_SHIFT,HIGH,8,48,0.5,6.5,5.5,4.0,0.0,1.0,3.5,0.5,0.0,0.0,37.5,4.0,0.0,0.0,12.0,0.0,4.0
FAILURE_THRESHOLD,Q04_DELAY1,POSE_SHIFT,HIGH,12,48,0.5,9.5,6.5,5.0,0.0,1.0,4.5,0.5,0.0,0.0,45.5,5.0,0.0,0.0,16.0,0.0,5.0
FAILURE_THRESHOLD,Q04_DELAY1,POSE_SHIFT,LOW,4,48,0.5,3.5,4.5,3.0,0.0,1.0,2.5,0.5,0.0,0.0,29.5,3.0,0.0,0.0,8.0,0.0,3.0
FAILURE_THRESHOLD,Q04_DELAY1,POSE_SHIFT,LOW,8,48,0.5,6.5,5.5,4.0,0.0,1.0,3.5,0.5,0.0,0.0,37.5,4.0,0.0,0.0,12.0,0.0,4.0
FAILURE_THRESHOLD,Q04_DELAY1,POSE_SHIFT,LOW,12,48,0.5,9.5,6.5,5.0,0.0,1.0,4.5,0.5,0.0,0.0,45.5,5.0,0.0,0.0,16.0,0.0,5.0
FAILURE_THRESHOLD,Q04_DELAY1,RESTRICTION_CHANGE,HIGH,4,48,0.5,3.5,4.5,3.0,0.0,1.0,2.5,0.5,0.0,0.0,29.5,3.0,0.0,0.0,8.0,0.0,3.0
FAILURE_THRESHOLD,Q04_DELAY1,RESTRICTION_CHANGE,HIGH,8,48,0.5,6.5,5.5,4.0,0.0,1.0,3.5,0.5,0.0,0.0,37.5,4.0,0.0,0.0,12.0,0.0,4.0
FAILURE_THRESHOLD,Q04_DELAY1,RESTRICTION_CHANGE,HIGH,12,48,0.5,9.5,6.5,5.0,0.0,1.0,4.5,0.5,0.0,0.0,45.5,5.0,0.0,0.0,16.0,0.0,5.0
FAILURE_THRESHOLD,Q04_DELAY1,RESTRICTION_CHANGE,LOW,4,48,0.5,3.5,4.5,3.0,0.0,1.0,2.5,0.5,0.0,0.0,29.5,3.0,0.0,0.0,8.0,0.0,3.0
FAILURE_THRESHOLD,Q04_DELAY1,RESTRICTION_CHANGE,LOW,8,48,0.5,6.5,5.5,4.0,0.0,1.0,3.5,0.5,0.0,0.0,37.5,4.0,0.0,0.0,12.0,0.0,4.0
FAILURE_THRESHOLD,Q04_DELAY1,RESTRICTION_CHANGE,LOW,12,48,0.5,9.5,6.5,5.0,0.0,1.0,4.5,0.5,0.0,0.0,45.5,5.0,0.0,0.0,16.0,0.0,5.0
FAILURE_THRESHOLD,Q05_DELAY3,AVAILABILITY_LOSS,HIGH,4,48,1.0,5.5,2.5,1.5,0.0,1.0,0.5,1.0,0.0,0.0,17.0,1.5,0.5,83.75,5.5,0.0,1.5
FAILURE_THRESHOLD,Q05_DELAY3,AVAILABILITY_LOSS,HIGH,8,48,1.0,9.5,2.5,1.5,0.0,1.0,0.5,1.0,0.0,0.0,17.0,1.5,0.5,83.75,8.5,0.0,1.5
FAILURE_THRESHOLD,Q05_DELAY3,AVAILABILITY_LOSS,HIGH,12,48,1.0,13.5,2.5,1.5,0.0,1.0,0.5,1.0,0.0,0.0,17.0,1.5,0.5,83.75,11.5,0.0,1.5
FAILURE_THRESHOLD,Q05_DELAY3,AVAILABILITY_LOSS,LOW,4,48,1.0,5.5,2.5,1.5,0.0,1.0,0.5,1.0,0.0,0.0,17.0,1.5,0.5,83.75,5.5,0.0,1.5
FAILURE_THRESHOLD,Q05_DELAY3,AVAILABILITY_LOSS,LOW,8,48,1.0,9.5,2.5,1.5,0.0,1.0,0.5,1.0,0.0,0.0,17.0,1.5,0.5,83.75,8.5,0.0,1.5
FAILURE_THRESHOLD,Q05_DELAY3,AVAILABILITY_LOSS,LOW,12,48,1.0,13.5,2.5,1.5,0.0,1.0,0.5,1.0,0.0,0.0,17.0,1.5,0.5,83.75,11.5,0.0,1.5
FAILURE_THRESHOLD,Q05_DELAY3,CONTROL_FAILURE,HIGH,4,48,1.0,5.5,2.5,1.5,0.0,1.0,1.0,0.5,0.0,0.0,17.0,1.5,0.5,83.25,5.5,0.0,1.5
FAILURE_THRESHOLD,Q05_DELAY3,CONTROL_FAILURE,HIGH,8,48,1.0,9.5,2.5,1.5,0.0,1.0,1.0,0.5,0.0,0.0,17.0,1.5,0.5,83.25,8.5,0.0,1.5
FAILURE_THRESHOLD,Q05_DELAY3,CONTROL_FAILURE,HIGH,12,48,1.0,13.5,2.5,1.5,0.0,1.0,1.0,0.5,0.0,0.0,17.0,1.5,0.5,83.25,11.5,0.0,1.5
FAILURE_THRESHOLD,Q05_DELAY3,CONTROL_FAILURE,LOW,4,48,1.0,6.0,2.0,1.0,0.0,1.0,0.5,0.5,0.0,0.0,12.5,1.0,0.0,0.0,8.0,0.0,1.0
FAILURE_THRESHOLD,Q05_DELAY3,CONTROL_FAILURE,LOW,8,48,1.0,10.0,2.0,1.0,0.0,1.0,0.5,0.5,0.0,0.0,12.5,1.0,0.0,0.0,12.0,0.0,1.0
FAILURE_THRESHOLD,Q05_DELAY3,CONTROL_FAILURE,LOW,12,48,1.0,14.0,2.0,1.0,0.0,1.0,0.5,0.5,0.0,0.0,12.5,1.0,0.0,0.0,16.0,0.0,1.0
FAILURE_THRESHOLD,Q05_DELAY3,POSE_SHIFT,HIGH,4,48,1.0,5.5,2.5,1.5,0.0,1.0,0.5,0.5,0.0,0.0,17.0,1.5,0.5,80.75,5.5,0.0,1.5
FAILURE_THRESHOLD,Q05_DELAY3,POSE_SHIFT,HIGH,8,48,1.0,9.5,2.5,1.5,0.0,1.0,0.5,0.5,0.0,0.0,17.0,1.5,0.5,80.75,8.5,0.0,1.5
FAILURE_THRESHOLD,Q05_DELAY3,POSE_SHIFT,HIGH,12,48,1.0,13.5,2.5,1.5,0.0,1.0,0.5,0.5,0.0,0.0,17.0,1.5,0.5,80.75,11.5,0.0,1.5
FAILURE_THRESHOLD,Q05_DELAY3,POSE_SHIFT,LOW,4,48,1.0,5.5,2.5,1.5,0.0,1.0,0.5,0.5,0.0,0.0,17.0,1.5,0.5,80.75,5.5,0.0,1.5
FAILURE_THRESHOLD,Q05_DELAY3,POSE_SHIFT,LOW,8,48,1.0,9.5,2.5,1.5,0.0,1.0,0.5,0.5,0.0,0.0,17.0,1.5,0.5,80.75,8.5,0.0,1.5
FAILURE_THRESHOLD,Q05_DELAY3,POSE_SHIFT,LOW,12,48,1.0,13.5,2.5,1.5,0.0,1.0,0.5,0.5,0.0,0.0,17.0,1.5,0.5,80.75,11.5,0.0,1.5
FAILURE_THRESHOLD,Q05_DELAY3,RESTRICTION_CHANGE,HIGH,4,48,1.0,5.5,2.5,1.5,0.0,1.0,0.5,1.0,0.0,0.0,17.0,1.5,0.5,82.25,5.5,0.0,1.5
FAILURE_THRESHOLD,Q05_DELAY3,RESTRICTION_CHANGE,HIGH,8,48,1.0,9.5,2.5,1.5,0.0,1.0,0.5,1.0,0.0,0.0,17.0,1.5,0.5,82.25,8.5,0.0,1.5
FAILURE_THRESHOLD,Q05_DELAY3,RESTRICTION_CHANGE,HIGH,12,48,1.0,13.5,2.5,1.5,0.0,1.0,0.5,1.0,0.0,0.0,17.0,1.5,0.5,82.25,11.5,0.0,1.5
FAILURE_THRESHOLD,Q05_DELAY3,RESTRICTION_CHANGE,LOW,4,48,1.0,5.5,2.5,1.5,0.0,1.0,0.5,1.0,0.0,0.0,17.0,1.5,0.5,82.25,5.5,0.0,1.5
FAILURE_THRESHOLD,Q05_DELAY3,RESTRICTION_CHANGE,LOW,8,48,1.0,9.5,2.5,1.5,0.0,1.0,0.5,1.0,0.0,0.0,17.0,1.5,0.5,82.25,8.5,0.0,1.5
FAILURE_THRESHOLD,Q05_DELAY3,RESTRICTION_CHANGE,LOW,12,48,1.0,13.5,2.5,1.5,0.0,1.0,0.5,1.0,0.0,0.0,17.0,1.5,0.5,82.25,11.5,0.0,1.5
FAILURE_THRESHOLD,Q06_FALSE3,AVAILABILITY_LOSS,HIGH,4,48,0.5,3.5,4.5,3.0,0.0,1.0,2.5,0.5,0.0,0.0,37.0,3.0,0.0,0.0,8.0,0.0,3.0
FAILURE_THRESHOLD,Q06_FALSE3,AVAILABILITY_LOSS,HIGH,8,48,0.5,6.5,5.5,4.0,0.0,1.0,3.5,0.5,0.0,0.0,45.0,4.0,0.0,0.0,12.0,0.0,4.0
FAILURE_THRESHOLD,Q06_FALSE3,AVAILABILITY_LOSS,HIGH,12,48,0.5,9.5,6.5,5.0,0.0,1.0,4.5,0.5,0.0,0.0,53.0,5.0,0.0,0.0,16.0,0.0,5.0
FAILURE_THRESHOLD,Q06_FALSE3,AVAILABILITY_LOSS,LOW,4,48,0.5,3.5,4.5,3.0,0.0,1.0,2.5,0.5,0.0,0.0,37.0,3.0,0.0,0.0,8.0,0.0,3.0
FAILURE_THRESHOLD,Q06_FALSE3,AVAILABILITY_LOSS,LOW,8,48,0.5,6.5,5.5,4.0,0.0,1.0,3.5,0.5,0.0,0.0,45.0,4.0,0.0,0.0,12.0,0.0,4.0
FAILURE_THRESHOLD,Q06_FALSE3,AVAILABILITY_LOSS,LOW,12,48,0.5,9.5,6.5,5.0,0.0,1.0,4.5,0.5,0.0,0.0,53.0,5.0,0.0,0.0,16.0,0.0,5.0
FAILURE_THRESHOLD,Q06_FALSE3,CONTROL_FAILURE,HIGH,4,48,1.0,5.5,2.5,1.5,0.0,1.0,1.0,0.5,0.0,0.0,24.0,1.5,0.0,0.0,8.0,0.0,1.5
FAILURE_THRESHOLD,Q06_FALSE3,CONTROL_FAILURE,HIGH,8,48,1.0,9.5,2.5,1.5,0.0,1.0,1.0,0.5,0.0,0.0,24.0,1.5,0.0,0.0,12.0,0.0,1.5
FAILURE_THRESHOLD,Q06_FALSE3,CONTROL_FAILURE,HIGH,12,48,1.0,13.5,2.5,1.5,0.0,1.0,1.0,0.5,0.0,0.0,24.0,1.5,0.0,0.0,16.0,0.0,1.5
FAILURE_THRESHOLD,Q06_FALSE3,CONTROL_FAILURE,LOW,4,48,1.0,6.0,2.0,1.0,0.0,1.0,0.5,0.5,0.0,0.0,20.0,1.0,0.0,0.0,8.0,0.0,1.0
FAILURE_THRESHOLD,Q06_FALSE3,CONTROL_FAILURE,LOW,8,48,1.0,10.0,2.0,1.0,0.0,1.0,0.5,0.5,0.0,0.0,20.0,1.0,0.0,0.0,12.0,0.0,1.0
FAILURE_THRESHOLD,Q06_FALSE3,CONTROL_FAILURE,LOW,12,48,1.0,14.0,2.0,1.0,0.0,1.0,0.5,0.5,0.0,0.0,20.0,1.0,0.0,0.0,16.0,0.0,1.0
FAILURE_THRESHOLD,Q06_FALSE3,POSE_SHIFT,HIGH,4,48,0.5,3.5,4.5,3.0,0.0,1.0,2.5,0.5,0.0,0.0,37.0,3.0,0.0,0.0,8.0,0.0,3.0
FAILURE_THRESHOLD,Q06_FALSE3,POSE_SHIFT,HIGH,8,48,0.5,6.5,5.5,4.0,0.0,1.0,3.5,0.5,0.0,0.0,45.0,4.0,0.0,0.0,12.0,0.0,4.0
FAILURE_THRESHOLD,Q06_FALSE3,POSE_SHIFT,HIGH,12,48,0.5,9.5,6.5,5.0,0.0,1.0,4.5,0.5,0.0,0.0,53.0,5.0,0.0,0.0,16.0,0.0,5.0
FAILURE_THRESHOLD,Q06_FALSE3,POSE_SHIFT,LOW,4,48,0.5,3.5,4.5,3.0,0.0,1.0,2.5,0.5,0.0,0.0,37.0,3.0,0.0,0.0,8.0,0.0,3.0
FAILURE_THRESHOLD,Q06_FALSE3,POSE_SHIFT,LOW,8,48,0.5,6.5,5.5,4.0,0.0,1.0,3.5,0.5,0.0,0.0,45.0,4.0,0.0,0.0,12.0,0.0,4.0
FAILURE_THRESHOLD,Q06_FALSE3,POSE_SHIFT,LOW,12,48,0.5,9.5,6.5,5.0,0.0,1.0,4.5,0.5,0.0,0.0,53.0,5.0,0.0,0.0,16.0,0.0,5.0
FAILURE_THRESHOLD,Q06_FALSE3,RESTRICTION_CHANGE,HIGH,4,48,0.5,3.5,4.5,3.0,0.0,1.0,2.5,0.5,0.0,0.0,37.0,3.0,0.0,0.0,8.0,0.0,3.0
FAILURE_THRESHOLD,Q06_FALSE3,RESTRICTION_CHANGE,HIGH,8,48,0.5,6.5,5.5,4.0,0.0,1.0,3.5,0.5,0.0,0.0,45.0,4.0,0.0,0.0,12.0,0.0,4.0
FAILURE_THRESHOLD,Q06_FALSE3,RESTRICTION_CHANGE,HIGH,12,48,0.5,9.5,6.5,5.0,0.0,1.0,4.5,0.5,0.0,0.0,53.0,5.0,0.0,0.0,16.0,0.0,5.0
FAILURE_THRESHOLD,Q06_FALSE3,RESTRICTION_CHANGE,LOW,4,48,0.5,3.5,4.5,3.0,0.0,1.0,2.5,0.5,0.0,0.0,37.0,3.0,0.0,0.0,8.0,0.0,3.0
FAILURE_THRESHOLD,Q06_FALSE3,RESTRICTION_CHANGE,LOW,8,48,0.5,6.5,5.5,4.0,0.0,1.0,3.5,0.5,0.0,0.0,45.0,4.0,0.0,0.0,12.0,0.0,4.0
FAILURE_THRESHOLD,Q06_FALSE3,RESTRICTION_CHANGE,LOW,12,48,0.5,9.5,6.5,5.0,0.0,1.0,4.5,0.5,0.0,0.0,53.0,5.0,0.0,0.0,16.0,0.0,5.0
FAILURE_THRESHOLD,Q07_DUP_OOO,AVAILABILITY_LOSS,HIGH,4,48,1.0,6.0,2.0,1.0,0.0,1.0,0.0,1.0,0.0,0.0,18.5,1.0,1.0,167.5,4.0,0.0,1.0
FAILURE_THRESHOLD,Q07_DUP_OOO,AVAILABILITY_LOSS,HIGH,8,48,1.0,10.0,2.0,1.0,0.0,1.0,0.0,1.0,0.0,0.0,18.5,1.0,1.0,167.5,6.0,0.0,1.0
FAILURE_THRESHOLD,Q07_DUP_OOO,AVAILABILITY_LOSS,HIGH,12,48,1.0,14.0,2.0,1.0,0.0,1.0,0.0,1.0,0.0,0.0,18.5,1.0,1.0,167.5,8.0,0.0,1.0
FAILURE_THRESHOLD,Q07_DUP_OOO,AVAILABILITY_LOSS,LOW,4,48,1.0,6.0,2.0,1.0,0.0,1.0,0.0,1.0,0.0,0.0,18.5,1.0,1.0,167.5,4.0,0.0,1.0
FAILURE_THRESHOLD,Q07_DUP_OOO,AVAILABILITY_LOSS,LOW,8,48,1.0,10.0,2.0,1.0,0.0,1.0,0.0,1.0,0.0,0.0,18.5,1.0,1.0,167.5,6.0,0.0,1.0
FAILURE_THRESHOLD,Q07_DUP_OOO,AVAILABILITY_LOSS,LOW,12,48,1.0,14.0,2.0,1.0,0.0,1.0,0.0,1.0,0.0,0.0,18.5,1.0,1.0,167.5,8.0,0.0,1.0
FAILURE_THRESHOLD,Q07_DUP_OOO,CONTROL_FAILURE,HIGH,4,48,1.0,5.5,2.5,1.5,0.0,1.0,1.0,0.5,0.0,0.0,22.5,1.5,1.0,166.5,4.0,0.0,1.5
FAILURE_THRESHOLD,Q07_DUP_OOO,CONTROL_FAILURE,HIGH,8,48,1.0,9.5,2.5,1.5,0.0,1.0,1.0,0.5,0.0,0.0,22.5,1.5,1.0,166.5,6.0,0.0,1.5
FAILURE_THRESHOLD,Q07_DUP_OOO,CONTROL_FAILURE,HIGH,12,48,1.0,13.5,2.5,1.5,0.0,1.0,1.0,0.5,0.0,0.0,22.5,1.5,1.0,166.5,8.0,0.0,1.5
FAILURE_THRESHOLD,Q07_DUP_OOO,CONTROL_FAILURE,LOW,4,48,1.0,6.0,2.0,1.0,0.0,1.0,0.5,0.5,0.0,0.0,18.5,1.0,1.0,166.5,4.0,0.0,1.0
FAILURE_THRESHOLD,Q07_DUP_OOO,CONTROL_FAILURE,LOW,8,48,1.0,10.0,2.0,1.0,0.0,1.0,0.5,0.5,0.0,0.0,18.5,1.0,1.0,166.5,6.0,0.0,1.0
FAILURE_THRESHOLD,Q07_DUP_OOO,CONTROL_FAILURE,LOW,12,48,1.0,14.0,2.0,1.0,0.0,1.0,0.5,0.5,0.0,0.0,18.5,1.0,1.0,166.5,8.0,0.0,1.0
FAILURE_THRESHOLD,Q07_DUP_OOO,POSE_SHIFT,HIGH,4,48,1.0,6.0,2.0,1.0,0.0,1.0,0.0,0.5,0.0,0.0,18.5,1.0,1.0,161.5,4.0,0.0,1.0
FAILURE_THRESHOLD,Q07_DUP_OOO,POSE_SHIFT,HIGH,8,48,1.0,10.0,2.0,1.0,0.0,1.0,0.0,0.5,0.0,0.0,18.5,1.0,1.0,161.5,6.0,0.0,1.0
FAILURE_THRESHOLD,Q07_DUP_OOO,POSE_SHIFT,HIGH,12,48,1.0,14.0,2.0,1.0,0.0,1.0,0.0,0.5,0.0,0.0,18.5,1.0,1.0,161.5,8.0,0.0,1.0
FAILURE_THRESHOLD,Q07_DUP_OOO,POSE_SHIFT,LOW,4,48,1.0,6.0,2.0,1.0,0.0,1.0,0.0,0.5,0.0,0.0,18.5,1.0,1.0,161.5,4.0,0.0,1.0
FAILURE_THRESHOLD,Q07_DUP_OOO,POSE_SHIFT,LOW,8,48,1.0,10.0,2.0,1.0,0.0,1.0,0.0,0.5,0.0,0.0,18.5,1.0,1.0,161.5,6.0,0.0,1.0
FAILURE_THRESHOLD,Q07_DUP_OOO,POSE_SHIFT,LOW,12,48,1.0,14.0,2.0,1.0,0.0,1.0,0.0,0.5,0.0,0.0,18.5,1.0,1.0,161.5,8.0,0.0,1.0
FAILURE_THRESHOLD,Q07_DUP_OOO,RESTRICTION_CHANGE,HIGH,4,48,1.0,6.0,2.0,1.0,0.0,1.0,0.0,1.0,0.0,0.0,18.5,1.0,1.0,164.5,4.0,0.0,1.0
FAILURE_THRESHOLD,Q07_DUP_OOO,RESTRICTION_CHANGE,HIGH,8,48,1.0,10.0,2.0,1.0,0.0,1.0,0.0,1.0,0.0,0.0,18.5,1.0,1.0,164.5,6.0,0.0,1.0
FAILURE_THRESHOLD,Q07_DUP_OOO,RESTRICTION_CHANGE,HIGH,12,48,1.0,14.0,2.0,1.0,0.0,1.0,0.0,1.0,0.0,0.0,18.5,1.0,1.0,164.5,8.0,0.0,1.0
FAILURE_THRESHOLD,Q07_DUP_OOO,RESTRICTION_CHANGE,LOW,4,48,1.0,6.0,2.0,1.0,0.0,1.0,0.0,1.0,0.0,0.0,18.5,1.0,1.0,164.5,4.0,0.0,1.0
FAILURE_THRESHOLD,Q07_DUP_OOO,RESTRICTION_CHANGE,LOW,8,48,1.0,10.0,2.0,1.0,0.0,1.0,0.0,1.0,0.0,0.0,18.5,1.0,1.0,164.5,6.0,0.0,1.0
FAILURE_THRESHOLD,Q07_DUP_OOO,RESTRICTION_CHANGE,LOW,12,48,1.0,14.0,2.0,1.0,0.0,1.0,0.0,1.0,0.0,0.0,18.5,1.0,1.0,164.5,8.0,0.0,1.0
FAILURE_THRESHOLD,Q08_GUARDED,AVAILABILITY_LOSS,HIGH,4,48,0.75,4.75,3.25,1.5,0.0,1.0,0.75,0.75,0.0,0.0,21.0,1.5,0.5,83.75,6.0,0.0,1.5
FAILURE_THRESHOLD,Q08_GUARDED,AVAILABILITY_LOSS,HIGH,8,48,0.875,9.125,2.875,1.375,0.0,1.0,0.5,0.875,0.0,0.0,21.0,1.375,0.75,125.625,7.5,0.0,1.375
FAILURE_THRESHOLD,Q08_GUARDED,AVAILABILITY_LOSS,HIGH,12,48,0.916667,13.25,2.75,1.333333,0.0,1.0,0.416667,0.916667,0.0,0.0,21.0,1.333333,0.833333,139.583333,9.333333,0.0,1.333333
FAILURE_THRESHOLD,Q08_GUARDED,AVAILABILITY_LOSS,LOW,4,48,0.916667,5.583333,2.416667,1.166667,0.0,1.0,0.25,0.916667,0.0,0.0,19.333333,1.166667,0.833333,139.583333,4.666667,0.0,1.166667
FAILURE_THRESHOLD,Q08_GUARDED,AVAILABILITY_LOSS,LOW,8,48,0.875,9.125,2.875,1.375,0.0,1.0,0.5,0.875,0.0,0.0,21.0,1.375,0.75,125.625,7.5,0.0,1.375
FAILURE_THRESHOLD,Q08_GUARDED,AVAILABILITY_LOSS,LOW,12,48,0.875,12.875,3.125,1.5,0.0,1.0,0.625,0.875,0.0,0.0,22.25,1.5,0.75,125.625,10.0,0.0,1.5
FAILURE_THRESHOLD,Q08_GUARDED,CONTROL_FAILURE,HIGH,4,48,1.0,5.5,2.5,1.0,0.0,1.0,0.5,0.5,0.0,0.0,17.0,1.0,0.583333,97.125,5.666667,0.0,1.0
FAILURE_THRESHOLD,Q08_GUARDED,CONTROL_FAILURE,HIGH,8,48,1.0,9.5,2.5,1.0,0.0,1.0,0.5,0.5,0.0,0.0,18.5,1.0,0.833333,138.75,7.0,0.0,1.0
FAILURE_THRESHOLD,Q08_GUARDED,CONTROL_FAILURE,HIGH,12,48,1.0,13.5,2.5,1.0,0.0,1.0,0.5,0.5,0.0,0.0,18.0,1.0,0.75,124.875,10.0,0.0,1.0
FAILURE_THRESHOLD,Q08_GUARDED,CONTROL_FAILURE,LOW,4,48,1.0,6.0,2.0,1.0,0.0,1.0,0.5,0.5,0.0,0.0,17.5,1.0,0.833333,138.75,4.666667,0.0,1.0
FAILURE_THRESHOLD,Q08_GUARDED,CONTROL_FAILURE,LOW,8,48,1.0,10.0,2.0,1.0,0.0,1.0,0.5,0.5,0.0,0.0,17.0,1.0,0.75,124.875,7.5,0.0,1.0
FAILURE_THRESHOLD,Q08_GUARDED,CONTROL_FAILURE,LOW,12,48,1.0,14.0,2.0,1.0,0.0,1.0,0.5,0.5,0.0,0.0,18.0,1.0,0.916667,152.625,8.666667,0.0,1.0
FAILURE_THRESHOLD,Q08_GUARDED,POSE_SHIFT,HIGH,4,48,0.791667,4.958333,3.041667,1.416667,0.0,1.0,0.625,0.5,0.0,0.0,20.583333,1.416667,0.583333,94.208333,5.666667,0.0,1.416667
FAILURE_THRESHOLD,Q08_GUARDED,POSE_SHIFT,HIGH,8,48,0.875,9.125,2.875,1.375,0.0,1.0,0.5,0.5,0.0,0.0,21.0,1.375,0.75,121.125,7.5,0.0,1.375
FAILURE_THRESHOLD,Q08_GUARDED,POSE_SHIFT,HIGH,12,48,0.833333,12.5,3.5,1.666667,0.0,1.0,0.833333,0.5,0.0,0.0,23.5,1.666667,0.666667,107.666667,10.666667,0.0,1.666667
FAILURE_THRESHOLD,Q08_GUARDED,POSE_SHIFT,LOW,4,48,0.875,5.375,2.625,1.25,0.0,1.0,0.375,0.5,0.0,0.0,19.75,1.25,0.75,121.125,5.0,0.0,1.25
FAILURE_THRESHOLD,Q08_GUARDED,POSE_SHIFT,LOW,8,48,0.916667,9.416667,2.583333,1.25,0.0,1.0,0.333333,0.5,0.0,0.0,20.166667,1.25,0.833333,134.583333,7.0,0.0,1.25
FAILURE_THRESHOLD,Q08_GUARDED,POSE_SHIFT,LOW,12,48,0.833333,12.5,3.5,1.666667,0.0,1.0,0.833333,0.5,0.0,0.0,23.5,1.666667,0.666667,107.666667,10.666667,0.0,1.666667
FAILURE_THRESHOLD,Q08_GUARDED,RESTRICTION_CHANGE,HIGH,4,48,0.833333,5.166667,2.833333,1.333333,0.0,1.0,0.5,0.833333,0.0,0.0,20.166667,1.333333,0.666667,109.666667,5.333333,0.0,1.333333
FAILURE_THRESHOLD,Q08_GUARDED,RESTRICTION_CHANGE,HIGH,8,48,0.916667,9.416667,2.583333,1.25,0.0,1.0,0.333333,0.916667,0.0,0.0,20.166667,1.25,0.833333,137.083333,7.0,0.0,1.25
FAILURE_THRESHOLD,Q08_GUARDED,RESTRICTION_CHANGE,HIGH,12,48,0.916667,13.25,2.75,1.333333,0.0,1.0,0.416667,0.916667,0.0,0.0,21.0,1.333333,0.833333,137.083333,9.333333,0.0,1.333333
FAILURE_THRESHOLD,Q08_GUARDED,RESTRICTION_CHANGE,LOW,4,48,0.916667,5.583333,2.416667,1.166667,0.0,1.0,0.25,0.916667,0.0,0.0,19.333333,1.166667,0.833333,137.083333,4.666667,0.0,1.166667
FAILURE_THRESHOLD,Q08_GUARDED,RESTRICTION_CHANGE,LOW,8,48,0.916667,9.416667,2.583333,1.25,0.0,1.0,0.333333,0.916667,0.0,0.0,20.166667,1.25,0.833333,137.083333,7.0,0.0,1.25
FAILURE_THRESHOLD,Q08_GUARDED,RESTRICTION_CHANGE,LOW,12,48,0.916667,13.25,2.75,1.333333,0.0,1.0,0.416667,0.916667,0.0,0.0,21.0,1.333333,0.833333,137.083333,9.333333,0.0,1.333333
FAILURE_THRESHOLD,Q09_HOSTILE,AVAILABILITY_LOSS,HIGH,4,48,0.5,3.5,4.5,1.5,0.0,1.0,1.0,0.5,0.0,0.0,26.75,1.5,0.0,0.0,8.0,0.0,1.5
FAILURE_THRESHOLD,Q09_HOSTILE,AVAILABILITY_LOSS,HIGH,8,48,0.5,6.5,5.5,1.5,0.0,1.0,1.0,0.5,0.0,0.0,31.875,1.5,0.0,0.0,12.0,0.0,1.5
FAILURE_THRESHOLD,Q09_HOSTILE,AVAILABILITY_LOSS,HIGH,12,48,0.5,9.5,6.5,2.0,0.0,1.0,1.5,0.5,0.0,0.0,38.125,2.0,0.0,0.0,16.0,0.0,2.0
FAILURE_THRESHOLD,Q09_HOSTILE,AVAILABILITY_LOSS,LOW,4,48,0.5,3.5,4.5,1.5,0.0,1.0,1.0,0.5,0.0,0.0,29.875,1.5,0.0,0.0,8.0,0.0,1.5
FAILURE_THRESHOLD,Q09_HOSTILE,AVAILABILITY_LOSS,LOW,8,48,0.5,6.5,5.5,1.5,0.0,1.0,1.0,0.5,0.0,0.0,31.875,1.5,0.0,0.0,12.0,0.0,1.5
FAILURE_THRESHOLD,Q09_HOSTILE,AVAILABILITY_LOSS,LOW,12,48,0.5,9.5,6.5,2.0,0.0,1.0,1.5,0.5,0.0,0.0,35.625,2.0,0.0,0.0,16.0,0.0,2.0
FAILURE_THRESHOLD,Q09_HOSTILE,CONTROL_FAILURE,HIGH,4,48,1.0,5.5,2.5,1.0,0.0,1.0,0.5,0.5,0.0,0.0,22.25,1.0,0.0,0.0,8.0,0.0,1.0
FAILURE_THRESHOLD,Q09_HOSTILE,CONTROL_FAILURE,HIGH,8,48,1.0,9.5,2.5,1.0,0.0,1.0,0.5,0.5,0.0,0.0,22.25,1.0,0.0,0.0,12.0,0.0,1.0
FAILURE_THRESHOLD,Q09_HOSTILE,CONTROL_FAILURE,HIGH,12,48,1.0,13.5,2.5,1.0,0.0,1.0,0.5,0.5,0.0,0.0,21.625,1.0,0.0,0.0,16.0,0.0,1.0
FAILURE_THRESHOLD,Q09_HOSTILE,CONTROL_FAILURE,LOW,4,48,1.0,6.0,2.0,1.0,0.0,1.0,0.5,0.5,0.0,0.0,21.25,1.0,0.0,0.0,8.0,0.0,1.0
FAILURE_THRESHOLD,Q09_HOSTILE,CONTROL_FAILURE,LOW,8,48,1.0,10.0,2.0,1.0,0.0,1.0,0.5,0.5,0.0,0.0,23.125,1.0,0.0,0.0,12.0,0.0,1.0
FAILURE_THRESHOLD,Q09_HOSTILE,CONTROL_FAILURE,LOW,12,48,1.0,14.0,2.0,1.0,0.0,1.0,0.5,0.5,0.0,0.0,21.875,1.0,0.0,0.0,16.0,0.0,1.0
FAILURE_THRESHOLD,Q09_HOSTILE,POSE_SHIFT,HIGH,4,48,0.5,3.5,4.5,1.5,0.0,1.0,1.0,0.5,0.0,0.0,29.875,1.5,0.0,0.0,8.0,0.0,1.5
FAILURE_THRESHOLD,Q09_HOSTILE,POSE_SHIFT,HIGH,8,48,0.5,6.5,5.5,1.5,0.0,1.0,1.0,0.5,0.0,0.0,31.875,1.5,0.0,0.0,12.0,0.0,1.5
FAILURE_THRESHOLD,Q09_HOSTILE,POSE_SHIFT,HIGH,12,48,0.5,9.5,6.5,2.0,0.0,1.0,1.5,0.5,0.0,0.0,36.25,2.0,0.0,0.0,16.0,0.0,2.0
FAILURE_THRESHOLD,Q09_HOSTILE,POSE_SHIFT,LOW,4,48,0.5,3.5,4.5,1.5,0.0,1.0,1.0,0.5,0.0,0.0,29.875,1.5,0.0,0.0,8.0,0.0,1.5
FAILURE_THRESHOLD,Q09_HOSTILE,POSE_SHIFT,LOW,8,48,0.5,6.5,5.5,1.5,0.0,1.0,1.0,0.5,0.0,0.0,31.875,1.5,0.0,0.0,12.0,0.0,1.5
FAILURE_THRESHOLD,Q09_HOSTILE,POSE_SHIFT,LOW,12,48,0.5,9.5,6.5,2.0,0.0,1.0,1.5,0.5,0.0,0.0,35.0,2.0,0.0,0.0,16.0,0.0,2.0
FAILURE_THRESHOLD,Q09_HOSTILE,RESTRICTION_CHANGE,HIGH,4,48,0.5,3.5,4.5,1.5,0.0,1.0,1.0,0.5,0.0,0.0,28.625,1.5,0.0,0.0,8.0,0.0,1.5
FAILURE_THRESHOLD,Q09_HOSTILE,RESTRICTION_CHANGE,HIGH,8,48,0.5,6.5,5.5,1.5,0.0,1.0,1.0,0.5,0.0,0.0,32.5,1.5,0.0,0.0,12.0,0.0,1.5
FAILURE_THRESHOLD,Q09_HOSTILE,RESTRICTION_CHANGE,HIGH,12,48,0.5,9.5,6.5,2.0,0.0,1.0,1.5,0.5,0.0,0.0,36.875,2.0,0.0,0.0,16.0,0.0,2.0
FAILURE_THRESHOLD,Q09_HOSTILE,RESTRICTION_CHANGE,LOW,4,48,0.5,3.5,4.5,1.5,0.0,1.0,1.0,0.5,0.0,0.0,29.875,1.5,0.0,0.0,8.0,0.0,1.5
FAILURE_THRESHOLD,Q09_HOSTILE,RESTRICTION_CHANGE,LOW,8,48,0.5,6.5,5.5,1.5,0.0,1.0,1.0,0.5,0.0,0.0,31.875,1.5,0.0,0.0,12.0,0.0,1.5
FAILURE_THRESHOLD,Q09_HOSTILE,RESTRICTION_CHANGE,LOW,12,48,0.5,9.5,6.5,2.0,0.0,1.0,1.5,0.5,0.0,0.0,38.125,2.0,0.0,0.0,16.0,0.0,2.0
HYBRID,Q00_CLEAN,AVAILABILITY_LOSS,HIGH,4,48,1.0,8.0,0.0,3.0,0.0,0.0,2.0,1.0,1.0,1.0,21.5,3.0,1.0,167.5,6.0,1.0,0.0
HYBRID,Q00_CLEAN,AVAILABILITY_LOSS,HIGH,8,48,1.0,12.0,0.0,5.0,0.0,0.0,4.0,1.0,1.0,1.0,33.5,5.0,1.0,167.5,8.0,1.0,0.0
HYBRID,Q00_CLEAN,AVAILABILITY_LOSS,HIGH,12,48,1.0,16.0,0.0,5.0,0.0,0.0,4.0,1.0,1.0,1.0,33.5,5.0,1.0,167.5,10.0,1.0,0.0
HYBRID,Q00_CLEAN,AVAILABILITY_LOSS,LOW,4,48,1.0,8.0,0.0,3.0,0.0,0.0,2.0,1.0,1.0,1.0,21.5,3.0,1.0,167.5,6.0,1.0,0.0
HYBRID,Q00_CLEAN,AVAILABILITY_LOSS,LOW,8,48,1.0,12.0,0.0,5.0,0.0,0.0,4.0,1.0,1.0,1.0,33.5,5.0,1.0,167.5,8.0,1.0,0.0
HYBRID,Q00_CLEAN,AVAILABILITY_LOSS,LOW,12,48,1.0,16.0,0.0,5.0,0.0,0.0,4.0,1.0,1.0,1.0,33.5,5.0,1.0,167.5,10.0,1.0,0.0
HYBRID,Q00_CLEAN,CONTROL_FAILURE,HIGH,4,48,1.0,5.5,2.5,4.5,0.0,0.0,4.0,0.5,1.0,1.0,35.5,4.5,1.0,166.5,6.0,1.0,1.5
HYBRID,Q00_CLEAN,CONTROL_FAILURE,HIGH,8,48,1.0,9.5,2.5,5.5,0.0,0.0,5.0,0.5,1.0,1.0,41.5,5.5,1.0,166.5,8.0,1.0,1.5
HYBRID,Q00_CLEAN,CONTROL_FAILURE,HIGH,12,48,1.0,13.5,2.5,6.0,0.0,0.0,5.5,0.5,1.0,1.0,44.5,6.0,1.0,166.5,10.0,1.0,1.5
HYBRID,Q00_CLEAN,CONTROL_FAILURE,LOW,4,48,1.0,6.0,2.0,4.0,0.0,0.0,3.5,0.5,1.0,1.0,31.5,4.0,1.0,166.5,6.0,1.0,1.0
HYBRID,Q00_CLEAN,CONTROL_FAILURE,LOW,8,48,1.0,10.0,2.0,5.0,0.0,0.0,4.5,0.5,1.0,1.0,37.5,5.0,1.0,166.5,8.0,1.0,1.0
HYBRID,Q00_CLEAN,CONTROL_FAILURE,LOW,12,48,1.0,14.0,2.0,6.0,0.0,0.0,5.5,0.5,1.0,1.0,43.5,6.0,1.0,166.5,10.0,1.0,1.0
HYBRID,Q00_CLEAN,POSE_SHIFT,HIGH,4,48,1.0,8.0,0.0,3.0,0.0,0.0,2.0,0.0,1.0,1.0,21.5,3.0,1.0,161.5,6.0,1.0,0.0
HYBRID,Q00_CLEAN,POSE_SHIFT,HIGH,8,48,1.0,12.0,0.0,5.0,0.0,0.0,4.0,0.0,1.0,1.0,33.5,5.0,1.0,161.5,8.0,1.0,0.0
HYBRID,Q00_CLEAN,POSE_SHIFT,HIGH,12,48,1.0,16.0,0.0,5.0,0.0,0.0,4.0,0.0,1.0,1.0,33.5,5.0,1.0,161.5,10.0,1.0,0.0
HYBRID,Q00_CLEAN,POSE_SHIFT,LOW,4,48,1.0,8.0,0.0,3.0,0.0,0.0,2.0,0.0,1.0,1.0,21.5,3.0,1.0,161.5,6.0,1.0,0.0
HYBRID,Q00_CLEAN,POSE_SHIFT,LOW,8,48,1.0,12.0,0.0,5.0,0.0,0.0,4.0,0.0,1.0,1.0,33.5,5.0,1.0,161.5,8.0,1.0,0.0
HYBRID,Q00_CLEAN,POSE_SHIFT,LOW,12,48,1.0,16.0,0.0,5.0,0.0,0.0,4.0,0.0,1.0,1.0,33.5,5.0,1.0,161.5,10.0,1.0,0.0
HYBRID,Q00_CLEAN,RESTRICTION_CHANGE,HIGH,4,48,1.0,8.0,0.0,3.0,0.0,0.0,2.0,1.0,1.0,1.0,21.5,3.0,1.0,164.5,6.0,1.0,0.0
HYBRID,Q00_CLEAN,RESTRICTION_CHANGE,HIGH,8,48,1.0,12.0,0.0,5.0,0.0,0.0,4.0,1.0,1.0,1.0,33.5,5.0,1.0,164.5,8.0,1.0,0.0
HYBRID,Q00_CLEAN,RESTRICTION_CHANGE,HIGH,12,48,1.0,16.0,0.0,5.0,0.0,0.0,4.0,1.0,1.0,1.0,33.5,5.0,1.0,164.5,10.0,1.0,0.0
HYBRID,Q00_CLEAN,RESTRICTION_CHANGE,LOW,4,48,1.0,8.0,0.0,3.0,0.0,0.0,2.0,1.0,1.0,1.0,21.5,3.0,1.0,164.5,6.0,1.0,0.0
HYBRID,Q00_CLEAN,RESTRICTION_CHANGE,LOW,8,48,1.0,12.0,0.0,5.0,0.0,0.0,4.0,1.0,1.0,1.0,33.5,5.0,1.0,164.5,8.0,1.0,0.0
HYBRID,Q00_CLEAN,RESTRICTION_CHANGE,LOW,12,48,1.0,16.0,0.0,5.0,0.0,0.0,4.0,1.0,1.0,1.0,33.5,5.0,1.0,164.5,10.0,1.0,0.0
HYBRID,Q01_RECALL75,AVAILABILITY_LOSS,HIGH,4,48,0.75,5.75,2.25,3.75,0.0,0.5,3.0,0.75,0.5,0.5,28.75,3.75,0.5,83.75,7.0,0.5,1.5
HYBRID,Q01_RECALL75,AVAILABILITY_LOSS,HIGH,8,48,0.875,10.625,1.375,5.25,0.0,0.25,4.375,0.875,0.75,0.75,36.875,5.25,0.75,125.625,9.0,0.75,1.0
HYBRID,Q01_RECALL75,AVAILABILITY_LOSS,HIGH,12,48,0.916667,14.916667,1.083333,5.583333,0.0,0.166667,4.666667,0.916667,0.833333,0.833333,38.583333,5.583333,0.833333,139.583333,11.0,0.833333,0.833333
HYBRID,Q01_RECALL75,AVAILABILITY_LOSS,LOW,4,48,0.916667,7.25,0.75,3.25,0.0,0.166667,2.333333,0.916667,0.833333,0.833333,23.916667,3.25,0.833333,139.583333,6.333333,0.833333,0.5
HYBRID,Q01_RECALL75,AVAILABILITY_LOSS,LOW,8,48,0.875,10.625,1.375,5.25,0.0,0.25,4.375,0.875,0.75,0.75,36.875,5.25,0.75,125.625,9.0,0.75,1.0
HYBRID,Q01_RECALL75,AVAILABILITY_LOSS,LOW,12,48,0.875,14.375,1.625,5.875,0.0,0.25,5.0,0.875,0.75,0.75,41.125,5.875,0.75,125.625,11.5,0.75,1.25
HYBRID,Q01_RECALL75,CONTROL_FAILURE,HIGH,4,48,1.0,5.5,2.5,4.083333,0.0,0.416667,3.583333,0.5,0.583333,0.583333,31.541667,4.083333,0.583333,97.125,6.833333,0.583333,1.5
HYBRID,Q01_RECALL75,CONTROL_FAILURE,HIGH,8,48,1.0,9.5,2.5,5.333333,0.0,0.166667,4.833333,0.5,0.833333,0.833333,39.916667,5.333333,0.833333,138.75,8.666667,0.833333,1.5
HYBRID,Q01_RECALL75,CONTROL_FAILURE,HIGH,12,48,1.0,13.5,2.5,6.0,0.0,0.25,5.5,0.5,0.75,0.75,43.625,6.0,0.75,124.875,11.5,0.75,1.5
HYBRID,Q01_RECALL75,CONTROL_FAILURE,LOW,4,48,1.0,6.0,2.0,3.833333,0.0,0.166667,3.333333,0.5,0.833333,0.833333,29.916667,3.833333,0.833333,138.75,6.333333,0.833333,1.0
HYBRID,Q01_RECALL75,CONTROL_FAILURE,LOW,8,48,1.0,10.0,2.0,4.75,0.0,0.25,4.25,0.5,0.75,0.75,35.125,4.75,0.75,124.875,9.0,0.75,1.0
HYBRID,Q01_RECALL75,CONTROL_FAILURE,LOW,12,48,1.0,14.0,2.0,6.0,0.0,0.083333,5.5,0.5,0.916667,0.916667,43.208333,6.0,0.916667,152.625,10.5,0.916667,1.0
HYBRID,Q01_RECALL75,POSE_SHIFT,HIGH,4,48,0.791667,6.125,1.875,3.625,0.0,0.416667,2.833333,0.208333,0.583333,0.583333,27.541667,3.625,0.583333,94.208333,6.833333,0.583333,1.25
HYBRID,Q01_RECALL75,POSE_SHIFT,HIGH,8,48,0.875,10.625,1.375,5.25,0.0,0.25,4.375,0.125,0.75,0.75,36.875,5.25,0.75,121.125,9.0,0.75,1.0
HYBRID,Q01_RECALL75,POSE_SHIFT,HIGH,12,48,0.833333,13.833333,2.166667,6.166667,0.0,0.333333,5.333333,0.166667,0.666667,0.666667,43.666667,6.166667,0.666667,107.666667,12.0,0.666667,1.666667
HYBRID,Q01_RECALL75,POSE_SHIFT,LOW,4,48,0.875,6.875,1.125,3.375,0.0,0.25,2.5,0.125,0.75,0.75,25.125,3.375,0.75,121.125,6.5,0.75,0.75
HYBRID,Q01_RECALL75,POSE_SHIFT,LOW,8,48,0.916667,11.083333,0.916667,5.166667,0.0,0.166667,4.25,0.083333,0.833333,0.833333,35.75,5.166667,0.833333,134.583333,8.666667,0.833333,0.666667
HYBRID,Q01_RECALL75,POSE_SHIFT,LOW,12,48,0.833333,13.833333,2.166667,6.166667,0.0,0.333333,5.333333,0.166667,0.666667,0.666667,43.666667,6.166667,0.666667,107.666667,12.0,0.666667,1.666667
HYBRID,Q01_RECALL75,RESTRICTION_CHANGE,HIGH,4,48,0.833333,6.5,1.5,3.5,0.0,0.333333,2.666667,0.833333,0.666667,0.666667,26.333333,3.5,0.666667,109.666667,6.666667,0.666667,1.0
HYBRID,Q01_RECALL75,RESTRICTION_CHANGE,HIGH,8,48,0.916667,11.083333,0.916667,5.166667,0.0,0.166667,4.25,0.916667,0.833333,0.833333,35.75,5.166667,0.833333,137.083333,8.666667,0.833333,0.666667
HYBRID,Q01_RECALL75,RESTRICTION_CHANGE,HIGH,12,48,0.916667,14.916667,1.083333,5.583333,0.0,0.166667,4.666667,0.916667,0.833333,0.833333,38.583333,5.583333,0.833333,137.083333,11.0,0.833333,0.833333
HYBRID,Q01_RECALL75,RESTRICTION_CHANGE,LOW,4,48,0.916667,7.25,0.75,3.25,0.0,0.166667,2.333333,0.916667,0.833333,0.833333,23.916667,3.25,0.833333,137.083333,6.333333,0.833333,0.5
HYBRID,Q01_RECALL75,RESTRICTION_CHANGE,LOW,8,48,0.916667,11.083333,0.916667,5.166667,0.0,0.166667,4.25,0.916667,0.833333,0.833333,35.75,5.166667,0.833333,137.083333,8.666667,0.833333,0.666667
HYBRID,Q01_RECALL75,RESTRICTION_CHANGE,LOW,12,48,0.916667,14.916667,1.083333,5.583333,0.0,0.166667,4.666667,0.916667,0.833333,0.833333,38.583333,5.583333,0.833333,137.083333,11.0,0.833333,0.833333
HYBRID,Q02_RECALL50,AVAILABILITY_LOSS,HIGH,4,48,0.583333,4.25,3.75,4.25,0.0,0.833333,3.666667,0.583333,0.166667,0.166667,33.583333,4.25,0.166667,27.916667,7.666667,0.166667,2.5
HYBRID,Q02_RECALL50,AVAILABILITY_LOSS,HIGH,8,48,0.791667,9.708333,2.291667,5.416667,0.0,0.416667,4.625,0.791667,0.583333,0.583333,39.125,5.416667,0.583333,97.708333,9.666667,0.583333,1.666667
HYBRID,Q02_RECALL50,AVAILABILITY_LOSS,HIGH,12,48,0.875,14.375,1.625,5.875,0.0,0.25,5.0,0.875,0.75,0.75,41.125,5.875,0.75,125.625,11.5,0.75,1.25
HYBRID,Q02_RECALL50,AVAILABILITY_LOSS,LOW,4,48,0.791667,6.125,1.875,3.625,0.0,0.416667,2.833333,0.791667,0.583333,0.583333,27.541667,3.625,0.583333,97.708333,6.833333,0.583333,1.25
HYBRID,Q02_RECALL50,AVAILABILITY_LOSS,LOW,8,48,0.791667,9.708333,2.291667,5.416667,0.0,0.416667,4.625,0.791667,0.583333,0.583333,39.125,5.416667,0.583333,97.708333,9.666667,0.583333,1.666667
HYBRID,Q02_RECALL50,AVAILABILITY_LOSS,LOW,12,48,0.708333,12.208333,3.791667,7.041667,0.0,0.583333,6.333333,0.708333,0.416667,0.416667,51.291667,7.041667,0.416667,69.791667,13.5,0.416667,2.916667
HYBRID,Q02_RECALL50,CONTROL_FAILURE,HIGH,4,48,1.0,5.5,2.5,4.0,0.0,0.5,3.5,0.5,0.5,0.5,30.75,4.0,0.5,83.25,7.0,0.5,1.5
HYBRID,Q02_RECALL50,CONTROL_FAILURE,HIGH,8,48,1.0,9.5,2.5,5.0,0.0,0.5,4.5,0.5,0.5,0.5,36.75,5.0,0.5,83.25,10.0,0.5,1.5
HYBRID,Q02_RECALL50,CONTROL_FAILURE,HIGH,12,48,1.0,13.5,2.5,6.0,0.0,0.583333,5.5,0.5,0.416667,0.416667,42.458333,6.0,0.416667,69.375,13.5,0.416667,1.5
HYBRID,Q02_RECALL50,CONTROL_FAILURE,LOW,4,48,1.0,6.0,2.0,3.5,0.0,0.5,3.0,0.5,0.5,0.5,26.75,3.5,0.5,83.25,7.0,0.5,1.0
HYBRID,Q02_RECALL50,CONTROL_FAILURE,LOW,8,48,1.0,10.0,2.0,4.75,0.0,0.25,4.25,0.5,0.75,0.75,35.125,4.75,0.75,124.875,9.0,0.75,1.0
HYBRID,Q02_RECALL50,CONTROL_FAILURE,LOW,12,48,1.0,14.0,2.0,6.0,0.0,0.416667,5.5,0.5,0.583333,0.583333,42.041667,6.0,0.583333,97.125,12.5,0.583333,1.0
HYBRID,Q02_RECALL50,POSE_SHIFT,HIGH,4,48,0.791667,6.125,1.875,3.625,0.0,0.416667,2.833333,0.208333,0.583333,0.583333,27.541667,3.625,0.583333,94.208333,6.833333,0.583333,1.25
HYBRID,Q02_RECALL50,POSE_SHIFT,HIGH,8,48,0.791667,9.708333,2.291667,5.416667,0.0,0.416667,4.625,0.208333,0.583333,0.583333,39.125,5.416667,0.583333,94.208333,9.666667,0.583333,1.666667
HYBRID,Q02_RECALL50,POSE_SHIFT,HIGH,12,48,0.75,12.75,3.25,6.75,0.0,0.5,6.0,0.25,0.5,0.5,48.75,6.75,0.5,80.75,13.0,0.5,2.5
HYBRID,Q02_RECALL50,POSE_SHIFT,LOW,4,48,0.791667,6.125,1.875,3.625,0.0,0.416667,2.833333,0.208333,0.583333,0.583333,27.541667,3.625,0.583333,94.208333,6.833333,0.583333,1.25
HYBRID,Q02_RECALL50,POSE_SHIFT,LOW,8,48,0.791667,9.708333,2.291667,5.416667,0.0,0.416667,4.625,0.208333,0.583333,0.583333,39.125,5.416667,0.583333,94.208333,9.666667,0.583333,1.666667
HYBRID,Q02_RECALL50,POSE_SHIFT,LOW,12,48,0.666667,11.666667,4.333333,7.333333,0.0,0.666667,6.666667,0.333333,0.333333,0.333333,53.833333,7.333333,0.333333,53.833333,14.0,0.333333,3.333333
HYBRID,Q02_RECALL50,RESTRICTION_CHANGE,HIGH,4,48,0.708333,5.375,2.625,3.875,0.0,0.583333,3.166667,0.708333,0.416667,0.416667,29.958333,3.875,0.416667,68.541667,7.166667,0.416667,1.75
HYBRID,Q02_RECALL50,RESTRICTION_CHANGE,HIGH,8,48,0.833333,10.166667,1.833333,5.333333,0.0,0.333333,4.5,0.833333,0.666667,0.666667,38.0,5.333333,0.666667,109.666667,9.333333,0.666667,1.333333
HYBRID,Q02_RECALL50,RESTRICTION_CHANGE,HIGH,12,48,0.791667,13.291667,2.708333,6.458333,0.0,0.416667,5.666667,0.791667,0.583333,0.583333,46.208333,6.458333,0.583333,95.958333,12.5,0.583333,2.083333
HYBRID,Q02_RECALL50,RESTRICTION_CHANGE,LOW,4,48,0.791667,6.125,1.875,3.625,0.0,0.416667,2.833333,0.791667,0.583333,0.583333,27.541667,3.625,0.583333,95.958333,6.833333,0.583333,1.25
HYBRID,Q02_RECALL50,RESTRICTION_CHANGE,LOW,8,48,0.791667,9.708333,2.291667,5.416667,0.0,0.416667,4.625,0.791667,0.583333,0.583333,39.125,5.416667,0.583333,95.958333,9.666667,0.583333,1.666667
HYBRID,Q02_RECALL50,RESTRICTION_CHANGE,LOW,12,48,0.875,14.375,1.625,5.875,0.0,0.25,5.0,0.875,0.75,0.75,41.125,5.875,0.75,123.375,11.5,0.75,1.25
HYBRID,Q03_RECALL25,AVAILABILITY_LOSS,HIGH,4,48,0.583333,4.25,3.75,4.25,0.0,0.833333,3.666667,0.583333,0.166667,0.166667,33.583333,4.25,0.166667,27.916667,7.666667,0.166667,2.5
HYBRID,Q03_RECALL25,AVAILABILITY_LOSS,HIGH,8,48,0.708333,8.791667,3.208333,5.583333,0.0,0.583333,4.875,0.708333,0.416667,0.416667,41.375,5.583333,0.416667,69.791667,10.333333,0.416667,2.333333
HYBRID,Q03_RECALL25,AVAILABILITY_LOSS,HIGH,12,48,0.791667,13.291667,2.708333,6.458333,0.0,0.416667,5.666667,0.791667,0.583333,0.583333,46.208333,6.458333,0.583333,97.708333,12.5,0.583333,2.083333
HYBRID,Q03_RECALL25,AVAILABILITY_LOSS,LOW,4,48,0.708333,5.375,2.625,3.875,0.0,0.583333,3.166667,0.708333,0.416667,0.416667,29.958333,3.875,0.416667,69.791667,7.166667,0.416667,1.75
HYBRID,Q03_RECALL25,AVAILABILITY_LOSS,LOW,8,48,0.666667,8.333333,3.666667,5.666667,0.0,0.666667,5.0,0.666667,0.333333,0.333333,42.5,5.666667,0.333333,55.833333,10.666667,0.333333,2.666667
HYBRID,Q03_RECALL25,AVAILABILITY_LOSS,LOW,12,48,0.625,11.125,4.875,7.625,0.0,0.75,7.0,0.625,0.25,0.25,56.375,7.625,0.25,41.875,14.5,0.25,3.75
HYBRID,Q03_RECALL25,CONTROL_FAILURE,HIGH,4,48,1.0,5.5,2.5,3.75,0.0,0.75,3.25,0.5,0.25,0.25,28.375,3.75,0.25,41.625,7.5,0.25,1.5
HYBRID,Q03_RECALL25,CONTROL_FAILURE,HIGH,8,48,1.0,9.5,2.5,4.75,0.0,0.75,4.25,0.5,0.25,0.25,34.375,4.75,0.25,41.625,11.0,0.25,1.5
HYBRID,Q03_RECALL25,CONTROL_FAILURE,HIGH,12,48,1.0,13.5,2.5,6.0,0.0,0.833333,5.5,0.5,0.166667,0.166667,41.583333,6.0,0.166667,27.75,15.0,0.166667,1.5
HYBRID,Q03_RECALL25,CONTROL_FAILURE,LOW,4,48,1.0,6.0,2.0,3.166667,0.0,0.833333,2.666667,0.5,0.166667,0.166667,23.583333,3.166667,0.166667,27.75,7.666667,0.166667,1.0
HYBRID,Q03_RECALL25,CONTROL_FAILURE,LOW,8,48,1.0,10.0,2.0,4.583333,0.0,0.416667,4.083333,0.5,0.583333,0.583333,33.541667,4.583333,0.583333,97.125,9.666667,0.583333,1.0
HYBRID,Q03_RECALL25,CONTROL_FAILURE,LOW,12,48,1.0,14.0,2.0,6.0,0.0,0.75,5.5,0.5,0.25,0.25,40.875,6.0,0.25,41.625,14.5,0.25,1.0
HYBRID,Q03_RECALL25,POSE_SHIFT,HIGH,4,48,0.541667,3.875,4.125,4.375,0.0,0.916667,3.833333,0.458333,0.083333,0.083333,34.791667,4.375,0.083333,13.458333,7.833333,0.083333,2.75
HYBRID,Q03_RECALL25,POSE_SHIFT,HIGH,8,48,0.75,9.25,2.75,5.5,0.0,0.5,4.75,0.25,0.5,0.5,40.25,5.5,0.5,80.75,10.0,0.5,2.0
HYBRID,Q03_RECALL25,POSE_SHIFT,HIGH,12,48,0.583333,10.583333,5.416667,7.916667,0.0,0.833333,7.333333,0.416667,0.166667,0.166667,58.916667,7.916667,0.166667,26.916667,15.0,0.166667,4.166667
HYBRID,Q03_RECALL25,POSE_SHIFT,LOW,4,48,0.75,5.75,2.25,3.75,0.0,0.5,3.0,0.25,0.5,0.5,28.75,3.75,0.5,80.75,7.0,0.5,1.5
HYBRID,Q03_RECALL25,POSE_SHIFT,LOW,8,48,0.75,9.25,2.75,5.5,0.0,0.5,4.75,0.25,0.5,0.5,40.25,5.5,0.5,80.75,10.0,0.5,2.0
HYBRID,Q03_RECALL25,POSE_SHIFT,LOW,12,48,0.666667,11.666667,4.333333,7.333333,0.0,0.666667,6.666667,0.333333,0.333333,0.333333,53.833333,7.333333,0.333333,53.833333,14.0,0.333333,3.333333
HYBRID,Q03_RECALL25,RESTRICTION_CHANGE,HIGH,4,48,0.541667,3.875,4.125,4.375,0.0,0.916667,3.833333,0.541667,0.083333,0.083333,34.791667,4.375,0.083333,13.708333,7.833333,0.083333,2.75
HYBRID,Q03_RECALL25,RESTRICTION_CHANGE,HIGH,8,48,0.708333,8.791667,3.208333,5.583333,0.0,0.583333,4.875,0.708333,0.416667,0.416667,41.375,5.583333,0.416667,68.541667,10.333333,0.416667,2.333333
HYBRID,Q03_RECALL25,RESTRICTION_CHANGE,HIGH,12,48,0.625,11.125,4.875,7.625,0.0,0.75,7.0,0.625,0.25,0.25,56.375,7.625,0.25,41.125,14.5,0.25,3.75
HYBRID,Q03_RECALL25,RESTRICTION_CHANGE,LOW,4,48,0.625,4.625,3.375,4.125,0.0,0.75,3.5,0.625,0.25,0.25,32.375,4.125,0.25,41.125,7.5,0.25,2.25
HYBRID,Q03_RECALL25,RESTRICTION_CHANGE,LOW,8,48,0.708333,8.791667,3.208333,5.583333,0.0,0.583333,4.875,0.708333,0.416667,0.416667,41.375,5.583333,0.416667,68.541667,10.333333,0.416667,2.333333
HYBRID,Q03_RECALL25,RESTRICTION_CHANGE,LOW,12,48,0.708333,12.208333,3.791667,7.041667,0.0,0.583333,6.333333,0.708333,0.416667,0.416667,51.291667,7.041667,0.416667,68.541667,13.5,0.416667,2.916667
HYBRID,Q04_DELAY1,AVAILABILITY_LOSS,HIGH,4,48,1.0,7.0,1.0,2.0,0.0,0.0,1.0,1.0,1.0,1.0,17.5,2.0,1.0,167.5,5.0,1.0,0.0
HYBRID,Q04_DELAY1,AVAILABILITY_LOSS,HIGH,8,48,1.0,11.0,1.0,5.0,0.0,0.0,4.0,1.0,1.0,1.0,35.5,5.0,1.0,167.5,7.0,1.0,0.0
HYBRID,Q04_DELAY1,AVAILABILITY_LOSS,HIGH,12,48,1.0,15.0,1.0,6.0,0.0,0.0,5.0,1.0,1.0,1.0,41.5,6.0,1.0,167.5,9.0,1.0,0.0
HYBRID,Q04_DELAY1,AVAILABILITY_LOSS,LOW,4,48,1.0,7.0,1.0,2.0,0.0,0.0,1.0,1.0,1.0,1.0,17.5,2.0,1.0,167.5,5.0,1.0,0.0
HYBRID,Q04_DELAY1,AVAILABILITY_LOSS,LOW,8,48,1.0,11.0,1.0,5.0,0.0,0.0,4.0,1.0,1.0,1.0,35.5,5.0,1.0,167.5,7.0,1.0,0.0
HYBRID,Q04_DELAY1,AVAILABILITY_LOSS,LOW,12,48,1.0,15.0,1.0,6.0,0.0,0.0,5.0,1.0,1.0,1.0,41.5,6.0,1.0,167.5,9.0,1.0,0.0
HYBRID,Q04_DELAY1,CONTROL_FAILURE,HIGH,4,48,1.0,5.5,2.5,3.5,0.0,0.0,3.0,0.5,1.0,1.0,29.5,3.5,1.0,166.5,5.0,1.0,1.5
HYBRID,Q04_DELAY1,CONTROL_FAILURE,HIGH,8,48,1.0,9.5,2.5,5.5,0.0,0.0,5.0,0.5,1.0,1.0,41.5,5.5,1.0,166.5,7.0,1.0,1.5
HYBRID,Q04_DELAY1,CONTROL_FAILURE,HIGH,12,48,1.0,13.5,2.5,7.0,0.0,0.0,6.5,0.5,1.0,1.0,50.5,7.0,1.0,166.5,9.0,1.0,1.5
HYBRID,Q04_DELAY1,CONTROL_FAILURE,LOW,4,48,1.0,6.0,2.0,3.0,0.0,0.0,2.5,0.5,1.0,1.0,25.5,3.0,1.0,166.5,5.0,1.0,1.0
HYBRID,Q04_DELAY1,CONTROL_FAILURE,LOW,8,48,1.0,10.0,2.0,5.0,0.0,0.0,4.5,0.5,1.0,1.0,37.5,5.0,1.0,166.5,7.0,1.0,1.0
HYBRID,Q04_DELAY1,CONTROL_FAILURE,LOW,12,48,1.0,14.0,2.0,7.0,0.0,0.0,6.5,0.5,1.0,1.0,49.5,7.0,1.0,166.5,9.0,1.0,1.0
HYBRID,Q04_DELAY1,POSE_SHIFT,HIGH,4,48,1.0,7.0,1.0,2.0,0.0,0.0,1.0,0.0,1.0,1.0,17.5,2.0,1.0,161.5,5.0,1.0,0.0
HYBRID,Q04_DELAY1,POSE_SHIFT,HIGH,8,48,1.0,11.0,1.0,5.0,0.0,0.0,4.0,0.0,1.0,1.0,35.5,5.0,1.0,161.5,7.0,1.0,0.0
HYBRID,Q04_DELAY1,POSE_SHIFT,HIGH,12,48,1.0,15.0,1.0,6.0,0.0,0.0,5.0,0.0,1.0,1.0,41.5,6.0,1.0,161.5,9.0,1.0,0.0
HYBRID,Q04_DELAY1,POSE_SHIFT,LOW,4,48,1.0,7.0,1.0,2.0,0.0,0.0,1.0,0.0,1.0,1.0,17.5,2.0,1.0,161.5,5.0,1.0,0.0
HYBRID,Q04_DELAY1,POSE_SHIFT,LOW,8,48,1.0,11.0,1.0,5.0,0.0,0.0,4.0,0.0,1.0,1.0,35.5,5.0,1.0,161.5,7.0,1.0,0.0
HYBRID,Q04_DELAY1,POSE_SHIFT,LOW,12,48,1.0,15.0,1.0,6.0,0.0,0.0,5.0,0.0,1.0,1.0,41.5,6.0,1.0,161.5,9.0,1.0,0.0
HYBRID,Q04_DELAY1,RESTRICTION_CHANGE,HIGH,4,48,1.0,7.0,1.0,2.0,0.0,0.0,1.0,1.0,1.0,1.0,17.5,2.0,1.0,164.5,5.0,1.0,0.0
HYBRID,Q04_DELAY1,RESTRICTION_CHANGE,HIGH,8,48,1.0,11.0,1.0,5.0,0.0,0.0,4.0,1.0,1.0,1.0,35.5,5.0,1.0,164.5,7.0,1.0,0.0
HYBRID,Q04_DELAY1,RESTRICTION_CHANGE,HIGH,12,48,1.0,15.0,1.0,6.0,0.0,0.0,5.0,1.0,1.0,1.0,41.5,6.0,1.0,164.5,9.0,1.0,0.0
HYBRID,Q04_DELAY1,RESTRICTION_CHANGE,LOW,4,48,1.0,7.0,1.0,2.0,0.0,0.0,1.0,1.0,1.0,1.0,17.5,2.0,1.0,164.5,5.0,1.0,0.0
HYBRID,Q04_DELAY1,RESTRICTION_CHANGE,LOW,8,48,1.0,11.0,1.0,5.0,0.0,0.0,4.0,1.0,1.0,1.0,35.5,5.0,1.0,164.5,7.0,1.0,0.0
HYBRID,Q04_DELAY1,RESTRICTION_CHANGE,LOW,12,48,1.0,15.0,1.0,6.0,0.0,0.0,5.0,1.0,1.0,1.0,41.5,6.0,1.0,164.5,9.0,1.0,0.0
HYBRID,Q05_DELAY3,AVAILABILITY_LOSS,HIGH,4,48,1.0,5.5,2.5,4.0,0.0,1.0,3.0,1.0,1.0,1.0,32.5,4.0,1.0,167.5,3.0,1.0,1.0
HYBRID,Q05_DELAY3,AVAILABILITY_LOSS,HIGH,8,48,1.0,9.5,2.5,5.0,0.0,1.0,4.0,1.0,1.0,1.0,38.5,5.0,1.0,167.5,5.0,1.0,1.0
HYBRID,Q05_DELAY3,AVAILABILITY_LOSS,HIGH,12,48,1.0,13.5,2.5,6.0,0.0,1.0,5.0,1.0,1.0,1.0,44.5,6.0,1.0,167.5,7.0,1.0,1.0
HYBRID,Q05_DELAY3,AVAILABILITY_LOSS,LOW,4,48,1.0,5.5,2.5,4.0,0.0,1.0,3.0,1.0,1.0,1.0,32.5,4.0,1.0,167.5,3.0,1.0,1.0
HYBRID,Q05_DELAY3,AVAILABILITY_LOSS,LOW,8,48,1.0,9.5,2.5,5.0,0.0,1.0,4.0,1.0,1.0,1.0,38.5,5.0,1.0,167.5,5.0,1.0,1.0
HYBRID,Q05_DELAY3,AVAILABILITY_LOSS,LOW,12,48,1.0,13.5,2.5,6.0,0.0,1.0,5.0,1.0,1.0,1.0,44.5,6.0,1.0,167.5,7.0,1.0,1.0
HYBRID,Q05_DELAY3,CONTROL_FAILURE,HIGH,4,48,1.0,5.5,2.5,4.0,0.0,1.0,3.5,0.5,1.0,1.0,32.5,4.0,1.0,166.5,3.0,1.0,1.0
HYBRID,Q05_DELAY3,CONTROL_FAILURE,HIGH,8,48,1.0,9.5,2.5,5.0,0.0,1.0,4.5,0.5,1.0,1.0,38.5,5.0,1.0,166.5,5.0,1.0,1.0
HYBRID,Q05_DELAY3,CONTROL_FAILURE,HIGH,12,48,1.0,13.5,2.5,6.0,0.0,1.0,5.5,0.5,1.0,1.0,44.5,6.0,1.0,166.5,7.0,1.0,1.0
HYBRID,Q05_DELAY3,CONTROL_FAILURE,LOW,4,48,1.0,6.0,2.0,4.0,0.0,1.0,3.5,0.5,1.0,1.0,31.5,4.0,1.0,166.5,3.0,1.0,1.0
HYBRID,Q05_DELAY3,CONTROL_FAILURE,LOW,8,48,1.0,10.0,2.0,5.0,0.0,1.0,4.5,0.5,1.0,1.0,37.5,5.0,1.0,166.5,5.0,1.0,1.0
HYBRID,Q05_DELAY3,CONTROL_FAILURE,LOW,12,48,1.0,14.0,2.0,6.0,0.0,1.0,5.5,0.5,1.0,1.0,43.5,6.0,1.0,166.5,7.0,1.0,1.0
HYBRID,Q05_DELAY3,POSE_SHIFT,HIGH,4,48,1.0,5.5,2.5,4.0,0.0,1.0,3.0,0.5,1.0,1.0,32.5,4.0,1.0,161.5,3.0,1.0,1.0
HYBRID,Q05_DELAY3,POSE_SHIFT,HIGH,8,48,1.0,9.5,2.5,5.0,0.0,1.0,4.0,0.5,1.0,1.0,38.5,5.0,1.0,161.5,5.0,1.0,1.0
HYBRID,Q05_DELAY3,POSE_SHIFT,HIGH,12,48,1.0,13.5,2.5,6.0,0.0,1.0,5.0,0.5,1.0,1.0,44.5,6.0,1.0,161.5,7.0,1.0,1.0
HYBRID,Q05_DELAY3,POSE_SHIFT,LOW,4,48,1.0,5.5,2.5,4.0,0.0,1.0,3.0,0.5,1.0,1.0,32.5,4.0,1.0,161.5,3.0,1.0,1.0
HYBRID,Q05_DELAY3,POSE_SHIFT,LOW,8,48,1.0,9.5,2.5,5.0,0.0,1.0,4.0,0.5,1.0,1.0,38.5,5.0,1.0,161.5,5.0,1.0,1.0
HYBRID,Q05_DELAY3,POSE_SHIFT,LOW,12,48,1.0,13.5,2.5,6.0,0.0,1.0,5.0,0.5,1.0,1.0,44.5,6.0,1.0,161.5,7.0,1.0,1.0
HYBRID,Q05_DELAY3,RESTRICTION_CHANGE,HIGH,4,48,1.0,5.5,2.5,4.0,0.0,1.0,3.0,1.0,1.0,1.0,32.5,4.0,1.0,164.5,3.0,1.0,1.0
HYBRID,Q05_DELAY3,RESTRICTION_CHANGE,HIGH,8,48,1.0,9.5,2.5,5.0,0.0,1.0,4.0,1.0,1.0,1.0,38.5,5.0,1.0,164.5,5.0,1.0,1.0
HYBRID,Q05_DELAY3,RESTRICTION_CHANGE,HIGH,12,48,1.0,13.5,2.5,6.0,0.0,1.0,5.0,1.0,1.0,1.0,44.5,6.0,1.0,164.5,7.0,1.0,1.0
HYBRID,Q05_DELAY3,RESTRICTION_CHANGE,LOW,4,48,1.0,5.5,2.5,4.0,0.0,1.0,3.0,1.0,1.0,1.0,32.5,4.0,1.0,164.5,3.0,1.0,1.0
HYBRID,Q05_DELAY3,RESTRICTION_CHANGE,LOW,8,48,1.0,9.5,2.5,5.0,0.0,1.0,4.0,1.0,1.0,1.0,38.5,5.0,1.0,164.5,5.0,1.0,1.0
HYBRID,Q05_DELAY3,RESTRICTION_CHANGE,LOW,12,48,1.0,13.5,2.5,6.0,0.0,1.0,5.0,1.0,1.0,1.0,44.5,6.0,1.0,164.5,7.0,1.0,1.0
HYBRID,Q06_FALSE3,AVAILABILITY_LOSS,HIGH,4,48,1.0,8.0,0.0,3.0,1.0,0.0,2.0,1.0,0.5,1.0,32.0,3.0,4.0,667.0,5.0,2.0,0.0
HYBRID,Q06_FALSE3,AVAILABILITY_LOSS,HIGH,8,48,1.0,12.0,0.0,6.0,1.0,0.0,5.0,1.0,0.5,1.0,50.0,6.0,4.0,667.0,7.0,2.0,0.0
HYBRID,Q06_FALSE3,AVAILABILITY_LOSS,HIGH,12,48,1.0,16.0,0.0,6.0,1.0,0.0,5.0,1.0,0.5,1.0,50.0,6.0,4.0,667.0,9.0,2.0,0.0
HYBRID,Q06_FALSE3,AVAILABILITY_LOSS,LOW,4,48,1.0,8.0,0.0,3.0,1.0,0.0,2.0,1.0,0.5,1.0,32.0,3.0,4.0,667.0,5.0,2.0,0.0
HYBRID,Q06_FALSE3,AVAILABILITY_LOSS,LOW,8,48,1.0,12.0,0.0,6.0,1.0,0.0,5.0,1.0,0.5,1.0,50.0,6.0,4.0,667.0,7.0,2.0,0.0
HYBRID,Q06_FALSE3,AVAILABILITY_LOSS,LOW,12,48,1.0,16.0,0.0,6.0,1.0,0.0,5.0,1.0,0.5,1.0,50.0,6.0,4.0,667.0,9.0,2.0,0.0
HYBRID,Q06_FALSE3,CONTROL_FAILURE,HIGH,4,48,1.0,5.5,2.5,4.5,1.0,0.0,4.0,0.5,0.5,1.0,46.0,4.5,4.0,666.0,5.0,2.0,1.5
HYBRID,Q06_FALSE3,CONTROL_FAILURE,HIGH,8,48,1.0,9.5,2.5,6.5,1.0,0.0,6.0,0.5,0.5,1.0,58.0,6.5,4.0,666.0,7.0,2.0,1.5
HYBRID,Q06_FALSE3,CONTROL_FAILURE,HIGH,12,48,1.0,13.5,2.5,7.0,1.0,0.0,6.5,0.5,0.5,1.0,61.0,7.0,4.0,666.0,9.0,2.0,1.5
HYBRID,Q06_FALSE3,CONTROL_FAILURE,LOW,4,48,1.0,6.0,2.0,4.0,1.0,0.0,3.5,0.5,0.5,1.0,42.0,4.0,4.0,666.0,5.0,2.0,1.0
HYBRID,Q06_FALSE3,CONTROL_FAILURE,LOW,8,48,1.0,10.0,2.0,6.0,1.0,0.0,5.5,0.5,0.5,1.0,54.0,6.0,4.0,666.0,7.0,2.0,1.0
HYBRID,Q06_FALSE3,CONTROL_FAILURE,LOW,12,48,1.0,14.0,2.0,7.0,1.0,0.0,6.5,0.5,0.5,1.0,60.0,7.0,4.0,666.0,9.0,2.0,1.0
HYBRID,Q06_FALSE3,POSE_SHIFT,HIGH,4,48,1.0,8.0,0.0,3.0,1.0,0.0,2.0,0.0,0.5,1.0,32.0,3.0,4.0,661.0,5.0,2.0,0.0
HYBRID,Q06_FALSE3,POSE_SHIFT,HIGH,8,48,1.0,12.0,0.0,6.0,1.0,0.0,5.0,0.0,0.5,1.0,50.0,6.0,4.0,661.0,7.0,2.0,0.0
HYBRID,Q06_FALSE3,POSE_SHIFT,HIGH,12,48,1.0,16.0,0.0,6.0,1.0,0.0,5.0,0.0,0.5,1.0,50.0,6.0,4.0,661.0,9.0,2.0,0.0
HYBRID,Q06_FALSE3,POSE_SHIFT,LOW,4,48,1.0,8.0,0.0,3.0,1.0,0.0,2.0,0.0,0.5,1.0,32.0,3.0,4.0,661.0,5.0,2.0,0.0
HYBRID,Q06_FALSE3,POSE_SHIFT,LOW,8,48,1.0,12.0,0.0,6.0,1.0,0.0,5.0,0.0,0.5,1.0,50.0,6.0,4.0,661.0,7.0,2.0,0.0
HYBRID,Q06_FALSE3,POSE_SHIFT,LOW,12,48,1.0,16.0,0.0,6.0,1.0,0.0,5.0,0.0,0.5,1.0,50.0,6.0,4.0,661.0,9.0,2.0,0.0
HYBRID,Q06_FALSE3,RESTRICTION_CHANGE,HIGH,4,48,1.0,8.0,0.0,3.0,1.0,0.0,2.0,1.0,0.5,1.0,32.0,3.0,4.0,664.0,5.0,2.0,0.0
HYBRID,Q06_FALSE3,RESTRICTION_CHANGE,HIGH,8,48,1.0,12.0,0.0,6.0,1.0,0.0,5.0,1.0,0.5,1.0,50.0,6.0,4.0,664.0,7.0,2.0,0.0
HYBRID,Q06_FALSE3,RESTRICTION_CHANGE,HIGH,12,48,1.0,16.0,0.0,6.0,1.0,0.0,5.0,1.0,0.5,1.0,50.0,6.0,4.0,664.0,9.0,2.0,0.0
HYBRID,Q06_FALSE3,RESTRICTION_CHANGE,LOW,4,48,1.0,8.0,0.0,3.0,1.0,0.0,2.0,1.0,0.5,1.0,32.0,3.0,4.0,664.0,5.0,2.0,0.0
HYBRID,Q06_FALSE3,RESTRICTION_CHANGE,LOW,8,48,1.0,12.0,0.0,6.0,1.0,0.0,5.0,1.0,0.5,1.0,50.0,6.0,4.0,664.0,7.0,2.0,0.0
HYBRID,Q06_FALSE3,RESTRICTION_CHANGE,LOW,12,48,1.0,16.0,0.0,6.0,1.0,0.0,5.0,1.0,0.5,1.0,50.0,6.0,4.0,664.0,9.0,2.0,0.0
HYBRID,Q07_DUP_OOO,AVAILABILITY_LOSS,HIGH,4,48,1.0,7.0,1.0,3.0,0.0,0.0,2.0,1.0,1.0,1.0,30.5,3.0,3.0,502.5,4.0,2.0,0.0
HYBRID,Q07_DUP_OOO,AVAILABILITY_LOSS,HIGH,8,48,1.0,11.0,1.0,5.0,0.0,0.0,4.0,1.0,1.0,1.0,42.5,5.0,3.0,502.5,6.0,2.0,0.0
HYBRID,Q07_DUP_OOO,AVAILABILITY_LOSS,HIGH,12,48,1.0,15.0,1.0,7.0,0.0,0.0,6.0,1.0,1.0,1.0,54.5,7.0,3.0,502.5,8.0,2.0,0.0
HYBRID,Q07_DUP_OOO,AVAILABILITY_LOSS,LOW,4,48,1.0,7.0,1.0,3.0,0.0,0.0,2.0,1.0,1.0,1.0,30.5,3.0,3.0,502.5,4.0,2.0,0.0
HYBRID,Q07_DUP_OOO,AVAILABILITY_LOSS,LOW,8,48,1.0,11.0,1.0,5.0,0.0,0.0,4.0,1.0,1.0,1.0,42.5,5.0,3.0,502.5,6.0,2.0,0.0
HYBRID,Q07_DUP_OOO,AVAILABILITY_LOSS,LOW,12,48,1.0,15.0,1.0,7.0,0.0,0.0,6.0,1.0,1.0,1.0,54.5,7.0,3.0,502.5,8.0,2.0,0.0
HYBRID,Q07_DUP_OOO,CONTROL_FAILURE,HIGH,4,48,1.0,5.5,2.5,3.5,0.0,0.0,3.0,0.5,1.0,1.0,36.5,3.5,3.0,499.5,4.0,2.0,0.5
HYBRID,Q07_DUP_OOO,CONTROL_FAILURE,HIGH,8,48,1.0,9.5,2.5,5.5,0.0,0.0,5.0,0.5,1.0,1.0,48.5,5.5,3.0,499.5,6.0,2.0,0.5
HYBRID,Q07_DUP_OOO,CONTROL_FAILURE,HIGH,12,48,1.0,13.5,2.5,7.0,0.0,0.0,6.5,0.5,1.0,1.0,57.5,7.0,3.0,499.5,8.0,2.0,0.5
HYBRID,Q07_DUP_OOO,CONTROL_FAILURE,LOW,4,48,1.0,6.0,2.0,3.0,0.0,0.0,2.5,0.5,1.0,1.0,32.5,3.0,3.0,499.5,4.0,2.0,0.0
HYBRID,Q07_DUP_OOO,CONTROL_FAILURE,LOW,8,48,1.0,10.0,2.0,5.0,0.0,0.0,4.5,0.5,1.0,1.0,44.5,5.0,3.0,499.5,6.0,2.0,0.0
HYBRID,Q07_DUP_OOO,CONTROL_FAILURE,LOW,12,48,1.0,14.0,2.0,7.0,0.0,0.0,6.5,0.5,1.0,1.0,56.5,7.0,3.0,499.5,8.0,2.0,0.0
HYBRID,Q07_DUP_OOO,POSE_SHIFT,HIGH,4,48,1.0,7.0,1.0,3.0,0.0,0.0,2.0,0.0,1.0,1.0,30.5,3.0,3.0,484.5,4.0,2.0,0.0
HYBRID,Q07_DUP_OOO,POSE_SHIFT,HIGH,8,48,1.0,11.0,1.0,5.0,0.0,0.0,4.0,0.0,1.0,1.0,42.5,5.0,3.0,484.5,6.0,2.0,0.0
HYBRID,Q07_DUP_OOO,POSE_SHIFT,HIGH,12,48,1.0,15.0,1.0,7.0,0.0,0.0,6.0,0.0,1.0,1.0,54.5,7.0,3.0,484.5,8.0,2.0,0.0
HYBRID,Q07_DUP_OOO,POSE_SHIFT,LOW,4,48,1.0,7.0,1.0,3.0,0.0,0.0,2.0,0.0,1.0,1.0,30.5,3.0,3.0,484.5,4.0,2.0,0.0
HYBRID,Q07_DUP_OOO,POSE_SHIFT,LOW,8,48,1.0,11.0,1.0,5.0,0.0,0.0,4.0,0.0,1.0,1.0,42.5,5.0,3.0,484.5,6.0,2.0,0.0
HYBRID,Q07_DUP_OOO,POSE_SHIFT,LOW,12,48,1.0,15.0,1.0,7.0,0.0,0.0,6.0,0.0,1.0,1.0,54.5,7.0,3.0,484.5,8.0,2.0,0.0
HYBRID,Q07_DUP_OOO,RESTRICTION_CHANGE,HIGH,4,48,1.0,7.0,1.0,3.0,0.0,0.0,2.0,1.0,1.0,1.0,30.5,3.0,3.0,493.5,4.0,2.0,0.0
HYBRID,Q07_DUP_OOO,RESTRICTION_CHANGE,HIGH,8,48,1.0,11.0,1.0,5.0,0.0,0.0,4.0,1.0,1.0,1.0,42.5,5.0,3.0,493.5,6.0,2.0,0.0
HYBRID,Q07_DUP_OOO,RESTRICTION_CHANGE,HIGH,12,48,1.0,15.0,1.0,7.0,0.0,0.0,6.0,1.0,1.0,1.0,54.5,7.0,3.0,493.5,8.0,2.0,0.0
HYBRID,Q07_DUP_OOO,RESTRICTION_CHANGE,LOW,4,48,1.0,7.0,1.0,3.0,0.0,0.0,2.0,1.0,1.0,1.0,30.5,3.0,3.0,493.5,4.0,2.0,0.0
HYBRID,Q07_DUP_OOO,RESTRICTION_CHANGE,LOW,8,48,1.0,11.0,1.0,5.0,0.0,0.0,4.0,1.0,1.0,1.0,42.5,5.0,3.0,493.5,6.0,2.0,0.0
HYBRID,Q07_DUP_OOO,RESTRICTION_CHANGE,LOW,12,48,1.0,15.0,1.0,7.0,0.0,0.0,6.0,1.0,1.0,1.0,54.5,7.0,3.0,493.5,8.0,2.0,0.0
HYBRID,Q08_GUARDED,AVAILABILITY_LOSS,HIGH,4,48,0.75,5.0,3.0,2.25,0.0,0.5,1.5,0.75,0.5,0.5,25.0,2.25,0.5,83.75,6.5,0.5,0.75
HYBRID,Q08_GUARDED,AVAILABILITY_LOSS,HIGH,8,48,0.875,9.875,2.125,4.125,0.0,0.25,3.25,0.875,0.75,0.75,36.0,4.125,0.75,125.625,8.25,0.75,0.625
HYBRID,Q08_GUARDED,AVAILABILITY_LOSS,HIGH,12,48,0.916667,13.25,2.75,5.166667,0.0,0.166667,4.25,0.916667,0.833333,0.833333,45.0,5.166667,1.833333,306.083333,8.333333,0.833333,0.5
HYBRID,Q08_GUARDED,AVAILABILITY_LOSS,LOW,4,48,0.916667,6.333333,1.666667,2.083333,0.0,0.166667,1.166667,0.916667,0.833333,0.833333,23.333333,2.083333,0.833333,139.583333,5.5,0.833333,0.25
HYBRID,Q08_GUARDED,AVAILABILITY_LOSS,LOW,8,48,0.875,9.875,2.125,4.125,0.0,0.25,3.25,0.875,0.75,0.75,36.0,4.125,0.75,125.625,8.25,0.75,0.625
HYBRID,Q08_GUARDED,AVAILABILITY_LOSS,LOW,12,48,0.875,12.875,3.125,5.25,0.0,0.25,4.375,0.875,0.75,0.75,45.75,5.25,1.75,292.125,8.5,0.75,0.75
HYBRID,Q08_GUARDED,CONTROL_FAILURE,HIGH,4,48,1.0,5.0,3.0,2.0,0.0,0.416667,1.5,0.5,0.583333,0.583333,24.0,2.0,0.583333,97.125,6.25,0.583333,1.0
HYBRID,Q08_GUARDED,CONTROL_FAILURE,HIGH,8,48,1.0,9.083333,2.916667,4.833333,0.0,0.166667,4.333333,0.5,0.833333,0.833333,42.333333,4.833333,0.833333,138.75,7.833333,0.833333,1.0
HYBRID,Q08_GUARDED,CONTROL_FAILURE,HIGH,12,48,1.0,13.5,2.5,5.0,0.0,0.25,4.5,0.5,0.75,0.75,43.0,5.0,1.75,291.375,8.5,0.75,0.25
HYBRID,Q08_GUARDED,CONTROL_FAILURE,LOW,4,48,1.0,6.0,2.0,2.0,0.0,0.166667,1.5,0.5,0.833333,0.833333,23.5,2.0,0.833333,138.75,5.5,0.833333,0.0
HYBRID,Q08_GUARDED,CONTROL_FAILURE,LOW,8,48,1.0,10.0,2.0,4.0,0.0,0.25,3.5,0.5,0.75,0.75,35.0,4.0,0.75,124.875,8.25,0.75,0.25
HYBRID,Q08_GUARDED,CONTROL_FAILURE,LOW,12,48,1.0,14.0,2.0,5.0,0.0,0.083333,4.5,0.5,0.916667,0.916667,43.0,5.0,1.916667,319.125,8.166667,0.916667,0.083333
HYBRID,Q08_GUARDED,POSE_SHIFT,HIGH,4,48,0.791667,5.333333,2.666667,2.208333,0.0,0.416667,1.416667,0.208333,0.583333,0.583333,24.583333,2.208333,0.583333,94.208333,6.25,0.583333,0.625
HYBRID,Q08_GUARDED,POSE_SHIFT,HIGH,8,48,0.875,9.875,2.125,4.125,0.0,0.25,3.25,0.125,0.75,0.75,36.0,4.125,0.75,121.125,8.25,0.75,0.625
HYBRID,Q08_GUARDED,POSE_SHIFT,HIGH,12,48,0.833333,12.5,3.5,5.333333,0.0,0.333333,4.5,0.5,0.666667,0.666667,46.5,5.333333,1.666667,274.166667,8.666667,0.666667,1.0
HYBRID,Q08_GUARDED,POSE_SHIFT,LOW,4,48,0.875,6.0,2.0,2.125,0.0,0.25,1.25,0.125,0.75,0.75,23.75,2.125,0.75,121.125,5.75,0.75,0.375
HYBRID,Q08_GUARDED,POSE_SHIFT,LOW,8,48,0.916667,10.25,1.75,4.083333,0.0,0.166667,3.166667,0.083333,0.833333,0.833333,35.5,4.083333,0.833333,134.583333,7.833333,0.833333,0.416667
HYBRID,Q08_GUARDED,POSE_SHIFT,LOW,12,48,0.833333,12.5,3.5,5.333333,0.0,0.333333,4.5,0.5,0.666667,0.666667,46.5,5.333333,1.666667,274.166667,8.666667,0.666667,1.0
HYBRID,Q08_GUARDED,RESTRICTION_CHANGE,HIGH,4,48,0.833333,5.666667,2.333333,2.166667,0.0,0.333333,1.333333,0.833333,0.666667,0.666667,24.166667,2.166667,0.666667,109.666667,6.0,0.666667,0.5
HYBRID,Q08_GUARDED,RESTRICTION_CHANGE,HIGH,8,48,0.916667,10.25,1.75,4.083333,0.0,0.166667,3.166667,0.916667,0.833333,0.833333,35.5,4.083333,0.833333,137.083333,7.833333,0.833333,0.416667
HYBRID,Q08_GUARDED,RESTRICTION_CHANGE,HIGH,12,48,0.916667,13.25,2.75,5.166667,0.0,0.166667,4.25,0.916667,0.833333,0.833333,45.0,5.166667,1.833333,303.583333,8.333333,0.833333,0.5
HYBRID,Q08_GUARDED,RESTRICTION_CHANGE,LOW,4,48,0.916667,6.333333,1.666667,2.083333,0.0,0.166667,1.166667,0.916667,0.833333,0.833333,23.333333,2.083333,0.833333,137.083333,5.5,0.833333,0.25
HYBRID,Q08_GUARDED,RESTRICTION_CHANGE,LOW,8,48,0.916667,10.25,1.75,4.083333,0.0,0.166667,3.166667,0.916667,0.833333,0.833333,35.5,4.083333,0.833333,137.083333,7.833333,0.833333,0.416667
HYBRID,Q08_GUARDED,RESTRICTION_CHANGE,LOW,12,48,0.916667,13.25,2.75,5.166667,0.0,0.166667,4.25,0.916667,0.833333,0.833333,45.0,5.166667,1.833333,303.583333,8.333333,0.833333,0.5
HYBRID,Q09_HOSTILE,AVAILABILITY_LOSS,HIGH,4,48,0.0,2.0,6.0,2.0,0.0,1.0,1.5,0.5,0.0,0.0,33.75,2.0,1.0,166.5,5.0,0.0,1.0
HYBRID,Q09_HOSTILE,AVAILABILITY_LOSS,HIGH,8,48,0.791667,7.75,4.25,3.0,0.0,1.0,2.208333,0.791667,0.0,0.0,39.541667,3.0,1.166667,195.416667,7.916667,0.0,1.208333
HYBRID,Q09_HOSTILE,AVAILABILITY_LOSS,HIGH,12,48,0.5,9.5,6.5,3.5,0.0,1.0,3.0,0.5,0.0,0.0,47.125,3.5,0.0,0.0,16.0,0.0,2.0
HYBRID,Q09_HOSTILE,AVAILABILITY_LOSS,LOW,4,48,0.0,2.0,6.0,2.0,0.0,1.0,1.5,0.5,0.0,0.0,36.875,2.0,1.0,166.5,5.0,0.0,1.0
HYBRID,Q09_HOSTILE,AVAILABILITY_LOSS,LOW,8,48,0.791667,7.75,4.25,3.0,0.0,1.0,2.208333,0.791667,0.0,0.0,39.541667,3.0,1.166667,195.416667,7.916667,0.0,1.208333
HYBRID,Q09_HOSTILE,AVAILABILITY_LOSS,LOW,12,48,0.5,9.5,6.5,3.5,0.0,1.0,3.0,0.5,0.0,0.0,44.625,3.5,0.0,0.0,16.0,0.0,2.0
HYBRID,Q09_HOSTILE,CONTROL_FAILURE,HIGH,4,48,1.0,5.0,3.0,1.0,0.0,1.0,1.0,0.0,0.0,0.0,24.25,1.0,1.0,166.5,5.0,0.0,0.0
HYBRID,Q09_HOSTILE,CONTROL_FAILURE,HIGH,8,48,1.0,9.0,3.0,3.0,0.0,1.0,2.5,0.5,0.0,0.0,36.25,3.0,1.0,166.5,8.5,0.0,1.0
HYBRID,Q09_HOSTILE,CONTROL_FAILURE,HIGH,12,48,1.0,13.5,2.5,3.0,0.0,1.0,2.5,0.5,0.0,0.0,33.625,3.0,0.0,0.0,16.0,0.0,1.0
HYBRID,Q09_HOSTILE,CONTROL_FAILURE,LOW,4,48,1.0,6.0,2.0,1.0,0.0,1.0,1.0,0.0,0.0,0.0,22.25,1.0,1.0,166.5,5.0,0.0,0.0
HYBRID,Q09_HOSTILE,CONTROL_FAILURE,LOW,8,48,1.0,10.0,2.0,2.0,0.0,1.0,1.5,0.5,0.0,0.0,29.125,2.0,0.0,0.0,12.0,0.0,0.0
HYBRID,Q09_HOSTILE,CONTROL_FAILURE,LOW,12,48,1.0,14.0,2.0,3.0,0.0,1.0,2.5,0.5,0.0,0.0,33.875,3.0,0.0,0.0,16.0,0.0,1.0
HYBRID,Q09_HOSTILE,POSE_SHIFT,HIGH,4,48,0.0,2.0,6.0,2.0,0.0,1.0,1.5,0.5,0.0,0.0,36.875,2.0,1.0,166.5,5.0,0.0,1.0
HYBRID,Q09_HOSTILE,POSE_SHIFT,HIGH,8,48,0.791667,7.75,4.25,3.0,0.0,1.0,2.208333,0.5,0.0,0.0,39.541667,3.0,1.166667,188.416667,7.916667,0.0,1.208333
HYBRID,Q09_HOSTILE,POSE_SHIFT,HIGH,12,48,0.5,9.5,6.5,3.5,0.0,1.0,3.0,0.5,0.0,0.0,45.25,3.5,0.0,0.0,16.0,0.0,2.0
HYBRID,Q09_HOSTILE,POSE_SHIFT,LOW,4,48,0.0,2.0,6.0,2.0,0.0,1.0,1.5,0.5,0.0,0.0,36.875,2.0,1.0,166.5,5.0,0.0,1.0
HYBRID,Q09_HOSTILE,POSE_SHIFT,LOW,8,48,0.791667,7.75,4.25,3.0,0.0,1.0,2.208333,0.5,0.0,0.0,39.541667,3.0,1.166667,188.416667,7.916667,0.0,1.208333
HYBRID,Q09_HOSTILE,POSE_SHIFT,LOW,12,48,0.5,9.5,6.5,3.5,0.0,1.0,3.0,0.5,0.0,0.0,44.0,3.5,0.0,0.0,16.0,0.0,2.0
HYBRID,Q09_HOSTILE,RESTRICTION_CHANGE,HIGH,4,48,0.0,2.0,6.0,2.0,0.0,1.0,1.5,0.5,0.0,0.0,35.625,2.0,1.0,166.5,5.0,0.0,1.0
HYBRID,Q09_HOSTILE,RESTRICTION_CHANGE,HIGH,8,48,0.833333,8.0,4.0,3.0,0.0,1.0,2.166667,0.833333,0.0,0.0,39.833333,3.0,1.333333,219.333333,7.333333,0.0,1.166667
HYBRID,Q09_HOSTILE,RESTRICTION_CHANGE,HIGH,12,48,0.5,9.5,6.5,3.5,0.0,1.0,3.0,0.5,0.0,0.0,45.875,3.5,0.0,0.0,16.0,0.0,2.0
HYBRID,Q09_HOSTILE,RESTRICTION_CHANGE,LOW,4,48,0.0,2.0,6.0,2.0,0.0,1.0,1.5,0.5,0.0,0.0,36.875,2.0,1.0,166.5,5.0,0.0,1.0
HYBRID,Q09_HOSTILE,RESTRICTION_CHANGE,LOW,8,48,0.791667,7.75,4.25,3.0,0.0,1.0,2.208333,0.791667,0.0,0.0,39.541667,3.0,1.166667,191.916667,7.916667,0.0,1.208333
HYBRID,Q09_HOSTILE,RESTRICTION_CHANGE,LOW,12,48,0.5,9.5,6.5,3.5,0.0,1.0,3.0,0.5,0.0,0.0,47.125,3.5,0.0,0.0,16.0,0.0,2.0
PERIODIC_ONLY,Q00_CLEAN,AVAILABILITY_LOSS,HIGH,4,48,0.5,2.5,5.5,2.0,0.0,1.0,1.5,0.5,0.0,0.0,25.5,2.0,0.0,0.0,8.0,0.0,0.0
PERIODIC_ONLY,Q00_CLEAN,AVAILABILITY_LOSS,HIGH,8,48,0.5,6.5,5.5,4.0,0.0,1.0,3.5,0.5,0.0,0.0,37.5,4.0,0.0,0.0,12.0,0.0,0.0
PERIODIC_ONLY,Q00_CLEAN,AVAILABILITY_LOSS,HIGH,12,48,1.0,16.0,0.0,5.0,0.0,1.0,4.0,1.0,0.0,0.0,33.5,5.0,1.0,167.5,10.0,0.0,0.0
PERIODIC_ONLY,Q00_CLEAN,AVAILABILITY_LOSS,LOW,4,48,0.5,2.5,5.5,2.0,0.0,1.0,1.5,0.5,0.0,0.0,25.5,2.0,0.0,0.0,8.0,0.0,0.0
PERIODIC_ONLY,Q00_CLEAN,AVAILABILITY_LOSS,LOW,8,48,0.5,6.5,5.5,4.0,0.0,1.0,3.5,0.5,0.0,0.0,37.5,4.0,0.0,0.0,12.0,0.0,0.0
PERIODIC_ONLY,Q00_CLEAN,AVAILABILITY_LOSS,LOW,12,48,1.0,16.0,0.0,5.0,0.0,1.0,4.0,1.0,0.0,0.0,33.5,5.0,1.0,167.5,10.0,0.0,0.0
PERIODIC_ONLY,Q00_CLEAN,CONTROL_FAILURE,HIGH,4,48,1.0,5.0,3.0,2.0,0.0,1.0,1.5,0.5,0.0,0.0,20.5,2.0,0.0,0.0,8.0,0.0,0.0
PERIODIC_ONLY,Q00_CLEAN,CONTROL_FAILURE,HIGH,8,48,1.0,9.5,2.5,4.0,0.0,1.0,3.5,0.5,0.0,0.0,31.5,4.0,0.0,0.0,12.0,0.0,0.0
PERIODIC_ONLY,Q00_CLEAN,CONTROL_FAILURE,HIGH,12,48,1.0,13.0,3.0,5.0,0.0,1.0,4.5,0.5,0.0,0.0,39.5,5.0,1.0,166.5,10.0,0.0,0.0
PERIODIC_ONLY,Q00_CLEAN,CONTROL_FAILURE,LOW,4,48,1.0,6.0,2.0,2.0,0.0,1.0,1.5,0.5,0.0,0.0,18.5,2.0,0.0,0.0,8.0,0.0,0.0
PERIODIC_ONLY,Q00_CLEAN,CONTROL_FAILURE,LOW,8,48,1.0,10.0,2.0,4.0,0.0,1.0,3.5,0.5,0.0,0.0,30.5,4.0,0.0,0.0,12.0,0.0,0.0
PERIODIC_ONLY,Q00_CLEAN,CONTROL_FAILURE,LOW,12,48,1.0,14.0,2.0,5.0,0.0,1.0,4.5,0.5,0.0,0.0,37.5,5.0,1.0,166.5,10.0,0.0,0.0
PERIODIC_ONLY,Q00_CLEAN,POSE_SHIFT,HIGH,4,48,0.5,2.5,5.5,2.0,0.0,1.0,1.5,0.5,0.0,0.0,25.5,2.0,0.0,0.0,8.0,0.0,0.0
PERIODIC_ONLY,Q00_CLEAN,POSE_SHIFT,HIGH,8,48,0.5,6.5,5.5,4.0,0.0,1.0,3.5,0.5,0.0,0.0,37.5,4.0,0.0,0.0,12.0,0.0,0.0
PERIODIC_ONLY,Q00_CLEAN,POSE_SHIFT,HIGH,12,48,1.0,16.0,0.0,5.0,0.0,1.0,4.0,0.0,0.0,0.0,33.5,5.0,1.0,161.5,10.0,0.0,0.0
PERIODIC_ONLY,Q00_CLEAN,POSE_SHIFT,LOW,4,48,0.5,2.5,5.5,2.0,0.0,1.0,1.5,0.5,0.0,0.0,25.5,2.0,0.0,0.0,8.0,0.0,0.0
PERIODIC_ONLY,Q00_CLEAN,POSE_SHIFT,LOW,8,48,0.5,6.5,5.5,4.0,0.0,1.0,3.5,0.5,0.0,0.0,37.5,4.0,0.0,0.0,12.0,0.0,0.0
PERIODIC_ONLY,Q00_CLEAN,POSE_SHIFT,LOW,12,48,1.0,16.0,0.0,5.0,0.0,1.0,4.0,0.0,0.0,0.0,33.5,5.0,1.0,161.5,10.0,0.0,0.0
PERIODIC_ONLY,Q00_CLEAN,RESTRICTION_CHANGE,HIGH,4,48,0.5,2.5,5.5,2.0,0.0,1.0,1.5,0.5,0.0,0.0,25.5,2.0,0.0,0.0,8.0,0.0,0.0
PERIODIC_ONLY,Q00_CLEAN,RESTRICTION_CHANGE,HIGH,8,48,0.5,6.5,5.5,4.0,0.0,1.0,3.5,0.5,0.0,0.0,37.5,4.0,0.0,0.0,12.0,0.0,0.0
PERIODIC_ONLY,Q00_CLEAN,RESTRICTION_CHANGE,HIGH,12,48,1.0,16.0,0.0,5.0,0.0,1.0,4.0,1.0,0.0,0.0,33.5,5.0,1.0,164.5,10.0,0.0,0.0
PERIODIC_ONLY,Q00_CLEAN,RESTRICTION_CHANGE,LOW,4,48,0.5,2.5,5.5,2.0,0.0,1.0,1.5,0.5,0.0,0.0,25.5,2.0,0.0,0.0,8.0,0.0,0.0
PERIODIC_ONLY,Q00_CLEAN,RESTRICTION_CHANGE,LOW,8,48,0.5,6.5,5.5,4.0,0.0,1.0,3.5,0.5,0.0,0.0,37.5,4.0,0.0,0.0,12.0,0.0,0.0
PERIODIC_ONLY,Q00_CLEAN,RESTRICTION_CHANGE,LOW,12,48,1.0,16.0,0.0,5.0,0.0,1.0,4.0,1.0,0.0,0.0,33.5,5.0,1.0,164.5,10.0,0.0,0.0
PERIODIC_ONLY,Q01_RECALL75,AVAILABILITY_LOSS,HIGH,4,48,0.5,2.5,5.5,2.0,0.0,1.0,1.5,0.5,0.0,0.0,24.25,2.0,0.0,0.0,8.0,0.0,0.0
PERIODIC_ONLY,Q01_RECALL75,AVAILABILITY_LOSS,HIGH,8,48,0.5,6.5,5.5,4.0,0.0,1.0,3.5,0.5,0.0,0.0,36.875,4.0,0.0,0.0,12.0,0.0,0.0
PERIODIC_ONLY,Q01_RECALL75,AVAILABILITY_LOSS,HIGH,12,48,0.916667,14.833333,1.166667,5.0,0.0,1.0,4.083333,0.916667,0.0,0.0,35.25,5.0,0.833333,139.583333,11.0,0.0,0.0
PERIODIC_ONLY,Q01_RECALL75,AVAILABILITY_LOSS,LOW,4,48,0.5,2.5,5.5,2.0,0.0,1.0,1.5,0.5,0.0,0.0,25.083333,2.0,0.0,0.0,8.0,0.0,0.0
PERIODIC_ONLY,Q01_RECALL75,AVAILABILITY_LOSS,LOW,8,48,0.5,6.5,5.5,4.0,0.0,1.0,3.5,0.5,0.0,0.0,36.875,4.0,0.0,0.0,12.0,0.0,0.0
PERIODIC_ONLY,Q01_RECALL75,AVAILABILITY_LOSS,LOW,12,48,0.875,14.25,1.75,5.0,0.0,1.0,4.125,0.875,0.0,0.0,36.125,5.0,0.75,125.625,11.5,0.0,0.0
PERIODIC_ONLY,Q01_RECALL75,CONTROL_FAILURE,HIGH,4,48,1.0,5.0,3.0,2.0,0.0,1.0,1.5,0.5,0.0,0.0,19.458333,2.0,0.0,0.0,8.0,0.0,0.0
PERIODIC_ONLY,Q01_RECALL75,CONTROL_FAILURE,HIGH,8,48,1.0,9.5,2.5,4.0,0.0,1.0,3.5,0.5,0.0,0.0,31.083333,4.0,0.0,0.0,12.0,0.0,0.0
PERIODIC_ONLY,Q01_RECALL75,CONTROL_FAILURE,HIGH,12,48,1.0,13.0,3.0,5.0,0.0,1.0,4.5,0.5,0.0,0.0,38.625,5.0,0.75,124.875,11.5,0.0,0.0
PERIODIC_ONLY,Q01_RECALL75,CONTROL_FAILURE,LOW,4,48,1.0,6.0,2.0,2.0,0.0,1.0,1.5,0.5,0.0,0.0,18.083333,2.0,0.0,0.0,8.0,0.0,0.0
PERIODIC_ONLY,Q01_RECALL75,CONTROL_FAILURE,LOW,8,48,1.0,10.0,2.0,4.0,0.0,1.0,3.5,0.5,0.0,0.0,29.875,4.0,0.0,0.0,12.0,0.0,0.0
PERIODIC_ONLY,Q01_RECALL75,CONTROL_FAILURE,LOW,12,48,1.0,14.0,2.0,5.0,0.0,1.0,4.5,0.5,0.0,0.0,37.208333,5.0,0.916667,152.625,10.5,0.0,0.0
PERIODIC_ONLY,Q01_RECALL75,POSE_SHIFT,HIGH,4,48,0.5,2.5,5.5,2.0,0.0,1.0,1.5,0.5,0.0,0.0,24.458333,2.0,0.0,0.0,8.0,0.0,0.0
PERIODIC_ONLY,Q01_RECALL75,POSE_SHIFT,HIGH,8,48,0.5,6.5,5.5,4.0,0.0,1.0,3.5,0.5,0.0,0.0,36.875,4.0,0.0,0.0,12.0,0.0,0.0
PERIODIC_ONLY,Q01_RECALL75,POSE_SHIFT,HIGH,12,48,0.833333,13.666667,2.333333,5.0,0.0,1.0,4.166667,0.166667,0.0,0.0,37.0,5.0,0.666667,107.666667,12.0,0.0,0.0
PERIODIC_ONLY,Q01_RECALL75,POSE_SHIFT,LOW,4,48,0.5,2.5,5.5,2.0,0.0,1.0,1.5,0.5,0.0,0.0,24.875,2.0,0.0,0.0,8.0,0.0,0.0
PERIODIC_ONLY,Q01_RECALL75,POSE_SHIFT,LOW,8,48,0.5,6.5,5.5,4.0,0.0,1.0,3.5,0.5,0.0,0.0,37.083333,4.0,0.0,0.0,12.0,0.0,0.0
PERIODIC_ONLY,Q01_RECALL75,POSE_SHIFT,LOW,12,48,0.833333,13.666667,2.333333,5.0,0.0,1.0,4.166667,0.166667,0.0,0.0,37.0,5.0,0.666667,107.666667,12.0,0.0,0.0
PERIODIC_ONLY,Q01_RECALL75,RESTRICTION_CHANGE,HIGH,4,48,0.5,2.5,5.5,2.0,0.0,1.0,1.5,0.5,0.0,0.0,24.666667,2.0,0.0,0.0,8.0,0.0,0.0
PERIODIC_ONLY,Q01_RECALL75,RESTRICTION_CHANGE,HIGH,8,48,0.5,6.5,5.5,4.0,0.0,1.0,3.5,0.5,0.0,0.0,37.083333,4.0,0.0,0.0,12.0,0.0,0.0
PERIODIC_ONLY,Q01_RECALL75,RESTRICTION_CHANGE,HIGH,12,48,0.916667,14.833333,1.166667,5.0,0.0,1.0,4.083333,0.916667,0.0,0.0,35.25,5.0,0.833333,137.083333,11.0,0.0,0.0
PERIODIC_ONLY,Q01_RECALL75,RESTRICTION_CHANGE,LOW,4,48,0.5,2.5,5.5,2.0,0.0,1.0,1.5,0.5,0.0,0.0,25.083333,2.0,0.0,0.0,8.0,0.0,0.0
PERIODIC_ONLY,Q01_RECALL75,RESTRICTION_CHANGE,LOW,8,48,0.5,6.5,5.5,4.0,0.0,1.0,3.5,0.5,0.0,0.0,37.083333,4.0,0.0,0.0,12.0,0.0,0.0
PERIODIC_ONLY,Q01_RECALL75,RESTRICTION_CHANGE,LOW,12,48,0.916667,14.833333,1.166667,5.0,0.0,1.0,4.083333,0.916667,0.0,0.0,35.25,5.0,0.833333,137.083333,11.0,0.0,0.0
PERIODIC_ONLY,Q02_RECALL50,AVAILABILITY_LOSS,HIGH,4,48,0.5,2.5,5.5,2.0,0.0,1.0,1.5,0.5,0.0,0.0,23.416667,2.0,0.0,0.0,8.0,0.0,0.0
PERIODIC_ONLY,Q02_RECALL50,AVAILABILITY_LOSS,HIGH,8,48,0.5,6.5,5.5,4.0,0.0,1.0,3.5,0.5,0.0,0.0,36.458333,4.0,0.0,0.0,12.0,0.0,0.0
PERIODIC_ONLY,Q02_RECALL50,AVAILABILITY_LOSS,HIGH,12,48,0.875,14.25,1.75,5.0,0.0,1.0,4.125,0.875,0.0,0.0,36.125,5.0,0.75,125.625,11.5,0.0,0.0
PERIODIC_ONLY,Q02_RECALL50,AVAILABILITY_LOSS,LOW,4,48,0.5,2.5,5.5,2.0,0.0,1.0,1.5,0.5,0.0,0.0,24.458333,2.0,0.0,0.0,8.0,0.0,0.0
PERIODIC_ONLY,Q02_RECALL50,AVAILABILITY_LOSS,LOW,8,48,0.5,6.5,5.5,4.0,0.0,1.0,3.5,0.5,0.0,0.0,36.458333,4.0,0.0,0.0,12.0,0.0,0.0
PERIODIC_ONLY,Q02_RECALL50,AVAILABILITY_LOSS,LOW,12,48,0.708333,11.916667,4.083333,5.0,0.0,1.0,4.291667,0.708333,0.0,0.0,39.625,5.0,0.416667,69.791667,13.5,0.0,0.0
PERIODIC_ONLY,Q02_RECALL50,CONTROL_FAILURE,HIGH,4,48,1.0,5.0,3.0,2.0,0.0,1.0,1.5,0.5,0.0,0.0,19.25,2.0,0.0,0.0,8.0,0.0,0.0
PERIODIC_ONLY,Q02_RECALL50,CONTROL_FAILURE,HIGH,8,48,1.0,9.5,2.5,4.0,0.0,1.0,3.5,0.5,0.0,0.0,30.25,4.0,0.0,0.0,12.0,0.0,0.0
PERIODIC_ONLY,Q02_RECALL50,CONTROL_FAILURE,HIGH,12,48,1.0,13.0,3.0,5.0,0.0,1.0,4.5,0.5,0.0,0.0,37.458333,5.0,0.416667,69.375,13.5,0.0,0.0
PERIODIC_ONLY,Q02_RECALL50,CONTROL_FAILURE,LOW,4,48,1.0,6.0,2.0,2.0,0.0,1.0,1.5,0.5,0.0,0.0,17.25,2.0,0.0,0.0,8.0,0.0,0.0
PERIODIC_ONLY,Q02_RECALL50,CONTROL_FAILURE,LOW,8,48,1.0,10.0,2.0,4.0,0.0,1.0,3.5,0.5,0.0,0.0,29.875,4.0,0.0,0.0,12.0,0.0,0.0
PERIODIC_ONLY,Q02_RECALL50,CONTROL_FAILURE,LOW,12,48,1.0,14.0,2.0,5.0,0.0,1.0,4.5,0.5,0.0,0.0,36.041667,5.0,0.583333,97.125,12.5,0.0,0.0
PERIODIC_ONLY,Q02_RECALL50,POSE_SHIFT,HIGH,4,48,0.5,2.5,5.5,2.0,0.0,1.0,1.5,0.5,0.0,0.0,24.458333,2.0,0.0,0.0,8.0,0.0,0.0
PERIODIC_ONLY,Q02_RECALL50,POSE_SHIFT,HIGH,8,48,0.5,6.5,5.5,4.0,0.0,1.0,3.5,0.5,0.0,0.0,36.458333,4.0,0.0,0.0,12.0,0.0,0.0
PERIODIC_ONLY,Q02_RECALL50,POSE_SHIFT,HIGH,12,48,0.75,12.5,3.5,5.0,0.0,1.0,4.25,0.25,0.0,0.0,38.75,5.0,0.5,80.75,13.0,0.0,0.0
PERIODIC_ONLY,Q02_RECALL50,POSE_SHIFT,LOW,4,48,0.5,2.5,5.5,2.0,0.0,1.0,1.5,0.5,0.0,0.0,24.458333,2.0,0.0,0.0,8.0,0.0,0.0
PERIODIC_ONLY,Q02_RECALL50,POSE_SHIFT,LOW,8,48,0.5,6.5,5.5,4.0,0.0,1.0,3.5,0.5,0.0,0.0,36.458333,4.0,0.0,0.0,12.0,0.0,0.0
PERIODIC_ONLY,Q02_RECALL50,POSE_SHIFT,LOW,12,48,0.666667,11.333333,4.666667,5.0,0.0,1.0,4.333333,0.333333,0.0,0.0,40.5,5.0,0.333333,53.833333,14.0,0.0,0.0
PERIODIC_ONLY,Q02_RECALL50,RESTRICTION_CHANGE,HIGH,4,48,0.5,2.5,5.5,2.0,0.0,1.0,1.5,0.5,0.0,0.0,24.041667,2.0,0.0,0.0,8.0,0.0,0.0
PERIODIC_ONLY,Q02_RECALL50,RESTRICTION_CHANGE,HIGH,8,48,0.5,6.5,5.5,4.0,0.0,1.0,3.5,0.5,0.0,0.0,36.666667,4.0,0.0,0.0,12.0,0.0,0.0
PERIODIC_ONLY,Q02_RECALL50,RESTRICTION_CHANGE,HIGH,12,48,0.791667,13.083333,2.916667,5.0,0.0,1.0,4.208333,0.791667,0.0,0.0,37.875,5.0,0.583333,95.958333,12.5,0.0,0.0
PERIODIC_ONLY,Q02_RECALL50,RESTRICTION_CHANGE,LOW,4,48,0.5,2.5,5.5,2.0,0.0,1.0,1.5,0.5,0.0,0.0,24.458333,2.0,0.0,0.0,8.0,0.0,0.0
PERIODIC_ONLY,Q02_RECALL50,RESTRICTION_CHANGE,LOW,8,48,0.5,6.5,5.5,4.0,0.0,1.0,3.5,0.5,0.0,0.0,36.458333,4.0,0.0,0.0,12.0,0.0,0.0
PERIODIC_ONLY,Q02_RECALL50,RESTRICTION_CHANGE,LOW,12,48,0.875,14.25,1.75,5.0,0.0,1.0,4.125,0.875,0.0,0.0,36.125,5.0,0.75,123.375,11.5,0.0,0.0
PERIODIC_ONLY,Q03_RECALL25,AVAILABILITY_LOSS,HIGH,4,48,0.5,2.5,5.5,2.0,0.0,1.0,1.5,0.5,0.0,0.0,23.416667,2.0,0.0,0.0,8.0,0.0,0.0
PERIODIC_ONLY,Q03_RECALL25,AVAILABILITY_LOSS,HIGH,8,48,0.5,6.5,5.5,4.0,0.0,1.0,3.5,0.5,0.0,0.0,36.041667,4.0,0.0,0.0,12.0,0.0,0.0
PERIODIC_ONLY,Q03_RECALL25,AVAILABILITY_LOSS,HIGH,12,48,0.791667,13.083333,2.916667,5.0,0.0,1.0,4.208333,0.791667,0.0,0.0,37.875,5.0,0.583333,97.708333,12.5,0.0,0.0
PERIODIC_ONLY,Q03_RECALL25,AVAILABILITY_LOSS,LOW,4,48,0.5,2.5,5.5,2.0,0.0,1.0,1.5,0.5,0.0,0.0,24.041667,2.0,0.0,0.0,8.0,0.0,0.0
PERIODIC_ONLY,Q03_RECALL25,AVAILABILITY_LOSS,LOW,8,48,0.5,6.5,5.5,4.0,0.0,1.0,3.5,0.5,0.0,0.0,35.833333,4.0,0.0,0.0,12.0,0.0,0.0
PERIODIC_ONLY,Q03_RECALL25,AVAILABILITY_LOSS,LOW,12,48,0.625,10.75,5.25,5.0,0.0,1.0,4.375,0.625,0.0,0.0,41.375,5.0,0.25,41.875,14.5,0.0,0.0
PERIODIC_ONLY,Q03_RECALL25,CONTROL_FAILURE,HIGH,4,48,1.0,5.0,3.0,2.0,0.0,1.0,1.5,0.5,0.0,0.0,18.625,2.0,0.0,0.0,8.0,0.0,0.0
PERIODIC_ONLY,Q03_RECALL25,CONTROL_FAILURE,HIGH,8,48,1.0,9.5,2.5,4.0,0.0,1.0,3.5,0.5,0.0,0.0,29.625,4.0,0.0,0.0,12.0,0.0,0.0
PERIODIC_ONLY,Q03_RECALL25,CONTROL_FAILURE,HIGH,12,48,1.0,13.0,3.0,5.0,0.0,1.0,4.5,0.5,0.0,0.0,36.583333,5.0,0.166667,27.75,15.0,0.0,0.0
PERIODIC_ONLY,Q03_RECALL25,CONTROL_FAILURE,LOW,4,48,1.0,6.0,2.0,2.0,0.0,1.0,1.5,0.5,0.0,0.0,16.416667,2.0,0.0,0.0,8.0,0.0,0.0
PERIODIC_ONLY,Q03_RECALL25,CONTROL_FAILURE,LOW,8,48,1.0,10.0,2.0,4.0,0.0,1.0,3.5,0.5,0.0,0.0,29.458333,4.0,0.0,0.0,12.0,0.0,0.0
PERIODIC_ONLY,Q03_RECALL25,CONTROL_FAILURE,LOW,12,48,1.0,14.0,2.0,5.0,0.0,1.0,4.5,0.5,0.0,0.0,34.875,5.0,0.25,41.625,14.5,0.0,0.0
PERIODIC_ONLY,Q03_RECALL25,POSE_SHIFT,HIGH,4,48,0.5,2.5,5.5,2.0,0.0,1.0,1.5,0.5,0.0,0.0,23.208333,2.0,0.0,0.0,8.0,0.0,0.0
PERIODIC_ONLY,Q03_RECALL25,POSE_SHIFT,HIGH,8,48,0.5,6.5,5.5,4.0,0.0,1.0,3.5,0.5,0.0,0.0,36.25,4.0,0.0,0.0,12.0,0.0,0.0
PERIODIC_ONLY,Q03_RECALL25,POSE_SHIFT,HIGH,12,48,0.583333,10.166667,5.833333,5.0,0.0,1.0,4.416667,0.416667,0.0,0.0,42.25,5.0,0.166667,26.916667,15.0,0.0,0.0
PERIODIC_ONLY,Q03_RECALL25,POSE_SHIFT,LOW,4,48,0.5,2.5,5.5,2.0,0.0,1.0,1.5,0.5,0.0,0.0,24.25,2.0,0.0,0.0,8.0,0.0,0.0
PERIODIC_ONLY,Q03_RECALL25,POSE_SHIFT,LOW,8,48,0.5,6.5,5.5,4.0,0.0,1.0,3.5,0.5,0.0,0.0,36.25,4.0,0.0,0.0,12.0,0.0,0.0
PERIODIC_ONLY,Q03_RECALL25,POSE_SHIFT,LOW,12,48,0.666667,11.333333,4.666667,5.0,0.0,1.0,4.333333,0.333333,0.0,0.0,40.5,5.0,0.333333,53.833333,14.0,0.0,0.0
PERIODIC_ONLY,Q03_RECALL25,RESTRICTION_CHANGE,HIGH,4,48,0.5,2.5,5.5,2.0,0.0,1.0,1.5,0.5,0.0,0.0,23.208333,2.0,0.0,0.0,8.0,0.0,0.0
PERIODIC_ONLY,Q03_RECALL25,RESTRICTION_CHANGE,HIGH,8,48,0.5,6.5,5.5,4.0,0.0,1.0,3.5,0.5,0.0,0.0,36.041667,4.0,0.0,0.0,12.0,0.0,0.0
PERIODIC_ONLY,Q03_RECALL25,RESTRICTION_CHANGE,HIGH,12,48,0.625,10.75,5.25,5.0,0.0,1.0,4.375,0.625,0.0,0.0,41.375,5.0,0.25,41.125,14.5,0.0,0.0
PERIODIC_ONLY,Q03_RECALL25,RESTRICTION_CHANGE,LOW,4,48,0.5,2.5,5.5,2.0,0.0,1.0,1.5,0.5,0.0,0.0,23.625,2.0,0.0,0.0,8.0,0.0,0.0
PERIODIC_ONLY,Q03_RECALL25,RESTRICTION_CHANGE,LOW,8,48,0.5,6.5,5.5,4.0,0.0,1.0,3.5,0.5,0.0,0.0,36.041667,4.0,0.0,0.0,12.0,0.0,0.0
PERIODIC_ONLY,Q03_RECALL25,RESTRICTION_CHANGE,LOW,12,48,0.708333,11.916667,4.083333,5.0,0.0,1.0,4.291667,0.708333,0.0,0.0,39.625,5.0,0.416667,68.541667,13.5,0.0,0.0
PERIODIC_ONLY,Q04_DELAY1,AVAILABILITY_LOSS,HIGH,4,48,1.0,7.0,1.0,2.0,0.0,1.0,1.0,1.0,0.0,0.0,17.5,2.0,1.0,167.5,5.0,0.0,0.0
PERIODIC_ONLY,Q04_DELAY1,AVAILABILITY_LOSS,HIGH,8,48,0.5,6.5,5.5,4.0,0.0,1.0,3.5,0.5,0.0,0.0,37.5,4.0,0.0,0.0,12.0,0.0,0.0
PERIODIC_ONLY,Q04_DELAY1,AVAILABILITY_LOSS,HIGH,12,48,0.5,9.0,7.0,5.0,0.0,1.0,4.5,0.5,0.0,0.0,46.5,5.0,0.0,0.0,16.0,0.0,0.0
PERIODIC_ONLY,Q04_DELAY1,AVAILABILITY_LOSS,LOW,4,48,1.0,7.0,1.0,2.0,0.0,1.0,1.0,1.0,0.0,0.0,17.5,2.0,1.0,167.5,5.0,0.0,0.0
PERIODIC_ONLY,Q04_DELAY1,AVAILABILITY_LOSS,LOW,8,48,0.5,6.5,5.5,4.0,0.0,1.0,3.5,0.5,0.0,0.0,37.5,4.0,0.0,0.0,12.0,0.0,0.0
PERIODIC_ONLY,Q04_DELAY1,AVAILABILITY_LOSS,LOW,12,48,0.5,9.0,7.0,5.0,0.0,1.0,4.5,0.5,0.0,0.0,46.5,5.0,0.0,0.0,16.0,0.0,0.0
PERIODIC_ONLY,Q04_DELAY1,CONTROL_FAILURE,HIGH,4,48,1.0,5.0,3.0,2.0,0.0,1.0,1.5,0.5,0.0,0.0,21.5,2.0,1.0,166.5,5.0,0.0,0.0
PERIODIC_ONLY,Q04_DELAY1,CONTROL_FAILURE,HIGH,8,48,1.0,9.5,2.5,4.0,0.0,1.0,3.5,0.5,0.0,0.0,31.5,4.0,0.0,0.0,12.0,0.0,0.0
PERIODIC_ONLY,Q04_DELAY1,CONTROL_FAILURE,HIGH,12,48,1.0,13.0,3.0,5.0,0.0,1.0,4.5,0.5,0.0,0.0,38.5,5.0,0.0,0.0,16.0,0.0,0.0
PERIODIC_ONLY,Q04_DELAY1,CONTROL_FAILURE,LOW,4,48,1.0,6.0,2.0,2.0,0.0,1.0,1.5,0.5,0.0,0.0,19.5,2.0,1.0,166.5,5.0,0.0,0.0
PERIODIC_ONLY,Q04_DELAY1,CONTROL_FAILURE,LOW,8,48,1.0,10.0,2.0,4.0,0.0,1.0,3.5,0.5,0.0,0.0,30.5,4.0,0.0,0.0,12.0,0.0,0.0
PERIODIC_ONLY,Q04_DELAY1,CONTROL_FAILURE,LOW,12,48,1.0,14.0,2.0,5.0,0.0,1.0,4.5,0.5,0.0,0.0,36.5,5.0,0.0,0.0,16.0,0.0,0.0
PERIODIC_ONLY,Q04_DELAY1,POSE_SHIFT,HIGH,4,48,1.0,7.0,1.0,2.0,0.0,1.0,1.0,0.0,0.0,0.0,17.5,2.0,1.0,161.5,5.0,0.0,0.0
PERIODIC_ONLY,Q04_DELAY1,POSE_SHIFT,HIGH,8,48,0.5,6.5,5.5,4.0,0.0,1.0,3.5,0.5,0.0,0.0,37.5,4.0,0.0,0.0,12.0,0.0,0.0
PERIODIC_ONLY,Q04_DELAY1,POSE_SHIFT,HIGH,12,48,0.5,9.0,7.0,5.0,0.0,1.0,4.5,0.5,0.0,0.0,46.5,5.0,0.0,0.0,16.0,0.0,0.0
PERIODIC_ONLY,Q04_DELAY1,POSE_SHIFT,LOW,4,48,1.0,7.0,1.0,2.0,0.0,1.0,1.0,0.0,0.0,0.0,17.5,2.0,1.0,161.5,5.0,0.0,0.0
PERIODIC_ONLY,Q04_DELAY1,POSE_SHIFT,LOW,8,48,0.5,6.5,5.5,4.0,0.0,1.0,3.5,0.5,0.0,0.0,37.5,4.0,0.0,0.0,12.0,0.0,0.0
PERIODIC_ONLY,Q04_DELAY1,POSE_SHIFT,LOW,12,48,0.5,9.0,7.0,5.0,0.0,1.0,4.5,0.5,0.0,0.0,46.5,5.0,0.0,0.0,16.0,0.0,0.0
PERIODIC_ONLY,Q04_DELAY1,RESTRICTION_CHANGE,HIGH,4,48,1.0,7.0,1.0,2.0,0.0,1.0,1.0,1.0,0.0,0.0,17.5,2.0,1.0,164.5,5.0,0.0,0.0
PERIODIC_ONLY,Q04_DELAY1,RESTRICTION_CHANGE,HIGH,8,48,0.5,6.5,5.5,4.0,0.0,1.0,3.5,0.5,0.0,0.0,37.5,4.0,0.0,0.0,12.0,0.0,0.0
PERIODIC_ONLY,Q04_DELAY1,RESTRICTION_CHANGE,HIGH,12,48,0.5,9.0,7.0,5.0,0.0,1.0,4.5,0.5,0.0,0.0,46.5,5.0,0.0,0.0,16.0,0.0,0.0
PERIODIC_ONLY,Q04_DELAY1,RESTRICTION_CHANGE,LOW,4,48,1.0,7.0,1.0,2.0,0.0,1.0,1.0,1.0,0.0,0.0,17.5,2.0,1.0,164.5,5.0,0.0,0.0
PERIODIC_ONLY,Q04_DELAY1,RESTRICTION_CHANGE,LOW,8,48,0.5,6.5,5.5,4.0,0.0,1.0,3.5,0.5,0.0,0.0,37.5,4.0,0.0,0.0,12.0,0.0,0.0
PERIODIC_ONLY,Q04_DELAY1,RESTRICTION_CHANGE,LOW,12,48,0.5,9.0,7.0,5.0,0.0,1.0,4.5,0.5,0.0,0.0,46.5,5.0,0.0,0.0,16.0,0.0,0.0
PERIODIC_ONLY,Q05_DELAY3,AVAILABILITY_LOSS,HIGH,4,48,0.5,2.5,5.5,2.0,0.0,1.0,1.5,0.5,0.0,0.0,25.5,2.0,0.0,0.0,8.0,0.0,0.0
PERIODIC_ONLY,Q05_DELAY3,AVAILABILITY_LOSS,HIGH,8,48,0.5,6.5,5.5,4.0,0.0,1.0,3.5,0.5,0.0,0.0,37.5,4.0,0.0,0.0,12.0,0.0,0.0
PERIODIC_ONLY,Q05_DELAY3,AVAILABILITY_LOSS,HIGH,12,48,1.0,13.0,3.0,5.0,0.0,1.0,4.0,1.0,0.0,0.0,39.5,5.0,1.0,167.5,7.0,0.0,0.0
PERIODIC_ONLY,Q05_DELAY3,AVAILABILITY_LOSS,LOW,4,48,0.5,2.5,5.5,2.0,0.0,1.0,1.5,0.5,0.0,0.0,25.5,2.0,0.0,0.0,8.0,0.0,0.0
PERIODIC_ONLY,Q05_DELAY3,AVAILABILITY_LOSS,LOW,8,48,0.5,6.5,5.5,4.0,0.0,1.0,3.5,0.5,0.0,0.0,37.5,4.0,0.0,0.0,12.0,0.0,0.0
PERIODIC_ONLY,Q05_DELAY3,AVAILABILITY_LOSS,LOW,12,48,1.0,13.0,3.0,5.0,0.0,1.0,4.0,1.0,0.0,0.0,39.5,5.0,1.0,167.5,7.0,0.0,0.0
PERIODIC_ONLY,Q05_DELAY3,CONTROL_FAILURE,HIGH,4,48,1.0,5.0,3.0,2.0,0.0,1.0,1.5,0.5,0.0,0.0,20.5,2.0,0.0,0.0,8.0,0.0,0.0
PERIODIC_ONLY,Q05_DELAY3,CONTROL_FAILURE,HIGH,8,48,1.0,9.5,2.5,4.0,0.0,1.0,3.5,0.5,0.0,0.0,31.5,4.0,0.0,0.0,12.0,0.0,0.0
PERIODIC_ONLY,Q05_DELAY3,CONTROL_FAILURE,HIGH,12,48,1.0,13.0,3.0,5.0,0.0,1.0,4.5,0.5,0.0,0.0,39.5,5.0,1.0,166.5,7.0,0.0,0.0
PERIODIC_ONLY,Q05_DELAY3,CONTROL_FAILURE,LOW,4,48,1.0,6.0,2.0,2.0,0.0,1.0,1.5,0.5,0.0,0.0,18.5,2.0,0.0,0.0,8.0,0.0,0.0
PERIODIC_ONLY,Q05_DELAY3,CONTROL_FAILURE,LOW,8,48,1.0,10.0,2.0,4.0,0.0,1.0,3.5,0.5,0.0,0.0,30.5,4.0,0.0,0.0,12.0,0.0,0.0
PERIODIC_ONLY,Q05_DELAY3,CONTROL_FAILURE,LOW,12,48,1.0,14.0,2.0,5.0,0.0,1.0,4.5,0.5,0.0,0.0,37.5,5.0,1.0,166.5,7.0,0.0,0.0
PERIODIC_ONLY,Q05_DELAY3,POSE_SHIFT,HIGH,4,48,0.5,2.5,5.5,2.0,0.0,1.0,1.5,0.5,0.0,0.0,25.5,2.0,0.0,0.0,8.0,0.0,0.0
PERIODIC_ONLY,Q05_DELAY3,POSE_SHIFT,HIGH,8,48,0.5,6.5,5.5,4.0,0.0,1.0,3.5,0.5,0.0,0.0,37.5,4.0,0.0,0.0,12.0,0.0,0.0
PERIODIC_ONLY,Q05_DELAY3,POSE_SHIFT,HIGH,12,48,1.0,13.0,3.0,5.0,0.0,1.0,4.0,0.5,0.0,0.0,39.5,5.0,1.0,161.5,7.0,0.0,0.0
PERIODIC_ONLY,Q05_DELAY3,POSE_SHIFT,LOW,4,48,0.5,2.5,5.5,2.0,0.0,1.0,1.5,0.5,0.0,0.0,25.5,2.0,0.0,0.0,8.0,0.0,0.0
PERIODIC_ONLY,Q05_DELAY3,POSE_SHIFT,LOW,8,48,0.5,6.5,5.5,4.0,0.0,1.0,3.5,0.5,0.0,0.0,37.5,4.0,0.0,0.0,12.0,0.0,0.0
PERIODIC_ONLY,Q05_DELAY3,POSE_SHIFT,LOW,12,48,1.0,13.0,3.0,5.0,0.0,1.0,4.0,0.5,0.0,0.0,39.5,5.0,1.0,161.5,7.0,0.0,0.0
PERIODIC_ONLY,Q05_DELAY3,RESTRICTION_CHANGE,HIGH,4,48,0.5,2.5,5.5,2.0,0.0,1.0,1.5,0.5,0.0,0.0,25.5,2.0,0.0,0.0,8.0,0.0,0.0
PERIODIC_ONLY,Q05_DELAY3,RESTRICTION_CHANGE,HIGH,8,48,0.5,6.5,5.5,4.0,0.0,1.0,3.5,0.5,0.0,0.0,37.5,4.0,0.0,0.0,12.0,0.0,0.0
PERIODIC_ONLY,Q05_DELAY3,RESTRICTION_CHANGE,HIGH,12,48,1.0,13.0,3.0,5.0,0.0,1.0,4.0,1.0,0.0,0.0,39.5,5.0,1.0,164.5,7.0,0.0,0.0
PERIODIC_ONLY,Q05_DELAY3,RESTRICTION_CHANGE,LOW,4,48,0.5,2.5,5.5,2.0,0.0,1.0,1.5,0.5,0.0,0.0,25.5,2.0,0.0,0.0,8.0,0.0,0.0
PERIODIC_ONLY,Q05_DELAY3,RESTRICTION_CHANGE,LOW,8,48,0.5,6.5,5.5,4.0,0.0,1.0,3.5,0.5,0.0,0.0,37.5,4.0,0.0,0.0,12.0,0.0,0.0
PERIODIC_ONLY,Q05_DELAY3,RESTRICTION_CHANGE,LOW,12,48,1.0,13.0,3.0,5.0,0.0,1.0,4.0,1.0,0.0,0.0,39.5,5.0,1.0,164.5,7.0,0.0,0.0
PERIODIC_ONLY,Q06_FALSE3,AVAILABILITY_LOSS,HIGH,4,48,0.5,2.5,5.5,2.0,0.0,1.0,1.5,0.5,0.0,0.0,34.0,2.0,1.0,166.5,5.0,0.0,0.0
PERIODIC_ONLY,Q06_FALSE3,AVAILABILITY_LOSS,HIGH,8,48,0.5,6.5,5.5,4.0,0.0,1.0,3.5,0.5,0.0,0.0,45.0,4.0,0.0,0.0,12.0,0.0,0.0
PERIODIC_ONLY,Q06_FALSE3,AVAILABILITY_LOSS,HIGH,12,48,1.0,16.0,0.0,5.0,0.0,1.0,4.0,1.0,0.0,0.0,43.0,5.0,3.0,500.5,10.0,0.0,0.0
PERIODIC_ONLY,Q06_FALSE3,AVAILABILITY_LOSS,LOW,4,48,0.5,2.5,5.5,2.0,0.0,1.0,1.5,0.5,0.0,0.0,34.0,2.0,1.0,166.5,5.0,0.0,0.0
PERIODIC_ONLY,Q06_FALSE3,AVAILABILITY_LOSS,LOW,8,48,0.5,6.5,5.5,4.0,0.0,1.0,3.5,0.5,0.0,0.0,45.0,4.0,0.0,0.0,12.0,0.0,0.0
PERIODIC_ONLY,Q06_FALSE3,AVAILABILITY_LOSS,LOW,12,48,1.0,16.0,0.0,5.0,0.0,1.0,4.0,1.0,0.0,0.0,43.0,5.0,3.0,500.5,10.0,0.0,0.0
PERIODIC_ONLY,Q06_FALSE3,CONTROL_FAILURE,HIGH,4,48,1.0,5.0,3.0,2.0,0.0,1.0,1.5,0.5,0.0,0.0,29.0,2.0,1.0,166.5,5.0,0.0,0.0
PERIODIC_ONLY,Q06_FALSE3,CONTROL_FAILURE,HIGH,8,48,1.0,9.5,2.5,4.0,0.0,1.0,3.5,0.5,0.0,0.0,39.0,4.0,0.0,0.0,12.0,0.0,0.0
PERIODIC_ONLY,Q06_FALSE3,CONTROL_FAILURE,HIGH,12,48,1.0,13.0,3.0,5.0,0.0,1.0,4.5,0.5,0.0,0.0,49.0,5.0,3.0,499.5,10.0,0.0,0.0
PERIODIC_ONLY,Q06_FALSE3,CONTROL_FAILURE,LOW,4,48,1.0,6.0,2.0,2.0,0.0,1.0,1.5,0.5,0.0,0.0,27.0,2.0,1.0,166.5,5.0,0.0,0.0
PERIODIC_ONLY,Q06_FALSE3,CONTROL_FAILURE,LOW,8,48,1.0,10.0,2.0,4.0,0.0,1.0,3.5,0.5,0.0,0.0,38.0,4.0,0.0,0.0,12.0,0.0,0.0
PERIODIC_ONLY,Q06_FALSE3,CONTROL_FAILURE,LOW,12,48,1.0,14.0,2.0,5.0,0.0,1.0,4.5,0.5,0.0,0.0,47.0,5.0,3.0,499.5,10.0,0.0,0.0
PERIODIC_ONLY,Q06_FALSE3,POSE_SHIFT,HIGH,4,48,0.5,2.5,5.5,2.0,0.0,1.0,1.5,0.5,0.0,0.0,34.0,2.0,1.0,166.5,5.0,0.0,0.0
PERIODIC_ONLY,Q06_FALSE3,POSE_SHIFT,HIGH,8,48,0.5,6.5,5.5,4.0,0.0,1.0,3.5,0.5,0.0,0.0,45.0,4.0,0.0,0.0,12.0,0.0,0.0
PERIODIC_ONLY,Q06_FALSE3,POSE_SHIFT,HIGH,12,48,1.0,16.0,0.0,5.0,0.0,1.0,4.0,0.0,0.0,0.0,43.0,5.0,3.0,494.5,10.0,0.0,0.0
PERIODIC_ONLY,Q06_FALSE3,POSE_SHIFT,LOW,4,48,0.5,2.5,5.5,2.0,0.0,1.0,1.5,0.5,0.0,0.0,34.0,2.0,1.0,166.5,5.0,0.0,0.0
PERIODIC_ONLY,Q06_FALSE3,POSE_SHIFT,LOW,8,48,0.5,6.5,5.5,4.0,0.0,1.0,3.5,0.5,0.0,0.0,45.0,4.0,0.0,0.0,12.0,0.0,0.0
PERIODIC_ONLY,Q06_FALSE3,POSE_SHIFT,LOW,12,48,1.0,16.0,0.0,5.0,0.0,1.0,4.0,0.0,0.0,0.0,43.0,5.0,3.0,494.5,10.0,0.0,0.0
PERIODIC_ONLY,Q06_FALSE3,RESTRICTION_CHANGE,HIGH,4,48,0.5,2.5,5.5,2.0,0.0,1.0,1.5,0.5,0.0,0.0,34.0,2.0,1.0,166.5,5.0,0.0,0.0
PERIODIC_ONLY,Q06_FALSE3,RESTRICTION_CHANGE,HIGH,8,48,0.5,6.5,5.5,4.0,0.0,1.0,3.5,0.5,0.0,0.0,45.0,4.0,0.0,0.0,12.0,0.0,0.0
PERIODIC_ONLY,Q06_FALSE3,RESTRICTION_CHANGE,HIGH,12,48,1.0,16.0,0.0,5.0,0.0,1.0,4.0,1.0,0.0,0.0,43.0,5.0,3.0,497.5,10.0,0.0,0.0
PERIODIC_ONLY,Q06_FALSE3,RESTRICTION_CHANGE,LOW,4,48,0.5,2.5,5.5,2.0,0.0,1.0,1.5,0.5,0.0,0.0,34.0,2.0,1.0,166.5,5.0,0.0,0.0
PERIODIC_ONLY,Q06_FALSE3,RESTRICTION_CHANGE,LOW,8,48,0.5,6.5,5.5,4.0,0.0,1.0,3.5,0.5,0.0,0.0,45.0,4.0,0.0,0.0,12.0,0.0,0.0
PERIODIC_ONLY,Q06_FALSE3,RESTRICTION_CHANGE,LOW,12,48,1.0,16.0,0.0,5.0,0.0,1.0,4.0,1.0,0.0,0.0,43.0,5.0,3.0,497.5,10.0,0.0,0.0
PERIODIC_ONLY,Q07_DUP_OOO,AVAILABILITY_LOSS,HIGH,4,48,1.0,7.0,1.0,2.0,0.0,1.0,1.0,1.0,0.0,0.0,23.5,2.0,2.0,335.0,5.0,0.0,0.0
PERIODIC_ONLY,Q07_DUP_OOO,AVAILABILITY_LOSS,HIGH,8,48,1.0,10.0,2.0,4.0,0.0,1.0,3.0,1.0,0.0,0.0,36.5,4.0,1.0,167.5,6.0,0.0,0.0
PERIODIC_ONLY,Q07_DUP_OOO,AVAILABILITY_LOSS,HIGH,12,48,0.5,9.0,7.0,5.0,0.0,1.0,4.5,0.5,0.0,0.0,51.5,5.0,0.0,0.0,16.0,0.0,0.0
PERIODIC_ONLY,Q07_DUP_OOO,AVAILABILITY_LOSS,LOW,4,48,1.0,7.0,1.0,2.0,0.0,1.0,1.0,1.0,0.0,0.0,23.5,2.0,2.0,335.0,5.0,0.0,0.0
PERIODIC_ONLY,Q07_DUP_OOO,AVAILABILITY_LOSS,LOW,8,48,1.0,10.0,2.0,4.0,0.0,1.0,3.0,1.0,0.0,0.0,36.5,4.0,1.0,167.5,6.0,0.0,0.0
PERIODIC_ONLY,Q07_DUP_OOO,AVAILABILITY_LOSS,LOW,12,48,0.5,9.0,7.0,5.0,0.0,1.0,4.5,0.5,0.0,0.0,51.5,5.0,0.0,0.0,16.0,0.0,0.0
PERIODIC_ONLY,Q07_DUP_OOO,CONTROL_FAILURE,HIGH,4,48,1.0,5.0,3.0,2.0,0.0,1.0,1.5,0.5,0.0,0.0,27.5,2.0,2.0,333.0,5.0,0.0,0.0
PERIODIC_ONLY,Q07_DUP_OOO,CONTROL_FAILURE,HIGH,8,48,1.0,9.5,2.5,4.0,0.0,1.0,3.5,0.5,0.0,0.0,37.5,4.0,1.0,166.5,6.0,0.0,0.0
PERIODIC_ONLY,Q07_DUP_OOO,CONTROL_FAILURE,HIGH,12,48,1.0,13.0,3.0,5.0,0.0,1.0,4.5,0.5,0.0,0.0,43.5,5.0,0.0,0.0,16.0,0.0,0.0
PERIODIC_ONLY,Q07_DUP_OOO,CONTROL_FAILURE,LOW,4,48,1.0,6.0,2.0,2.0,0.0,1.0,1.5,0.5,0.0,0.0,25.5,2.0,2.0,333.0,5.0,0.0,0.0
PERIODIC_ONLY,Q07_DUP_OOO,CONTROL_FAILURE,LOW,8,48,1.0,10.0,2.0,4.0,0.0,1.0,3.5,0.5,0.0,0.0,36.5,4.0,1.0,166.5,6.0,0.0,0.0
PERIODIC_ONLY,Q07_DUP_OOO,CONTROL_FAILURE,LOW,12,48,1.0,14.0,2.0,5.0,0.0,1.0,4.5,0.5,0.0,0.0,41.5,5.0,0.0,0.0,16.0,0.0,0.0
PERIODIC_ONLY,Q07_DUP_OOO,POSE_SHIFT,HIGH,4,48,1.0,7.0,1.0,2.0,0.0,1.0,1.0,0.0,0.0,0.0,23.5,2.0,2.0,323.0,5.0,0.0,0.0
PERIODIC_ONLY,Q07_DUP_OOO,POSE_SHIFT,HIGH,8,48,1.0,10.0,2.0,4.0,0.0,1.0,3.0,0.5,0.0,0.0,36.5,4.0,1.0,161.5,6.0,0.0,0.0
PERIODIC_ONLY,Q07_DUP_OOO,POSE_SHIFT,HIGH,12,48,0.5,9.0,7.0,5.0,0.0,1.0,4.5,0.5,0.0,0.0,51.5,5.0,0.0,0.0,16.0,0.0,0.0
PERIODIC_ONLY,Q07_DUP_OOO,POSE_SHIFT,LOW,4,48,1.0,7.0,1.0,2.0,0.0,1.0,1.0,0.0,0.0,0.0,23.5,2.0,2.0,323.0,5.0,0.0,0.0
PERIODIC_ONLY,Q07_DUP_OOO,POSE_SHIFT,LOW,8,48,1.0,10.0,2.0,4.0,0.0,1.0,3.0,0.5,0.0,0.0,36.5,4.0,1.0,161.5,6.0,0.0,0.0
PERIODIC_ONLY,Q07_DUP_OOO,POSE_SHIFT,LOW,12,48,0.5,9.0,7.0,5.0,0.0,1.0,4.5,0.5,0.0,0.0,51.5,5.0,0.0,0.0,16.0,0.0,0.0
PERIODIC_ONLY,Q07_DUP_OOO,RESTRICTION_CHANGE,HIGH,4,48,1.0,7.0,1.0,2.0,0.0,1.0,1.0,1.0,0.0,0.0,23.5,2.0,2.0,329.0,5.0,0.0,0.0
PERIODIC_ONLY,Q07_DUP_OOO,RESTRICTION_CHANGE,HIGH,8,48,1.0,10.0,2.0,4.0,0.0,1.0,3.0,1.0,0.0,0.0,36.5,4.0,1.0,164.5,6.0,0.0,0.0
PERIODIC_ONLY,Q07_DUP_OOO,RESTRICTION_CHANGE,HIGH,12,48,0.5,9.0,7.0,5.0,0.0,1.0,4.5,0.5,0.0,0.0,51.5,5.0,0.0,0.0,16.0,0.0,0.0
PERIODIC_ONLY,Q07_DUP_OOO,RESTRICTION_CHANGE,LOW,4,48,1.0,7.0,1.0,2.0,0.0,1.0,1.0,1.0,0.0,0.0,23.5,2.0,2.0,329.0,5.0,0.0,0.0
PERIODIC_ONLY,Q07_DUP_OOO,RESTRICTION_CHANGE,LOW,8,48,1.0,10.0,2.0,4.0,0.0,1.0,3.0,1.0,0.0,0.0,36.5,4.0,1.0,164.5,6.0,0.0,0.0
PERIODIC_ONLY,Q07_DUP_OOO,RESTRICTION_CHANGE,LOW,12,48,0.5,9.0,7.0,5.0,0.0,1.0,4.5,0.5,0.0,0.0,51.5,5.0,0.0,0.0,16.0,0.0,0.0
PERIODIC_ONLY,Q08_GUARDED,AVAILABILITY_LOSS,HIGH,4,48,0.75,4.75,3.25,2.0,0.0,1.0,1.25,0.75,0.0,0.0,24.0,2.0,0.5,83.75,6.5,0.0,0.0
PERIODIC_ONLY,Q08_GUARDED,AVAILABILITY_LOSS,HIGH,8,48,0.875,9.125,2.875,4.0,0.0,1.0,3.125,0.875,0.0,0.0,36.75,4.0,0.75,125.625,7.5,0.0,0.0
PERIODIC_ONLY,Q08_GUARDED,AVAILABILITY_LOSS,HIGH,12,48,0.5,9.0,7.0,5.0,0.0,1.0,4.5,0.5,0.0,0.0,51.666667,5.0,1.0,166.5,10.0,0.0,0.0
PERIODIC_ONLY,Q08_GUARDED,AVAILABILITY_LOSS,LOW,4,48,0.916667,6.25,1.75,2.0,0.0,1.0,1.083333,0.916667,0.0,0.0,23.0,2.0,0.833333,139.583333,5.5,0.0,0.0
PERIODIC_ONLY,Q08_GUARDED,AVAILABILITY_LOSS,LOW,8,48,0.875,9.125,2.875,4.0,0.0,1.0,3.125,0.875,0.0,0.0,36.75,4.0,0.75,125.625,7.5,0.0,0.0
PERIODIC_ONLY,Q08_GUARDED,AVAILABILITY_LOSS,LOW,12,48,0.5,9.0,7.0,5.0,0.0,1.0,4.5,0.5,0.0,0.0,51.25,5.0,1.0,166.5,10.0,0.0,0.0
PERIODIC_ONLY,Q08_GUARDED,CONTROL_FAILURE,HIGH,4,48,1.0,5.0,3.0,2.0,0.0,1.0,1.5,0.5,0.0,0.0,24.0,2.0,0.583333,97.125,6.25,0.0,0.0
PERIODIC_ONLY,Q08_GUARDED,CONTROL_FAILURE,HIGH,8,48,1.0,9.5,2.5,4.0,0.0,1.0,3.5,0.5,0.0,0.0,36.5,4.0,0.833333,138.75,7.0,0.0,0.0
PERIODIC_ONLY,Q08_GUARDED,CONTROL_FAILURE,HIGH,12,48,1.0,13.0,3.0,5.0,0.0,1.0,4.5,0.5,0.0,0.0,43.25,5.0,1.0,166.5,10.0,0.0,0.0
PERIODIC_ONLY,Q08_GUARDED,CONTROL_FAILURE,LOW,4,48,1.0,6.0,2.0,2.0,0.0,1.0,1.5,0.5,0.0,0.0,23.5,2.0,0.833333,138.75,5.5,0.0,0.0
PERIODIC_ONLY,Q08_GUARDED,CONTROL_FAILURE,LOW,8,48,1.0,10.0,2.0,4.0,0.0,1.0,3.5,0.5,0.0,0.0,35.0,4.0,0.75,124.875,7.5,0.0,0.0
PERIODIC_ONLY,Q08_GUARDED,CONTROL_FAILURE,LOW,12,48,1.0,14.0,2.0,5.0,0.0,1.0,4.5,0.5,0.0,0.0,42.083333,5.0,1.0,166.5,10.0,0.0,0.0
PERIODIC_ONLY,Q08_GUARDED,POSE_SHIFT,HIGH,4,48,0.791667,5.125,2.875,2.0,0.0,1.0,1.208333,0.208333,0.0,0.0,23.75,2.0,0.583333,94.208333,6.25,0.0,0.0
PERIODIC_ONLY,Q08_GUARDED,POSE_SHIFT,HIGH,8,48,0.875,9.125,2.875,4.0,0.0,1.0,3.125,0.5,0.0,0.0,36.75,4.0,0.75,121.125,7.5,0.0,0.0
PERIODIC_ONLY,Q08_GUARDED,POSE_SHIFT,HIGH,12,48,0.5,9.0,7.0,5.0,0.0,1.0,4.5,0.5,0.0,0.0,50.833333,5.0,1.0,166.5,10.0,0.0,0.0
PERIODIC_ONLY,Q08_GUARDED,POSE_SHIFT,LOW,4,48,0.875,5.875,2.125,2.0,0.0,1.0,1.125,0.125,0.0,0.0,23.25,2.0,0.75,121.125,5.75,0.0,0.0
PERIODIC_ONLY,Q08_GUARDED,POSE_SHIFT,LOW,8,48,0.916667,9.416667,2.583333,4.0,0.0,1.0,3.083333,0.5,0.0,0.0,36.666667,4.0,0.833333,134.583333,7.0,0.0,0.0
PERIODIC_ONLY,Q08_GUARDED,POSE_SHIFT,LOW,12,48,0.5,9.0,7.0,5.0,0.0,1.0,4.5,0.5,0.0,0.0,50.833333,5.0,1.0,166.5,10.0,0.0,0.0
PERIODIC_ONLY,Q08_GUARDED,RESTRICTION_CHANGE,HIGH,4,48,0.833333,5.5,2.5,2.0,0.0,1.0,1.166667,0.833333,0.0,0.0,23.5,2.0,0.666667,109.666667,6.0,0.0,0.0
PERIODIC_ONLY,Q08_GUARDED,RESTRICTION_CHANGE,HIGH,8,48,0.916667,9.416667,2.583333,4.0,0.0,1.0,3.083333,0.916667,0.0,0.0,36.666667,4.0,0.833333,137.083333,7.0,0.0,0.0
PERIODIC_ONLY,Q08_GUARDED,RESTRICTION_CHANGE,HIGH,12,48,0.5,9.0,7.0,5.0,0.0,1.0,4.5,0.5,0.0,0.0,51.666667,5.0,1.0,166.5,10.0,0.0,0.0
PERIODIC_ONLY,Q08_GUARDED,RESTRICTION_CHANGE,LOW,4,48,0.916667,6.25,1.75,2.0,0.0,1.0,1.083333,0.916667,0.0,0.0,23.0,2.0,0.833333,137.083333,5.5,0.0,0.0
PERIODIC_ONLY,Q08_GUARDED,RESTRICTION_CHANGE,LOW,8,48,0.916667,9.416667,2.583333,4.0,0.0,1.0,3.083333,0.916667,0.0,0.0,36.666667,4.0,0.833333,137.083333,7.0,0.0,0.0
PERIODIC_ONLY,Q08_GUARDED,RESTRICTION_CHANGE,LOW,12,48,0.5,9.0,7.0,5.0,0.0,1.0,4.5,0.5,0.0,0.0,51.666667,5.0,1.0,166.5,10.0,0.0,0.0
PERIODIC_ONLY,Q09_HOSTILE,AVAILABILITY_LOSS,HIGH,4,48,0.0,1.0,7.0,1.0,0.0,1.0,1.0,0.0,0.0,0.0,29.75,1.0,1.0,166.5,5.0,0.0,0.0
PERIODIC_ONLY,Q09_HOSTILE,AVAILABILITY_LOSS,HIGH,8,48,0.0,5.0,7.0,2.0,0.0,1.0,1.5,0.5,0.0,0.0,37.875,2.0,0.0,0.0,12.0,0.0,0.0
PERIODIC_ONLY,Q09_HOSTILE,AVAILABILITY_LOSS,HIGH,12,48,0.875,12.0,4.0,3.0,0.0,1.0,2.125,0.875,0.0,0.0,40.625,3.0,1.5,251.25,9.25,0.0,0.0
PERIODIC_ONLY,Q09_HOSTILE,AVAILABILITY_LOSS,LOW,4,48,0.0,1.0,7.0,1.0,0.0,1.0,1.0,0.0,0.0,0.0,32.875,1.0,1.0,166.5,5.0,0.0,0.0
PERIODIC_ONLY,Q09_HOSTILE,AVAILABILITY_LOSS,LOW,8,48,0.0,5.0,7.0,2.0,0.0,1.0,1.5,0.5,0.0,0.0,37.875,2.0,0.0,0.0,12.0,0.0,0.0
PERIODIC_ONLY,Q09_HOSTILE,AVAILABILITY_LOSS,LOW,12,48,0.708333,10.666667,5.333333,3.0,0.0,1.0,2.291667,0.708333,0.0,0.0,40.125,3.0,0.833333,139.583333,12.25,0.0,0.0
PERIODIC_ONLY,Q09_HOSTILE,CONTROL_FAILURE,HIGH,4,48,1.0,5.0,3.0,1.0,0.0,1.0,1.0,0.0,0.0,0.0,24.25,1.0,1.0,166.5,5.0,0.0,0.0
PERIODIC_ONLY,Q09_HOSTILE,CONTROL_FAILURE,HIGH,8,48,1.0,9.0,3.0,2.0,0.0,1.0,1.5,0.5,0.0,0.0,29.25,2.0,0.0,0.0,12.0,0.0,0.0
PERIODIC_ONLY,Q09_HOSTILE,CONTROL_FAILURE,HIGH,12,48,1.0,13.0,3.0,3.0,0.0,1.0,2.5,0.5,0.0,0.0,35.458333,3.0,0.833333,138.75,12.25,0.0,0.0
PERIODIC_ONLY,Q09_HOSTILE,CONTROL_FAILURE,LOW,4,48,1.0,6.0,2.0,1.0,0.0,1.0,1.0,0.0,0.0,0.0,22.25,1.0,1.0,166.5,5.0,0.0,0.0
PERIODIC_ONLY,Q09_HOSTILE,CONTROL_FAILURE,LOW,8,48,1.0,10.0,2.0,2.0,0.0,1.0,1.5,0.5,0.0,0.0,29.125,2.0,0.0,0.0,12.0,0.0,0.0
PERIODIC_ONLY,Q09_HOSTILE,CONTROL_FAILURE,LOW,12,48,1.0,14.0,2.0,3.0,0.0,1.0,2.5,0.5,0.0,0.0,35.041667,3.0,1.166667,194.25,10.75,0.0,0.0
PERIODIC_ONLY,Q09_HOSTILE,POSE_SHIFT,HIGH,4,48,0.0,1.0,7.0,1.0,0.0,1.0,1.0,0.0,0.0,0.0,32.875,1.0,1.0,166.5,5.0,0.0,0.0
PERIODIC_ONLY,Q09_HOSTILE,POSE_SHIFT,HIGH,8,48,0.0,5.0,7.0,2.0,0.0,1.0,1.5,0.5,0.0,0.0,37.875,2.0,0.0,0.0,12.0,0.0,0.0
PERIODIC_ONLY,Q09_HOSTILE,POSE_SHIFT,HIGH,12,48,0.75,11.0,5.0,3.0,0.0,1.0,2.25,0.5,0.0,0.0,40.25,3.0,1.0,161.5,11.5,0.0,0.0
PERIODIC_ONLY,Q09_HOSTILE,POSE_SHIFT,LOW,4,48,0.0,1.0,7.0,1.0,0.0,1.0,1.0,0.0,0.0,0.0,32.875,1.0,1.0,166.5,5.0,0.0,0.0
PERIODIC_ONLY,Q09_HOSTILE,POSE_SHIFT,LOW,8,48,0.0,5.0,7.0,2.0,0.0,1.0,1.5,0.5,0.0,0.0,37.875,2.0,0.0,0.0,12.0,0.0,0.0
PERIODIC_ONLY,Q09_HOSTILE,POSE_SHIFT,LOW,12,48,0.666667,10.333333,5.666667,3.0,0.0,1.0,2.333333,0.5,0.0,0.0,40.0,3.0,0.666667,107.666667,13.0,0.0,0.0
PERIODIC_ONLY,Q09_HOSTILE,RESTRICTION_CHANGE,HIGH,4,48,0.0,1.0,7.0,1.0,0.0,1.0,1.0,0.0,0.0,0.0,31.625,1.0,1.0,166.5,5.0,0.0,0.0
PERIODIC_ONLY,Q09_HOSTILE,RESTRICTION_CHANGE,HIGH,8,48,0.0,5.0,7.0,2.0,0.0,1.0,1.5,0.5,0.0,0.0,38.5,2.0,0.0,0.0,12.0,0.0,0.0
PERIODIC_ONLY,Q09_HOSTILE,RESTRICTION_CHANGE,HIGH,12,48,0.791667,11.333333,4.666667,3.0,0.0,1.0,2.208333,0.791667,0.0,0.0,40.375,3.0,1.166667,191.916667,10.75,0.0,0.0
PERIODIC_ONLY,Q09_HOSTILE,RESTRICTION_CHANGE,LOW,4,48,0.0,1.0,7.0,1.0,0.0,1.0,1.0,0.0,0.0,0.0,32.875,1.0,1.0,166.5,5.0,0.0,0.0
PERIODIC_ONLY,Q09_HOSTILE,RESTRICTION_CHANGE,LOW,8,48,0.0,5.0,7.0,2.0,0.0,1.0,1.5,0.5,0.0,0.0,37.875,2.0,0.0,0.0,12.0,0.0,0.0
PERIODIC_ONLY,Q09_HOSTILE,RESTRICTION_CHANGE,LOW,12,48,0.875,12.0,4.0,3.0,0.0,1.0,2.125,0.875,0.0,0.0,40.625,3.0,1.5,246.75,9.25,0.0,0.0
