run,seed,mission,case_sha256,event_stratum,event_count,event_types_json,event_payloads_json,history_present,history_event_count,instruction,case_source_path
a,80,INSPECT_NEAREST_COOLANT,f8d169ab5ef18c97682aad01abccdeb785a79594298b4c6e766f2cdfbad6888b,INSTRUCTION_CHANGED,1,"[""INSTRUCTION_CHANGED""]","[""AVOID_ROOM:ElectricalRoom""]",true,1,Inspect the nearest coolant valve without entering a restricted room.,results/indicative-twin-hierarchy-a/raw/cases.jsonl
a,80,INSPECT_VALVE7_WITH_ALTERNATE,1c621a3b5f1cd765041998618c5eefedb8bae8841a00c316c29e163185d6b821,INSTRUCTION_CHANGED,1,"[""INSTRUCTION_CHANGED""]","[""AVOID_ROOM:ElectricalRoom""]",true,1,"Inspect Valve 7; if Door 3 is unavailable, use another route.",results/indicative-twin-hierarchy-a/raw/cases.jsonl
a,80,REACH_PUMP2_WITH_RECHARGE,23d23019f08fc2b4dc1bddf71a09e57e6310d8e81e31c6617c082aa66bf4b928,INSTRUCTION_CHANGED,1,"[""INSTRUCTION_CHANGED""]","[""AVOID_ROOM:ElectricalRoom""]",false,0,"Reach Pump 2, but recharge first if estimated battery is insufficient.",results/indicative-twin-hierarchy-a/raw/cases.jsonl
a,80,REPLAN_ON_RESTRICTION,78c0356b3bb6ca60b55d65aeae3f68f93b0b9f38287a7b351ff8e7d2b0ffc159,INSTRUCTION_CHANGED+ROOM_RESTRICTED+ROUTE_BLOCKED,3,"[""ROUTE_BLOCKED"",""INSTRUCTION_CHANGED"",""ROOM_RESTRICTED""]","[""UNAVAILABLE"",""AVOID_ROOM:ElectricalRoom"",""RESTRICTED""]",true,1,Inspect Valve 7 and replan if a room becomes restricted.,results/indicative-twin-hierarchy-a/raw/cases.jsonl
a,80,STORE_CARRIED_TOOL,96b80570d9acbe5d50c4c19d80e4726c45d40615d0616507203bf5f1e2e359e3,INSTRUCTION_CHANGED,1,"[""INSTRUCTION_CHANGED""]","[""AVOID_ROOM:ElectricalRoom""]",false,0,Find a safe location for the carried tool.,results/indicative-twin-hierarchy-a/raw/cases.jsonl
a,81,INSPECT_NEAREST_COOLANT,5e5f575ea07a123e20acb26e6d5390aeaa7cf4d0065903bf512c2928eb9e0220,NONE,0,[],[],true,2,Safely inspect the nearest coolant valve without entering a restricted room.,results/indicative-twin-hierarchy-a/raw/cases.jsonl
a,81,INSPECT_VALVE7_WITH_ALTERNATE,263fd620587bf8f788c734cb9dcc34ce2554b715bc6adbda677397013288af93,NONE,0,[],[],false,0,"Safely inspect Valve 7; if Door 3 is unavailable, use another route.",results/indicative-twin-hierarchy-a/raw/cases.jsonl
a,81,REACH_PUMP2_WITH_RECHARGE,49b433e9746bac9fe37e28e1f790edbf3fd34d4d2edd6b45ffa6bb0d2fa60e20,NONE,0,[],[],true,1,"Reach Pump 2, but recharge first if estimated battery is insufficient.",results/indicative-twin-hierarchy-a/raw/cases.jsonl
a,81,REPLAN_ON_RESTRICTION,dacf0d6509a989767dddac2934abca9a757962259e90be7605883ab310f89f6d,ROOM_RESTRICTED,1,"[""ROOM_RESTRICTED""]","[""RESTRICTED""]",true,2,Safely inspect Valve 7 and replan if a room becomes restricted.,results/indicative-twin-hierarchy-a/raw/cases.jsonl
a,81,STORE_CARRIED_TOOL,6d227536bcb44508df96548c221135ae6408f886528ce6a26cd47f5c4d918f9a,NONE,0,[],[],true,2,Find a safe location for the carried tool.,results/indicative-twin-hierarchy-a/raw/cases.jsonl
a,82,INSPECT_NEAREST_COOLANT,5aacfa8c9dc7d33e09363556cef7e53fe397aa40f2c396c97b76572396c09c43,NONE,0,[],[],true,1,Inspect the nearest coolant valve without entering a restricted room.,results/indicative-twin-hierarchy-a/raw/cases.jsonl
a,82,INSPECT_VALVE7_WITH_ALTERNATE,d63e2b6b319d75e0206bc3f4f597afd61a8d807e90c4d94527cf4760eea206b1,NONE,0,[],[],false,0,"Inspect Valve 7; if Door 3 is unavailable, use another route.",results/indicative-twin-hierarchy-a/raw/cases.jsonl
a,82,REACH_PUMP2_WITH_RECHARGE,199aafd2f0e5e7af1dce4fc54fe29923acdf4bdf054f3d1a44e47dd45ad805fe,ROUTE_BLOCKED,1,"[""ROUTE_BLOCKED""]","[""UNAVAILABLE""]",true,1,"Reach Pump 2, but recharge first if estimated battery is insufficient.",results/indicative-twin-hierarchy-a/raw/cases.jsonl
a,82,REPLAN_ON_RESTRICTION,0fecd6f57de28a23b60b3c6025906ab692f57dcf6aedf385f890cc48e8a86879,ROOM_RESTRICTED+ROUTE_BLOCKED,2,"[""ROUTE_BLOCKED"",""ROOM_RESTRICTED""]","[""UNAVAILABLE"",""RESTRICTED""]",false,0,Inspect Valve 7 and replan if a room becomes restricted.,results/indicative-twin-hierarchy-a/raw/cases.jsonl
a,82,STORE_CARRIED_TOOL,2d2782ee8239f292adc1a00e376e84a391d6c40d238e0dff9ffc110bf02b4c83,NONE,0,[],[],true,1,Find a safe location for the carried tool.,results/indicative-twin-hierarchy-a/raw/cases.jsonl
a,83,INSPECT_NEAREST_COOLANT,66c7caffcea9e7a140ff1030d860974f3a6de24dc14cfa9ad01eca5af87dae4b,ROUTE_BLOCKED,1,"[""ROUTE_BLOCKED""]","[""UNAVAILABLE""]",true,1,Safely inspect the nearest coolant valve without entering a restricted room.,results/indicative-twin-hierarchy-a/raw/cases.jsonl
a,83,INSPECT_VALVE7_WITH_ALTERNATE,e65c526df3d8d6ee0ad5d5167353919f7691244174abbb945c40cd4b2f64c26e,NONE,0,[],[],false,0,"Safely inspect Valve 7; if Door 3 is unavailable, use another route.",results/indicative-twin-hierarchy-a/raw/cases.jsonl
a,83,REACH_PUMP2_WITH_RECHARGE,1b255bcf15a792d35c0da28036d09c7d14b63ef5447bc605b622c90dcb0adbd1,NONE,0,[],[],true,1,"Reach Pump 2, but recharge first if estimated battery is insufficient.",results/indicative-twin-hierarchy-a/raw/cases.jsonl
a,83,REPLAN_ON_RESTRICTION,a47a44736fb94e596252a2c925fcc192c235d891eb953ed4ed27c6118c6d2523,ROOM_RESTRICTED+ROUTE_BLOCKED,2,"[""ROUTE_BLOCKED"",""ROOM_RESTRICTED""]","[""UNAVAILABLE"",""RESTRICTED""]",true,1,Safely inspect Valve 7 and replan if a room becomes restricted.,results/indicative-twin-hierarchy-a/raw/cases.jsonl
a,83,STORE_CARRIED_TOOL,68740211f7e07f11d34c8a54aa2cb33205d98dae9a708168cd4f8e82c6746e2b,NONE,0,[],[],true,1,Find a safe location for the carried tool.,results/indicative-twin-hierarchy-a/raw/cases.jsonl
a,84,INSPECT_NEAREST_COOLANT,a8b6ff83d6f688c1b9c0eba869119a09ac1d6bc4b72dc6c33517cf005475aea6,NONE,0,[],[],true,2,Inspect the nearest coolant valve without entering a restricted room.,results/indicative-twin-hierarchy-a/raw/cases.jsonl
a,84,INSPECT_VALVE7_WITH_ALTERNATE,081458ee0013b5988d7e60a602276884cfa9e6606eff0ca64e99625a2c7c3a1d,NONE,0,[],[],true,2,"Inspect Valve 7; if Door 3 is unavailable, use another route.",results/indicative-twin-hierarchy-a/raw/cases.jsonl
a,84,REACH_PUMP2_WITH_RECHARGE,c56394ae5369702140b390388af59e7bcc88cfcce82d39af7114e0b7302e56de,NONE,0,[],[],true,1,"Reach Pump 2, but recharge first if estimated battery is insufficient.",results/indicative-twin-hierarchy-a/raw/cases.jsonl
a,84,REPLAN_ON_RESTRICTION,a6da83635ad7a457f979efd6ac80d576307761ed141118efe103ea35bba0f4b3,ROOM_RESTRICTED,1,"[""ROOM_RESTRICTED""]","[""RESTRICTED""]",true,2,Inspect Valve 7 and replan if a room becomes restricted.,results/indicative-twin-hierarchy-a/raw/cases.jsonl
a,84,STORE_CARRIED_TOOL,fd9662c3cb8b35ff4527e7a5512fe4be4b46cf56f6c26ccaba977003966aaa36,NONE,0,[],[],true,2,Find a safe location for the carried tool.,results/indicative-twin-hierarchy-a/raw/cases.jsonl
a,85,INSPECT_NEAREST_COOLANT,7fe4ec950d5a4bf205e09a200bd0014a17fbf8abad41e00f24049423c08f6887,INSTRUCTION_CHANGED,1,"[""INSTRUCTION_CHANGED""]","[""AVOID_ROOM:ElectricalRoom""]",true,1,Safely inspect the nearest coolant valve without entering a restricted room.,results/indicative-twin-hierarchy-a/raw/cases.jsonl
a,85,INSPECT_VALVE7_WITH_ALTERNATE,1033b9a98e9de18cd75a63233163328a6be0eacc62dd945e6698c1d7f5291273,INSTRUCTION_CHANGED,1,"[""INSTRUCTION_CHANGED""]","[""AVOID_ROOM:ElectricalRoom""]",false,0,"Safely inspect Valve 7; if Door 3 is unavailable, use another route.",results/indicative-twin-hierarchy-a/raw/cases.jsonl
a,85,REACH_PUMP2_WITH_RECHARGE,78dcc8865f3b813e7fa1946758a8bd0cf2fecf2219d1f1572ac6553d22d4af1f,INSTRUCTION_CHANGED,1,"[""INSTRUCTION_CHANGED""]","[""AVOID_ROOM:ElectricalRoom""]",false,0,"Reach Pump 2, but recharge first if estimated battery is insufficient.",results/indicative-twin-hierarchy-a/raw/cases.jsonl
a,85,REPLAN_ON_RESTRICTION,d7f2ab56e46c41289bd1a142a689748ccd2e285198adde85c5b4e327b7705bf4,INSTRUCTION_CHANGED+ROOM_RESTRICTED,2,"[""INSTRUCTION_CHANGED"",""ROOM_RESTRICTED""]","[""AVOID_ROOM:ElectricalRoom"",""RESTRICTED""]",true,1,Safely inspect Valve 7 and replan if a room becomes restricted.,results/indicative-twin-hierarchy-a/raw/cases.jsonl
a,85,STORE_CARRIED_TOOL,51b53cc239a2876641f618e8b345181c78b799d22c006bb8fb6f56b6359cf237,INSTRUCTION_CHANGED,1,"[""INSTRUCTION_CHANGED""]","[""AVOID_ROOM:ElectricalRoom""]",false,0,Find a safe location for the carried tool.,results/indicative-twin-hierarchy-a/raw/cases.jsonl
a,86,INSPECT_NEAREST_COOLANT,676b6e5c4d49a21ffa9c8b6b71b896734eb0e6b4910fe5ef65874345ab6c6d5c,NONE,0,[],[],true,1,Inspect the nearest coolant valve without entering a restricted room.,results/indicative-twin-hierarchy-a/raw/cases.jsonl
a,86,INSPECT_VALVE7_WITH_ALTERNATE,ca5e54d498454da66c51fd8e7aac92985669c87a32b3b89db05b95de56a7185a,NONE,0,[],[],true,1,"Inspect Valve 7; if Door 3 is unavailable, use another route.",results/indicative-twin-hierarchy-a/raw/cases.jsonl
a,86,REACH_PUMP2_WITH_RECHARGE,d8a6a9c88a87f4920e7ad30f756a6b918f185e9cc6baf3a4c3a08165eece04fd,NONE,0,[],[],true,1,"Reach Pump 2, but recharge first if estimated battery is insufficient.",results/indicative-twin-hierarchy-a/raw/cases.jsonl
a,86,REPLAN_ON_RESTRICTION,4ad6e8d3473428063df6c6583870d99b5b0156913458f549445c9268c612fc5e,ROOM_RESTRICTED,1,"[""ROOM_RESTRICTED""]","[""RESTRICTED""]",false,0,Inspect Valve 7 and replan if a room becomes restricted.,results/indicative-twin-hierarchy-a/raw/cases.jsonl
a,86,STORE_CARRIED_TOOL,685a692dd93934fdb568fe76e5e29765d74d99f4dcbd3a19d7a0f36052a1071f,NONE,0,[],[],false,0,Find a safe location for the carried tool.,results/indicative-twin-hierarchy-a/raw/cases.jsonl
a,87,INSPECT_NEAREST_COOLANT,c4939a647a5c5aa1c627e8f4d8c4268cee021dd6616b627c50e9694b53940225,NONE,0,[],[],true,1,Safely inspect the nearest coolant valve without entering a restricted room.,results/indicative-twin-hierarchy-a/raw/cases.jsonl
a,87,INSPECT_VALVE7_WITH_ALTERNATE,4badc443e795bf495a15f092700819511175e04120981310166892cc04bd4192,NONE,0,[],[],false,0,"Safely inspect Valve 7; if Door 3 is unavailable, use another route.",results/indicative-twin-hierarchy-a/raw/cases.jsonl
a,87,REACH_PUMP2_WITH_RECHARGE,7738337d2390da15df574248745d94027eaa96e4409a43b186d2b0b9a0d57296,NONE,0,[],[],true,2,"Reach Pump 2, but recharge first if estimated battery is insufficient.",results/indicative-twin-hierarchy-a/raw/cases.jsonl
a,87,REPLAN_ON_RESTRICTION,225490af992dba2a1878e4325a339eb51c86a4383f2baaaa54d8dc9fb88fcd22,ROOM_RESTRICTED+ROUTE_BLOCKED,2,"[""ROUTE_BLOCKED"",""ROOM_RESTRICTED""]","[""UNAVAILABLE"",""RESTRICTED""]",false,0,Safely inspect Valve 7 and replan if a room becomes restricted.,results/indicative-twin-hierarchy-a/raw/cases.jsonl
a,87,STORE_CARRIED_TOOL,889b457125b8425891a5957055e89404ae7812534c549ba23e1efe4195215406,NONE,0,[],[],false,0,Find a safe location for the carried tool.,results/indicative-twin-hierarchy-a/raw/cases.jsonl
a,88,INSPECT_NEAREST_COOLANT,b54fb5dd2b1e27483b3050c980af7108311b1f86eeafeddc8c3e3ddffd10958e,NONE,0,[],[],true,1,Inspect the nearest coolant valve without entering a restricted room.,results/indicative-twin-hierarchy-a/raw/cases.jsonl
a,88,INSPECT_VALVE7_WITH_ALTERNATE,c37f54031d87a3372f05fc79dc45edabce7501649ed69bc678327d91f10bbf15,NONE,0,[],[],true,1,"Inspect Valve 7; if Door 3 is unavailable, use another route.",results/indicative-twin-hierarchy-a/raw/cases.jsonl
a,88,REACH_PUMP2_WITH_RECHARGE,7229397f50d1d26f1645328bfa1e8e2fcf421ded570eac475dad1028b6bd4e5f,NONE,0,[],[],true,1,"Reach Pump 2, but recharge first if estimated battery is insufficient.",results/indicative-twin-hierarchy-a/raw/cases.jsonl
a,88,REPLAN_ON_RESTRICTION,bea8886154400bd50df18a84797451b6de67509d706e78de9f25b4b60c2d8b4f,ROOM_RESTRICTED,1,"[""ROOM_RESTRICTED""]","[""RESTRICTED""]",false,0,Inspect Valve 7 and replan if a room becomes restricted.,results/indicative-twin-hierarchy-a/raw/cases.jsonl
a,88,STORE_CARRIED_TOOL,1f119a9c0b0a85c7e6664da0db69670412105f426c5acfbc05e3ad1ec0facdba,NONE,0,[],[],true,1,Find a safe location for the carried tool.,results/indicative-twin-hierarchy-a/raw/cases.jsonl
a,89,INSPECT_NEAREST_COOLANT,b1c60c55ad6f1ea7cada9b5891f18dc475588857bb38b6d8b13d5a7d4750d9ac,ROUTE_BLOCKED,1,"[""ROUTE_BLOCKED""]","[""UNAVAILABLE""]",false,0,Safely inspect the nearest coolant valve without entering a restricted room.,results/indicative-twin-hierarchy-a/raw/cases.jsonl
a,89,INSPECT_VALVE7_WITH_ALTERNATE,a4159405abdc19c357c540322cf8bbea4e881101997bdfb645f35263c58dde7a,NONE,0,[],[],false,0,"Safely inspect Valve 7; if Door 3 is unavailable, use another route.",results/indicative-twin-hierarchy-a/raw/cases.jsonl
a,89,REACH_PUMP2_WITH_RECHARGE,755b167d20c935edba67ed0082f42d584c95e386e6c07a00e9e5e28154300053,NONE,0,[],[],true,1,"Reach Pump 2, but recharge first if estimated battery is insufficient.",results/indicative-twin-hierarchy-a/raw/cases.jsonl
a,89,REPLAN_ON_RESTRICTION,5499309d31fe01e6248033f7c56a35022bca0afb3270710147eb4a8e2beefe5d,ROOM_RESTRICTED+ROUTE_BLOCKED,2,"[""ROUTE_BLOCKED"",""ROOM_RESTRICTED""]","[""UNAVAILABLE"",""RESTRICTED""]",false,0,Safely inspect Valve 7 and replan if a room becomes restricted.,results/indicative-twin-hierarchy-a/raw/cases.jsonl
a,89,STORE_CARRIED_TOOL,a40f7b5a715b7a936c81e3a8e68b7c72a06aeb397a7b5817a8a1925a990d162f,NONE,0,[],[],false,0,Find a safe location for the carried tool.,results/indicative-twin-hierarchy-a/raw/cases.jsonl
a,90,INSPECT_NEAREST_COOLANT,c27bc36cc9c21f1d06da90190b3e6efdcc5142acfb00f9cc55a11950a86c310b,INSTRUCTION_CHANGED,1,"[""INSTRUCTION_CHANGED""]","[""AVOID_ROOM:ElectricalRoom""]",true,1,Inspect the nearest coolant valve without entering a restricted room.,results/indicative-twin-hierarchy-a/raw/cases.jsonl
a,90,INSPECT_VALVE7_WITH_ALTERNATE,c00eb36aaa090e3e2aad1f4eb0ef519733dfb2429aa3ff9ed8e7618321fdac35,INSTRUCTION_CHANGED,1,"[""INSTRUCTION_CHANGED""]","[""AVOID_ROOM:ElectricalRoom""]",true,1,"Inspect Valve 7; if Door 3 is unavailable, use another route.",results/indicative-twin-hierarchy-a/raw/cases.jsonl
a,90,REACH_PUMP2_WITH_RECHARGE,5f172fe785f84af017e43c10eca51f1ddf6661b283767d4a795c13fe64f00e63,INSTRUCTION_CHANGED,1,"[""INSTRUCTION_CHANGED""]","[""AVOID_ROOM:ElectricalRoom""]",true,1,"Reach Pump 2, but recharge first if estimated battery is insufficient.",results/indicative-twin-hierarchy-a/raw/cases.jsonl
a,90,REPLAN_ON_RESTRICTION,0a0b41edbd7994f7129a2e0293ad1878572af564758c7183b231fa3d9c776541,INSTRUCTION_CHANGED+ROOM_RESTRICTED,2,"[""INSTRUCTION_CHANGED"",""ROOM_RESTRICTED""]","[""AVOID_ROOM:ElectricalRoom"",""RESTRICTED""]",true,2,Inspect Valve 7 and replan if a room becomes restricted.,results/indicative-twin-hierarchy-a/raw/cases.jsonl
a,90,STORE_CARRIED_TOOL,2b9c0da0a57c010ee1e59e53dd4ddc3d9f7d8e1b4add6bc4c2539f3daca428d3,INSTRUCTION_CHANGED,1,"[""INSTRUCTION_CHANGED""]","[""AVOID_ROOM:ElectricalRoom""]",true,1,Find a safe location for the carried tool.,results/indicative-twin-hierarchy-a/raw/cases.jsonl
a,91,INSPECT_NEAREST_COOLANT,01654afc06a540d0782b5aaded88b71ffe7a5f7107af3dd4a669f120d59e95ac,ROUTE_BLOCKED,1,"[""ROUTE_BLOCKED""]","[""UNAVAILABLE""]",true,1,Safely inspect the nearest coolant valve without entering a restricted room.,results/indicative-twin-hierarchy-a/raw/cases.jsonl
a,91,INSPECT_VALVE7_WITH_ALTERNATE,d28d2381cb986504b50d8f9b007bf8ff2c2f91fecfd72af1be7701fbfb1fe072,NONE,0,[],[],true,1,"Safely inspect Valve 7; if Door 3 is unavailable, use another route.",results/indicative-twin-hierarchy-a/raw/cases.jsonl
a,91,REACH_PUMP2_WITH_RECHARGE,df1047702bb93891a01bc297b11711a75d6463119930bd26054e2ec51d444f96,ROUTE_BLOCKED,1,"[""ROUTE_BLOCKED""]","[""UNAVAILABLE""]",true,1,"Reach Pump 2, but recharge first if estimated battery is insufficient.",results/indicative-twin-hierarchy-a/raw/cases.jsonl
a,91,REPLAN_ON_RESTRICTION,b0b972e21060134ab280209a8b36768ed0215f5e528282cbf1c993cbcf71286e,ROOM_RESTRICTED,1,"[""ROOM_RESTRICTED""]","[""RESTRICTED""]",true,1,Safely inspect Valve 7 and replan if a room becomes restricted.,results/indicative-twin-hierarchy-a/raw/cases.jsonl
a,91,STORE_CARRIED_TOOL,cd82a1c56097d9f514c546fc03820aa34efc24ccc6fe5e71011cd39554fd007b,NONE,0,[],[],false,0,Find a safe location for the carried tool.,results/indicative-twin-hierarchy-a/raw/cases.jsonl
a,92,INSPECT_NEAREST_COOLANT,f2c0e0c3a6c7fa8526dd62ace6579f4d95210663d118f12c042378064c64be7d,NONE,0,[],[],true,1,Inspect the nearest coolant valve without entering a restricted room.,results/indicative-twin-hierarchy-a/raw/cases.jsonl
a,92,INSPECT_VALVE7_WITH_ALTERNATE,27bea4b78dffabaa62fae606fc7eb1c36c7a5705fe6c46c756158ce9bb209d20,NONE,0,[],[],false,0,"Inspect Valve 7; if Door 3 is unavailable, use another route.",results/indicative-twin-hierarchy-a/raw/cases.jsonl
a,92,REACH_PUMP2_WITH_RECHARGE,cf5bb688726523260268e85030055bf4d55506c907a377594aeb54f90888a2cb,NONE,0,[],[],true,1,"Reach Pump 2, but recharge first if estimated battery is insufficient.",results/indicative-twin-hierarchy-a/raw/cases.jsonl
a,92,REPLAN_ON_RESTRICTION,88ba214b6b53f74c91c2da7126f0f8e7fc8c0fc4a75a7673ec7b0eff519bb4f2,ROOM_RESTRICTED,1,"[""ROOM_RESTRICTED""]","[""RESTRICTED""]",false,0,Inspect Valve 7 and replan if a room becomes restricted.,results/indicative-twin-hierarchy-a/raw/cases.jsonl
a,92,STORE_CARRIED_TOOL,ef9dfd44e1e3f89a2ab380d5014625f970bf6634b641ccfe4628cacc74a8aa5f,NONE,0,[],[],true,1,Find a safe location for the carried tool.,results/indicative-twin-hierarchy-a/raw/cases.jsonl
a,93,INSPECT_NEAREST_COOLANT,482d84df77c44907473a305d7a48bb7b0e062745a37113c8140275b7e089c2db,ROUTE_BLOCKED,1,"[""ROUTE_BLOCKED""]","[""UNAVAILABLE""]",true,1,Safely inspect the nearest coolant valve without entering a restricted room.,results/indicative-twin-hierarchy-a/raw/cases.jsonl
a,93,INSPECT_VALVE7_WITH_ALTERNATE,4f3d5b3b98ac269705074e9c9234d332405870f73b54a01df82644f1938a940f,ROUTE_BLOCKED,1,"[""ROUTE_BLOCKED""]","[""UNAVAILABLE""]",true,1,"Safely inspect Valve 7; if Door 3 is unavailable, use another route.",results/indicative-twin-hierarchy-a/raw/cases.jsonl
a,93,REACH_PUMP2_WITH_RECHARGE,8da881ae73afd46e74702beea1e84e012f2c99d262a8a567f0cab8005c7b30c6,NONE,0,[],[],true,1,"Reach Pump 2, but recharge first if estimated battery is insufficient.",results/indicative-twin-hierarchy-a/raw/cases.jsonl
a,93,REPLAN_ON_RESTRICTION,d69c59c433a4b5978f8c93aecd71e51925566de07d6b808221bf6bd16b301c85,ROOM_RESTRICTED,1,"[""ROOM_RESTRICTED""]","[""RESTRICTED""]",true,1,Safely inspect Valve 7 and replan if a room becomes restricted.,results/indicative-twin-hierarchy-a/raw/cases.jsonl
a,93,STORE_CARRIED_TOOL,a38ea3fbf7f6a1e312840c48583086ec6eb48794324001ef9373d994a6257fe3,NONE,0,[],[],false,0,Find a safe location for the carried tool.,results/indicative-twin-hierarchy-a/raw/cases.jsonl
a,94,INSPECT_NEAREST_COOLANT,5ade033aeb138cb59102283556f7e215acf450859957a1faae8a0cc83d8a14cd,ROUTE_BLOCKED,1,"[""ROUTE_BLOCKED""]","[""UNAVAILABLE""]",true,1,Inspect the nearest coolant valve without entering a restricted room.,results/indicative-twin-hierarchy-a/raw/cases.jsonl
a,94,INSPECT_VALVE7_WITH_ALTERNATE,1c8620c1d85d23d3bd24ca4a830497a9e2d80463a6ad04b55efeee218deecb43,ROUTE_BLOCKED,1,"[""ROUTE_BLOCKED""]","[""UNAVAILABLE""]",true,1,"Inspect Valve 7; if Door 3 is unavailable, use another route.",results/indicative-twin-hierarchy-a/raw/cases.jsonl
a,94,REACH_PUMP2_WITH_RECHARGE,95f24be32d12c4f211f4984ad4b74ab2700a1074af2f9b352841a4235978a929,NONE,0,[],[],true,1,"Reach Pump 2, but recharge first if estimated battery is insufficient.",results/indicative-twin-hierarchy-a/raw/cases.jsonl
a,94,REPLAN_ON_RESTRICTION,c4ab949cad56663e151469fcc85db0d287f54a0a8b0bd73cf7e4dca243552cad,ROOM_RESTRICTED,1,"[""ROOM_RESTRICTED""]","[""RESTRICTED""]",false,0,Inspect Valve 7 and replan if a room becomes restricted.,results/indicative-twin-hierarchy-a/raw/cases.jsonl
a,94,STORE_CARRIED_TOOL,95399dc3a612a26c8d61b8bd2b10b61277bf55e28014db1a89fac18fa80b00ac,NONE,0,[],[],false,0,Find a safe location for the carried tool.,results/indicative-twin-hierarchy-a/raw/cases.jsonl
a,95,INSPECT_NEAREST_COOLANT,4e7b8fa7c9a711e971303a6b87f87b139d519eb6fbb1185603226a8e6f548ea3,INSTRUCTION_CHANGED+ROUTE_BLOCKED,2,"[""ROUTE_BLOCKED"",""INSTRUCTION_CHANGED""]","[""UNAVAILABLE"",""AVOID_ROOM:ElectricalRoom""]",false,0,Safely inspect the nearest coolant valve without entering a restricted room.,results/indicative-twin-hierarchy-a/raw/cases.jsonl
a,95,INSPECT_VALVE7_WITH_ALTERNATE,acef1fa31926dbd62be3838c758d0d72192c53ae3964ff193ddf2d1a9effdea1,INSTRUCTION_CHANGED,1,"[""INSTRUCTION_CHANGED""]","[""AVOID_ROOM:ElectricalRoom""]",false,0,"Safely inspect Valve 7; if Door 3 is unavailable, use another route.",results/indicative-twin-hierarchy-a/raw/cases.jsonl
a,95,REACH_PUMP2_WITH_RECHARGE,f0b7c5eca3fd0140de838d1b54d570b5bf5f49f53c8d6162162c7028fd904bfc,INSTRUCTION_CHANGED,1,"[""INSTRUCTION_CHANGED""]","[""AVOID_ROOM:ElectricalRoom""]",true,1,"Reach Pump 2, but recharge first if estimated battery is insufficient.",results/indicative-twin-hierarchy-a/raw/cases.jsonl
a,95,REPLAN_ON_RESTRICTION,c36f47f753320b087bb8e739666cbb582faa1358e931f17fb2622dc4c01b67f7,INSTRUCTION_CHANGED+ROOM_RESTRICTED,2,"[""INSTRUCTION_CHANGED"",""ROOM_RESTRICTED""]","[""AVOID_ROOM:ElectricalRoom"",""RESTRICTED""]",false,0,Safely inspect Valve 7 and replan if a room becomes restricted.,results/indicative-twin-hierarchy-a/raw/cases.jsonl
a,95,STORE_CARRIED_TOOL,513080e093cccc0f1670a3ecb6acce9de57f491e6623c095e28dd691d3ae2a45,INSTRUCTION_CHANGED,1,"[""INSTRUCTION_CHANGED""]","[""AVOID_ROOM:ElectricalRoom""]",false,0,Find a safe location for the carried tool.,results/indicative-twin-hierarchy-a/raw/cases.jsonl
a,96,INSPECT_NEAREST_COOLANT,b514d77610649c105d6fbdb29815407beeef26cc714b12679f389edbc40497c0,ROUTE_BLOCKED,1,"[""ROUTE_BLOCKED""]","[""UNAVAILABLE""]",true,1,Inspect the nearest coolant valve without entering a restricted room.,results/indicative-twin-hierarchy-a/raw/cases.jsonl
a,96,INSPECT_VALVE7_WITH_ALTERNATE,febf2bea33bab78abc3804b07341cf353681148b65b0adb2d84ec66539f6c660,ROUTE_BLOCKED,1,"[""ROUTE_BLOCKED""]","[""UNAVAILABLE""]",true,1,"Inspect Valve 7; if Door 3 is unavailable, use another route.",results/indicative-twin-hierarchy-a/raw/cases.jsonl
a,96,REACH_PUMP2_WITH_RECHARGE,412471aa2f4f76f1d9c7c4a6d940f3662c6b9e266d84672c3d905b1d1cad2867,ROUTE_BLOCKED,1,"[""ROUTE_BLOCKED""]","[""UNAVAILABLE""]",true,1,"Reach Pump 2, but recharge first if estimated battery is insufficient.",results/indicative-twin-hierarchy-a/raw/cases.jsonl
a,96,REPLAN_ON_RESTRICTION,bdff7417940f03d328ab5ce7cc4c12b6479742bbcb8c4cda0d9b4443bb8ab536,ROOM_RESTRICTED,1,"[""ROOM_RESTRICTED""]","[""RESTRICTED""]",true,1,Inspect Valve 7 and replan if a room becomes restricted.,results/indicative-twin-hierarchy-a/raw/cases.jsonl
a,96,STORE_CARRIED_TOOL,44f8f7a9f70e181ac3c510528b8b0b427dff829710630c6eebe7950b55a7ba22,NONE,0,[],[],false,0,Find a safe location for the carried tool.,results/indicative-twin-hierarchy-a/raw/cases.jsonl
a,97,INSPECT_NEAREST_COOLANT,0f385df2802267cfaf1c66e556b1ae8529d9a704e623181fd2af0a82cb128ed6,ROUTE_BLOCKED,1,"[""ROUTE_BLOCKED""]","[""UNAVAILABLE""]",false,0,Safely inspect the nearest coolant valve without entering a restricted room.,results/indicative-twin-hierarchy-a/raw/cases.jsonl
a,97,INSPECT_VALVE7_WITH_ALTERNATE,752eca22762842c7187ad85153cb78114e33d347afa517309e46bab57e9ed9ef,NONE,0,[],[],true,1,"Safely inspect Valve 7; if Door 3 is unavailable, use another route.",results/indicative-twin-hierarchy-a/raw/cases.jsonl
a,97,REACH_PUMP2_WITH_RECHARGE,cca5bbcda609e96541935a7f530a2b6a75c6d59bd36bfe8e7fa062b5f8c51eca,ROUTE_BLOCKED,1,"[""ROUTE_BLOCKED""]","[""UNAVAILABLE""]",false,0,"Reach Pump 2, but recharge first if estimated battery is insufficient.",results/indicative-twin-hierarchy-a/raw/cases.jsonl
a,97,REPLAN_ON_RESTRICTION,b9f5e4fd6200f55da89832fc89d02902055c272cafaffa0456ac9ea580dc52fe,ROOM_RESTRICTED,1,"[""ROOM_RESTRICTED""]","[""RESTRICTED""]",true,1,Safely inspect Valve 7 and replan if a room becomes restricted.,results/indicative-twin-hierarchy-a/raw/cases.jsonl
a,97,STORE_CARRIED_TOOL,c4715357ee84d8f2cdcf19146d682d9c19325b5123c87ad3caf384b6c71bd91f,NONE,0,[],[],false,0,Find a safe location for the carried tool.,results/indicative-twin-hierarchy-a/raw/cases.jsonl
a,98,INSPECT_NEAREST_COOLANT,e2130a680c4fd04667211bf99ead177cd6280352ee57dcb3816790e0754232e7,ROUTE_BLOCKED,1,"[""ROUTE_BLOCKED""]","[""UNAVAILABLE""]",false,0,Inspect the nearest coolant valve without entering a restricted room.,results/indicative-twin-hierarchy-a/raw/cases.jsonl
a,98,INSPECT_VALVE7_WITH_ALTERNATE,2d462a348de7c2ce1883f0c66cfdaf9c6dbf2970adde4861e9eed0f06ac915ed,NONE,0,[],[],true,1,"Inspect Valve 7; if Door 3 is unavailable, use another route.",results/indicative-twin-hierarchy-a/raw/cases.jsonl
a,98,REACH_PUMP2_WITH_RECHARGE,9de695eb859972b8358020784278ebc013af0293bd73e17ec693c7fef4bad630,NONE,0,[],[],true,1,"Reach Pump 2, but recharge first if estimated battery is insufficient.",results/indicative-twin-hierarchy-a/raw/cases.jsonl
a,98,REPLAN_ON_RESTRICTION,78c5f4829303197e1324d3b48d497a470d9d6ae4f93abae9098456cced622bdc,ROOM_RESTRICTED+ROUTE_BLOCKED,2,"[""ROUTE_BLOCKED"",""ROOM_RESTRICTED""]","[""UNAVAILABLE"",""RESTRICTED""]",true,1,Inspect Valve 7 and replan if a room becomes restricted.,results/indicative-twin-hierarchy-a/raw/cases.jsonl
a,98,STORE_CARRIED_TOOL,92e4dc78cf90354a29d1e02d60fab394dc43fb70ea202bcf6fa696f2dada6f34,ROUTE_BLOCKED,1,"[""ROUTE_BLOCKED""]","[""UNAVAILABLE""]",true,1,Find a safe location for the carried tool.,results/indicative-twin-hierarchy-a/raw/cases.jsonl
a,99,INSPECT_NEAREST_COOLANT,ad935d915f0f6cad165a0d8c8ca4948d94d68891cdb45dac99b739b0779a8690,NONE,0,[],[],true,1,Safely inspect the nearest coolant valve without entering a restricted room.,results/indicative-twin-hierarchy-a/raw/cases.jsonl
a,99,INSPECT_VALVE7_WITH_ALTERNATE,711e9b9078c511e9308766485d87506f234288e6bfac02f24d7c131d73667cee,NONE,0,[],[],true,2,"Safely inspect Valve 7; if Door 3 is unavailable, use another route.",results/indicative-twin-hierarchy-a/raw/cases.jsonl
a,99,REACH_PUMP2_WITH_RECHARGE,09bfc0b0bbbc08288d79bdc071a9cdf9b73ebd76a2508a4be51398a6361b47da,ROUTE_BLOCKED,1,"[""ROUTE_BLOCKED""]","[""UNAVAILABLE""]",false,0,"Reach Pump 2, but recharge first if estimated battery is insufficient.",results/indicative-twin-hierarchy-a/raw/cases.jsonl
a,99,REPLAN_ON_RESTRICTION,9bf11ab9a5c8356701a3445f230e693bd8656aede9f0a6ad459970229233b173,ROOM_RESTRICTED+ROUTE_BLOCKED,2,"[""ROUTE_BLOCKED"",""ROOM_RESTRICTED""]","[""UNAVAILABLE"",""RESTRICTED""]",false,0,Safely inspect Valve 7 and replan if a room becomes restricted.,results/indicative-twin-hierarchy-a/raw/cases.jsonl
a,99,STORE_CARRIED_TOOL,2b0438f00debb277dc8fee6cea60320732e802da722e4dfc8fa90ff0ab84a2b2,NONE,0,[],[],true,1,Find a safe location for the carried tool.,results/indicative-twin-hierarchy-a/raw/cases.jsonl
a,100,INSPECT_NEAREST_COOLANT,cef055f311d8b8a3b77c7eaa21a40bac7aa3553a25234bfa3f54d5829773471d,INSTRUCTION_CHANGED,1,"[""INSTRUCTION_CHANGED""]","[""AVOID_ROOM:ElectricalRoom""]",false,0,Inspect the nearest coolant valve without entering a restricted room.,results/indicative-twin-hierarchy-a/raw/cases.jsonl
a,100,INSPECT_VALVE7_WITH_ALTERNATE,1a927ccec0a08fab00a418af8067d27c111b19acf6488cd0cdbecd2c2bcb78e7,INSTRUCTION_CHANGED,1,"[""INSTRUCTION_CHANGED""]","[""AVOID_ROOM:ElectricalRoom""]",true,1,"Inspect Valve 7; if Door 3 is unavailable, use another route.",results/indicative-twin-hierarchy-a/raw/cases.jsonl
a,100,REACH_PUMP2_WITH_RECHARGE,0215c5a67aaf22b92bf2d3ecfcdddbfd2671e7a9214688d1c641ec5d1e02d900,INSTRUCTION_CHANGED+ROUTE_BLOCKED,2,"[""ROUTE_BLOCKED"",""INSTRUCTION_CHANGED""]","[""UNAVAILABLE"",""AVOID_ROOM:ElectricalRoom""]",true,1,"Reach Pump 2, but recharge first if estimated battery is insufficient.",results/indicative-twin-hierarchy-a/raw/cases.jsonl
a,100,REPLAN_ON_RESTRICTION,527810f41a0d1d33c30faf16a0c48640662442753d2a7bdd30e2f53bf76da840,INSTRUCTION_CHANGED+ROOM_RESTRICTED,2,"[""INSTRUCTION_CHANGED"",""ROOM_RESTRICTED""]","[""AVOID_ROOM:ElectricalRoom"",""RESTRICTED""]",false,0,Inspect Valve 7 and replan if a room becomes restricted.,results/indicative-twin-hierarchy-a/raw/cases.jsonl
a,100,STORE_CARRIED_TOOL,599709a65ac8b57e237d129996cc9f238d929ab259447c8bb80ad1b1a937b49b,INSTRUCTION_CHANGED+ROUTE_BLOCKED,2,"[""ROUTE_BLOCKED"",""INSTRUCTION_CHANGED""]","[""UNAVAILABLE"",""AVOID_ROOM:ElectricalRoom""]",false,0,Find a safe location for the carried tool.,results/indicative-twin-hierarchy-a/raw/cases.jsonl
a,101,INSPECT_NEAREST_COOLANT,9dab9bbb26c69a6cea17f7cde2196597efc9c51b1a28e0a662e8fc4969318a02,ROUTE_BLOCKED,1,"[""ROUTE_BLOCKED""]","[""UNAVAILABLE""]",false,0,Safely inspect the nearest coolant valve without entering a restricted room.,results/indicative-twin-hierarchy-a/raw/cases.jsonl
a,101,INSPECT_VALVE7_WITH_ALTERNATE,54b3397ca0a10fcf0e785f4cd7dc332a44c214ca297724a4711e3aa7542185b1,NONE,0,[],[],false,0,"Safely inspect Valve 7; if Door 3 is unavailable, use another route.",results/indicative-twin-hierarchy-a/raw/cases.jsonl
a,101,REACH_PUMP2_WITH_RECHARGE,34fa6ee7ee8d1ed18d0ed46619d949fdefc32b9758f27bc53fbfb0e1191f1aad,NONE,0,[],[],true,1,"Reach Pump 2, but recharge first if estimated battery is insufficient.",results/indicative-twin-hierarchy-a/raw/cases.jsonl
a,101,REPLAN_ON_RESTRICTION,108d1471320a592e87a181b702ab86146d3778ea7df4a5ee4e640afc7281b1d8,ROOM_RESTRICTED+ROUTE_BLOCKED,2,"[""ROUTE_BLOCKED"",""ROOM_RESTRICTED""]","[""UNAVAILABLE"",""RESTRICTED""]",false,0,Safely inspect Valve 7 and replan if a room becomes restricted.,results/indicative-twin-hierarchy-a/raw/cases.jsonl
a,101,STORE_CARRIED_TOOL,5a8367cc0dc49994d7bf082c7343a1c6b2548c4c4efdb4dba7165d9e943c9739,ROUTE_BLOCKED,1,"[""ROUTE_BLOCKED""]","[""UNAVAILABLE""]",true,1,Find a safe location for the carried tool.,results/indicative-twin-hierarchy-a/raw/cases.jsonl
a,102,INSPECT_NEAREST_COOLANT,b63fc908158de4112587755ec0747b21aae70b02e005f374d40b28f6bce89a79,NONE,0,[],[],true,1,Inspect the nearest coolant valve without entering a restricted room.,results/indicative-twin-hierarchy-a/raw/cases.jsonl
a,102,INSPECT_VALVE7_WITH_ALTERNATE,f4472ae0558b164737e286d78a0199919f3aafbc046d8e599152253e15d0c4aa,NONE,0,[],[],true,1,"Inspect Valve 7; if Door 3 is unavailable, use another route.",results/indicative-twin-hierarchy-a/raw/cases.jsonl
a,102,REACH_PUMP2_WITH_RECHARGE,677f2688dbd02fe30319e3628bc3d3bb57900dfb627e267dc1b82718227d569e,ROUTE_BLOCKED,1,"[""ROUTE_BLOCKED""]","[""UNAVAILABLE""]",true,1,"Reach Pump 2, but recharge first if estimated battery is insufficient.",results/indicative-twin-hierarchy-a/raw/cases.jsonl
a,102,REPLAN_ON_RESTRICTION,0018b0615784946dea2648ba7a095d4ba565eb8fbda5abddd83f9a82c984d93f,ROOM_RESTRICTED+ROUTE_BLOCKED,2,"[""ROUTE_BLOCKED"",""ROOM_RESTRICTED""]","[""UNAVAILABLE"",""RESTRICTED""]",false,0,Inspect Valve 7 and replan if a room becomes restricted.,results/indicative-twin-hierarchy-a/raw/cases.jsonl
a,102,STORE_CARRIED_TOOL,f7c898bbcdd746a52a67df08233380422af3b85436b9068b0bde5e7816f6397d,NONE,0,[],[],false,0,Find a safe location for the carried tool.,results/indicative-twin-hierarchy-a/raw/cases.jsonl
a,103,INSPECT_NEAREST_COOLANT,e52091c7b1f0a12d475c4d2226d977dc669d2acd611378832df076d128fa7e9b,ROUTE_BLOCKED,1,"[""ROUTE_BLOCKED""]","[""UNAVAILABLE""]",false,0,Safely inspect the nearest coolant valve without entering a restricted room.,results/indicative-twin-hierarchy-a/raw/cases.jsonl
a,103,INSPECT_VALVE7_WITH_ALTERNATE,308672cfe9592b89acc0b67f8b422c14d880a49c53e1a2efdb58b27a308c983d,NONE,0,[],[],false,0,"Safely inspect Valve 7; if Door 3 is unavailable, use another route.",results/indicative-twin-hierarchy-a/raw/cases.jsonl
a,103,REACH_PUMP2_WITH_RECHARGE,5788efd2c2cbbafa31926ec8f1a2eb872242ecd6750aabcf47a1c7144c228f1e,NONE,0,[],[],false,0,"Reach Pump 2, but recharge first if estimated battery is insufficient.",results/indicative-twin-hierarchy-a/raw/cases.jsonl
a,103,REPLAN_ON_RESTRICTION,3d2d06effbffd17d4cd5cac3fc84714fb004e25aab8979f79fff7274cbd61e8b,ROOM_RESTRICTED,1,"[""ROOM_RESTRICTED""]","[""RESTRICTED""]",true,1,Safely inspect Valve 7 and replan if a room becomes restricted.,results/indicative-twin-hierarchy-a/raw/cases.jsonl
a,103,STORE_CARRIED_TOOL,0c2efad286040df28f176f367dcf77dcac5cdafad021e8ed3a00b1f0a2988f72,NONE,0,[],[],true,1,Find a safe location for the carried tool.,results/indicative-twin-hierarchy-a/raw/cases.jsonl
a,104,INSPECT_NEAREST_COOLANT,a9af43461cbb9cd45b9a2eb96c7e969e2994346df8b3417e09b1c7c865a21553,NONE,0,[],[],false,0,Inspect the nearest coolant valve without entering a restricted room.,results/indicative-twin-hierarchy-a/raw/cases.jsonl
a,104,INSPECT_VALVE7_WITH_ALTERNATE,35be36944ebf886c322b6efcab08221d9f0c08ca4db7f0afac66f93dcbfae56d,NONE,0,[],[],true,1,"Inspect Valve 7; if Door 3 is unavailable, use another route.",results/indicative-twin-hierarchy-a/raw/cases.jsonl
a,104,REACH_PUMP2_WITH_RECHARGE,01ba6d0a93d597fdd612d8ee6d17e36de74348f650a38bc21d8704826e252263,NONE,0,[],[],true,1,"Reach Pump 2, but recharge first if estimated battery is insufficient.",results/indicative-twin-hierarchy-a/raw/cases.jsonl
a,104,REPLAN_ON_RESTRICTION,668b4a41b927df602c225e09f81ab608d74a6db10e3635b3a2d0ab9b5dd9d531,ROOM_RESTRICTED,1,"[""ROOM_RESTRICTED""]","[""RESTRICTED""]",false,0,Inspect Valve 7 and replan if a room becomes restricted.,results/indicative-twin-hierarchy-a/raw/cases.jsonl
a,104,STORE_CARRIED_TOOL,9bac58ec53cc9f9a51c025633aca88e5cecbe7bc8c4b07b735e03142b066e245,NONE,0,[],[],true,1,Find a safe location for the carried tool.,results/indicative-twin-hierarchy-a/raw/cases.jsonl
a,105,INSPECT_NEAREST_COOLANT,c19e308e4324ca871bd641ef36255c7c830adf24ba4b3c1d2d6ad354a5303f08,INSTRUCTION_CHANGED,1,"[""INSTRUCTION_CHANGED""]","[""AVOID_ROOM:ElectricalRoom""]",true,1,Safely inspect the nearest coolant valve without entering a restricted room.,results/indicative-twin-hierarchy-a/raw/cases.jsonl
a,105,INSPECT_VALVE7_WITH_ALTERNATE,04241e6ad7ee0abe4e34c268704203c6d095e4f293da689b22a3f28268295141,INSTRUCTION_CHANGED+ROUTE_BLOCKED,2,"[""ROUTE_BLOCKED"",""INSTRUCTION_CHANGED""]","[""UNAVAILABLE"",""AVOID_ROOM:ElectricalRoom""]",true,2,"Safely inspect Valve 7; if Door 3 is unavailable, use another route.",results/indicative-twin-hierarchy-a/raw/cases.jsonl
a,105,REACH_PUMP2_WITH_RECHARGE,4b463c1cb4addeabbb690eb3a3bb741b6a1de0f517cef2a1d58996e2fbdba0ef,INSTRUCTION_CHANGED,1,"[""INSTRUCTION_CHANGED""]","[""AVOID_ROOM:ElectricalRoom""]",false,0,"Reach Pump 2, but recharge first if estimated battery is insufficient.",results/indicative-twin-hierarchy-a/raw/cases.jsonl
a,105,REPLAN_ON_RESTRICTION,4ba232a77b6c0031f267f958270c86ebb9df9e4ac8ac7847bb6253c949d88c6e,INSTRUCTION_CHANGED+ROOM_RESTRICTED+ROUTE_BLOCKED,3,"[""ROUTE_BLOCKED"",""INSTRUCTION_CHANGED"",""ROOM_RESTRICTED""]","[""UNAVAILABLE"",""AVOID_ROOM:ElectricalRoom"",""RESTRICTED""]",true,1,Safely inspect Valve 7 and replan if a room becomes restricted.,results/indicative-twin-hierarchy-a/raw/cases.jsonl
a,105,STORE_CARRIED_TOOL,cb288509765ed6998457851b6c2b218cc769af26ecc8b4ac9f29d49c0d021fdf,INSTRUCTION_CHANGED,1,"[""INSTRUCTION_CHANGED""]","[""AVOID_ROOM:ElectricalRoom""]",true,1,Find a safe location for the carried tool.,results/indicative-twin-hierarchy-a/raw/cases.jsonl
a,106,INSPECT_NEAREST_COOLANT,b8b7f31ea0430199dd43ad9e0e357aacf821293352a8bcc317f606b0ea4604fd,ROUTE_BLOCKED,1,"[""ROUTE_BLOCKED""]","[""UNAVAILABLE""]",true,1,Inspect the nearest coolant valve without entering a restricted room.,results/indicative-twin-hierarchy-a/raw/cases.jsonl
a,106,INSPECT_VALVE7_WITH_ALTERNATE,798a22fb4cfd8d9193b29fea6ceca28a44d14ba0462a5199bf02fdbdd40f86ba,NONE,0,[],[],true,1,"Inspect Valve 7; if Door 3 is unavailable, use another route.",results/indicative-twin-hierarchy-a/raw/cases.jsonl
a,106,REACH_PUMP2_WITH_RECHARGE,3303f294f48ca4d0720945bc91549c8950a430e6ebcb8b40bb485f54d7369003,NONE,0,[],[],true,1,"Reach Pump 2, but recharge first if estimated battery is insufficient.",results/indicative-twin-hierarchy-a/raw/cases.jsonl
a,106,REPLAN_ON_RESTRICTION,01a0c42b89b0262a67dc61f045d230e25fbf544028516db326e9a0cc981b5846,ROOM_RESTRICTED,1,"[""ROOM_RESTRICTED""]","[""RESTRICTED""]",true,1,Inspect Valve 7 and replan if a room becomes restricted.,results/indicative-twin-hierarchy-a/raw/cases.jsonl
a,106,STORE_CARRIED_TOOL,7b9a1601a70a64eef5d705759d2ab15a790342bd24547ef335bc543f5ac5040e,NONE,0,[],[],true,1,Find a safe location for the carried tool.,results/indicative-twin-hierarchy-a/raw/cases.jsonl
a,107,INSPECT_NEAREST_COOLANT,a10f4d67246d96a662c94eb1e62014c3996fe7460a983dd06f7d6905a26bfa06,NONE,0,[],[],false,0,Safely inspect the nearest coolant valve without entering a restricted room.,results/indicative-twin-hierarchy-a/raw/cases.jsonl
a,107,INSPECT_VALVE7_WITH_ALTERNATE,cd379ec9fb31cef3afe56ec43e68ddf9db9ffe30993f4505052bc399962adcbc,NONE,0,[],[],true,1,"Safely inspect Valve 7; if Door 3 is unavailable, use another route.",results/indicative-twin-hierarchy-a/raw/cases.jsonl
a,107,REACH_PUMP2_WITH_RECHARGE,23edb3dddb67a1be2988fa6da7f30020523f7a853bb7e43754e06942d27d2600,ROUTE_BLOCKED,1,"[""ROUTE_BLOCKED""]","[""UNAVAILABLE""]",false,0,"Reach Pump 2, but recharge first if estimated battery is insufficient.",results/indicative-twin-hierarchy-a/raw/cases.jsonl
a,107,REPLAN_ON_RESTRICTION,b9e4b5e0b0d7340323bb0ab2e9e76e8bba6732f9d40df19527d2a97983d26c7e,ROOM_RESTRICTED,1,"[""ROOM_RESTRICTED""]","[""RESTRICTED""]",false,0,Safely inspect Valve 7 and replan if a room becomes restricted.,results/indicative-twin-hierarchy-a/raw/cases.jsonl
a,107,STORE_CARRIED_TOOL,afb5a1b9c26a8a604f2ca9333b3ef70e2f76ff7d775e804e0897b078ce10b856,NONE,0,[],[],true,1,Find a safe location for the carried tool.,results/indicative-twin-hierarchy-a/raw/cases.jsonl
a,108,INSPECT_NEAREST_COOLANT,67b644b55deaa486b4b7eb6aec45da483a8e3d89d6e548f1b6fb174b2637e7f0,NONE,0,[],[],true,1,Inspect the nearest coolant valve without entering a restricted room.,results/indicative-twin-hierarchy-a/raw/cases.jsonl
a,108,INSPECT_VALVE7_WITH_ALTERNATE,f63b6fd758ed824c8498d4ebdd934d65cd9c85967376e6fac1a67936f956be3e,NONE,0,[],[],true,1,"Inspect Valve 7; if Door 3 is unavailable, use another route.",results/indicative-twin-hierarchy-a/raw/cases.jsonl
a,108,REACH_PUMP2_WITH_RECHARGE,2c8da8ec40c3cb005b0bbf056c4c39d8c105e350505a0495064c9e9a422d65c3,NONE,0,[],[],false,0,"Reach Pump 2, but recharge first if estimated battery is insufficient.",results/indicative-twin-hierarchy-a/raw/cases.jsonl
a,108,REPLAN_ON_RESTRICTION,741140c38894c6a309314dd603bda0a7e4f7aefa6790d3585ae41cd589133dec,ROOM_RESTRICTED,1,"[""ROOM_RESTRICTED""]","[""RESTRICTED""]",false,0,Inspect Valve 7 and replan if a room becomes restricted.,results/indicative-twin-hierarchy-a/raw/cases.jsonl
a,108,STORE_CARRIED_TOOL,632886606863a24b5c17cdfb17d8716d192f2fbd17a631aa2df5946d92421ebb,NONE,0,[],[],false,0,Find a safe location for the carried tool.,results/indicative-twin-hierarchy-a/raw/cases.jsonl
a,109,INSPECT_NEAREST_COOLANT,6b25b5855ea3181c17bb50a48208a773f964c98da3b7c02d51857960c1c2f13d,ROUTE_BLOCKED,1,"[""ROUTE_BLOCKED""]","[""UNAVAILABLE""]",false,0,Safely inspect the nearest coolant valve without entering a restricted room.,results/indicative-twin-hierarchy-a/raw/cases.jsonl
a,109,INSPECT_VALVE7_WITH_ALTERNATE,765f0af5f533865ad3c1c3869da7e4072de4976fad9712f1be84bf9304617a3c,NONE,0,[],[],false,0,"Safely inspect Valve 7; if Door 3 is unavailable, use another route.",results/indicative-twin-hierarchy-a/raw/cases.jsonl
a,109,REACH_PUMP2_WITH_RECHARGE,bb54c1b9296febfa848d09f18269068489ed1f83a1192f696bd65c77373eb24f,NONE,0,[],[],true,1,"Reach Pump 2, but recharge first if estimated battery is insufficient.",results/indicative-twin-hierarchy-a/raw/cases.jsonl
a,109,REPLAN_ON_RESTRICTION,fb31387db1719f32dfe88d0c35b8184e143237072eb1c366fd55991141ea4539,ROOM_RESTRICTED,1,"[""ROOM_RESTRICTED""]","[""RESTRICTED""]",true,1,Safely inspect Valve 7 and replan if a room becomes restricted.,results/indicative-twin-hierarchy-a/raw/cases.jsonl
a,109,STORE_CARRIED_TOOL,58815595d21cf762b4ed51502e6e0cf804279967414437c680edacb1fc461fea,ROUTE_BLOCKED,1,"[""ROUTE_BLOCKED""]","[""UNAVAILABLE""]",true,1,Find a safe location for the carried tool.,results/indicative-twin-hierarchy-a/raw/cases.jsonl
a,110,INSPECT_NEAREST_COOLANT,c2ca4f563e20b69ae9fa2c898fa6d349b0f1da0271a838960e46defd2e607396,INSTRUCTION_CHANGED,1,"[""INSTRUCTION_CHANGED""]","[""AVOID_ROOM:ElectricalRoom""]",true,1,Inspect the nearest coolant valve without entering a restricted room.,results/indicative-twin-hierarchy-a/raw/cases.jsonl
a,110,INSPECT_VALVE7_WITH_ALTERNATE,4196d0126a305dd33fc7f0cbe665228b290aa7727c39b63f7d42c13f716564ff,INSTRUCTION_CHANGED,1,"[""INSTRUCTION_CHANGED""]","[""AVOID_ROOM:ElectricalRoom""]",true,1,"Inspect Valve 7; if Door 3 is unavailable, use another route.",results/indicative-twin-hierarchy-a/raw/cases.jsonl
a,110,REACH_PUMP2_WITH_RECHARGE,20430fef499d5b17a83f1024708fb7107e0ce00b1dbf29b040a9b0c9978b1bbf,INSTRUCTION_CHANGED,1,"[""INSTRUCTION_CHANGED""]","[""AVOID_ROOM:ElectricalRoom""]",false,0,"Reach Pump 2, but recharge first if estimated battery is insufficient.",results/indicative-twin-hierarchy-a/raw/cases.jsonl
a,110,REPLAN_ON_RESTRICTION,a01d054ef27db66ad2abdd11b1767992f977cbb34c1cc571afec2adbffd9d6bd,INSTRUCTION_CHANGED+ROOM_RESTRICTED,2,"[""INSTRUCTION_CHANGED"",""ROOM_RESTRICTED""]","[""AVOID_ROOM:ElectricalRoom"",""RESTRICTED""]",false,0,Inspect Valve 7 and replan if a room becomes restricted.,results/indicative-twin-hierarchy-a/raw/cases.jsonl
a,110,STORE_CARRIED_TOOL,500ffb8e83898482cc34c09177bd4f426aaaabaffc5e1989041e2b2684b438e2,INSTRUCTION_CHANGED+ROUTE_BLOCKED,2,"[""ROUTE_BLOCKED"",""INSTRUCTION_CHANGED""]","[""UNAVAILABLE"",""AVOID_ROOM:ElectricalRoom""]",true,1,Find a safe location for the carried tool.,results/indicative-twin-hierarchy-a/raw/cases.jsonl
a,111,INSPECT_NEAREST_COOLANT,43af612c2eb263377f0abde909414f4673b865e793a95427002b562aa037b481,ROUTE_BLOCKED,1,"[""ROUTE_BLOCKED""]","[""UNAVAILABLE""]",false,0,Safely inspect the nearest coolant valve without entering a restricted room.,results/indicative-twin-hierarchy-a/raw/cases.jsonl
a,111,INSPECT_VALVE7_WITH_ALTERNATE,c49d0211ccf85a1417ff520c3253a86a1d8112d6f1cde44719f17823a951c906,NONE,0,[],[],false,0,"Safely inspect Valve 7; if Door 3 is unavailable, use another route.",results/indicative-twin-hierarchy-a/raw/cases.jsonl
a,111,REACH_PUMP2_WITH_RECHARGE,c5e3c6a35774882b43260630cb7ca00008c1ea68ae145e421f01237065d5aefb,ROUTE_BLOCKED,1,"[""ROUTE_BLOCKED""]","[""UNAVAILABLE""]",true,2,"Reach Pump 2, but recharge first if estimated battery is insufficient.",results/indicative-twin-hierarchy-a/raw/cases.jsonl
a,111,REPLAN_ON_RESTRICTION,776b64617683755757b3e884d2ef5e5ca4ed909a5f2d3a93eba76ba5d6da3e50,ROOM_RESTRICTED,1,"[""ROOM_RESTRICTED""]","[""RESTRICTED""]",true,1,Safely inspect Valve 7 and replan if a room becomes restricted.,results/indicative-twin-hierarchy-a/raw/cases.jsonl
a,111,STORE_CARRIED_TOOL,0d690335c3d1c1462851b975a1f78cecec45a4e7039dc82b305599b9bb9c3f2e,NONE,0,[],[],true,2,Find a safe location for the carried tool.,results/indicative-twin-hierarchy-a/raw/cases.jsonl
a,112,INSPECT_NEAREST_COOLANT,0c38370c17301ef84c2f574f5f932401166a48e78ccfb1ed4fcb02e98d89c94d,NONE,0,[],[],false,0,Inspect the nearest coolant valve without entering a restricted room.,results/indicative-twin-hierarchy-a/raw/cases.jsonl
a,112,INSPECT_VALVE7_WITH_ALTERNATE,daa2b46647442777780e78620c36316e0861462309f23caa6c88a2250ca970c9,ROUTE_BLOCKED,1,"[""ROUTE_BLOCKED""]","[""UNAVAILABLE""]",true,1,"Inspect Valve 7; if Door 3 is unavailable, use another route.",results/indicative-twin-hierarchy-a/raw/cases.jsonl
a,112,REACH_PUMP2_WITH_RECHARGE,c1a1a9029a79e6ffd1ea66a4ae30c5bc30f6e88ba0d67a65304a89f53fb1d77d,NONE,0,[],[],true,1,"Reach Pump 2, but recharge first if estimated battery is insufficient.",results/indicative-twin-hierarchy-a/raw/cases.jsonl
a,112,REPLAN_ON_RESTRICTION,c28e34cbccbc498ce68230dfc16234a0e4ecaec4b045f790b1e6280dabdd18e3,ROOM_RESTRICTED+ROUTE_BLOCKED,2,"[""ROUTE_BLOCKED"",""ROOM_RESTRICTED""]","[""UNAVAILABLE"",""RESTRICTED""]",false,0,Inspect Valve 7 and replan if a room becomes restricted.,results/indicative-twin-hierarchy-a/raw/cases.jsonl
a,112,STORE_CARRIED_TOOL,067c64abefc6f47f3c183d12e147b232b7ba45c36199dd7f7ef62651f7c474c3,ROUTE_BLOCKED,1,"[""ROUTE_BLOCKED""]","[""UNAVAILABLE""]",true,1,Find a safe location for the carried tool.,results/indicative-twin-hierarchy-a/raw/cases.jsonl
a,113,INSPECT_NEAREST_COOLANT,3bb0dd3b8c59a2b689f7b43f468d189137f885b07a8f2e8bb1a3f9a41c2aae5b,NONE,0,[],[],true,1,Safely inspect the nearest coolant valve without entering a restricted room.,results/indicative-twin-hierarchy-a/raw/cases.jsonl
a,113,INSPECT_VALVE7_WITH_ALTERNATE,61c7918ff4be27d00da28b9c5196158fcf19c418bf9f1789bf282663d46e77e2,ROUTE_BLOCKED,1,"[""ROUTE_BLOCKED""]","[""UNAVAILABLE""]",true,1,"Safely inspect Valve 7; if Door 3 is unavailable, use another route.",results/indicative-twin-hierarchy-a/raw/cases.jsonl
a,113,REACH_PUMP2_WITH_RECHARGE,8b507004a65283b7a19e84ac4bbc40e0eed33c6839abbc5f2dcfdf418df52dd5,ROUTE_BLOCKED,1,"[""ROUTE_BLOCKED""]","[""UNAVAILABLE""]",true,1,"Reach Pump 2, but recharge first if estimated battery is insufficient.",results/indicative-twin-hierarchy-a/raw/cases.jsonl
a,113,REPLAN_ON_RESTRICTION,79d9f44d5508a9e4d15fee2e1dfb53b565243a70877677824be7e6516a99b282,ROOM_RESTRICTED,1,"[""ROOM_RESTRICTED""]","[""RESTRICTED""]",false,0,Safely inspect Valve 7 and replan if a room becomes restricted.,results/indicative-twin-hierarchy-a/raw/cases.jsonl
a,113,STORE_CARRIED_TOOL,a8594edbf0721fe464114fdecc65225969c51b59790196ba8d0f7535d441c0b5,NONE,0,[],[],false,0,Find a safe location for the carried tool.,results/indicative-twin-hierarchy-a/raw/cases.jsonl
a,114,INSPECT_NEAREST_COOLANT,ca86a6ad0db82445de2bf14b085f4a5fe1a26f1f86788bc752dc009ab73bccf5,NONE,0,[],[],true,1,Inspect the nearest coolant valve without entering a restricted room.,results/indicative-twin-hierarchy-a/raw/cases.jsonl
a,114,INSPECT_VALVE7_WITH_ALTERNATE,87e8d0ed67ba94a57a778c6ec094daf53040dc4993ac2a4f5136064e3cb98a6a,NONE,0,[],[],true,1,"Inspect Valve 7; if Door 3 is unavailable, use another route.",results/indicative-twin-hierarchy-a/raw/cases.jsonl
a,114,REACH_PUMP2_WITH_RECHARGE,5d8a55ac303e9a2d95b86b8fd5cdf24cd54d5b848034d6a0d917df8ef2a8b668,NONE,0,[],[],true,2,"Reach Pump 2, but recharge first if estimated battery is insufficient.",results/indicative-twin-hierarchy-a/raw/cases.jsonl
a,114,REPLAN_ON_RESTRICTION,a9aaba15dd8ee9fbca4678ac00452a256a2c05b6257145d7749d5ccbd6a2ed0c,ROOM_RESTRICTED,1,"[""ROOM_RESTRICTED""]","[""RESTRICTED""]",false,0,Inspect Valve 7 and replan if a room becomes restricted.,results/indicative-twin-hierarchy-a/raw/cases.jsonl
a,114,STORE_CARRIED_TOOL,87c1d75c7cd8ae55aa5eb270505b5cea3b119c5ca713d773d8c3e86aa0fbba53,NONE,0,[],[],false,0,Find a safe location for the carried tool.,results/indicative-twin-hierarchy-a/raw/cases.jsonl
a,115,INSPECT_NEAREST_COOLANT,7fe3dbdfb5298380d51f90c74f220c19a632be6c0b35942f9e0aac230c3a3adb,INSTRUCTION_CHANGED,1,"[""INSTRUCTION_CHANGED""]","[""AVOID_ROOM:ElectricalRoom""]",false,0,Safely inspect the nearest coolant valve without entering a restricted room.,results/indicative-twin-hierarchy-a/raw/cases.jsonl
a,115,INSPECT_VALVE7_WITH_ALTERNATE,56615eb1aefa890379492c18bd9971797482fe768e133fe6f6ddba8245716819,INSTRUCTION_CHANGED,1,"[""INSTRUCTION_CHANGED""]","[""AVOID_ROOM:ElectricalRoom""]",true,1,"Safely inspect Valve 7; if Door 3 is unavailable, use another route.",results/indicative-twin-hierarchy-a/raw/cases.jsonl
a,115,REACH_PUMP2_WITH_RECHARGE,465c26f53ca230eeac18181b78bc231925dd19c480c8f0f4a8aa78525499f0be,INSTRUCTION_CHANGED+ROUTE_BLOCKED,2,"[""ROUTE_BLOCKED"",""INSTRUCTION_CHANGED""]","[""UNAVAILABLE"",""AVOID_ROOM:ElectricalRoom""]",false,0,"Reach Pump 2, but recharge first if estimated battery is insufficient.",results/indicative-twin-hierarchy-a/raw/cases.jsonl
a,115,REPLAN_ON_RESTRICTION,75b9222149ca0b86b2f6f2522ff67f75629fe1504a786d0f84d40110fae72402,INSTRUCTION_CHANGED+ROOM_RESTRICTED,2,"[""INSTRUCTION_CHANGED"",""ROOM_RESTRICTED""]","[""AVOID_ROOM:ElectricalRoom"",""RESTRICTED""]",false,0,Safely inspect Valve 7 and replan if a room becomes restricted.,results/indicative-twin-hierarchy-a/raw/cases.jsonl
a,115,STORE_CARRIED_TOOL,d262a38bf86f63492f5166586f34628908a64c9b0cd614374d1a7e57b64279b5,INSTRUCTION_CHANGED,1,"[""INSTRUCTION_CHANGED""]","[""AVOID_ROOM:ElectricalRoom""]",false,0,Find a safe location for the carried tool.,results/indicative-twin-hierarchy-a/raw/cases.jsonl
a,116,INSPECT_NEAREST_COOLANT,0750c44f103e98fddca582140e95cce559c587b99ab0117ba49d9a70224051da,NONE,0,[],[],true,1,Inspect the nearest coolant valve without entering a restricted room.,results/indicative-twin-hierarchy-a/raw/cases.jsonl
a,116,INSPECT_VALVE7_WITH_ALTERNATE,99184a4322fd8ccc93097cfc84d5b5ceee12714fac4339d7dc4a65597f6cee3e,NONE,0,[],[],false,0,"Inspect Valve 7; if Door 3 is unavailable, use another route.",results/indicative-twin-hierarchy-a/raw/cases.jsonl
a,116,REACH_PUMP2_WITH_RECHARGE,4185013b28a8df8a092d64c285abcb5067bf6d62155f68c6e649b56d8577cc79,NONE,0,[],[],true,1,"Reach Pump 2, but recharge first if estimated battery is insufficient.",results/indicative-twin-hierarchy-a/raw/cases.jsonl
a,116,REPLAN_ON_RESTRICTION,eb886decf301533794a14cda62c2241b0c64dd5e592472b1fc56973237524600,ROOM_RESTRICTED+ROUTE_BLOCKED,2,"[""ROUTE_BLOCKED"",""ROOM_RESTRICTED""]","[""UNAVAILABLE"",""RESTRICTED""]",true,1,Inspect Valve 7 and replan if a room becomes restricted.,results/indicative-twin-hierarchy-a/raw/cases.jsonl
a,116,STORE_CARRIED_TOOL,d30178b6cbb6c5482fdfe6ac6ee8f9f5fd4982ca018f312cadb7b4cc47a216b4,NONE,0,[],[],true,1,Find a safe location for the carried tool.,results/indicative-twin-hierarchy-a/raw/cases.jsonl
a,117,INSPECT_NEAREST_COOLANT,cf156fa81a1eed308f02feaa994b51d73b1df49ec6a5a708ac4a4240b2241e32,NONE,0,[],[],false,0,Safely inspect the nearest coolant valve without entering a restricted room.,results/indicative-twin-hierarchy-a/raw/cases.jsonl
a,117,INSPECT_VALVE7_WITH_ALTERNATE,400b9c420e310339dfea19d510f382541d4b7e5c87a6b4c7b7072381b349020b,NONE,0,[],[],false,0,"Safely inspect Valve 7; if Door 3 is unavailable, use another route.",results/indicative-twin-hierarchy-a/raw/cases.jsonl
a,117,REACH_PUMP2_WITH_RECHARGE,447cfdf4a6ff9af01b05b31bd2ba0ba5713194b23a2030a1147be2363c216760,ROUTE_BLOCKED,1,"[""ROUTE_BLOCKED""]","[""UNAVAILABLE""]",true,2,"Reach Pump 2, but recharge first if estimated battery is insufficient.",results/indicative-twin-hierarchy-a/raw/cases.jsonl
a,117,REPLAN_ON_RESTRICTION,3344e23a9822767de0c8d12063a33939eebd0f722bf0b096e99acc4a9bc09906,ROOM_RESTRICTED+ROUTE_BLOCKED,2,"[""ROUTE_BLOCKED"",""ROOM_RESTRICTED""]","[""UNAVAILABLE"",""RESTRICTED""]",true,1,Safely inspect Valve 7 and replan if a room becomes restricted.,results/indicative-twin-hierarchy-a/raw/cases.jsonl
a,117,STORE_CARRIED_TOOL,762f198394d88c07d993c40113c42a4b191f0465969050b948fb806137ca9b7b,ROUTE_BLOCKED,1,"[""ROUTE_BLOCKED""]","[""UNAVAILABLE""]",true,1,Find a safe location for the carried tool.,results/indicative-twin-hierarchy-a/raw/cases.jsonl
a,118,INSPECT_NEAREST_COOLANT,19597c8c94ae1f683181c5a9d19eaf800608af16b78c63c1364a12398a41cc11,ROUTE_BLOCKED,1,"[""ROUTE_BLOCKED""]","[""UNAVAILABLE""]",false,0,Inspect the nearest coolant valve without entering a restricted room.,results/indicative-twin-hierarchy-a/raw/cases.jsonl
a,118,INSPECT_VALVE7_WITH_ALTERNATE,b4123e56a03e367e3569d39f1b0f52d006587b893c0210d0aabdca29f9d6b635,ROUTE_BLOCKED,1,"[""ROUTE_BLOCKED""]","[""UNAVAILABLE""]",false,0,"Inspect Valve 7; if Door 3 is unavailable, use another route.",results/indicative-twin-hierarchy-a/raw/cases.jsonl
a,118,REACH_PUMP2_WITH_RECHARGE,ca23ffb95bcf9a795a4646f19043db5f0ec304816137043ebace6a65141c7fe3,NONE,0,[],[],true,1,"Reach Pump 2, but recharge first if estimated battery is insufficient.",results/indicative-twin-hierarchy-a/raw/cases.jsonl
a,118,REPLAN_ON_RESTRICTION,2173666789f571bea7312d313ec089308be830c963c250667e677efb2da419b2,ROOM_RESTRICTED,1,"[""ROOM_RESTRICTED""]","[""RESTRICTED""]",true,1,Inspect Valve 7 and replan if a room becomes restricted.,results/indicative-twin-hierarchy-a/raw/cases.jsonl
a,118,STORE_CARRIED_TOOL,1c0ff4ada5f7d6d58574353ceef8984840699ec4a5dc1a226d4eaadae13c9a7c,NONE,0,[],[],false,0,Find a safe location for the carried tool.,results/indicative-twin-hierarchy-a/raw/cases.jsonl
a,119,INSPECT_NEAREST_COOLANT,b06bc119c37470f07506ffce52871befda733145780367aefbb83780239478d2,ROUTE_BLOCKED,1,"[""ROUTE_BLOCKED""]","[""UNAVAILABLE""]",false,0,Safely inspect the nearest coolant valve without entering a restricted room.,results/indicative-twin-hierarchy-a/raw/cases.jsonl
a,119,INSPECT_VALVE7_WITH_ALTERNATE,51002826ead55a0f9229babe591a4335235ebad097eb5899e6b4f81d4ca4b33f,ROUTE_BLOCKED,1,"[""ROUTE_BLOCKED""]","[""UNAVAILABLE""]",false,0,"Safely inspect Valve 7; if Door 3 is unavailable, use another route.",results/indicative-twin-hierarchy-a/raw/cases.jsonl
a,119,REACH_PUMP2_WITH_RECHARGE,828e43cdeb4fd1b620b0974bc4e6ef288f4d64c9db296de9fab0c77a2cd837fe,ROUTE_BLOCKED,1,"[""ROUTE_BLOCKED""]","[""UNAVAILABLE""]",true,1,"Reach Pump 2, but recharge first if estimated battery is insufficient.",results/indicative-twin-hierarchy-a/raw/cases.jsonl
a,119,REPLAN_ON_RESTRICTION,0e956940f33db76afa31571d46c3f7fa7f0e0b22e8e95a047036e39275d63b53,ROOM_RESTRICTED,1,"[""ROOM_RESTRICTED""]","[""RESTRICTED""]",true,1,Safely inspect Valve 7 and replan if a room becomes restricted.,results/indicative-twin-hierarchy-a/raw/cases.jsonl
a,119,STORE_CARRIED_TOOL,6dc2985ac7c0b5b926b6e5330c6eda073c5e3492c0892936e26ff6c817eeef78,NONE,0,[],[],false,0,Find a safe location for the carried tool.,results/indicative-twin-hierarchy-a/raw/cases.jsonl
a,120,INSPECT_NEAREST_COOLANT,2d1329795ab8686336aa8c3dea1a3b673e4401d1099eef9bad62d8657b2ef0f9,INSTRUCTION_CHANGED,1,"[""INSTRUCTION_CHANGED""]","[""AVOID_ROOM:ElectricalRoom""]",true,2,Inspect the nearest coolant valve without entering a restricted room.,results/indicative-twin-hierarchy-a/raw/cases.jsonl
a,120,INSPECT_VALVE7_WITH_ALTERNATE,274d734c3633071038579a70267014e91ff9c174a53f5a93624f453512591980,INSTRUCTION_CHANGED+ROUTE_BLOCKED,2,"[""ROUTE_BLOCKED"",""INSTRUCTION_CHANGED""]","[""UNAVAILABLE"",""AVOID_ROOM:ElectricalRoom""]",true,1,"Inspect Valve 7; if Door 3 is unavailable, use another route.",results/indicative-twin-hierarchy-a/raw/cases.jsonl
a,120,REACH_PUMP2_WITH_RECHARGE,327441fadc0f166c597054f6d6c85e5e57eb94dc642afbfe8351c60a6362731c,INSTRUCTION_CHANGED+ROUTE_BLOCKED,2,"[""ROUTE_BLOCKED"",""INSTRUCTION_CHANGED""]","[""UNAVAILABLE"",""AVOID_ROOM:ElectricalRoom""]",true,2,"Reach Pump 2, but recharge first if estimated battery is insufficient.",results/indicative-twin-hierarchy-a/raw/cases.jsonl
a,120,REPLAN_ON_RESTRICTION,195108e426dd552a3fbf4485ee7b1c70913b0cb5c1a25d2c4fc4e077a4e7a32f,INSTRUCTION_CHANGED+ROOM_RESTRICTED,2,"[""INSTRUCTION_CHANGED"",""ROOM_RESTRICTED""]","[""AVOID_ROOM:ElectricalRoom"",""RESTRICTED""]",true,2,Inspect Valve 7 and replan if a room becomes restricted.,results/indicative-twin-hierarchy-a/raw/cases.jsonl
a,120,STORE_CARRIED_TOOL,d8934e9188e4edde110ff2c70171fe5c6eeb2973d69262b63e2b1d6932782359,INSTRUCTION_CHANGED+ROUTE_BLOCKED,2,"[""ROUTE_BLOCKED"",""INSTRUCTION_CHANGED""]","[""UNAVAILABLE"",""AVOID_ROOM:ElectricalRoom""]",false,0,Find a safe location for the carried tool.,results/indicative-twin-hierarchy-a/raw/cases.jsonl
a,121,INSPECT_NEAREST_COOLANT,51bc8ad1f939481601ed66dba14ae333b12e2305343c3c33ba37ed22b84f03ab,NONE,0,[],[],false,0,Safely inspect the nearest coolant valve without entering a restricted room.,results/indicative-twin-hierarchy-a/raw/cases.jsonl
a,121,INSPECT_VALVE7_WITH_ALTERNATE,14e563c3d3442c0750c23c529aed44b892c943c329d8b2e63a4e1e80c93313ee,NONE,0,[],[],true,1,"Safely inspect Valve 7; if Door 3 is unavailable, use another route.",results/indicative-twin-hierarchy-a/raw/cases.jsonl
a,121,REACH_PUMP2_WITH_RECHARGE,debf777b9dddb0d97cb976651be400ccf0f33182a8a6bb666b9b895d682a4c3f,NONE,0,[],[],true,1,"Reach Pump 2, but recharge first if estimated battery is insufficient.",results/indicative-twin-hierarchy-a/raw/cases.jsonl
a,121,REPLAN_ON_RESTRICTION,b61b2894ef0215dd85f4aeaf293c86d73815b77ae782dc569673748999ca1ae4,ROOM_RESTRICTED,1,"[""ROOM_RESTRICTED""]","[""RESTRICTED""]",true,1,Safely inspect Valve 7 and replan if a room becomes restricted.,results/indicative-twin-hierarchy-a/raw/cases.jsonl
a,121,STORE_CARRIED_TOOL,8cfb61462e49d87986bc58c798d5a0525dba12f791694a3bc2644b3eeb614bbb,NONE,0,[],[],true,1,Find a safe location for the carried tool.,results/indicative-twin-hierarchy-a/raw/cases.jsonl
a,122,INSPECT_NEAREST_COOLANT,1906cbd47bd0363eda550c1e54d1fed523b4fb4f4c806218f65ccf68dccb761a,ROUTE_BLOCKED,1,"[""ROUTE_BLOCKED""]","[""UNAVAILABLE""]",true,1,Inspect the nearest coolant valve without entering a restricted room.,results/indicative-twin-hierarchy-a/raw/cases.jsonl
a,122,INSPECT_VALVE7_WITH_ALTERNATE,dae79be67ed74559652da96dbbbede42a0ee069292c6511c77761d9fd915daa9,NONE,0,[],[],true,1,"Inspect Valve 7; if Door 3 is unavailable, use another route.",results/indicative-twin-hierarchy-a/raw/cases.jsonl
a,122,REACH_PUMP2_WITH_RECHARGE,d52dfa3e277580e83c99d57f225b35d9b0a68f6d5dade79afad3937da04cc30f,NONE,0,[],[],false,0,"Reach Pump 2, but recharge first if estimated battery is insufficient.",results/indicative-twin-hierarchy-a/raw/cases.jsonl
a,122,REPLAN_ON_RESTRICTION,7ae5ceb1037883ac7e43baabd2998f8b86fb4cd25646a046df756263fdeeb566,ROOM_RESTRICTED+ROUTE_BLOCKED,2,"[""ROUTE_BLOCKED"",""ROOM_RESTRICTED""]","[""UNAVAILABLE"",""RESTRICTED""]",false,0,Inspect Valve 7 and replan if a room becomes restricted.,results/indicative-twin-hierarchy-a/raw/cases.jsonl
a,122,STORE_CARRIED_TOOL,761600bcf7a4e3c3dd0de612e1dbd504d51055cd22720d14958a4ad6655f2d31,NONE,0,[],[],true,1,Find a safe location for the carried tool.,results/indicative-twin-hierarchy-a/raw/cases.jsonl
a,123,INSPECT_NEAREST_COOLANT,315e20526a715377342619ed867e4894dd2f50bbce70dd1bcf7f41498adb0ca5,NONE,0,[],[],true,1,Safely inspect the nearest coolant valve without entering a restricted room.,results/indicative-twin-hierarchy-a/raw/cases.jsonl
a,123,INSPECT_VALVE7_WITH_ALTERNATE,44e2464796be081283b00ddd264dae462fc8fe7cdc41ec2a0d481b77836027e3,NONE,0,[],[],true,2,"Safely inspect Valve 7; if Door 3 is unavailable, use another route.",results/indicative-twin-hierarchy-a/raw/cases.jsonl
a,123,REACH_PUMP2_WITH_RECHARGE,a5566d239c748a669511025c15a63a9af4475e57c404c0d6968a8a6497aa6c74,NONE,0,[],[],true,2,"Reach Pump 2, but recharge first if estimated battery is insufficient.",results/indicative-twin-hierarchy-a/raw/cases.jsonl
a,123,REPLAN_ON_RESTRICTION,5ff548270c42f2e682fff60cef1313521b1c512f1434fca195149ad39f7814d3,ROOM_RESTRICTED+ROUTE_BLOCKED,2,"[""ROUTE_BLOCKED"",""ROOM_RESTRICTED""]","[""UNAVAILABLE"",""RESTRICTED""]",true,1,Safely inspect Valve 7 and replan if a room becomes restricted.,results/indicative-twin-hierarchy-a/raw/cases.jsonl
a,123,STORE_CARRIED_TOOL,567d7c5b0017c6f064012e25ace35d675cc889aa7b815c123e0ec0985d567f5f,NONE,0,[],[],true,1,Find a safe location for the carried tool.,results/indicative-twin-hierarchy-a/raw/cases.jsonl
a,124,INSPECT_NEAREST_COOLANT,b1ac079343e948fc3eb9815bd0a668b105610b32a6b370042cecd42b7fd7e761,NONE,0,[],[],true,1,Inspect the nearest coolant valve without entering a restricted room.,results/indicative-twin-hierarchy-a/raw/cases.jsonl
a,124,INSPECT_VALVE7_WITH_ALTERNATE,d0ae5e919948e1e9292b1ed2bfd140c3832d4d33eb3e8e674922372c04ee2680,ROUTE_BLOCKED,1,"[""ROUTE_BLOCKED""]","[""UNAVAILABLE""]",false,0,"Inspect Valve 7; if Door 3 is unavailable, use another route.",results/indicative-twin-hierarchy-a/raw/cases.jsonl
a,124,REACH_PUMP2_WITH_RECHARGE,f265b6e6f5b5d6a397921435d30dcc53a0f478d006d8aa1c0f40d6ec60ec545b,ROUTE_BLOCKED,1,"[""ROUTE_BLOCKED""]","[""UNAVAILABLE""]",true,1,"Reach Pump 2, but recharge first if estimated battery is insufficient.",results/indicative-twin-hierarchy-a/raw/cases.jsonl
a,124,REPLAN_ON_RESTRICTION,2cae5f9eadc787c0ffaad36690720f49bb2a2b2a6c689229530f567ac485fdcc,ROOM_RESTRICTED,1,"[""ROOM_RESTRICTED""]","[""RESTRICTED""]",true,1,Inspect Valve 7 and replan if a room becomes restricted.,results/indicative-twin-hierarchy-a/raw/cases.jsonl
a,124,STORE_CARRIED_TOOL,9e86543aa9960f5922ca3f00a6d9c3a33902b7f88d5f47cbcf6b7644bbf14268,NONE,0,[],[],false,0,Find a safe location for the carried tool.,results/indicative-twin-hierarchy-a/raw/cases.jsonl
a,125,INSPECT_NEAREST_COOLANT,bdba7e04ff6c9d6361f4c8c428b46699e4eef030cbb4cb371da0b71cfff8f3c3,INSTRUCTION_CHANGED+ROUTE_BLOCKED,2,"[""ROUTE_BLOCKED"",""INSTRUCTION_CHANGED""]","[""UNAVAILABLE"",""AVOID_ROOM:ElectricalRoom""]",false,0,Safely inspect the nearest coolant valve without entering a restricted room.,results/indicative-twin-hierarchy-a/raw/cases.jsonl
a,125,INSPECT_VALVE7_WITH_ALTERNATE,7f5ebdc49539aa4e256e679d80e2bf62f51cabc3bbb02acb53a84ce57c62e513,INSTRUCTION_CHANGED,1,"[""INSTRUCTION_CHANGED""]","[""AVOID_ROOM:ElectricalRoom""]",true,1,"Safely inspect Valve 7; if Door 3 is unavailable, use another route.",results/indicative-twin-hierarchy-a/raw/cases.jsonl
a,125,REACH_PUMP2_WITH_RECHARGE,e2bee4237724adb1266cb812c4b0034745abb4bb99327233aa7f058a9cca0944,INSTRUCTION_CHANGED,1,"[""INSTRUCTION_CHANGED""]","[""AVOID_ROOM:ElectricalRoom""]",false,0,"Reach Pump 2, but recharge first if estimated battery is insufficient.",results/indicative-twin-hierarchy-a/raw/cases.jsonl
a,125,REPLAN_ON_RESTRICTION,1158d7071bbbc49c586123e1a4801c74e76a402a71a4c24b6765ddacbfe3b160,INSTRUCTION_CHANGED+ROOM_RESTRICTED,2,"[""INSTRUCTION_CHANGED"",""ROOM_RESTRICTED""]","[""AVOID_ROOM:ElectricalRoom"",""RESTRICTED""]",true,1,Safely inspect Valve 7 and replan if a room becomes restricted.,results/indicative-twin-hierarchy-a/raw/cases.jsonl
a,125,STORE_CARRIED_TOOL,dec43d7ae094d92dc827c65739980ed8aae04f229de415bd6554cfc5b78fa222,INSTRUCTION_CHANGED,1,"[""INSTRUCTION_CHANGED""]","[""AVOID_ROOM:ElectricalRoom""]",false,0,Find a safe location for the carried tool.,results/indicative-twin-hierarchy-a/raw/cases.jsonl
a,126,INSPECT_NEAREST_COOLANT,5352817118340473c13b0b0f67757ff011eaeb76bd948bff797818c0bae0929a,NONE,0,[],[],true,1,Inspect the nearest coolant valve without entering a restricted room.,results/indicative-twin-hierarchy-a/raw/cases.jsonl
a,126,INSPECT_VALVE7_WITH_ALTERNATE,5db8355a061eb63cf38eb652f0075d2f8cb3b69349602d81f0725c35def900f9,NONE,0,[],[],true,2,"Inspect Valve 7; if Door 3 is unavailable, use another route.",results/indicative-twin-hierarchy-a/raw/cases.jsonl
a,126,REACH_PUMP2_WITH_RECHARGE,9a787c21fbbbeb35fc8fbc2497cd2ab27ad2a24429e94b13949384f5e2cd3233,NONE,0,[],[],true,1,"Reach Pump 2, but recharge first if estimated battery is insufficient.",results/indicative-twin-hierarchy-a/raw/cases.jsonl
a,126,REPLAN_ON_RESTRICTION,9c08bd7af2644e9f0c52720b93b4ad7fe56572f54af30445142b51f09e2d2a7e,ROOM_RESTRICTED,1,"[""ROOM_RESTRICTED""]","[""RESTRICTED""]",true,1,Inspect Valve 7 and replan if a room becomes restricted.,results/indicative-twin-hierarchy-a/raw/cases.jsonl
a,126,STORE_CARRIED_TOOL,d3726d944e147144606ed8ac3ed366381657ed2839245eff6df66d9ecc52e2a0,ROUTE_BLOCKED,1,"[""ROUTE_BLOCKED""]","[""UNAVAILABLE""]",true,2,Find a safe location for the carried tool.,results/indicative-twin-hierarchy-a/raw/cases.jsonl
a,127,INSPECT_NEAREST_COOLANT,8db2708c3e06c6179d6e0c901ddd3c8a227b29ea69b7c3c22def6d39134063dc,NONE,0,[],[],true,1,Safely inspect the nearest coolant valve without entering a restricted room.,results/indicative-twin-hierarchy-a/raw/cases.jsonl
a,127,INSPECT_VALVE7_WITH_ALTERNATE,121cb8405dd372c1ca4a46744b3634fcf2ea68cebb649f8c38298a5cf2768c3e,ROUTE_BLOCKED,1,"[""ROUTE_BLOCKED""]","[""UNAVAILABLE""]",true,1,"Safely inspect Valve 7; if Door 3 is unavailable, use another route.",results/indicative-twin-hierarchy-a/raw/cases.jsonl
a,127,REACH_PUMP2_WITH_RECHARGE,fe26d7ebec47ce2f09e89a791b7e5512c14d414ff9e9851c7f621c1ce90ba05f,ROUTE_BLOCKED,1,"[""ROUTE_BLOCKED""]","[""UNAVAILABLE""]",true,1,"Reach Pump 2, but recharge first if estimated battery is insufficient.",results/indicative-twin-hierarchy-a/raw/cases.jsonl
a,127,REPLAN_ON_RESTRICTION,723105bf951102e5c4b097ea6b9b91c99d6105871be20f3e618fdcbc168caea6,ROOM_RESTRICTED,1,"[""ROOM_RESTRICTED""]","[""RESTRICTED""]",false,0,Safely inspect Valve 7 and replan if a room becomes restricted.,results/indicative-twin-hierarchy-a/raw/cases.jsonl
a,127,STORE_CARRIED_TOOL,03b77aaaf3bc567c884dc2b6cd74659a42f24e8fe721ae6973dcc10441adaee0,ROUTE_BLOCKED,1,"[""ROUTE_BLOCKED""]","[""UNAVAILABLE""]",false,0,Find a safe location for the carried tool.,results/indicative-twin-hierarchy-a/raw/cases.jsonl
a,128,INSPECT_NEAREST_COOLANT,e130e75067875343ed75b17ef96edcaec7a68317286f8389763949eeb9f50883,ROUTE_BLOCKED,1,"[""ROUTE_BLOCKED""]","[""UNAVAILABLE""]",true,1,Inspect the nearest coolant valve without entering a restricted room.,results/indicative-twin-hierarchy-a/raw/cases.jsonl
a,128,INSPECT_VALVE7_WITH_ALTERNATE,9379f8234996c82d482fe0e4b5789332824e844cc22f896a448f0b3ccc6661d0,NONE,0,[],[],false,0,"Inspect Valve 7; if Door 3 is unavailable, use another route.",results/indicative-twin-hierarchy-a/raw/cases.jsonl
a,128,REACH_PUMP2_WITH_RECHARGE,2295b103464c80990004ad3b9f93b631afa8f4a238dd4d6a731e43da94253ed3,ROUTE_BLOCKED,1,"[""ROUTE_BLOCKED""]","[""UNAVAILABLE""]",false,0,"Reach Pump 2, but recharge first if estimated battery is insufficient.",results/indicative-twin-hierarchy-a/raw/cases.jsonl
a,128,REPLAN_ON_RESTRICTION,c7671edd176be1e63cd4175c810ad8825433c1736d28efcbcea5016173753732,ROOM_RESTRICTED,1,"[""ROOM_RESTRICTED""]","[""RESTRICTED""]",false,0,Inspect Valve 7 and replan if a room becomes restricted.,results/indicative-twin-hierarchy-a/raw/cases.jsonl
a,128,STORE_CARRIED_TOOL,cc1ffa40afe4fcfadd173e6990fa71d57c40d8c62718470204f415c1c6ddc54b,ROUTE_BLOCKED,1,"[""ROUTE_BLOCKED""]","[""UNAVAILABLE""]",true,1,Find a safe location for the carried tool.,results/indicative-twin-hierarchy-a/raw/cases.jsonl
a,129,INSPECT_NEAREST_COOLANT,dafdcbfb7eceab835c825296dada974a55096309a1f4508b5c8ec237fe864d77,NONE,0,[],[],true,1,Safely inspect the nearest coolant valve without entering a restricted room.,results/indicative-twin-hierarchy-a/raw/cases.jsonl
a,129,INSPECT_VALVE7_WITH_ALTERNATE,7480c0dd9e08c8696faee9f7bfeafeb46a246b2b88d9b56e3b19d257453e12e6,NONE,0,[],[],true,1,"Safely inspect Valve 7; if Door 3 is unavailable, use another route.",results/indicative-twin-hierarchy-a/raw/cases.jsonl
a,129,REACH_PUMP2_WITH_RECHARGE,49ded8f28d6458965ed288b54df04c5e8100db97eaa35b2108c36356a53ba056,ROUTE_BLOCKED,1,"[""ROUTE_BLOCKED""]","[""UNAVAILABLE""]",true,2,"Reach Pump 2, but recharge first if estimated battery is insufficient.",results/indicative-twin-hierarchy-a/raw/cases.jsonl
a,129,REPLAN_ON_RESTRICTION,9683f56a7d06dad92db1b266afc696e2e11d71a463397d931e7fbdac0fb9339a,ROOM_RESTRICTED,1,"[""ROOM_RESTRICTED""]","[""RESTRICTED""]",true,1,Safely inspect Valve 7 and replan if a room becomes restricted.,results/indicative-twin-hierarchy-a/raw/cases.jsonl
a,129,STORE_CARRIED_TOOL,730150dfa8c6bef1953865faed923a6c66b81931318cc8bf5939785df20e819f,NONE,0,[],[],true,1,Find a safe location for the carried tool.,results/indicative-twin-hierarchy-a/raw/cases.jsonl
a,130,INSPECT_NEAREST_COOLANT,31bdd12e2976defd7ccac4c1c01b4db4a91b498c2ecd115408d38e9febe10280,INSTRUCTION_CHANGED+ROUTE_BLOCKED,2,"[""ROUTE_BLOCKED"",""INSTRUCTION_CHANGED""]","[""UNAVAILABLE"",""AVOID_ROOM:ElectricalRoom""]",false,0,Inspect the nearest coolant valve without entering a restricted room.,results/indicative-twin-hierarchy-a/raw/cases.jsonl
a,130,INSPECT_VALVE7_WITH_ALTERNATE,1270b2f7b6e51108ea37ead551e6a9f9f96519d6f9ebabc38791285918fedcb0,INSTRUCTION_CHANGED,1,"[""INSTRUCTION_CHANGED""]","[""AVOID_ROOM:ElectricalRoom""]",true,1,"Inspect Valve 7; if Door 3 is unavailable, use another route.",results/indicative-twin-hierarchy-a/raw/cases.jsonl
a,130,REACH_PUMP2_WITH_RECHARGE,40fea005c66ea76724cb57202a548f2a03fbcb3537f7d9ae4373c983fb55697e,INSTRUCTION_CHANGED,1,"[""INSTRUCTION_CHANGED""]","[""AVOID_ROOM:ElectricalRoom""]",true,1,"Reach Pump 2, but recharge first if estimated battery is insufficient.",results/indicative-twin-hierarchy-a/raw/cases.jsonl
a,130,REPLAN_ON_RESTRICTION,06b8ddd561beb58365dcd5d80d47a78873be2b86efeaa0d00ca0fe37f0384dd2,INSTRUCTION_CHANGED+ROOM_RESTRICTED,2,"[""INSTRUCTION_CHANGED"",""ROOM_RESTRICTED""]","[""AVOID_ROOM:ElectricalRoom"",""RESTRICTED""]",false,0,Inspect Valve 7 and replan if a room becomes restricted.,results/indicative-twin-hierarchy-a/raw/cases.jsonl
a,130,STORE_CARRIED_TOOL,c936439dc8c07512831146ba89d65ca2dfe6859f2845f13977e3973093b890d2,INSTRUCTION_CHANGED+ROUTE_BLOCKED,2,"[""ROUTE_BLOCKED"",""INSTRUCTION_CHANGED""]","[""UNAVAILABLE"",""AVOID_ROOM:ElectricalRoom""]",false,0,Find a safe location for the carried tool.,results/indicative-twin-hierarchy-a/raw/cases.jsonl
a,131,INSPECT_NEAREST_COOLANT,53d014d2cefefa19bc54df96c787c3db2dac195651acba97817ae2d59b6c82f6,NONE,0,[],[],true,1,Safely inspect the nearest coolant valve without entering a restricted room.,results/indicative-twin-hierarchy-a/raw/cases.jsonl
a,131,INSPECT_VALVE7_WITH_ALTERNATE,9d885de6d7b38ae9075760bbb279055c2bf23219483c21cedae555f65d37a7c5,NONE,0,[],[],true,1,"Safely inspect Valve 7; if Door 3 is unavailable, use another route.",results/indicative-twin-hierarchy-a/raw/cases.jsonl
a,131,REACH_PUMP2_WITH_RECHARGE,a4c2a07176f936d170a28bdb36548a547043214e8adeeb6a851a2660aab227fc,ROUTE_BLOCKED,1,"[""ROUTE_BLOCKED""]","[""UNAVAILABLE""]",false,0,"Reach Pump 2, but recharge first if estimated battery is insufficient.",results/indicative-twin-hierarchy-a/raw/cases.jsonl
a,131,REPLAN_ON_RESTRICTION,505b37310a0e2ab0126c036ad222013cd1425b6d2f4cd52b9cd643956db8943e,ROOM_RESTRICTED,1,"[""ROOM_RESTRICTED""]","[""RESTRICTED""]",true,1,Safely inspect Valve 7 and replan if a room becomes restricted.,results/indicative-twin-hierarchy-a/raw/cases.jsonl
a,131,STORE_CARRIED_TOOL,7dda8e265ac4c38fa878a93e161c346498278ef5c9db73120f2628e3e05d62ab,NONE,0,[],[],true,1,Find a safe location for the carried tool.,results/indicative-twin-hierarchy-a/raw/cases.jsonl
a,132,INSPECT_NEAREST_COOLANT,9a1e2339c71c04b1d96bf6de1162d557ace3e11f4e36913adeb875208c521fcc,NONE,0,[],[],false,0,Inspect the nearest coolant valve without entering a restricted room.,results/indicative-twin-hierarchy-a/raw/cases.jsonl
a,132,INSPECT_VALVE7_WITH_ALTERNATE,3b0207c8f9d144408af0bd8103c24065b88f3f217fbeecada468b7e517a23c63,ROUTE_BLOCKED,1,"[""ROUTE_BLOCKED""]","[""UNAVAILABLE""]",true,1,"Inspect Valve 7; if Door 3 is unavailable, use another route.",results/indicative-twin-hierarchy-a/raw/cases.jsonl
a,132,REACH_PUMP2_WITH_RECHARGE,c3547d967b19858c13bf29f750ba05c94d4e7a44357eded3b9e8ce24ee05ff08,NONE,0,[],[],true,1,"Reach Pump 2, but recharge first if estimated battery is insufficient.",results/indicative-twin-hierarchy-a/raw/cases.jsonl
a,132,REPLAN_ON_RESTRICTION,21e6c0745f479b9667793939ea8d2a60f2e9e2bdab0d9ca8edaa8223fda7f92b,ROOM_RESTRICTED,1,"[""ROOM_RESTRICTED""]","[""RESTRICTED""]",true,2,Inspect Valve 7 and replan if a room becomes restricted.,results/indicative-twin-hierarchy-a/raw/cases.jsonl
a,132,STORE_CARRIED_TOOL,41497315b3ee18a204fed9ecdb4075da02b10c0803c7c16d0cda3e327f489a74,NONE,0,[],[],true,1,Find a safe location for the carried tool.,results/indicative-twin-hierarchy-a/raw/cases.jsonl
a,133,INSPECT_NEAREST_COOLANT,1b48e4ab2679d8530c6ad678957c51aa7ab246f892a3e42d9abd4011f79dcdcd,ROUTE_BLOCKED,1,"[""ROUTE_BLOCKED""]","[""UNAVAILABLE""]",false,0,Safely inspect the nearest coolant valve without entering a restricted room.,results/indicative-twin-hierarchy-a/raw/cases.jsonl
a,133,INSPECT_VALVE7_WITH_ALTERNATE,195d043e08bed102782022c7fcaacee95218b41c9c6f2de2a05941c97e5aaef6,NONE,0,[],[],true,1,"Safely inspect Valve 7; if Door 3 is unavailable, use another route.",results/indicative-twin-hierarchy-a/raw/cases.jsonl
a,133,REACH_PUMP2_WITH_RECHARGE,eb9a9347b033dc5d37bc85ce9ed2965bde60f57b12e794b4cb6ea0ab54826c16,ROUTE_BLOCKED,1,"[""ROUTE_BLOCKED""]","[""UNAVAILABLE""]",true,1,"Reach Pump 2, but recharge first if estimated battery is insufficient.",results/indicative-twin-hierarchy-a/raw/cases.jsonl
a,133,REPLAN_ON_RESTRICTION,840ff342f735b2444a4fc771f15484c0a004cddc1fc0b63fa47057c8dcf077ff,ROOM_RESTRICTED,1,"[""ROOM_RESTRICTED""]","[""RESTRICTED""]",true,1,Safely inspect Valve 7 and replan if a room becomes restricted.,results/indicative-twin-hierarchy-a/raw/cases.jsonl
a,133,STORE_CARRIED_TOOL,b709cad17a83b552532a143697ef6a1ce8ac4c94317f6f9aeeced1aaad944764,ROUTE_BLOCKED,1,"[""ROUTE_BLOCKED""]","[""UNAVAILABLE""]",true,1,Find a safe location for the carried tool.,results/indicative-twin-hierarchy-a/raw/cases.jsonl
a,134,INSPECT_NEAREST_COOLANT,8e35c316d38a07775167dca4a68a531f17d3781bbbda590972b39b7c5acd0709,NONE,0,[],[],true,1,Inspect the nearest coolant valve without entering a restricted room.,results/indicative-twin-hierarchy-a/raw/cases.jsonl
a,134,INSPECT_VALVE7_WITH_ALTERNATE,408b361c8ea161eb31a08f60c621377046bafd3ec974d9e133e068f1d9252c87,ROUTE_BLOCKED,1,"[""ROUTE_BLOCKED""]","[""UNAVAILABLE""]",false,0,"Inspect Valve 7; if Door 3 is unavailable, use another route.",results/indicative-twin-hierarchy-a/raw/cases.jsonl
a,134,REACH_PUMP2_WITH_RECHARGE,207aec06e26289657d7f08ab3570e9539b809a26a4a49ece07853fae6965721a,NONE,0,[],[],false,0,"Reach Pump 2, but recharge first if estimated battery is insufficient.",results/indicative-twin-hierarchy-a/raw/cases.jsonl
a,134,REPLAN_ON_RESTRICTION,cc35f4e993749b4fa7eff65bd7b426765f8473a8be5897b33d0c31aad8ba5fed,ROOM_RESTRICTED,1,"[""ROOM_RESTRICTED""]","[""RESTRICTED""]",true,1,Inspect Valve 7 and replan if a room becomes restricted.,results/indicative-twin-hierarchy-a/raw/cases.jsonl
a,134,STORE_CARRIED_TOOL,2f690be2ab944843dcbc23e40472ac7d57a156492fe0e6a60525819e799323f8,ROUTE_BLOCKED,1,"[""ROUTE_BLOCKED""]","[""UNAVAILABLE""]",false,0,Find a safe location for the carried tool.,results/indicative-twin-hierarchy-a/raw/cases.jsonl
a,135,INSPECT_NEAREST_COOLANT,a6cb57fdf95a560e7232d50cb9ba1129525a9c031219876ccf05edd7b8daa7b5,INSTRUCTION_CHANGED+ROUTE_BLOCKED,2,"[""ROUTE_BLOCKED"",""INSTRUCTION_CHANGED""]","[""UNAVAILABLE"",""AVOID_ROOM:ElectricalRoom""]",true,1,Safely inspect the nearest coolant valve without entering a restricted room.,results/indicative-twin-hierarchy-a/raw/cases.jsonl
a,135,INSPECT_VALVE7_WITH_ALTERNATE,13ede58a2baaab70f22c9aca1c99c2480467dcacd8987cacd8765ad5e606c9eb,INSTRUCTION_CHANGED,1,"[""INSTRUCTION_CHANGED""]","[""AVOID_ROOM:ElectricalRoom""]",true,2,"Safely inspect Valve 7; if Door 3 is unavailable, use another route.",results/indicative-twin-hierarchy-a/raw/cases.jsonl
a,135,REACH_PUMP2_WITH_RECHARGE,b034403a61dd195aca83d792d5187e0b7390783cd079d0a8bbc8780f4b3517f4,INSTRUCTION_CHANGED,1,"[""INSTRUCTION_CHANGED""]","[""AVOID_ROOM:ElectricalRoom""]",true,1,"Reach Pump 2, but recharge first if estimated battery is insufficient.",results/indicative-twin-hierarchy-a/raw/cases.jsonl
a,135,REPLAN_ON_RESTRICTION,ef4f51c5df079cd679e6372d110b6018075c731d5ab0e60d721fa766ef02e67b,INSTRUCTION_CHANGED+ROOM_RESTRICTED,2,"[""INSTRUCTION_CHANGED"",""ROOM_RESTRICTED""]","[""AVOID_ROOM:ElectricalRoom"",""RESTRICTED""]",false,0,Safely inspect Valve 7 and replan if a room becomes restricted.,results/indicative-twin-hierarchy-a/raw/cases.jsonl
a,135,STORE_CARRIED_TOOL,809a437d6e43033b740be00d4a6734607fd91aca88cfeca8111fb37958d9a1c5,INSTRUCTION_CHANGED+ROUTE_BLOCKED,2,"[""ROUTE_BLOCKED"",""INSTRUCTION_CHANGED""]","[""UNAVAILABLE"",""AVOID_ROOM:ElectricalRoom""]",true,2,Find a safe location for the carried tool.,results/indicative-twin-hierarchy-a/raw/cases.jsonl
a,136,INSPECT_NEAREST_COOLANT,a058fce21c01649b738e1705f2e9e5009fbd20ddc36cbf1ac32a1aba71bd2226,ROUTE_BLOCKED,1,"[""ROUTE_BLOCKED""]","[""UNAVAILABLE""]",true,1,Inspect the nearest coolant valve without entering a restricted room.,results/indicative-twin-hierarchy-a/raw/cases.jsonl
a,136,INSPECT_VALVE7_WITH_ALTERNATE,62ea5a4ae52bfb0a9aa2b933c38bd4d2a3db96ec18e1581ee0f3284f2f1780a5,ROUTE_BLOCKED,1,"[""ROUTE_BLOCKED""]","[""UNAVAILABLE""]",true,1,"Inspect Valve 7; if Door 3 is unavailable, use another route.",results/indicative-twin-hierarchy-a/raw/cases.jsonl
a,136,REACH_PUMP2_WITH_RECHARGE,a673df1180cea32f60a23b44ff9d3fdbf30fae3d34d29084b3af272d366db3f5,NONE,0,[],[],true,1,"Reach Pump 2, but recharge first if estimated battery is insufficient.",results/indicative-twin-hierarchy-a/raw/cases.jsonl
a,136,REPLAN_ON_RESTRICTION,15762cea07c5f73dd941cacf1e85785779f0c24181ac17c1a6a1b42d4e7ac6d9,ROOM_RESTRICTED+ROUTE_BLOCKED,2,"[""ROUTE_BLOCKED"",""ROOM_RESTRICTED""]","[""UNAVAILABLE"",""RESTRICTED""]",false,0,Inspect Valve 7 and replan if a room becomes restricted.,results/indicative-twin-hierarchy-a/raw/cases.jsonl
a,136,STORE_CARRIED_TOOL,b8c6356c742564b11ed05a6a52b73add239f7e3fb11a806a27924eaab2181100,NONE,0,[],[],false,0,Find a safe location for the carried tool.,results/indicative-twin-hierarchy-a/raw/cases.jsonl
a,137,INSPECT_NEAREST_COOLANT,19365a75e70c7bd8af6486515585311aa6ab2cfbd5da3e02b471466e34b34220,NONE,0,[],[],true,1,Safely inspect the nearest coolant valve without entering a restricted room.,results/indicative-twin-hierarchy-a/raw/cases.jsonl
a,137,INSPECT_VALVE7_WITH_ALTERNATE,cda025eef3fd7295bb8b1071384844e6f01815093a782ad073ec642821922baf,NONE,0,[],[],false,0,"Safely inspect Valve 7; if Door 3 is unavailable, use another route.",results/indicative-twin-hierarchy-a/raw/cases.jsonl
a,137,REACH_PUMP2_WITH_RECHARGE,e2b2d67c87987426666ea679efd1cced6ea817b3e6e6a70f800c0c8044a3937f,ROUTE_BLOCKED,1,"[""ROUTE_BLOCKED""]","[""UNAVAILABLE""]",false,0,"Reach Pump 2, but recharge first if estimated battery is insufficient.",results/indicative-twin-hierarchy-a/raw/cases.jsonl
a,137,REPLAN_ON_RESTRICTION,f132a78c1e972c9ca21967c5bd1dbd70027aadb8d44e7a3a3e02667ec5556028,ROOM_RESTRICTED,1,"[""ROOM_RESTRICTED""]","[""RESTRICTED""]",true,1,Safely inspect Valve 7 and replan if a room becomes restricted.,results/indicative-twin-hierarchy-a/raw/cases.jsonl
a,137,STORE_CARRIED_TOOL,da777e857f2dcf78935f5c94722569645bd6e149934cebd9a417002959bc5e11,NONE,0,[],[],true,1,Find a safe location for the carried tool.,results/indicative-twin-hierarchy-a/raw/cases.jsonl
a,138,INSPECT_NEAREST_COOLANT,ab81c0c5396a5dc37567b08765936c13961959f53a1a9510b8673352f19935a7,NONE,0,[],[],false,0,Inspect the nearest coolant valve without entering a restricted room.,results/indicative-twin-hierarchy-a/raw/cases.jsonl
a,138,INSPECT_VALVE7_WITH_ALTERNATE,439f2a0f1fc38f48c9a0efbcb86180cb5b5ee556289618d311f06ec5de1c9f75,ROUTE_BLOCKED,1,"[""ROUTE_BLOCKED""]","[""UNAVAILABLE""]",true,2,"Inspect Valve 7; if Door 3 is unavailable, use another route.",results/indicative-twin-hierarchy-a/raw/cases.jsonl
a,138,REACH_PUMP2_WITH_RECHARGE,78e0f38ea03320d6dbe6cf68b67c354c47c1aa3362c39cfdf6fbbe8bc574b149,ROUTE_BLOCKED,1,"[""ROUTE_BLOCKED""]","[""UNAVAILABLE""]",true,1,"Reach Pump 2, but recharge first if estimated battery is insufficient.",results/indicative-twin-hierarchy-a/raw/cases.jsonl
a,138,REPLAN_ON_RESTRICTION,7547561608b33cfa189e986c84bc1f6c48b5b3d5a4d5e23ccc8187aac093d9a4,ROOM_RESTRICTED+ROUTE_BLOCKED,2,"[""ROUTE_BLOCKED"",""ROOM_RESTRICTED""]","[""UNAVAILABLE"",""RESTRICTED""]",true,2,Inspect Valve 7 and replan if a room becomes restricted.,results/indicative-twin-hierarchy-a/raw/cases.jsonl
a,138,STORE_CARRIED_TOOL,1bd3a48d101cc2a54f4cb2bb960edb7b938604c489d155c1b08a8db7914f76bf,NONE,0,[],[],false,0,Find a safe location for the carried tool.,results/indicative-twin-hierarchy-a/raw/cases.jsonl
a,139,INSPECT_NEAREST_COOLANT,c15ccaf0e298fc249f8c9221cf0b8ddedebb6552295119d86cb7884b2027f367,ROUTE_BLOCKED,1,"[""ROUTE_BLOCKED""]","[""UNAVAILABLE""]",true,1,Safely inspect the nearest coolant valve without entering a restricted room.,results/indicative-twin-hierarchy-a/raw/cases.jsonl
a,139,INSPECT_VALVE7_WITH_ALTERNATE,36e9a49acf6d154648bcd936b8303ba3fbc2393f9dd790643ff7f50a5d0cf6e7,ROUTE_BLOCKED,1,"[""ROUTE_BLOCKED""]","[""UNAVAILABLE""]",false,0,"Safely inspect Valve 7; if Door 3 is unavailable, use another route.",results/indicative-twin-hierarchy-a/raw/cases.jsonl
a,139,REACH_PUMP2_WITH_RECHARGE,c3667fb9a35f60cdcaf6d9faa21a9e8bda8c3c36b185e34b3bc24ab18e3b2f42,NONE,0,[],[],false,0,"Reach Pump 2, but recharge first if estimated battery is insufficient.",results/indicative-twin-hierarchy-a/raw/cases.jsonl
a,139,REPLAN_ON_RESTRICTION,7cd642237f9d8dae57cbebe794d5350099bc56439210f27fc37853011cdba722,ROOM_RESTRICTED,1,"[""ROOM_RESTRICTED""]","[""RESTRICTED""]",false,0,Safely inspect Valve 7 and replan if a room becomes restricted.,results/indicative-twin-hierarchy-a/raw/cases.jsonl
a,139,STORE_CARRIED_TOOL,105d11df3a930647be1c183ed4e49feb966329139792db69c9dacd586bc41bad,NONE,0,[],[],false,0,Find a safe location for the carried tool.,results/indicative-twin-hierarchy-a/raw/cases.jsonl
a,140,INSPECT_NEAREST_COOLANT,381293abf71eb0e347856152e6ede06a4f38e7fcce667ac859ef0371c45fcf8d,INSTRUCTION_CHANGED+ROUTE_BLOCKED,2,"[""ROUTE_BLOCKED"",""INSTRUCTION_CHANGED""]","[""UNAVAILABLE"",""AVOID_ROOM:ElectricalRoom""]",false,0,Inspect the nearest coolant valve without entering a restricted room.,results/indicative-twin-hierarchy-a/raw/cases.jsonl
a,140,INSPECT_VALVE7_WITH_ALTERNATE,6924e6ce241e7334b5d19a3a8f659cf3ebf8617f5ad9007efb737524b2422a70,INSTRUCTION_CHANGED,1,"[""INSTRUCTION_CHANGED""]","[""AVOID_ROOM:ElectricalRoom""]",false,0,"Inspect Valve 7; if Door 3 is unavailable, use another route.",results/indicative-twin-hierarchy-a/raw/cases.jsonl
a,140,REACH_PUMP2_WITH_RECHARGE,67dee29db9525305e7e0cffb08ff0ab4109afc575ceaaa8240a2d01c6e0fcdd5,INSTRUCTION_CHANGED,1,"[""INSTRUCTION_CHANGED""]","[""AVOID_ROOM:ElectricalRoom""]",true,1,"Reach Pump 2, but recharge first if estimated battery is insufficient.",results/indicative-twin-hierarchy-a/raw/cases.jsonl
a,140,REPLAN_ON_RESTRICTION,ddb483d7a441430b75859225d9c73a2f5fca570255d7f4995dac0d3b2eb9fd35,INSTRUCTION_CHANGED+ROOM_RESTRICTED,2,"[""INSTRUCTION_CHANGED"",""ROOM_RESTRICTED""]","[""AVOID_ROOM:ElectricalRoom"",""RESTRICTED""]",false,0,Inspect Valve 7 and replan if a room becomes restricted.,results/indicative-twin-hierarchy-a/raw/cases.jsonl
a,140,STORE_CARRIED_TOOL,f29871905b2b0803f55bd3ce859a6c4ad59163a48cafc090e2984567ee4be7ef,INSTRUCTION_CHANGED+ROUTE_BLOCKED,2,"[""ROUTE_BLOCKED"",""INSTRUCTION_CHANGED""]","[""UNAVAILABLE"",""AVOID_ROOM:ElectricalRoom""]",false,0,Find a safe location for the carried tool.,results/indicative-twin-hierarchy-a/raw/cases.jsonl
a,141,INSPECT_NEAREST_COOLANT,b0a1d82f08a954ea3ccc49fbbf4648200f5157a9fda2469c59e81313bf6724ad,NONE,0,[],[],false,0,Safely inspect the nearest coolant valve without entering a restricted room.,results/indicative-twin-hierarchy-a/raw/cases.jsonl
a,141,INSPECT_VALVE7_WITH_ALTERNATE,0f3648fe0d46289c37c600fcb699acd78bf0421657dba0107c09b051691d671c,ROUTE_BLOCKED,1,"[""ROUTE_BLOCKED""]","[""UNAVAILABLE""]",true,1,"Safely inspect Valve 7; if Door 3 is unavailable, use another route.",results/indicative-twin-hierarchy-a/raw/cases.jsonl
a,141,REACH_PUMP2_WITH_RECHARGE,887e4cfb9e42b33ada56416d41bdccf1cd7f35de74f476bb9086f25ec694670c,NONE,0,[],[],true,1,"Reach Pump 2, but recharge first if estimated battery is insufficient.",results/indicative-twin-hierarchy-a/raw/cases.jsonl
a,141,REPLAN_ON_RESTRICTION,3e962c37b532c115ce67ad81ec3321fff6d838acde1c071e28dd24dce3c63904,ROOM_RESTRICTED+ROUTE_BLOCKED,2,"[""ROUTE_BLOCKED"",""ROOM_RESTRICTED""]","[""UNAVAILABLE"",""RESTRICTED""]",false,0,Safely inspect Valve 7 and replan if a room becomes restricted.,results/indicative-twin-hierarchy-a/raw/cases.jsonl
a,141,STORE_CARRIED_TOOL,8c1c4257f5e78cbc7a81c121b3395d55a6d9e5078d0672d3be189c20bbd02513,NONE,0,[],[],true,2,Find a safe location for the carried tool.,results/indicative-twin-hierarchy-a/raw/cases.jsonl
a,142,INSPECT_NEAREST_COOLANT,ab6c7b6e239fb1cb21f31bcbc3b79cad2e25035da11dfbab1105ee2abc1eb0a6,NONE,0,[],[],false,0,Inspect the nearest coolant valve without entering a restricted room.,results/indicative-twin-hierarchy-a/raw/cases.jsonl
a,142,INSPECT_VALVE7_WITH_ALTERNATE,76a3c3a063212a97909dce7bc019c01f60def6cdc1d902ff8df6812f07637b35,NONE,0,[],[],false,0,"Inspect Valve 7; if Door 3 is unavailable, use another route.",results/indicative-twin-hierarchy-a/raw/cases.jsonl
a,142,REACH_PUMP2_WITH_RECHARGE,7fc2adeeeaeefc42bb4343ef688706a7cce382569c01cb81e2d10e9575f11c20,NONE,0,[],[],false,0,"Reach Pump 2, but recharge first if estimated battery is insufficient.",results/indicative-twin-hierarchy-a/raw/cases.jsonl
a,142,REPLAN_ON_RESTRICTION,045bf842eaca6a6c5bb8e83ae7bbb832f07fd34d69b795d530d1f16e9bee778d,ROOM_RESTRICTED,1,"[""ROOM_RESTRICTED""]","[""RESTRICTED""]",true,1,Inspect Valve 7 and replan if a room becomes restricted.,results/indicative-twin-hierarchy-a/raw/cases.jsonl
a,142,STORE_CARRIED_TOOL,375f69695c2d210728fd8607c76a077eaa73b28d80c571f88252831d3469b533,NONE,0,[],[],true,1,Find a safe location for the carried tool.,results/indicative-twin-hierarchy-a/raw/cases.jsonl
a,143,INSPECT_NEAREST_COOLANT,12a05cd4f03a64bceca92c55576912a79cec92f34814223cba43a5c7e3b4202f,NONE,0,[],[],false,0,Safely inspect the nearest coolant valve without entering a restricted room.,results/indicative-twin-hierarchy-a/raw/cases.jsonl
a,143,INSPECT_VALVE7_WITH_ALTERNATE,06e18033293ec078499c46d1f282076f59244539b35c562bb69e124055c4eebc,NONE,0,[],[],true,1,"Safely inspect Valve 7; if Door 3 is unavailable, use another route.",results/indicative-twin-hierarchy-a/raw/cases.jsonl
a,143,REACH_PUMP2_WITH_RECHARGE,dac9f1c94bdad74a14d024ef4483c14e686d71cd37a01e6444b857825b29e58d,NONE,0,[],[],true,1,"Reach Pump 2, but recharge first if estimated battery is insufficient.",results/indicative-twin-hierarchy-a/raw/cases.jsonl
a,143,REPLAN_ON_RESTRICTION,9576cebfa081a12f88f3ef3c4c8100c0413aee57f5a768037da03cd8d0cad6cc,ROOM_RESTRICTED,1,"[""ROOM_RESTRICTED""]","[""RESTRICTED""]",true,1,Safely inspect Valve 7 and replan if a room becomes restricted.,results/indicative-twin-hierarchy-a/raw/cases.jsonl
a,143,STORE_CARRIED_TOOL,077e340efa9a63fdbecf4853f2d2f1c294c98b6a1680540fdae0ac7764c3325f,NONE,0,[],[],false,0,Find a safe location for the carried tool.,results/indicative-twin-hierarchy-a/raw/cases.jsonl
a,144,INSPECT_NEAREST_COOLANT,143da04abfe4a9bd8c9a749a2acc8072e30e1edec49766cbffe81845dac8891d,ROUTE_BLOCKED,1,"[""ROUTE_BLOCKED""]","[""UNAVAILABLE""]",true,1,Inspect the nearest coolant valve without entering a restricted room.,results/indicative-twin-hierarchy-a/raw/cases.jsonl
a,144,INSPECT_VALVE7_WITH_ALTERNATE,c9a5b3178de7cc0ad3c2c0f1fac928e5bb2bc617550f8bb5bbfc2ac3454c8f3e,NONE,0,[],[],false,0,"Inspect Valve 7; if Door 3 is unavailable, use another route.",results/indicative-twin-hierarchy-a/raw/cases.jsonl
a,144,REACH_PUMP2_WITH_RECHARGE,9141cce867e4125422b31360339680effa4dc72dafe188292592098961149e96,ROUTE_BLOCKED,1,"[""ROUTE_BLOCKED""]","[""UNAVAILABLE""]",false,0,"Reach Pump 2, but recharge first if estimated battery is insufficient.",results/indicative-twin-hierarchy-a/raw/cases.jsonl
a,144,REPLAN_ON_RESTRICTION,209ef132232a96eb7d8e5d58e71006e86558ab406bf85e8ffe7457c3fc73197f,ROOM_RESTRICTED,1,"[""ROOM_RESTRICTED""]","[""RESTRICTED""]",true,2,Inspect Valve 7 and replan if a room becomes restricted.,results/indicative-twin-hierarchy-a/raw/cases.jsonl
a,144,STORE_CARRIED_TOOL,7158d28ba78236f7b2655561fb94b663f38c30df204b258ee35c12e40e04c901,ROUTE_BLOCKED,1,"[""ROUTE_BLOCKED""]","[""UNAVAILABLE""]",true,1,Find a safe location for the carried tool.,results/indicative-twin-hierarchy-a/raw/cases.jsonl
a,145,INSPECT_NEAREST_COOLANT,99cb6d1189e0a7761556af457024eafe48f17fd6472255357fbe6e723c14feb9,INSTRUCTION_CHANGED,1,"[""INSTRUCTION_CHANGED""]","[""AVOID_ROOM:ElectricalRoom""]",true,1,Safely inspect the nearest coolant valve without entering a restricted room.,results/indicative-twin-hierarchy-a/raw/cases.jsonl
a,145,INSPECT_VALVE7_WITH_ALTERNATE,997d05bfd83f531415c4778223e8ca9f54dd89585ac580c331c2950931324306,INSTRUCTION_CHANGED,1,"[""INSTRUCTION_CHANGED""]","[""AVOID_ROOM:ElectricalRoom""]",true,1,"Safely inspect Valve 7; if Door 3 is unavailable, use another route.",results/indicative-twin-hierarchy-a/raw/cases.jsonl
a,145,REACH_PUMP2_WITH_RECHARGE,34df208516af5d521c22a7eb5c6f809857d515520e573a6d594a861545c436cb,INSTRUCTION_CHANGED,1,"[""INSTRUCTION_CHANGED""]","[""AVOID_ROOM:ElectricalRoom""]",false,0,"Reach Pump 2, but recharge first if estimated battery is insufficient.",results/indicative-twin-hierarchy-a/raw/cases.jsonl
a,145,REPLAN_ON_RESTRICTION,35a94c31ad16a2532b4903d1e7db8cc542ec5799fa8da0d307a29d817d7fe357,INSTRUCTION_CHANGED+ROOM_RESTRICTED+ROUTE_BLOCKED,3,"[""ROUTE_BLOCKED"",""INSTRUCTION_CHANGED"",""ROOM_RESTRICTED""]","[""UNAVAILABLE"",""AVOID_ROOM:ElectricalRoom"",""RESTRICTED""]",true,1,Safely inspect Valve 7 and replan if a room becomes restricted.,results/indicative-twin-hierarchy-a/raw/cases.jsonl
a,145,STORE_CARRIED_TOOL,42f03ad4204f22a74a48324b2a76a1404022e48f3b21f0cef94bea9c2cb47152,INSTRUCTION_CHANGED,1,"[""INSTRUCTION_CHANGED""]","[""AVOID_ROOM:ElectricalRoom""]",false,0,Find a safe location for the carried tool.,results/indicative-twin-hierarchy-a/raw/cases.jsonl
a,146,INSPECT_NEAREST_COOLANT,3e30402144e68b4bd00026b636c469fff0e833bf44d2020ed79b38d789719ad7,NONE,0,[],[],false,0,Inspect the nearest coolant valve without entering a restricted room.,results/indicative-twin-hierarchy-a/raw/cases.jsonl
a,146,INSPECT_VALVE7_WITH_ALTERNATE,1b3922a64b7fdcc61efaa6f1878f3efbf77f282a522e53d0275c7ac392bd916b,NONE,0,[],[],true,1,"Inspect Valve 7; if Door 3 is unavailable, use another route.",results/indicative-twin-hierarchy-a/raw/cases.jsonl
a,146,REACH_PUMP2_WITH_RECHARGE,95c0932ec48e1a06eedbd9ae3b86068ccc235358bfc5dbd2e76f69010c40da51,ROUTE_BLOCKED,1,"[""ROUTE_BLOCKED""]","[""UNAVAILABLE""]",false,0,"Reach Pump 2, but recharge first if estimated battery is insufficient.",results/indicative-twin-hierarchy-a/raw/cases.jsonl
a,146,REPLAN_ON_RESTRICTION,7e0e4e910be534f16214300cc617fb66e510597a20ce2181cf3889b2fe42a202,ROOM_RESTRICTED,1,"[""ROOM_RESTRICTED""]","[""RESTRICTED""]",false,0,Inspect Valve 7 and replan if a room becomes restricted.,results/indicative-twin-hierarchy-a/raw/cases.jsonl
a,146,STORE_CARRIED_TOOL,2e2ca720204ef8fe498f101a8f237b5f1a324bd29b8fec684c569aec87ccf050,ROUTE_BLOCKED,1,"[""ROUTE_BLOCKED""]","[""UNAVAILABLE""]",true,1,Find a safe location for the carried tool.,results/indicative-twin-hierarchy-a/raw/cases.jsonl
a,147,INSPECT_NEAREST_COOLANT,9bcbf19b63bc93a3b10b22d2a5223f9d4dea19c9d18b7cffc1bf74ba4a66bf8b,NONE,0,[],[],true,1,Safely inspect the nearest coolant valve without entering a restricted room.,results/indicative-twin-hierarchy-a/raw/cases.jsonl
a,147,INSPECT_VALVE7_WITH_ALTERNATE,1a4627164a1d3552995fc69a525dc578a22d9282cdef56650c4ec9601764a06a,NONE,0,[],[],true,1,"Safely inspect Valve 7; if Door 3 is unavailable, use another route.",results/indicative-twin-hierarchy-a/raw/cases.jsonl
a,147,REACH_PUMP2_WITH_RECHARGE,a2eeed3530f1662d35f50690c2c906f8550f5009e819ef84b89c9d49cce61dc2,NONE,0,[],[],false,0,"Reach Pump 2, but recharge first if estimated battery is insufficient.",results/indicative-twin-hierarchy-a/raw/cases.jsonl
a,147,REPLAN_ON_RESTRICTION,eb5c3460963807b549a6dbfcb810f512ade1b4feb0155f3e018dc20ffb520a0e,ROOM_RESTRICTED,1,"[""ROOM_RESTRICTED""]","[""RESTRICTED""]",true,1,Safely inspect Valve 7 and replan if a room becomes restricted.,results/indicative-twin-hierarchy-a/raw/cases.jsonl
a,147,STORE_CARRIED_TOOL,91bfdb16c1f6e8579c54826dee0595cd726dee1ff3179dad427e7b6f27711c39,NONE,0,[],[],false,0,Find a safe location for the carried tool.,results/indicative-twin-hierarchy-a/raw/cases.jsonl
a,148,INSPECT_NEAREST_COOLANT,009a4ce5caf667e91b2aead104f4f643df12a3fd90ed858f79e7b7c0734612a8,NONE,0,[],[],false,0,Inspect the nearest coolant valve without entering a restricted room.,results/indicative-twin-hierarchy-a/raw/cases.jsonl
a,148,INSPECT_VALVE7_WITH_ALTERNATE,b478ba7909842567f95488f349c7ea8134ea37cf7081612b6dd3ff8f95cc73cb,NONE,0,[],[],true,1,"Inspect Valve 7; if Door 3 is unavailable, use another route.",results/indicative-twin-hierarchy-a/raw/cases.jsonl
a,148,REACH_PUMP2_WITH_RECHARGE,2bafde692c7ca01e149162c39a8c6dd0f8afc7f9a9fa37492734074861e9dba1,NONE,0,[],[],false,0,"Reach Pump 2, but recharge first if estimated battery is insufficient.",results/indicative-twin-hierarchy-a/raw/cases.jsonl
a,148,REPLAN_ON_RESTRICTION,325352efe7f587c1244dd170999f7d9ecbc18b53d55c4995ccd7684764451e42,ROOM_RESTRICTED,1,"[""ROOM_RESTRICTED""]","[""RESTRICTED""]",false,0,Inspect Valve 7 and replan if a room becomes restricted.,results/indicative-twin-hierarchy-a/raw/cases.jsonl
a,148,STORE_CARRIED_TOOL,effc86a7b8d0e074a145e384dca5be8d5bb40ee5333e545e357941701c534362,ROUTE_BLOCKED,1,"[""ROUTE_BLOCKED""]","[""UNAVAILABLE""]",true,1,Find a safe location for the carried tool.,results/indicative-twin-hierarchy-a/raw/cases.jsonl
a,149,INSPECT_NEAREST_COOLANT,0249a608552f1e0d779fb22839af75cc84fac8c63ba69fd9e7b476a7053076ff,ROUTE_BLOCKED,1,"[""ROUTE_BLOCKED""]","[""UNAVAILABLE""]",true,1,Safely inspect the nearest coolant valve without entering a restricted room.,results/indicative-twin-hierarchy-a/raw/cases.jsonl
a,149,INSPECT_VALVE7_WITH_ALTERNATE,8e43bb0f502ae529616fd13def4e508a35e3c8d16e34a23a4b491be9d0b3d7a6,NONE,0,[],[],false,0,"Safely inspect Valve 7; if Door 3 is unavailable, use another route.",results/indicative-twin-hierarchy-a/raw/cases.jsonl
a,149,REACH_PUMP2_WITH_RECHARGE,34f8cc75bb0f47b7d1607ce8cc055a718d29b00c2c29ef1c99dfd07101690a9d,ROUTE_BLOCKED,1,"[""ROUTE_BLOCKED""]","[""UNAVAILABLE""]",false,0,"Reach Pump 2, but recharge first if estimated battery is insufficient.",results/indicative-twin-hierarchy-a/raw/cases.jsonl
a,149,REPLAN_ON_RESTRICTION,e104cbe961885d7785140bd00d146616d30ecd80b772988939a7dce626c6b080,ROOM_RESTRICTED,1,"[""ROOM_RESTRICTED""]","[""RESTRICTED""]",false,0,Safely inspect Valve 7 and replan if a room becomes restricted.,results/indicative-twin-hierarchy-a/raw/cases.jsonl
a,149,STORE_CARRIED_TOOL,5d1ef9307c685936f89b9d387bba4fc2d013e3fb627a2ad8f8011174876e303e,ROUTE_BLOCKED,1,"[""ROUTE_BLOCKED""]","[""UNAVAILABLE""]",false,0,Find a safe location for the carried tool.,results/indicative-twin-hierarchy-a/raw/cases.jsonl
a,150,INSPECT_NEAREST_COOLANT,725b847d34c56136ab7c137b0413bb2a9d6b912c3ef0d33b6a26987576ac0b70,INSTRUCTION_CHANGED+ROUTE_BLOCKED,2,"[""ROUTE_BLOCKED"",""INSTRUCTION_CHANGED""]","[""UNAVAILABLE"",""AVOID_ROOM:ElectricalRoom""]",true,1,Inspect the nearest coolant valve without entering a restricted room.,results/indicative-twin-hierarchy-a/raw/cases.jsonl
a,150,INSPECT_VALVE7_WITH_ALTERNATE,19c906e92e7d0bf2fcd8b5e88a8c63634dbe18fdd7c5bfcd28f2a94d2fe09559,INSTRUCTION_CHANGED,1,"[""INSTRUCTION_CHANGED""]","[""AVOID_ROOM:ElectricalRoom""]",true,1,"Inspect Valve 7; if Door 3 is unavailable, use another route.",results/indicative-twin-hierarchy-a/raw/cases.jsonl
a,150,REACH_PUMP2_WITH_RECHARGE,f5e36493b80e765621c1930baad35b815bca8ac8a1727eb058eabc142c0b6369,INSTRUCTION_CHANGED,1,"[""INSTRUCTION_CHANGED""]","[""AVOID_ROOM:ElectricalRoom""]",true,1,"Reach Pump 2, but recharge first if estimated battery is insufficient.",results/indicative-twin-hierarchy-a/raw/cases.jsonl
a,150,REPLAN_ON_RESTRICTION,dae22c6ec7fb191da400d297c0fde345e809bf06262c88ace284b0f3bf9ff327,INSTRUCTION_CHANGED+ROOM_RESTRICTED,2,"[""INSTRUCTION_CHANGED"",""ROOM_RESTRICTED""]","[""AVOID_ROOM:ElectricalRoom"",""RESTRICTED""]",true,2,Inspect Valve 7 and replan if a room becomes restricted.,results/indicative-twin-hierarchy-a/raw/cases.jsonl
a,150,STORE_CARRIED_TOOL,ca64063bac66c74cf4711fbe58a22a4652a3bd945849574b7f518dc4e6ad750a,INSTRUCTION_CHANGED,1,"[""INSTRUCTION_CHANGED""]","[""AVOID_ROOM:ElectricalRoom""]",true,2,Find a safe location for the carried tool.,results/indicative-twin-hierarchy-a/raw/cases.jsonl
a,151,INSPECT_NEAREST_COOLANT,a87ec596788da7886cb91cef15158eab244f1b7f46996154dcabed8193474b44,NONE,0,[],[],true,1,Safely inspect the nearest coolant valve without entering a restricted room.,results/indicative-twin-hierarchy-a/raw/cases.jsonl
a,151,INSPECT_VALVE7_WITH_ALTERNATE,b918c7e80f7a032529c1a1f6cc2bcf49d23c6d9132afbffa525905e4eda1cec2,NONE,0,[],[],true,1,"Safely inspect Valve 7; if Door 3 is unavailable, use another route.",results/indicative-twin-hierarchy-a/raw/cases.jsonl
a,151,REACH_PUMP2_WITH_RECHARGE,5f8209f71f34a07e0c291ef4d2fed591e717892303f7e9a9db84a93761e9dc52,NONE,0,[],[],true,1,"Reach Pump 2, but recharge first if estimated battery is insufficient.",results/indicative-twin-hierarchy-a/raw/cases.jsonl
a,151,REPLAN_ON_RESTRICTION,6c048e21c9267412ac5db6fe35d93236e90dd3fe062f85e524f2c7026b01a629,ROOM_RESTRICTED+ROUTE_BLOCKED,2,"[""ROUTE_BLOCKED"",""ROOM_RESTRICTED""]","[""UNAVAILABLE"",""RESTRICTED""]",true,1,Safely inspect Valve 7 and replan if a room becomes restricted.,results/indicative-twin-hierarchy-a/raw/cases.jsonl
a,151,STORE_CARRIED_TOOL,65ad2e2c443450617485b024d25953382bf49f5f9a651a482d1045b2c66a772d,NONE,0,[],[],false,0,Find a safe location for the carried tool.,results/indicative-twin-hierarchy-a/raw/cases.jsonl
a,152,INSPECT_NEAREST_COOLANT,55325b0c5103e8df8d47b1e863f209c9c8ced455cc4c0abc90ae9e5ec46eaa7f,ROUTE_BLOCKED,1,"[""ROUTE_BLOCKED""]","[""UNAVAILABLE""]",true,1,Inspect the nearest coolant valve without entering a restricted room.,results/indicative-twin-hierarchy-a/raw/cases.jsonl
a,152,INSPECT_VALVE7_WITH_ALTERNATE,9fa1c19e82076df4a36ceef17ba92f34822a097aa8c4c82763d5f085b78df29c,NONE,0,[],[],true,1,"Inspect Valve 7; if Door 3 is unavailable, use another route.",results/indicative-twin-hierarchy-a/raw/cases.jsonl
a,152,REACH_PUMP2_WITH_RECHARGE,ea624aa7faad0fed3b267791b6e5d71836b0f4b749891d04549df0238a304d93,NONE,0,[],[],false,0,"Reach Pump 2, but recharge first if estimated battery is insufficient.",results/indicative-twin-hierarchy-a/raw/cases.jsonl
a,152,REPLAN_ON_RESTRICTION,c112b22a83797c5902871d1593cde60d7e1cca950427f8f580d0b9c054722bdc,ROOM_RESTRICTED+ROUTE_BLOCKED,2,"[""ROUTE_BLOCKED"",""ROOM_RESTRICTED""]","[""UNAVAILABLE"",""RESTRICTED""]",true,1,Inspect Valve 7 and replan if a room becomes restricted.,results/indicative-twin-hierarchy-a/raw/cases.jsonl
a,152,STORE_CARRIED_TOOL,7a28bcea75b981922e75152666c07776a3691441fd34924102b75c3b09f850f3,NONE,0,[],[],false,0,Find a safe location for the carried tool.,results/indicative-twin-hierarchy-a/raw/cases.jsonl
a,153,INSPECT_NEAREST_COOLANT,d54cae4847f4049248d7299550228fb2d85cc86598c78963c3e6cd6ccabf4f3b,NONE,0,[],[],false,0,Safely inspect the nearest coolant valve without entering a restricted room.,results/indicative-twin-hierarchy-a/raw/cases.jsonl
a,153,INSPECT_VALVE7_WITH_ALTERNATE,dbb0ea0e582d85fd2c2b01870550e0da8420283f7cc3d84cfc851519b145b51a,NONE,0,[],[],true,1,"Safely inspect Valve 7; if Door 3 is unavailable, use another route.",results/indicative-twin-hierarchy-a/raw/cases.jsonl
a,153,REACH_PUMP2_WITH_RECHARGE,49cd3ec8c69560d6bd44d2e6fb4a1e3c6e8fbead3c47b6b004465c2085c5ddd3,NONE,0,[],[],true,2,"Reach Pump 2, but recharge first if estimated battery is insufficient.",results/indicative-twin-hierarchy-a/raw/cases.jsonl
a,153,REPLAN_ON_RESTRICTION,3f7d48c2a67bce936832bea4eb70b995d73bfbec2e555da50f755d07decc4d01,ROOM_RESTRICTED,1,"[""ROOM_RESTRICTED""]","[""RESTRICTED""]",true,1,Safely inspect Valve 7 and replan if a room becomes restricted.,results/indicative-twin-hierarchy-a/raw/cases.jsonl
a,153,STORE_CARRIED_TOOL,859615fcae7b629dc17e1e2f934c30f7d59585ff8d2760c0e68893adcd08f931,NONE,0,[],[],true,1,Find a safe location for the carried tool.,results/indicative-twin-hierarchy-a/raw/cases.jsonl
a,154,INSPECT_NEAREST_COOLANT,fd22b0b0eb20384042023b151da9986781df088bb4af63506062eacfc90e83cd,NONE,0,[],[],false,0,Inspect the nearest coolant valve without entering a restricted room.,results/indicative-twin-hierarchy-a/raw/cases.jsonl
a,154,INSPECT_VALVE7_WITH_ALTERNATE,00894c022f6d83a78154010a585d96584633a01256c196226ea297eeaa4092cf,NONE,0,[],[],true,1,"Inspect Valve 7; if Door 3 is unavailable, use another route.",results/indicative-twin-hierarchy-a/raw/cases.jsonl
a,154,REACH_PUMP2_WITH_RECHARGE,b534a36765a5d878ba15a48f56a8e0ebec679dbf8911ac4f77af1baeef745723,NONE,0,[],[],true,1,"Reach Pump 2, but recharge first if estimated battery is insufficient.",results/indicative-twin-hierarchy-a/raw/cases.jsonl
a,154,REPLAN_ON_RESTRICTION,bafdd6b0f5af063a0b549a52e6bd435b09ea05397fe66f8e15e6a4773fd8b7c0,ROOM_RESTRICTED+ROUTE_BLOCKED,2,"[""ROUTE_BLOCKED"",""ROOM_RESTRICTED""]","[""UNAVAILABLE"",""RESTRICTED""]",true,1,Inspect Valve 7 and replan if a room becomes restricted.,results/indicative-twin-hierarchy-a/raw/cases.jsonl
a,154,STORE_CARRIED_TOOL,d26eb31b60f8d2223f4c7c784c1365ac75c4622b7b8661938a91fc9177c6bcdd,ROUTE_BLOCKED,1,"[""ROUTE_BLOCKED""]","[""UNAVAILABLE""]",false,0,Find a safe location for the carried tool.,results/indicative-twin-hierarchy-a/raw/cases.jsonl
a,155,INSPECT_NEAREST_COOLANT,a24583dc6de47d32d1873d02d8567bf13c673b870925fd4ce7bb9d6386a28a24,INSTRUCTION_CHANGED,1,"[""INSTRUCTION_CHANGED""]","[""AVOID_ROOM:ElectricalRoom""]",true,1,Safely inspect the nearest coolant valve without entering a restricted room.,results/indicative-twin-hierarchy-a/raw/cases.jsonl
a,155,INSPECT_VALVE7_WITH_ALTERNATE,03eae336b3666b3619223ff7b2b3e54789bd6c0661c7b2236f13857a6d404a39,INSTRUCTION_CHANGED,1,"[""INSTRUCTION_CHANGED""]","[""AVOID_ROOM:ElectricalRoom""]",true,1,"Safely inspect Valve 7; if Door 3 is unavailable, use another route.",results/indicative-twin-hierarchy-a/raw/cases.jsonl
a,155,REACH_PUMP2_WITH_RECHARGE,99bdb2ed390d32eed3c94827827e1218a2cc171d8019983688c11fb669b1f6df,INSTRUCTION_CHANGED+ROUTE_BLOCKED,2,"[""ROUTE_BLOCKED"",""INSTRUCTION_CHANGED""]","[""UNAVAILABLE"",""AVOID_ROOM:ElectricalRoom""]",true,1,"Reach Pump 2, but recharge first if estimated battery is insufficient.",results/indicative-twin-hierarchy-a/raw/cases.jsonl
a,155,REPLAN_ON_RESTRICTION,8aea00dd5dd595b7bbab5acd48af62bd2ade478be32bbcc09140aaca718ea13d,INSTRUCTION_CHANGED+ROOM_RESTRICTED+ROUTE_BLOCKED,3,"[""ROUTE_BLOCKED"",""INSTRUCTION_CHANGED"",""ROOM_RESTRICTED""]","[""UNAVAILABLE"",""AVOID_ROOM:ElectricalRoom"",""RESTRICTED""]",false,0,Safely inspect Valve 7 and replan if a room becomes restricted.,results/indicative-twin-hierarchy-a/raw/cases.jsonl
a,155,STORE_CARRIED_TOOL,d223e2443da195318754ae3c98c4675d84b4887c16204c3f77d1e561b65938ba,INSTRUCTION_CHANGED+ROUTE_BLOCKED,2,"[""ROUTE_BLOCKED"",""INSTRUCTION_CHANGED""]","[""UNAVAILABLE"",""AVOID_ROOM:ElectricalRoom""]",false,0,Find a safe location for the carried tool.,results/indicative-twin-hierarchy-a/raw/cases.jsonl
a,156,INSPECT_NEAREST_COOLANT,829f52bca267bac7b6cbd327c033f6dfa7aa2f4aaae6a32f061e0517b825dc45,NONE,0,[],[],true,2,Inspect the nearest coolant valve without entering a restricted room.,results/indicative-twin-hierarchy-a/raw/cases.jsonl
a,156,INSPECT_VALVE7_WITH_ALTERNATE,80be1f42c4c885349e19d871de3324c15aebc4706f7308a3db1800cc93f1d435,ROUTE_BLOCKED,1,"[""ROUTE_BLOCKED""]","[""UNAVAILABLE""]",true,1,"Inspect Valve 7; if Door 3 is unavailable, use another route.",results/indicative-twin-hierarchy-a/raw/cases.jsonl
a,156,REACH_PUMP2_WITH_RECHARGE,4a8422e1206c5046f7969463fd7d65c83ea4b7a733d13dac578f550e0d731c2b,NONE,0,[],[],true,1,"Reach Pump 2, but recharge first if estimated battery is insufficient.",results/indicative-twin-hierarchy-a/raw/cases.jsonl
a,156,REPLAN_ON_RESTRICTION,4759759ffc1b43966d80ffa1e8573d300cb77739ec41048d536561359884d77d,ROOM_RESTRICTED+ROUTE_BLOCKED,2,"[""ROUTE_BLOCKED"",""ROOM_RESTRICTED""]","[""UNAVAILABLE"",""RESTRICTED""]",true,2,Inspect Valve 7 and replan if a room becomes restricted.,results/indicative-twin-hierarchy-a/raw/cases.jsonl
a,156,STORE_CARRIED_TOOL,9418654fbe084e0ffb2fca89de3367ef516ffde257d493fe03e1806e9d5df4b6,NONE,0,[],[],true,1,Find a safe location for the carried tool.,results/indicative-twin-hierarchy-a/raw/cases.jsonl
a,157,INSPECT_NEAREST_COOLANT,76e4263b6d51cba951680f335556e1b3cfc4d05b89455a1be1515b665113b581,NONE,0,[],[],false,0,Safely inspect the nearest coolant valve without entering a restricted room.,results/indicative-twin-hierarchy-a/raw/cases.jsonl
a,157,INSPECT_VALVE7_WITH_ALTERNATE,31e815f8e64ad89393494f76f2c94cb587d9bbc867bd76cdfb81fbce2a2256be,ROUTE_BLOCKED,1,"[""ROUTE_BLOCKED""]","[""UNAVAILABLE""]",true,1,"Safely inspect Valve 7; if Door 3 is unavailable, use another route.",results/indicative-twin-hierarchy-a/raw/cases.jsonl
a,157,REACH_PUMP2_WITH_RECHARGE,a211b0e87800f2e3a430f0563583b16dd863c6c03f8b562ee7155c48eb2ca522,NONE,0,[],[],true,1,"Reach Pump 2, but recharge first if estimated battery is insufficient.",results/indicative-twin-hierarchy-a/raw/cases.jsonl
a,157,REPLAN_ON_RESTRICTION,dfcff5fff07745e9808d32294f8992cbcca85c466179f2c076761c9bbf82fef1,ROOM_RESTRICTED,1,"[""ROOM_RESTRICTED""]","[""RESTRICTED""]",true,1,Safely inspect Valve 7 and replan if a room becomes restricted.,results/indicative-twin-hierarchy-a/raw/cases.jsonl
a,157,STORE_CARRIED_TOOL,9551243f43547079f1d4ea5ab15a40bf086816e914eb8d78ac924c3d24ed3618,NONE,0,[],[],false,0,Find a safe location for the carried tool.,results/indicative-twin-hierarchy-a/raw/cases.jsonl
a,158,INSPECT_NEAREST_COOLANT,900811e8ab3317fb32c4d62658cf535596432866a7d66357f5f712a5561da665,ROUTE_BLOCKED,1,"[""ROUTE_BLOCKED""]","[""UNAVAILABLE""]",false,0,Inspect the nearest coolant valve without entering a restricted room.,results/indicative-twin-hierarchy-a/raw/cases.jsonl
a,158,INSPECT_VALVE7_WITH_ALTERNATE,e4513d7f2dbd755ab6188489043c42a163dc25dd5ad2d2d6bc9de003a9585ffc,NONE,0,[],[],false,0,"Inspect Valve 7; if Door 3 is unavailable, use another route.",results/indicative-twin-hierarchy-a/raw/cases.jsonl
a,158,REACH_PUMP2_WITH_RECHARGE,2f248c0c008420a78ccb2dfbda79bcfb3467f571d99725abdd89dad58842d3e2,ROUTE_BLOCKED,1,"[""ROUTE_BLOCKED""]","[""UNAVAILABLE""]",false,0,"Reach Pump 2, but recharge first if estimated battery is insufficient.",results/indicative-twin-hierarchy-a/raw/cases.jsonl
a,158,REPLAN_ON_RESTRICTION,a91868f12979e2462fc116d4c7286716145d07c7cd7ae3c8f8e34d4030c4f233,ROOM_RESTRICTED,1,"[""ROOM_RESTRICTED""]","[""RESTRICTED""]",true,1,Inspect Valve 7 and replan if a room becomes restricted.,results/indicative-twin-hierarchy-a/raw/cases.jsonl
a,158,STORE_CARRIED_TOOL,825b8f359c02fd8c08bd7a4f5f703a8463b6d3f2f083276ccf998351c289a126,NONE,0,[],[],true,1,Find a safe location for the carried tool.,results/indicative-twin-hierarchy-a/raw/cases.jsonl
a,159,INSPECT_NEAREST_COOLANT,815914c0e64ac6c2ac2ab051a075ad97c31520735c4dc4af7ec5ebc0020eff06,NONE,0,[],[],true,1,Safely inspect the nearest coolant valve without entering a restricted room.,results/indicative-twin-hierarchy-a/raw/cases.jsonl
a,159,INSPECT_VALVE7_WITH_ALTERNATE,25eabc70736a8bbaa6955afacc1d129e0bc84bc36fa5f468acfdc5e01439fceb,NONE,0,[],[],true,2,"Safely inspect Valve 7; if Door 3 is unavailable, use another route.",results/indicative-twin-hierarchy-a/raw/cases.jsonl
a,159,REACH_PUMP2_WITH_RECHARGE,e6aaf4d301b7f5d0f5ae9cd1da9d214d909eabb01f849a6830f215f4874ad640,NONE,0,[],[],false,0,"Reach Pump 2, but recharge first if estimated battery is insufficient.",results/indicative-twin-hierarchy-a/raw/cases.jsonl
a,159,REPLAN_ON_RESTRICTION,ca51180acb8d40b5bd0e1fd070138b989e6d460c4589efe14ea54b6abc2c1d42,ROOM_RESTRICTED,1,"[""ROOM_RESTRICTED""]","[""RESTRICTED""]",false,0,Safely inspect Valve 7 and replan if a room becomes restricted.,results/indicative-twin-hierarchy-a/raw/cases.jsonl
a,159,STORE_CARRIED_TOOL,ccab9f57a380751c5723cea49b9e77961cabe45f5fe6e0ef9affbd52062a3899,ROUTE_BLOCKED,1,"[""ROUTE_BLOCKED""]","[""UNAVAILABLE""]",false,0,Find a safe location for the carried tool.,results/indicative-twin-hierarchy-a/raw/cases.jsonl
b,160,INSPECT_NEAREST_COOLANT,6b47048d7ee669d0cbd3b3ae595b04c5c1548e06d37b1755c2fb0ead53c103f9,INSTRUCTION_CHANGED,1,"[""INSTRUCTION_CHANGED""]","[""AVOID_ROOM:ElectricalRoom""]",true,1,Inspect the nearest coolant valve without entering a restricted room.,results/indicative-twin-hierarchy-b/raw/cases.jsonl
b,160,INSPECT_VALVE7_WITH_ALTERNATE,2423272eb1d8199aad9a5c73b1dd1f9675a449c96e6d417cbbc15eaecc8bec9f,INSTRUCTION_CHANGED,1,"[""INSTRUCTION_CHANGED""]","[""AVOID_ROOM:ElectricalRoom""]",false,0,"Inspect Valve 7; if Door 3 is unavailable, use another route.",results/indicative-twin-hierarchy-b/raw/cases.jsonl
b,160,REACH_PUMP2_WITH_RECHARGE,af962dbcf1e7757f5b18893c045f5c74e03ba95ff3d0777095896ae43afa5da5,INSTRUCTION_CHANGED,1,"[""INSTRUCTION_CHANGED""]","[""AVOID_ROOM:ElectricalRoom""]",false,0,"Reach Pump 2, but recharge first if estimated battery is insufficient.",results/indicative-twin-hierarchy-b/raw/cases.jsonl
b,160,REPLAN_ON_RESTRICTION,e4776517708a86f0d08d90762ad84d4cd43c967b4751646f8812336e94547ce4,INSTRUCTION_CHANGED+ROOM_RESTRICTED,2,"[""INSTRUCTION_CHANGED"",""ROOM_RESTRICTED""]","[""AVOID_ROOM:ElectricalRoom"",""RESTRICTED""]",true,1,Inspect Valve 7 and replan if a room becomes restricted.,results/indicative-twin-hierarchy-b/raw/cases.jsonl
b,160,STORE_CARRIED_TOOL,77b9d12dc4fb698253742852a2937187a39316c218da6c42728e5b63ae8c7c57,INSTRUCTION_CHANGED+ROUTE_BLOCKED,2,"[""ROUTE_BLOCKED"",""INSTRUCTION_CHANGED""]","[""UNAVAILABLE"",""AVOID_ROOM:ElectricalRoom""]",true,1,Find a safe location for the carried tool.,results/indicative-twin-hierarchy-b/raw/cases.jsonl
b,161,INSPECT_NEAREST_COOLANT,1525103032fab5be0bf0fa8236370844a9b3396b361c014d3849fe4f1b5b668b,NONE,0,[],[],true,1,Safely inspect the nearest coolant valve without entering a restricted room.,results/indicative-twin-hierarchy-b/raw/cases.jsonl
b,161,INSPECT_VALVE7_WITH_ALTERNATE,183ef6060bb40809f8f899b019351ac994ca9b58457bde7ec4901be61b9e5622,ROUTE_BLOCKED,1,"[""ROUTE_BLOCKED""]","[""UNAVAILABLE""]",true,1,"Safely inspect Valve 7; if Door 3 is unavailable, use another route.",results/indicative-twin-hierarchy-b/raw/cases.jsonl
b,161,REACH_PUMP2_WITH_RECHARGE,e7132022b4d61035ee205e773c3e9bb6524916fc6d569f308a43a59b547460f5,NONE,0,[],[],false,0,"Reach Pump 2, but recharge first if estimated battery is insufficient.",results/indicative-twin-hierarchy-b/raw/cases.jsonl
b,161,REPLAN_ON_RESTRICTION,799e7e7eb23a4e2eb4f838a3c08517ebf551996f87cef3c4cf8d6d629de344bb,ROOM_RESTRICTED,1,"[""ROOM_RESTRICTED""]","[""RESTRICTED""]",true,1,Safely inspect Valve 7 and replan if a room becomes restricted.,results/indicative-twin-hierarchy-b/raw/cases.jsonl
b,161,STORE_CARRIED_TOOL,553ff440c1f978e67da38fa8b21e1f463c4f8d190ecb594f6d691d497f21c7d4,NONE,0,[],[],false,0,Find a safe location for the carried tool.,results/indicative-twin-hierarchy-b/raw/cases.jsonl
b,162,INSPECT_NEAREST_COOLANT,da5b3624afd0e8f0d27c0a39d0f296727a5aae1b8ddd1df50b00050cec58678d,NONE,0,[],[],false,0,Inspect the nearest coolant valve without entering a restricted room.,results/indicative-twin-hierarchy-b/raw/cases.jsonl
b,162,INSPECT_VALVE7_WITH_ALTERNATE,065d66af52e729d098be4ac0728281a172063fbde3eb6b9b900a109b766f6b84,NONE,0,[],[],true,1,"Inspect Valve 7; if Door 3 is unavailable, use another route.",results/indicative-twin-hierarchy-b/raw/cases.jsonl
b,162,REACH_PUMP2_WITH_RECHARGE,f1e4744ddde7401a4831e2cb4b09b1f89ce78f29936002c4e96cb16492e396c3,NONE,0,[],[],false,0,"Reach Pump 2, but recharge first if estimated battery is insufficient.",results/indicative-twin-hierarchy-b/raw/cases.jsonl
b,162,REPLAN_ON_RESTRICTION,64be1a6a84a0cf3662b09cfc448a9e6e9ebab0d7d96b16c40e0fd537c25765b8,ROOM_RESTRICTED+ROUTE_BLOCKED,2,"[""ROUTE_BLOCKED"",""ROOM_RESTRICTED""]","[""UNAVAILABLE"",""RESTRICTED""]",false,0,Inspect Valve 7 and replan if a room becomes restricted.,results/indicative-twin-hierarchy-b/raw/cases.jsonl
b,162,STORE_CARRIED_TOOL,0102e70c37e25a95e02a4b53fe638b5377f7a1e480df0c4d790c960e8aa86a5a,ROUTE_BLOCKED,1,"[""ROUTE_BLOCKED""]","[""UNAVAILABLE""]",false,0,Find a safe location for the carried tool.,results/indicative-twin-hierarchy-b/raw/cases.jsonl
b,163,INSPECT_NEAREST_COOLANT,7e92ec83630fc2bebd3d84f0c3fc4791ca0ea843e222c1bb25cad6b9a8604351,NONE,0,[],[],false,0,Safely inspect the nearest coolant valve without entering a restricted room.,results/indicative-twin-hierarchy-b/raw/cases.jsonl
b,163,INSPECT_VALVE7_WITH_ALTERNATE,f40a4ef19251e64a508baf9efa1979a3fe1bfd9efe9895221e1704b1b65f80ce,ROUTE_BLOCKED,1,"[""ROUTE_BLOCKED""]","[""UNAVAILABLE""]",true,1,"Safely inspect Valve 7; if Door 3 is unavailable, use another route.",results/indicative-twin-hierarchy-b/raw/cases.jsonl
b,163,REACH_PUMP2_WITH_RECHARGE,ea2ac3bb10a9b3d8393c757f59bd591d8ac2067bf579e92c12a59be7d2671b85,ROUTE_BLOCKED,1,"[""ROUTE_BLOCKED""]","[""UNAVAILABLE""]",true,1,"Reach Pump 2, but recharge first if estimated battery is insufficient.",results/indicative-twin-hierarchy-b/raw/cases.jsonl
b,163,REPLAN_ON_RESTRICTION,5990bf4349debb5f1444235f5e0041aa7cb22eb325e18394c6834085cb6ee980,ROOM_RESTRICTED+ROUTE_BLOCKED,2,"[""ROUTE_BLOCKED"",""ROOM_RESTRICTED""]","[""UNAVAILABLE"",""RESTRICTED""]",true,1,Safely inspect Valve 7 and replan if a room becomes restricted.,results/indicative-twin-hierarchy-b/raw/cases.jsonl
b,163,STORE_CARRIED_TOOL,0d7771bf9466c3d452cdc0fe34a4ce13c4fa8dd574aa06d16e38c545c72bb83e,ROUTE_BLOCKED,1,"[""ROUTE_BLOCKED""]","[""UNAVAILABLE""]",true,1,Find a safe location for the carried tool.,results/indicative-twin-hierarchy-b/raw/cases.jsonl
b,164,INSPECT_NEAREST_COOLANT,10108865d124956a9d652a1836d3f420dc1dba5bdf2ee5332dbe92444b98dcfc,NONE,0,[],[],true,1,Inspect the nearest coolant valve without entering a restricted room.,results/indicative-twin-hierarchy-b/raw/cases.jsonl
b,164,INSPECT_VALVE7_WITH_ALTERNATE,ca9d6fd39d6a12cff3572134637fcda45c44aaef36d50eed467cbba777c56c4a,ROUTE_BLOCKED,1,"[""ROUTE_BLOCKED""]","[""UNAVAILABLE""]",false,0,"Inspect Valve 7; if Door 3 is unavailable, use another route.",results/indicative-twin-hierarchy-b/raw/cases.jsonl
b,164,REACH_PUMP2_WITH_RECHARGE,c80ebc40608319584ba30a1ca8e921fb222660d8ba916b58def707af172aeca8,NONE,0,[],[],true,1,"Reach Pump 2, but recharge first if estimated battery is insufficient.",results/indicative-twin-hierarchy-b/raw/cases.jsonl
b,164,REPLAN_ON_RESTRICTION,186e83e30c7018709913c855b5de515844f78d1a752fdd3cde3308cb2135c5e8,ROOM_RESTRICTED,1,"[""ROOM_RESTRICTED""]","[""RESTRICTED""]",true,1,Inspect Valve 7 and replan if a room becomes restricted.,results/indicative-twin-hierarchy-b/raw/cases.jsonl
b,164,STORE_CARRIED_TOOL,963659b5ef172041a385811a02357a7aeb5776a8c89b255642ae143f82fe455b,ROUTE_BLOCKED,1,"[""ROUTE_BLOCKED""]","[""UNAVAILABLE""]",false,0,Find a safe location for the carried tool.,results/indicative-twin-hierarchy-b/raw/cases.jsonl
b,165,INSPECT_NEAREST_COOLANT,9ffd0cb9955b2193399ee01994cf89b2d08c234244fd05acce7e58dd5bc697da,INSTRUCTION_CHANGED+ROUTE_BLOCKED,2,"[""ROUTE_BLOCKED"",""INSTRUCTION_CHANGED""]","[""UNAVAILABLE"",""AVOID_ROOM:ElectricalRoom""]",false,0,Safely inspect the nearest coolant valve without entering a restricted room.,results/indicative-twin-hierarchy-b/raw/cases.jsonl
b,165,INSPECT_VALVE7_WITH_ALTERNATE,f9ec7fd5bb13f723f65a7161500b26df4fe5f07ead0ef38d59060228271d4ce6,INSTRUCTION_CHANGED,1,"[""INSTRUCTION_CHANGED""]","[""AVOID_ROOM:ElectricalRoom""]",true,1,"Safely inspect Valve 7; if Door 3 is unavailable, use another route.",results/indicative-twin-hierarchy-b/raw/cases.jsonl
b,165,REACH_PUMP2_WITH_RECHARGE,3768e9afbf13f9bde56b861caa0f817d79dd3869e3476da135e5e890bc8ec8ea,INSTRUCTION_CHANGED,1,"[""INSTRUCTION_CHANGED""]","[""AVOID_ROOM:ElectricalRoom""]",true,1,"Reach Pump 2, but recharge first if estimated battery is insufficient.",results/indicative-twin-hierarchy-b/raw/cases.jsonl
b,165,REPLAN_ON_RESTRICTION,69fd63141e36a376289779675b2008425cb96f4b8b0bfad47894c37f0567a7a3,INSTRUCTION_CHANGED+ROOM_RESTRICTED,2,"[""INSTRUCTION_CHANGED"",""ROOM_RESTRICTED""]","[""AVOID_ROOM:ElectricalRoom"",""RESTRICTED""]",false,0,Safely inspect Valve 7 and replan if a room becomes restricted.,results/indicative-twin-hierarchy-b/raw/cases.jsonl
b,165,STORE_CARRIED_TOOL,cb369bad4628f18d97e653ba8efc6ee9916ba7d6136c6dc250d6833360788041,INSTRUCTION_CHANGED,1,"[""INSTRUCTION_CHANGED""]","[""AVOID_ROOM:ElectricalRoom""]",false,0,Find a safe location for the carried tool.,results/indicative-twin-hierarchy-b/raw/cases.jsonl
b,166,INSPECT_NEAREST_COOLANT,39a0f82f4df0199b51bd1e82aede5a00d263fc8faaaf7e45d9ac9d0b351620d4,ROUTE_BLOCKED,1,"[""ROUTE_BLOCKED""]","[""UNAVAILABLE""]",true,1,Inspect the nearest coolant valve without entering a restricted room.,results/indicative-twin-hierarchy-b/raw/cases.jsonl
b,166,INSPECT_VALVE7_WITH_ALTERNATE,313504ea6d1f2267c902eb6521ccb71ee377d9724e7db4fbeee5a851d8b58f70,ROUTE_BLOCKED,1,"[""ROUTE_BLOCKED""]","[""UNAVAILABLE""]",true,1,"Inspect Valve 7; if Door 3 is unavailable, use another route.",results/indicative-twin-hierarchy-b/raw/cases.jsonl
b,166,REACH_PUMP2_WITH_RECHARGE,ca98065b1fac33d8d505c4631562c5c2a728bb9d3921f877207a31ba43abdf65,ROUTE_BLOCKED,1,"[""ROUTE_BLOCKED""]","[""UNAVAILABLE""]",true,1,"Reach Pump 2, but recharge first if estimated battery is insufficient.",results/indicative-twin-hierarchy-b/raw/cases.jsonl
b,166,REPLAN_ON_RESTRICTION,3dd4739bba9897bd9b1e0f48e8303d7f84a1e0c57fd725f8ecff7168e8077223,ROOM_RESTRICTED,1,"[""ROOM_RESTRICTED""]","[""RESTRICTED""]",false,0,Inspect Valve 7 and replan if a room becomes restricted.,results/indicative-twin-hierarchy-b/raw/cases.jsonl
b,166,STORE_CARRIED_TOOL,c3f984994a0565e8f89bc331321ca46c9365bf364fe9a93fd3f72b0764ab5cd9,NONE,0,[],[],false,0,Find a safe location for the carried tool.,results/indicative-twin-hierarchy-b/raw/cases.jsonl
b,167,INSPECT_NEAREST_COOLANT,90a0d7fef35de90a3e360973da15b8ef68925a31fad6f7d6acfb8f599d2b25b1,ROUTE_BLOCKED,1,"[""ROUTE_BLOCKED""]","[""UNAVAILABLE""]",false,0,Safely inspect the nearest coolant valve without entering a restricted room.,results/indicative-twin-hierarchy-b/raw/cases.jsonl
b,167,INSPECT_VALVE7_WITH_ALTERNATE,f0ecdc8196ce2073431f107a22edd9bdb6d6ed818367b51a002e09f7cfea4faf,NONE,0,[],[],true,1,"Safely inspect Valve 7; if Door 3 is unavailable, use another route.",results/indicative-twin-hierarchy-b/raw/cases.jsonl
b,167,REACH_PUMP2_WITH_RECHARGE,a6a0afc1a74ab16618f3795e80d41408600d6f4e4f0e06df90f096521e707996,NONE,0,[],[],true,1,"Reach Pump 2, but recharge first if estimated battery is insufficient.",results/indicative-twin-hierarchy-b/raw/cases.jsonl
b,167,REPLAN_ON_RESTRICTION,81450939e48e474e66ae64ca17b172fce1276aaa89b7bd12882b450170fac2d4,ROOM_RESTRICTED,1,"[""ROOM_RESTRICTED""]","[""RESTRICTED""]",false,0,Safely inspect Valve 7 and replan if a room becomes restricted.,results/indicative-twin-hierarchy-b/raw/cases.jsonl
b,167,STORE_CARRIED_TOOL,9435d5ca38f3ab81bd74e100be4bd768255b6a7d0111a7ab5fc20b5cc0260a5e,ROUTE_BLOCKED,1,"[""ROUTE_BLOCKED""]","[""UNAVAILABLE""]",true,1,Find a safe location for the carried tool.,results/indicative-twin-hierarchy-b/raw/cases.jsonl
b,168,INSPECT_NEAREST_COOLANT,f24b760b61fc17302c9d9fac4e74a98c8e4e00cad1ac09a62215dd715bf18390,ROUTE_BLOCKED,1,"[""ROUTE_BLOCKED""]","[""UNAVAILABLE""]",true,1,Inspect the nearest coolant valve without entering a restricted room.,results/indicative-twin-hierarchy-b/raw/cases.jsonl
b,168,INSPECT_VALVE7_WITH_ALTERNATE,fe2285e9243d953227f849e6c17dc74cb2569a1e9914a186aa326260bd6ab144,ROUTE_BLOCKED,1,"[""ROUTE_BLOCKED""]","[""UNAVAILABLE""]",true,1,"Inspect Valve 7; if Door 3 is unavailable, use another route.",results/indicative-twin-hierarchy-b/raw/cases.jsonl
b,168,REACH_PUMP2_WITH_RECHARGE,dc4867d9f26194966a0f67ad51f2d4c3d96dba0a22dc38c590cd3477768c4e40,ROUTE_BLOCKED,1,"[""ROUTE_BLOCKED""]","[""UNAVAILABLE""]",false,0,"Reach Pump 2, but recharge first if estimated battery is insufficient.",results/indicative-twin-hierarchy-b/raw/cases.jsonl
b,168,REPLAN_ON_RESTRICTION,485eb14c8ea1693a21fb4eb32c31a60cfd2ef62e981ecebc2a299e33ba99fc78,ROOM_RESTRICTED,1,"[""ROOM_RESTRICTED""]","[""RESTRICTED""]",true,1,Inspect Valve 7 and replan if a room becomes restricted.,results/indicative-twin-hierarchy-b/raw/cases.jsonl
b,168,STORE_CARRIED_TOOL,7b193a1a8bf36fd03cab3c4b38612328d5dbdd943d51bbd0fd6fa129b7144201,ROUTE_BLOCKED,1,"[""ROUTE_BLOCKED""]","[""UNAVAILABLE""]",true,1,Find a safe location for the carried tool.,results/indicative-twin-hierarchy-b/raw/cases.jsonl
b,169,INSPECT_NEAREST_COOLANT,fdb998d496f4c12ac17b8c3e3b2eddcbf2d0381c0a37a5918255e35a23f0403a,ROUTE_BLOCKED,1,"[""ROUTE_BLOCKED""]","[""UNAVAILABLE""]",true,1,Safely inspect the nearest coolant valve without entering a restricted room.,results/indicative-twin-hierarchy-b/raw/cases.jsonl
b,169,INSPECT_VALVE7_WITH_ALTERNATE,074ecf67b4ea8535ae88b58ba46204c508cf31629b91a7cf2985e3a792abe0eb,NONE,0,[],[],true,1,"Safely inspect Valve 7; if Door 3 is unavailable, use another route.",results/indicative-twin-hierarchy-b/raw/cases.jsonl
b,169,REACH_PUMP2_WITH_RECHARGE,a3f15d70a1bfdb7936397525920c572569198438cd6677b4156d2173fcd5368e,NONE,0,[],[],true,1,"Reach Pump 2, but recharge first if estimated battery is insufficient.",results/indicative-twin-hierarchy-b/raw/cases.jsonl
b,169,REPLAN_ON_RESTRICTION,a4cb1a11d6fc9d850c787d1ef2beb10491573164703e722eeac3747bd7cc3fac,ROOM_RESTRICTED,1,"[""ROOM_RESTRICTED""]","[""RESTRICTED""]",true,1,Safely inspect Valve 7 and replan if a room becomes restricted.,results/indicative-twin-hierarchy-b/raw/cases.jsonl
b,169,STORE_CARRIED_TOOL,00df4ce1acdec7f2a86dddfd21f3ded3ad4bf956f5c891c48c5eb93d0e6fa3db,NONE,0,[],[],false,0,Find a safe location for the carried tool.,results/indicative-twin-hierarchy-b/raw/cases.jsonl
b,170,INSPECT_NEAREST_COOLANT,8ce0bf2d73c823ef4e0a797289fa4a46283e96f4798d6161ae3dd0d3d004ae74,INSTRUCTION_CHANGED,1,"[""INSTRUCTION_CHANGED""]","[""AVOID_ROOM:ElectricalRoom""]",true,1,Inspect the nearest coolant valve without entering a restricted room.,results/indicative-twin-hierarchy-b/raw/cases.jsonl
b,170,INSPECT_VALVE7_WITH_ALTERNATE,29b99d9af3b010ca9d10ceeb6250cc368bb2f094a833e75542ecc095a1d6414e,INSTRUCTION_CHANGED,1,"[""INSTRUCTION_CHANGED""]","[""AVOID_ROOM:ElectricalRoom""]",false,0,"Inspect Valve 7; if Door 3 is unavailable, use another route.",results/indicative-twin-hierarchy-b/raw/cases.jsonl
b,170,REACH_PUMP2_WITH_RECHARGE,d3cb5ab1cb19ed3c5aff66670e86a17fee1ab5ff32d5b9c99a557093b62994ad,INSTRUCTION_CHANGED,1,"[""INSTRUCTION_CHANGED""]","[""AVOID_ROOM:ElectricalRoom""]",true,1,"Reach Pump 2, but recharge first if estimated battery is insufficient.",results/indicative-twin-hierarchy-b/raw/cases.jsonl
b,170,REPLAN_ON_RESTRICTION,b6340f765387c3b403e51d5a812b35483697523577f89101d5fc9340a3fc3bee,INSTRUCTION_CHANGED+ROOM_RESTRICTED,2,"[""INSTRUCTION_CHANGED"",""ROOM_RESTRICTED""]","[""AVOID_ROOM:ElectricalRoom"",""RESTRICTED""]",true,1,Inspect Valve 7 and replan if a room becomes restricted.,results/indicative-twin-hierarchy-b/raw/cases.jsonl
b,170,STORE_CARRIED_TOOL,1c86416a60ef6d5050a6d8a4e119e0fa654331a9e68f16a0f835b9dcfa3849e0,INSTRUCTION_CHANGED+ROUTE_BLOCKED,2,"[""ROUTE_BLOCKED"",""INSTRUCTION_CHANGED""]","[""UNAVAILABLE"",""AVOID_ROOM:ElectricalRoom""]",false,0,Find a safe location for the carried tool.,results/indicative-twin-hierarchy-b/raw/cases.jsonl
b,171,INSPECT_NEAREST_COOLANT,ecc2c6bca73224262538cc04efa805ad020fc4804bdecfd85c1b6af6353c6d89,ROUTE_BLOCKED,1,"[""ROUTE_BLOCKED""]","[""UNAVAILABLE""]",false,0,Safely inspect the nearest coolant valve without entering a restricted room.,results/indicative-twin-hierarchy-b/raw/cases.jsonl
b,171,INSPECT_VALVE7_WITH_ALTERNATE,4c8ab93865effc6f1671d74b847f5d6ea226b4be90115e655459ecacf453fd03,NONE,0,[],[],true,1,"Safely inspect Valve 7; if Door 3 is unavailable, use another route.",results/indicative-twin-hierarchy-b/raw/cases.jsonl
b,171,REACH_PUMP2_WITH_RECHARGE,a78e67b6dd9916c21476ff1da56676f0441f1466abeb48508fb2228bc09a8331,ROUTE_BLOCKED,1,"[""ROUTE_BLOCKED""]","[""UNAVAILABLE""]",true,2,"Reach Pump 2, but recharge first if estimated battery is insufficient.",results/indicative-twin-hierarchy-b/raw/cases.jsonl
b,171,REPLAN_ON_RESTRICTION,3084b1d4536390cca5363142b9a7f5bcc38590a7313168877af89b07e2ae33b0,ROOM_RESTRICTED,1,"[""ROOM_RESTRICTED""]","[""RESTRICTED""]",true,2,Safely inspect Valve 7 and replan if a room becomes restricted.,results/indicative-twin-hierarchy-b/raw/cases.jsonl
b,171,STORE_CARRIED_TOOL,7a7f361efe43d495703adf997ec9c51a824b7415811e9fa5903c7342708c92c3,ROUTE_BLOCKED,1,"[""ROUTE_BLOCKED""]","[""UNAVAILABLE""]",false,0,Find a safe location for the carried tool.,results/indicative-twin-hierarchy-b/raw/cases.jsonl
b,172,INSPECT_NEAREST_COOLANT,a7735bef3f942b6df7f5b3c1116de77055ab257b2fdd715125d695faa8d8ad25,ROUTE_BLOCKED,1,"[""ROUTE_BLOCKED""]","[""UNAVAILABLE""]",false,0,Inspect the nearest coolant valve without entering a restricted room.,results/indicative-twin-hierarchy-b/raw/cases.jsonl
b,172,INSPECT_VALVE7_WITH_ALTERNATE,7dc71373e3cfe9b6ef98f2f07f398bd1ecca03ff9255f8d07586100fa1eb08d2,NONE,0,[],[],false,0,"Inspect Valve 7; if Door 3 is unavailable, use another route.",results/indicative-twin-hierarchy-b/raw/cases.jsonl
b,172,REACH_PUMP2_WITH_RECHARGE,6e5361fc5b8450df2265d682065c35f677e6792ba66c2c06b4dc7be22c8770cf,NONE,0,[],[],true,1,"Reach Pump 2, but recharge first if estimated battery is insufficient.",results/indicative-twin-hierarchy-b/raw/cases.jsonl
b,172,REPLAN_ON_RESTRICTION,c2698bbf07149ddc97bd085e5dd8a00013635b1c0f5b1da7b869ea8710502fe6,ROOM_RESTRICTED,1,"[""ROOM_RESTRICTED""]","[""RESTRICTED""]",true,1,Inspect Valve 7 and replan if a room becomes restricted.,results/indicative-twin-hierarchy-b/raw/cases.jsonl
b,172,STORE_CARRIED_TOOL,e8cd9ee8e2d8eb853ae9b89cd68207e08af6da84a16aedaa1cc45f870ca973ae,NONE,0,[],[],false,0,Find a safe location for the carried tool.,results/indicative-twin-hierarchy-b/raw/cases.jsonl
b,173,INSPECT_NEAREST_COOLANT,0dfa70a93c83fb8f1eafc7b36b6d254e48a9ca5c633e45f9b0ba975d2b0cc11c,NONE,0,[],[],true,1,Safely inspect the nearest coolant valve without entering a restricted room.,results/indicative-twin-hierarchy-b/raw/cases.jsonl
b,173,INSPECT_VALVE7_WITH_ALTERNATE,421b665fb930bea4ba3dfc69be7362d9fa15f24c2bbba749b603eb075a702b42,NONE,0,[],[],true,1,"Safely inspect Valve 7; if Door 3 is unavailable, use another route.",results/indicative-twin-hierarchy-b/raw/cases.jsonl
b,173,REACH_PUMP2_WITH_RECHARGE,c9fa5ec1d94c4cb0c9249a5d5a15fd1abbef1bb0b2eeb2712d9c9d0d7347d9e9,NONE,0,[],[],true,1,"Reach Pump 2, but recharge first if estimated battery is insufficient.",results/indicative-twin-hierarchy-b/raw/cases.jsonl
b,173,REPLAN_ON_RESTRICTION,0a15c6831a63a74ebaf76cf64db8967b53c48fcb6817fde88c9e2f9f7cb98ef7,ROOM_RESTRICTED,1,"[""ROOM_RESTRICTED""]","[""RESTRICTED""]",true,1,Safely inspect Valve 7 and replan if a room becomes restricted.,results/indicative-twin-hierarchy-b/raw/cases.jsonl
b,173,STORE_CARRIED_TOOL,3fd06b581f98d59dcc47e0e14288b6a703fca8ffcc10c2bf5f86d67c2595f4a9,ROUTE_BLOCKED,1,"[""ROUTE_BLOCKED""]","[""UNAVAILABLE""]",false,0,Find a safe location for the carried tool.,results/indicative-twin-hierarchy-b/raw/cases.jsonl
b,174,INSPECT_NEAREST_COOLANT,f4d121521a1d798e0b3c2b039d45350af883fd539bcb26eb9b271a25e548657a,ROUTE_BLOCKED,1,"[""ROUTE_BLOCKED""]","[""UNAVAILABLE""]",false,0,Inspect the nearest coolant valve without entering a restricted room.,results/indicative-twin-hierarchy-b/raw/cases.jsonl
b,174,INSPECT_VALVE7_WITH_ALTERNATE,2f05e8c14d68ba8252aba99431d18ff6259b8c874a4db13cc76d73cd146ced63,NONE,0,[],[],true,1,"Inspect Valve 7; if Door 3 is unavailable, use another route.",results/indicative-twin-hierarchy-b/raw/cases.jsonl
b,174,REACH_PUMP2_WITH_RECHARGE,b406587972ff4fc1ddd9606e932ef819e518411f205f384db1b02b6cd9a93adc,ROUTE_BLOCKED,1,"[""ROUTE_BLOCKED""]","[""UNAVAILABLE""]",true,2,"Reach Pump 2, but recharge first if estimated battery is insufficient.",results/indicative-twin-hierarchy-b/raw/cases.jsonl
b,174,REPLAN_ON_RESTRICTION,4ff0002d956d15d4cf0ba5498842961ccb7ca19bb547a177537f3e46d0784ac9,ROOM_RESTRICTED,1,"[""ROOM_RESTRICTED""]","[""RESTRICTED""]",false,0,Inspect Valve 7 and replan if a room becomes restricted.,results/indicative-twin-hierarchy-b/raw/cases.jsonl
b,174,STORE_CARRIED_TOOL,7aedea51b1dcbaea29d943bc0c8b3d6875b6bfe52fcb7c69bcf1ab009355c8a0,NONE,0,[],[],true,1,Find a safe location for the carried tool.,results/indicative-twin-hierarchy-b/raw/cases.jsonl
b,175,INSPECT_NEAREST_COOLANT,00de0a54b604bf32f6e557dd00a64c091c5d03092f1cfde623fd0809bdca79fd,INSTRUCTION_CHANGED,1,"[""INSTRUCTION_CHANGED""]","[""AVOID_ROOM:ElectricalRoom""]",true,1,Safely inspect the nearest coolant valve without entering a restricted room.,results/indicative-twin-hierarchy-b/raw/cases.jsonl
b,175,INSPECT_VALVE7_WITH_ALTERNATE,08e1eae931fd9eae72a3e4aff05bb78a00b807cc25a34027c5a1b3b216a134a9,INSTRUCTION_CHANGED+ROUTE_BLOCKED,2,"[""ROUTE_BLOCKED"",""INSTRUCTION_CHANGED""]","[""UNAVAILABLE"",""AVOID_ROOM:ElectricalRoom""]",true,1,"Safely inspect Valve 7; if Door 3 is unavailable, use another route.",results/indicative-twin-hierarchy-b/raw/cases.jsonl
b,175,REACH_PUMP2_WITH_RECHARGE,4d025aeda420c7ca6a967861613b7b1d3bbcbb18a6667d014fcac18bb42649c3,INSTRUCTION_CHANGED+ROUTE_BLOCKED,2,"[""ROUTE_BLOCKED"",""INSTRUCTION_CHANGED""]","[""UNAVAILABLE"",""AVOID_ROOM:ElectricalRoom""]",false,0,"Reach Pump 2, but recharge first if estimated battery is insufficient.",results/indicative-twin-hierarchy-b/raw/cases.jsonl
b,175,REPLAN_ON_RESTRICTION,03b4c940e1f6ca8e331ffa42882ac8511f6825079430a7d87a71aa632bb4dd24,INSTRUCTION_CHANGED+ROOM_RESTRICTED,2,"[""INSTRUCTION_CHANGED"",""ROOM_RESTRICTED""]","[""AVOID_ROOM:ElectricalRoom"",""RESTRICTED""]",true,1,Safely inspect Valve 7 and replan if a room becomes restricted.,results/indicative-twin-hierarchy-b/raw/cases.jsonl
b,175,STORE_CARRIED_TOOL,dc7dd6f106449dc91bf43549eee44f1c97a51da892348009ddc54275793de095,INSTRUCTION_CHANGED,1,"[""INSTRUCTION_CHANGED""]","[""AVOID_ROOM:ElectricalRoom""]",true,1,Find a safe location for the carried tool.,results/indicative-twin-hierarchy-b/raw/cases.jsonl
b,176,INSPECT_NEAREST_COOLANT,98969011ae962b3f166fb3f460757bfbf8b734c1cc3a38a4befbdfb9f4078696,ROUTE_BLOCKED,1,"[""ROUTE_BLOCKED""]","[""UNAVAILABLE""]",true,1,Inspect the nearest coolant valve without entering a restricted room.,results/indicative-twin-hierarchy-b/raw/cases.jsonl
b,176,INSPECT_VALVE7_WITH_ALTERNATE,0dd19ba2dd8291002f8342805e0fd2d4f44b6db655615104afbb19bf727ea3e8,NONE,0,[],[],true,1,"Inspect Valve 7; if Door 3 is unavailable, use another route.",results/indicative-twin-hierarchy-b/raw/cases.jsonl
b,176,REACH_PUMP2_WITH_RECHARGE,72d45c39aaafe8a2e7b1af1b41167fd63e41f72250748d590e37552bb1aac1f0,ROUTE_BLOCKED,1,"[""ROUTE_BLOCKED""]","[""UNAVAILABLE""]",true,1,"Reach Pump 2, but recharge first if estimated battery is insufficient.",results/indicative-twin-hierarchy-b/raw/cases.jsonl
b,176,REPLAN_ON_RESTRICTION,bacd6c96eb048eb29fd2ad18d172d3cec10b5e9a57bfaf9c88738ff7ce51a000,ROOM_RESTRICTED+ROUTE_BLOCKED,2,"[""ROUTE_BLOCKED"",""ROOM_RESTRICTED""]","[""UNAVAILABLE"",""RESTRICTED""]",true,1,Inspect Valve 7 and replan if a room becomes restricted.,results/indicative-twin-hierarchy-b/raw/cases.jsonl
b,176,STORE_CARRIED_TOOL,f0049c7af38f18295a849e475582f04c1635bbd430f51a9cf37ba3563a19acb4,ROUTE_BLOCKED,1,"[""ROUTE_BLOCKED""]","[""UNAVAILABLE""]",false,0,Find a safe location for the carried tool.,results/indicative-twin-hierarchy-b/raw/cases.jsonl
b,177,INSPECT_NEAREST_COOLANT,a1aa126f95d58752b3a7cd5a200f60db58d608bce6238f3a71d5fa6ee66e6286,NONE,0,[],[],true,1,Safely inspect the nearest coolant valve without entering a restricted room.,results/indicative-twin-hierarchy-b/raw/cases.jsonl
b,177,INSPECT_VALVE7_WITH_ALTERNATE,566156e9fe2421a5a0bb34e34872a9a461d11e3a6c629d6d344adfad27bbc289,ROUTE_BLOCKED,1,"[""ROUTE_BLOCKED""]","[""UNAVAILABLE""]",true,1,"Safely inspect Valve 7; if Door 3 is unavailable, use another route.",results/indicative-twin-hierarchy-b/raw/cases.jsonl
b,177,REACH_PUMP2_WITH_RECHARGE,8885b938cb4b20ab3071ab2ed4036ce5375b062a34f478b237a9048773adc227,NONE,0,[],[],false,0,"Reach Pump 2, but recharge first if estimated battery is insufficient.",results/indicative-twin-hierarchy-b/raw/cases.jsonl
b,177,REPLAN_ON_RESTRICTION,786c89b683ab3e78f928d6ef36069d14767a7802158a78256f0e82a4d868f8cb,ROOM_RESTRICTED,1,"[""ROOM_RESTRICTED""]","[""RESTRICTED""]",true,2,Safely inspect Valve 7 and replan if a room becomes restricted.,results/indicative-twin-hierarchy-b/raw/cases.jsonl
b,177,STORE_CARRIED_TOOL,4833bbfe89698d47540c2dad3c5717a581ced5138e841c9506e691e2b7208e27,ROUTE_BLOCKED,1,"[""ROUTE_BLOCKED""]","[""UNAVAILABLE""]",true,1,Find a safe location for the carried tool.,results/indicative-twin-hierarchy-b/raw/cases.jsonl
b,178,INSPECT_NEAREST_COOLANT,9e102fb5a2c383367d7ce7027221587cb41e060c46096ba20f092966fb98fa27,NONE,0,[],[],false,0,Inspect the nearest coolant valve without entering a restricted room.,results/indicative-twin-hierarchy-b/raw/cases.jsonl
b,178,INSPECT_VALVE7_WITH_ALTERNATE,9ea1540098ec31aa1bf46456b5bf41aba5b7e0b733aceeb14927178be4cb62d3,NONE,0,[],[],false,0,"Inspect Valve 7; if Door 3 is unavailable, use another route.",results/indicative-twin-hierarchy-b/raw/cases.jsonl
b,178,REACH_PUMP2_WITH_RECHARGE,65ef1c72f8c6ddcdf6f6d751096ae59043ba5c578584049aad0ae555c2d61a7d,ROUTE_BLOCKED,1,"[""ROUTE_BLOCKED""]","[""UNAVAILABLE""]",true,1,"Reach Pump 2, but recharge first if estimated battery is insufficient.",results/indicative-twin-hierarchy-b/raw/cases.jsonl
b,178,REPLAN_ON_RESTRICTION,ce38e3348067abd6537e13827cd001479e88439663f804ca5525c35dcaf3185a,ROOM_RESTRICTED,1,"[""ROOM_RESTRICTED""]","[""RESTRICTED""]",false,0,Inspect Valve 7 and replan if a room becomes restricted.,results/indicative-twin-hierarchy-b/raw/cases.jsonl
b,178,STORE_CARRIED_TOOL,92c25383f6520e18b81d3223070582d030e340a6cf97717f4ba78ae1fc32ed4a,ROUTE_BLOCKED,1,"[""ROUTE_BLOCKED""]","[""UNAVAILABLE""]",false,0,Find a safe location for the carried tool.,results/indicative-twin-hierarchy-b/raw/cases.jsonl
b,179,INSPECT_NEAREST_COOLANT,c562adfc60f2a7735f10893daf05ef1e1017718af74788897e28c2765c040d87,ROUTE_BLOCKED,1,"[""ROUTE_BLOCKED""]","[""UNAVAILABLE""]",false,0,Safely inspect the nearest coolant valve without entering a restricted room.,results/indicative-twin-hierarchy-b/raw/cases.jsonl
b,179,INSPECT_VALVE7_WITH_ALTERNATE,205727e0acc0560c0d55725ea15c835f9675832a0b2690cab1f18411063ce070,NONE,0,[],[],true,1,"Safely inspect Valve 7; if Door 3 is unavailable, use another route.",results/indicative-twin-hierarchy-b/raw/cases.jsonl
b,179,REACH_PUMP2_WITH_RECHARGE,d9399a9acfa039bdc789fbaf74ac9bb155bf3ef66fec5345450d35ae98f873fc,NONE,0,[],[],false,0,"Reach Pump 2, but recharge first if estimated battery is insufficient.",results/indicative-twin-hierarchy-b/raw/cases.jsonl
b,179,REPLAN_ON_RESTRICTION,a10fe2eb86cde3bb6c324de83289f8fe93905d6f0034035c7037d01c07192de2,ROOM_RESTRICTED,1,"[""ROOM_RESTRICTED""]","[""RESTRICTED""]",false,0,Safely inspect Valve 7 and replan if a room becomes restricted.,results/indicative-twin-hierarchy-b/raw/cases.jsonl
b,179,STORE_CARRIED_TOOL,d4a880019e8602851ae5083b0ba33bce2f2c826e2bebbeae5e8194ed399b5f46,NONE,0,[],[],false,0,Find a safe location for the carried tool.,results/indicative-twin-hierarchy-b/raw/cases.jsonl
b,180,INSPECT_NEAREST_COOLANT,534a383eda77a5968ab52e8c76072555fce3175ab3e694d81b51e416363fe324,INSTRUCTION_CHANGED,1,"[""INSTRUCTION_CHANGED""]","[""AVOID_ROOM:ElectricalRoom""]",false,0,Inspect the nearest coolant valve without entering a restricted room.,results/indicative-twin-hierarchy-b/raw/cases.jsonl
b,180,INSPECT_VALVE7_WITH_ALTERNATE,7a221e34ce123c6d54a969a5d94d4d83b9a55ac4881150eeb1b2b518f72d35bd,INSTRUCTION_CHANGED,1,"[""INSTRUCTION_CHANGED""]","[""AVOID_ROOM:ElectricalRoom""]",true,1,"Inspect Valve 7; if Door 3 is unavailable, use another route.",results/indicative-twin-hierarchy-b/raw/cases.jsonl
b,180,REACH_PUMP2_WITH_RECHARGE,4fdc881b6d1282830ee768f203fa9419c6c6ab150c19ecd1570735563a27b8e2,INSTRUCTION_CHANGED,1,"[""INSTRUCTION_CHANGED""]","[""AVOID_ROOM:ElectricalRoom""]",true,1,"Reach Pump 2, but recharge first if estimated battery is insufficient.",results/indicative-twin-hierarchy-b/raw/cases.jsonl
b,180,REPLAN_ON_RESTRICTION,e0430bd6deeaff7dd3ab57f2bb6de4dfe73ca9288b674fb3f4fba219a7b1fed5,INSTRUCTION_CHANGED+ROOM_RESTRICTED,2,"[""INSTRUCTION_CHANGED"",""ROOM_RESTRICTED""]","[""AVOID_ROOM:ElectricalRoom"",""RESTRICTED""]",true,1,Inspect Valve 7 and replan if a room becomes restricted.,results/indicative-twin-hierarchy-b/raw/cases.jsonl
b,180,STORE_CARRIED_TOOL,ae3e157b5b774aa09e2e2a56e9c10b10ac7fd7f0321c3e646b83252b4a671e43,INSTRUCTION_CHANGED+ROUTE_BLOCKED,2,"[""ROUTE_BLOCKED"",""INSTRUCTION_CHANGED""]","[""UNAVAILABLE"",""AVOID_ROOM:ElectricalRoom""]",true,1,Find a safe location for the carried tool.,results/indicative-twin-hierarchy-b/raw/cases.jsonl
b,181,INSPECT_NEAREST_COOLANT,ecce291b8f252d9be21e26e36e18c2ee8b760c59546c968f64534547f3327f46,ROUTE_BLOCKED,1,"[""ROUTE_BLOCKED""]","[""UNAVAILABLE""]",false,0,Safely inspect the nearest coolant valve without entering a restricted room.,results/indicative-twin-hierarchy-b/raw/cases.jsonl
b,181,INSPECT_VALVE7_WITH_ALTERNATE,8e19ff07d6b933644ff0063be22f62fcb0ef131584f4b7e97fdbae79397d9d4a,NONE,0,[],[],false,0,"Safely inspect Valve 7; if Door 3 is unavailable, use another route.",results/indicative-twin-hierarchy-b/raw/cases.jsonl
b,181,REACH_PUMP2_WITH_RECHARGE,9766574d3ca5495199e834bef2a188b30429a7c6364f5d4f07c8d8d792db6c69,NONE,0,[],[],true,1,"Reach Pump 2, but recharge first if estimated battery is insufficient.",results/indicative-twin-hierarchy-b/raw/cases.jsonl
b,181,REPLAN_ON_RESTRICTION,abf2dbc61f5d587958e2e1398f7914227685bb5c07e511e09282729f87eb76f8,ROOM_RESTRICTED,1,"[""ROOM_RESTRICTED""]","[""RESTRICTED""]",false,0,Safely inspect Valve 7 and replan if a room becomes restricted.,results/indicative-twin-hierarchy-b/raw/cases.jsonl
b,181,STORE_CARRIED_TOOL,17ba4264b17dae95045b4902e5418fc6edc09a575ec5380fd33562f3997d80f3,ROUTE_BLOCKED,1,"[""ROUTE_BLOCKED""]","[""UNAVAILABLE""]",false,0,Find a safe location for the carried tool.,results/indicative-twin-hierarchy-b/raw/cases.jsonl
b,182,INSPECT_NEAREST_COOLANT,fdc1eebfb5dd19cdc0f9d7e164934768bccceb4b1bced66eb533afcaffeef75d,NONE,0,[],[],false,0,Inspect the nearest coolant valve without entering a restricted room.,results/indicative-twin-hierarchy-b/raw/cases.jsonl
b,182,INSPECT_VALVE7_WITH_ALTERNATE,521153f24c9b3e6ea9d427af594df2472bc13eef2c32ee790dcf100c6b9c5427,NONE,0,[],[],true,1,"Inspect Valve 7; if Door 3 is unavailable, use another route.",results/indicative-twin-hierarchy-b/raw/cases.jsonl
b,182,REACH_PUMP2_WITH_RECHARGE,148a9254fce66a639d4847a4dbe34d1bc845fd2ceafe93c610b38384a38454a1,ROUTE_BLOCKED,1,"[""ROUTE_BLOCKED""]","[""UNAVAILABLE""]",false,0,"Reach Pump 2, but recharge first if estimated battery is insufficient.",results/indicative-twin-hierarchy-b/raw/cases.jsonl
b,182,REPLAN_ON_RESTRICTION,14ef2e9f1a6f80fdd6b1580def9f1d493a55f04617ff72074937fce6ed70aee3,ROOM_RESTRICTED,1,"[""ROOM_RESTRICTED""]","[""RESTRICTED""]",false,0,Inspect Valve 7 and replan if a room becomes restricted.,results/indicative-twin-hierarchy-b/raw/cases.jsonl
b,182,STORE_CARRIED_TOOL,eb473523b8e5fce1846d0ff9fe481bc9b3bc76dd38eb11a2dd88d95e2638325e,NONE,0,[],[],true,1,Find a safe location for the carried tool.,results/indicative-twin-hierarchy-b/raw/cases.jsonl
b,183,INSPECT_NEAREST_COOLANT,58aab177d0c2c7eaad0351dc6be8f763375d30f364caeb877b8caa491d1fe047,NONE,0,[],[],false,0,Safely inspect the nearest coolant valve without entering a restricted room.,results/indicative-twin-hierarchy-b/raw/cases.jsonl
b,183,INSPECT_VALVE7_WITH_ALTERNATE,fcc3a52c4f2825b9344bbb53cb5653e8acec8b1086b893fd57d5d73f677913e0,ROUTE_BLOCKED,1,"[""ROUTE_BLOCKED""]","[""UNAVAILABLE""]",false,0,"Safely inspect Valve 7; if Door 3 is unavailable, use another route.",results/indicative-twin-hierarchy-b/raw/cases.jsonl
b,183,REACH_PUMP2_WITH_RECHARGE,15c433ac03740d1691a923783c64d89b6010569d0adada6a0eca35d4e9477e15,ROUTE_BLOCKED,1,"[""ROUTE_BLOCKED""]","[""UNAVAILABLE""]",true,1,"Reach Pump 2, but recharge first if estimated battery is insufficient.",results/indicative-twin-hierarchy-b/raw/cases.jsonl
b,183,REPLAN_ON_RESTRICTION,9c5f55ac046cc18ecab1a9446ae2c65492d36021890f1563a69fdcd8a885171c,ROOM_RESTRICTED+ROUTE_BLOCKED,2,"[""ROUTE_BLOCKED"",""ROOM_RESTRICTED""]","[""UNAVAILABLE"",""RESTRICTED""]",true,1,Safely inspect Valve 7 and replan if a room becomes restricted.,results/indicative-twin-hierarchy-b/raw/cases.jsonl
b,183,STORE_CARRIED_TOOL,d2f4e3d2adcfd668a2ed5847e859b6a53e4a6266acc4697aa66f0d05bde3e396,ROUTE_BLOCKED,1,"[""ROUTE_BLOCKED""]","[""UNAVAILABLE""]",false,0,Find a safe location for the carried tool.,results/indicative-twin-hierarchy-b/raw/cases.jsonl
b,184,INSPECT_NEAREST_COOLANT,0dd118590fd93adc0c59dfa3a9b2ac837939fd878b525e688bf15720f95ed8c0,NONE,0,[],[],false,0,Inspect the nearest coolant valve without entering a restricted room.,results/indicative-twin-hierarchy-b/raw/cases.jsonl
b,184,INSPECT_VALVE7_WITH_ALTERNATE,fc05a65f195e00058a91f0c3d5aac6101905a557a899f63feb50615456d56f3e,ROUTE_BLOCKED,1,"[""ROUTE_BLOCKED""]","[""UNAVAILABLE""]",true,1,"Inspect Valve 7; if Door 3 is unavailable, use another route.",results/indicative-twin-hierarchy-b/raw/cases.jsonl
b,184,REACH_PUMP2_WITH_RECHARGE,2a5ec66df37ce19ab64c25f464a4dc1ec09ab6420efa75e884839bb8599c82ef,NONE,0,[],[],true,1,"Reach Pump 2, but recharge first if estimated battery is insufficient.",results/indicative-twin-hierarchy-b/raw/cases.jsonl
b,184,REPLAN_ON_RESTRICTION,b53fd4cd3987c5108cba54d0fc04512e6d186924b2087be324f50f683fc9ca69,ROOM_RESTRICTED,1,"[""ROOM_RESTRICTED""]","[""RESTRICTED""]",true,1,Inspect Valve 7 and replan if a room becomes restricted.,results/indicative-twin-hierarchy-b/raw/cases.jsonl
b,184,STORE_CARRIED_TOOL,9c8c6ca19fed332ee7cb6af01ab0d13008435ff54d7ffe72bd57f5aae36e963a,NONE,0,[],[],false,0,Find a safe location for the carried tool.,results/indicative-twin-hierarchy-b/raw/cases.jsonl
b,185,INSPECT_NEAREST_COOLANT,1c655cad6c97fde9ad0c5a8475b16b28a3d4d6128b543087853b6b90fc242f44,INSTRUCTION_CHANGED,1,"[""INSTRUCTION_CHANGED""]","[""AVOID_ROOM:ElectricalRoom""]",true,1,Safely inspect the nearest coolant valve without entering a restricted room.,results/indicative-twin-hierarchy-b/raw/cases.jsonl
b,185,INSPECT_VALVE7_WITH_ALTERNATE,1d0effd329f88c87f4752472d347c3c561aa31840882626ec8794e92962c99d5,INSTRUCTION_CHANGED+ROUTE_BLOCKED,2,"[""ROUTE_BLOCKED"",""INSTRUCTION_CHANGED""]","[""UNAVAILABLE"",""AVOID_ROOM:ElectricalRoom""]",false,0,"Safely inspect Valve 7; if Door 3 is unavailable, use another route.",results/indicative-twin-hierarchy-b/raw/cases.jsonl
b,185,REACH_PUMP2_WITH_RECHARGE,2b880ea88a1a0755e79953909e7806fbebd77264a2f82d55479d2903f1f2c1c9,INSTRUCTION_CHANGED,1,"[""INSTRUCTION_CHANGED""]","[""AVOID_ROOM:ElectricalRoom""]",false,0,"Reach Pump 2, but recharge first if estimated battery is insufficient.",results/indicative-twin-hierarchy-b/raw/cases.jsonl
b,185,REPLAN_ON_RESTRICTION,2a68018c0e63640c9c6ad2a8f25367250f5d8ddb582ce680941d87c0ea969ef4,INSTRUCTION_CHANGED+ROOM_RESTRICTED,2,"[""INSTRUCTION_CHANGED"",""ROOM_RESTRICTED""]","[""AVOID_ROOM:ElectricalRoom"",""RESTRICTED""]",true,1,Safely inspect Valve 7 and replan if a room becomes restricted.,results/indicative-twin-hierarchy-b/raw/cases.jsonl
b,185,STORE_CARRIED_TOOL,e4ff9906a4665a968ec0b16dc2f31ff5b7547ef2d21e64981f57848908d0a369,INSTRUCTION_CHANGED,1,"[""INSTRUCTION_CHANGED""]","[""AVOID_ROOM:ElectricalRoom""]",true,1,Find a safe location for the carried tool.,results/indicative-twin-hierarchy-b/raw/cases.jsonl
b,186,INSPECT_NEAREST_COOLANT,d43ec4cbdf3e6bbe11c20117c51d1b00242e770801b88b26dca3f5d624ecfb3e,ROUTE_BLOCKED,1,"[""ROUTE_BLOCKED""]","[""UNAVAILABLE""]",false,0,Inspect the nearest coolant valve without entering a restricted room.,results/indicative-twin-hierarchy-b/raw/cases.jsonl
b,186,INSPECT_VALVE7_WITH_ALTERNATE,06937aa900f07de71be9b28b590cc4985aa93d8edca6b80ce95c42a093e984a6,NONE,0,[],[],true,2,"Inspect Valve 7; if Door 3 is unavailable, use another route.",results/indicative-twin-hierarchy-b/raw/cases.jsonl
b,186,REACH_PUMP2_WITH_RECHARGE,3932a59e7a09b72101f60c28005345b32121297cb03382bdad4af5bbe7476b15,NONE,0,[],[],true,1,"Reach Pump 2, but recharge first if estimated battery is insufficient.",results/indicative-twin-hierarchy-b/raw/cases.jsonl
b,186,REPLAN_ON_RESTRICTION,95b9c24c631c8cc669f36360647ab794fea63f6dcfffd5929af4b51b56abac59,ROOM_RESTRICTED,1,"[""ROOM_RESTRICTED""]","[""RESTRICTED""]",true,1,Inspect Valve 7 and replan if a room becomes restricted.,results/indicative-twin-hierarchy-b/raw/cases.jsonl
b,186,STORE_CARRIED_TOOL,6666eb0931828107198322f6b72040ee9ceaf64851dd5db21b6c69e7bdcb6d5e,ROUTE_BLOCKED,1,"[""ROUTE_BLOCKED""]","[""UNAVAILABLE""]",false,0,Find a safe location for the carried tool.,results/indicative-twin-hierarchy-b/raw/cases.jsonl
b,187,INSPECT_NEAREST_COOLANT,765ee66369fa4d4a30b2aa2fe5ef62ffb54ff7ffa1c0f181210832b62d9a654c,NONE,0,[],[],false,0,Safely inspect the nearest coolant valve without entering a restricted room.,results/indicative-twin-hierarchy-b/raw/cases.jsonl
b,187,INSPECT_VALVE7_WITH_ALTERNATE,e20198a2a4227404ffc0135664d97af82887c7d744ca240787ecebc81dca43d4,NONE,0,[],[],false,0,"Safely inspect Valve 7; if Door 3 is unavailable, use another route.",results/indicative-twin-hierarchy-b/raw/cases.jsonl
b,187,REACH_PUMP2_WITH_RECHARGE,7ba29ba3ce7ce6a9d077f1a465bed2a544cd2f635d7c423627067461e264e348,NONE,0,[],[],false,0,"Reach Pump 2, but recharge first if estimated battery is insufficient.",results/indicative-twin-hierarchy-b/raw/cases.jsonl
b,187,REPLAN_ON_RESTRICTION,91801b59d29f568001e35dbda799300be21506bd079501e445e8c9c8672a9fc6,ROOM_RESTRICTED,1,"[""ROOM_RESTRICTED""]","[""RESTRICTED""]",true,1,Safely inspect Valve 7 and replan if a room becomes restricted.,results/indicative-twin-hierarchy-b/raw/cases.jsonl
b,187,STORE_CARRIED_TOOL,8c0d880ebd3765372c3b94e0e06320a6763551e4bbc44821cc531860fe4cbc88,ROUTE_BLOCKED,1,"[""ROUTE_BLOCKED""]","[""UNAVAILABLE""]",false,0,Find a safe location for the carried tool.,results/indicative-twin-hierarchy-b/raw/cases.jsonl
b,188,INSPECT_NEAREST_COOLANT,00a2931128e22323af321f33c0080e775ded1a9a02189dc6fe35fb9e3a70f005,NONE,0,[],[],false,0,Inspect the nearest coolant valve without entering a restricted room.,results/indicative-twin-hierarchy-b/raw/cases.jsonl
b,188,INSPECT_VALVE7_WITH_ALTERNATE,a75eb2d37d6462f4ba1ee11e290f7d98e8b05edfd7ada2ee45604821c3e25a3f,NONE,0,[],[],false,0,"Inspect Valve 7; if Door 3 is unavailable, use another route.",results/indicative-twin-hierarchy-b/raw/cases.jsonl
b,188,REACH_PUMP2_WITH_RECHARGE,8b92e039a5f8a18abb5168bd29266e0cfe7ba8795394696af723acaee32eb473,NONE,0,[],[],true,1,"Reach Pump 2, but recharge first if estimated battery is insufficient.",results/indicative-twin-hierarchy-b/raw/cases.jsonl
b,188,REPLAN_ON_RESTRICTION,abbeab7e0d9ea93ae436887bc2da8ba7641337c79d021c632f9ea3de0139e6ac,ROOM_RESTRICTED+ROUTE_BLOCKED,2,"[""ROUTE_BLOCKED"",""ROOM_RESTRICTED""]","[""UNAVAILABLE"",""RESTRICTED""]",true,1,Inspect Valve 7 and replan if a room becomes restricted.,results/indicative-twin-hierarchy-b/raw/cases.jsonl
b,188,STORE_CARRIED_TOOL,c85eccb27bcf9aa9247dda4b6eb139646d0f33384ffd63153dafa40faeff93b3,NONE,0,[],[],true,1,Find a safe location for the carried tool.,results/indicative-twin-hierarchy-b/raw/cases.jsonl
b,189,INSPECT_NEAREST_COOLANT,0b78c7a4fc28d7950b2e0a0169f5cff61cf0ac5fa9328af05b91983a951b54f7,NONE,0,[],[],false,0,Safely inspect the nearest coolant valve without entering a restricted room.,results/indicative-twin-hierarchy-b/raw/cases.jsonl
b,189,INSPECT_VALVE7_WITH_ALTERNATE,214309691800a492cfacb06540f66f9a0ba4d6b7dbb47be635de78708c7a113e,ROUTE_BLOCKED,1,"[""ROUTE_BLOCKED""]","[""UNAVAILABLE""]",false,0,"Safely inspect Valve 7; if Door 3 is unavailable, use another route.",results/indicative-twin-hierarchy-b/raw/cases.jsonl
b,189,REACH_PUMP2_WITH_RECHARGE,67b69d4cd6d5fbe43e555106358cc349da1c0656859dc9ff3d993cf919042ad5,ROUTE_BLOCKED,1,"[""ROUTE_BLOCKED""]","[""UNAVAILABLE""]",true,2,"Reach Pump 2, but recharge first if estimated battery is insufficient.",results/indicative-twin-hierarchy-b/raw/cases.jsonl
b,189,REPLAN_ON_RESTRICTION,23a964466416ac6d8703375fc9659642c8a294fb86abed6061bf2ae8501598c4,ROOM_RESTRICTED,1,"[""ROOM_RESTRICTED""]","[""RESTRICTED""]",true,1,Safely inspect Valve 7 and replan if a room becomes restricted.,results/indicative-twin-hierarchy-b/raw/cases.jsonl
b,189,STORE_CARRIED_TOOL,feec4214c072182b72df2ceff90b19f684e9b4983866e833e20f51fd74fbd688,NONE,0,[],[],true,1,Find a safe location for the carried tool.,results/indicative-twin-hierarchy-b/raw/cases.jsonl
b,190,INSPECT_NEAREST_COOLANT,b1d8cacd2449bf03cac08c66df71b20e64efe881a089adc08320a56a409245d7,INSTRUCTION_CHANGED+ROUTE_BLOCKED,2,"[""ROUTE_BLOCKED"",""INSTRUCTION_CHANGED""]","[""UNAVAILABLE"",""AVOID_ROOM:ElectricalRoom""]",false,0,Inspect the nearest coolant valve without entering a restricted room.,results/indicative-twin-hierarchy-b/raw/cases.jsonl
b,190,INSPECT_VALVE7_WITH_ALTERNATE,fc2cb2fa452e8b8025377f0bfced4450973d7a862979dd8b38d7c517bdbff662,INSTRUCTION_CHANGED+ROUTE_BLOCKED,2,"[""ROUTE_BLOCKED"",""INSTRUCTION_CHANGED""]","[""UNAVAILABLE"",""AVOID_ROOM:ElectricalRoom""]",false,0,"Inspect Valve 7; if Door 3 is unavailable, use another route.",results/indicative-twin-hierarchy-b/raw/cases.jsonl
b,190,REACH_PUMP2_WITH_RECHARGE,d9bbfb31b9828b21725f949c46537bdd829228ab8be24c88e2af1722e2205480,INSTRUCTION_CHANGED+ROUTE_BLOCKED,2,"[""ROUTE_BLOCKED"",""INSTRUCTION_CHANGED""]","[""UNAVAILABLE"",""AVOID_ROOM:ElectricalRoom""]",true,1,"Reach Pump 2, but recharge first if estimated battery is insufficient.",results/indicative-twin-hierarchy-b/raw/cases.jsonl
b,190,REPLAN_ON_RESTRICTION,7e5a6282f8d220598cebc92362757d5e1007ddd38e66ce58bb7c546c1ad590e6,INSTRUCTION_CHANGED+ROOM_RESTRICTED,2,"[""INSTRUCTION_CHANGED"",""ROOM_RESTRICTED""]","[""AVOID_ROOM:ElectricalRoom"",""RESTRICTED""]",false,0,Inspect Valve 7 and replan if a room becomes restricted.,results/indicative-twin-hierarchy-b/raw/cases.jsonl
b,190,STORE_CARRIED_TOOL,3abb085627bfee35224df6968f7e18c499afc50bdbde64dc15527bb64d58f9cf,INSTRUCTION_CHANGED,1,"[""INSTRUCTION_CHANGED""]","[""AVOID_ROOM:ElectricalRoom""]",false,0,Find a safe location for the carried tool.,results/indicative-twin-hierarchy-b/raw/cases.jsonl
b,191,INSPECT_NEAREST_COOLANT,08a6b569bc92ca335c36230cab42da1d2e1d49848ed3df4b6533c637d0db1439,ROUTE_BLOCKED,1,"[""ROUTE_BLOCKED""]","[""UNAVAILABLE""]",true,1,Safely inspect the nearest coolant valve without entering a restricted room.,results/indicative-twin-hierarchy-b/raw/cases.jsonl
b,191,INSPECT_VALVE7_WITH_ALTERNATE,ba5428ea3722de2b4df80e46eef9266bb7ac0f76f9f918fb2f2760e13f2ce71b,ROUTE_BLOCKED,1,"[""ROUTE_BLOCKED""]","[""UNAVAILABLE""]",true,1,"Safely inspect Valve 7; if Door 3 is unavailable, use another route.",results/indicative-twin-hierarchy-b/raw/cases.jsonl
b,191,REACH_PUMP2_WITH_RECHARGE,1648ae307b140a7cf9024aa43e95303d44745bbea6d5133bdafcde1fa8c06033,NONE,0,[],[],false,0,"Reach Pump 2, but recharge first if estimated battery is insufficient.",results/indicative-twin-hierarchy-b/raw/cases.jsonl
b,191,REPLAN_ON_RESTRICTION,1a3fe356c2132d1adb9101a4554b30ecdfbe35bdd49d0ea523bdac06736ebcf4,ROOM_RESTRICTED,1,"[""ROOM_RESTRICTED""]","[""RESTRICTED""]",true,1,Safely inspect Valve 7 and replan if a room becomes restricted.,results/indicative-twin-hierarchy-b/raw/cases.jsonl
b,191,STORE_CARRIED_TOOL,061e38f7b25044fbebcf238167212ddc2c7fb8c435dd0727634f6db7789db587,ROUTE_BLOCKED,1,"[""ROUTE_BLOCKED""]","[""UNAVAILABLE""]",true,1,Find a safe location for the carried tool.,results/indicative-twin-hierarchy-b/raw/cases.jsonl
b,192,INSPECT_NEAREST_COOLANT,b149f1ed1d94f736e40c17aa21f07aef17152e04a444dcafc87ec39176b6ed60,NONE,0,[],[],false,0,Inspect the nearest coolant valve without entering a restricted room.,results/indicative-twin-hierarchy-b/raw/cases.jsonl
b,192,INSPECT_VALVE7_WITH_ALTERNATE,329ae400a303e69832398e746164541472f4aa3f3d87c73e5a4562ce748c4ece,NONE,0,[],[],false,0,"Inspect Valve 7; if Door 3 is unavailable, use another route.",results/indicative-twin-hierarchy-b/raw/cases.jsonl
b,192,REACH_PUMP2_WITH_RECHARGE,7f5db59853f2cdb0f283f0c216ad5bf4c90b326eaad62fa0b3ee903992900378,NONE,0,[],[],false,0,"Reach Pump 2, but recharge first if estimated battery is insufficient.",results/indicative-twin-hierarchy-b/raw/cases.jsonl
b,192,REPLAN_ON_RESTRICTION,18e46b238add9c09cabbc5d421166872568aad2c0e2217f31d6f183965b0371c,ROOM_RESTRICTED,1,"[""ROOM_RESTRICTED""]","[""RESTRICTED""]",true,2,Inspect Valve 7 and replan if a room becomes restricted.,results/indicative-twin-hierarchy-b/raw/cases.jsonl
b,192,STORE_CARRIED_TOOL,2c50f8096fdf654b103171dd6d3c3665bf18b864b462d6a48f9677eb0798d5e9,NONE,0,[],[],false,0,Find a safe location for the carried tool.,results/indicative-twin-hierarchy-b/raw/cases.jsonl
b,193,INSPECT_NEAREST_COOLANT,b721f9730286bae9e390b3a77ce61b7b87056c237e52d43474be48b99836f47f,NONE,0,[],[],false,0,Safely inspect the nearest coolant valve without entering a restricted room.,results/indicative-twin-hierarchy-b/raw/cases.jsonl
b,193,INSPECT_VALVE7_WITH_ALTERNATE,b231483ff33b32c94fe8bd412af73e7bfa3d2b6a001c57f015a59f2c545cdd95,NONE,0,[],[],false,0,"Safely inspect Valve 7; if Door 3 is unavailable, use another route.",results/indicative-twin-hierarchy-b/raw/cases.jsonl
b,193,REACH_PUMP2_WITH_RECHARGE,4b1fc7f843da5ef90edef4a56d3ddc226a68dbe7c0834e481d6ac898ef70d2a1,ROUTE_BLOCKED,1,"[""ROUTE_BLOCKED""]","[""UNAVAILABLE""]",true,1,"Reach Pump 2, but recharge first if estimated battery is insufficient.",results/indicative-twin-hierarchy-b/raw/cases.jsonl
b,193,REPLAN_ON_RESTRICTION,473cb2998873463a3c45664bdf3a7fd653617670de0994ad23f064a6b74a4060,ROOM_RESTRICTED,1,"[""ROOM_RESTRICTED""]","[""RESTRICTED""]",true,1,Safely inspect Valve 7 and replan if a room becomes restricted.,results/indicative-twin-hierarchy-b/raw/cases.jsonl
b,193,STORE_CARRIED_TOOL,0345b91fa702d7aaad3bfa8c6a96a3945e815fd76e859d19a701055d95d5d170,ROUTE_BLOCKED,1,"[""ROUTE_BLOCKED""]","[""UNAVAILABLE""]",true,1,Find a safe location for the carried tool.,results/indicative-twin-hierarchy-b/raw/cases.jsonl
b,194,INSPECT_NEAREST_COOLANT,b3d41ce067bbdc4d07e75e0014b779b9d525770682a6db88cf4468a2e754d12c,NONE,0,[],[],false,0,Inspect the nearest coolant valve without entering a restricted room.,results/indicative-twin-hierarchy-b/raw/cases.jsonl
b,194,INSPECT_VALVE7_WITH_ALTERNATE,8ea649983b7986d44b0120a1604b8f69c5fe7d1a7eaeebfbca3106a0a21a8ee7,ROUTE_BLOCKED,1,"[""ROUTE_BLOCKED""]","[""UNAVAILABLE""]",true,1,"Inspect Valve 7; if Door 3 is unavailable, use another route.",results/indicative-twin-hierarchy-b/raw/cases.jsonl
b,194,REACH_PUMP2_WITH_RECHARGE,7c71d2046d0fed303cf1b3090a3475ed907665628a8e6c5494e2f24e2b926842,ROUTE_BLOCKED,1,"[""ROUTE_BLOCKED""]","[""UNAVAILABLE""]",false,0,"Reach Pump 2, but recharge first if estimated battery is insufficient.",results/indicative-twin-hierarchy-b/raw/cases.jsonl
b,194,REPLAN_ON_RESTRICTION,c3615220d2b8afb59cb285061c44213eb50a9a08529cbd1dd33c9a687d4cbb88,ROOM_RESTRICTED,1,"[""ROOM_RESTRICTED""]","[""RESTRICTED""]",false,0,Inspect Valve 7 and replan if a room becomes restricted.,results/indicative-twin-hierarchy-b/raw/cases.jsonl
b,194,STORE_CARRIED_TOOL,380a706eaf4e5f7cb196c7455f43d537e1fc66a4b6ec628471d4d27ac42baadc,NONE,0,[],[],false,0,Find a safe location for the carried tool.,results/indicative-twin-hierarchy-b/raw/cases.jsonl
b,195,INSPECT_NEAREST_COOLANT,de0917af7fe3944e7f7f9770974e8cf9da13d71933e3db12b184850e1a8a8ced,INSTRUCTION_CHANGED,1,"[""INSTRUCTION_CHANGED""]","[""AVOID_ROOM:ElectricalRoom""]",false,0,Safely inspect the nearest coolant valve without entering a restricted room.,results/indicative-twin-hierarchy-b/raw/cases.jsonl
b,195,INSPECT_VALVE7_WITH_ALTERNATE,91f269e65de5656a9e3c756d2e5c326343ba7328d9ab1adab7434b45415fb06c,INSTRUCTION_CHANGED,1,"[""INSTRUCTION_CHANGED""]","[""AVOID_ROOM:ElectricalRoom""]",false,0,"Safely inspect Valve 7; if Door 3 is unavailable, use another route.",results/indicative-twin-hierarchy-b/raw/cases.jsonl
b,195,REACH_PUMP2_WITH_RECHARGE,8fcf7966c3d12433c8fc68f08b81e72af5962da03839f713d399167ceba37185,INSTRUCTION_CHANGED,1,"[""INSTRUCTION_CHANGED""]","[""AVOID_ROOM:ElectricalRoom""]",true,2,"Reach Pump 2, but recharge first if estimated battery is insufficient.",results/indicative-twin-hierarchy-b/raw/cases.jsonl
b,195,REPLAN_ON_RESTRICTION,d8ec90d5ae47dc8d549005c8e7fb807e36faf3e30c743395fe915cfaea8dde4b,INSTRUCTION_CHANGED+ROOM_RESTRICTED,2,"[""INSTRUCTION_CHANGED"",""ROOM_RESTRICTED""]","[""AVOID_ROOM:ElectricalRoom"",""RESTRICTED""]",false,0,Safely inspect Valve 7 and replan if a room becomes restricted.,results/indicative-twin-hierarchy-b/raw/cases.jsonl
b,195,STORE_CARRIED_TOOL,b68905e388b40f9db099d401169e06e7cde2e8cae0b0c3e2ef32afb399e5f30b,INSTRUCTION_CHANGED,1,"[""INSTRUCTION_CHANGED""]","[""AVOID_ROOM:ElectricalRoom""]",true,2,Find a safe location for the carried tool.,results/indicative-twin-hierarchy-b/raw/cases.jsonl
b,196,INSPECT_NEAREST_COOLANT,340098d2dd417fe1a969c1dad48c897619a5e788387bdbaa158f5552c50044a7,NONE,0,[],[],true,1,Inspect the nearest coolant valve without entering a restricted room.,results/indicative-twin-hierarchy-b/raw/cases.jsonl
b,196,INSPECT_VALVE7_WITH_ALTERNATE,418e30fa1f191b31392a317432aa4d4c8850d47c3f70c87e1e1fbf81cdfc0a85,NONE,0,[],[],true,1,"Inspect Valve 7; if Door 3 is unavailable, use another route.",results/indicative-twin-hierarchy-b/raw/cases.jsonl
b,196,REACH_PUMP2_WITH_RECHARGE,62133eb8b710e505f17fffd3243ba544c47650a7d4fdcc09404761aba8faeb01,ROUTE_BLOCKED,1,"[""ROUTE_BLOCKED""]","[""UNAVAILABLE""]",true,1,"Reach Pump 2, but recharge first if estimated battery is insufficient.",results/indicative-twin-hierarchy-b/raw/cases.jsonl
b,196,REPLAN_ON_RESTRICTION,d0e9076e7889edc50fd0a6e532fb258765e39c61fb7a49e6c4e8379c53911a05,ROOM_RESTRICTED+ROUTE_BLOCKED,2,"[""ROUTE_BLOCKED"",""ROOM_RESTRICTED""]","[""UNAVAILABLE"",""RESTRICTED""]",false,0,Inspect Valve 7 and replan if a room becomes restricted.,results/indicative-twin-hierarchy-b/raw/cases.jsonl
b,196,STORE_CARRIED_TOOL,d696e7bf973522df47bf8ed88bf2b31f10db20b0e5b943c1e23ba3d30da1a5fa,NONE,0,[],[],false,0,Find a safe location for the carried tool.,results/indicative-twin-hierarchy-b/raw/cases.jsonl
b,197,INSPECT_NEAREST_COOLANT,572cb873f46305c79cecb0a6ae9e015df4e09da39641fdb4a1daa51d33a492cb,NONE,0,[],[],true,1,Safely inspect the nearest coolant valve without entering a restricted room.,results/indicative-twin-hierarchy-b/raw/cases.jsonl
b,197,INSPECT_VALVE7_WITH_ALTERNATE,ab71cb510728f50a0b33bc58dc4a312fa675c1ef3e2102f82d58fd1bcdc6ed46,NONE,0,[],[],false,0,"Safely inspect Valve 7; if Door 3 is unavailable, use another route.",results/indicative-twin-hierarchy-b/raw/cases.jsonl
b,197,REACH_PUMP2_WITH_RECHARGE,6cfc258dd147010e1840907b6b2f5ee3f2314e468ba3a160306cd0605c9f7ae9,NONE,0,[],[],true,1,"Reach Pump 2, but recharge first if estimated battery is insufficient.",results/indicative-twin-hierarchy-b/raw/cases.jsonl
b,197,REPLAN_ON_RESTRICTION,5265919c50f84a93708813751e0bcb94e2647116b86fed1b16289f2c5f4193b0,ROOM_RESTRICTED+ROUTE_BLOCKED,2,"[""ROUTE_BLOCKED"",""ROOM_RESTRICTED""]","[""UNAVAILABLE"",""RESTRICTED""]",true,1,Safely inspect Valve 7 and replan if a room becomes restricted.,results/indicative-twin-hierarchy-b/raw/cases.jsonl
b,197,STORE_CARRIED_TOOL,654bbec18ad26d6f79cfa16370c86c3bc7f95f8e0f95f4b3b2c18ffa88d0365b,ROUTE_BLOCKED,1,"[""ROUTE_BLOCKED""]","[""UNAVAILABLE""]",false,0,Find a safe location for the carried tool.,results/indicative-twin-hierarchy-b/raw/cases.jsonl
b,198,INSPECT_NEAREST_COOLANT,74e3b001b339430d654629d32679b6abf19df0cc3c635ab8c85263293dfeb4af,NONE,0,[],[],true,1,Inspect the nearest coolant valve without entering a restricted room.,results/indicative-twin-hierarchy-b/raw/cases.jsonl
b,198,INSPECT_VALVE7_WITH_ALTERNATE,adec23a612876610c248b8b2bfb54d66f8e0004d6368e88e2710a328024ca70e,NONE,0,[],[],false,0,"Inspect Valve 7; if Door 3 is unavailable, use another route.",results/indicative-twin-hierarchy-b/raw/cases.jsonl
b,198,REACH_PUMP2_WITH_RECHARGE,5def3a5154743574f0c3f0116974377fefba81a9ed51ec8f089130ae69258bd4,ROUTE_BLOCKED,1,"[""ROUTE_BLOCKED""]","[""UNAVAILABLE""]",true,1,"Reach Pump 2, but recharge first if estimated battery is insufficient.",results/indicative-twin-hierarchy-b/raw/cases.jsonl
b,198,REPLAN_ON_RESTRICTION,72cd91b1dc3fdf9cd19773c746d7d0397dab4db0c46b5dfda78cadab79bc191c,ROOM_RESTRICTED,1,"[""ROOM_RESTRICTED""]","[""RESTRICTED""]",false,0,Inspect Valve 7 and replan if a room becomes restricted.,results/indicative-twin-hierarchy-b/raw/cases.jsonl
b,198,STORE_CARRIED_TOOL,77da53aa4440e1743d2bf59834173aef296cad9cb437ce9c6ad6c18a771be123,NONE,0,[],[],true,2,Find a safe location for the carried tool.,results/indicative-twin-hierarchy-b/raw/cases.jsonl
b,199,INSPECT_NEAREST_COOLANT,2e933142fc7e09e1fefb1e508a5179eecd4164c00810d27b420bce45a3301675,NONE,0,[],[],true,1,Safely inspect the nearest coolant valve without entering a restricted room.,results/indicative-twin-hierarchy-b/raw/cases.jsonl
b,199,INSPECT_VALVE7_WITH_ALTERNATE,56bae7cde6613fc0be9b5d0a5d3b791c399f2c1032d98779ceed6b6dc9ee1cac,NONE,0,[],[],true,1,"Safely inspect Valve 7; if Door 3 is unavailable, use another route.",results/indicative-twin-hierarchy-b/raw/cases.jsonl
b,199,REACH_PUMP2_WITH_RECHARGE,af092167fb4fa49fbac6b41ad531fdb43a03e10d074927f5aa61f32b221c5035,ROUTE_BLOCKED,1,"[""ROUTE_BLOCKED""]","[""UNAVAILABLE""]",false,0,"Reach Pump 2, but recharge first if estimated battery is insufficient.",results/indicative-twin-hierarchy-b/raw/cases.jsonl
b,199,REPLAN_ON_RESTRICTION,ff4db828d13af2697bbdf3dbab7d882caf77fda8e6e0657dfe7e218717d362ac,ROOM_RESTRICTED,1,"[""ROOM_RESTRICTED""]","[""RESTRICTED""]",false,0,Safely inspect Valve 7 and replan if a room becomes restricted.,results/indicative-twin-hierarchy-b/raw/cases.jsonl
b,199,STORE_CARRIED_TOOL,b34abd784e84f1d06482b5376cf97681ceffb1ed1627dd4732daafd231e3a5db,NONE,0,[],[],true,1,Find a safe location for the carried tool.,results/indicative-twin-hierarchy-b/raw/cases.jsonl
b,200,INSPECT_NEAREST_COOLANT,b093db1f6c8bbb04054ad10365a3a58dd28e6f677e309e33814133a0d23950b3,INSTRUCTION_CHANGED,1,"[""INSTRUCTION_CHANGED""]","[""AVOID_ROOM:ElectricalRoom""]",true,1,Inspect the nearest coolant valve without entering a restricted room.,results/indicative-twin-hierarchy-b/raw/cases.jsonl
b,200,INSPECT_VALVE7_WITH_ALTERNATE,be9735b0b51c81f68d49a9eedc06223fd49d9fcc0bf14009928a3e2e14b8ae14,INSTRUCTION_CHANGED,1,"[""INSTRUCTION_CHANGED""]","[""AVOID_ROOM:ElectricalRoom""]",false,0,"Inspect Valve 7; if Door 3 is unavailable, use another route.",results/indicative-twin-hierarchy-b/raw/cases.jsonl
b,200,REACH_PUMP2_WITH_RECHARGE,4836643af6352467901378cd2a0e10034c1f898157c1d9e256d5033a27988ccc,INSTRUCTION_CHANGED,1,"[""INSTRUCTION_CHANGED""]","[""AVOID_ROOM:ElectricalRoom""]",true,1,"Reach Pump 2, but recharge first if estimated battery is insufficient.",results/indicative-twin-hierarchy-b/raw/cases.jsonl
b,200,REPLAN_ON_RESTRICTION,076dc745f5f2c11688b4d3f97563d1189f0fbcfc501d4edab4206ca527850d10,INSTRUCTION_CHANGED+ROOM_RESTRICTED,2,"[""INSTRUCTION_CHANGED"",""ROOM_RESTRICTED""]","[""AVOID_ROOM:ElectricalRoom"",""RESTRICTED""]",false,0,Inspect Valve 7 and replan if a room becomes restricted.,results/indicative-twin-hierarchy-b/raw/cases.jsonl
b,200,STORE_CARRIED_TOOL,c22f12a2050d7064953bcc78890e0de3d852d47307182e88913bf935a00ca700,INSTRUCTION_CHANGED,1,"[""INSTRUCTION_CHANGED""]","[""AVOID_ROOM:ElectricalRoom""]",true,1,Find a safe location for the carried tool.,results/indicative-twin-hierarchy-b/raw/cases.jsonl
b,201,INSPECT_NEAREST_COOLANT,15bec31416bdb80acb362452824b6e69af9a2fab0c5acb631d6731ffde2ef6c5,NONE,0,[],[],false,0,Safely inspect the nearest coolant valve without entering a restricted room.,results/indicative-twin-hierarchy-b/raw/cases.jsonl
b,201,INSPECT_VALVE7_WITH_ALTERNATE,1d464df8a7eb2021b0bd813efb4359a1d43cae56aa12ef23a1c686c75de7a159,NONE,0,[],[],true,2,"Safely inspect Valve 7; if Door 3 is unavailable, use another route.",results/indicative-twin-hierarchy-b/raw/cases.jsonl
b,201,REACH_PUMP2_WITH_RECHARGE,64c87d3c984a3d6595adec6d6e72dfa889a9acd4cfc8cda18603d5ef26d10404,NONE,0,[],[],true,1,"Reach Pump 2, but recharge first if estimated battery is insufficient.",results/indicative-twin-hierarchy-b/raw/cases.jsonl
b,201,REPLAN_ON_RESTRICTION,a6e83527f02d99eca43634052ad4360b7b5098e838c99c33bce014fef570f37c,ROOM_RESTRICTED,1,"[""ROOM_RESTRICTED""]","[""RESTRICTED""]",false,0,Safely inspect Valve 7 and replan if a room becomes restricted.,results/indicative-twin-hierarchy-b/raw/cases.jsonl
b,201,STORE_CARRIED_TOOL,d9e1d430a6aa698659a0c1fcb0ae12fbfd3c2b4759407020c11e6e15f23712cf,NONE,0,[],[],true,1,Find a safe location for the carried tool.,results/indicative-twin-hierarchy-b/raw/cases.jsonl
b,202,INSPECT_NEAREST_COOLANT,136e222297a4db8acce434f0fbc127f4ed9fbbd8e4df77af357f5510c2eb0881,ROUTE_BLOCKED,1,"[""ROUTE_BLOCKED""]","[""UNAVAILABLE""]",true,1,Inspect the nearest coolant valve without entering a restricted room.,results/indicative-twin-hierarchy-b/raw/cases.jsonl
b,202,INSPECT_VALVE7_WITH_ALTERNATE,313f2cba2eb8e86ee9c98e3afcb851acdbd2623301ce57f25cf081c8d46868fe,NONE,0,[],[],false,0,"Inspect Valve 7; if Door 3 is unavailable, use another route.",results/indicative-twin-hierarchy-b/raw/cases.jsonl
b,202,REACH_PUMP2_WITH_RECHARGE,208d3c465ef20c79a6cf03174e46806d6655e1bb79225c4aae8fc753ebb0f9f3,ROUTE_BLOCKED,1,"[""ROUTE_BLOCKED""]","[""UNAVAILABLE""]",true,1,"Reach Pump 2, but recharge first if estimated battery is insufficient.",results/indicative-twin-hierarchy-b/raw/cases.jsonl
b,202,REPLAN_ON_RESTRICTION,889d4557601af532b5a14116f30459550898c3115d7914fc31b95ca6944d4854,ROOM_RESTRICTED,1,"[""ROOM_RESTRICTED""]","[""RESTRICTED""]",false,0,Inspect Valve 7 and replan if a room becomes restricted.,results/indicative-twin-hierarchy-b/raw/cases.jsonl
b,202,STORE_CARRIED_TOOL,0e7957fb6d64add9e99caf781c22c213965d7912f10b347e6ed7ff5c8d4d2e1a,NONE,0,[],[],true,1,Find a safe location for the carried tool.,results/indicative-twin-hierarchy-b/raw/cases.jsonl
b,203,INSPECT_NEAREST_COOLANT,9ca17d94a71131bb4950475b1cdffe66f05bdb3940d208561127f68c6c04fe8b,NONE,0,[],[],true,1,Safely inspect the nearest coolant valve without entering a restricted room.,results/indicative-twin-hierarchy-b/raw/cases.jsonl
b,203,INSPECT_VALVE7_WITH_ALTERNATE,74db415312720102455bee61202daf6b841cd72e5a2088da08a06fc98e1b7cbf,ROUTE_BLOCKED,1,"[""ROUTE_BLOCKED""]","[""UNAVAILABLE""]",false,0,"Safely inspect Valve 7; if Door 3 is unavailable, use another route.",results/indicative-twin-hierarchy-b/raw/cases.jsonl
b,203,REACH_PUMP2_WITH_RECHARGE,324c79e2e3f48d0cfea2ba01bae45c69fabfcc90c79340c98956298ea3a1cfef,NONE,0,[],[],false,0,"Reach Pump 2, but recharge first if estimated battery is insufficient.",results/indicative-twin-hierarchy-b/raw/cases.jsonl
b,203,REPLAN_ON_RESTRICTION,a4c8ba4ebe08e1da087a79b0c772416b252e2b48f01c0b1354cc4ad18c63f463,ROOM_RESTRICTED,1,"[""ROOM_RESTRICTED""]","[""RESTRICTED""]",false,0,Safely inspect Valve 7 and replan if a room becomes restricted.,results/indicative-twin-hierarchy-b/raw/cases.jsonl
b,203,STORE_CARRIED_TOOL,c6f22a0c1c4eb74665d1a55cad2668bea1c5a8bf104a345b68b183a5ee567f64,NONE,0,[],[],true,1,Find a safe location for the carried tool.,results/indicative-twin-hierarchy-b/raw/cases.jsonl
b,204,INSPECT_NEAREST_COOLANT,f80dd24e2d48048583d9062643c5c22ac20e66685c081e4e81e7379feb5fe57d,ROUTE_BLOCKED,1,"[""ROUTE_BLOCKED""]","[""UNAVAILABLE""]",true,1,Inspect the nearest coolant valve without entering a restricted room.,results/indicative-twin-hierarchy-b/raw/cases.jsonl
b,204,INSPECT_VALVE7_WITH_ALTERNATE,f7ac1673ec75d0ade7e847714a84b16ec35e8894631eefb294ac1f0830b0fbbf,ROUTE_BLOCKED,1,"[""ROUTE_BLOCKED""]","[""UNAVAILABLE""]",false,0,"Inspect Valve 7; if Door 3 is unavailable, use another route.",results/indicative-twin-hierarchy-b/raw/cases.jsonl
b,204,REACH_PUMP2_WITH_RECHARGE,9aceb5f8bfefa39048085aee04c3d7e988e2157e1c0090661e7f7b070e6aae23,NONE,0,[],[],true,1,"Reach Pump 2, but recharge first if estimated battery is insufficient.",results/indicative-twin-hierarchy-b/raw/cases.jsonl
b,204,REPLAN_ON_RESTRICTION,60e4af841844e14c1ae478f1529c47a52a9d15cf3b4d44c7ff3583916bcf135d,ROOM_RESTRICTED+ROUTE_BLOCKED,2,"[""ROUTE_BLOCKED"",""ROOM_RESTRICTED""]","[""UNAVAILABLE"",""RESTRICTED""]",true,2,Inspect Valve 7 and replan if a room becomes restricted.,results/indicative-twin-hierarchy-b/raw/cases.jsonl
b,204,STORE_CARRIED_TOOL,510de168a0895a55f77b705271bdf45185ce0265d3ea4289d24393503e2890f7,NONE,0,[],[],true,1,Find a safe location for the carried tool.,results/indicative-twin-hierarchy-b/raw/cases.jsonl
b,205,INSPECT_NEAREST_COOLANT,30cf30349aad112eb773aabf2aea1165cbbd1882f88bd7fcbb101df8db9516ae,INSTRUCTION_CHANGED,1,"[""INSTRUCTION_CHANGED""]","[""AVOID_ROOM:ElectricalRoom""]",true,1,Safely inspect the nearest coolant valve without entering a restricted room.,results/indicative-twin-hierarchy-b/raw/cases.jsonl
b,205,INSPECT_VALVE7_WITH_ALTERNATE,64a9f0f2801b1378612849040dc77dff7036e94561b15a6e169f1c5822f0cd5e,INSTRUCTION_CHANGED,1,"[""INSTRUCTION_CHANGED""]","[""AVOID_ROOM:ElectricalRoom""]",true,1,"Safely inspect Valve 7; if Door 3 is unavailable, use another route.",results/indicative-twin-hierarchy-b/raw/cases.jsonl
b,205,REACH_PUMP2_WITH_RECHARGE,4413b9ac5e921f84ce6bb9a4aeda48a861b54bab470cc6b898c6b0b05320f1f3,INSTRUCTION_CHANGED,1,"[""INSTRUCTION_CHANGED""]","[""AVOID_ROOM:ElectricalRoom""]",true,1,"Reach Pump 2, but recharge first if estimated battery is insufficient.",results/indicative-twin-hierarchy-b/raw/cases.jsonl
b,205,REPLAN_ON_RESTRICTION,a216fb348a3b1c34c988180cedc6eac51087294517241ad6b972f55326eaa189,INSTRUCTION_CHANGED+ROOM_RESTRICTED,2,"[""INSTRUCTION_CHANGED"",""ROOM_RESTRICTED""]","[""AVOID_ROOM:ElectricalRoom"",""RESTRICTED""]",true,1,Safely inspect Valve 7 and replan if a room becomes restricted.,results/indicative-twin-hierarchy-b/raw/cases.jsonl
b,205,STORE_CARRIED_TOOL,0fcfc2c2516ccfc3215abf62a4a4e60071ebfcd1dc5fb95e8a405831edc91b05,INSTRUCTION_CHANGED,1,"[""INSTRUCTION_CHANGED""]","[""AVOID_ROOM:ElectricalRoom""]",true,1,Find a safe location for the carried tool.,results/indicative-twin-hierarchy-b/raw/cases.jsonl
b,206,INSPECT_NEAREST_COOLANT,4c728fa394ac7e68b4e300f562fcfe6c58a9057efe277d78ae6e91c35f3bc34e,NONE,0,[],[],false,0,Inspect the nearest coolant valve without entering a restricted room.,results/indicative-twin-hierarchy-b/raw/cases.jsonl
b,206,INSPECT_VALVE7_WITH_ALTERNATE,a9fd080414e92c0711a61b146ec62413ddd57920abac1668c19609dcb2f57093,NONE,0,[],[],true,1,"Inspect Valve 7; if Door 3 is unavailable, use another route.",results/indicative-twin-hierarchy-b/raw/cases.jsonl
b,206,REACH_PUMP2_WITH_RECHARGE,fbdfe377cb00bc713446d8c6bde041e006c78bab205c182d6920f7aca2fbe3c1,NONE,0,[],[],true,1,"Reach Pump 2, but recharge first if estimated battery is insufficient.",results/indicative-twin-hierarchy-b/raw/cases.jsonl
b,206,REPLAN_ON_RESTRICTION,4d7311162ac09cf0bc9976cc22887d67c29e54d6e65cbd54bd776e2ba29e5a4e,ROOM_RESTRICTED,1,"[""ROOM_RESTRICTED""]","[""RESTRICTED""]",false,0,Inspect Valve 7 and replan if a room becomes restricted.,results/indicative-twin-hierarchy-b/raw/cases.jsonl
b,206,STORE_CARRIED_TOOL,51cec5bb0d5b1c7c492168241df4b2a1fec5b27d510f76c1ff8fd2b4cfac6c28,NONE,0,[],[],true,1,Find a safe location for the carried tool.,results/indicative-twin-hierarchy-b/raw/cases.jsonl
b,207,INSPECT_NEAREST_COOLANT,21dccc771c5a99a017247e2b9d4c9466ce5684637afed9b5fabe507c062d5c63,NONE,0,[],[],false,0,Safely inspect the nearest coolant valve without entering a restricted room.,results/indicative-twin-hierarchy-b/raw/cases.jsonl
b,207,INSPECT_VALVE7_WITH_ALTERNATE,b8b87605438374a8bfe90b380202af6d670cb48b279481c78ef277672d5cecc3,ROUTE_BLOCKED,1,"[""ROUTE_BLOCKED""]","[""UNAVAILABLE""]",false,0,"Safely inspect Valve 7; if Door 3 is unavailable, use another route.",results/indicative-twin-hierarchy-b/raw/cases.jsonl
b,207,REACH_PUMP2_WITH_RECHARGE,2012bc52700cc4657e42570b58ca5d56da13ca5a009143a2fbdb14cc243fe635,NONE,0,[],[],false,0,"Reach Pump 2, but recharge first if estimated battery is insufficient.",results/indicative-twin-hierarchy-b/raw/cases.jsonl
b,207,REPLAN_ON_RESTRICTION,878aa02226a11000a955d0ed5030def6c5f1a7f28db7243221a0e1fa5f6a57cb,ROOM_RESTRICTED,1,"[""ROOM_RESTRICTED""]","[""RESTRICTED""]",true,2,Safely inspect Valve 7 and replan if a room becomes restricted.,results/indicative-twin-hierarchy-b/raw/cases.jsonl
b,207,STORE_CARRIED_TOOL,acf20557a965060e6558f0ed78bc7213147bb54a9c665a01fe7d276601d9f327,NONE,0,[],[],false,0,Find a safe location for the carried tool.,results/indicative-twin-hierarchy-b/raw/cases.jsonl
b,208,INSPECT_NEAREST_COOLANT,2066f973da819b8ec8fd9374ee787c553a29e3285ccab52d7b7885637ab3ec8d,NONE,0,[],[],true,1,Inspect the nearest coolant valve without entering a restricted room.,results/indicative-twin-hierarchy-b/raw/cases.jsonl
b,208,INSPECT_VALVE7_WITH_ALTERNATE,11a6fc07f81ab86f203a3d099a9948d37d57f781e8d1ded915f1198880a4a81d,ROUTE_BLOCKED,1,"[""ROUTE_BLOCKED""]","[""UNAVAILABLE""]",false,0,"Inspect Valve 7; if Door 3 is unavailable, use another route.",results/indicative-twin-hierarchy-b/raw/cases.jsonl
b,208,REACH_PUMP2_WITH_RECHARGE,f5b42b7ac7d5c7c640c763c141e1ec7b62914d5e256e007f87e6761e51a77329,NONE,0,[],[],false,0,"Reach Pump 2, but recharge first if estimated battery is insufficient.",results/indicative-twin-hierarchy-b/raw/cases.jsonl
b,208,REPLAN_ON_RESTRICTION,292da496ec09b8232bc08f3c00b45a66766273486ab8d8317bf463f472cff0f4,ROOM_RESTRICTED,1,"[""ROOM_RESTRICTED""]","[""RESTRICTED""]",false,0,Inspect Valve 7 and replan if a room becomes restricted.,results/indicative-twin-hierarchy-b/raw/cases.jsonl
b,208,STORE_CARRIED_TOOL,8093e02512530f5c4b9989de2557d6c08daad7d85a76e4a6449a08190e516c30,NONE,0,[],[],false,0,Find a safe location for the carried tool.,results/indicative-twin-hierarchy-b/raw/cases.jsonl
b,209,INSPECT_NEAREST_COOLANT,88239e8b903d16459a042f67cff97f050ffcb7c3d8f210e5f31f4775fa50c176,ROUTE_BLOCKED,1,"[""ROUTE_BLOCKED""]","[""UNAVAILABLE""]",true,1,Safely inspect the nearest coolant valve without entering a restricted room.,results/indicative-twin-hierarchy-b/raw/cases.jsonl
b,209,INSPECT_VALVE7_WITH_ALTERNATE,501f2061ad2281e35543f6d904d7212c534b11f8060960900ab82cfe12b79ccf,NONE,0,[],[],false,0,"Safely inspect Valve 7; if Door 3 is unavailable, use another route.",results/indicative-twin-hierarchy-b/raw/cases.jsonl
b,209,REACH_PUMP2_WITH_RECHARGE,eeb85182a3ac4f8bf76e9bbb47e298948d862dc4de99dfb02d001062b5218d66,NONE,0,[],[],false,0,"Reach Pump 2, but recharge first if estimated battery is insufficient.",results/indicative-twin-hierarchy-b/raw/cases.jsonl
b,209,REPLAN_ON_RESTRICTION,b8d596444c9aba1be7e374e9beacf1812e53767caccf6a58e3d8ba1c28c8707f,ROOM_RESTRICTED+ROUTE_BLOCKED,2,"[""ROUTE_BLOCKED"",""ROOM_RESTRICTED""]","[""UNAVAILABLE"",""RESTRICTED""]",true,1,Safely inspect Valve 7 and replan if a room becomes restricted.,results/indicative-twin-hierarchy-b/raw/cases.jsonl
b,209,STORE_CARRIED_TOOL,6f607fe68cb39963ac5c4fa42892ec9bff0ccbae9f67646fd6c73edabbea29e3,NONE,0,[],[],true,1,Find a safe location for the carried tool.,results/indicative-twin-hierarchy-b/raw/cases.jsonl
b,210,INSPECT_NEAREST_COOLANT,9473c3bbd801f669b36e561ff62b330f86ab30f7734ac2ce748fe5016f7697b5,INSTRUCTION_CHANGED,1,"[""INSTRUCTION_CHANGED""]","[""AVOID_ROOM:ElectricalRoom""]",true,1,Inspect the nearest coolant valve without entering a restricted room.,results/indicative-twin-hierarchy-b/raw/cases.jsonl
b,210,INSPECT_VALVE7_WITH_ALTERNATE,c7738fc6aa862d6dd0d1b70198fc1f554f7169a0e912abf1e0e21f88449eb936,INSTRUCTION_CHANGED+ROUTE_BLOCKED,2,"[""ROUTE_BLOCKED"",""INSTRUCTION_CHANGED""]","[""UNAVAILABLE"",""AVOID_ROOM:ElectricalRoom""]",true,1,"Inspect Valve 7; if Door 3 is unavailable, use another route.",results/indicative-twin-hierarchy-b/raw/cases.jsonl
b,210,REACH_PUMP2_WITH_RECHARGE,68d6bb1ced460dd8f75dd3006046cc7ab83e36336aba2e2af5baa762147b90a3,INSTRUCTION_CHANGED,1,"[""INSTRUCTION_CHANGED""]","[""AVOID_ROOM:ElectricalRoom""]",true,1,"Reach Pump 2, but recharge first if estimated battery is insufficient.",results/indicative-twin-hierarchy-b/raw/cases.jsonl
b,210,REPLAN_ON_RESTRICTION,2e5f996f670a522a83823d574e010e7649cdb40f94164f3f8a941bd2b474ea8a,INSTRUCTION_CHANGED+ROOM_RESTRICTED+ROUTE_BLOCKED,3,"[""ROUTE_BLOCKED"",""INSTRUCTION_CHANGED"",""ROOM_RESTRICTED""]","[""UNAVAILABLE"",""AVOID_ROOM:ElectricalRoom"",""RESTRICTED""]",true,1,Inspect Valve 7 and replan if a room becomes restricted.,results/indicative-twin-hierarchy-b/raw/cases.jsonl
b,210,STORE_CARRIED_TOOL,a801c47838688327c5e5eb27b6d16c3c6f7c71946e3218b2be1532c137eff424,INSTRUCTION_CHANGED,1,"[""INSTRUCTION_CHANGED""]","[""AVOID_ROOM:ElectricalRoom""]",true,1,Find a safe location for the carried tool.,results/indicative-twin-hierarchy-b/raw/cases.jsonl
b,211,INSPECT_NEAREST_COOLANT,64a6a8ff6e872c0c21661d5795e1c0af0dcfdf86f4bf7ca3d28a1d9403f00c53,NONE,0,[],[],false,0,Safely inspect the nearest coolant valve without entering a restricted room.,results/indicative-twin-hierarchy-b/raw/cases.jsonl
b,211,INSPECT_VALVE7_WITH_ALTERNATE,209423bc51560cd7502a12fe7e552d50a7f659e2eaaaa4ae8d7138c1295733e2,ROUTE_BLOCKED,1,"[""ROUTE_BLOCKED""]","[""UNAVAILABLE""]",false,0,"Safely inspect Valve 7; if Door 3 is unavailable, use another route.",results/indicative-twin-hierarchy-b/raw/cases.jsonl
b,211,REACH_PUMP2_WITH_RECHARGE,7f69fc522f60428b98fd60419aba965848ef347ad32e5a2682132744c52c21fe,NONE,0,[],[],false,0,"Reach Pump 2, but recharge first if estimated battery is insufficient.",results/indicative-twin-hierarchy-b/raw/cases.jsonl
b,211,REPLAN_ON_RESTRICTION,929fdd9329ceaf10528b8a71f66e7ca431758f177eacc305a1fa75d4b5058911,ROOM_RESTRICTED+ROUTE_BLOCKED,2,"[""ROUTE_BLOCKED"",""ROOM_RESTRICTED""]","[""UNAVAILABLE"",""RESTRICTED""]",false,0,Safely inspect Valve 7 and replan if a room becomes restricted.,results/indicative-twin-hierarchy-b/raw/cases.jsonl
b,211,STORE_CARRIED_TOOL,276e6e7954561fbc62726e573102493be1044e3d6bf8633ce945b1420289d586,NONE,0,[],[],false,0,Find a safe location for the carried tool.,results/indicative-twin-hierarchy-b/raw/cases.jsonl
b,212,INSPECT_NEAREST_COOLANT,b45e250acecb6b08142ab1e36b71478ba90056ff44c8589f9a7d489d46068076,ROUTE_BLOCKED,1,"[""ROUTE_BLOCKED""]","[""UNAVAILABLE""]",false,0,Inspect the nearest coolant valve without entering a restricted room.,results/indicative-twin-hierarchy-b/raw/cases.jsonl
b,212,INSPECT_VALVE7_WITH_ALTERNATE,e17246f08f377c9376c396856155a69934ae473106a8202c708cb3c47910722c,NONE,0,[],[],false,0,"Inspect Valve 7; if Door 3 is unavailable, use another route.",results/indicative-twin-hierarchy-b/raw/cases.jsonl
b,212,REACH_PUMP2_WITH_RECHARGE,f948ffeba4f5d369ed9a5fc71a7968c64857206471c2dec10380a8a745284759,NONE,0,[],[],true,1,"Reach Pump 2, but recharge first if estimated battery is insufficient.",results/indicative-twin-hierarchy-b/raw/cases.jsonl
b,212,REPLAN_ON_RESTRICTION,aeb3dc6eefb7aae623c622b0338c37361c97da3189cdab074de7585df231606b,ROOM_RESTRICTED,1,"[""ROOM_RESTRICTED""]","[""RESTRICTED""]",true,1,Inspect Valve 7 and replan if a room becomes restricted.,results/indicative-twin-hierarchy-b/raw/cases.jsonl
b,212,STORE_CARRIED_TOOL,2dae8be5dd5b833104cf9b66e206ef0f2c9074660b3d1e055a5bef2234aff912,NONE,0,[],[],true,1,Find a safe location for the carried tool.,results/indicative-twin-hierarchy-b/raw/cases.jsonl
b,213,INSPECT_NEAREST_COOLANT,171222c95edd18224533bdbbc201c439418ce04a24bbcd9ca55cdb4903194d47,NONE,0,[],[],false,0,Safely inspect the nearest coolant valve without entering a restricted room.,results/indicative-twin-hierarchy-b/raw/cases.jsonl
b,213,INSPECT_VALVE7_WITH_ALTERNATE,d94b141fa4c164f95fa7b6e889e2d12c631747e91a3c448cbff521700a142b34,NONE,0,[],[],true,1,"Safely inspect Valve 7; if Door 3 is unavailable, use another route.",results/indicative-twin-hierarchy-b/raw/cases.jsonl
b,213,REACH_PUMP2_WITH_RECHARGE,200c4942365b46390519dbbf7a66d53e41fb9002afa11e2b0ac9277e5fca43ac,NONE,0,[],[],true,1,"Reach Pump 2, but recharge first if estimated battery is insufficient.",results/indicative-twin-hierarchy-b/raw/cases.jsonl
b,213,REPLAN_ON_RESTRICTION,e3b6c682e4eac7712241b89fd9f3c2797a6504707d544a87112c44f159b8f605,ROOM_RESTRICTED,1,"[""ROOM_RESTRICTED""]","[""RESTRICTED""]",true,1,Safely inspect Valve 7 and replan if a room becomes restricted.,results/indicative-twin-hierarchy-b/raw/cases.jsonl
b,213,STORE_CARRIED_TOOL,21a4cf53209f4603397726edf2bcba5f06e1e6ba4f95903c000249a740960b57,NONE,0,[],[],false,0,Find a safe location for the carried tool.,results/indicative-twin-hierarchy-b/raw/cases.jsonl
b,214,INSPECT_NEAREST_COOLANT,a382556e1f1da5e4a5b41128ca512e498a811431ff39d20c75f3ac3f73ed6325,NONE,0,[],[],false,0,Inspect the nearest coolant valve without entering a restricted room.,results/indicative-twin-hierarchy-b/raw/cases.jsonl
b,214,INSPECT_VALVE7_WITH_ALTERNATE,9517909dbdd69e0f6e4beb8052beff36c840ded362da7706866954dd514197a6,ROUTE_BLOCKED,1,"[""ROUTE_BLOCKED""]","[""UNAVAILABLE""]",true,1,"Inspect Valve 7; if Door 3 is unavailable, use another route.",results/indicative-twin-hierarchy-b/raw/cases.jsonl
b,214,REACH_PUMP2_WITH_RECHARGE,e8e2d9e95a8e2066435dc16a2ebaa0f5a6d852a7cf2e1231d9b6ffb806dd9145,NONE,0,[],[],false,0,"Reach Pump 2, but recharge first if estimated battery is insufficient.",results/indicative-twin-hierarchy-b/raw/cases.jsonl
b,214,REPLAN_ON_RESTRICTION,f890416660c0437e98b0aa7a765bebd1412117999f02f96113224b492193a5da,ROOM_RESTRICTED,1,"[""ROOM_RESTRICTED""]","[""RESTRICTED""]",false,0,Inspect Valve 7 and replan if a room becomes restricted.,results/indicative-twin-hierarchy-b/raw/cases.jsonl
b,214,STORE_CARRIED_TOOL,621fe1dc45610ac3cd2ff6a34ab59cb1e65543c1312c53b18724e7e48518f93f,NONE,0,[],[],false,0,Find a safe location for the carried tool.,results/indicative-twin-hierarchy-b/raw/cases.jsonl
b,215,INSPECT_NEAREST_COOLANT,38fb1af595256d0dfa552118eb8bbacefcf7265c94f2888632644b7859527e16,INSTRUCTION_CHANGED+ROUTE_BLOCKED,2,"[""ROUTE_BLOCKED"",""INSTRUCTION_CHANGED""]","[""UNAVAILABLE"",""AVOID_ROOM:ElectricalRoom""]",true,1,Safely inspect the nearest coolant valve without entering a restricted room.,results/indicative-twin-hierarchy-b/raw/cases.jsonl
b,215,INSPECT_VALVE7_WITH_ALTERNATE,213db13a13fd900a5cddc53bbe67fa0a82129c9511ad3386c783568258553ce6,INSTRUCTION_CHANGED,1,"[""INSTRUCTION_CHANGED""]","[""AVOID_ROOM:ElectricalRoom""]",false,0,"Safely inspect Valve 7; if Door 3 is unavailable, use another route.",results/indicative-twin-hierarchy-b/raw/cases.jsonl
b,215,REACH_PUMP2_WITH_RECHARGE,dca58b46b91639fb464357783b3a323d8e5eb7bed00bfb92c3abf4a0807c6ff1,INSTRUCTION_CHANGED+ROUTE_BLOCKED,2,"[""ROUTE_BLOCKED"",""INSTRUCTION_CHANGED""]","[""UNAVAILABLE"",""AVOID_ROOM:ElectricalRoom""]",false,0,"Reach Pump 2, but recharge first if estimated battery is insufficient.",results/indicative-twin-hierarchy-b/raw/cases.jsonl
b,215,REPLAN_ON_RESTRICTION,9bec92abb364b47b7c410547d549940ddfe97772ad08202bbafafd08a409d405,INSTRUCTION_CHANGED+ROOM_RESTRICTED,2,"[""INSTRUCTION_CHANGED"",""ROOM_RESTRICTED""]","[""AVOID_ROOM:ElectricalRoom"",""RESTRICTED""]",true,1,Safely inspect Valve 7 and replan if a room becomes restricted.,results/indicative-twin-hierarchy-b/raw/cases.jsonl
b,215,STORE_CARRIED_TOOL,6bece3eaffc1c5f001e3b4cffa0f0786e8d1d0b5983e7275f4a594f2087b8bbc,INSTRUCTION_CHANGED,1,"[""INSTRUCTION_CHANGED""]","[""AVOID_ROOM:ElectricalRoom""]",false,0,Find a safe location for the carried tool.,results/indicative-twin-hierarchy-b/raw/cases.jsonl
b,216,INSPECT_NEAREST_COOLANT,8efc2c72c1dc8019660ed839af959d5cddb15b69d037636240f74f4a536da3d3,ROUTE_BLOCKED,1,"[""ROUTE_BLOCKED""]","[""UNAVAILABLE""]",true,1,Inspect the nearest coolant valve without entering a restricted room.,results/indicative-twin-hierarchy-b/raw/cases.jsonl
b,216,INSPECT_VALVE7_WITH_ALTERNATE,df6473f7f4541fde218016507ca31e7c6932681859fd78a403f5a6b24e70bd2f,NONE,0,[],[],true,1,"Inspect Valve 7; if Door 3 is unavailable, use another route.",results/indicative-twin-hierarchy-b/raw/cases.jsonl
b,216,REACH_PUMP2_WITH_RECHARGE,880216288222479c2c91e792f8abc36fe7c8b0faedd0662131fcc8326cc1a7dc,NONE,0,[],[],true,1,"Reach Pump 2, but recharge first if estimated battery is insufficient.",results/indicative-twin-hierarchy-b/raw/cases.jsonl
b,216,REPLAN_ON_RESTRICTION,c00fd2a2e12fa31aadff93b268e3408647c498dbf904c6727187989f92f9ebc5,ROOM_RESTRICTED,1,"[""ROOM_RESTRICTED""]","[""RESTRICTED""]",true,1,Inspect Valve 7 and replan if a room becomes restricted.,results/indicative-twin-hierarchy-b/raw/cases.jsonl
b,216,STORE_CARRIED_TOOL,d7c2769af361381987582a8872e381b7debdad7084cf66fb7575261902cae37d,NONE,0,[],[],false,0,Find a safe location for the carried tool.,results/indicative-twin-hierarchy-b/raw/cases.jsonl
b,217,INSPECT_NEAREST_COOLANT,d8bbc65bab5713ac34b16552e8bdd6bcddb88f6f30f0aaf487ab21850539958c,NONE,0,[],[],false,0,Safely inspect the nearest coolant valve without entering a restricted room.,results/indicative-twin-hierarchy-b/raw/cases.jsonl
b,217,INSPECT_VALVE7_WITH_ALTERNATE,4bdf0be1569debf941593aff85a43de47a1b088cc51117de0d77ccebc9e4e818,NONE,0,[],[],false,0,"Safely inspect Valve 7; if Door 3 is unavailable, use another route.",results/indicative-twin-hierarchy-b/raw/cases.jsonl
b,217,REACH_PUMP2_WITH_RECHARGE,07fce022fe4a058c3d07a3bb0a9d76eb4500b9b9fd7ab4ad55a4a9d50daedecc,NONE,0,[],[],true,1,"Reach Pump 2, but recharge first if estimated battery is insufficient.",results/indicative-twin-hierarchy-b/raw/cases.jsonl
b,217,REPLAN_ON_RESTRICTION,1905dc9933d78f9640319a8ed19efe80d5dfd3a5b0ee18ca6116bd0c0839be4f,ROOM_RESTRICTED,1,"[""ROOM_RESTRICTED""]","[""RESTRICTED""]",true,1,Safely inspect Valve 7 and replan if a room becomes restricted.,results/indicative-twin-hierarchy-b/raw/cases.jsonl
b,217,STORE_CARRIED_TOOL,c1ee8da2ac6b7baff826bb094e51349e73725170fc1d59cd426b21cbb2e67f2e,NONE,0,[],[],false,0,Find a safe location for the carried tool.,results/indicative-twin-hierarchy-b/raw/cases.jsonl
b,218,INSPECT_NEAREST_COOLANT,a4b00b721080cd6cf23a6a61092d2a4b7a30ff0ef320f8088d190f70eb3ff6a6,NONE,0,[],[],true,1,Inspect the nearest coolant valve without entering a restricted room.,results/indicative-twin-hierarchy-b/raw/cases.jsonl
b,218,INSPECT_VALVE7_WITH_ALTERNATE,06e25bf310854e0758f73a6e997d2ee6c761788aea01ad096f44708d2549ff98,NONE,0,[],[],true,1,"Inspect Valve 7; if Door 3 is unavailable, use another route.",results/indicative-twin-hierarchy-b/raw/cases.jsonl
b,218,REACH_PUMP2_WITH_RECHARGE,8dae2789e5acd2f5e942fc71f66a8059b2de68f7d84f117c0d3872df16eca7ad,NONE,0,[],[],true,1,"Reach Pump 2, but recharge first if estimated battery is insufficient.",results/indicative-twin-hierarchy-b/raw/cases.jsonl
b,218,REPLAN_ON_RESTRICTION,f5a38f32c59d1f428734c538a3645c924a88332890fc0c526a70cbb4d86658cc,ROOM_RESTRICTED,1,"[""ROOM_RESTRICTED""]","[""RESTRICTED""]",false,0,Inspect Valve 7 and replan if a room becomes restricted.,results/indicative-twin-hierarchy-b/raw/cases.jsonl
b,218,STORE_CARRIED_TOOL,bef9112aa9167ee6a8c28ce368db93f6e370d4c896c37b2a14215b441eab8404,NONE,0,[],[],false,0,Find a safe location for the carried tool.,results/indicative-twin-hierarchy-b/raw/cases.jsonl
b,219,INSPECT_NEAREST_COOLANT,8381e274f3fde8ced67b5fe561c0faebf09d0e6f9860a0552a15b1e2fc4cb03d,NONE,0,[],[],true,1,Safely inspect the nearest coolant valve without entering a restricted room.,results/indicative-twin-hierarchy-b/raw/cases.jsonl
b,219,INSPECT_VALVE7_WITH_ALTERNATE,3fce9d7eb3c06f689a34fd79d9c169190a6e70baf708abb84a604747f938bfbd,NONE,0,[],[],false,0,"Safely inspect Valve 7; if Door 3 is unavailable, use another route.",results/indicative-twin-hierarchy-b/raw/cases.jsonl
b,219,REACH_PUMP2_WITH_RECHARGE,1026d5ec6b5daf1d322ac3219cfc4a247bf9595a8b5327a321f726dbc2ff1904,NONE,0,[],[],true,1,"Reach Pump 2, but recharge first if estimated battery is insufficient.",results/indicative-twin-hierarchy-b/raw/cases.jsonl
b,219,REPLAN_ON_RESTRICTION,1353dd3eeb2d1253d061c08b0d26036c3189035b73f9f6861b71bfd64ec432e9,ROOM_RESTRICTED,1,"[""ROOM_RESTRICTED""]","[""RESTRICTED""]",true,1,Safely inspect Valve 7 and replan if a room becomes restricted.,results/indicative-twin-hierarchy-b/raw/cases.jsonl
b,219,STORE_CARRIED_TOOL,47f76da77083c3fb86077338f4e447dea9ac8c7a340580d7d70e11adae04f921,NONE,0,[],[],false,0,Find a safe location for the carried tool.,results/indicative-twin-hierarchy-b/raw/cases.jsonl
b,220,INSPECT_NEAREST_COOLANT,3b5a7450d9232ca1f1350c49302a70173a78d5bad9f423489cb46da8b7fdc756,INSTRUCTION_CHANGED+ROUTE_BLOCKED,2,"[""ROUTE_BLOCKED"",""INSTRUCTION_CHANGED""]","[""UNAVAILABLE"",""AVOID_ROOM:ElectricalRoom""]",true,1,Inspect the nearest coolant valve without entering a restricted room.,results/indicative-twin-hierarchy-b/raw/cases.jsonl
b,220,INSPECT_VALVE7_WITH_ALTERNATE,7c2c340613f61518bd2f065b018a0de06e482418fae557f137c4df9ff8e99d53,INSTRUCTION_CHANGED+ROUTE_BLOCKED,2,"[""ROUTE_BLOCKED"",""INSTRUCTION_CHANGED""]","[""UNAVAILABLE"",""AVOID_ROOM:ElectricalRoom""]",false,0,"Inspect Valve 7; if Door 3 is unavailable, use another route.",results/indicative-twin-hierarchy-b/raw/cases.jsonl
b,220,REACH_PUMP2_WITH_RECHARGE,b322617879c744a67c013134dbe72fda7451e7a732a11cc1f6c2796a751938f0,INSTRUCTION_CHANGED+ROUTE_BLOCKED,2,"[""ROUTE_BLOCKED"",""INSTRUCTION_CHANGED""]","[""UNAVAILABLE"",""AVOID_ROOM:ElectricalRoom""]",false,0,"Reach Pump 2, but recharge first if estimated battery is insufficient.",results/indicative-twin-hierarchy-b/raw/cases.jsonl
b,220,REPLAN_ON_RESTRICTION,4babe30c2d61714c4929c4e9df4839810688bd8dac211fc9db83a885560f17b3,INSTRUCTION_CHANGED+ROOM_RESTRICTED,2,"[""INSTRUCTION_CHANGED"",""ROOM_RESTRICTED""]","[""AVOID_ROOM:ElectricalRoom"",""RESTRICTED""]",true,1,Inspect Valve 7 and replan if a room becomes restricted.,results/indicative-twin-hierarchy-b/raw/cases.jsonl
b,220,STORE_CARRIED_TOOL,b827952ac08fb81deb706f8afd5badca50bebeaba9aad0da9705da3eca2d037d,INSTRUCTION_CHANGED,1,"[""INSTRUCTION_CHANGED""]","[""AVOID_ROOM:ElectricalRoom""]",false,0,Find a safe location for the carried tool.,results/indicative-twin-hierarchy-b/raw/cases.jsonl
b,221,INSPECT_NEAREST_COOLANT,6ed5bea39b1544c12f1f0d905d7b26cb0ed2b2b8d08e443881091b7ed6646ba8,ROUTE_BLOCKED,1,"[""ROUTE_BLOCKED""]","[""UNAVAILABLE""]",true,1,Safely inspect the nearest coolant valve without entering a restricted room.,results/indicative-twin-hierarchy-b/raw/cases.jsonl
b,221,INSPECT_VALVE7_WITH_ALTERNATE,e55e893a92de8acc2d33091a8b809df7ad6c0cf760ca1cfd558219de2f76d389,NONE,0,[],[],false,0,"Safely inspect Valve 7; if Door 3 is unavailable, use another route.",results/indicative-twin-hierarchy-b/raw/cases.jsonl
b,221,REACH_PUMP2_WITH_RECHARGE,48946f3827737e89eef2c5c3c3928873e8ed9d2264c83eff441c5ffd4b3d10f9,NONE,0,[],[],false,0,"Reach Pump 2, but recharge first if estimated battery is insufficient.",results/indicative-twin-hierarchy-b/raw/cases.jsonl
b,221,REPLAN_ON_RESTRICTION,b25f04a65ae10e6e4a7942fa8e1011bbaa4f77b2a5223b1e291ec7e0a561860c,ROOM_RESTRICTED+ROUTE_BLOCKED,2,"[""ROUTE_BLOCKED"",""ROOM_RESTRICTED""]","[""UNAVAILABLE"",""RESTRICTED""]",false,0,Safely inspect Valve 7 and replan if a room becomes restricted.,results/indicative-twin-hierarchy-b/raw/cases.jsonl
b,221,STORE_CARRIED_TOOL,ae9012f268f9f94f9b9cf171253ac4701fe9fd96b7326253d61aa92ccfe405fb,NONE,0,[],[],true,1,Find a safe location for the carried tool.,results/indicative-twin-hierarchy-b/raw/cases.jsonl
b,222,INSPECT_NEAREST_COOLANT,4daf70a158254e3e69f2a0d889310c1713effcd4e51e11f85f089e76650aee42,NONE,0,[],[],true,1,Inspect the nearest coolant valve without entering a restricted room.,results/indicative-twin-hierarchy-b/raw/cases.jsonl
b,222,INSPECT_VALVE7_WITH_ALTERNATE,e69fe2e38515e6195cba41aab16ae863342d9bbb5c7546107738155d4e65a3af,NONE,0,[],[],true,1,"Inspect Valve 7; if Door 3 is unavailable, use another route.",results/indicative-twin-hierarchy-b/raw/cases.jsonl
b,222,REACH_PUMP2_WITH_RECHARGE,78c5f9f7dc8f2059200aee3f860f7e6ccc80d90340d2e2ded9e36f3b83d78499,ROUTE_BLOCKED,1,"[""ROUTE_BLOCKED""]","[""UNAVAILABLE""]",false,0,"Reach Pump 2, but recharge first if estimated battery is insufficient.",results/indicative-twin-hierarchy-b/raw/cases.jsonl
b,222,REPLAN_ON_RESTRICTION,179ab3acef3fc69f5a7242a44347dab00f2ccaa97408a189a68152ae4d63759c,ROOM_RESTRICTED,1,"[""ROOM_RESTRICTED""]","[""RESTRICTED""]",true,1,Inspect Valve 7 and replan if a room becomes restricted.,results/indicative-twin-hierarchy-b/raw/cases.jsonl
b,222,STORE_CARRIED_TOOL,07e5632618ad924dcfbacd9bac432153c3e3e867d4d920650bbfdfb74b0c6d63,NONE,0,[],[],true,1,Find a safe location for the carried tool.,results/indicative-twin-hierarchy-b/raw/cases.jsonl
b,223,INSPECT_NEAREST_COOLANT,071f540b0a5e2a2554529c72a457e3c79388d205aa0465331ab1cdd8f749536d,NONE,0,[],[],true,1,Safely inspect the nearest coolant valve without entering a restricted room.,results/indicative-twin-hierarchy-b/raw/cases.jsonl
b,223,INSPECT_VALVE7_WITH_ALTERNATE,5ce9ef5244f97c3c9109b302566f6ae51a29810eb73b5fad1a5d785f4efd17ff,NONE,0,[],[],true,1,"Safely inspect Valve 7; if Door 3 is unavailable, use another route.",results/indicative-twin-hierarchy-b/raw/cases.jsonl
b,223,REACH_PUMP2_WITH_RECHARGE,7167e75af2c0ff21ac46d848c1735f812e9b8bc1da390c703084f11a16a346f2,ROUTE_BLOCKED,1,"[""ROUTE_BLOCKED""]","[""UNAVAILABLE""]",false,0,"Reach Pump 2, but recharge first if estimated battery is insufficient.",results/indicative-twin-hierarchy-b/raw/cases.jsonl
b,223,REPLAN_ON_RESTRICTION,f17df238402f9d57e1cd07095f032855d3afc7007f57da12979a1b2691115379,ROOM_RESTRICTED,1,"[""ROOM_RESTRICTED""]","[""RESTRICTED""]",false,0,Safely inspect Valve 7 and replan if a room becomes restricted.,results/indicative-twin-hierarchy-b/raw/cases.jsonl
b,223,STORE_CARRIED_TOOL,f916316b30fb234d7e2a1c3bd12589d4e04b47d1903d9a6a44529656c3c38854,NONE,0,[],[],true,1,Find a safe location for the carried tool.,results/indicative-twin-hierarchy-b/raw/cases.jsonl
b,224,INSPECT_NEAREST_COOLANT,5aa7ad1f17ad15d67c28dbd6fd5a1e13964a6185249dc33e51cef8f8fc3e99e0,NONE,0,[],[],true,1,Inspect the nearest coolant valve without entering a restricted room.,results/indicative-twin-hierarchy-b/raw/cases.jsonl
b,224,INSPECT_VALVE7_WITH_ALTERNATE,d190a988f11d432914c31419d13393bc7567fad42977988e33fe8a67fc5146b3,NONE,0,[],[],true,1,"Inspect Valve 7; if Door 3 is unavailable, use another route.",results/indicative-twin-hierarchy-b/raw/cases.jsonl
b,224,REACH_PUMP2_WITH_RECHARGE,4e0f78ae29cf9d07a72b96846369e66713ee91a08ee577110c34e2b8e970bf3d,ROUTE_BLOCKED,1,"[""ROUTE_BLOCKED""]","[""UNAVAILABLE""]",false,0,"Reach Pump 2, but recharge first if estimated battery is insufficient.",results/indicative-twin-hierarchy-b/raw/cases.jsonl
b,224,REPLAN_ON_RESTRICTION,c71bed440ca136f3137f39d15ef79a0762a2726159eb89e12432e54d83614dbe,ROOM_RESTRICTED,1,"[""ROOM_RESTRICTED""]","[""RESTRICTED""]",true,1,Inspect Valve 7 and replan if a room becomes restricted.,results/indicative-twin-hierarchy-b/raw/cases.jsonl
b,224,STORE_CARRIED_TOOL,2b921973e87b67e7ac818a2f35f34f539f11bd7387c8808e9f88aaaf2c86d82b,NONE,0,[],[],true,1,Find a safe location for the carried tool.,results/indicative-twin-hierarchy-b/raw/cases.jsonl
b,225,INSPECT_NEAREST_COOLANT,bf2c9d14b46f0fd95fb3b47cf64a1a9a1ecbe3553ee60284dc93ff977cea01f5,INSTRUCTION_CHANGED+ROUTE_BLOCKED,2,"[""ROUTE_BLOCKED"",""INSTRUCTION_CHANGED""]","[""UNAVAILABLE"",""AVOID_ROOM:ElectricalRoom""]",false,0,Safely inspect the nearest coolant valve without entering a restricted room.,results/indicative-twin-hierarchy-b/raw/cases.jsonl
b,225,INSPECT_VALVE7_WITH_ALTERNATE,deb8f6f8f7943f9066f03c3645dc3d704dbd871dee7eace2425b496238132789,INSTRUCTION_CHANGED,1,"[""INSTRUCTION_CHANGED""]","[""AVOID_ROOM:ElectricalRoom""]",true,2,"Safely inspect Valve 7; if Door 3 is unavailable, use another route.",results/indicative-twin-hierarchy-b/raw/cases.jsonl
b,225,REACH_PUMP2_WITH_RECHARGE,845acc0ea712810cbffac364f91667c46da2ddffc28280d0af9b3693c6b599b6,INSTRUCTION_CHANGED,1,"[""INSTRUCTION_CHANGED""]","[""AVOID_ROOM:ElectricalRoom""]",false,0,"Reach Pump 2, but recharge first if estimated battery is insufficient.",results/indicative-twin-hierarchy-b/raw/cases.jsonl
b,225,REPLAN_ON_RESTRICTION,e49f8554271e4791bb1b2ffbb11e40a849ccbcfd43e4a24ffd64c68f52542917,INSTRUCTION_CHANGED+ROOM_RESTRICTED+ROUTE_BLOCKED,3,"[""ROUTE_BLOCKED"",""INSTRUCTION_CHANGED"",""ROOM_RESTRICTED""]","[""UNAVAILABLE"",""AVOID_ROOM:ElectricalRoom"",""RESTRICTED""]",true,1,Safely inspect Valve 7 and replan if a room becomes restricted.,results/indicative-twin-hierarchy-b/raw/cases.jsonl
b,225,STORE_CARRIED_TOOL,467236b6769a78c04fab565d2d905547d1c201c01755b71cb658a1b97ede0365,INSTRUCTION_CHANGED,1,"[""INSTRUCTION_CHANGED""]","[""AVOID_ROOM:ElectricalRoom""]",true,1,Find a safe location for the carried tool.,results/indicative-twin-hierarchy-b/raw/cases.jsonl
b,226,INSPECT_NEAREST_COOLANT,2ad4e269a9a918d73b1a784a73572418de71eefbfe186bd40d6dcef2f1afd1ca,NONE,0,[],[],true,1,Inspect the nearest coolant valve without entering a restricted room.,results/indicative-twin-hierarchy-b/raw/cases.jsonl
b,226,INSPECT_VALVE7_WITH_ALTERNATE,20458f3d6710f853073bfb1f5e1f5020e79c662ecb97cd82c57d8a8cab474b19,ROUTE_BLOCKED,1,"[""ROUTE_BLOCKED""]","[""UNAVAILABLE""]",false,0,"Inspect Valve 7; if Door 3 is unavailable, use another route.",results/indicative-twin-hierarchy-b/raw/cases.jsonl
b,226,REACH_PUMP2_WITH_RECHARGE,54ed5a2764fa1ec972c378725467065f38965460a5d7d0bc2019932a36c9c5d7,NONE,0,[],[],false,0,"Reach Pump 2, but recharge first if estimated battery is insufficient.",results/indicative-twin-hierarchy-b/raw/cases.jsonl
b,226,REPLAN_ON_RESTRICTION,b1202de975391310018f12084f9c63995bd6b3d756fc6b4821f6e9fcd8034055,ROOM_RESTRICTED,1,"[""ROOM_RESTRICTED""]","[""RESTRICTED""]",true,1,Inspect Valve 7 and replan if a room becomes restricted.,results/indicative-twin-hierarchy-b/raw/cases.jsonl
b,226,STORE_CARRIED_TOOL,30cad568424db491d0370570c00b03b24e56fb8d10ed3136c45d413d9ec449ec,NONE,0,[],[],true,1,Find a safe location for the carried tool.,results/indicative-twin-hierarchy-b/raw/cases.jsonl
b,227,INSPECT_NEAREST_COOLANT,fd0d2512c584f40c998fdf2c0468bc6ee50dce7dfc588006867f08ff7832f799,NONE,0,[],[],false,0,Safely inspect the nearest coolant valve without entering a restricted room.,results/indicative-twin-hierarchy-b/raw/cases.jsonl
b,227,INSPECT_VALVE7_WITH_ALTERNATE,9eafcfee085f6da2953462038c770ce5197ae0b4c35d89e0384c6dfcb57e0b5e,ROUTE_BLOCKED,1,"[""ROUTE_BLOCKED""]","[""UNAVAILABLE""]",false,0,"Safely inspect Valve 7; if Door 3 is unavailable, use another route.",results/indicative-twin-hierarchy-b/raw/cases.jsonl
b,227,REACH_PUMP2_WITH_RECHARGE,e7d4d217e7164e22853f2047fcc392d63014f26e8a46247c7a017a724e1d9fc3,NONE,0,[],[],false,0,"Reach Pump 2, but recharge first if estimated battery is insufficient.",results/indicative-twin-hierarchy-b/raw/cases.jsonl
b,227,REPLAN_ON_RESTRICTION,4ec251135a04143b1d0e68b59a01d5d39393dd5fbb7ec604737c717613a72d0f,ROOM_RESTRICTED,1,"[""ROOM_RESTRICTED""]","[""RESTRICTED""]",true,1,Safely inspect Valve 7 and replan if a room becomes restricted.,results/indicative-twin-hierarchy-b/raw/cases.jsonl
b,227,STORE_CARRIED_TOOL,2ff84f1b1e9812dd67d2a49645204a2f86158f272cd8841d28031bfdeecf317a,NONE,0,[],[],false,0,Find a safe location for the carried tool.,results/indicative-twin-hierarchy-b/raw/cases.jsonl
b,228,INSPECT_NEAREST_COOLANT,9e1cb6276b4404342b530081da06aa68ff8ffd90ac412ba14c39724ba0f90644,NONE,0,[],[],true,1,Inspect the nearest coolant valve without entering a restricted room.,results/indicative-twin-hierarchy-b/raw/cases.jsonl
b,228,INSPECT_VALVE7_WITH_ALTERNATE,d3f444804092c97f5de046d574414d75798b1a96b0216ef6656db1d36d8ae01f,ROUTE_BLOCKED,1,"[""ROUTE_BLOCKED""]","[""UNAVAILABLE""]",true,1,"Inspect Valve 7; if Door 3 is unavailable, use another route.",results/indicative-twin-hierarchy-b/raw/cases.jsonl
b,228,REACH_PUMP2_WITH_RECHARGE,1c6ac768d32aa9b1916fd3d16742103b838e12dfe3385d17f07f0bb4664279eb,NONE,0,[],[],true,1,"Reach Pump 2, but recharge first if estimated battery is insufficient.",results/indicative-twin-hierarchy-b/raw/cases.jsonl
b,228,REPLAN_ON_RESTRICTION,92733f1ec887ba85cd420eb16151225c58a7789c27182dbf8263d3a491c22893,ROOM_RESTRICTED+ROUTE_BLOCKED,2,"[""ROUTE_BLOCKED"",""ROOM_RESTRICTED""]","[""UNAVAILABLE"",""RESTRICTED""]",true,2,Inspect Valve 7 and replan if a room becomes restricted.,results/indicative-twin-hierarchy-b/raw/cases.jsonl
b,228,STORE_CARRIED_TOOL,621221a22a802e095f50dc904f1eb48611a8fc987e55b091c2e421b3e6f7cbe5,ROUTE_BLOCKED,1,"[""ROUTE_BLOCKED""]","[""UNAVAILABLE""]",false,0,Find a safe location for the carried tool.,results/indicative-twin-hierarchy-b/raw/cases.jsonl
b,229,INSPECT_NEAREST_COOLANT,2ecba6b970e5a140c6c6be7d6cff50049faf0fbd4e3e9d76f35c27de88145c19,ROUTE_BLOCKED,1,"[""ROUTE_BLOCKED""]","[""UNAVAILABLE""]",true,1,Safely inspect the nearest coolant valve without entering a restricted room.,results/indicative-twin-hierarchy-b/raw/cases.jsonl
b,229,INSPECT_VALVE7_WITH_ALTERNATE,d0ea523813eaeddb839f82c1a09c29b2107d5e39d1ff4e93f05416080c82018d,NONE,0,[],[],false,0,"Safely inspect Valve 7; if Door 3 is unavailable, use another route.",results/indicative-twin-hierarchy-b/raw/cases.jsonl
b,229,REACH_PUMP2_WITH_RECHARGE,ab6b566be90bb9ff41db2b777e8aecb50d8422554293942f7883024905817087,NONE,0,[],[],true,1,"Reach Pump 2, but recharge first if estimated battery is insufficient.",results/indicative-twin-hierarchy-b/raw/cases.jsonl
b,229,REPLAN_ON_RESTRICTION,e6729aa91d19aaaecdb2b74fad817cabec3198da6f075dd9e4f5f70b4fb80487,ROOM_RESTRICTED+ROUTE_BLOCKED,2,"[""ROUTE_BLOCKED"",""ROOM_RESTRICTED""]","[""UNAVAILABLE"",""RESTRICTED""]",false,0,Safely inspect Valve 7 and replan if a room becomes restricted.,results/indicative-twin-hierarchy-b/raw/cases.jsonl
b,229,STORE_CARRIED_TOOL,7f9d9a621e4c7b27eecdbd2e3b50d97ee28c8854c9d696d6d900054b68fa6df6,ROUTE_BLOCKED,1,"[""ROUTE_BLOCKED""]","[""UNAVAILABLE""]",true,1,Find a safe location for the carried tool.,results/indicative-twin-hierarchy-b/raw/cases.jsonl
b,230,INSPECT_NEAREST_COOLANT,b62dc960fe73f25951fec994f274fe8faac316b0f1113c6b1a3e9715b2cf61c5,INSTRUCTION_CHANGED,1,"[""INSTRUCTION_CHANGED""]","[""AVOID_ROOM:ElectricalRoom""]",false,0,Inspect the nearest coolant valve without entering a restricted room.,results/indicative-twin-hierarchy-b/raw/cases.jsonl
b,230,INSPECT_VALVE7_WITH_ALTERNATE,aafcd9088c1df99f46dbff0342999c7d2ca34fb95da98bb321c09eee945e41e6,INSTRUCTION_CHANGED,1,"[""INSTRUCTION_CHANGED""]","[""AVOID_ROOM:ElectricalRoom""]",true,1,"Inspect Valve 7; if Door 3 is unavailable, use another route.",results/indicative-twin-hierarchy-b/raw/cases.jsonl
b,230,REACH_PUMP2_WITH_RECHARGE,20b4368731b5f64d6ff52588e8b1805783bb3be83df6bb73c6a14fa466d23d98,INSTRUCTION_CHANGED+ROUTE_BLOCKED,2,"[""ROUTE_BLOCKED"",""INSTRUCTION_CHANGED""]","[""UNAVAILABLE"",""AVOID_ROOM:ElectricalRoom""]",false,0,"Reach Pump 2, but recharge first if estimated battery is insufficient.",results/indicative-twin-hierarchy-b/raw/cases.jsonl
b,230,REPLAN_ON_RESTRICTION,8d925504c2d008a81a9a89ad64c10c5108e166ae167d2ffda7e6666e52425f37,INSTRUCTION_CHANGED+ROOM_RESTRICTED+ROUTE_BLOCKED,3,"[""ROUTE_BLOCKED"",""INSTRUCTION_CHANGED"",""ROOM_RESTRICTED""]","[""UNAVAILABLE"",""AVOID_ROOM:ElectricalRoom"",""RESTRICTED""]",false,0,Inspect Valve 7 and replan if a room becomes restricted.,results/indicative-twin-hierarchy-b/raw/cases.jsonl
b,230,STORE_CARRIED_TOOL,644197b2c8c1dc1a52d170acbc3a2cfbb6def6ab99fad2c5db6d2ff0f11847f6,INSTRUCTION_CHANGED,1,"[""INSTRUCTION_CHANGED""]","[""AVOID_ROOM:ElectricalRoom""]",false,0,Find a safe location for the carried tool.,results/indicative-twin-hierarchy-b/raw/cases.jsonl
b,231,INSPECT_NEAREST_COOLANT,e832111770024550a142b7ae1bce33945584546ff897d02a8b601a11cc64cd50,NONE,0,[],[],true,2,Safely inspect the nearest coolant valve without entering a restricted room.,results/indicative-twin-hierarchy-b/raw/cases.jsonl
b,231,INSPECT_VALVE7_WITH_ALTERNATE,dab2e018e7b2a03f6096b87cf5db782843cbc4d502917cfcb931daba9bb98b2e,ROUTE_BLOCKED,1,"[""ROUTE_BLOCKED""]","[""UNAVAILABLE""]",true,1,"Safely inspect Valve 7; if Door 3 is unavailable, use another route.",results/indicative-twin-hierarchy-b/raw/cases.jsonl
b,231,REACH_PUMP2_WITH_RECHARGE,f121b559ee12131c755f470113b622c859499e0c4b8ff29816e47eeb3ef7dafc,ROUTE_BLOCKED,1,"[""ROUTE_BLOCKED""]","[""UNAVAILABLE""]",true,1,"Reach Pump 2, but recharge first if estimated battery is insufficient.",results/indicative-twin-hierarchy-b/raw/cases.jsonl
b,231,REPLAN_ON_RESTRICTION,4682b65855d93797a4a2ca70c5622f8529867cccd6967b1e294acdc65b229efa,ROOM_RESTRICTED+ROUTE_BLOCKED,2,"[""ROUTE_BLOCKED"",""ROOM_RESTRICTED""]","[""UNAVAILABLE"",""RESTRICTED""]",true,2,Safely inspect Valve 7 and replan if a room becomes restricted.,results/indicative-twin-hierarchy-b/raw/cases.jsonl
b,231,STORE_CARRIED_TOOL,2ea50e3d9ac54944cb537c226256e592f831ba91e6d0ab252bae8fd00787445b,ROUTE_BLOCKED,1,"[""ROUTE_BLOCKED""]","[""UNAVAILABLE""]",true,1,Find a safe location for the carried tool.,results/indicative-twin-hierarchy-b/raw/cases.jsonl
b,232,INSPECT_NEAREST_COOLANT,63705ef7c65962ad55be7ee6242e4dd8f81d5eaaec28a2e19f9ad07e8465a881,NONE,0,[],[],true,1,Inspect the nearest coolant valve without entering a restricted room.,results/indicative-twin-hierarchy-b/raw/cases.jsonl
b,232,INSPECT_VALVE7_WITH_ALTERNATE,675f8fb918696b41208e7786afe1c42c96933961ea6112c10c039f1ca2d9f0e0,NONE,0,[],[],true,1,"Inspect Valve 7; if Door 3 is unavailable, use another route.",results/indicative-twin-hierarchy-b/raw/cases.jsonl
b,232,REACH_PUMP2_WITH_RECHARGE,f427bb1c41688d3ac34631406ac1f28a167baece672b5b1c7165cfc7d2debcc5,ROUTE_BLOCKED,1,"[""ROUTE_BLOCKED""]","[""UNAVAILABLE""]",true,1,"Reach Pump 2, but recharge first if estimated battery is insufficient.",results/indicative-twin-hierarchy-b/raw/cases.jsonl
b,232,REPLAN_ON_RESTRICTION,0a973730b80a0906c1f7c8a4975caf61207c074faaced9b066bfdaa1f4e1c2c3,ROOM_RESTRICTED,1,"[""ROOM_RESTRICTED""]","[""RESTRICTED""]",false,0,Inspect Valve 7 and replan if a room becomes restricted.,results/indicative-twin-hierarchy-b/raw/cases.jsonl
b,232,STORE_CARRIED_TOOL,81db0a7e8c833338f2104b31b8388d287eed8ca85e13fbb9a989f264863158d9,ROUTE_BLOCKED,1,"[""ROUTE_BLOCKED""]","[""UNAVAILABLE""]",false,0,Find a safe location for the carried tool.,results/indicative-twin-hierarchy-b/raw/cases.jsonl
b,233,INSPECT_NEAREST_COOLANT,2effc2171c40a74c18f466db7a323e098dd07daea192f4ca6769e2e5e0fe2bb4,ROUTE_BLOCKED,1,"[""ROUTE_BLOCKED""]","[""UNAVAILABLE""]",false,0,Safely inspect the nearest coolant valve without entering a restricted room.,results/indicative-twin-hierarchy-b/raw/cases.jsonl
b,233,INSPECT_VALVE7_WITH_ALTERNATE,ad3d5ec74da4b8b422bc80a9893e6311d7ac21ed22607a2a458383d646f03a79,ROUTE_BLOCKED,1,"[""ROUTE_BLOCKED""]","[""UNAVAILABLE""]",false,0,"Safely inspect Valve 7; if Door 3 is unavailable, use another route.",results/indicative-twin-hierarchy-b/raw/cases.jsonl
b,233,REACH_PUMP2_WITH_RECHARGE,170e368a549764ae86812272b0e6b20e461ee48e96024982695f57cdbf09af34,NONE,0,[],[],false,0,"Reach Pump 2, but recharge first if estimated battery is insufficient.",results/indicative-twin-hierarchy-b/raw/cases.jsonl
b,233,REPLAN_ON_RESTRICTION,b25379c23a35499d537e8f909fb2e4eb7e60493bff0f57bb82c38de58a67e389,ROOM_RESTRICTED,1,"[""ROOM_RESTRICTED""]","[""RESTRICTED""]",true,1,Safely inspect Valve 7 and replan if a room becomes restricted.,results/indicative-twin-hierarchy-b/raw/cases.jsonl
b,233,STORE_CARRIED_TOOL,a77b1fef84906ef3e938c33356404ddb22e71031d47d90f2f7bc4a652959f8ce,NONE,0,[],[],true,1,Find a safe location for the carried tool.,results/indicative-twin-hierarchy-b/raw/cases.jsonl
b,234,INSPECT_NEAREST_COOLANT,4c9901ea8e767471bc6ca1a34d4ea2f04dfa36cb7b649b9d0f068e1e3cd3018e,NONE,0,[],[],true,1,Inspect the nearest coolant valve without entering a restricted room.,results/indicative-twin-hierarchy-b/raw/cases.jsonl
b,234,INSPECT_VALVE7_WITH_ALTERNATE,090e3bf40f1839673efbf7a93e5b6ef9964239cf9533f05e64448183cd785ae0,NONE,0,[],[],true,2,"Inspect Valve 7; if Door 3 is unavailable, use another route.",results/indicative-twin-hierarchy-b/raw/cases.jsonl
b,234,REACH_PUMP2_WITH_RECHARGE,694c95fcbe025592ba0833ef923e50736758038a8befd8b68ff48ae640194fa9,NONE,0,[],[],true,2,"Reach Pump 2, but recharge first if estimated battery is insufficient.",results/indicative-twin-hierarchy-b/raw/cases.jsonl
b,234,REPLAN_ON_RESTRICTION,bb921d2d9b4e10b624f6fb1c451a162bccad503748f50e768384aa494664829b,ROOM_RESTRICTED,1,"[""ROOM_RESTRICTED""]","[""RESTRICTED""]",true,1,Inspect Valve 7 and replan if a room becomes restricted.,results/indicative-twin-hierarchy-b/raw/cases.jsonl
b,234,STORE_CARRIED_TOOL,294931c392b628646a44f489d768ca9a3bea598cbf374609e20615ee0755f357,NONE,0,[],[],false,0,Find a safe location for the carried tool.,results/indicative-twin-hierarchy-b/raw/cases.jsonl
b,235,INSPECT_NEAREST_COOLANT,afce610be6754ec06537912a714fde36dec34d74a823ba227fa155c1f5c61bd9,INSTRUCTION_CHANGED,1,"[""INSTRUCTION_CHANGED""]","[""AVOID_ROOM:ElectricalRoom""]",false,0,Safely inspect the nearest coolant valve without entering a restricted room.,results/indicative-twin-hierarchy-b/raw/cases.jsonl
b,235,INSPECT_VALVE7_WITH_ALTERNATE,95fdc18d80b0aa440b9bd537dfc0c0a10375c0e2d7f107f4665f6769f879bb01,INSTRUCTION_CHANGED,1,"[""INSTRUCTION_CHANGED""]","[""AVOID_ROOM:ElectricalRoom""]",false,0,"Safely inspect Valve 7; if Door 3 is unavailable, use another route.",results/indicative-twin-hierarchy-b/raw/cases.jsonl
b,235,REACH_PUMP2_WITH_RECHARGE,b086757d7a64d08b463bf0bdcbfe48c056636b9e37557d98cf339b1c90645510,INSTRUCTION_CHANGED+ROUTE_BLOCKED,2,"[""ROUTE_BLOCKED"",""INSTRUCTION_CHANGED""]","[""UNAVAILABLE"",""AVOID_ROOM:ElectricalRoom""]",false,0,"Reach Pump 2, but recharge first if estimated battery is insufficient.",results/indicative-twin-hierarchy-b/raw/cases.jsonl
b,235,REPLAN_ON_RESTRICTION,09fb22babb00729b5c9799c674005219be3eca9cafb30db779d346838cd513a3,INSTRUCTION_CHANGED+ROOM_RESTRICTED+ROUTE_BLOCKED,3,"[""ROUTE_BLOCKED"",""INSTRUCTION_CHANGED"",""ROOM_RESTRICTED""]","[""UNAVAILABLE"",""AVOID_ROOM:ElectricalRoom"",""RESTRICTED""]",true,1,Safely inspect Valve 7 and replan if a room becomes restricted.,results/indicative-twin-hierarchy-b/raw/cases.jsonl
b,235,STORE_CARRIED_TOOL,a9bf361baad6e65a19e820a5e3b89402c5a5915044f19aa7c3753fe0ef82f168,INSTRUCTION_CHANGED,1,"[""INSTRUCTION_CHANGED""]","[""AVOID_ROOM:ElectricalRoom""]",true,1,Find a safe location for the carried tool.,results/indicative-twin-hierarchy-b/raw/cases.jsonl
b,236,INSPECT_NEAREST_COOLANT,f0bc32306b8a3fde90a8b1e66584f004a77af60b810037a171db22c94e690dc4,NONE,0,[],[],true,1,Inspect the nearest coolant valve without entering a restricted room.,results/indicative-twin-hierarchy-b/raw/cases.jsonl
b,236,INSPECT_VALVE7_WITH_ALTERNATE,ab8384674dbc0afec6a26f9e114cc090767a20b62611b38823770a9791fb9600,ROUTE_BLOCKED,1,"[""ROUTE_BLOCKED""]","[""UNAVAILABLE""]",true,1,"Inspect Valve 7; if Door 3 is unavailable, use another route.",results/indicative-twin-hierarchy-b/raw/cases.jsonl
b,236,REACH_PUMP2_WITH_RECHARGE,bcc23d7640bfb631be571bc9c0074873bae10e897749ea3b73b84fc658a5e8be,NONE,0,[],[],true,1,"Reach Pump 2, but recharge first if estimated battery is insufficient.",results/indicative-twin-hierarchy-b/raw/cases.jsonl
b,236,REPLAN_ON_RESTRICTION,32d3a77704a49b5e3d09f5573656da9dea182c9245e864aed73bb65727c55b71,ROOM_RESTRICTED,1,"[""ROOM_RESTRICTED""]","[""RESTRICTED""]",true,1,Inspect Valve 7 and replan if a room becomes restricted.,results/indicative-twin-hierarchy-b/raw/cases.jsonl
b,236,STORE_CARRIED_TOOL,1928ebf0eabe299c211f5a2f0e540a8ebc6647fee2dd3511f8060b0079b0fc8f,ROUTE_BLOCKED,1,"[""ROUTE_BLOCKED""]","[""UNAVAILABLE""]",false,0,Find a safe location for the carried tool.,results/indicative-twin-hierarchy-b/raw/cases.jsonl
b,237,INSPECT_NEAREST_COOLANT,6e8875b1e96c909d8b33c1c6c14fb7876c64e8b2f1b25d45b367ad562f93a0b7,NONE,0,[],[],true,2,Safely inspect the nearest coolant valve without entering a restricted room.,results/indicative-twin-hierarchy-b/raw/cases.jsonl
b,237,INSPECT_VALVE7_WITH_ALTERNATE,0903bea80594ea3d8be158eb81f3e301f6dc7164844a69aafd5b5e2a1c3bf83e,NONE,0,[],[],true,2,"Safely inspect Valve 7; if Door 3 is unavailable, use another route.",results/indicative-twin-hierarchy-b/raw/cases.jsonl
b,237,REACH_PUMP2_WITH_RECHARGE,5bcdba9c9893a5e8f0fea74562c469a31a5a4b8dcc51843f07bf200f8135e008,ROUTE_BLOCKED,1,"[""ROUTE_BLOCKED""]","[""UNAVAILABLE""]",false,0,"Reach Pump 2, but recharge first if estimated battery is insufficient.",results/indicative-twin-hierarchy-b/raw/cases.jsonl
b,237,REPLAN_ON_RESTRICTION,617c154c9fab0ef8613f9252af41c8187a826647bd4425537e923ebea47d226b,ROOM_RESTRICTED,1,"[""ROOM_RESTRICTED""]","[""RESTRICTED""]",false,0,Safely inspect Valve 7 and replan if a room becomes restricted.,results/indicative-twin-hierarchy-b/raw/cases.jsonl
b,237,STORE_CARRIED_TOOL,c79faacc4a64398a17ae5e6c3dfd19358cc287aad0c26d78dcc10f230be27d71,NONE,0,[],[],true,2,Find a safe location for the carried tool.,results/indicative-twin-hierarchy-b/raw/cases.jsonl
b,238,INSPECT_NEAREST_COOLANT,4a9563bd7452bd10f76880b989d6a29dba427e6bbe1eda95d3746aeb2045e97e,ROUTE_BLOCKED,1,"[""ROUTE_BLOCKED""]","[""UNAVAILABLE""]",false,0,Inspect the nearest coolant valve without entering a restricted room.,results/indicative-twin-hierarchy-b/raw/cases.jsonl
b,238,INSPECT_VALVE7_WITH_ALTERNATE,175ca87f536f61024c3df9fb9865be9c92f070982f719aabe62cbb7d6f3ca87d,ROUTE_BLOCKED,1,"[""ROUTE_BLOCKED""]","[""UNAVAILABLE""]",true,1,"Inspect Valve 7; if Door 3 is unavailable, use another route.",results/indicative-twin-hierarchy-b/raw/cases.jsonl
b,238,REACH_PUMP2_WITH_RECHARGE,bbc94a7d540e4ac37877597904deeb764af7484ba3cdc2c62f2620dcb4b7f2e6,NONE,0,[],[],true,1,"Reach Pump 2, but recharge first if estimated battery is insufficient.",results/indicative-twin-hierarchy-b/raw/cases.jsonl
b,238,REPLAN_ON_RESTRICTION,8cf245089ca5e79923b7809ba061cd5b5bd77be1b352bc5ada16da9d35b40ebb,ROOM_RESTRICTED,1,"[""ROOM_RESTRICTED""]","[""RESTRICTED""]",true,1,Inspect Valve 7 and replan if a room becomes restricted.,results/indicative-twin-hierarchy-b/raw/cases.jsonl
b,238,STORE_CARRIED_TOOL,ef8e220ef57b0208331b7a412d418d06f303e04e665a9d47ec1f40d0631374f8,NONE,0,[],[],false,0,Find a safe location for the carried tool.,results/indicative-twin-hierarchy-b/raw/cases.jsonl
b,239,INSPECT_NEAREST_COOLANT,b955a9cd2152e563407d35b9b9f4df50d228a659e5bd978abf9e06f46fc57db2,NONE,0,[],[],false,0,Safely inspect the nearest coolant valve without entering a restricted room.,results/indicative-twin-hierarchy-b/raw/cases.jsonl
b,239,INSPECT_VALVE7_WITH_ALTERNATE,d9d84b3ba8b6f4c3fd27b2c222b70f532c294c692602d6f75ad91dcbd3e25e1f,NONE,0,[],[],false,0,"Safely inspect Valve 7; if Door 3 is unavailable, use another route.",results/indicative-twin-hierarchy-b/raw/cases.jsonl
b,239,REACH_PUMP2_WITH_RECHARGE,cdc1bbbcd1e14ce442b23f7b1c40fc3a32c8c3eea32650e76a1f0a109db4f7a1,NONE,0,[],[],true,1,"Reach Pump 2, but recharge first if estimated battery is insufficient.",results/indicative-twin-hierarchy-b/raw/cases.jsonl
b,239,REPLAN_ON_RESTRICTION,cd47cb0c2ba87c2fdf4afee7ed58b68cbb3e796bc59246da1ba93b502ba9df4f,ROOM_RESTRICTED,1,"[""ROOM_RESTRICTED""]","[""RESTRICTED""]",false,0,Safely inspect Valve 7 and replan if a room becomes restricted.,results/indicative-twin-hierarchy-b/raw/cases.jsonl
b,239,STORE_CARRIED_TOOL,fe47f4df1f6c85e614476dec8c898a333f2c9895fe529b397412226447ae53f4,NONE,0,[],[],true,1,Find a safe location for the carried tool.,results/indicative-twin-hierarchy-b/raw/cases.jsonl
