run,seed,mission,case_sha256,event_stratum,event_count,event_types_json,event_payloads_json,history_present,history_event_count,instruction,case_source_path,contrast,higher_variant,lower_variant,higher_success,lower_success,paired_success_difference,higher_outcome_sha256,lower_outcome_sha256
a,80,INSPECT_NEAREST_COOLANT,f8d169ab5ef18c97682aad01abccdeb785a79594298b4c6e766f2cdfbad6888b,INSTRUCTION_CHANGED,1,"[""INSTRUCTION_CHANGED""]","[""AVOID_ROOM:ElectricalRoom""]",true,1,Inspect the nearest coolant valve without entering a restricted room.,results/indicative-twin-hierarchy-a/raw/cases.jsonl,T3-T2,T3,T2,1,1,0,f9405f1163321e7221964d63b27502b900cf765be9813b84facc32b1ab90ae69,61d4d282882d2c050739e9256ca3418108c8fbbe0f516700ca552afa6309cd3e
a,80,INSPECT_NEAREST_COOLANT,f8d169ab5ef18c97682aad01abccdeb785a79594298b4c6e766f2cdfbad6888b,INSTRUCTION_CHANGED,1,"[""INSTRUCTION_CHANGED""]","[""AVOID_ROOM:ElectricalRoom""]",true,1,Inspect the nearest coolant valve without entering a restricted room.,results/indicative-twin-hierarchy-a/raw/cases.jsonl,T4-T3,T4,T3,1,1,0,8df3f7c507868cdea9e3020efc8b350d6c5cca95bfe60d7c138287a704c56e91,f9405f1163321e7221964d63b27502b900cf765be9813b84facc32b1ab90ae69
a,80,INSPECT_VALVE7_WITH_ALTERNATE,1c621a3b5f1cd765041998618c5eefedb8bae8841a00c316c29e163185d6b821,INSTRUCTION_CHANGED,1,"[""INSTRUCTION_CHANGED""]","[""AVOID_ROOM:ElectricalRoom""]",true,1,"Inspect Valve 7; if Door 3 is unavailable, use another route.",results/indicative-twin-hierarchy-a/raw/cases.jsonl,T3-T2,T3,T2,0,0,0,3eb6f851a9270c6a8f9ffd05360b945117a93a8ad93d3cd2a040895089c1d2d7,93c60579a6aca9e33b97e13c343ef9d9c4e433a99befe92a3473ab2fd98b9654
a,80,INSPECT_VALVE7_WITH_ALTERNATE,1c621a3b5f1cd765041998618c5eefedb8bae8841a00c316c29e163185d6b821,INSTRUCTION_CHANGED,1,"[""INSTRUCTION_CHANGED""]","[""AVOID_ROOM:ElectricalRoom""]",true,1,"Inspect Valve 7; if Door 3 is unavailable, use another route.",results/indicative-twin-hierarchy-a/raw/cases.jsonl,T4-T3,T4,T3,0,0,0,5b5b90d81b25fa563600aa66bc5d37ee4f2d87f3d86b6ff215918838d83c66e4,3eb6f851a9270c6a8f9ffd05360b945117a93a8ad93d3cd2a040895089c1d2d7
a,80,REACH_PUMP2_WITH_RECHARGE,23d23019f08fc2b4dc1bddf71a09e57e6310d8e81e31c6617c082aa66bf4b928,INSTRUCTION_CHANGED,1,"[""INSTRUCTION_CHANGED""]","[""AVOID_ROOM:ElectricalRoom""]",false,0,"Reach Pump 2, but recharge first if estimated battery is insufficient.",results/indicative-twin-hierarchy-a/raw/cases.jsonl,T3-T2,T3,T2,0,0,0,ee57ffa074d6328e0fac6d656033f5a4321b4188111d8f82228563a2b88d1734,afb1830d55b5f2c32711b8f9f3163f2113985bf9701e85bb285a688000599f86
a,80,REACH_PUMP2_WITH_RECHARGE,23d23019f08fc2b4dc1bddf71a09e57e6310d8e81e31c6617c082aa66bf4b928,INSTRUCTION_CHANGED,1,"[""INSTRUCTION_CHANGED""]","[""AVOID_ROOM:ElectricalRoom""]",false,0,"Reach Pump 2, but recharge first if estimated battery is insufficient.",results/indicative-twin-hierarchy-a/raw/cases.jsonl,T4-T3,T4,T3,0,0,0,5a22dbbaada21c10725017ad06bdfe462b8dcb7ab471c66baabf9cb910e05420,ee57ffa074d6328e0fac6d656033f5a4321b4188111d8f82228563a2b88d1734
a,80,REPLAN_ON_RESTRICTION,78c0356b3bb6ca60b55d65aeae3f68f93b0b9f38287a7b351ff8e7d2b0ffc159,INSTRUCTION_CHANGED+ROOM_RESTRICTED+ROUTE_BLOCKED,3,"[""ROUTE_BLOCKED"",""INSTRUCTION_CHANGED"",""ROOM_RESTRICTED""]","[""UNAVAILABLE"",""AVOID_ROOM:ElectricalRoom"",""RESTRICTED""]",true,1,Inspect Valve 7 and replan if a room becomes restricted.,results/indicative-twin-hierarchy-a/raw/cases.jsonl,T3-T2,T3,T2,0,0,0,69c6c115c0b6637f0e6b05ce2a1b8a78d2696fd3ac089c44037b9074e7a09455,faac92a0d76d3e5e26c3ddc2fca2125f2b8f6eae2a187b89242ae6844887b2c0
a,80,REPLAN_ON_RESTRICTION,78c0356b3bb6ca60b55d65aeae3f68f93b0b9f38287a7b351ff8e7d2b0ffc159,INSTRUCTION_CHANGED+ROOM_RESTRICTED+ROUTE_BLOCKED,3,"[""ROUTE_BLOCKED"",""INSTRUCTION_CHANGED"",""ROOM_RESTRICTED""]","[""UNAVAILABLE"",""AVOID_ROOM:ElectricalRoom"",""RESTRICTED""]",true,1,Inspect Valve 7 and replan if a room becomes restricted.,results/indicative-twin-hierarchy-a/raw/cases.jsonl,T4-T3,T4,T3,0,0,0,3ccbaf6baf9208655ba19cdec953e973b4f812d3a3f88c78c373d220b9297d47,69c6c115c0b6637f0e6b05ce2a1b8a78d2696fd3ac089c44037b9074e7a09455
a,80,STORE_CARRIED_TOOL,96b80570d9acbe5d50c4c19d80e4726c45d40615d0616507203bf5f1e2e359e3,INSTRUCTION_CHANGED,1,"[""INSTRUCTION_CHANGED""]","[""AVOID_ROOM:ElectricalRoom""]",false,0,Find a safe location for the carried tool.,results/indicative-twin-hierarchy-a/raw/cases.jsonl,T3-T2,T3,T2,1,1,0,3a4e64c5c60e7cc31afadcf9df4b6a678dd791a3ec4781dd2b20f6e527f3c6b6,1f5142e0ed096398bc0e70839aa6256e1aa2ebdb1cb28f346a9d6e71fc73ef03
a,80,STORE_CARRIED_TOOL,96b80570d9acbe5d50c4c19d80e4726c45d40615d0616507203bf5f1e2e359e3,INSTRUCTION_CHANGED,1,"[""INSTRUCTION_CHANGED""]","[""AVOID_ROOM:ElectricalRoom""]",false,0,Find a safe location for the carried tool.,results/indicative-twin-hierarchy-a/raw/cases.jsonl,T4-T3,T4,T3,1,1,0,9906ef38955788a19741a415f6331005fbb0a8e9bd5ee17f80d87cf34e6edcb9,3a4e64c5c60e7cc31afadcf9df4b6a678dd791a3ec4781dd2b20f6e527f3c6b6
a,81,INSPECT_NEAREST_COOLANT,5e5f575ea07a123e20acb26e6d5390aeaa7cf4d0065903bf512c2928eb9e0220,NONE,0,[],[],true,2,Safely inspect the nearest coolant valve without entering a restricted room.,results/indicative-twin-hierarchy-a/raw/cases.jsonl,T3-T2,T3,T2,1,1,0,9d39bbfecc2fdd9d261f124996c1a8cd93dd185dd080160b7cbe6d0a64dac579,00b2869f2d224ed919b1469927da12c25187197baaccccac9a62c2b7b318883f
a,81,INSPECT_NEAREST_COOLANT,5e5f575ea07a123e20acb26e6d5390aeaa7cf4d0065903bf512c2928eb9e0220,NONE,0,[],[],true,2,Safely inspect the nearest coolant valve without entering a restricted room.,results/indicative-twin-hierarchy-a/raw/cases.jsonl,T4-T3,T4,T3,1,1,0,878eab09374f45103df005cdc04d2f2124457cfa16a461286b162c2d4ee11880,9d39bbfecc2fdd9d261f124996c1a8cd93dd185dd080160b7cbe6d0a64dac579
a,81,INSPECT_VALVE7_WITH_ALTERNATE,263fd620587bf8f788c734cb9dcc34ce2554b715bc6adbda677397013288af93,NONE,0,[],[],false,0,"Safely inspect Valve 7; if Door 3 is unavailable, use another route.",results/indicative-twin-hierarchy-a/raw/cases.jsonl,T3-T2,T3,T2,1,1,0,fcbe53c3fb7af052f4f241a8483e809f8eeb7c46e64d8c938ae78ef1e3c45b2b,a7239e8c2666aede4bd79d6612af08fd7998d4d1cc98c9a84fd3666d78629b11
a,81,INSPECT_VALVE7_WITH_ALTERNATE,263fd620587bf8f788c734cb9dcc34ce2554b715bc6adbda677397013288af93,NONE,0,[],[],false,0,"Safely inspect Valve 7; if Door 3 is unavailable, use another route.",results/indicative-twin-hierarchy-a/raw/cases.jsonl,T4-T3,T4,T3,1,1,0,4e9f1456c7099872a2913ef33eb23fb770c2c9baf97aa84a9d3c24499650f0e8,fcbe53c3fb7af052f4f241a8483e809f8eeb7c46e64d8c938ae78ef1e3c45b2b
a,81,REACH_PUMP2_WITH_RECHARGE,49b433e9746bac9fe37e28e1f790edbf3fd34d4d2edd6b45ffa6bb0d2fa60e20,NONE,0,[],[],true,1,"Reach Pump 2, but recharge first if estimated battery is insufficient.",results/indicative-twin-hierarchy-a/raw/cases.jsonl,T3-T2,T3,T2,0,0,0,6dda9aaea9f85bb217a5015044d19b3e703b62b74bb05d8ff698e2ce5ffe7d27,f5eac79d2ed126b3933aa6dd8e493c70104b665aa67d07aa470c699a7b1f416a
a,81,REACH_PUMP2_WITH_RECHARGE,49b433e9746bac9fe37e28e1f790edbf3fd34d4d2edd6b45ffa6bb0d2fa60e20,NONE,0,[],[],true,1,"Reach Pump 2, but recharge first if estimated battery is insufficient.",results/indicative-twin-hierarchy-a/raw/cases.jsonl,T4-T3,T4,T3,0,0,0,00d598dd521a9d7c6f1a973c81985a3bb841fd9ea31b58831d93e6bd7b384f8b,6dda9aaea9f85bb217a5015044d19b3e703b62b74bb05d8ff698e2ce5ffe7d27
a,81,REPLAN_ON_RESTRICTION,dacf0d6509a989767dddac2934abca9a757962259e90be7605883ab310f89f6d,ROOM_RESTRICTED,1,"[""ROOM_RESTRICTED""]","[""RESTRICTED""]",true,2,Safely inspect Valve 7 and replan if a room becomes restricted.,results/indicative-twin-hierarchy-a/raw/cases.jsonl,T3-T2,T3,T2,1,0,1,faa1be41f4273dee1caa6e1a6398672a03506c13495cc665e4e308dff074fda3,38caf0ae5c9e4926caa7b1beaa1678b3ab92393217fdb2c2f1169aae36b902be
a,81,REPLAN_ON_RESTRICTION,dacf0d6509a989767dddac2934abca9a757962259e90be7605883ab310f89f6d,ROOM_RESTRICTED,1,"[""ROOM_RESTRICTED""]","[""RESTRICTED""]",true,2,Safely inspect Valve 7 and replan if a room becomes restricted.,results/indicative-twin-hierarchy-a/raw/cases.jsonl,T4-T3,T4,T3,1,1,0,6527b57a1325b9a6ba9eb43c9b6680d4610623e4623f306caf76354ab79d8e73,faa1be41f4273dee1caa6e1a6398672a03506c13495cc665e4e308dff074fda3
a,81,STORE_CARRIED_TOOL,6d227536bcb44508df96548c221135ae6408f886528ce6a26cd47f5c4d918f9a,NONE,0,[],[],true,2,Find a safe location for the carried tool.,results/indicative-twin-hierarchy-a/raw/cases.jsonl,T3-T2,T3,T2,0,0,0,720c59700c19a50fb072b70310f09409512ba6ae03203ca62c2d47aff1f03e61,445fe7c569999d8db97847f6d7785d2470eb5ce42f88013b4729629dd76321db
a,81,STORE_CARRIED_TOOL,6d227536bcb44508df96548c221135ae6408f886528ce6a26cd47f5c4d918f9a,NONE,0,[],[],true,2,Find a safe location for the carried tool.,results/indicative-twin-hierarchy-a/raw/cases.jsonl,T4-T3,T4,T3,0,0,0,ad17e1ffb2df12723aaa2064594b5c513937b02f618a05e79d988483baa8137b,720c59700c19a50fb072b70310f09409512ba6ae03203ca62c2d47aff1f03e61
a,82,INSPECT_NEAREST_COOLANT,5aacfa8c9dc7d33e09363556cef7e53fe397aa40f2c396c97b76572396c09c43,NONE,0,[],[],true,1,Inspect the nearest coolant valve without entering a restricted room.,results/indicative-twin-hierarchy-a/raw/cases.jsonl,T3-T2,T3,T2,1,0,1,d06899a996ef13a4995a3350366d0ff83d8880ebb00fb5d56ab2418f780680b2,1e8e9c6aafcb62763d9f476885369b660bd3b2485203a55cbd309b30097dcc06
a,82,INSPECT_NEAREST_COOLANT,5aacfa8c9dc7d33e09363556cef7e53fe397aa40f2c396c97b76572396c09c43,NONE,0,[],[],true,1,Inspect the nearest coolant valve without entering a restricted room.,results/indicative-twin-hierarchy-a/raw/cases.jsonl,T4-T3,T4,T3,1,1,0,c13ab48db1e2fe08039296e13167195caea7f99efdbd8304c44f0759f607123f,d06899a996ef13a4995a3350366d0ff83d8880ebb00fb5d56ab2418f780680b2
a,82,INSPECT_VALVE7_WITH_ALTERNATE,d63e2b6b319d75e0206bc3f4f597afd61a8d807e90c4d94527cf4760eea206b1,NONE,0,[],[],false,0,"Inspect Valve 7; if Door 3 is unavailable, use another route.",results/indicative-twin-hierarchy-a/raw/cases.jsonl,T3-T2,T3,T2,1,0,1,29737ddb221e5d5fcfd75d5c75c1fedef7879a26a89c4ed4222a47d66cff2dfe,60ddd643ce31583733459e2c1782387a73f073ebfef5ec3dcec63e36173c8cf2
a,82,INSPECT_VALVE7_WITH_ALTERNATE,d63e2b6b319d75e0206bc3f4f597afd61a8d807e90c4d94527cf4760eea206b1,NONE,0,[],[],false,0,"Inspect Valve 7; if Door 3 is unavailable, use another route.",results/indicative-twin-hierarchy-a/raw/cases.jsonl,T4-T3,T4,T3,1,1,0,ac90bff75e50b3eacc548abe552f0a8844be761f6e2babf9dc37e20467ba5c6e,29737ddb221e5d5fcfd75d5c75c1fedef7879a26a89c4ed4222a47d66cff2dfe
a,82,REACH_PUMP2_WITH_RECHARGE,199aafd2f0e5e7af1dce4fc54fe29923acdf4bdf054f3d1a44e47dd45ad805fe,ROUTE_BLOCKED,1,"[""ROUTE_BLOCKED""]","[""UNAVAILABLE""]",true,1,"Reach Pump 2, but recharge first if estimated battery is insufficient.",results/indicative-twin-hierarchy-a/raw/cases.jsonl,T3-T2,T3,T2,1,1,0,282c629c8658024d422b08367da29c593c00bd4ef023d178c1bc78a3f9246d70,5466d0f35672bff597556ecf81dad72aa586d4450ed1667e31611de4d2497a14
a,82,REACH_PUMP2_WITH_RECHARGE,199aafd2f0e5e7af1dce4fc54fe29923acdf4bdf054f3d1a44e47dd45ad805fe,ROUTE_BLOCKED,1,"[""ROUTE_BLOCKED""]","[""UNAVAILABLE""]",true,1,"Reach Pump 2, but recharge first if estimated battery is insufficient.",results/indicative-twin-hierarchy-a/raw/cases.jsonl,T4-T3,T4,T3,1,1,0,bc8e8b5e102fcb4ba26a4d6fa960da78304e4f69cda6f2fd66d02ec77ea50aaf,282c629c8658024d422b08367da29c593c00bd4ef023d178c1bc78a3f9246d70
a,82,REPLAN_ON_RESTRICTION,0fecd6f57de28a23b60b3c6025906ab692f57dcf6aedf385f890cc48e8a86879,ROOM_RESTRICTED+ROUTE_BLOCKED,2,"[""ROUTE_BLOCKED"",""ROOM_RESTRICTED""]","[""UNAVAILABLE"",""RESTRICTED""]",false,0,Inspect Valve 7 and replan if a room becomes restricted.,results/indicative-twin-hierarchy-a/raw/cases.jsonl,T3-T2,T3,T2,1,0,1,258ed28d6e828da4a76683133808dc85faf50f799b625616f4100f86f24a9c7a,b098cc26d51ca991b71724a2b42098f5a59e593cbe24995694e8be18f9b5d4ec
a,82,REPLAN_ON_RESTRICTION,0fecd6f57de28a23b60b3c6025906ab692f57dcf6aedf385f890cc48e8a86879,ROOM_RESTRICTED+ROUTE_BLOCKED,2,"[""ROUTE_BLOCKED"",""ROOM_RESTRICTED""]","[""UNAVAILABLE"",""RESTRICTED""]",false,0,Inspect Valve 7 and replan if a room becomes restricted.,results/indicative-twin-hierarchy-a/raw/cases.jsonl,T4-T3,T4,T3,1,1,0,2473aa1a47bcf7cd65af4446886bd04cdbd58082e13fca798bde8d990d313095,258ed28d6e828da4a76683133808dc85faf50f799b625616f4100f86f24a9c7a
a,82,STORE_CARRIED_TOOL,2d2782ee8239f292adc1a00e376e84a391d6c40d238e0dff9ffc110bf02b4c83,NONE,0,[],[],true,1,Find a safe location for the carried tool.,results/indicative-twin-hierarchy-a/raw/cases.jsonl,T3-T2,T3,T2,1,0,1,a416d5106ad2b221f47aac01474e23477902b3f2e989c045c59a3e6de38e5a06,c64b2fb775bea09a9635426239490594498d8b5b8b9860f247f242225791cd33
a,82,STORE_CARRIED_TOOL,2d2782ee8239f292adc1a00e376e84a391d6c40d238e0dff9ffc110bf02b4c83,NONE,0,[],[],true,1,Find a safe location for the carried tool.,results/indicative-twin-hierarchy-a/raw/cases.jsonl,T4-T3,T4,T3,1,1,0,3e4af1610873611c72b65be5c57626822a9deb09a7cb48adf38df9ff476ae7df,a416d5106ad2b221f47aac01474e23477902b3f2e989c045c59a3e6de38e5a06
a,83,INSPECT_NEAREST_COOLANT,66c7caffcea9e7a140ff1030d860974f3a6de24dc14cfa9ad01eca5af87dae4b,ROUTE_BLOCKED,1,"[""ROUTE_BLOCKED""]","[""UNAVAILABLE""]",true,1,Safely inspect the nearest coolant valve without entering a restricted room.,results/indicative-twin-hierarchy-a/raw/cases.jsonl,T3-T2,T3,T2,1,1,0,15396fce04bc6efbc43067b3991b1544ad8c33e1c17110887dcc51d56ab5212d,9ded85d9c6d386c4847c9cd10826cf5d5e13c724d8ba86994faadc76db6324ee
a,83,INSPECT_NEAREST_COOLANT,66c7caffcea9e7a140ff1030d860974f3a6de24dc14cfa9ad01eca5af87dae4b,ROUTE_BLOCKED,1,"[""ROUTE_BLOCKED""]","[""UNAVAILABLE""]",true,1,Safely inspect the nearest coolant valve without entering a restricted room.,results/indicative-twin-hierarchy-a/raw/cases.jsonl,T4-T3,T4,T3,1,1,0,9349b0f616bdf19e4ff9b1c7285e3000f001e04897f2bc38c579c7104a23f6a0,15396fce04bc6efbc43067b3991b1544ad8c33e1c17110887dcc51d56ab5212d
a,83,INSPECT_VALVE7_WITH_ALTERNATE,e65c526df3d8d6ee0ad5d5167353919f7691244174abbb945c40cd4b2f64c26e,NONE,0,[],[],false,0,"Safely inspect Valve 7; if Door 3 is unavailable, use another route.",results/indicative-twin-hierarchy-a/raw/cases.jsonl,T3-T2,T3,T2,1,1,0,c11487e962c58155661fafc22c276355fdb8cd8eabc83bff46bd679b06623dbf,74e92e8994ecd93e9dbece2d1d6c040824cf0847fce6dd73e0ed11758d654c5c
a,83,INSPECT_VALVE7_WITH_ALTERNATE,e65c526df3d8d6ee0ad5d5167353919f7691244174abbb945c40cd4b2f64c26e,NONE,0,[],[],false,0,"Safely inspect Valve 7; if Door 3 is unavailable, use another route.",results/indicative-twin-hierarchy-a/raw/cases.jsonl,T4-T3,T4,T3,1,1,0,088c3b7b5da192eaa0375cef3c17cb19b7f971dc3b682b1d6dfa8711a614b1cc,c11487e962c58155661fafc22c276355fdb8cd8eabc83bff46bd679b06623dbf
a,83,REACH_PUMP2_WITH_RECHARGE,1b255bcf15a792d35c0da28036d09c7d14b63ef5447bc605b622c90dcb0adbd1,NONE,0,[],[],true,1,"Reach Pump 2, but recharge first if estimated battery is insufficient.",results/indicative-twin-hierarchy-a/raw/cases.jsonl,T3-T2,T3,T2,1,1,0,523cb608973b95115c952261db3d0c9e3ed921283c6f0368ff619cc3fab8ba67,9038f0263fa8c42c6f5782757a18287487c25d6ead5dcc12367740439454bf0f
a,83,REACH_PUMP2_WITH_RECHARGE,1b255bcf15a792d35c0da28036d09c7d14b63ef5447bc605b622c90dcb0adbd1,NONE,0,[],[],true,1,"Reach Pump 2, but recharge first if estimated battery is insufficient.",results/indicative-twin-hierarchy-a/raw/cases.jsonl,T4-T3,T4,T3,1,1,0,7d78d18c8101b6d077d5df39d3ebbfbb61793a902b946affd2db7565ece639a0,523cb608973b95115c952261db3d0c9e3ed921283c6f0368ff619cc3fab8ba67
a,83,REPLAN_ON_RESTRICTION,a47a44736fb94e596252a2c925fcc192c235d891eb953ed4ed27c6118c6d2523,ROOM_RESTRICTED+ROUTE_BLOCKED,2,"[""ROUTE_BLOCKED"",""ROOM_RESTRICTED""]","[""UNAVAILABLE"",""RESTRICTED""]",true,1,Safely inspect Valve 7 and replan if a room becomes restricted.,results/indicative-twin-hierarchy-a/raw/cases.jsonl,T3-T2,T3,T2,1,0,1,88ef069e2b204112f26aaaaeda7d89ccec0a3d5d854b08ad5fa725ad0ba1ceb9,e2594223837bb01226ed1263dac0b3642ff79572f79bb997f09d926bd0b3b405
a,83,REPLAN_ON_RESTRICTION,a47a44736fb94e596252a2c925fcc192c235d891eb953ed4ed27c6118c6d2523,ROOM_RESTRICTED+ROUTE_BLOCKED,2,"[""ROUTE_BLOCKED"",""ROOM_RESTRICTED""]","[""UNAVAILABLE"",""RESTRICTED""]",true,1,Safely inspect Valve 7 and replan if a room becomes restricted.,results/indicative-twin-hierarchy-a/raw/cases.jsonl,T4-T3,T4,T3,1,1,0,24a3655d494363590e6f23d9dce867ba7f7f102dcd7fde84d5e1cb6331d1d059,88ef069e2b204112f26aaaaeda7d89ccec0a3d5d854b08ad5fa725ad0ba1ceb9
a,83,STORE_CARRIED_TOOL,68740211f7e07f11d34c8a54aa2cb33205d98dae9a708168cd4f8e82c6746e2b,NONE,0,[],[],true,1,Find a safe location for the carried tool.,results/indicative-twin-hierarchy-a/raw/cases.jsonl,T3-T2,T3,T2,1,0,1,f098067f60de7ec4699aa0b7dd3b3cc87e9bb355af610123fcd85c734fee5aff,fb6f2d6fec9ed302d54b9dd8586871732b716bb4087328412d5340beab25a348
a,83,STORE_CARRIED_TOOL,68740211f7e07f11d34c8a54aa2cb33205d98dae9a708168cd4f8e82c6746e2b,NONE,0,[],[],true,1,Find a safe location for the carried tool.,results/indicative-twin-hierarchy-a/raw/cases.jsonl,T4-T3,T4,T3,1,1,0,60eb234f6beb2e7c788b521aea1b12812a53fbfb63cc7a68c932dcf8c00c5974,f098067f60de7ec4699aa0b7dd3b3cc87e9bb355af610123fcd85c734fee5aff
a,84,INSPECT_NEAREST_COOLANT,a8b6ff83d6f688c1b9c0eba869119a09ac1d6bc4b72dc6c33517cf005475aea6,NONE,0,[],[],true,2,Inspect the nearest coolant valve without entering a restricted room.,results/indicative-twin-hierarchy-a/raw/cases.jsonl,T3-T2,T3,T2,1,1,0,43eef35f5eea6ad2b44f02f70cfe93f4b69713b56fc324bf907638f330bbc02d,c70aa2c105bc03b5746fce5bec3b5667603faf9124d86f84b52282f586c51bbf
a,84,INSPECT_NEAREST_COOLANT,a8b6ff83d6f688c1b9c0eba869119a09ac1d6bc4b72dc6c33517cf005475aea6,NONE,0,[],[],true,2,Inspect the nearest coolant valve without entering a restricted room.,results/indicative-twin-hierarchy-a/raw/cases.jsonl,T4-T3,T4,T3,1,1,0,f9e07b3cbd7009ad7ea04bc8a6892e40fe668b3a067555651503c522fb01609c,43eef35f5eea6ad2b44f02f70cfe93f4b69713b56fc324bf907638f330bbc02d
a,84,INSPECT_VALVE7_WITH_ALTERNATE,081458ee0013b5988d7e60a602276884cfa9e6606eff0ca64e99625a2c7c3a1d,NONE,0,[],[],true,2,"Inspect Valve 7; if Door 3 is unavailable, use another route.",results/indicative-twin-hierarchy-a/raw/cases.jsonl,T3-T2,T3,T2,0,0,0,88e566bb828dadb926ef834c3e78ab4db937266fa2a884e7a5bb8cfdef2021cd,dbae7b096ee4e625e3c1d44f732af43657bb0338c69c0375e339cf2d0448315c
a,84,INSPECT_VALVE7_WITH_ALTERNATE,081458ee0013b5988d7e60a602276884cfa9e6606eff0ca64e99625a2c7c3a1d,NONE,0,[],[],true,2,"Inspect Valve 7; if Door 3 is unavailable, use another route.",results/indicative-twin-hierarchy-a/raw/cases.jsonl,T4-T3,T4,T3,1,0,1,fbd0584c462c368b5d31c14650e09577bcabca6e6bd9eb17a3db2c0a2a9b47bc,88e566bb828dadb926ef834c3e78ab4db937266fa2a884e7a5bb8cfdef2021cd
a,84,REACH_PUMP2_WITH_RECHARGE,c56394ae5369702140b390388af59e7bcc88cfcce82d39af7114e0b7302e56de,NONE,0,[],[],true,1,"Reach Pump 2, but recharge first if estimated battery is insufficient.",results/indicative-twin-hierarchy-a/raw/cases.jsonl,T3-T2,T3,T2,1,1,0,2b63bd850128f8c8d7b58dd0ce196cd4eb667cd7b20d279e2cdb5becf7963532,efdb85657dd498a73074a2311580ed4a277b1d162373d595cbd40d1c43d287fb
a,84,REACH_PUMP2_WITH_RECHARGE,c56394ae5369702140b390388af59e7bcc88cfcce82d39af7114e0b7302e56de,NONE,0,[],[],true,1,"Reach Pump 2, but recharge first if estimated battery is insufficient.",results/indicative-twin-hierarchy-a/raw/cases.jsonl,T4-T3,T4,T3,1,1,0,61e874e1270b1920d491168db973ea97798cbd619d68c1665bf794be98527a73,2b63bd850128f8c8d7b58dd0ce196cd4eb667cd7b20d279e2cdb5becf7963532
a,84,REPLAN_ON_RESTRICTION,a6da83635ad7a457f979efd6ac80d576307761ed141118efe103ea35bba0f4b3,ROOM_RESTRICTED,1,"[""ROOM_RESTRICTED""]","[""RESTRICTED""]",true,2,Inspect Valve 7 and replan if a room becomes restricted.,results/indicative-twin-hierarchy-a/raw/cases.jsonl,T3-T2,T3,T2,1,0,1,dd532f69bda902a974e02f9c1ea56abf9141318dd791908f84561440caa4062f,16125cd9f22b31782cd5e41c504666968e4be6f758703b443d3fbdf713840446
a,84,REPLAN_ON_RESTRICTION,a6da83635ad7a457f979efd6ac80d576307761ed141118efe103ea35bba0f4b3,ROOM_RESTRICTED,1,"[""ROOM_RESTRICTED""]","[""RESTRICTED""]",true,2,Inspect Valve 7 and replan if a room becomes restricted.,results/indicative-twin-hierarchy-a/raw/cases.jsonl,T4-T3,T4,T3,1,1,0,ac784fd4fe4a4e9715d000747721548d611def53c402c350b836a0cba3c0b9ad,dd532f69bda902a974e02f9c1ea56abf9141318dd791908f84561440caa4062f
a,84,STORE_CARRIED_TOOL,fd9662c3cb8b35ff4527e7a5512fe4be4b46cf56f6c26ccaba977003966aaa36,NONE,0,[],[],true,2,Find a safe location for the carried tool.,results/indicative-twin-hierarchy-a/raw/cases.jsonl,T3-T2,T3,T2,1,0,1,57bc21b1179adafd627cdc94783d8827980a8ef246e237674a27fe6602901006,5a1bab2a3fc6c6f47b8638f27968f12be252e4a55db2d21c4adfd699150015a0
a,84,STORE_CARRIED_TOOL,fd9662c3cb8b35ff4527e7a5512fe4be4b46cf56f6c26ccaba977003966aaa36,NONE,0,[],[],true,2,Find a safe location for the carried tool.,results/indicative-twin-hierarchy-a/raw/cases.jsonl,T4-T3,T4,T3,1,1,0,6c865dd1514c46c2dbec19dae5f4b4c78b2f2be08f0e48599a39472986d3af00,57bc21b1179adafd627cdc94783d8827980a8ef246e237674a27fe6602901006
a,85,INSPECT_NEAREST_COOLANT,7fe4ec950d5a4bf205e09a200bd0014a17fbf8abad41e00f24049423c08f6887,INSTRUCTION_CHANGED,1,"[""INSTRUCTION_CHANGED""]","[""AVOID_ROOM:ElectricalRoom""]",true,1,Safely inspect the nearest coolant valve without entering a restricted room.,results/indicative-twin-hierarchy-a/raw/cases.jsonl,T3-T2,T3,T2,0,0,0,035db4a3b5971110f4da2ee9ca13769e64c9ea1ff1060e65098bb68e05390732,d3dcaa3367032fc5e9539cc4d5eb8f613bf542e41b20d956c24d5afd5ab4bca3
a,85,INSPECT_NEAREST_COOLANT,7fe4ec950d5a4bf205e09a200bd0014a17fbf8abad41e00f24049423c08f6887,INSTRUCTION_CHANGED,1,"[""INSTRUCTION_CHANGED""]","[""AVOID_ROOM:ElectricalRoom""]",true,1,Safely inspect the nearest coolant valve without entering a restricted room.,results/indicative-twin-hierarchy-a/raw/cases.jsonl,T4-T3,T4,T3,0,0,0,4a51887d66bb0f6302faea43a3064923e73f2c65ea3923ff506b85f24037b132,035db4a3b5971110f4da2ee9ca13769e64c9ea1ff1060e65098bb68e05390732
a,85,INSPECT_VALVE7_WITH_ALTERNATE,1033b9a98e9de18cd75a63233163328a6be0eacc62dd945e6698c1d7f5291273,INSTRUCTION_CHANGED,1,"[""INSTRUCTION_CHANGED""]","[""AVOID_ROOM:ElectricalRoom""]",false,0,"Safely inspect Valve 7; if Door 3 is unavailable, use another route.",results/indicative-twin-hierarchy-a/raw/cases.jsonl,T3-T2,T3,T2,1,1,0,52b60484126d2fa3fbb8cab6f18143bcb5cc1dffa0a6c30a643bd537511fcc01,01f437e03a74fcc74bf4fbe68b82a5298b52ccbcb3e19572c035c9f756c47b07
a,85,INSPECT_VALVE7_WITH_ALTERNATE,1033b9a98e9de18cd75a63233163328a6be0eacc62dd945e6698c1d7f5291273,INSTRUCTION_CHANGED,1,"[""INSTRUCTION_CHANGED""]","[""AVOID_ROOM:ElectricalRoom""]",false,0,"Safely inspect Valve 7; if Door 3 is unavailable, use another route.",results/indicative-twin-hierarchy-a/raw/cases.jsonl,T4-T3,T4,T3,1,1,0,daf55ad223e5d8e1fb06d98d401df44d2dd82130b14ac6d854fb16540cc0ddb3,52b60484126d2fa3fbb8cab6f18143bcb5cc1dffa0a6c30a643bd537511fcc01
a,85,REACH_PUMP2_WITH_RECHARGE,78dcc8865f3b813e7fa1946758a8bd0cf2fecf2219d1f1572ac6553d22d4af1f,INSTRUCTION_CHANGED,1,"[""INSTRUCTION_CHANGED""]","[""AVOID_ROOM:ElectricalRoom""]",false,0,"Reach Pump 2, but recharge first if estimated battery is insufficient.",results/indicative-twin-hierarchy-a/raw/cases.jsonl,T3-T2,T3,T2,0,0,0,1c00806537aed422bb08a99a125072b101251f2b768bed9daae66c9634cbe689,7c71895016cd3ffd0134320fd59d02d926dd6989ea3556723d95c60b22230aab
a,85,REACH_PUMP2_WITH_RECHARGE,78dcc8865f3b813e7fa1946758a8bd0cf2fecf2219d1f1572ac6553d22d4af1f,INSTRUCTION_CHANGED,1,"[""INSTRUCTION_CHANGED""]","[""AVOID_ROOM:ElectricalRoom""]",false,0,"Reach Pump 2, but recharge first if estimated battery is insufficient.",results/indicative-twin-hierarchy-a/raw/cases.jsonl,T4-T3,T4,T3,0,0,0,36ebe2c8313a1852f4b09ff0a1922ab7076496fc50425a8b42350e5958078682,1c00806537aed422bb08a99a125072b101251f2b768bed9daae66c9634cbe689
a,85,REPLAN_ON_RESTRICTION,d7f2ab56e46c41289bd1a142a689748ccd2e285198adde85c5b4e327b7705bf4,INSTRUCTION_CHANGED+ROOM_RESTRICTED,2,"[""INSTRUCTION_CHANGED"",""ROOM_RESTRICTED""]","[""AVOID_ROOM:ElectricalRoom"",""RESTRICTED""]",true,1,Safely inspect Valve 7 and replan if a room becomes restricted.,results/indicative-twin-hierarchy-a/raw/cases.jsonl,T3-T2,T3,T2,0,0,0,67bb57ee938659fa730bac847960b6bc9bdd579209b465db7668cc375844a692,d9c80558a48272985bc943ca331fef70b5169c176dba42b1204161d5f70d8a05
a,85,REPLAN_ON_RESTRICTION,d7f2ab56e46c41289bd1a142a689748ccd2e285198adde85c5b4e327b7705bf4,INSTRUCTION_CHANGED+ROOM_RESTRICTED,2,"[""INSTRUCTION_CHANGED"",""ROOM_RESTRICTED""]","[""AVOID_ROOM:ElectricalRoom"",""RESTRICTED""]",true,1,Safely inspect Valve 7 and replan if a room becomes restricted.,results/indicative-twin-hierarchy-a/raw/cases.jsonl,T4-T3,T4,T3,0,0,0,c0b0d1ec9eb97f1e9cbb5530494f2146e4bdc2e511bd5747372e24485de1b440,67bb57ee938659fa730bac847960b6bc9bdd579209b465db7668cc375844a692
a,85,STORE_CARRIED_TOOL,51b53cc239a2876641f618e8b345181c78b799d22c006bb8fb6f56b6359cf237,INSTRUCTION_CHANGED,1,"[""INSTRUCTION_CHANGED""]","[""AVOID_ROOM:ElectricalRoom""]",false,0,Find a safe location for the carried tool.,results/indicative-twin-hierarchy-a/raw/cases.jsonl,T3-T2,T3,T2,1,1,0,dad2704dadfd7dfbf71b5547e27879e193ec95e10a92f81be2f5b8139cc8e97e,594a1f55c6e4b6ce9d801fe65b2f9035528436f73729bb1b209c763fe8611ab3
a,85,STORE_CARRIED_TOOL,51b53cc239a2876641f618e8b345181c78b799d22c006bb8fb6f56b6359cf237,INSTRUCTION_CHANGED,1,"[""INSTRUCTION_CHANGED""]","[""AVOID_ROOM:ElectricalRoom""]",false,0,Find a safe location for the carried tool.,results/indicative-twin-hierarchy-a/raw/cases.jsonl,T4-T3,T4,T3,1,1,0,cdcc7a36a8ba22c8d430dec7ef46f4af9b38073eee91be829d0de6461f20efc4,dad2704dadfd7dfbf71b5547e27879e193ec95e10a92f81be2f5b8139cc8e97e
a,86,INSPECT_NEAREST_COOLANT,676b6e5c4d49a21ffa9c8b6b71b896734eb0e6b4910fe5ef65874345ab6c6d5c,NONE,0,[],[],true,1,Inspect the nearest coolant valve without entering a restricted room.,results/indicative-twin-hierarchy-a/raw/cases.jsonl,T3-T2,T3,T2,1,1,0,79334f9850671877e582fb828bff3f44cb55015ea8ee75dc0a9c9fa41cc41a2d,8cea8f8e3d4626c7ef3c4d857a368fd6aaa412591508778fead321fe9e60b029
a,86,INSPECT_NEAREST_COOLANT,676b6e5c4d49a21ffa9c8b6b71b896734eb0e6b4910fe5ef65874345ab6c6d5c,NONE,0,[],[],true,1,Inspect the nearest coolant valve without entering a restricted room.,results/indicative-twin-hierarchy-a/raw/cases.jsonl,T4-T3,T4,T3,1,1,0,ff0463c8c3f8ed51df6be73219873551530945a964ca06aef63d132b3091359c,79334f9850671877e582fb828bff3f44cb55015ea8ee75dc0a9c9fa41cc41a2d
a,86,INSPECT_VALVE7_WITH_ALTERNATE,ca5e54d498454da66c51fd8e7aac92985669c87a32b3b89db05b95de56a7185a,NONE,0,[],[],true,1,"Inspect Valve 7; if Door 3 is unavailable, use another route.",results/indicative-twin-hierarchy-a/raw/cases.jsonl,T3-T2,T3,T2,1,1,0,aefb4cec547a17f47e0082dea155109eed05fa2e5e8c0186414294c1d4e73139,484d4bf711917c9fdd34083962287eb32afe10265b098feadcb36e3c6d633e7b
a,86,INSPECT_VALVE7_WITH_ALTERNATE,ca5e54d498454da66c51fd8e7aac92985669c87a32b3b89db05b95de56a7185a,NONE,0,[],[],true,1,"Inspect Valve 7; if Door 3 is unavailable, use another route.",results/indicative-twin-hierarchy-a/raw/cases.jsonl,T4-T3,T4,T3,1,1,0,4be23ce4a1537d76866f43daa31212bee0e3b616cf6ffa1ee12098a7433a0ddc,aefb4cec547a17f47e0082dea155109eed05fa2e5e8c0186414294c1d4e73139
a,86,REACH_PUMP2_WITH_RECHARGE,d8a6a9c88a87f4920e7ad30f756a6b918f185e9cc6baf3a4c3a08165eece04fd,NONE,0,[],[],true,1,"Reach Pump 2, but recharge first if estimated battery is insufficient.",results/indicative-twin-hierarchy-a/raw/cases.jsonl,T3-T2,T3,T2,0,0,0,6e00a04688fd562d07dbe2ee026197ec79fe4f2a2f4da4147d1890f1f3d2dd01,511e46423f11f7d3946cfe6a3f66b31175d5ca449bb4162f038ecc9825bdfcaa
a,86,REACH_PUMP2_WITH_RECHARGE,d8a6a9c88a87f4920e7ad30f756a6b918f185e9cc6baf3a4c3a08165eece04fd,NONE,0,[],[],true,1,"Reach Pump 2, but recharge first if estimated battery is insufficient.",results/indicative-twin-hierarchy-a/raw/cases.jsonl,T4-T3,T4,T3,0,0,0,f3bb03cd7f17a6e0704d7e50f13a252205c78835f798fd70f23f3c77ab3d734c,6e00a04688fd562d07dbe2ee026197ec79fe4f2a2f4da4147d1890f1f3d2dd01
a,86,REPLAN_ON_RESTRICTION,4ad6e8d3473428063df6c6583870d99b5b0156913458f549445c9268c612fc5e,ROOM_RESTRICTED,1,"[""ROOM_RESTRICTED""]","[""RESTRICTED""]",false,0,Inspect Valve 7 and replan if a room becomes restricted.,results/indicative-twin-hierarchy-a/raw/cases.jsonl,T3-T2,T3,T2,1,0,1,c275daa238068db06c2ba013245188d48dfd444ba85101652c53baa2075f311c,2aa2fc81b9870ce25b431c647520c1aaa9350a027a73ed37c4f8a12699f98e76
a,86,REPLAN_ON_RESTRICTION,4ad6e8d3473428063df6c6583870d99b5b0156913458f549445c9268c612fc5e,ROOM_RESTRICTED,1,"[""ROOM_RESTRICTED""]","[""RESTRICTED""]",false,0,Inspect Valve 7 and replan if a room becomes restricted.,results/indicative-twin-hierarchy-a/raw/cases.jsonl,T4-T3,T4,T3,1,1,0,7956b1c6c7a7eb0a69aa87b5865e2d027159434a6160967158908a39f7cecfe2,c275daa238068db06c2ba013245188d48dfd444ba85101652c53baa2075f311c
a,86,STORE_CARRIED_TOOL,685a692dd93934fdb568fe76e5e29765d74d99f4dcbd3a19d7a0f36052a1071f,NONE,0,[],[],false,0,Find a safe location for the carried tool.,results/indicative-twin-hierarchy-a/raw/cases.jsonl,T3-T2,T3,T2,1,1,0,ab1e3c76ce9c385ef1a61900283b327d42e5d2231eb5f836733662ebb9d3ad65,676aca5c9d80347e2a6ec1635991c1d344b19a5295f41f8d73812f616f5332bd
a,86,STORE_CARRIED_TOOL,685a692dd93934fdb568fe76e5e29765d74d99f4dcbd3a19d7a0f36052a1071f,NONE,0,[],[],false,0,Find a safe location for the carried tool.,results/indicative-twin-hierarchy-a/raw/cases.jsonl,T4-T3,T4,T3,1,1,0,a429a584589403fc861a2b673715c53ab39fd03fe0b8188684fde1e9a63770aa,ab1e3c76ce9c385ef1a61900283b327d42e5d2231eb5f836733662ebb9d3ad65
a,87,INSPECT_NEAREST_COOLANT,c4939a647a5c5aa1c627e8f4d8c4268cee021dd6616b627c50e9694b53940225,NONE,0,[],[],true,1,Safely inspect the nearest coolant valve without entering a restricted room.,results/indicative-twin-hierarchy-a/raw/cases.jsonl,T3-T2,T3,T2,0,0,0,0af6044172db319015319db196e98649c50c57282c02dda2c7c6eb0df986d184,2782fc86af91508cf7c821a82198b2287161ca61186a2445dadf8af8a98f367b
a,87,INSPECT_NEAREST_COOLANT,c4939a647a5c5aa1c627e8f4d8c4268cee021dd6616b627c50e9694b53940225,NONE,0,[],[],true,1,Safely inspect the nearest coolant valve without entering a restricted room.,results/indicative-twin-hierarchy-a/raw/cases.jsonl,T4-T3,T4,T3,0,0,0,02c03cdc906910993c4b48df307535763b092ff2a1fc25fad91f997aa3840522,0af6044172db319015319db196e98649c50c57282c02dda2c7c6eb0df986d184
a,87,INSPECT_VALVE7_WITH_ALTERNATE,4badc443e795bf495a15f092700819511175e04120981310166892cc04bd4192,NONE,0,[],[],false,0,"Safely inspect Valve 7; if Door 3 is unavailable, use another route.",results/indicative-twin-hierarchy-a/raw/cases.jsonl,T3-T2,T3,T2,1,1,0,597224cf6663940923dd581b82548e1dbeee8121527faebcf6e749ba1e5e89a5,4b3e5a101e5247efe4d3dd010900ee920160db2e67a055866d3977ffe5a1c916
a,87,INSPECT_VALVE7_WITH_ALTERNATE,4badc443e795bf495a15f092700819511175e04120981310166892cc04bd4192,NONE,0,[],[],false,0,"Safely inspect Valve 7; if Door 3 is unavailable, use another route.",results/indicative-twin-hierarchy-a/raw/cases.jsonl,T4-T3,T4,T3,1,1,0,05fb8b2dbf8437b88b87b3657273766bdd85134ae439f2881a83e177900b8382,597224cf6663940923dd581b82548e1dbeee8121527faebcf6e749ba1e5e89a5
a,87,REACH_PUMP2_WITH_RECHARGE,7738337d2390da15df574248745d94027eaa96e4409a43b186d2b0b9a0d57296,NONE,0,[],[],true,2,"Reach Pump 2, but recharge first if estimated battery is insufficient.",results/indicative-twin-hierarchy-a/raw/cases.jsonl,T3-T2,T3,T2,1,1,0,01a31ac3cc46033fab97d3260e5e1fbd39b28807704151aec0112094f38ef55f,c0e649a4b9ae16e13baf933f913ec5abe7385de85852272e72bb57446b85859b
a,87,REACH_PUMP2_WITH_RECHARGE,7738337d2390da15df574248745d94027eaa96e4409a43b186d2b0b9a0d57296,NONE,0,[],[],true,2,"Reach Pump 2, but recharge first if estimated battery is insufficient.",results/indicative-twin-hierarchy-a/raw/cases.jsonl,T4-T3,T4,T3,1,1,0,98f9832c50dbe56b50326208f30c16cd774239149a569136b0f293731613d5f3,01a31ac3cc46033fab97d3260e5e1fbd39b28807704151aec0112094f38ef55f
a,87,REPLAN_ON_RESTRICTION,225490af992dba2a1878e4325a339eb51c86a4383f2baaaa54d8dc9fb88fcd22,ROOM_RESTRICTED+ROUTE_BLOCKED,2,"[""ROUTE_BLOCKED"",""ROOM_RESTRICTED""]","[""UNAVAILABLE"",""RESTRICTED""]",false,0,Safely inspect Valve 7 and replan if a room becomes restricted.,results/indicative-twin-hierarchy-a/raw/cases.jsonl,T3-T2,T3,T2,1,0,1,a0a3b599339ce188959504f76e691efc0b5efd53a1bf2f98b4e1941798977a15,5e6f24ac1ba99890af3b2ed0d587b72b0c86f3fa6894556c331604a7abd2dbba
a,87,REPLAN_ON_RESTRICTION,225490af992dba2a1878e4325a339eb51c86a4383f2baaaa54d8dc9fb88fcd22,ROOM_RESTRICTED+ROUTE_BLOCKED,2,"[""ROUTE_BLOCKED"",""ROOM_RESTRICTED""]","[""UNAVAILABLE"",""RESTRICTED""]",false,0,Safely inspect Valve 7 and replan if a room becomes restricted.,results/indicative-twin-hierarchy-a/raw/cases.jsonl,T4-T3,T4,T3,1,1,0,e9478decef5773baea03fb902a74b4bbb0050817a9f7bb6aa6df44773a85a756,a0a3b599339ce188959504f76e691efc0b5efd53a1bf2f98b4e1941798977a15
a,87,STORE_CARRIED_TOOL,889b457125b8425891a5957055e89404ae7812534c549ba23e1efe4195215406,NONE,0,[],[],false,0,Find a safe location for the carried tool.,results/indicative-twin-hierarchy-a/raw/cases.jsonl,T3-T2,T3,T2,1,1,0,6828fbcf8c3c1bb96965482cdc93c31da073598a27e11fce081e5f7c7f29f088,67603fb659d90459a9d1ab44ddfa2047bb7bdbb8effb1dc95e05e8a594a534d4
a,87,STORE_CARRIED_TOOL,889b457125b8425891a5957055e89404ae7812534c549ba23e1efe4195215406,NONE,0,[],[],false,0,Find a safe location for the carried tool.,results/indicative-twin-hierarchy-a/raw/cases.jsonl,T4-T3,T4,T3,1,1,0,de1403b3760ac2d469ef53f7170e569f05d15c6c01349b3dcd2e4c735f2b38e6,6828fbcf8c3c1bb96965482cdc93c31da073598a27e11fce081e5f7c7f29f088
a,88,INSPECT_NEAREST_COOLANT,b54fb5dd2b1e27483b3050c980af7108311b1f86eeafeddc8c3e3ddffd10958e,NONE,0,[],[],true,1,Inspect the nearest coolant valve without entering a restricted room.,results/indicative-twin-hierarchy-a/raw/cases.jsonl,T3-T2,T3,T2,1,1,0,9c0b0e3d9b7a6a43df2662f3d77c8eef7c962a6fddadc36a235a0f62d526ab96,53e833e6689a7de3955544ce5abfe81f5daa5b15c309c41222a79ae398df3a7a
a,88,INSPECT_NEAREST_COOLANT,b54fb5dd2b1e27483b3050c980af7108311b1f86eeafeddc8c3e3ddffd10958e,NONE,0,[],[],true,1,Inspect the nearest coolant valve without entering a restricted room.,results/indicative-twin-hierarchy-a/raw/cases.jsonl,T4-T3,T4,T3,1,1,0,ce2da6bb2d50d557df862475963f93fba8a127c19fec29d65cf2a62f7b6f8e3d,9c0b0e3d9b7a6a43df2662f3d77c8eef7c962a6fddadc36a235a0f62d526ab96
a,88,INSPECT_VALVE7_WITH_ALTERNATE,c37f54031d87a3372f05fc79dc45edabce7501649ed69bc678327d91f10bbf15,NONE,0,[],[],true,1,"Inspect Valve 7; if Door 3 is unavailable, use another route.",results/indicative-twin-hierarchy-a/raw/cases.jsonl,T3-T2,T3,T2,1,0,1,239a97c7cfe05cfe2dc8babf8d63cd9873f6a9c6bff942d23f61052599ff6ea5,3fb0656920e05697016d872426dc02b5995daa7ad50ed34098c8295a2c6975d7
a,88,INSPECT_VALVE7_WITH_ALTERNATE,c37f54031d87a3372f05fc79dc45edabce7501649ed69bc678327d91f10bbf15,NONE,0,[],[],true,1,"Inspect Valve 7; if Door 3 is unavailable, use another route.",results/indicative-twin-hierarchy-a/raw/cases.jsonl,T4-T3,T4,T3,1,1,0,49a7bdc3d70c236090c76d0c52819dadb3d06a836b3a8ed8d0e2cc732239be13,239a97c7cfe05cfe2dc8babf8d63cd9873f6a9c6bff942d23f61052599ff6ea5
a,88,REACH_PUMP2_WITH_RECHARGE,7229397f50d1d26f1645328bfa1e8e2fcf421ded570eac475dad1028b6bd4e5f,NONE,0,[],[],true,1,"Reach Pump 2, but recharge first if estimated battery is insufficient.",results/indicative-twin-hierarchy-a/raw/cases.jsonl,T3-T2,T3,T2,1,0,1,2f02344cca4d1486016475152b7bf92e60bd6317564443ea6fbf4379518eae4f,f7a481c4b517afc6e6af9acd038ed5ee455d2a7090c9fa76887b572543838ff9
a,88,REACH_PUMP2_WITH_RECHARGE,7229397f50d1d26f1645328bfa1e8e2fcf421ded570eac475dad1028b6bd4e5f,NONE,0,[],[],true,1,"Reach Pump 2, but recharge first if estimated battery is insufficient.",results/indicative-twin-hierarchy-a/raw/cases.jsonl,T4-T3,T4,T3,1,1,0,bd0ef4e966c98c95d12abafbef9b3b1010c226cc46cefdf01a9693e82c293ef5,2f02344cca4d1486016475152b7bf92e60bd6317564443ea6fbf4379518eae4f
a,88,REPLAN_ON_RESTRICTION,bea8886154400bd50df18a84797451b6de67509d706e78de9f25b4b60c2d8b4f,ROOM_RESTRICTED,1,"[""ROOM_RESTRICTED""]","[""RESTRICTED""]",false,0,Inspect Valve 7 and replan if a room becomes restricted.,results/indicative-twin-hierarchy-a/raw/cases.jsonl,T3-T2,T3,T2,1,0,1,afd6a7d45db4d82d01bb4bb9610e579945bb7d0912e959fb3a12b308c6b27155,4e8b19b9342934063f736e17c06d3e931c6b0f6d085754ef1795c64680892928
a,88,REPLAN_ON_RESTRICTION,bea8886154400bd50df18a84797451b6de67509d706e78de9f25b4b60c2d8b4f,ROOM_RESTRICTED,1,"[""ROOM_RESTRICTED""]","[""RESTRICTED""]",false,0,Inspect Valve 7 and replan if a room becomes restricted.,results/indicative-twin-hierarchy-a/raw/cases.jsonl,T4-T3,T4,T3,1,1,0,4644dff90f2d6062f4661f91c8c9eff9022e6bc886b8b7f2646d3664ad13bab7,afd6a7d45db4d82d01bb4bb9610e579945bb7d0912e959fb3a12b308c6b27155
a,88,STORE_CARRIED_TOOL,1f119a9c0b0a85c7e6664da0db69670412105f426c5acfbc05e3ad1ec0facdba,NONE,0,[],[],true,1,Find a safe location for the carried tool.,results/indicative-twin-hierarchy-a/raw/cases.jsonl,T3-T2,T3,T2,1,0,1,69b111215de255a1a9a65a27796bb6759bc74b9e6b53681779c7d6fe8bb6ee7b,f5daf7468ac61c9205c2962c0b2c8a081796e91bb50e8f0036ae7cc0a2a33e1f
a,88,STORE_CARRIED_TOOL,1f119a9c0b0a85c7e6664da0db69670412105f426c5acfbc05e3ad1ec0facdba,NONE,0,[],[],true,1,Find a safe location for the carried tool.,results/indicative-twin-hierarchy-a/raw/cases.jsonl,T4-T3,T4,T3,1,1,0,f501a221d6a591fee1fd270ea5546147e5e00e2a6263e565ae71f85c6b1f8f14,69b111215de255a1a9a65a27796bb6759bc74b9e6b53681779c7d6fe8bb6ee7b
a,89,INSPECT_NEAREST_COOLANT,b1c60c55ad6f1ea7cada9b5891f18dc475588857bb38b6d8b13d5a7d4750d9ac,ROUTE_BLOCKED,1,"[""ROUTE_BLOCKED""]","[""UNAVAILABLE""]",false,0,Safely inspect the nearest coolant valve without entering a restricted room.,results/indicative-twin-hierarchy-a/raw/cases.jsonl,T3-T2,T3,T2,1,1,0,a492137840b797618e3ae9fed640a5e26f29b35f92935b44e956f76f82035c9e,d596b2822d1fd1ddbd0ca316b5452bfcf6f5fe4c560922b9b7337acaee71fce3
a,89,INSPECT_NEAREST_COOLANT,b1c60c55ad6f1ea7cada9b5891f18dc475588857bb38b6d8b13d5a7d4750d9ac,ROUTE_BLOCKED,1,"[""ROUTE_BLOCKED""]","[""UNAVAILABLE""]",false,0,Safely inspect the nearest coolant valve without entering a restricted room.,results/indicative-twin-hierarchy-a/raw/cases.jsonl,T4-T3,T4,T3,1,1,0,68478031ae7413fdf075747d5e8eb30a799b9f487ed4e4d4603556e05a7da14a,a492137840b797618e3ae9fed640a5e26f29b35f92935b44e956f76f82035c9e
a,89,INSPECT_VALVE7_WITH_ALTERNATE,a4159405abdc19c357c540322cf8bbea4e881101997bdfb645f35263c58dde7a,NONE,0,[],[],false,0,"Safely inspect Valve 7; if Door 3 is unavailable, use another route.",results/indicative-twin-hierarchy-a/raw/cases.jsonl,T3-T2,T3,T2,1,0,1,9fbe2da61a28431e9256b3bbb222b95044ac32557dd9962b58f424e0db3790c2,b6015af82a20be3094498a4dffddb4c68bda82de9ec0be6eac35272eb8c3c212
a,89,INSPECT_VALVE7_WITH_ALTERNATE,a4159405abdc19c357c540322cf8bbea4e881101997bdfb645f35263c58dde7a,NONE,0,[],[],false,0,"Safely inspect Valve 7; if Door 3 is unavailable, use another route.",results/indicative-twin-hierarchy-a/raw/cases.jsonl,T4-T3,T4,T3,1,1,0,4518f0dc4f62955f4c1b428c4f6d2c8a68bab974f0d296edf6ca51c57feebeed,9fbe2da61a28431e9256b3bbb222b95044ac32557dd9962b58f424e0db3790c2
a,89,REACH_PUMP2_WITH_RECHARGE,755b167d20c935edba67ed0082f42d584c95e386e6c07a00e9e5e28154300053,NONE,0,[],[],true,1,"Reach Pump 2, but recharge first if estimated battery is insufficient.",results/indicative-twin-hierarchy-a/raw/cases.jsonl,T3-T2,T3,T2,1,0,1,f12efb3b9bf6c2834a86b21863f90ba0307e59c4621855615aba6d2c391916cb,48c3e88c4febeab632878966946d271cfe2e8c2b6f19f090066daaa5d7580a35
a,89,REACH_PUMP2_WITH_RECHARGE,755b167d20c935edba67ed0082f42d584c95e386e6c07a00e9e5e28154300053,NONE,0,[],[],true,1,"Reach Pump 2, but recharge first if estimated battery is insufficient.",results/indicative-twin-hierarchy-a/raw/cases.jsonl,T4-T3,T4,T3,1,1,0,7659329349ff926ef4d8d90648d414cd98bd25f1436be192c6ef089173f18c85,f12efb3b9bf6c2834a86b21863f90ba0307e59c4621855615aba6d2c391916cb
a,89,REPLAN_ON_RESTRICTION,5499309d31fe01e6248033f7c56a35022bca0afb3270710147eb4a8e2beefe5d,ROOM_RESTRICTED+ROUTE_BLOCKED,2,"[""ROUTE_BLOCKED"",""ROOM_RESTRICTED""]","[""UNAVAILABLE"",""RESTRICTED""]",false,0,Safely inspect Valve 7 and replan if a room becomes restricted.,results/indicative-twin-hierarchy-a/raw/cases.jsonl,T3-T2,T3,T2,1,0,1,7dfb73bd74ec462a33abfcf5eafeb6ed70f60e53cc7443ec55ebcf15d4c1a196,88de8fe62f2f45af10e7c2849443934c856bc230c7132ea708cc97c77e4bb86d
a,89,REPLAN_ON_RESTRICTION,5499309d31fe01e6248033f7c56a35022bca0afb3270710147eb4a8e2beefe5d,ROOM_RESTRICTED+ROUTE_BLOCKED,2,"[""ROUTE_BLOCKED"",""ROOM_RESTRICTED""]","[""UNAVAILABLE"",""RESTRICTED""]",false,0,Safely inspect Valve 7 and replan if a room becomes restricted.,results/indicative-twin-hierarchy-a/raw/cases.jsonl,T4-T3,T4,T3,1,1,0,a003e02cadce2bc169a3f57d3324b38480b2f96409be09cc38da64fb4baeffb2,7dfb73bd74ec462a33abfcf5eafeb6ed70f60e53cc7443ec55ebcf15d4c1a196
a,89,STORE_CARRIED_TOOL,a40f7b5a715b7a936c81e3a8e68b7c72a06aeb397a7b5817a8a1925a990d162f,NONE,0,[],[],false,0,Find a safe location for the carried tool.,results/indicative-twin-hierarchy-a/raw/cases.jsonl,T3-T2,T3,T2,1,1,0,931dd6521fdc802937a9b86f49d6465be64a44642e097a91ab3ab8e5ab6ff328,2b0e17689311b7dcbf7ed1c2d21fd1a80188dc3f8871aee8da61effe0f2f9d5f
a,89,STORE_CARRIED_TOOL,a40f7b5a715b7a936c81e3a8e68b7c72a06aeb397a7b5817a8a1925a990d162f,NONE,0,[],[],false,0,Find a safe location for the carried tool.,results/indicative-twin-hierarchy-a/raw/cases.jsonl,T4-T3,T4,T3,1,1,0,877752561ee62bf5c701b8faa68764ea74efe36b449f6f85037a64887fabd3d6,931dd6521fdc802937a9b86f49d6465be64a44642e097a91ab3ab8e5ab6ff328
a,90,INSPECT_NEAREST_COOLANT,c27bc36cc9c21f1d06da90190b3e6efdcc5142acfb00f9cc55a11950a86c310b,INSTRUCTION_CHANGED,1,"[""INSTRUCTION_CHANGED""]","[""AVOID_ROOM:ElectricalRoom""]",true,1,Inspect the nearest coolant valve without entering a restricted room.,results/indicative-twin-hierarchy-a/raw/cases.jsonl,T3-T2,T3,T2,1,1,0,cf0d11e70bfeff582356521452a948b73f99b355ba722370b88acf1913436d99,fbb0d8ac3c9dbe26e15465d36d68144f2c9401bd4fa5192738cfa3edbc7908a2
a,90,INSPECT_NEAREST_COOLANT,c27bc36cc9c21f1d06da90190b3e6efdcc5142acfb00f9cc55a11950a86c310b,INSTRUCTION_CHANGED,1,"[""INSTRUCTION_CHANGED""]","[""AVOID_ROOM:ElectricalRoom""]",true,1,Inspect the nearest coolant valve without entering a restricted room.,results/indicative-twin-hierarchy-a/raw/cases.jsonl,T4-T3,T4,T3,1,1,0,66117ee96c429fd1c3f72810d48b944e716f76781d6754240e9c09c99e232efb,cf0d11e70bfeff582356521452a948b73f99b355ba722370b88acf1913436d99
a,90,INSPECT_VALVE7_WITH_ALTERNATE,c00eb36aaa090e3e2aad1f4eb0ef519733dfb2429aa3ff9ed8e7618321fdac35,INSTRUCTION_CHANGED,1,"[""INSTRUCTION_CHANGED""]","[""AVOID_ROOM:ElectricalRoom""]",true,1,"Inspect Valve 7; if Door 3 is unavailable, use another route.",results/indicative-twin-hierarchy-a/raw/cases.jsonl,T3-T2,T3,T2,0,0,0,6cc0965ba783bfb86d75232ca888b00a00b24a4e18b3d547b082c64d5ab6cf01,e2d167a8707361e478c3e330f5e8ddd33499a92221c4716b24ebd7525601fd38
a,90,INSPECT_VALVE7_WITH_ALTERNATE,c00eb36aaa090e3e2aad1f4eb0ef519733dfb2429aa3ff9ed8e7618321fdac35,INSTRUCTION_CHANGED,1,"[""INSTRUCTION_CHANGED""]","[""AVOID_ROOM:ElectricalRoom""]",true,1,"Inspect Valve 7; if Door 3 is unavailable, use another route.",results/indicative-twin-hierarchy-a/raw/cases.jsonl,T4-T3,T4,T3,0,0,0,71d2916f3b2b1dda6920486b7eb395981b69d6234c76939192902e6b42f58db2,6cc0965ba783bfb86d75232ca888b00a00b24a4e18b3d547b082c64d5ab6cf01
a,90,REACH_PUMP2_WITH_RECHARGE,5f172fe785f84af017e43c10eca51f1ddf6661b283767d4a795c13fe64f00e63,INSTRUCTION_CHANGED,1,"[""INSTRUCTION_CHANGED""]","[""AVOID_ROOM:ElectricalRoom""]",true,1,"Reach Pump 2, but recharge first if estimated battery is insufficient.",results/indicative-twin-hierarchy-a/raw/cases.jsonl,T3-T2,T3,T2,1,0,1,a9d999e0dd9b4b4e2cdc311d2931ca9ff474477e0e84953c2f6db2d6716784a4,805e185f6c95d72974b47365d0b962388c9fb6e940f67f3681162d07cc519e96
a,90,REACH_PUMP2_WITH_RECHARGE,5f172fe785f84af017e43c10eca51f1ddf6661b283767d4a795c13fe64f00e63,INSTRUCTION_CHANGED,1,"[""INSTRUCTION_CHANGED""]","[""AVOID_ROOM:ElectricalRoom""]",true,1,"Reach Pump 2, but recharge first if estimated battery is insufficient.",results/indicative-twin-hierarchy-a/raw/cases.jsonl,T4-T3,T4,T3,1,1,0,d9ba1659fe5923668dad9fddc54182c4e9184b06e9b13e37a3cc92e5da09c85b,a9d999e0dd9b4b4e2cdc311d2931ca9ff474477e0e84953c2f6db2d6716784a4
a,90,REPLAN_ON_RESTRICTION,0a0b41edbd7994f7129a2e0293ad1878572af564758c7183b231fa3d9c776541,INSTRUCTION_CHANGED+ROOM_RESTRICTED,2,"[""INSTRUCTION_CHANGED"",""ROOM_RESTRICTED""]","[""AVOID_ROOM:ElectricalRoom"",""RESTRICTED""]",true,2,Inspect Valve 7 and replan if a room becomes restricted.,results/indicative-twin-hierarchy-a/raw/cases.jsonl,T3-T2,T3,T2,0,0,0,33d5b2c7001b250a2c3081b61693198cb0a39876fdb38b4863b69b021dbf7a3d,4d98fd99b480568d9616db81d4deae033a4f74a0c58fbb5a91bc27d464914a1b
a,90,REPLAN_ON_RESTRICTION,0a0b41edbd7994f7129a2e0293ad1878572af564758c7183b231fa3d9c776541,INSTRUCTION_CHANGED+ROOM_RESTRICTED,2,"[""INSTRUCTION_CHANGED"",""ROOM_RESTRICTED""]","[""AVOID_ROOM:ElectricalRoom"",""RESTRICTED""]",true,2,Inspect Valve 7 and replan if a room becomes restricted.,results/indicative-twin-hierarchy-a/raw/cases.jsonl,T4-T3,T4,T3,0,0,0,a3be74f13087658e16b2eacbf3340eb8c6d53137999463cd742912732d7d4757,33d5b2c7001b250a2c3081b61693198cb0a39876fdb38b4863b69b021dbf7a3d
a,90,STORE_CARRIED_TOOL,2b9c0da0a57c010ee1e59e53dd4ddc3d9f7d8e1b4add6bc4c2539f3daca428d3,INSTRUCTION_CHANGED,1,"[""INSTRUCTION_CHANGED""]","[""AVOID_ROOM:ElectricalRoom""]",true,1,Find a safe location for the carried tool.,results/indicative-twin-hierarchy-a/raw/cases.jsonl,T3-T2,T3,T2,0,0,0,99e474fd017aa40e0dec2a0fa4860deccd477861833cc5f8942aca92ac08e4ce,985ac13be1ab982bc54bf7edc7fec56aa3dc0a098c061726a57d1cb47f52ae4c
a,90,STORE_CARRIED_TOOL,2b9c0da0a57c010ee1e59e53dd4ddc3d9f7d8e1b4add6bc4c2539f3daca428d3,INSTRUCTION_CHANGED,1,"[""INSTRUCTION_CHANGED""]","[""AVOID_ROOM:ElectricalRoom""]",true,1,Find a safe location for the carried tool.,results/indicative-twin-hierarchy-a/raw/cases.jsonl,T4-T3,T4,T3,0,0,0,46225ee5bc1ac24d28317731115ab451ec2cc17aa672309b5d40d96eeef69cd7,99e474fd017aa40e0dec2a0fa4860deccd477861833cc5f8942aca92ac08e4ce
a,91,INSPECT_NEAREST_COOLANT,01654afc06a540d0782b5aaded88b71ffe7a5f7107af3dd4a669f120d59e95ac,ROUTE_BLOCKED,1,"[""ROUTE_BLOCKED""]","[""UNAVAILABLE""]",true,1,Safely inspect the nearest coolant valve without entering a restricted room.,results/indicative-twin-hierarchy-a/raw/cases.jsonl,T3-T2,T3,T2,1,0,1,243b81630556395949d3667e12cd720de5626ecf6cf02a2fa06f0e38c049fbf2,6f283ebe07559fe1f8ef825833abcf4f45d11c29978d40ec8ff4e8559c56ed52
a,91,INSPECT_NEAREST_COOLANT,01654afc06a540d0782b5aaded88b71ffe7a5f7107af3dd4a669f120d59e95ac,ROUTE_BLOCKED,1,"[""ROUTE_BLOCKED""]","[""UNAVAILABLE""]",true,1,Safely inspect the nearest coolant valve without entering a restricted room.,results/indicative-twin-hierarchy-a/raw/cases.jsonl,T4-T3,T4,T3,1,1,0,5780e991ca49852baf763af8d289af57e80a3bd8c1139cc528d60745f913e3fb,243b81630556395949d3667e12cd720de5626ecf6cf02a2fa06f0e38c049fbf2
a,91,INSPECT_VALVE7_WITH_ALTERNATE,d28d2381cb986504b50d8f9b007bf8ff2c2f91fecfd72af1be7701fbfb1fe072,NONE,0,[],[],true,1,"Safely inspect Valve 7; if Door 3 is unavailable, use another route.",results/indicative-twin-hierarchy-a/raw/cases.jsonl,T3-T2,T3,T2,1,1,0,5670fd0bf16c2817970dd67850c97dbb6e0bfed0be5546e1803262aad91b7948,7d551a59905725170d3818f3a766266c1d654f8ab6729c8e79deb97813207aac
a,91,INSPECT_VALVE7_WITH_ALTERNATE,d28d2381cb986504b50d8f9b007bf8ff2c2f91fecfd72af1be7701fbfb1fe072,NONE,0,[],[],true,1,"Safely inspect Valve 7; if Door 3 is unavailable, use another route.",results/indicative-twin-hierarchy-a/raw/cases.jsonl,T4-T3,T4,T3,1,1,0,05bd2de36f1b0adc7f64e1f547f389b6a087b6cf00a4ed9de56f983915d08801,5670fd0bf16c2817970dd67850c97dbb6e0bfed0be5546e1803262aad91b7948
a,91,REACH_PUMP2_WITH_RECHARGE,df1047702bb93891a01bc297b11711a75d6463119930bd26054e2ec51d444f96,ROUTE_BLOCKED,1,"[""ROUTE_BLOCKED""]","[""UNAVAILABLE""]",true,1,"Reach Pump 2, but recharge first if estimated battery is insufficient.",results/indicative-twin-hierarchy-a/raw/cases.jsonl,T3-T2,T3,T2,1,1,0,947da3c2781a70f3699e51a208a50c73349732a234c08e9f24b783b7aad3a7dc,3c9b0d3435faf7dff4ab3b81727a4620933556130a2b413f1de18d4834c7896c
a,91,REACH_PUMP2_WITH_RECHARGE,df1047702bb93891a01bc297b11711a75d6463119930bd26054e2ec51d444f96,ROUTE_BLOCKED,1,"[""ROUTE_BLOCKED""]","[""UNAVAILABLE""]",true,1,"Reach Pump 2, but recharge first if estimated battery is insufficient.",results/indicative-twin-hierarchy-a/raw/cases.jsonl,T4-T3,T4,T3,1,1,0,675200141db27784d2585c22a8508fa8f172a2a3ad73ea7fb9ed7511ed702d34,947da3c2781a70f3699e51a208a50c73349732a234c08e9f24b783b7aad3a7dc
a,91,REPLAN_ON_RESTRICTION,b0b972e21060134ab280209a8b36768ed0215f5e528282cbf1c993cbcf71286e,ROOM_RESTRICTED,1,"[""ROOM_RESTRICTED""]","[""RESTRICTED""]",true,1,Safely inspect Valve 7 and replan if a room becomes restricted.,results/indicative-twin-hierarchy-a/raw/cases.jsonl,T3-T2,T3,T2,1,0,1,6cd8e9e89a8ff78cc57378af0e35d9bec8e8c0843e92a487539603b98d52dcc5,6f505578f7c74bc7231c31756e64feb0cc171c7381f6fc5060fadbf8b653cd7a
a,91,REPLAN_ON_RESTRICTION,b0b972e21060134ab280209a8b36768ed0215f5e528282cbf1c993cbcf71286e,ROOM_RESTRICTED,1,"[""ROOM_RESTRICTED""]","[""RESTRICTED""]",true,1,Safely inspect Valve 7 and replan if a room becomes restricted.,results/indicative-twin-hierarchy-a/raw/cases.jsonl,T4-T3,T4,T3,1,1,0,7020a19686519992d3d930c9c664a3c0db08c54bbe83eff0a043f8f1f83e14cf,6cd8e9e89a8ff78cc57378af0e35d9bec8e8c0843e92a487539603b98d52dcc5
a,91,STORE_CARRIED_TOOL,cd82a1c56097d9f514c546fc03820aa34efc24ccc6fe5e71011cd39554fd007b,NONE,0,[],[],false,0,Find a safe location for the carried tool.,results/indicative-twin-hierarchy-a/raw/cases.jsonl,T3-T2,T3,T2,1,1,0,a4e2c51d334fc24464bcd99b8e62e786519a6af16475e9c9c8ed4c9c5b027c73,4aff27b8f474a09e5568518af9afd76e268204062dcf90759c12bc74b31c792c
a,91,STORE_CARRIED_TOOL,cd82a1c56097d9f514c546fc03820aa34efc24ccc6fe5e71011cd39554fd007b,NONE,0,[],[],false,0,Find a safe location for the carried tool.,results/indicative-twin-hierarchy-a/raw/cases.jsonl,T4-T3,T4,T3,1,1,0,a857b4cfc7d48710c7932c3c0ae76500b932bc843d2618407a457f6abc713448,a4e2c51d334fc24464bcd99b8e62e786519a6af16475e9c9c8ed4c9c5b027c73
a,92,INSPECT_NEAREST_COOLANT,f2c0e0c3a6c7fa8526dd62ace6579f4d95210663d118f12c042378064c64be7d,NONE,0,[],[],true,1,Inspect the nearest coolant valve without entering a restricted room.,results/indicative-twin-hierarchy-a/raw/cases.jsonl,T3-T2,T3,T2,0,0,0,84d2b9afd201bc2eaadba92c88c1fb974f4c512f8e57ae1410a819be5ff2bd8f,103b46ec47cc0cf7953c46bc3241c67f42092db9a35f3f74e515b70628fb4b5e
a,92,INSPECT_NEAREST_COOLANT,f2c0e0c3a6c7fa8526dd62ace6579f4d95210663d118f12c042378064c64be7d,NONE,0,[],[],true,1,Inspect the nearest coolant valve without entering a restricted room.,results/indicative-twin-hierarchy-a/raw/cases.jsonl,T4-T3,T4,T3,0,0,0,5cbf7ab9b8e39443ad221c3721fa8875a133040043f1b52b68934af353a7caa8,84d2b9afd201bc2eaadba92c88c1fb974f4c512f8e57ae1410a819be5ff2bd8f
a,92,INSPECT_VALVE7_WITH_ALTERNATE,27bea4b78dffabaa62fae606fc7eb1c36c7a5705fe6c46c756158ce9bb209d20,NONE,0,[],[],false,0,"Inspect Valve 7; if Door 3 is unavailable, use another route.",results/indicative-twin-hierarchy-a/raw/cases.jsonl,T3-T2,T3,T2,1,0,1,2c10600720bc45c0c35486fff161c2876056722bf85059e6ee3f22e0ef8a7475,20e0ebb02f35d431b6c265f914503a3ae15bc8e0bf777cb01657d48f9c09e75e
a,92,INSPECT_VALVE7_WITH_ALTERNATE,27bea4b78dffabaa62fae606fc7eb1c36c7a5705fe6c46c756158ce9bb209d20,NONE,0,[],[],false,0,"Inspect Valve 7; if Door 3 is unavailable, use another route.",results/indicative-twin-hierarchy-a/raw/cases.jsonl,T4-T3,T4,T3,1,1,0,cd58aa1cdcbeeef85058676e07d7e048c557191ccdadbc0bf525ac99a255fae0,2c10600720bc45c0c35486fff161c2876056722bf85059e6ee3f22e0ef8a7475
a,92,REACH_PUMP2_WITH_RECHARGE,cf5bb688726523260268e85030055bf4d55506c907a377594aeb54f90888a2cb,NONE,0,[],[],true,1,"Reach Pump 2, but recharge first if estimated battery is insufficient.",results/indicative-twin-hierarchy-a/raw/cases.jsonl,T3-T2,T3,T2,1,0,1,16a49530a48812e39e307c71b89a2db0e48ef2ea32134e6deab405b3fd098d25,bb9a69f60b6365c62ebeba954d3b7c7caab4193d25f0db6ddf6471d4ba872176
a,92,REACH_PUMP2_WITH_RECHARGE,cf5bb688726523260268e85030055bf4d55506c907a377594aeb54f90888a2cb,NONE,0,[],[],true,1,"Reach Pump 2, but recharge first if estimated battery is insufficient.",results/indicative-twin-hierarchy-a/raw/cases.jsonl,T4-T3,T4,T3,1,1,0,f8de0146351fb5822b7c582df98d967c8a4a6cab468fe1131d6415fe05e09aa7,16a49530a48812e39e307c71b89a2db0e48ef2ea32134e6deab405b3fd098d25
a,92,REPLAN_ON_RESTRICTION,88ba214b6b53f74c91c2da7126f0f8e7fc8c0fc4a75a7673ec7b0eff519bb4f2,ROOM_RESTRICTED,1,"[""ROOM_RESTRICTED""]","[""RESTRICTED""]",false,0,Inspect Valve 7 and replan if a room becomes restricted.,results/indicative-twin-hierarchy-a/raw/cases.jsonl,T3-T2,T3,T2,1,0,1,1d6ba096b88925d0dcac884d34ec77115041909cf06b5e68de2a4ec5ef5ca19b,7c5ecbc703b08988bea2230b21249672a9f200cc7285cd90b9609bbc452c9f0f
a,92,REPLAN_ON_RESTRICTION,88ba214b6b53f74c91c2da7126f0f8e7fc8c0fc4a75a7673ec7b0eff519bb4f2,ROOM_RESTRICTED,1,"[""ROOM_RESTRICTED""]","[""RESTRICTED""]",false,0,Inspect Valve 7 and replan if a room becomes restricted.,results/indicative-twin-hierarchy-a/raw/cases.jsonl,T4-T3,T4,T3,1,1,0,e85da7e7eb350619f2553827b9e35264a49fffee205cfae4d9b0f5fadd712948,1d6ba096b88925d0dcac884d34ec77115041909cf06b5e68de2a4ec5ef5ca19b
a,92,STORE_CARRIED_TOOL,ef9dfd44e1e3f89a2ab380d5014625f970bf6634b641ccfe4628cacc74a8aa5f,NONE,0,[],[],true,1,Find a safe location for the carried tool.,results/indicative-twin-hierarchy-a/raw/cases.jsonl,T3-T2,T3,T2,0,0,0,44acda5307b28c1ce9025be6951b029b448a5b479336f284edc87b8c7b7f1697,d88d197d2a6dfb47aa0ecbc665aaa1492a61773b1f2107ad904443af3f2b5856
a,92,STORE_CARRIED_TOOL,ef9dfd44e1e3f89a2ab380d5014625f970bf6634b641ccfe4628cacc74a8aa5f,NONE,0,[],[],true,1,Find a safe location for the carried tool.,results/indicative-twin-hierarchy-a/raw/cases.jsonl,T4-T3,T4,T3,0,0,0,74ee82d9926f3d6c087b24023dfbac73c43024ad0cbdc01467301db4eea1177f,44acda5307b28c1ce9025be6951b029b448a5b479336f284edc87b8c7b7f1697
a,93,INSPECT_NEAREST_COOLANT,482d84df77c44907473a305d7a48bb7b0e062745a37113c8140275b7e089c2db,ROUTE_BLOCKED,1,"[""ROUTE_BLOCKED""]","[""UNAVAILABLE""]",true,1,Safely inspect the nearest coolant valve without entering a restricted room.,results/indicative-twin-hierarchy-a/raw/cases.jsonl,T3-T2,T3,T2,1,1,0,00aa0ef5a822694ae5dfcf6c3c307d852ccb8fdd8b68007661e4b429a02201f2,71c12c302f1a9532bd6e8ac019280cc48187808f73f112dc0c091d8dc20bc34b
a,93,INSPECT_NEAREST_COOLANT,482d84df77c44907473a305d7a48bb7b0e062745a37113c8140275b7e089c2db,ROUTE_BLOCKED,1,"[""ROUTE_BLOCKED""]","[""UNAVAILABLE""]",true,1,Safely inspect the nearest coolant valve without entering a restricted room.,results/indicative-twin-hierarchy-a/raw/cases.jsonl,T4-T3,T4,T3,1,1,0,50101792b6e8368d3e68611041c347800d320fb0c3122129c6b2834980803c9c,00aa0ef5a822694ae5dfcf6c3c307d852ccb8fdd8b68007661e4b429a02201f2
a,93,INSPECT_VALVE7_WITH_ALTERNATE,4f3d5b3b98ac269705074e9c9234d332405870f73b54a01df82644f1938a940f,ROUTE_BLOCKED,1,"[""ROUTE_BLOCKED""]","[""UNAVAILABLE""]",true,1,"Safely inspect Valve 7; if Door 3 is unavailable, use another route.",results/indicative-twin-hierarchy-a/raw/cases.jsonl,T3-T2,T3,T2,0,0,0,aae4e654dd5c65400f1e990462b1a96e001362b95de10bababbec3657c93fc57,3a021851f47b960aa6e8b579e8aadac6fffc8519f3758e6a10b118fc13f7e47a
a,93,INSPECT_VALVE7_WITH_ALTERNATE,4f3d5b3b98ac269705074e9c9234d332405870f73b54a01df82644f1938a940f,ROUTE_BLOCKED,1,"[""ROUTE_BLOCKED""]","[""UNAVAILABLE""]",true,1,"Safely inspect Valve 7; if Door 3 is unavailable, use another route.",results/indicative-twin-hierarchy-a/raw/cases.jsonl,T4-T3,T4,T3,1,0,1,ae7bfb95f8016836dad4b60fd3afe6226635043a5138aba192055ab72424ae29,aae4e654dd5c65400f1e990462b1a96e001362b95de10bababbec3657c93fc57
a,93,REACH_PUMP2_WITH_RECHARGE,8da881ae73afd46e74702beea1e84e012f2c99d262a8a567f0cab8005c7b30c6,NONE,0,[],[],true,1,"Reach Pump 2, but recharge first if estimated battery is insufficient.",results/indicative-twin-hierarchy-a/raw/cases.jsonl,T3-T2,T3,T2,1,0,1,82f01146738dadce6feae477ec9f50bcbb7f6e395ecfed481566f24fbe4e64fb,dd7873d85da8ce218be21bfad437d109992e10450e5942bae1ab6a74cc41b105
a,93,REACH_PUMP2_WITH_RECHARGE,8da881ae73afd46e74702beea1e84e012f2c99d262a8a567f0cab8005c7b30c6,NONE,0,[],[],true,1,"Reach Pump 2, but recharge first if estimated battery is insufficient.",results/indicative-twin-hierarchy-a/raw/cases.jsonl,T4-T3,T4,T3,1,1,0,6416ceeafd7995b25f86e5dffea7fd077ffe6a3d94bac7ff6cb3b071ca849338,82f01146738dadce6feae477ec9f50bcbb7f6e395ecfed481566f24fbe4e64fb
a,93,REPLAN_ON_RESTRICTION,d69c59c433a4b5978f8c93aecd71e51925566de07d6b808221bf6bd16b301c85,ROOM_RESTRICTED,1,"[""ROOM_RESTRICTED""]","[""RESTRICTED""]",true,1,Safely inspect Valve 7 and replan if a room becomes restricted.,results/indicative-twin-hierarchy-a/raw/cases.jsonl,T3-T2,T3,T2,1,0,1,52f7aa6e9f5346bf89c5e9080b585f392e5fe9ba6faafa0dd560886a093284cd,a2a506fb239fac4164393ab02d9c943ccc2c0abfbf371b7c420090e9ca8bbb7e
a,93,REPLAN_ON_RESTRICTION,d69c59c433a4b5978f8c93aecd71e51925566de07d6b808221bf6bd16b301c85,ROOM_RESTRICTED,1,"[""ROOM_RESTRICTED""]","[""RESTRICTED""]",true,1,Safely inspect Valve 7 and replan if a room becomes restricted.,results/indicative-twin-hierarchy-a/raw/cases.jsonl,T4-T3,T4,T3,1,1,0,3466021f0094194478496b078efc3b1aa52a1f1bbd7ff6d8b2f106b759824f33,52f7aa6e9f5346bf89c5e9080b585f392e5fe9ba6faafa0dd560886a093284cd
a,93,STORE_CARRIED_TOOL,a38ea3fbf7f6a1e312840c48583086ec6eb48794324001ef9373d994a6257fe3,NONE,0,[],[],false,0,Find a safe location for the carried tool.,results/indicative-twin-hierarchy-a/raw/cases.jsonl,T3-T2,T3,T2,1,1,0,c3a2e369a43b36c2f86ae12495cd503b5fdbc838724950a5a55bee78b6460d4f,f8552287eb1667571fdc5aabdb653e39153ae4b90d8197708a0f4ed849bce76c
a,93,STORE_CARRIED_TOOL,a38ea3fbf7f6a1e312840c48583086ec6eb48794324001ef9373d994a6257fe3,NONE,0,[],[],false,0,Find a safe location for the carried tool.,results/indicative-twin-hierarchy-a/raw/cases.jsonl,T4-T3,T4,T3,1,1,0,5e740e5bf468ab2265a2a2907d2b4b78fb709a30a8e9265a76c496e7fad78aef,c3a2e369a43b36c2f86ae12495cd503b5fdbc838724950a5a55bee78b6460d4f
a,94,INSPECT_NEAREST_COOLANT,5ade033aeb138cb59102283556f7e215acf450859957a1faae8a0cc83d8a14cd,ROUTE_BLOCKED,1,"[""ROUTE_BLOCKED""]","[""UNAVAILABLE""]",true,1,Inspect the nearest coolant valve without entering a restricted room.,results/indicative-twin-hierarchy-a/raw/cases.jsonl,T3-T2,T3,T2,0,0,0,023962b6a948ee6d84a37c27b5bd9dcc880348baf02781299ef960274448bbd5,f7dad4977b46f734a87213d509396f72ce4c03b9158573261413c9a99d3e842c
a,94,INSPECT_NEAREST_COOLANT,5ade033aeb138cb59102283556f7e215acf450859957a1faae8a0cc83d8a14cd,ROUTE_BLOCKED,1,"[""ROUTE_BLOCKED""]","[""UNAVAILABLE""]",true,1,Inspect the nearest coolant valve without entering a restricted room.,results/indicative-twin-hierarchy-a/raw/cases.jsonl,T4-T3,T4,T3,0,0,0,8e3fe333438089f81fa7b48cc21e59c925cbd731bbbf5f642b970a6655132bf6,023962b6a948ee6d84a37c27b5bd9dcc880348baf02781299ef960274448bbd5
a,94,INSPECT_VALVE7_WITH_ALTERNATE,1c8620c1d85d23d3bd24ca4a830497a9e2d80463a6ad04b55efeee218deecb43,ROUTE_BLOCKED,1,"[""ROUTE_BLOCKED""]","[""UNAVAILABLE""]",true,1,"Inspect Valve 7; if Door 3 is unavailable, use another route.",results/indicative-twin-hierarchy-a/raw/cases.jsonl,T3-T2,T3,T2,1,0,1,33d10403d152594bdc1a3f394838066c413a948365194963c84aff3a236e1a6e,98499b71209e9ba355091a09e8454681d03764f682d77be7f06a18957efe0ac4
a,94,INSPECT_VALVE7_WITH_ALTERNATE,1c8620c1d85d23d3bd24ca4a830497a9e2d80463a6ad04b55efeee218deecb43,ROUTE_BLOCKED,1,"[""ROUTE_BLOCKED""]","[""UNAVAILABLE""]",true,1,"Inspect Valve 7; if Door 3 is unavailable, use another route.",results/indicative-twin-hierarchy-a/raw/cases.jsonl,T4-T3,T4,T3,1,1,0,94b2d6e7f5232b2ac89ee4a88c8afae52fd347c2752f78f34c15314d85fe24c4,33d10403d152594bdc1a3f394838066c413a948365194963c84aff3a236e1a6e
a,94,REACH_PUMP2_WITH_RECHARGE,95f24be32d12c4f211f4984ad4b74ab2700a1074af2f9b352841a4235978a929,NONE,0,[],[],true,1,"Reach Pump 2, but recharge first if estimated battery is insufficient.",results/indicative-twin-hierarchy-a/raw/cases.jsonl,T3-T2,T3,T2,1,1,0,18e4ed12fde5afbeef8a2880067b21b109b0af072922ccf90bc45279a2a2f128,5e2b2cb837a33c63836455022e8865bf50bee9033da75eb1c7a77508485d3616
a,94,REACH_PUMP2_WITH_RECHARGE,95f24be32d12c4f211f4984ad4b74ab2700a1074af2f9b352841a4235978a929,NONE,0,[],[],true,1,"Reach Pump 2, but recharge first if estimated battery is insufficient.",results/indicative-twin-hierarchy-a/raw/cases.jsonl,T4-T3,T4,T3,1,1,0,bbac3610bd84ed8e7146cbb59d78b13c10e1ba2ddf04b668a7493680922743e7,18e4ed12fde5afbeef8a2880067b21b109b0af072922ccf90bc45279a2a2f128
a,94,REPLAN_ON_RESTRICTION,c4ab949cad56663e151469fcc85db0d287f54a0a8b0bd73cf7e4dca243552cad,ROOM_RESTRICTED,1,"[""ROOM_RESTRICTED""]","[""RESTRICTED""]",false,0,Inspect Valve 7 and replan if a room becomes restricted.,results/indicative-twin-hierarchy-a/raw/cases.jsonl,T3-T2,T3,T2,1,0,1,4a5cff0dde248a420c9812b1accfc4d000068cd2adb0a2d38b256548ddc9d082,3d7b292ef79df2df1dd90e75e5812063c5621af42d722c6375a5d733584adbc8
a,94,REPLAN_ON_RESTRICTION,c4ab949cad56663e151469fcc85db0d287f54a0a8b0bd73cf7e4dca243552cad,ROOM_RESTRICTED,1,"[""ROOM_RESTRICTED""]","[""RESTRICTED""]",false,0,Inspect Valve 7 and replan if a room becomes restricted.,results/indicative-twin-hierarchy-a/raw/cases.jsonl,T4-T3,T4,T3,1,1,0,6374be7f0d8d3d0d692f3c650266460eb50e6597f3cafe991767ef449324484c,4a5cff0dde248a420c9812b1accfc4d000068cd2adb0a2d38b256548ddc9d082
a,94,STORE_CARRIED_TOOL,95399dc3a612a26c8d61b8bd2b10b61277bf55e28014db1a89fac18fa80b00ac,NONE,0,[],[],false,0,Find a safe location for the carried tool.,results/indicative-twin-hierarchy-a/raw/cases.jsonl,T3-T2,T3,T2,1,1,0,cf5a018b4d4f21bc669c68a6d883dc538bf78e02f47a920e92ab79ec7a570a84,6a11daf2b51df51bab43d4467d07aeea65835116abd75e42e59d28086b4e2559
a,94,STORE_CARRIED_TOOL,95399dc3a612a26c8d61b8bd2b10b61277bf55e28014db1a89fac18fa80b00ac,NONE,0,[],[],false,0,Find a safe location for the carried tool.,results/indicative-twin-hierarchy-a/raw/cases.jsonl,T4-T3,T4,T3,1,1,0,e642f1b26ac21c786d2c23e39953be6b5145cde78ae891c8e84fb92b6cf3aa91,cf5a018b4d4f21bc669c68a6d883dc538bf78e02f47a920e92ab79ec7a570a84
a,95,INSPECT_NEAREST_COOLANT,4e7b8fa7c9a711e971303a6b87f87b139d519eb6fbb1185603226a8e6f548ea3,INSTRUCTION_CHANGED+ROUTE_BLOCKED,2,"[""ROUTE_BLOCKED"",""INSTRUCTION_CHANGED""]","[""UNAVAILABLE"",""AVOID_ROOM:ElectricalRoom""]",false,0,Safely inspect the nearest coolant valve without entering a restricted room.,results/indicative-twin-hierarchy-a/raw/cases.jsonl,T3-T2,T3,T2,0,0,0,1d004d5968f52263c7051547b377b81bda9f0b512dfaf8b1651f6d6de1e6e91d,d84690f7eee08b69b895a205aacc0041879cef085f651ce75984280538046f49
a,95,INSPECT_NEAREST_COOLANT,4e7b8fa7c9a711e971303a6b87f87b139d519eb6fbb1185603226a8e6f548ea3,INSTRUCTION_CHANGED+ROUTE_BLOCKED,2,"[""ROUTE_BLOCKED"",""INSTRUCTION_CHANGED""]","[""UNAVAILABLE"",""AVOID_ROOM:ElectricalRoom""]",false,0,Safely inspect the nearest coolant valve without entering a restricted room.,results/indicative-twin-hierarchy-a/raw/cases.jsonl,T4-T3,T4,T3,0,0,0,278a3374e67ea1002d6564b61d21b635bc79bc7125578697eee72f9c42056396,1d004d5968f52263c7051547b377b81bda9f0b512dfaf8b1651f6d6de1e6e91d
a,95,INSPECT_VALVE7_WITH_ALTERNATE,acef1fa31926dbd62be3838c758d0d72192c53ae3964ff193ddf2d1a9effdea1,INSTRUCTION_CHANGED,1,"[""INSTRUCTION_CHANGED""]","[""AVOID_ROOM:ElectricalRoom""]",false,0,"Safely inspect Valve 7; if Door 3 is unavailable, use another route.",results/indicative-twin-hierarchy-a/raw/cases.jsonl,T3-T2,T3,T2,1,1,0,702b756deb68847271060e2de7e668ff609efe20d76ef6c51ae3654d81f2130d,00e1aa4eedc9a96ab4bf4526ec060b461bf69a942f125d225551df55aeb186cb
a,95,INSPECT_VALVE7_WITH_ALTERNATE,acef1fa31926dbd62be3838c758d0d72192c53ae3964ff193ddf2d1a9effdea1,INSTRUCTION_CHANGED,1,"[""INSTRUCTION_CHANGED""]","[""AVOID_ROOM:ElectricalRoom""]",false,0,"Safely inspect Valve 7; if Door 3 is unavailable, use another route.",results/indicative-twin-hierarchy-a/raw/cases.jsonl,T4-T3,T4,T3,1,1,0,9915e5e09d42eb23d83092ad9456706467aefe090bb9da82244b50ed7408b066,702b756deb68847271060e2de7e668ff609efe20d76ef6c51ae3654d81f2130d
a,95,REACH_PUMP2_WITH_RECHARGE,f0b7c5eca3fd0140de838d1b54d570b5bf5f49f53c8d6162162c7028fd904bfc,INSTRUCTION_CHANGED,1,"[""INSTRUCTION_CHANGED""]","[""AVOID_ROOM:ElectricalRoom""]",true,1,"Reach Pump 2, but recharge first if estimated battery is insufficient.",results/indicative-twin-hierarchy-a/raw/cases.jsonl,T3-T2,T3,T2,1,1,0,a841cada5debb815e763a3778c25c2f8eae2e3ef0b11b71c499d2edc3194f981,71fe10725b487e47ff604c89a4177fa33b72a277f28c2ffcd928c55e2f752dcc
a,95,REACH_PUMP2_WITH_RECHARGE,f0b7c5eca3fd0140de838d1b54d570b5bf5f49f53c8d6162162c7028fd904bfc,INSTRUCTION_CHANGED,1,"[""INSTRUCTION_CHANGED""]","[""AVOID_ROOM:ElectricalRoom""]",true,1,"Reach Pump 2, but recharge first if estimated battery is insufficient.",results/indicative-twin-hierarchy-a/raw/cases.jsonl,T4-T3,T4,T3,1,1,0,5e26ec7706e338c1c0b9084b1bb65393bc62e831904d4d73452e03a8ec753464,a841cada5debb815e763a3778c25c2f8eae2e3ef0b11b71c499d2edc3194f981
a,95,REPLAN_ON_RESTRICTION,c36f47f753320b087bb8e739666cbb582faa1358e931f17fb2622dc4c01b67f7,INSTRUCTION_CHANGED+ROOM_RESTRICTED,2,"[""INSTRUCTION_CHANGED"",""ROOM_RESTRICTED""]","[""AVOID_ROOM:ElectricalRoom"",""RESTRICTED""]",false,0,Safely inspect Valve 7 and replan if a room becomes restricted.,results/indicative-twin-hierarchy-a/raw/cases.jsonl,T3-T2,T3,T2,0,0,0,b735d28de82147fe1af8e4714b7b0df441688c9904f9a01bbd30c3982a25e9ad,1ddd3f8fc8fa2322cd71c30327cc36b2e5ce56e730d2f2fe39965a01fa32f77b
a,95,REPLAN_ON_RESTRICTION,c36f47f753320b087bb8e739666cbb582faa1358e931f17fb2622dc4c01b67f7,INSTRUCTION_CHANGED+ROOM_RESTRICTED,2,"[""INSTRUCTION_CHANGED"",""ROOM_RESTRICTED""]","[""AVOID_ROOM:ElectricalRoom"",""RESTRICTED""]",false,0,Safely inspect Valve 7 and replan if a room becomes restricted.,results/indicative-twin-hierarchy-a/raw/cases.jsonl,T4-T3,T4,T3,0,0,0,0bde7d576f13915bc2443b5726a79cd93d33aec5c254463279aa1c8aee9fc24f,b735d28de82147fe1af8e4714b7b0df441688c9904f9a01bbd30c3982a25e9ad
a,95,STORE_CARRIED_TOOL,513080e093cccc0f1670a3ecb6acce9de57f491e6623c095e28dd691d3ae2a45,INSTRUCTION_CHANGED,1,"[""INSTRUCTION_CHANGED""]","[""AVOID_ROOM:ElectricalRoom""]",false,0,Find a safe location for the carried tool.,results/indicative-twin-hierarchy-a/raw/cases.jsonl,T3-T2,T3,T2,1,1,0,8c18d442df1e47f3a2775647d5cbd2e2d4d3ac8f4912fb45b2a71feb325c58ec,34927c4c67dd69413ab6f9d938b6aa1ad39d72b3d2c2239f34fb2dad9bf3a360
a,95,STORE_CARRIED_TOOL,513080e093cccc0f1670a3ecb6acce9de57f491e6623c095e28dd691d3ae2a45,INSTRUCTION_CHANGED,1,"[""INSTRUCTION_CHANGED""]","[""AVOID_ROOM:ElectricalRoom""]",false,0,Find a safe location for the carried tool.,results/indicative-twin-hierarchy-a/raw/cases.jsonl,T4-T3,T4,T3,1,1,0,5c20e3647ea11ee191fb333c0c071c50498b4d839fdebc8697d01711152f49b2,8c18d442df1e47f3a2775647d5cbd2e2d4d3ac8f4912fb45b2a71feb325c58ec
a,96,INSPECT_NEAREST_COOLANT,b514d77610649c105d6fbdb29815407beeef26cc714b12679f389edbc40497c0,ROUTE_BLOCKED,1,"[""ROUTE_BLOCKED""]","[""UNAVAILABLE""]",true,1,Inspect the nearest coolant valve without entering a restricted room.,results/indicative-twin-hierarchy-a/raw/cases.jsonl,T3-T2,T3,T2,1,0,1,481850db87341560eab5fdf366a496174d70c5937de1be808bd25af430d277ed,cc342be5c990c4057d83b189e997c052eea4f5eac12c20245b516fae82298932
a,96,INSPECT_NEAREST_COOLANT,b514d77610649c105d6fbdb29815407beeef26cc714b12679f389edbc40497c0,ROUTE_BLOCKED,1,"[""ROUTE_BLOCKED""]","[""UNAVAILABLE""]",true,1,Inspect the nearest coolant valve without entering a restricted room.,results/indicative-twin-hierarchy-a/raw/cases.jsonl,T4-T3,T4,T3,1,1,0,5d277151037d191a004083644b46bf1a11044c0124837c5be2e13f0a1ab4eadd,481850db87341560eab5fdf366a496174d70c5937de1be808bd25af430d277ed
a,96,INSPECT_VALVE7_WITH_ALTERNATE,febf2bea33bab78abc3804b07341cf353681148b65b0adb2d84ec66539f6c660,ROUTE_BLOCKED,1,"[""ROUTE_BLOCKED""]","[""UNAVAILABLE""]",true,1,"Inspect Valve 7; if Door 3 is unavailable, use another route.",results/indicative-twin-hierarchy-a/raw/cases.jsonl,T3-T2,T3,T2,1,1,0,a42e26cbc74aceb92e9bdcd44b68ea828afa3e55e8392d79785895746799c07b,81b74fc7d72fbe0a9f61121756764946683b9e35f6b7e31db55c3204aeca9cac
a,96,INSPECT_VALVE7_WITH_ALTERNATE,febf2bea33bab78abc3804b07341cf353681148b65b0adb2d84ec66539f6c660,ROUTE_BLOCKED,1,"[""ROUTE_BLOCKED""]","[""UNAVAILABLE""]",true,1,"Inspect Valve 7; if Door 3 is unavailable, use another route.",results/indicative-twin-hierarchy-a/raw/cases.jsonl,T4-T3,T4,T3,1,1,0,7cbc05eb3ff3ccbf90152cc6359a7d1fdaa5b1ea054a8fdb5f4fe6d54159ebbd,a42e26cbc74aceb92e9bdcd44b68ea828afa3e55e8392d79785895746799c07b
a,96,REACH_PUMP2_WITH_RECHARGE,412471aa2f4f76f1d9c7c4a6d940f3662c6b9e266d84672c3d905b1d1cad2867,ROUTE_BLOCKED,1,"[""ROUTE_BLOCKED""]","[""UNAVAILABLE""]",true,1,"Reach Pump 2, but recharge first if estimated battery is insufficient.",results/indicative-twin-hierarchy-a/raw/cases.jsonl,T3-T2,T3,T2,1,0,1,e05e0e8b3dfdf0ae3e6745cbdee25478ef2c03d0bb3fc020fc15a2651758b69f,fdd6dcb8271da9c19f423b6703b65eae37d70dffaba13797132300dc81417897
a,96,REACH_PUMP2_WITH_RECHARGE,412471aa2f4f76f1d9c7c4a6d940f3662c6b9e266d84672c3d905b1d1cad2867,ROUTE_BLOCKED,1,"[""ROUTE_BLOCKED""]","[""UNAVAILABLE""]",true,1,"Reach Pump 2, but recharge first if estimated battery is insufficient.",results/indicative-twin-hierarchy-a/raw/cases.jsonl,T4-T3,T4,T3,1,1,0,c0488fde3815081079520533b5d20af3f35d563ea8a681ab51a49fdb9c298c2d,e05e0e8b3dfdf0ae3e6745cbdee25478ef2c03d0bb3fc020fc15a2651758b69f
a,96,REPLAN_ON_RESTRICTION,bdff7417940f03d328ab5ce7cc4c12b6479742bbcb8c4cda0d9b4443bb8ab536,ROOM_RESTRICTED,1,"[""ROOM_RESTRICTED""]","[""RESTRICTED""]",true,1,Inspect Valve 7 and replan if a room becomes restricted.,results/indicative-twin-hierarchy-a/raw/cases.jsonl,T3-T2,T3,T2,1,0,1,c0cc76b1038be6b1337c72db90693069c31f0ee45197478b4258b7ecf02101ab,274bb9b5322743c8a78064171c37553d9f77accc11f5b7b55ce31f1ba8be69e2
a,96,REPLAN_ON_RESTRICTION,bdff7417940f03d328ab5ce7cc4c12b6479742bbcb8c4cda0d9b4443bb8ab536,ROOM_RESTRICTED,1,"[""ROOM_RESTRICTED""]","[""RESTRICTED""]",true,1,Inspect Valve 7 and replan if a room becomes restricted.,results/indicative-twin-hierarchy-a/raw/cases.jsonl,T4-T3,T4,T3,1,1,0,e7c5c876293ccaf53f7e49a8a6cbc4a2335992f60520edb5223896f263b874e0,c0cc76b1038be6b1337c72db90693069c31f0ee45197478b4258b7ecf02101ab
a,96,STORE_CARRIED_TOOL,44f8f7a9f70e181ac3c510528b8b0b427dff829710630c6eebe7950b55a7ba22,NONE,0,[],[],false,0,Find a safe location for the carried tool.,results/indicative-twin-hierarchy-a/raw/cases.jsonl,T3-T2,T3,T2,1,1,0,ed925712e9ab484556430e87056d2a3b6ec8fb4130e6939cb887a2b45fe88fff,b0016623444525b31c92378b952e6cd28f3e4383cfe890db5af5e238ff59762b
a,96,STORE_CARRIED_TOOL,44f8f7a9f70e181ac3c510528b8b0b427dff829710630c6eebe7950b55a7ba22,NONE,0,[],[],false,0,Find a safe location for the carried tool.,results/indicative-twin-hierarchy-a/raw/cases.jsonl,T4-T3,T4,T3,1,1,0,1b5c3d029161ab5db4e3236bc53ceec2675310c6148c5f3c2de709a5e3967b39,ed925712e9ab484556430e87056d2a3b6ec8fb4130e6939cb887a2b45fe88fff
a,97,INSPECT_NEAREST_COOLANT,0f385df2802267cfaf1c66e556b1ae8529d9a704e623181fd2af0a82cb128ed6,ROUTE_BLOCKED,1,"[""ROUTE_BLOCKED""]","[""UNAVAILABLE""]",false,0,Safely inspect the nearest coolant valve without entering a restricted room.,results/indicative-twin-hierarchy-a/raw/cases.jsonl,T3-T2,T3,T2,1,1,0,8e8d4c9028ae1e89c9629e1dc0de2999d89f46ed6cc2f3449164e3831df5188b,c3b6242141ff8f8e5b6ca2ddf8f3568556c33925c1fc9d1f586efa8ac83016ba
a,97,INSPECT_NEAREST_COOLANT,0f385df2802267cfaf1c66e556b1ae8529d9a704e623181fd2af0a82cb128ed6,ROUTE_BLOCKED,1,"[""ROUTE_BLOCKED""]","[""UNAVAILABLE""]",false,0,Safely inspect the nearest coolant valve without entering a restricted room.,results/indicative-twin-hierarchy-a/raw/cases.jsonl,T4-T3,T4,T3,1,1,0,5d621aebffe92dc5705d09fe250bd50d2e86d8a3f7a12e1c2555609b4bceee6b,8e8d4c9028ae1e89c9629e1dc0de2999d89f46ed6cc2f3449164e3831df5188b
a,97,INSPECT_VALVE7_WITH_ALTERNATE,752eca22762842c7187ad85153cb78114e33d347afa517309e46bab57e9ed9ef,NONE,0,[],[],true,1,"Safely inspect Valve 7; if Door 3 is unavailable, use another route.",results/indicative-twin-hierarchy-a/raw/cases.jsonl,T3-T2,T3,T2,1,0,1,11fcd6c1187f4d91c1afee949da8be3462fac04a94fd4d0854b585b7f42c9a57,00815746cf83bf47014db4a838deca60ee218d5086f1af07d02bb9720f37fd6f
a,97,INSPECT_VALVE7_WITH_ALTERNATE,752eca22762842c7187ad85153cb78114e33d347afa517309e46bab57e9ed9ef,NONE,0,[],[],true,1,"Safely inspect Valve 7; if Door 3 is unavailable, use another route.",results/indicative-twin-hierarchy-a/raw/cases.jsonl,T4-T3,T4,T3,1,1,0,23610861ddd1f9993dccd1de917094e45cf07461ea4d8d3bedf33bc81d9dc2c5,11fcd6c1187f4d91c1afee949da8be3462fac04a94fd4d0854b585b7f42c9a57
a,97,REACH_PUMP2_WITH_RECHARGE,cca5bbcda609e96541935a7f530a2b6a75c6d59bd36bfe8e7fa062b5f8c51eca,ROUTE_BLOCKED,1,"[""ROUTE_BLOCKED""]","[""UNAVAILABLE""]",false,0,"Reach Pump 2, but recharge first if estimated battery is insufficient.",results/indicative-twin-hierarchy-a/raw/cases.jsonl,T3-T2,T3,T2,1,1,0,d70e505d075e89a76d65c10f56d88a07bd8c1dcbae6698a828cd3d3a3dffc2e7,6efa1d639a989c15451b540e53ba4639f93b1f536d307b32a625911cb9770c9b
a,97,REACH_PUMP2_WITH_RECHARGE,cca5bbcda609e96541935a7f530a2b6a75c6d59bd36bfe8e7fa062b5f8c51eca,ROUTE_BLOCKED,1,"[""ROUTE_BLOCKED""]","[""UNAVAILABLE""]",false,0,"Reach Pump 2, but recharge first if estimated battery is insufficient.",results/indicative-twin-hierarchy-a/raw/cases.jsonl,T4-T3,T4,T3,1,1,0,353b4aceeecff73ec195ed995a4eb33141341bbb3d13f3f35e1dd55e65ca38d2,d70e505d075e89a76d65c10f56d88a07bd8c1dcbae6698a828cd3d3a3dffc2e7
a,97,REPLAN_ON_RESTRICTION,b9f5e4fd6200f55da89832fc89d02902055c272cafaffa0456ac9ea580dc52fe,ROOM_RESTRICTED,1,"[""ROOM_RESTRICTED""]","[""RESTRICTED""]",true,1,Safely inspect Valve 7 and replan if a room becomes restricted.,results/indicative-twin-hierarchy-a/raw/cases.jsonl,T3-T2,T3,T2,1,0,1,3272f44ffc424afd91601e04835bc18cd56483900414827c2252ae96a3d96271,9257afea9e1237322a7cd1b7efc6c1c8fc38b1fa559931566620f9147808f2b4
a,97,REPLAN_ON_RESTRICTION,b9f5e4fd6200f55da89832fc89d02902055c272cafaffa0456ac9ea580dc52fe,ROOM_RESTRICTED,1,"[""ROOM_RESTRICTED""]","[""RESTRICTED""]",true,1,Safely inspect Valve 7 and replan if a room becomes restricted.,results/indicative-twin-hierarchy-a/raw/cases.jsonl,T4-T3,T4,T3,1,1,0,e8debb4242ff8675e39d0273195247b0ba41ab8323807649ccb543621816d126,3272f44ffc424afd91601e04835bc18cd56483900414827c2252ae96a3d96271
a,97,STORE_CARRIED_TOOL,c4715357ee84d8f2cdcf19146d682d9c19325b5123c87ad3caf384b6c71bd91f,NONE,0,[],[],false,0,Find a safe location for the carried tool.,results/indicative-twin-hierarchy-a/raw/cases.jsonl,T3-T2,T3,T2,1,1,0,687dfd44f6424656a5fa8b81e5435c317bf7fbb621dee837c4161633ca9df0d7,5d1519fd5f41a03403937a9a4c187aa68644ea5642182ad0627fc86d4d2521ea
a,97,STORE_CARRIED_TOOL,c4715357ee84d8f2cdcf19146d682d9c19325b5123c87ad3caf384b6c71bd91f,NONE,0,[],[],false,0,Find a safe location for the carried tool.,results/indicative-twin-hierarchy-a/raw/cases.jsonl,T4-T3,T4,T3,1,1,0,49760f2eca6aed80c33c5fc07154234731320950e5c78e057670a0aabde4bb87,687dfd44f6424656a5fa8b81e5435c317bf7fbb621dee837c4161633ca9df0d7
a,98,INSPECT_NEAREST_COOLANT,e2130a680c4fd04667211bf99ead177cd6280352ee57dcb3816790e0754232e7,ROUTE_BLOCKED,1,"[""ROUTE_BLOCKED""]","[""UNAVAILABLE""]",false,0,Inspect the nearest coolant valve without entering a restricted room.,results/indicative-twin-hierarchy-a/raw/cases.jsonl,T3-T2,T3,T2,1,0,1,a99de9ce39046bfe8c30c4de79996a665bd884cd1ac8601a8874268b18ae7e3f,8f08ccd5b160cfaf10a16bd999badd01cd26f24a224e110ae3bec88434801735
a,98,INSPECT_NEAREST_COOLANT,e2130a680c4fd04667211bf99ead177cd6280352ee57dcb3816790e0754232e7,ROUTE_BLOCKED,1,"[""ROUTE_BLOCKED""]","[""UNAVAILABLE""]",false,0,Inspect the nearest coolant valve without entering a restricted room.,results/indicative-twin-hierarchy-a/raw/cases.jsonl,T4-T3,T4,T3,1,1,0,3de46ae33113de3e8ef4fcd7be487e1c56a2297db0802a549f38317f452df52f,a99de9ce39046bfe8c30c4de79996a665bd884cd1ac8601a8874268b18ae7e3f
a,98,INSPECT_VALVE7_WITH_ALTERNATE,2d462a348de7c2ce1883f0c66cfdaf9c6dbf2970adde4861e9eed0f06ac915ed,NONE,0,[],[],true,1,"Inspect Valve 7; if Door 3 is unavailable, use another route.",results/indicative-twin-hierarchy-a/raw/cases.jsonl,T3-T2,T3,T2,1,1,0,b158ccc952602104b83fe1d23465deb74817818906e9a7c60d7800b889c8dbb5,8f0554b84f5a8d285e06b4a39d0afca196157ec26353cee47b403061de5c368a
a,98,INSPECT_VALVE7_WITH_ALTERNATE,2d462a348de7c2ce1883f0c66cfdaf9c6dbf2970adde4861e9eed0f06ac915ed,NONE,0,[],[],true,1,"Inspect Valve 7; if Door 3 is unavailable, use another route.",results/indicative-twin-hierarchy-a/raw/cases.jsonl,T4-T3,T4,T3,1,1,0,0fa90955a47b68110ead2354bfb700656b5f5e60793060ef51bf1379059a59a1,b158ccc952602104b83fe1d23465deb74817818906e9a7c60d7800b889c8dbb5
a,98,REACH_PUMP2_WITH_RECHARGE,9de695eb859972b8358020784278ebc013af0293bd73e17ec693c7fef4bad630,NONE,0,[],[],true,1,"Reach Pump 2, but recharge first if estimated battery is insufficient.",results/indicative-twin-hierarchy-a/raw/cases.jsonl,T3-T2,T3,T2,1,0,1,de32e6cbf59bba0ec5ca848366001d5f518ee014a636d63db0ee354d2040b8fd,b357cf0b911f09b2f035da26027e42e5f8befc1eda583a992b823413b519280b
a,98,REACH_PUMP2_WITH_RECHARGE,9de695eb859972b8358020784278ebc013af0293bd73e17ec693c7fef4bad630,NONE,0,[],[],true,1,"Reach Pump 2, but recharge first if estimated battery is insufficient.",results/indicative-twin-hierarchy-a/raw/cases.jsonl,T4-T3,T4,T3,1,1,0,007adca9650c64dc2ddaf53fbffc6eaa7fe4a00962ca1a2ecd70dea6abb8cee7,de32e6cbf59bba0ec5ca848366001d5f518ee014a636d63db0ee354d2040b8fd
a,98,REPLAN_ON_RESTRICTION,78c5f4829303197e1324d3b48d497a470d9d6ae4f93abae9098456cced622bdc,ROOM_RESTRICTED+ROUTE_BLOCKED,2,"[""ROUTE_BLOCKED"",""ROOM_RESTRICTED""]","[""UNAVAILABLE"",""RESTRICTED""]",true,1,Inspect Valve 7 and replan if a room becomes restricted.,results/indicative-twin-hierarchy-a/raw/cases.jsonl,T3-T2,T3,T2,1,0,1,1b53c289537e124857976c7cbb5ec58dfedd4c6e7dd9b0656579c2d06ef8629b,3b47467fa050d50d132d9464a0e1dc5850397fb5d90b338499cdffb040f10efb
a,98,REPLAN_ON_RESTRICTION,78c5f4829303197e1324d3b48d497a470d9d6ae4f93abae9098456cced622bdc,ROOM_RESTRICTED+ROUTE_BLOCKED,2,"[""ROUTE_BLOCKED"",""ROOM_RESTRICTED""]","[""UNAVAILABLE"",""RESTRICTED""]",true,1,Inspect Valve 7 and replan if a room becomes restricted.,results/indicative-twin-hierarchy-a/raw/cases.jsonl,T4-T3,T4,T3,1,1,0,b2dedd60411393ebd2ecdc439916aa93811c13347d90156125baba4ea6ad1d01,1b53c289537e124857976c7cbb5ec58dfedd4c6e7dd9b0656579c2d06ef8629b
a,98,STORE_CARRIED_TOOL,92e4dc78cf90354a29d1e02d60fab394dc43fb70ea202bcf6fa696f2dada6f34,ROUTE_BLOCKED,1,"[""ROUTE_BLOCKED""]","[""UNAVAILABLE""]",true,1,Find a safe location for the carried tool.,results/indicative-twin-hierarchy-a/raw/cases.jsonl,T3-T2,T3,T2,1,0,1,2046ed555d8917bf6df69e5b2a04e0ee32100387553c1f9e5d530b038f731ce5,ec2dbb916936c61aaea6748e976ce4a9a5549365921095eef036b610887dfd12
a,98,STORE_CARRIED_TOOL,92e4dc78cf90354a29d1e02d60fab394dc43fb70ea202bcf6fa696f2dada6f34,ROUTE_BLOCKED,1,"[""ROUTE_BLOCKED""]","[""UNAVAILABLE""]",true,1,Find a safe location for the carried tool.,results/indicative-twin-hierarchy-a/raw/cases.jsonl,T4-T3,T4,T3,1,1,0,97100c65ecccc011285413c7638fdb8a8cb7d2a5fc63b5e76bc5f52abefc19ad,2046ed555d8917bf6df69e5b2a04e0ee32100387553c1f9e5d530b038f731ce5
a,99,INSPECT_NEAREST_COOLANT,ad935d915f0f6cad165a0d8c8ca4948d94d68891cdb45dac99b739b0779a8690,NONE,0,[],[],true,1,Safely inspect the nearest coolant valve without entering a restricted room.,results/indicative-twin-hierarchy-a/raw/cases.jsonl,T3-T2,T3,T2,1,1,0,d8d50aa604aafc96d4b6bdf5c4db24124985b00ee2b90def5a0232d6d8ccd5fa,1865e49a4436020b3ef644598352eff03fe316926b7436b45841ef07b1dbfc99
a,99,INSPECT_NEAREST_COOLANT,ad935d915f0f6cad165a0d8c8ca4948d94d68891cdb45dac99b739b0779a8690,NONE,0,[],[],true,1,Safely inspect the nearest coolant valve without entering a restricted room.,results/indicative-twin-hierarchy-a/raw/cases.jsonl,T4-T3,T4,T3,1,1,0,f0b02057b6b4eb0cbbc676925435617cbc11370066f7ceae3b1c5df9294cf2b6,d8d50aa604aafc96d4b6bdf5c4db24124985b00ee2b90def5a0232d6d8ccd5fa
a,99,INSPECT_VALVE7_WITH_ALTERNATE,711e9b9078c511e9308766485d87506f234288e6bfac02f24d7c131d73667cee,NONE,0,[],[],true,2,"Safely inspect Valve 7; if Door 3 is unavailable, use another route.",results/indicative-twin-hierarchy-a/raw/cases.jsonl,T3-T2,T3,T2,0,0,0,4e2a9221f2ea4a231a0b4441055ccb49f4c988527c3381647f61eee1327fe7f3,de779c1b0060a0b23f32f2fc4f054b175aaed7cb909fc9f0ce786026d0046b75
a,99,INSPECT_VALVE7_WITH_ALTERNATE,711e9b9078c511e9308766485d87506f234288e6bfac02f24d7c131d73667cee,NONE,0,[],[],true,2,"Safely inspect Valve 7; if Door 3 is unavailable, use another route.",results/indicative-twin-hierarchy-a/raw/cases.jsonl,T4-T3,T4,T3,1,0,1,7a7b71b62508a2dbfd8cfd904954eadc0ae7e186b551be94022bc73533ddbeaf,4e2a9221f2ea4a231a0b4441055ccb49f4c988527c3381647f61eee1327fe7f3
a,99,REACH_PUMP2_WITH_RECHARGE,09bfc0b0bbbc08288d79bdc071a9cdf9b73ebd76a2508a4be51398a6361b47da,ROUTE_BLOCKED,1,"[""ROUTE_BLOCKED""]","[""UNAVAILABLE""]",false,0,"Reach Pump 2, but recharge first if estimated battery is insufficient.",results/indicative-twin-hierarchy-a/raw/cases.jsonl,T3-T2,T3,T2,1,1,0,e61b2a9532f2724898287886c5fefa7aa454b3020f9bbd97f9cdc9df00a037b6,14a671dd9f6f51201941f3378a6ffb5d1e4c1cc22304ab6e936cc8c51e60bad5
a,99,REACH_PUMP2_WITH_RECHARGE,09bfc0b0bbbc08288d79bdc071a9cdf9b73ebd76a2508a4be51398a6361b47da,ROUTE_BLOCKED,1,"[""ROUTE_BLOCKED""]","[""UNAVAILABLE""]",false,0,"Reach Pump 2, but recharge first if estimated battery is insufficient.",results/indicative-twin-hierarchy-a/raw/cases.jsonl,T4-T3,T4,T3,1,1,0,340745f97c2573d761d92ee6c5d787c4b7eb158cdbec52ef3497b99bd14ead31,e61b2a9532f2724898287886c5fefa7aa454b3020f9bbd97f9cdc9df00a037b6
a,99,REPLAN_ON_RESTRICTION,9bf11ab9a5c8356701a3445f230e693bd8656aede9f0a6ad459970229233b173,ROOM_RESTRICTED+ROUTE_BLOCKED,2,"[""ROUTE_BLOCKED"",""ROOM_RESTRICTED""]","[""UNAVAILABLE"",""RESTRICTED""]",false,0,Safely inspect Valve 7 and replan if a room becomes restricted.,results/indicative-twin-hierarchy-a/raw/cases.jsonl,T3-T2,T3,T2,1,0,1,e40ecf827eb3ef89cd46ebbbc7824847dbe890852a750da7250b7cddaf557b12,8146394a3c3d482c47befcc812454b1794d5b81a946ddc91f94273e283ab48e1
a,99,REPLAN_ON_RESTRICTION,9bf11ab9a5c8356701a3445f230e693bd8656aede9f0a6ad459970229233b173,ROOM_RESTRICTED+ROUTE_BLOCKED,2,"[""ROUTE_BLOCKED"",""ROOM_RESTRICTED""]","[""UNAVAILABLE"",""RESTRICTED""]",false,0,Safely inspect Valve 7 and replan if a room becomes restricted.,results/indicative-twin-hierarchy-a/raw/cases.jsonl,T4-T3,T4,T3,1,1,0,5ca5df5ee1f781fbf4cdbb15183e71051fe6559546b6994189c284d97cbda795,e40ecf827eb3ef89cd46ebbbc7824847dbe890852a750da7250b7cddaf557b12
a,99,STORE_CARRIED_TOOL,2b0438f00debb277dc8fee6cea60320732e802da722e4dfc8fa90ff0ab84a2b2,NONE,0,[],[],true,1,Find a safe location for the carried tool.,results/indicative-twin-hierarchy-a/raw/cases.jsonl,T3-T2,T3,T2,1,1,0,ffb20162b9ce67a326b47b85a28c2c37edf84aa1a61d95ef233d9e2416a9976c,41fe1cc60930cbabdd8ae7665d50972ff532c81f3fce140dc848211a624bce2b
a,99,STORE_CARRIED_TOOL,2b0438f00debb277dc8fee6cea60320732e802da722e4dfc8fa90ff0ab84a2b2,NONE,0,[],[],true,1,Find a safe location for the carried tool.,results/indicative-twin-hierarchy-a/raw/cases.jsonl,T4-T3,T4,T3,1,1,0,eef6bf0cd048a1e2eb40629146752ea4b4a083c158ae5a6776f2d357385668fd,ffb20162b9ce67a326b47b85a28c2c37edf84aa1a61d95ef233d9e2416a9976c
a,100,INSPECT_NEAREST_COOLANT,cef055f311d8b8a3b77c7eaa21a40bac7aa3553a25234bfa3f54d5829773471d,INSTRUCTION_CHANGED,1,"[""INSTRUCTION_CHANGED""]","[""AVOID_ROOM:ElectricalRoom""]",false,0,Inspect the nearest coolant valve without entering a restricted room.,results/indicative-twin-hierarchy-a/raw/cases.jsonl,T3-T2,T3,T2,1,1,0,77e9ffbb453fa38b0f57c09c5d18c15a6f3c8908bc87d2a6928ef9f0ef58a6e3,e07dff62bf516710f4554f3116b9880fef37b5d7ea463b7a89c9db6447935fc0
a,100,INSPECT_NEAREST_COOLANT,cef055f311d8b8a3b77c7eaa21a40bac7aa3553a25234bfa3f54d5829773471d,INSTRUCTION_CHANGED,1,"[""INSTRUCTION_CHANGED""]","[""AVOID_ROOM:ElectricalRoom""]",false,0,Inspect the nearest coolant valve without entering a restricted room.,results/indicative-twin-hierarchy-a/raw/cases.jsonl,T4-T3,T4,T3,1,1,0,87ad699c14689272f16aff1ba81100facdf587a30753f8f06462d04eb4f71bc8,77e9ffbb453fa38b0f57c09c5d18c15a6f3c8908bc87d2a6928ef9f0ef58a6e3
a,100,INSPECT_VALVE7_WITH_ALTERNATE,1a927ccec0a08fab00a418af8067d27c111b19acf6488cd0cdbecd2c2bcb78e7,INSTRUCTION_CHANGED,1,"[""INSTRUCTION_CHANGED""]","[""AVOID_ROOM:ElectricalRoom""]",true,1,"Inspect Valve 7; if Door 3 is unavailable, use another route.",results/indicative-twin-hierarchy-a/raw/cases.jsonl,T3-T2,T3,T2,0,0,0,8e62857067c694f3dde88245076e30826a4ae5a80a2901439c4e45030fc0883e,e4267a2a7fad6ddff92efd981bf1e606eaecc76245fc8591515c9c8b8ea1de9d
a,100,INSPECT_VALVE7_WITH_ALTERNATE,1a927ccec0a08fab00a418af8067d27c111b19acf6488cd0cdbecd2c2bcb78e7,INSTRUCTION_CHANGED,1,"[""INSTRUCTION_CHANGED""]","[""AVOID_ROOM:ElectricalRoom""]",true,1,"Inspect Valve 7; if Door 3 is unavailable, use another route.",results/indicative-twin-hierarchy-a/raw/cases.jsonl,T4-T3,T4,T3,0,0,0,dd4facaae2f2c669bc3e6c370899124c692c4bddbb3f99b688bf885829f6deb5,8e62857067c694f3dde88245076e30826a4ae5a80a2901439c4e45030fc0883e
a,100,REACH_PUMP2_WITH_RECHARGE,0215c5a67aaf22b92bf2d3ecfcdddbfd2671e7a9214688d1c641ec5d1e02d900,INSTRUCTION_CHANGED+ROUTE_BLOCKED,2,"[""ROUTE_BLOCKED"",""INSTRUCTION_CHANGED""]","[""UNAVAILABLE"",""AVOID_ROOM:ElectricalRoom""]",true,1,"Reach Pump 2, but recharge first if estimated battery is insufficient.",results/indicative-twin-hierarchy-a/raw/cases.jsonl,T3-T2,T3,T2,1,1,0,47dc1412fa55a2b2cda987d0ad994ae841f5aeacd4b892db950e40db98042652,d353d75d67c4ef75e54a6b78caf7a74ebe94aebc853da5711da1ef3a3f5a403e
a,100,REACH_PUMP2_WITH_RECHARGE,0215c5a67aaf22b92bf2d3ecfcdddbfd2671e7a9214688d1c641ec5d1e02d900,INSTRUCTION_CHANGED+ROUTE_BLOCKED,2,"[""ROUTE_BLOCKED"",""INSTRUCTION_CHANGED""]","[""UNAVAILABLE"",""AVOID_ROOM:ElectricalRoom""]",true,1,"Reach Pump 2, but recharge first if estimated battery is insufficient.",results/indicative-twin-hierarchy-a/raw/cases.jsonl,T4-T3,T4,T3,1,1,0,35a4d727836c38a56b182bc2a264a387434cda5f011fefcc140fd08c0af09f01,47dc1412fa55a2b2cda987d0ad994ae841f5aeacd4b892db950e40db98042652
a,100,REPLAN_ON_RESTRICTION,527810f41a0d1d33c30faf16a0c48640662442753d2a7bdd30e2f53bf76da840,INSTRUCTION_CHANGED+ROOM_RESTRICTED,2,"[""INSTRUCTION_CHANGED"",""ROOM_RESTRICTED""]","[""AVOID_ROOM:ElectricalRoom"",""RESTRICTED""]",false,0,Inspect Valve 7 and replan if a room becomes restricted.,results/indicative-twin-hierarchy-a/raw/cases.jsonl,T3-T2,T3,T2,0,0,0,60ec4562c16b2cdb68825bfdbba91892f80deba556507d4b695ee97812400007,cabafa2702dc0f19550a730c7f5a83ad5deb21850a6aa987be8e5ee6cad87c27
a,100,REPLAN_ON_RESTRICTION,527810f41a0d1d33c30faf16a0c48640662442753d2a7bdd30e2f53bf76da840,INSTRUCTION_CHANGED+ROOM_RESTRICTED,2,"[""INSTRUCTION_CHANGED"",""ROOM_RESTRICTED""]","[""AVOID_ROOM:ElectricalRoom"",""RESTRICTED""]",false,0,Inspect Valve 7 and replan if a room becomes restricted.,results/indicative-twin-hierarchy-a/raw/cases.jsonl,T4-T3,T4,T3,0,0,0,ef221cb546f07bb9e5c21eb88bef1b794f4d752aaf70f9ab6cf04646ddbdc7f5,60ec4562c16b2cdb68825bfdbba91892f80deba556507d4b695ee97812400007
a,100,STORE_CARRIED_TOOL,599709a65ac8b57e237d129996cc9f238d929ab259447c8bb80ad1b1a937b49b,INSTRUCTION_CHANGED+ROUTE_BLOCKED,2,"[""ROUTE_BLOCKED"",""INSTRUCTION_CHANGED""]","[""UNAVAILABLE"",""AVOID_ROOM:ElectricalRoom""]",false,0,Find a safe location for the carried tool.,results/indicative-twin-hierarchy-a/raw/cases.jsonl,T3-T2,T3,T2,1,1,0,350d608b86e4e953283d7c885be3b55c50e237073c14d98d8349514c64695f32,ce821457cfccbffc5e57d0e592b81c6ddf63f40a3555f4e23f1a78ae7c61e032
a,100,STORE_CARRIED_TOOL,599709a65ac8b57e237d129996cc9f238d929ab259447c8bb80ad1b1a937b49b,INSTRUCTION_CHANGED+ROUTE_BLOCKED,2,"[""ROUTE_BLOCKED"",""INSTRUCTION_CHANGED""]","[""UNAVAILABLE"",""AVOID_ROOM:ElectricalRoom""]",false,0,Find a safe location for the carried tool.,results/indicative-twin-hierarchy-a/raw/cases.jsonl,T4-T3,T4,T3,1,1,0,7c29d472ab2e151ae96811913141eb6ce2199dc6103f35b9893c0771f53b6af5,350d608b86e4e953283d7c885be3b55c50e237073c14d98d8349514c64695f32
a,101,INSPECT_NEAREST_COOLANT,9dab9bbb26c69a6cea17f7cde2196597efc9c51b1a28e0a662e8fc4969318a02,ROUTE_BLOCKED,1,"[""ROUTE_BLOCKED""]","[""UNAVAILABLE""]",false,0,Safely inspect the nearest coolant valve without entering a restricted room.,results/indicative-twin-hierarchy-a/raw/cases.jsonl,T3-T2,T3,T2,1,1,0,d012ee19b0951f0d2416948ce33701fa56329265a1b1296b3580fa462452f80c,b787a49eceb76157b4ab5f789892a222856fa69d318b620d1240e42744da2ecf
a,101,INSPECT_NEAREST_COOLANT,9dab9bbb26c69a6cea17f7cde2196597efc9c51b1a28e0a662e8fc4969318a02,ROUTE_BLOCKED,1,"[""ROUTE_BLOCKED""]","[""UNAVAILABLE""]",false,0,Safely inspect the nearest coolant valve without entering a restricted room.,results/indicative-twin-hierarchy-a/raw/cases.jsonl,T4-T3,T4,T3,1,1,0,79f2052b507f7abf76386fd76777af69c0aa77e745d794ef268be60307d1ca58,d012ee19b0951f0d2416948ce33701fa56329265a1b1296b3580fa462452f80c
a,101,INSPECT_VALVE7_WITH_ALTERNATE,54b3397ca0a10fcf0e785f4cd7dc332a44c214ca297724a4711e3aa7542185b1,NONE,0,[],[],false,0,"Safely inspect Valve 7; if Door 3 is unavailable, use another route.",results/indicative-twin-hierarchy-a/raw/cases.jsonl,T3-T2,T3,T2,1,1,0,1f7c661f9124c0acadac0d74953106c766ff0a935c0ca5a97b66a19d41c75705,9219897d0132003bfbd7ee28d63d653353cdeb0a43c8023d2f8b1ea522360a70
a,101,INSPECT_VALVE7_WITH_ALTERNATE,54b3397ca0a10fcf0e785f4cd7dc332a44c214ca297724a4711e3aa7542185b1,NONE,0,[],[],false,0,"Safely inspect Valve 7; if Door 3 is unavailable, use another route.",results/indicative-twin-hierarchy-a/raw/cases.jsonl,T4-T3,T4,T3,1,1,0,084977642616c83c8db3d4768dcae168beca8d93610afc6a4f615bba7db2b398,1f7c661f9124c0acadac0d74953106c766ff0a935c0ca5a97b66a19d41c75705
a,101,REACH_PUMP2_WITH_RECHARGE,34fa6ee7ee8d1ed18d0ed46619d949fdefc32b9758f27bc53fbfb0e1191f1aad,NONE,0,[],[],true,1,"Reach Pump 2, but recharge first if estimated battery is insufficient.",results/indicative-twin-hierarchy-a/raw/cases.jsonl,T3-T2,T3,T2,1,1,0,b872748fff2431b9dfaae4f360c61256e6162ae2d8b0359852742f83bcf93e57,88b6621adf0d881a04c4948a289ba57f3dbce2a00f0c57e18f63488a1ec08ca1
a,101,REACH_PUMP2_WITH_RECHARGE,34fa6ee7ee8d1ed18d0ed46619d949fdefc32b9758f27bc53fbfb0e1191f1aad,NONE,0,[],[],true,1,"Reach Pump 2, but recharge first if estimated battery is insufficient.",results/indicative-twin-hierarchy-a/raw/cases.jsonl,T4-T3,T4,T3,1,1,0,aa590efdb33e4d9d799b0243bfa1b18f33ca808d388e6a9167121c7b33275df6,b872748fff2431b9dfaae4f360c61256e6162ae2d8b0359852742f83bcf93e57
a,101,REPLAN_ON_RESTRICTION,108d1471320a592e87a181b702ab86146d3778ea7df4a5ee4e640afc7281b1d8,ROOM_RESTRICTED+ROUTE_BLOCKED,2,"[""ROUTE_BLOCKED"",""ROOM_RESTRICTED""]","[""UNAVAILABLE"",""RESTRICTED""]",false,0,Safely inspect Valve 7 and replan if a room becomes restricted.,results/indicative-twin-hierarchy-a/raw/cases.jsonl,T3-T2,T3,T2,1,0,1,aaf372f30bb8a22d60979114d3441ba16542b372aa8ed443626d053c575c69d8,fcb4666b8189eeb0bcdc1c151c76e66108c191dc7a3635cf277fe8b46d101693
a,101,REPLAN_ON_RESTRICTION,108d1471320a592e87a181b702ab86146d3778ea7df4a5ee4e640afc7281b1d8,ROOM_RESTRICTED+ROUTE_BLOCKED,2,"[""ROUTE_BLOCKED"",""ROOM_RESTRICTED""]","[""UNAVAILABLE"",""RESTRICTED""]",false,0,Safely inspect Valve 7 and replan if a room becomes restricted.,results/indicative-twin-hierarchy-a/raw/cases.jsonl,T4-T3,T4,T3,1,1,0,2eb1472a4adb37127d14a590a7c7d4d2f7b9b465c45aea4ccdd4016c6a356c82,aaf372f30bb8a22d60979114d3441ba16542b372aa8ed443626d053c575c69d8
a,101,STORE_CARRIED_TOOL,5a8367cc0dc49994d7bf082c7343a1c6b2548c4c4efdb4dba7165d9e943c9739,ROUTE_BLOCKED,1,"[""ROUTE_BLOCKED""]","[""UNAVAILABLE""]",true,1,Find a safe location for the carried tool.,results/indicative-twin-hierarchy-a/raw/cases.jsonl,T3-T2,T3,T2,1,0,1,217891ba7458fdf8cb3e5f84674ab7f1d173cf41517c7a5b36e145dcc95a691b,55c5c46e5a3a19a312140a8b80042bec84ee6e4c7c02bf3a6f6b434d7873915a
a,101,STORE_CARRIED_TOOL,5a8367cc0dc49994d7bf082c7343a1c6b2548c4c4efdb4dba7165d9e943c9739,ROUTE_BLOCKED,1,"[""ROUTE_BLOCKED""]","[""UNAVAILABLE""]",true,1,Find a safe location for the carried tool.,results/indicative-twin-hierarchy-a/raw/cases.jsonl,T4-T3,T4,T3,1,1,0,f36b37b47167aba0b0883c7a77ca9d89d41e3d79a3926822badf45272f9cd2c5,217891ba7458fdf8cb3e5f84674ab7f1d173cf41517c7a5b36e145dcc95a691b
a,102,INSPECT_NEAREST_COOLANT,b63fc908158de4112587755ec0747b21aae70b02e005f374d40b28f6bce89a79,NONE,0,[],[],true,1,Inspect the nearest coolant valve without entering a restricted room.,results/indicative-twin-hierarchy-a/raw/cases.jsonl,T3-T2,T3,T2,0,0,0,68fadf728dd7ab3086e37ad5855940d60892efd0309bcd600cb77d74689b110b,ae79e5ca84c4794a043c95648dc36712b940b4f5edca5712b529141411cb2b30
a,102,INSPECT_NEAREST_COOLANT,b63fc908158de4112587755ec0747b21aae70b02e005f374d40b28f6bce89a79,NONE,0,[],[],true,1,Inspect the nearest coolant valve without entering a restricted room.,results/indicative-twin-hierarchy-a/raw/cases.jsonl,T4-T3,T4,T3,0,0,0,4f0d966cc14193d7394113b992ef4d487370a2450b8cd080312161a6b32e2e43,68fadf728dd7ab3086e37ad5855940d60892efd0309bcd600cb77d74689b110b
a,102,INSPECT_VALVE7_WITH_ALTERNATE,f4472ae0558b164737e286d78a0199919f3aafbc046d8e599152253e15d0c4aa,NONE,0,[],[],true,1,"Inspect Valve 7; if Door 3 is unavailable, use another route.",results/indicative-twin-hierarchy-a/raw/cases.jsonl,T3-T2,T3,T2,0,0,0,1f0e88958851c36cf9efc25cde6b6c9e0784a3b549e6639f861ba037b1accc51,4b8540193ee5b455049270592dd211b11d8738e3db0fe23c392d7e37093786a2
a,102,INSPECT_VALVE7_WITH_ALTERNATE,f4472ae0558b164737e286d78a0199919f3aafbc046d8e599152253e15d0c4aa,NONE,0,[],[],true,1,"Inspect Valve 7; if Door 3 is unavailable, use another route.",results/indicative-twin-hierarchy-a/raw/cases.jsonl,T4-T3,T4,T3,1,0,1,ad144cb40bf8aa9f9cda3ea72431bf6a99813c686f0b557bdfa7349258244906,1f0e88958851c36cf9efc25cde6b6c9e0784a3b549e6639f861ba037b1accc51
a,102,REACH_PUMP2_WITH_RECHARGE,677f2688dbd02fe30319e3628bc3d3bb57900dfb627e267dc1b82718227d569e,ROUTE_BLOCKED,1,"[""ROUTE_BLOCKED""]","[""UNAVAILABLE""]",true,1,"Reach Pump 2, but recharge first if estimated battery is insufficient.",results/indicative-twin-hierarchy-a/raw/cases.jsonl,T3-T2,T3,T2,1,0,1,e1132529bab9bad466053a63b660fde6270eee8f4099c2c35190e3d1444c2109,3e54fc985b84d74a190bb3fcd3051cec59a8a3d45c2534993218544a750cf25c
a,102,REACH_PUMP2_WITH_RECHARGE,677f2688dbd02fe30319e3628bc3d3bb57900dfb627e267dc1b82718227d569e,ROUTE_BLOCKED,1,"[""ROUTE_BLOCKED""]","[""UNAVAILABLE""]",true,1,"Reach Pump 2, but recharge first if estimated battery is insufficient.",results/indicative-twin-hierarchy-a/raw/cases.jsonl,T4-T3,T4,T3,1,1,0,32a4bf68a3a040a524039e27bc78131b3a4f0bf7b8ca2055141ac0f6ef51cdd7,e1132529bab9bad466053a63b660fde6270eee8f4099c2c35190e3d1444c2109
a,102,REPLAN_ON_RESTRICTION,0018b0615784946dea2648ba7a095d4ba565eb8fbda5abddd83f9a82c984d93f,ROOM_RESTRICTED+ROUTE_BLOCKED,2,"[""ROUTE_BLOCKED"",""ROOM_RESTRICTED""]","[""UNAVAILABLE"",""RESTRICTED""]",false,0,Inspect Valve 7 and replan if a room becomes restricted.,results/indicative-twin-hierarchy-a/raw/cases.jsonl,T3-T2,T3,T2,1,0,1,2445b7af6b59a13f05fdb02b74c4ed0841a9e08ba431f698edb7a6cb9c75d1cb,3e28026bfdae236a60f32e7473ddaedfd98a5db96a6e4ea1185366595c3f807c
a,102,REPLAN_ON_RESTRICTION,0018b0615784946dea2648ba7a095d4ba565eb8fbda5abddd83f9a82c984d93f,ROOM_RESTRICTED+ROUTE_BLOCKED,2,"[""ROUTE_BLOCKED"",""ROOM_RESTRICTED""]","[""UNAVAILABLE"",""RESTRICTED""]",false,0,Inspect Valve 7 and replan if a room becomes restricted.,results/indicative-twin-hierarchy-a/raw/cases.jsonl,T4-T3,T4,T3,1,1,0,a2198c9b30084b738b81330de7b27c4c701d7fe9ea2e17b246c42f24a3e5d64c,2445b7af6b59a13f05fdb02b74c4ed0841a9e08ba431f698edb7a6cb9c75d1cb
a,102,STORE_CARRIED_TOOL,f7c898bbcdd746a52a67df08233380422af3b85436b9068b0bde5e7816f6397d,NONE,0,[],[],false,0,Find a safe location for the carried tool.,results/indicative-twin-hierarchy-a/raw/cases.jsonl,T3-T2,T3,T2,1,1,0,5d10676bb6e3a7f98512f6d9f647fb65c271465bb46e3c844fd609986cce077e,7236db039e9e8a68b80300d1112e676059dc9f585d2633dafebd7ee968017ac5
a,102,STORE_CARRIED_TOOL,f7c898bbcdd746a52a67df08233380422af3b85436b9068b0bde5e7816f6397d,NONE,0,[],[],false,0,Find a safe location for the carried tool.,results/indicative-twin-hierarchy-a/raw/cases.jsonl,T4-T3,T4,T3,1,1,0,a327e3e2b5021d4ba0a42a10533989420ca750b62673cd71c0fe2249ae0157ad,5d10676bb6e3a7f98512f6d9f647fb65c271465bb46e3c844fd609986cce077e
a,103,INSPECT_NEAREST_COOLANT,e52091c7b1f0a12d475c4d2226d977dc669d2acd611378832df076d128fa7e9b,ROUTE_BLOCKED,1,"[""ROUTE_BLOCKED""]","[""UNAVAILABLE""]",false,0,Safely inspect the nearest coolant valve without entering a restricted room.,results/indicative-twin-hierarchy-a/raw/cases.jsonl,T3-T2,T3,T2,0,0,0,44f23db38b738fd3741bc00f85129f91cde2a769dd67d507c6345b6828fca786,34bb69a036d6ad7a8760f9a80704299b18e1581dc78912e91aea61d92813359a
a,103,INSPECT_NEAREST_COOLANT,e52091c7b1f0a12d475c4d2226d977dc669d2acd611378832df076d128fa7e9b,ROUTE_BLOCKED,1,"[""ROUTE_BLOCKED""]","[""UNAVAILABLE""]",false,0,Safely inspect the nearest coolant valve without entering a restricted room.,results/indicative-twin-hierarchy-a/raw/cases.jsonl,T4-T3,T4,T3,0,0,0,d43b3a1f3710c9533e6d6e3b0c306e9720f00b7237fa6df5de1e00695cb405fa,44f23db38b738fd3741bc00f85129f91cde2a769dd67d507c6345b6828fca786
a,103,INSPECT_VALVE7_WITH_ALTERNATE,308672cfe9592b89acc0b67f8b422c14d880a49c53e1a2efdb58b27a308c983d,NONE,0,[],[],false,0,"Safely inspect Valve 7; if Door 3 is unavailable, use another route.",results/indicative-twin-hierarchy-a/raw/cases.jsonl,T3-T2,T3,T2,1,1,0,fbac218c5a3e4cf371d54706dd49f04c053ad5e8f04f134c1b71c53f4f68913a,22f4e8e1aeb9002bd99a33965423115bbae9aca1dde614d2db5f86ab9f1c29af
a,103,INSPECT_VALVE7_WITH_ALTERNATE,308672cfe9592b89acc0b67f8b422c14d880a49c53e1a2efdb58b27a308c983d,NONE,0,[],[],false,0,"Safely inspect Valve 7; if Door 3 is unavailable, use another route.",results/indicative-twin-hierarchy-a/raw/cases.jsonl,T4-T3,T4,T3,1,1,0,034c53b37711baf1a5ff6ba8eb0677f2e06fd79adda6db1d88b348ce036b6447,fbac218c5a3e4cf371d54706dd49f04c053ad5e8f04f134c1b71c53f4f68913a
a,103,REACH_PUMP2_WITH_RECHARGE,5788efd2c2cbbafa31926ec8f1a2eb872242ecd6750aabcf47a1c7144c228f1e,NONE,0,[],[],false,0,"Reach Pump 2, but recharge first if estimated battery is insufficient.",results/indicative-twin-hierarchy-a/raw/cases.jsonl,T3-T2,T3,T2,1,0,1,2770a39d4d5bd9ea498ab79dcad2e39d1f60ae1d34ae583f2644989603d92bd1,94f9b891241cd083d53e0400a34544815b9ba0dc4aa6260d937f43e463fac99c
a,103,REACH_PUMP2_WITH_RECHARGE,5788efd2c2cbbafa31926ec8f1a2eb872242ecd6750aabcf47a1c7144c228f1e,NONE,0,[],[],false,0,"Reach Pump 2, but recharge first if estimated battery is insufficient.",results/indicative-twin-hierarchy-a/raw/cases.jsonl,T4-T3,T4,T3,1,1,0,6a52c68126cf0639d56622525cce96fb9f692e77e64b19612b327e68cf9e00b6,2770a39d4d5bd9ea498ab79dcad2e39d1f60ae1d34ae583f2644989603d92bd1
a,103,REPLAN_ON_RESTRICTION,3d2d06effbffd17d4cd5cac3fc84714fb004e25aab8979f79fff7274cbd61e8b,ROOM_RESTRICTED,1,"[""ROOM_RESTRICTED""]","[""RESTRICTED""]",true,1,Safely inspect Valve 7 and replan if a room becomes restricted.,results/indicative-twin-hierarchy-a/raw/cases.jsonl,T3-T2,T3,T2,1,0,1,2d5abd89744de5027f08d5e480f4d0b0b3772eb94fc848866fab840a26295d71,e05e8fac42467ea0dba00baa58f225c43595c68ffefbae40ea335fc9ee65a45f
a,103,REPLAN_ON_RESTRICTION,3d2d06effbffd17d4cd5cac3fc84714fb004e25aab8979f79fff7274cbd61e8b,ROOM_RESTRICTED,1,"[""ROOM_RESTRICTED""]","[""RESTRICTED""]",true,1,Safely inspect Valve 7 and replan if a room becomes restricted.,results/indicative-twin-hierarchy-a/raw/cases.jsonl,T4-T3,T4,T3,1,1,0,175daa44acb543dacb2b8efc53045f1ceb296901882e2df57b2e403eebc65147,2d5abd89744de5027f08d5e480f4d0b0b3772eb94fc848866fab840a26295d71
a,103,STORE_CARRIED_TOOL,0c2efad286040df28f176f367dcf77dcac5cdafad021e8ed3a00b1f0a2988f72,NONE,0,[],[],true,1,Find a safe location for the carried tool.,results/indicative-twin-hierarchy-a/raw/cases.jsonl,T3-T2,T3,T2,1,0,1,8695cca1f5b018f086900e0f089670059074c3e65813b7fdc6de30661e7f6f0c,89ad7ce94e3acae5436f7dc98c741118e3e43b16af4834a58c266b5cc7f4ef7a
a,103,STORE_CARRIED_TOOL,0c2efad286040df28f176f367dcf77dcac5cdafad021e8ed3a00b1f0a2988f72,NONE,0,[],[],true,1,Find a safe location for the carried tool.,results/indicative-twin-hierarchy-a/raw/cases.jsonl,T4-T3,T4,T3,1,1,0,354984b86d12133a0f746f1e2336b2b0a14246298d169566b042b315790d9286,8695cca1f5b018f086900e0f089670059074c3e65813b7fdc6de30661e7f6f0c
a,104,INSPECT_NEAREST_COOLANT,a9af43461cbb9cd45b9a2eb96c7e969e2994346df8b3417e09b1c7c865a21553,NONE,0,[],[],false,0,Inspect the nearest coolant valve without entering a restricted room.,results/indicative-twin-hierarchy-a/raw/cases.jsonl,T3-T2,T3,T2,1,0,1,2021141dc6df6808ce7b4514cba3ef4bd11b3ead1017265460cc5b5e05fdfe45,70537bbc3a786584f54f987321cecd6be3e234b23c1e26d7528b016ca04e704e
a,104,INSPECT_NEAREST_COOLANT,a9af43461cbb9cd45b9a2eb96c7e969e2994346df8b3417e09b1c7c865a21553,NONE,0,[],[],false,0,Inspect the nearest coolant valve without entering a restricted room.,results/indicative-twin-hierarchy-a/raw/cases.jsonl,T4-T3,T4,T3,1,1,0,3c4545f6ee0a66f628b261ba8cd9ace43a5d4a016b77b30c5c764b30639bba5a,2021141dc6df6808ce7b4514cba3ef4bd11b3ead1017265460cc5b5e05fdfe45
a,104,INSPECT_VALVE7_WITH_ALTERNATE,35be36944ebf886c322b6efcab08221d9f0c08ca4db7f0afac66f93dcbfae56d,NONE,0,[],[],true,1,"Inspect Valve 7; if Door 3 is unavailable, use another route.",results/indicative-twin-hierarchy-a/raw/cases.jsonl,T3-T2,T3,T2,1,1,0,0a9411882e79b66fb6698ae25df4e279c203e7d617c26fe64577ba5d79990627,b67928347bfd54b081e666b4093ddf55dbdfa65383e051fe3e7e9305e55ab012
a,104,INSPECT_VALVE7_WITH_ALTERNATE,35be36944ebf886c322b6efcab08221d9f0c08ca4db7f0afac66f93dcbfae56d,NONE,0,[],[],true,1,"Inspect Valve 7; if Door 3 is unavailable, use another route.",results/indicative-twin-hierarchy-a/raw/cases.jsonl,T4-T3,T4,T3,1,1,0,31b9c7823cc8418fcbe17ddb991aa366dde43f0bd58d3b11e365de275bcd65f5,0a9411882e79b66fb6698ae25df4e279c203e7d617c26fe64577ba5d79990627
a,104,REACH_PUMP2_WITH_RECHARGE,01ba6d0a93d597fdd612d8ee6d17e36de74348f650a38bc21d8704826e252263,NONE,0,[],[],true,1,"Reach Pump 2, but recharge first if estimated battery is insufficient.",results/indicative-twin-hierarchy-a/raw/cases.jsonl,T3-T2,T3,T2,1,1,0,bb15de567bdabfe4f211f82276700906d7ce789ba748a5f5d9e67bfafe43b5a6,0df1f480eaa8286db9d0c7d2bd0d686d0979b1d41844e33f1fe745f12de5da51
a,104,REACH_PUMP2_WITH_RECHARGE,01ba6d0a93d597fdd612d8ee6d17e36de74348f650a38bc21d8704826e252263,NONE,0,[],[],true,1,"Reach Pump 2, but recharge first if estimated battery is insufficient.",results/indicative-twin-hierarchy-a/raw/cases.jsonl,T4-T3,T4,T3,1,1,0,608cf931f630a1bfa4d29672b75e100a5abb067e86ea15e20688a18893dffe15,bb15de567bdabfe4f211f82276700906d7ce789ba748a5f5d9e67bfafe43b5a6
a,104,REPLAN_ON_RESTRICTION,668b4a41b927df602c225e09f81ab608d74a6db10e3635b3a2d0ab9b5dd9d531,ROOM_RESTRICTED,1,"[""ROOM_RESTRICTED""]","[""RESTRICTED""]",false,0,Inspect Valve 7 and replan if a room becomes restricted.,results/indicative-twin-hierarchy-a/raw/cases.jsonl,T3-T2,T3,T2,1,0,1,d3d810f510e08505a97098f9128bb953e7891fd9f97b1c82f92737f0f9a0691f,241e0b898f90c8d776de019df93e07520f51612a2a01a6c9f0b379ea68513e62
a,104,REPLAN_ON_RESTRICTION,668b4a41b927df602c225e09f81ab608d74a6db10e3635b3a2d0ab9b5dd9d531,ROOM_RESTRICTED,1,"[""ROOM_RESTRICTED""]","[""RESTRICTED""]",false,0,Inspect Valve 7 and replan if a room becomes restricted.,results/indicative-twin-hierarchy-a/raw/cases.jsonl,T4-T3,T4,T3,1,1,0,01a6f8e07f0e3223315471b4085d8e554326eb9ce30092d64d769d1d37341199,d3d810f510e08505a97098f9128bb953e7891fd9f97b1c82f92737f0f9a0691f
a,104,STORE_CARRIED_TOOL,9bac58ec53cc9f9a51c025633aca88e5cecbe7bc8c4b07b735e03142b066e245,NONE,0,[],[],true,1,Find a safe location for the carried tool.,results/indicative-twin-hierarchy-a/raw/cases.jsonl,T3-T2,T3,T2,1,0,1,7f4a13dbe88ea44b1f5fd932fc0c6a5ef4695f2ee79789e1a02ebc116c301770,775fbd469aeff6b9bab6631a1d1533a058824a36507289e8abfc0dedcf8fc4c1
a,104,STORE_CARRIED_TOOL,9bac58ec53cc9f9a51c025633aca88e5cecbe7bc8c4b07b735e03142b066e245,NONE,0,[],[],true,1,Find a safe location for the carried tool.,results/indicative-twin-hierarchy-a/raw/cases.jsonl,T4-T3,T4,T3,1,1,0,5d2d1c8b7e69f1321cf520df17a31f8f765eb5857ec31b826b33d044adf8d7d3,7f4a13dbe88ea44b1f5fd932fc0c6a5ef4695f2ee79789e1a02ebc116c301770
a,105,INSPECT_NEAREST_COOLANT,c19e308e4324ca871bd641ef36255c7c830adf24ba4b3c1d2d6ad354a5303f08,INSTRUCTION_CHANGED,1,"[""INSTRUCTION_CHANGED""]","[""AVOID_ROOM:ElectricalRoom""]",true,1,Safely inspect the nearest coolant valve without entering a restricted room.,results/indicative-twin-hierarchy-a/raw/cases.jsonl,T3-T2,T3,T2,1,1,0,12b3456de25072ad7333fd052d71a6aa77810dc8a371304b7f498b4814d32300,d9d7ea671af3724272cfd44ec8009d7b5d5d0783590a70b22d75227b999d0b02
a,105,INSPECT_NEAREST_COOLANT,c19e308e4324ca871bd641ef36255c7c830adf24ba4b3c1d2d6ad354a5303f08,INSTRUCTION_CHANGED,1,"[""INSTRUCTION_CHANGED""]","[""AVOID_ROOM:ElectricalRoom""]",true,1,Safely inspect the nearest coolant valve without entering a restricted room.,results/indicative-twin-hierarchy-a/raw/cases.jsonl,T4-T3,T4,T3,1,1,0,9204a83d97a205414be0758d4c9a7e5977fc2282bf5467ba245f661c7b509b20,12b3456de25072ad7333fd052d71a6aa77810dc8a371304b7f498b4814d32300
a,105,INSPECT_VALVE7_WITH_ALTERNATE,04241e6ad7ee0abe4e34c268704203c6d095e4f293da689b22a3f28268295141,INSTRUCTION_CHANGED+ROUTE_BLOCKED,2,"[""ROUTE_BLOCKED"",""INSTRUCTION_CHANGED""]","[""UNAVAILABLE"",""AVOID_ROOM:ElectricalRoom""]",true,2,"Safely inspect Valve 7; if Door 3 is unavailable, use another route.",results/indicative-twin-hierarchy-a/raw/cases.jsonl,T3-T2,T3,T2,0,0,0,88f4ccbc8b2baa582af3b43da1d72d0ad7958888b2c43b374054e85061c61b92,e96478562acf77a27e7dc2a410f14fbcc6ac45887581e8a8c43709aff52fe151
a,105,INSPECT_VALVE7_WITH_ALTERNATE,04241e6ad7ee0abe4e34c268704203c6d095e4f293da689b22a3f28268295141,INSTRUCTION_CHANGED+ROUTE_BLOCKED,2,"[""ROUTE_BLOCKED"",""INSTRUCTION_CHANGED""]","[""UNAVAILABLE"",""AVOID_ROOM:ElectricalRoom""]",true,2,"Safely inspect Valve 7; if Door 3 is unavailable, use another route.",results/indicative-twin-hierarchy-a/raw/cases.jsonl,T4-T3,T4,T3,0,0,0,ea8229cbd891848391b14c5e23b2cd5d13598f1779478b27a9e2526177192af7,88f4ccbc8b2baa582af3b43da1d72d0ad7958888b2c43b374054e85061c61b92
a,105,REACH_PUMP2_WITH_RECHARGE,4b463c1cb4addeabbb690eb3a3bb741b6a1de0f517cef2a1d58996e2fbdba0ef,INSTRUCTION_CHANGED,1,"[""INSTRUCTION_CHANGED""]","[""AVOID_ROOM:ElectricalRoom""]",false,0,"Reach Pump 2, but recharge first if estimated battery is insufficient.",results/indicative-twin-hierarchy-a/raw/cases.jsonl,T3-T2,T3,T2,1,1,0,56701509d5062d5f35099e5551211dafadfba09c2c77ee5572caa13174eba973,414f864a94088cd47da639001edc1748c51254359b224a1e25e5ef127a0d005a
a,105,REACH_PUMP2_WITH_RECHARGE,4b463c1cb4addeabbb690eb3a3bb741b6a1de0f517cef2a1d58996e2fbdba0ef,INSTRUCTION_CHANGED,1,"[""INSTRUCTION_CHANGED""]","[""AVOID_ROOM:ElectricalRoom""]",false,0,"Reach Pump 2, but recharge first if estimated battery is insufficient.",results/indicative-twin-hierarchy-a/raw/cases.jsonl,T4-T3,T4,T3,1,1,0,59e4522b79860e827ec2af36ef1323aeb8a8afa30781065811522e9bc385e1bc,56701509d5062d5f35099e5551211dafadfba09c2c77ee5572caa13174eba973
a,105,REPLAN_ON_RESTRICTION,4ba232a77b6c0031f267f958270c86ebb9df9e4ac8ac7847bb6253c949d88c6e,INSTRUCTION_CHANGED+ROOM_RESTRICTED+ROUTE_BLOCKED,3,"[""ROUTE_BLOCKED"",""INSTRUCTION_CHANGED"",""ROOM_RESTRICTED""]","[""UNAVAILABLE"",""AVOID_ROOM:ElectricalRoom"",""RESTRICTED""]",true,1,Safely inspect Valve 7 and replan if a room becomes restricted.,results/indicative-twin-hierarchy-a/raw/cases.jsonl,T3-T2,T3,T2,0,0,0,82d15ae90a55518bd7fb456cdb388e25c3421019867c194831f3f60dd9ced062,437c45cf10edc36dcb0abe13b8f3bb2f4e77722ae00fcf97bddaf9afb554727e
a,105,REPLAN_ON_RESTRICTION,4ba232a77b6c0031f267f958270c86ebb9df9e4ac8ac7847bb6253c949d88c6e,INSTRUCTION_CHANGED+ROOM_RESTRICTED+ROUTE_BLOCKED,3,"[""ROUTE_BLOCKED"",""INSTRUCTION_CHANGED"",""ROOM_RESTRICTED""]","[""UNAVAILABLE"",""AVOID_ROOM:ElectricalRoom"",""RESTRICTED""]",true,1,Safely inspect Valve 7 and replan if a room becomes restricted.,results/indicative-twin-hierarchy-a/raw/cases.jsonl,T4-T3,T4,T3,0,0,0,64a58e257fe809a025c6fe6c654b5ee8f67709abbcf6534e9f7d879ccfcf875d,82d15ae90a55518bd7fb456cdb388e25c3421019867c194831f3f60dd9ced062
a,105,STORE_CARRIED_TOOL,cb288509765ed6998457851b6c2b218cc769af26ecc8b4ac9f29d49c0d021fdf,INSTRUCTION_CHANGED,1,"[""INSTRUCTION_CHANGED""]","[""AVOID_ROOM:ElectricalRoom""]",true,1,Find a safe location for the carried tool.,results/indicative-twin-hierarchy-a/raw/cases.jsonl,T3-T2,T3,T2,0,0,0,51ed4b558ce3de5fc860a4fc2742f7e65c41b5da4b0a155c7c6b35b7ed0da078,be107f2e83a445bd15f6cf65330af3cca6e9044f3250e53e19ce3b1c0bd558c2
a,105,STORE_CARRIED_TOOL,cb288509765ed6998457851b6c2b218cc769af26ecc8b4ac9f29d49c0d021fdf,INSTRUCTION_CHANGED,1,"[""INSTRUCTION_CHANGED""]","[""AVOID_ROOM:ElectricalRoom""]",true,1,Find a safe location for the carried tool.,results/indicative-twin-hierarchy-a/raw/cases.jsonl,T4-T3,T4,T3,0,0,0,8743dca228e40bbc5d78af14d7ce7a8a06544c7b1cc62572c84bbbcdc516d30e,51ed4b558ce3de5fc860a4fc2742f7e65c41b5da4b0a155c7c6b35b7ed0da078
a,106,INSPECT_NEAREST_COOLANT,b8b7f31ea0430199dd43ad9e0e357aacf821293352a8bcc317f606b0ea4604fd,ROUTE_BLOCKED,1,"[""ROUTE_BLOCKED""]","[""UNAVAILABLE""]",true,1,Inspect the nearest coolant valve without entering a restricted room.,results/indicative-twin-hierarchy-a/raw/cases.jsonl,T3-T2,T3,T2,0,0,0,dde70338dfdc81249d6b852ff07bd4d462c7c2b874a824d27d30dfe83b38ec77,612bfcc8d27e5e8f7cc61d0aa28a1b40996fc81a31d6c62794fb14b617033d78
a,106,INSPECT_NEAREST_COOLANT,b8b7f31ea0430199dd43ad9e0e357aacf821293352a8bcc317f606b0ea4604fd,ROUTE_BLOCKED,1,"[""ROUTE_BLOCKED""]","[""UNAVAILABLE""]",true,1,Inspect the nearest coolant valve without entering a restricted room.,results/indicative-twin-hierarchy-a/raw/cases.jsonl,T4-T3,T4,T3,0,0,0,66d99eea4156d58f253c4c9ef7485fce34f3e2985402d8233f420737afa07043,dde70338dfdc81249d6b852ff07bd4d462c7c2b874a824d27d30dfe83b38ec77
a,106,INSPECT_VALVE7_WITH_ALTERNATE,798a22fb4cfd8d9193b29fea6ceca28a44d14ba0462a5199bf02fdbdd40f86ba,NONE,0,[],[],true,1,"Inspect Valve 7; if Door 3 is unavailable, use another route.",results/indicative-twin-hierarchy-a/raw/cases.jsonl,T3-T2,T3,T2,1,1,0,216517e2074094bc7e687e4d5b300e63056cca47c8c1d8e1f569f78e531f9424,e6884f0a0cbcc5734724107ebefcca115032c3848200d97ec96f9ca53350a5fe
a,106,INSPECT_VALVE7_WITH_ALTERNATE,798a22fb4cfd8d9193b29fea6ceca28a44d14ba0462a5199bf02fdbdd40f86ba,NONE,0,[],[],true,1,"Inspect Valve 7; if Door 3 is unavailable, use another route.",results/indicative-twin-hierarchy-a/raw/cases.jsonl,T4-T3,T4,T3,1,1,0,e8a7f6d2483cf06bc95b3c94d73232fa706ced20b38ed9dc562eac285d17bbff,216517e2074094bc7e687e4d5b300e63056cca47c8c1d8e1f569f78e531f9424
a,106,REACH_PUMP2_WITH_RECHARGE,3303f294f48ca4d0720945bc91549c8950a430e6ebcb8b40bb485f54d7369003,NONE,0,[],[],true,1,"Reach Pump 2, but recharge first if estimated battery is insufficient.",results/indicative-twin-hierarchy-a/raw/cases.jsonl,T3-T2,T3,T2,1,0,1,9b15bece435e1186567f2eefa6d15047e78e03671614cab86b3d28645b0535fb,dc138139d013dfc8af6ac490f8b9932b6da407bc95ef40bf0668a882d1bccc66
a,106,REACH_PUMP2_WITH_RECHARGE,3303f294f48ca4d0720945bc91549c8950a430e6ebcb8b40bb485f54d7369003,NONE,0,[],[],true,1,"Reach Pump 2, but recharge first if estimated battery is insufficient.",results/indicative-twin-hierarchy-a/raw/cases.jsonl,T4-T3,T4,T3,1,1,0,7b573ae004b4ca292d4ece3164356b1c91059c3c07376ac92a549791445733ac,9b15bece435e1186567f2eefa6d15047e78e03671614cab86b3d28645b0535fb
a,106,REPLAN_ON_RESTRICTION,01a0c42b89b0262a67dc61f045d230e25fbf544028516db326e9a0cc981b5846,ROOM_RESTRICTED,1,"[""ROOM_RESTRICTED""]","[""RESTRICTED""]",true,1,Inspect Valve 7 and replan if a room becomes restricted.,results/indicative-twin-hierarchy-a/raw/cases.jsonl,T3-T2,T3,T2,1,0,1,bafcdb253c2f2670ba318090761f6327db294e19b190affc42ec5ecf729613a8,ebadabbd661ff70a3d31d1ef92fa5e8258cb9e609ffcf21a6b59f0bbe13c0aa3
a,106,REPLAN_ON_RESTRICTION,01a0c42b89b0262a67dc61f045d230e25fbf544028516db326e9a0cc981b5846,ROOM_RESTRICTED,1,"[""ROOM_RESTRICTED""]","[""RESTRICTED""]",true,1,Inspect Valve 7 and replan if a room becomes restricted.,results/indicative-twin-hierarchy-a/raw/cases.jsonl,T4-T3,T4,T3,1,1,0,5e35bc794dfc65f4ee5e2d28770083060144ae53a42646186a698015a868f88a,bafcdb253c2f2670ba318090761f6327db294e19b190affc42ec5ecf729613a8
a,106,STORE_CARRIED_TOOL,7b9a1601a70a64eef5d705759d2ab15a790342bd24547ef335bc543f5ac5040e,NONE,0,[],[],true,1,Find a safe location for the carried tool.,results/indicative-twin-hierarchy-a/raw/cases.jsonl,T3-T2,T3,T2,1,0,1,0504ce402314d063968194d7c14bc973b2fc427bc09628264292aac4c7976e93,938ea0d7f3c87a64806e938749e8f7ef83d09df59c038505b930e31350472f17
a,106,STORE_CARRIED_TOOL,7b9a1601a70a64eef5d705759d2ab15a790342bd24547ef335bc543f5ac5040e,NONE,0,[],[],true,1,Find a safe location for the carried tool.,results/indicative-twin-hierarchy-a/raw/cases.jsonl,T4-T3,T4,T3,1,1,0,3c7e341c8bad1a56db209816e943bf39fd9ba5b71a80834f756a45e7442718be,0504ce402314d063968194d7c14bc973b2fc427bc09628264292aac4c7976e93
a,107,INSPECT_NEAREST_COOLANT,a10f4d67246d96a662c94eb1e62014c3996fe7460a983dd06f7d6905a26bfa06,NONE,0,[],[],false,0,Safely inspect the nearest coolant valve without entering a restricted room.,results/indicative-twin-hierarchy-a/raw/cases.jsonl,T3-T2,T3,T2,1,0,1,123bcc69b548859aebd171d913b283939b8bdb7e5eb9afb54fffc2ca48732114,5918ddfbe8c5bb37910449533f7672d03bf5066a6716a9ad8def38c41aa58f4c
a,107,INSPECT_NEAREST_COOLANT,a10f4d67246d96a662c94eb1e62014c3996fe7460a983dd06f7d6905a26bfa06,NONE,0,[],[],false,0,Safely inspect the nearest coolant valve without entering a restricted room.,results/indicative-twin-hierarchy-a/raw/cases.jsonl,T4-T3,T4,T3,1,1,0,b47a32feb0686f6abed8c56d25304cd6df60c7ebf55af1889323aca99412dda2,123bcc69b548859aebd171d913b283939b8bdb7e5eb9afb54fffc2ca48732114
a,107,INSPECT_VALVE7_WITH_ALTERNATE,cd379ec9fb31cef3afe56ec43e68ddf9db9ffe30993f4505052bc399962adcbc,NONE,0,[],[],true,1,"Safely inspect Valve 7; if Door 3 is unavailable, use another route.",results/indicative-twin-hierarchy-a/raw/cases.jsonl,T3-T2,T3,T2,1,1,0,380356735bb9d8bcd3320271224ecd9cb1b2e86289eb3c593edd81c387d5c4e6,31d1dabf8ad6a6fe2520b115c4f007c49ea8c75c4fc973fa34c3c5a14dca1fd8
a,107,INSPECT_VALVE7_WITH_ALTERNATE,cd379ec9fb31cef3afe56ec43e68ddf9db9ffe30993f4505052bc399962adcbc,NONE,0,[],[],true,1,"Safely inspect Valve 7; if Door 3 is unavailable, use another route.",results/indicative-twin-hierarchy-a/raw/cases.jsonl,T4-T3,T4,T3,1,1,0,0323ad3c7860be6e8517bb2a47b7bb53175d72e40b8cec90f4c990852a51e4be,380356735bb9d8bcd3320271224ecd9cb1b2e86289eb3c593edd81c387d5c4e6
a,107,REACH_PUMP2_WITH_RECHARGE,23edb3dddb67a1be2988fa6da7f30020523f7a853bb7e43754e06942d27d2600,ROUTE_BLOCKED,1,"[""ROUTE_BLOCKED""]","[""UNAVAILABLE""]",false,0,"Reach Pump 2, but recharge first if estimated battery is insufficient.",results/indicative-twin-hierarchy-a/raw/cases.jsonl,T3-T2,T3,T2,1,1,0,7b8abcaf77e33a89ef96c35a1b5c6860d6a7d34bc57622fee49f6162429a50b2,293bef93a010f89691ac79d9e01e4e0bb737623f0215039072f2a948d71f65b1
a,107,REACH_PUMP2_WITH_RECHARGE,23edb3dddb67a1be2988fa6da7f30020523f7a853bb7e43754e06942d27d2600,ROUTE_BLOCKED,1,"[""ROUTE_BLOCKED""]","[""UNAVAILABLE""]",false,0,"Reach Pump 2, but recharge first if estimated battery is insufficient.",results/indicative-twin-hierarchy-a/raw/cases.jsonl,T4-T3,T4,T3,1,1,0,87a3d982d61bb3541525ab8f2951a9a448c162b4688a089b8a138f29d6e0d63e,7b8abcaf77e33a89ef96c35a1b5c6860d6a7d34bc57622fee49f6162429a50b2
a,107,REPLAN_ON_RESTRICTION,b9e4b5e0b0d7340323bb0ab2e9e76e8bba6732f9d40df19527d2a97983d26c7e,ROOM_RESTRICTED,1,"[""ROOM_RESTRICTED""]","[""RESTRICTED""]",false,0,Safely inspect Valve 7 and replan if a room becomes restricted.,results/indicative-twin-hierarchy-a/raw/cases.jsonl,T3-T2,T3,T2,1,0,1,686c290c15df01e85e316a0eb9db8da2a02ff2fa3359cb850c4a24a091ab65a5,67a171e65c648b82e7493c3926d557c36cf1906e3bbb275720a46364d74eb55f
a,107,REPLAN_ON_RESTRICTION,b9e4b5e0b0d7340323bb0ab2e9e76e8bba6732f9d40df19527d2a97983d26c7e,ROOM_RESTRICTED,1,"[""ROOM_RESTRICTED""]","[""RESTRICTED""]",false,0,Safely inspect Valve 7 and replan if a room becomes restricted.,results/indicative-twin-hierarchy-a/raw/cases.jsonl,T4-T3,T4,T3,1,1,0,9d42dde2becad916f0d5a2931e432e20425f85b9a25c29067dab4fdf723fcd86,686c290c15df01e85e316a0eb9db8da2a02ff2fa3359cb850c4a24a091ab65a5
a,107,STORE_CARRIED_TOOL,afb5a1b9c26a8a604f2ca9333b3ef70e2f76ff7d775e804e0897b078ce10b856,NONE,0,[],[],true,1,Find a safe location for the carried tool.,results/indicative-twin-hierarchy-a/raw/cases.jsonl,T3-T2,T3,T2,1,0,1,25a18b684e961c1282b0e46ebd5f13f51d501677614c57f8d7da338893666d8f,f84fbff8720ff3157271057773fdf31161417b3cd6d5533d92f44630ce581d92
a,107,STORE_CARRIED_TOOL,afb5a1b9c26a8a604f2ca9333b3ef70e2f76ff7d775e804e0897b078ce10b856,NONE,0,[],[],true,1,Find a safe location for the carried tool.,results/indicative-twin-hierarchy-a/raw/cases.jsonl,T4-T3,T4,T3,1,1,0,815b7b3c1c84de1c331eb64bf0724804d061c88c93170021ce11bc683585267a,25a18b684e961c1282b0e46ebd5f13f51d501677614c57f8d7da338893666d8f
a,108,INSPECT_NEAREST_COOLANT,67b644b55deaa486b4b7eb6aec45da483a8e3d89d6e548f1b6fb174b2637e7f0,NONE,0,[],[],true,1,Inspect the nearest coolant valve without entering a restricted room.,results/indicative-twin-hierarchy-a/raw/cases.jsonl,T3-T2,T3,T2,1,0,1,ea8573242904b925eef0be9d0cf1517e8eecb321d1715348df6db050f4a38eb1,cf282e8b314464f0c2a8e70912c8e1d84f879e951c01504b7b54591130544cd4
a,108,INSPECT_NEAREST_COOLANT,67b644b55deaa486b4b7eb6aec45da483a8e3d89d6e548f1b6fb174b2637e7f0,NONE,0,[],[],true,1,Inspect the nearest coolant valve without entering a restricted room.,results/indicative-twin-hierarchy-a/raw/cases.jsonl,T4-T3,T4,T3,1,1,0,de5be9158320cb4a3e77c3ae3dd160eccd8aa5afb1f88ac08a49af696dd72941,ea8573242904b925eef0be9d0cf1517e8eecb321d1715348df6db050f4a38eb1
a,108,INSPECT_VALVE7_WITH_ALTERNATE,f63b6fd758ed824c8498d4ebdd934d65cd9c85967376e6fac1a67936f956be3e,NONE,0,[],[],true,1,"Inspect Valve 7; if Door 3 is unavailable, use another route.",results/indicative-twin-hierarchy-a/raw/cases.jsonl,T3-T2,T3,T2,1,1,0,e9981dcdadd0b738c3280e86d25674bc7556da77469fea12a0fe6d942456f2d7,432e1f2d82aa498c61f4040964d643ac79d3fc26a749649b07071603e52cbbf5
a,108,INSPECT_VALVE7_WITH_ALTERNATE,f63b6fd758ed824c8498d4ebdd934d65cd9c85967376e6fac1a67936f956be3e,NONE,0,[],[],true,1,"Inspect Valve 7; if Door 3 is unavailable, use another route.",results/indicative-twin-hierarchy-a/raw/cases.jsonl,T4-T3,T4,T3,1,1,0,f942c596169f236e20dbac5bdd53d36b51e079d937b0483585b6a6585cbae966,e9981dcdadd0b738c3280e86d25674bc7556da77469fea12a0fe6d942456f2d7
a,108,REACH_PUMP2_WITH_RECHARGE,2c8da8ec40c3cb005b0bbf056c4c39d8c105e350505a0495064c9e9a422d65c3,NONE,0,[],[],false,0,"Reach Pump 2, but recharge first if estimated battery is insufficient.",results/indicative-twin-hierarchy-a/raw/cases.jsonl,T3-T2,T3,T2,0,0,0,f82bdd2bdbe9afe9358a4b607fd566eed1d8e4c73da13444a19916f964a2b7bc,6b0256847f2909e738637341c818c7f7c47704f646277502fae0d33d355efdd3
a,108,REACH_PUMP2_WITH_RECHARGE,2c8da8ec40c3cb005b0bbf056c4c39d8c105e350505a0495064c9e9a422d65c3,NONE,0,[],[],false,0,"Reach Pump 2, but recharge first if estimated battery is insufficient.",results/indicative-twin-hierarchy-a/raw/cases.jsonl,T4-T3,T4,T3,0,0,0,3eaa5defe4c4edacd30446c7c9902d3ccc90d70e51b8a78ad0658c25e3df43cb,f82bdd2bdbe9afe9358a4b607fd566eed1d8e4c73da13444a19916f964a2b7bc
a,108,REPLAN_ON_RESTRICTION,741140c38894c6a309314dd603bda0a7e4f7aefa6790d3585ae41cd589133dec,ROOM_RESTRICTED,1,"[""ROOM_RESTRICTED""]","[""RESTRICTED""]",false,0,Inspect Valve 7 and replan if a room becomes restricted.,results/indicative-twin-hierarchy-a/raw/cases.jsonl,T3-T2,T3,T2,1,0,1,5b2511781dd8d6b17df282bbd7411792f81603c03181338a2d53e0d54c4d2fbb,b7ea649b2507450da916103c07083f5d1dfa7fc1f212ec1d11e77f84e95a3652
a,108,REPLAN_ON_RESTRICTION,741140c38894c6a309314dd603bda0a7e4f7aefa6790d3585ae41cd589133dec,ROOM_RESTRICTED,1,"[""ROOM_RESTRICTED""]","[""RESTRICTED""]",false,0,Inspect Valve 7 and replan if a room becomes restricted.,results/indicative-twin-hierarchy-a/raw/cases.jsonl,T4-T3,T4,T3,1,1,0,d90c66f227598f2e13f6dcdb03ad8acd90ad40d7502a4a3d808dc1106d30f73f,5b2511781dd8d6b17df282bbd7411792f81603c03181338a2d53e0d54c4d2fbb
a,108,STORE_CARRIED_TOOL,632886606863a24b5c17cdfb17d8716d192f2fbd17a631aa2df5946d92421ebb,NONE,0,[],[],false,0,Find a safe location for the carried tool.,results/indicative-twin-hierarchy-a/raw/cases.jsonl,T3-T2,T3,T2,1,1,0,9e4985c01d75d2154cd10b0739ac34d138e8d3e7232ec800a21c5db4b3f0de18,3bac1a40dd8946bd71340e76c44dfd11e1f514a8a6c8ac4400bfbbb4fb1c46f0
a,108,STORE_CARRIED_TOOL,632886606863a24b5c17cdfb17d8716d192f2fbd17a631aa2df5946d92421ebb,NONE,0,[],[],false,0,Find a safe location for the carried tool.,results/indicative-twin-hierarchy-a/raw/cases.jsonl,T4-T3,T4,T3,1,1,0,62d901e1361647d8f8f82ec6ce8789b486394acddeef8837a8f86176d4b7f977,9e4985c01d75d2154cd10b0739ac34d138e8d3e7232ec800a21c5db4b3f0de18
a,109,INSPECT_NEAREST_COOLANT,6b25b5855ea3181c17bb50a48208a773f964c98da3b7c02d51857960c1c2f13d,ROUTE_BLOCKED,1,"[""ROUTE_BLOCKED""]","[""UNAVAILABLE""]",false,0,Safely inspect the nearest coolant valve without entering a restricted room.,results/indicative-twin-hierarchy-a/raw/cases.jsonl,T3-T2,T3,T2,1,1,0,4bd80b77eaa98083856ac34e7af9cddf5254b2e03a58609e3445630ede374b42,dfe7de56fef8be88335f0f1ebef00b926b36e269ea02c1d0e4b34906a3c63162
a,109,INSPECT_NEAREST_COOLANT,6b25b5855ea3181c17bb50a48208a773f964c98da3b7c02d51857960c1c2f13d,ROUTE_BLOCKED,1,"[""ROUTE_BLOCKED""]","[""UNAVAILABLE""]",false,0,Safely inspect the nearest coolant valve without entering a restricted room.,results/indicative-twin-hierarchy-a/raw/cases.jsonl,T4-T3,T4,T3,1,1,0,0db1c62be300dbe2b13112d9f8a1ad46f7f19fc79a9405aedaa867779b2120d8,4bd80b77eaa98083856ac34e7af9cddf5254b2e03a58609e3445630ede374b42
a,109,INSPECT_VALVE7_WITH_ALTERNATE,765f0af5f533865ad3c1c3869da7e4072de4976fad9712f1be84bf9304617a3c,NONE,0,[],[],false,0,"Safely inspect Valve 7; if Door 3 is unavailable, use another route.",results/indicative-twin-hierarchy-a/raw/cases.jsonl,T3-T2,T3,T2,1,0,1,d3c962c7a161eae349649c06ac6597678f07516ea98b02cdd05f74a6f32b9b41,218973dbc92b0d1e3eaf32059cf3f6794230e4e3c0e24470f18a3d100df5c3ed
a,109,INSPECT_VALVE7_WITH_ALTERNATE,765f0af5f533865ad3c1c3869da7e4072de4976fad9712f1be84bf9304617a3c,NONE,0,[],[],false,0,"Safely inspect Valve 7; if Door 3 is unavailable, use another route.",results/indicative-twin-hierarchy-a/raw/cases.jsonl,T4-T3,T4,T3,1,1,0,8d2df01814bd4fb2381ab2ffafd119eb4052a116be195af743dc6958e2243087,d3c962c7a161eae349649c06ac6597678f07516ea98b02cdd05f74a6f32b9b41
a,109,REACH_PUMP2_WITH_RECHARGE,bb54c1b9296febfa848d09f18269068489ed1f83a1192f696bd65c77373eb24f,NONE,0,[],[],true,1,"Reach Pump 2, but recharge first if estimated battery is insufficient.",results/indicative-twin-hierarchy-a/raw/cases.jsonl,T3-T2,T3,T2,1,1,0,d71d3789707211cdce4f221bfac8cee1c6d278901495c167ad150ab4a58542e9,264f86102c92ba05f484f44c5f6cbc4cca55fd6f7f9fda28bf20b2721074dcfb
a,109,REACH_PUMP2_WITH_RECHARGE,bb54c1b9296febfa848d09f18269068489ed1f83a1192f696bd65c77373eb24f,NONE,0,[],[],true,1,"Reach Pump 2, but recharge first if estimated battery is insufficient.",results/indicative-twin-hierarchy-a/raw/cases.jsonl,T4-T3,T4,T3,1,1,0,ce721e2952c01bc59b7f3d7116dd615e7f142fa026360b97c92db38ec525f5d9,d71d3789707211cdce4f221bfac8cee1c6d278901495c167ad150ab4a58542e9
a,109,REPLAN_ON_RESTRICTION,fb31387db1719f32dfe88d0c35b8184e143237072eb1c366fd55991141ea4539,ROOM_RESTRICTED,1,"[""ROOM_RESTRICTED""]","[""RESTRICTED""]",true,1,Safely inspect Valve 7 and replan if a room becomes restricted.,results/indicative-twin-hierarchy-a/raw/cases.jsonl,T3-T2,T3,T2,1,0,1,88cf2a1c9252844af4e48a4f07a1a79bcb3e44400d7bccd2c4c91189622047c4,87e028b12029de5976e0ea37ed4ce0cdb8966bf5aa20005bba795d07b25289a3
a,109,REPLAN_ON_RESTRICTION,fb31387db1719f32dfe88d0c35b8184e143237072eb1c366fd55991141ea4539,ROOM_RESTRICTED,1,"[""ROOM_RESTRICTED""]","[""RESTRICTED""]",true,1,Safely inspect Valve 7 and replan if a room becomes restricted.,results/indicative-twin-hierarchy-a/raw/cases.jsonl,T4-T3,T4,T3,1,1,0,a782e72aa4440399cc500c4f7d319d091a2a0d21b15b1b91cc62826f9d11df8d,88cf2a1c9252844af4e48a4f07a1a79bcb3e44400d7bccd2c4c91189622047c4
a,109,STORE_CARRIED_TOOL,58815595d21cf762b4ed51502e6e0cf804279967414437c680edacb1fc461fea,ROUTE_BLOCKED,1,"[""ROUTE_BLOCKED""]","[""UNAVAILABLE""]",true,1,Find a safe location for the carried tool.,results/indicative-twin-hierarchy-a/raw/cases.jsonl,T3-T2,T3,T2,1,0,1,822de5586687d3ee9dbea6cb330c32bf648096c8a4e5c144266ccd669a73ca2a,f4c69e0b519a5477a6ab92252e0fe83f9a3f2555a37a29ba0595b08f16f2250a
a,109,STORE_CARRIED_TOOL,58815595d21cf762b4ed51502e6e0cf804279967414437c680edacb1fc461fea,ROUTE_BLOCKED,1,"[""ROUTE_BLOCKED""]","[""UNAVAILABLE""]",true,1,Find a safe location for the carried tool.,results/indicative-twin-hierarchy-a/raw/cases.jsonl,T4-T3,T4,T3,1,1,0,668e89e9763e033c78b1dfcddc3059393da06ab83e84a6b5abe31ac1ef2b4a93,822de5586687d3ee9dbea6cb330c32bf648096c8a4e5c144266ccd669a73ca2a
a,110,INSPECT_NEAREST_COOLANT,c2ca4f563e20b69ae9fa2c898fa6d349b0f1da0271a838960e46defd2e607396,INSTRUCTION_CHANGED,1,"[""INSTRUCTION_CHANGED""]","[""AVOID_ROOM:ElectricalRoom""]",true,1,Inspect the nearest coolant valve without entering a restricted room.,results/indicative-twin-hierarchy-a/raw/cases.jsonl,T3-T2,T3,T2,1,1,0,80b652e1023b4186086b35597fced74f6b42ef36e6ff0fc516b3146bb8badd2a,9c2dcab557c127fd8afaa5ea62ff801101aa10ca0dcb0db8501fb5c66c72dddd
a,110,INSPECT_NEAREST_COOLANT,c2ca4f563e20b69ae9fa2c898fa6d349b0f1da0271a838960e46defd2e607396,INSTRUCTION_CHANGED,1,"[""INSTRUCTION_CHANGED""]","[""AVOID_ROOM:ElectricalRoom""]",true,1,Inspect the nearest coolant valve without entering a restricted room.,results/indicative-twin-hierarchy-a/raw/cases.jsonl,T4-T3,T4,T3,1,1,0,8269156de02c9d6aa17d4a1e8a9c1b7205bae09734897f83c9a60a24be8f7d4d,80b652e1023b4186086b35597fced74f6b42ef36e6ff0fc516b3146bb8badd2a
a,110,INSPECT_VALVE7_WITH_ALTERNATE,4196d0126a305dd33fc7f0cbe665228b290aa7727c39b63f7d42c13f716564ff,INSTRUCTION_CHANGED,1,"[""INSTRUCTION_CHANGED""]","[""AVOID_ROOM:ElectricalRoom""]",true,1,"Inspect Valve 7; if Door 3 is unavailable, use another route.",results/indicative-twin-hierarchy-a/raw/cases.jsonl,T3-T2,T3,T2,1,1,0,dcdee54bce1a95fe4221e15cd85ba2784a71584c165abfea0ac09530c5af324c,60fd0e35ed10b4c6a7e9e91f0aec7d55d78c2e15e28406c68ff12c909cb7ed5b
a,110,INSPECT_VALVE7_WITH_ALTERNATE,4196d0126a305dd33fc7f0cbe665228b290aa7727c39b63f7d42c13f716564ff,INSTRUCTION_CHANGED,1,"[""INSTRUCTION_CHANGED""]","[""AVOID_ROOM:ElectricalRoom""]",true,1,"Inspect Valve 7; if Door 3 is unavailable, use another route.",results/indicative-twin-hierarchy-a/raw/cases.jsonl,T4-T3,T4,T3,1,1,0,b5b12272e2250365ee189a37cc5d847a6e752212c6756f4efacbc536e54dd817,dcdee54bce1a95fe4221e15cd85ba2784a71584c165abfea0ac09530c5af324c
a,110,REACH_PUMP2_WITH_RECHARGE,20430fef499d5b17a83f1024708fb7107e0ce00b1dbf29b040a9b0c9978b1bbf,INSTRUCTION_CHANGED,1,"[""INSTRUCTION_CHANGED""]","[""AVOID_ROOM:ElectricalRoom""]",false,0,"Reach Pump 2, but recharge first if estimated battery is insufficient.",results/indicative-twin-hierarchy-a/raw/cases.jsonl,T3-T2,T3,T2,0,0,0,9f41d06ba5b1560bb17fb2a044650afcff54c2a21af1ac72a3e9a0f86be63386,7ec54f72af91d1b9e624ff4c8a837e4b4a1036689f3928a615a066ab87d2b394
a,110,REACH_PUMP2_WITH_RECHARGE,20430fef499d5b17a83f1024708fb7107e0ce00b1dbf29b040a9b0c9978b1bbf,INSTRUCTION_CHANGED,1,"[""INSTRUCTION_CHANGED""]","[""AVOID_ROOM:ElectricalRoom""]",false,0,"Reach Pump 2, but recharge first if estimated battery is insufficient.",results/indicative-twin-hierarchy-a/raw/cases.jsonl,T4-T3,T4,T3,0,0,0,5ceed82abb2694d7f8d78762c05fe3717e0083f6b192f8773796fd6f866107e9,9f41d06ba5b1560bb17fb2a044650afcff54c2a21af1ac72a3e9a0f86be63386
a,110,REPLAN_ON_RESTRICTION,a01d054ef27db66ad2abdd11b1767992f977cbb34c1cc571afec2adbffd9d6bd,INSTRUCTION_CHANGED+ROOM_RESTRICTED,2,"[""INSTRUCTION_CHANGED"",""ROOM_RESTRICTED""]","[""AVOID_ROOM:ElectricalRoom"",""RESTRICTED""]",false,0,Inspect Valve 7 and replan if a room becomes restricted.,results/indicative-twin-hierarchy-a/raw/cases.jsonl,T3-T2,T3,T2,0,0,0,5174b22872ba6242de9e71b7f2d2cd3f619820cbd8b4b145dbcdd9fb680faaa6,04095a034875292586cdfb75eecfa5f556a445b893a6cdd81b5277329fee127c
a,110,REPLAN_ON_RESTRICTION,a01d054ef27db66ad2abdd11b1767992f977cbb34c1cc571afec2adbffd9d6bd,INSTRUCTION_CHANGED+ROOM_RESTRICTED,2,"[""INSTRUCTION_CHANGED"",""ROOM_RESTRICTED""]","[""AVOID_ROOM:ElectricalRoom"",""RESTRICTED""]",false,0,Inspect Valve 7 and replan if a room becomes restricted.,results/indicative-twin-hierarchy-a/raw/cases.jsonl,T4-T3,T4,T3,0,0,0,3847921794c8fbfb560245ed95b280e4345dabd6b758e93463f34cdb300bd296,5174b22872ba6242de9e71b7f2d2cd3f619820cbd8b4b145dbcdd9fb680faaa6
a,110,STORE_CARRIED_TOOL,500ffb8e83898482cc34c09177bd4f426aaaabaffc5e1989041e2b2684b438e2,INSTRUCTION_CHANGED+ROUTE_BLOCKED,2,"[""ROUTE_BLOCKED"",""INSTRUCTION_CHANGED""]","[""UNAVAILABLE"",""AVOID_ROOM:ElectricalRoom""]",true,1,Find a safe location for the carried tool.,results/indicative-twin-hierarchy-a/raw/cases.jsonl,T3-T2,T3,T2,0,0,0,3cce79c26cb3e9ed78b33184a19a960d499b6d540c74a2c215a3ab01196d4d7d,b877bc18403942f7da9dd50744f77aa5d28cbafcd1a3d15cf663b89fd30ac96a
a,110,STORE_CARRIED_TOOL,500ffb8e83898482cc34c09177bd4f426aaaabaffc5e1989041e2b2684b438e2,INSTRUCTION_CHANGED+ROUTE_BLOCKED,2,"[""ROUTE_BLOCKED"",""INSTRUCTION_CHANGED""]","[""UNAVAILABLE"",""AVOID_ROOM:ElectricalRoom""]",true,1,Find a safe location for the carried tool.,results/indicative-twin-hierarchy-a/raw/cases.jsonl,T4-T3,T4,T3,0,0,0,b0e287d5ea7228628dacd422d3530c69299b65adcb4a5a4affe14f9bac5ff5ab,3cce79c26cb3e9ed78b33184a19a960d499b6d540c74a2c215a3ab01196d4d7d
a,111,INSPECT_NEAREST_COOLANT,43af612c2eb263377f0abde909414f4673b865e793a95427002b562aa037b481,ROUTE_BLOCKED,1,"[""ROUTE_BLOCKED""]","[""UNAVAILABLE""]",false,0,Safely inspect the nearest coolant valve without entering a restricted room.,results/indicative-twin-hierarchy-a/raw/cases.jsonl,T3-T2,T3,T2,0,0,0,56364e5e84e03a76c11e46dfa8649535f3cf3728b3c5fcad59eee2b2fc7e1ee7,f23142fa1b2b546a396b47b6b88ccda1339e3ae7c6ebd478f4825993cfe98925
a,111,INSPECT_NEAREST_COOLANT,43af612c2eb263377f0abde909414f4673b865e793a95427002b562aa037b481,ROUTE_BLOCKED,1,"[""ROUTE_BLOCKED""]","[""UNAVAILABLE""]",false,0,Safely inspect the nearest coolant valve without entering a restricted room.,results/indicative-twin-hierarchy-a/raw/cases.jsonl,T4-T3,T4,T3,0,0,0,dbf1f8ed34b23453c0456d6a283ff93dc6d567ed07ba9643c1fc600bf10c30e2,56364e5e84e03a76c11e46dfa8649535f3cf3728b3c5fcad59eee2b2fc7e1ee7
a,111,INSPECT_VALVE7_WITH_ALTERNATE,c49d0211ccf85a1417ff520c3253a86a1d8112d6f1cde44719f17823a951c906,NONE,0,[],[],false,0,"Safely inspect Valve 7; if Door 3 is unavailable, use another route.",results/indicative-twin-hierarchy-a/raw/cases.jsonl,T3-T2,T3,T2,1,1,0,68bb48db3ac8bf45a89a56239013372f8cb9c774048856be522d909a5df7139d,4594be3d859a03d354326bbe6cf762a6b72e01307d39fd6385a20a67c634bd6a
a,111,INSPECT_VALVE7_WITH_ALTERNATE,c49d0211ccf85a1417ff520c3253a86a1d8112d6f1cde44719f17823a951c906,NONE,0,[],[],false,0,"Safely inspect Valve 7; if Door 3 is unavailable, use another route.",results/indicative-twin-hierarchy-a/raw/cases.jsonl,T4-T3,T4,T3,1,1,0,17944966b2c6daaa037fdd466b4172df1f805cb3c4ab1e1dc8449b3dd9923030,68bb48db3ac8bf45a89a56239013372f8cb9c774048856be522d909a5df7139d
a,111,REACH_PUMP2_WITH_RECHARGE,c5e3c6a35774882b43260630cb7ca00008c1ea68ae145e421f01237065d5aefb,ROUTE_BLOCKED,1,"[""ROUTE_BLOCKED""]","[""UNAVAILABLE""]",true,2,"Reach Pump 2, but recharge first if estimated battery is insufficient.",results/indicative-twin-hierarchy-a/raw/cases.jsonl,T3-T2,T3,T2,0,0,0,59f474d45e6d06a60955086de89432957d0d1b1b7d6bc8c106fe8440cd477ec9,d5aadc4cffa3b9deeea2e844c5dfe3df21603738638fdf31687664584bbb81a8
a,111,REACH_PUMP2_WITH_RECHARGE,c5e3c6a35774882b43260630cb7ca00008c1ea68ae145e421f01237065d5aefb,ROUTE_BLOCKED,1,"[""ROUTE_BLOCKED""]","[""UNAVAILABLE""]",true,2,"Reach Pump 2, but recharge first if estimated battery is insufficient.",results/indicative-twin-hierarchy-a/raw/cases.jsonl,T4-T3,T4,T3,0,0,0,bf729297c5149646e7358d135cbb5b87bbfeb61e8d5afa99bddb657471ca045c,59f474d45e6d06a60955086de89432957d0d1b1b7d6bc8c106fe8440cd477ec9
a,111,REPLAN_ON_RESTRICTION,776b64617683755757b3e884d2ef5e5ca4ed909a5f2d3a93eba76ba5d6da3e50,ROOM_RESTRICTED,1,"[""ROOM_RESTRICTED""]","[""RESTRICTED""]",true,1,Safely inspect Valve 7 and replan if a room becomes restricted.,results/indicative-twin-hierarchy-a/raw/cases.jsonl,T3-T2,T3,T2,1,0,1,d98347c6ab2d676dfcbcf661bb58efc449f0e01667ce66c773445318d302551e,ee06401883e30af4be719844ef30bb73d7be52f0d10a34d776706f859edf0f94
a,111,REPLAN_ON_RESTRICTION,776b64617683755757b3e884d2ef5e5ca4ed909a5f2d3a93eba76ba5d6da3e50,ROOM_RESTRICTED,1,"[""ROOM_RESTRICTED""]","[""RESTRICTED""]",true,1,Safely inspect Valve 7 and replan if a room becomes restricted.,results/indicative-twin-hierarchy-a/raw/cases.jsonl,T4-T3,T4,T3,1,1,0,0be9e1043eeddc2dbcb0295f747f1a2fd455467435a316f2f393f78181b7cefc,d98347c6ab2d676dfcbcf661bb58efc449f0e01667ce66c773445318d302551e
a,111,STORE_CARRIED_TOOL,0d690335c3d1c1462851b975a1f78cecec45a4e7039dc82b305599b9bb9c3f2e,NONE,0,[],[],true,2,Find a safe location for the carried tool.,results/indicative-twin-hierarchy-a/raw/cases.jsonl,T3-T2,T3,T2,0,0,0,a3b534372dab97376a6d94d542c31f8b8fd3345ac61f7162397fc7ae54c7688a,d73ca7db36cbc60c093634551bfaea733b1a009fd32c827f530839a6ffb76cec
a,111,STORE_CARRIED_TOOL,0d690335c3d1c1462851b975a1f78cecec45a4e7039dc82b305599b9bb9c3f2e,NONE,0,[],[],true,2,Find a safe location for the carried tool.,results/indicative-twin-hierarchy-a/raw/cases.jsonl,T4-T3,T4,T3,0,0,0,6f3a394bacc7a3789d68401d0c75344188ee9f4b5fac8d6e7601e365e51030ac,a3b534372dab97376a6d94d542c31f8b8fd3345ac61f7162397fc7ae54c7688a
a,112,INSPECT_NEAREST_COOLANT,0c38370c17301ef84c2f574f5f932401166a48e78ccfb1ed4fcb02e98d89c94d,NONE,0,[],[],false,0,Inspect the nearest coolant valve without entering a restricted room.,results/indicative-twin-hierarchy-a/raw/cases.jsonl,T3-T2,T3,T2,1,0,1,c4bee6b933bd0eb792b48c0e7ed99b4a9791ac3e491b75d4b64d9e31208581ee,c65674df5b906caf7684ffaa5b8d1bf8d8aa5b19f2b465d00fa86065b6fdfe49
a,112,INSPECT_NEAREST_COOLANT,0c38370c17301ef84c2f574f5f932401166a48e78ccfb1ed4fcb02e98d89c94d,NONE,0,[],[],false,0,Inspect the nearest coolant valve without entering a restricted room.,results/indicative-twin-hierarchy-a/raw/cases.jsonl,T4-T3,T4,T3,1,1,0,98b744e19d9eab16d29076541a3aa59c591b44ab0c7f3010889a15ac18cfc6de,c4bee6b933bd0eb792b48c0e7ed99b4a9791ac3e491b75d4b64d9e31208581ee
a,112,INSPECT_VALVE7_WITH_ALTERNATE,daa2b46647442777780e78620c36316e0861462309f23caa6c88a2250ca970c9,ROUTE_BLOCKED,1,"[""ROUTE_BLOCKED""]","[""UNAVAILABLE""]",true,1,"Inspect Valve 7; if Door 3 is unavailable, use another route.",results/indicative-twin-hierarchy-a/raw/cases.jsonl,T3-T2,T3,T2,1,0,1,27a631dbc12bb24549e2dae5e3c28a3fd23d184b269c48d614f6f727be8ea629,3e01ba034b4a131160861100c1e50d034466a3d1ecbdefea64e38e636c66ee9a
a,112,INSPECT_VALVE7_WITH_ALTERNATE,daa2b46647442777780e78620c36316e0861462309f23caa6c88a2250ca970c9,ROUTE_BLOCKED,1,"[""ROUTE_BLOCKED""]","[""UNAVAILABLE""]",true,1,"Inspect Valve 7; if Door 3 is unavailable, use another route.",results/indicative-twin-hierarchy-a/raw/cases.jsonl,T4-T3,T4,T3,1,1,0,d7178f5f22988e3d60bd93ea127819537d72b110644e113696e14dc0bcea0840,27a631dbc12bb24549e2dae5e3c28a3fd23d184b269c48d614f6f727be8ea629
a,112,REACH_PUMP2_WITH_RECHARGE,c1a1a9029a79e6ffd1ea66a4ae30c5bc30f6e88ba0d67a65304a89f53fb1d77d,NONE,0,[],[],true,1,"Reach Pump 2, but recharge first if estimated battery is insufficient.",results/indicative-twin-hierarchy-a/raw/cases.jsonl,T3-T2,T3,T2,1,1,0,13b495f6a52e6151cfff4a740da36d4670aa289902799360679087369bf0ad0c,e21bc0acc91035a94285c65a9c32850053d14ba55138b76b8dbff9cabd8dcd76
a,112,REACH_PUMP2_WITH_RECHARGE,c1a1a9029a79e6ffd1ea66a4ae30c5bc30f6e88ba0d67a65304a89f53fb1d77d,NONE,0,[],[],true,1,"Reach Pump 2, but recharge first if estimated battery is insufficient.",results/indicative-twin-hierarchy-a/raw/cases.jsonl,T4-T3,T4,T3,1,1,0,d27127aa695aaf1dd8c023bc796393a8f7ab27f55651de30b13dcdb10146219e,13b495f6a52e6151cfff4a740da36d4670aa289902799360679087369bf0ad0c
a,112,REPLAN_ON_RESTRICTION,c28e34cbccbc498ce68230dfc16234a0e4ecaec4b045f790b1e6280dabdd18e3,ROOM_RESTRICTED+ROUTE_BLOCKED,2,"[""ROUTE_BLOCKED"",""ROOM_RESTRICTED""]","[""UNAVAILABLE"",""RESTRICTED""]",false,0,Inspect Valve 7 and replan if a room becomes restricted.,results/indicative-twin-hierarchy-a/raw/cases.jsonl,T3-T2,T3,T2,1,0,1,0d2a99d8c300ba71a8a78ac5b7adf19988b02109e836082208a6e23e7db40f70,141c55921742da2ab42dc29d2245ef4bca25cd3253a8d8a7b5fae117d7774ef6
a,112,REPLAN_ON_RESTRICTION,c28e34cbccbc498ce68230dfc16234a0e4ecaec4b045f790b1e6280dabdd18e3,ROOM_RESTRICTED+ROUTE_BLOCKED,2,"[""ROUTE_BLOCKED"",""ROOM_RESTRICTED""]","[""UNAVAILABLE"",""RESTRICTED""]",false,0,Inspect Valve 7 and replan if a room becomes restricted.,results/indicative-twin-hierarchy-a/raw/cases.jsonl,T4-T3,T4,T3,1,1,0,f9ff4187c55aef610df7e355bbf382ff6b8ee1bc4a7556c3f24047b8d3b62821,0d2a99d8c300ba71a8a78ac5b7adf19988b02109e836082208a6e23e7db40f70
a,112,STORE_CARRIED_TOOL,067c64abefc6f47f3c183d12e147b232b7ba45c36199dd7f7ef62651f7c474c3,ROUTE_BLOCKED,1,"[""ROUTE_BLOCKED""]","[""UNAVAILABLE""]",true,1,Find a safe location for the carried tool.,results/indicative-twin-hierarchy-a/raw/cases.jsonl,T3-T2,T3,T2,0,0,0,e4c28146af9beed42883a2b9ef9ac569ab4a54ae0d7128dd9c95b60fda6b178a,bd4907ed367d80a52cdfe6601f108fb96e4c409696024b6d4b95ec5dce10fdec
a,112,STORE_CARRIED_TOOL,067c64abefc6f47f3c183d12e147b232b7ba45c36199dd7f7ef62651f7c474c3,ROUTE_BLOCKED,1,"[""ROUTE_BLOCKED""]","[""UNAVAILABLE""]",true,1,Find a safe location for the carried tool.,results/indicative-twin-hierarchy-a/raw/cases.jsonl,T4-T3,T4,T3,0,0,0,632f0e1b579047cb433d34fdff49ea9370902493233d71cbb5c9d173ed9e4f20,e4c28146af9beed42883a2b9ef9ac569ab4a54ae0d7128dd9c95b60fda6b178a
a,113,INSPECT_NEAREST_COOLANT,3bb0dd3b8c59a2b689f7b43f468d189137f885b07a8f2e8bb1a3f9a41c2aae5b,NONE,0,[],[],true,1,Safely inspect the nearest coolant valve without entering a restricted room.,results/indicative-twin-hierarchy-a/raw/cases.jsonl,T3-T2,T3,T2,1,0,1,70b6095645d90bfc825753cd774bce995b6030acfae6ac9c1e33a6fab168a9cf,4001a91fa0223c1c766a0b3811e0b23db27ee5ac569f05d6f554055c78321f86
a,113,INSPECT_NEAREST_COOLANT,3bb0dd3b8c59a2b689f7b43f468d189137f885b07a8f2e8bb1a3f9a41c2aae5b,NONE,0,[],[],true,1,Safely inspect the nearest coolant valve without entering a restricted room.,results/indicative-twin-hierarchy-a/raw/cases.jsonl,T4-T3,T4,T3,1,1,0,ab433a81092988a95ce311adf0f485f0cada2856b390e46e86366825020ff86d,70b6095645d90bfc825753cd774bce995b6030acfae6ac9c1e33a6fab168a9cf
a,113,INSPECT_VALVE7_WITH_ALTERNATE,61c7918ff4be27d00da28b9c5196158fcf19c418bf9f1789bf282663d46e77e2,ROUTE_BLOCKED,1,"[""ROUTE_BLOCKED""]","[""UNAVAILABLE""]",true,1,"Safely inspect Valve 7; if Door 3 is unavailable, use another route.",results/indicative-twin-hierarchy-a/raw/cases.jsonl,T3-T2,T3,T2,1,1,0,fe3f738906b14f628eab179644e8d64473820612f89a157c4dec22fa19e59389,2d5da59bffa61ce4eab841c7642fb6cb8d17971f0af461ff8c2b6b6c0e82b7fb
a,113,INSPECT_VALVE7_WITH_ALTERNATE,61c7918ff4be27d00da28b9c5196158fcf19c418bf9f1789bf282663d46e77e2,ROUTE_BLOCKED,1,"[""ROUTE_BLOCKED""]","[""UNAVAILABLE""]",true,1,"Safely inspect Valve 7; if Door 3 is unavailable, use another route.",results/indicative-twin-hierarchy-a/raw/cases.jsonl,T4-T3,T4,T3,1,1,0,4212fb0b7b6f3b8e523cee6da5f1d213516aabe15d3094146b0c35bc8b22094f,fe3f738906b14f628eab179644e8d64473820612f89a157c4dec22fa19e59389
a,113,REACH_PUMP2_WITH_RECHARGE,8b507004a65283b7a19e84ac4bbc40e0eed33c6839abbc5f2dcfdf418df52dd5,ROUTE_BLOCKED,1,"[""ROUTE_BLOCKED""]","[""UNAVAILABLE""]",true,1,"Reach Pump 2, but recharge first if estimated battery is insufficient.",results/indicative-twin-hierarchy-a/raw/cases.jsonl,T3-T2,T3,T2,1,1,0,077403505301a0ac7aed469b778af4dbf59bdce4eb701d1918011c4c378dafc0,43293f7bd29210391df35db17064d454f6337a8075e925d089660aed85dec89e
a,113,REACH_PUMP2_WITH_RECHARGE,8b507004a65283b7a19e84ac4bbc40e0eed33c6839abbc5f2dcfdf418df52dd5,ROUTE_BLOCKED,1,"[""ROUTE_BLOCKED""]","[""UNAVAILABLE""]",true,1,"Reach Pump 2, but recharge first if estimated battery is insufficient.",results/indicative-twin-hierarchy-a/raw/cases.jsonl,T4-T3,T4,T3,1,1,0,1b6d23f9f6d56900af6c4964fcc6aa714ff5da47de46d1d7f66f6ebaf5d450f5,077403505301a0ac7aed469b778af4dbf59bdce4eb701d1918011c4c378dafc0
a,113,REPLAN_ON_RESTRICTION,79d9f44d5508a9e4d15fee2e1dfb53b565243a70877677824be7e6516a99b282,ROOM_RESTRICTED,1,"[""ROOM_RESTRICTED""]","[""RESTRICTED""]",false,0,Safely inspect Valve 7 and replan if a room becomes restricted.,results/indicative-twin-hierarchy-a/raw/cases.jsonl,T3-T2,T3,T2,1,0,1,182449bff182a88972977caa73ed71126c17f3d58bd8b907ac059e6fbd4dae2b,4675b88dc90d738b3467468087c019f5558b17461226309f1af8770dcc1a1218
a,113,REPLAN_ON_RESTRICTION,79d9f44d5508a9e4d15fee2e1dfb53b565243a70877677824be7e6516a99b282,ROOM_RESTRICTED,1,"[""ROOM_RESTRICTED""]","[""RESTRICTED""]",false,0,Safely inspect Valve 7 and replan if a room becomes restricted.,results/indicative-twin-hierarchy-a/raw/cases.jsonl,T4-T3,T4,T3,1,1,0,34c282eea3cd53a4dafb5190540f9369dc0e3d74f6b7dfd5f06961f5d873e3e3,182449bff182a88972977caa73ed71126c17f3d58bd8b907ac059e6fbd4dae2b
a,113,STORE_CARRIED_TOOL,a8594edbf0721fe464114fdecc65225969c51b59790196ba8d0f7535d441c0b5,NONE,0,[],[],false,0,Find a safe location for the carried tool.,results/indicative-twin-hierarchy-a/raw/cases.jsonl,T3-T2,T3,T2,1,1,0,f9a47fe0fac8585d360951a8b609097b5192432d1f062ed382c442c2b81bafd3,a868fe4cd0544731698f89cf0caa05849713dce09464875ce0a6709686237284
a,113,STORE_CARRIED_TOOL,a8594edbf0721fe464114fdecc65225969c51b59790196ba8d0f7535d441c0b5,NONE,0,[],[],false,0,Find a safe location for the carried tool.,results/indicative-twin-hierarchy-a/raw/cases.jsonl,T4-T3,T4,T3,1,1,0,d51eaeb4040401bb736d0f743dbeeb59c0a44b6379800e321a455776a1f7ab6a,f9a47fe0fac8585d360951a8b609097b5192432d1f062ed382c442c2b81bafd3
a,114,INSPECT_NEAREST_COOLANT,ca86a6ad0db82445de2bf14b085f4a5fe1a26f1f86788bc752dc009ab73bccf5,NONE,0,[],[],true,1,Inspect the nearest coolant valve without entering a restricted room.,results/indicative-twin-hierarchy-a/raw/cases.jsonl,T3-T2,T3,T2,1,1,0,d768c17191270197d915f3bc3123ded256d0e2d618c1d121b7c2563310fcd45b,c80e7f9ea5b4111a3a4fab6a0efb2f11e59f340e03fac5b0d68984489b5d060a
a,114,INSPECT_NEAREST_COOLANT,ca86a6ad0db82445de2bf14b085f4a5fe1a26f1f86788bc752dc009ab73bccf5,NONE,0,[],[],true,1,Inspect the nearest coolant valve without entering a restricted room.,results/indicative-twin-hierarchy-a/raw/cases.jsonl,T4-T3,T4,T3,1,1,0,0ff70a13dde694aded0272b12f0ac25edbc744e2d7ceac1b8debaca365a7c7f5,d768c17191270197d915f3bc3123ded256d0e2d618c1d121b7c2563310fcd45b
a,114,INSPECT_VALVE7_WITH_ALTERNATE,87e8d0ed67ba94a57a778c6ec094daf53040dc4993ac2a4f5136064e3cb98a6a,NONE,0,[],[],true,1,"Inspect Valve 7; if Door 3 is unavailable, use another route.",results/indicative-twin-hierarchy-a/raw/cases.jsonl,T3-T2,T3,T2,0,0,0,423d9bf18213c6614e828182c88b14873fcd8165c06c96c754cae715e555182c,a158760e7d2fc4693e410d3dc8abaaad4dc2384136539a4b78ab8bee0b068e42
a,114,INSPECT_VALVE7_WITH_ALTERNATE,87e8d0ed67ba94a57a778c6ec094daf53040dc4993ac2a4f5136064e3cb98a6a,NONE,0,[],[],true,1,"Inspect Valve 7; if Door 3 is unavailable, use another route.",results/indicative-twin-hierarchy-a/raw/cases.jsonl,T4-T3,T4,T3,1,0,1,c87d7759baf4272adcc059b3669180d661436b9e3427019f022d131fb43f4b28,423d9bf18213c6614e828182c88b14873fcd8165c06c96c754cae715e555182c
a,114,REACH_PUMP2_WITH_RECHARGE,5d8a55ac303e9a2d95b86b8fd5cdf24cd54d5b848034d6a0d917df8ef2a8b668,NONE,0,[],[],true,2,"Reach Pump 2, but recharge first if estimated battery is insufficient.",results/indicative-twin-hierarchy-a/raw/cases.jsonl,T3-T2,T3,T2,1,1,0,aa75ab4ae4c973e6d99f655a9d9349c41307ce3807acb669816ceae6327cbfba,55f14d35b0c4557b1426ec2d43d080f00c5858e6e6896e3798bce2c7e5d0b5a0
a,114,REACH_PUMP2_WITH_RECHARGE,5d8a55ac303e9a2d95b86b8fd5cdf24cd54d5b848034d6a0d917df8ef2a8b668,NONE,0,[],[],true,2,"Reach Pump 2, but recharge first if estimated battery is insufficient.",results/indicative-twin-hierarchy-a/raw/cases.jsonl,T4-T3,T4,T3,1,1,0,d6bbeec2f4ea840261ffa246a1590e7494d08782bb6fb3bbaa8697e380e68bb3,aa75ab4ae4c973e6d99f655a9d9349c41307ce3807acb669816ceae6327cbfba
a,114,REPLAN_ON_RESTRICTION,a9aaba15dd8ee9fbca4678ac00452a256a2c05b6257145d7749d5ccbd6a2ed0c,ROOM_RESTRICTED,1,"[""ROOM_RESTRICTED""]","[""RESTRICTED""]",false,0,Inspect Valve 7 and replan if a room becomes restricted.,results/indicative-twin-hierarchy-a/raw/cases.jsonl,T3-T2,T3,T2,1,0,1,faf545f58f40b6cafd1554f40141b32483ad73261f79b9919ff3caba8ebe6f7d,1a7b9b7dfcc7977e886aff6d825c1e6d3d1f7f965bc345d6a5e5a0da8c80e82d
a,114,REPLAN_ON_RESTRICTION,a9aaba15dd8ee9fbca4678ac00452a256a2c05b6257145d7749d5ccbd6a2ed0c,ROOM_RESTRICTED,1,"[""ROOM_RESTRICTED""]","[""RESTRICTED""]",false,0,Inspect Valve 7 and replan if a room becomes restricted.,results/indicative-twin-hierarchy-a/raw/cases.jsonl,T4-T3,T4,T3,1,1,0,4544aa33062f207c42d17ba026f4240225abc33a466c0e880ad4c262bd32e136,faf545f58f40b6cafd1554f40141b32483ad73261f79b9919ff3caba8ebe6f7d
a,114,STORE_CARRIED_TOOL,87c1d75c7cd8ae55aa5eb270505b5cea3b119c5ca713d773d8c3e86aa0fbba53,NONE,0,[],[],false,0,Find a safe location for the carried tool.,results/indicative-twin-hierarchy-a/raw/cases.jsonl,T3-T2,T3,T2,1,1,0,ebf80ddcb674bcb2de0c45af057c54a3ffcd19382b33972c98a31728bdb62b2d,bb2103d4b0ab1dc722bb488786b3b553ec1fd0bbc6634dbb12ccbb37b83184ec
a,114,STORE_CARRIED_TOOL,87c1d75c7cd8ae55aa5eb270505b5cea3b119c5ca713d773d8c3e86aa0fbba53,NONE,0,[],[],false,0,Find a safe location for the carried tool.,results/indicative-twin-hierarchy-a/raw/cases.jsonl,T4-T3,T4,T3,1,1,0,2a2033b6d6e7cf98e842c198f36ed1af53f80ae995d9a097be860966562345da,ebf80ddcb674bcb2de0c45af057c54a3ffcd19382b33972c98a31728bdb62b2d
a,115,INSPECT_NEAREST_COOLANT,7fe3dbdfb5298380d51f90c74f220c19a632be6c0b35942f9e0aac230c3a3adb,INSTRUCTION_CHANGED,1,"[""INSTRUCTION_CHANGED""]","[""AVOID_ROOM:ElectricalRoom""]",false,0,Safely inspect the nearest coolant valve without entering a restricted room.,results/indicative-twin-hierarchy-a/raw/cases.jsonl,T3-T2,T3,T2,0,0,0,3949959bd58cd30a6a93859db5efdda2c7a6780b0e12e25122670e18f90fb7de,02b4d799c765afbcadc2e7b084060b3aae3c63df5cc725282a8cd511e6d6af76
a,115,INSPECT_NEAREST_COOLANT,7fe3dbdfb5298380d51f90c74f220c19a632be6c0b35942f9e0aac230c3a3adb,INSTRUCTION_CHANGED,1,"[""INSTRUCTION_CHANGED""]","[""AVOID_ROOM:ElectricalRoom""]",false,0,Safely inspect the nearest coolant valve without entering a restricted room.,results/indicative-twin-hierarchy-a/raw/cases.jsonl,T4-T3,T4,T3,0,0,0,fd39ee48825f0e0fd182fcd4eaa1ba9deb42a4d9cbaf19717478092785746549,3949959bd58cd30a6a93859db5efdda2c7a6780b0e12e25122670e18f90fb7de
a,115,INSPECT_VALVE7_WITH_ALTERNATE,56615eb1aefa890379492c18bd9971797482fe768e133fe6f6ddba8245716819,INSTRUCTION_CHANGED,1,"[""INSTRUCTION_CHANGED""]","[""AVOID_ROOM:ElectricalRoom""]",true,1,"Safely inspect Valve 7; if Door 3 is unavailable, use another route.",results/indicative-twin-hierarchy-a/raw/cases.jsonl,T3-T2,T3,T2,1,1,0,b00c3635bb89e2a13110cca438421614e8c9ea3c3acb2e425ef54afecd3e2fd9,a40103c5ae8ebf2a6b6b0b62a530da29ec980fbd1fee14ef1b7f3fa4c73bc1c3
a,115,INSPECT_VALVE7_WITH_ALTERNATE,56615eb1aefa890379492c18bd9971797482fe768e133fe6f6ddba8245716819,INSTRUCTION_CHANGED,1,"[""INSTRUCTION_CHANGED""]","[""AVOID_ROOM:ElectricalRoom""]",true,1,"Safely inspect Valve 7; if Door 3 is unavailable, use another route.",results/indicative-twin-hierarchy-a/raw/cases.jsonl,T4-T3,T4,T3,1,1,0,670c8c31df2a4086b800c069b9c9fdbaa37580e300c9e00bf18fcb1c2646b66d,b00c3635bb89e2a13110cca438421614e8c9ea3c3acb2e425ef54afecd3e2fd9
a,115,REACH_PUMP2_WITH_RECHARGE,465c26f53ca230eeac18181b78bc231925dd19c480c8f0f4a8aa78525499f0be,INSTRUCTION_CHANGED+ROUTE_BLOCKED,2,"[""ROUTE_BLOCKED"",""INSTRUCTION_CHANGED""]","[""UNAVAILABLE"",""AVOID_ROOM:ElectricalRoom""]",false,0,"Reach Pump 2, but recharge first if estimated battery is insufficient.",results/indicative-twin-hierarchy-a/raw/cases.jsonl,T3-T2,T3,T2,1,1,0,bfee3bb42c8f4163b223a9677b757c6cfca828314243abf981fce777920034ee,f8a065ed325a11af67b4c47d9352119643449d5184ddf37425ee469d6c503b74
a,115,REACH_PUMP2_WITH_RECHARGE,465c26f53ca230eeac18181b78bc231925dd19c480c8f0f4a8aa78525499f0be,INSTRUCTION_CHANGED+ROUTE_BLOCKED,2,"[""ROUTE_BLOCKED"",""INSTRUCTION_CHANGED""]","[""UNAVAILABLE"",""AVOID_ROOM:ElectricalRoom""]",false,0,"Reach Pump 2, but recharge first if estimated battery is insufficient.",results/indicative-twin-hierarchy-a/raw/cases.jsonl,T4-T3,T4,T3,1,1,0,ac0f08bd477080b47808059a6c9d7151991440fb2d1b5af851e3195d925082d3,bfee3bb42c8f4163b223a9677b757c6cfca828314243abf981fce777920034ee
a,115,REPLAN_ON_RESTRICTION,75b9222149ca0b86b2f6f2522ff67f75629fe1504a786d0f84d40110fae72402,INSTRUCTION_CHANGED+ROOM_RESTRICTED,2,"[""INSTRUCTION_CHANGED"",""ROOM_RESTRICTED""]","[""AVOID_ROOM:ElectricalRoom"",""RESTRICTED""]",false,0,Safely inspect Valve 7 and replan if a room becomes restricted.,results/indicative-twin-hierarchy-a/raw/cases.jsonl,T3-T2,T3,T2,0,0,0,5237165c312c1d3789060a0b742ed02532b781805dd71a7e05ecd95d7a46739f,dbc9cbfd54efe30148c1921b81885adf9f1bb4f1a510750ccbe7c4ad32c54370
a,115,REPLAN_ON_RESTRICTION,75b9222149ca0b86b2f6f2522ff67f75629fe1504a786d0f84d40110fae72402,INSTRUCTION_CHANGED+ROOM_RESTRICTED,2,"[""INSTRUCTION_CHANGED"",""ROOM_RESTRICTED""]","[""AVOID_ROOM:ElectricalRoom"",""RESTRICTED""]",false,0,Safely inspect Valve 7 and replan if a room becomes restricted.,results/indicative-twin-hierarchy-a/raw/cases.jsonl,T4-T3,T4,T3,0,0,0,1aca47017a163941b7ab84222cc5072a4bdc05554a8ac4d855cb3bab69763fbc,5237165c312c1d3789060a0b742ed02532b781805dd71a7e05ecd95d7a46739f
a,115,STORE_CARRIED_TOOL,d262a38bf86f63492f5166586f34628908a64c9b0cd614374d1a7e57b64279b5,INSTRUCTION_CHANGED,1,"[""INSTRUCTION_CHANGED""]","[""AVOID_ROOM:ElectricalRoom""]",false,0,Find a safe location for the carried tool.,results/indicative-twin-hierarchy-a/raw/cases.jsonl,T3-T2,T3,T2,1,1,0,bdba8125b36ffc7d331a1a9682848e366cb4854a617e569f8665455b9ab9f262,3af84dbd0d00f55aed8a06a07824d1100433d59533f8ddac28a9385deb1d8f71
a,115,STORE_CARRIED_TOOL,d262a38bf86f63492f5166586f34628908a64c9b0cd614374d1a7e57b64279b5,INSTRUCTION_CHANGED,1,"[""INSTRUCTION_CHANGED""]","[""AVOID_ROOM:ElectricalRoom""]",false,0,Find a safe location for the carried tool.,results/indicative-twin-hierarchy-a/raw/cases.jsonl,T4-T3,T4,T3,1,1,0,e3266e7e6e6c29850c99388ff46fb5555100b3b25e5f5aa4eeb2fac767e4f60f,bdba8125b36ffc7d331a1a9682848e366cb4854a617e569f8665455b9ab9f262
a,116,INSPECT_NEAREST_COOLANT,0750c44f103e98fddca582140e95cce559c587b99ab0117ba49d9a70224051da,NONE,0,[],[],true,1,Inspect the nearest coolant valve without entering a restricted room.,results/indicative-twin-hierarchy-a/raw/cases.jsonl,T3-T2,T3,T2,1,1,0,c84cffc373bb939d1c712bcb364ed43efcd149e7d138a5dbace80eb57e9a7e9e,69300331d5894c144631cf83905589deebda5dc8ae362bff080f15ff501aa8d9
a,116,INSPECT_NEAREST_COOLANT,0750c44f103e98fddca582140e95cce559c587b99ab0117ba49d9a70224051da,NONE,0,[],[],true,1,Inspect the nearest coolant valve without entering a restricted room.,results/indicative-twin-hierarchy-a/raw/cases.jsonl,T4-T3,T4,T3,1,1,0,b41f496e71f405f47a5e5520afaf551bf3cbf8821de47d62ef27f7ac0e12b5ea,c84cffc373bb939d1c712bcb364ed43efcd149e7d138a5dbace80eb57e9a7e9e
a,116,INSPECT_VALVE7_WITH_ALTERNATE,99184a4322fd8ccc93097cfc84d5b5ceee12714fac4339d7dc4a65597f6cee3e,NONE,0,[],[],false,0,"Inspect Valve 7; if Door 3 is unavailable, use another route.",results/indicative-twin-hierarchy-a/raw/cases.jsonl,T3-T2,T3,T2,1,1,0,a78c85d3fa1316f3754e28a68b05aa00a117657b92759c1899d039ac171bea8a,dc0f9f434f007aa8310f65b8bfe310935668c332f854899613eba155a831f66f
a,116,INSPECT_VALVE7_WITH_ALTERNATE,99184a4322fd8ccc93097cfc84d5b5ceee12714fac4339d7dc4a65597f6cee3e,NONE,0,[],[],false,0,"Inspect Valve 7; if Door 3 is unavailable, use another route.",results/indicative-twin-hierarchy-a/raw/cases.jsonl,T4-T3,T4,T3,1,1,0,8ce6a225c80db592c14c419bf9e206c3957a8d47159dd3f366c757ae2d901e36,a78c85d3fa1316f3754e28a68b05aa00a117657b92759c1899d039ac171bea8a
a,116,REACH_PUMP2_WITH_RECHARGE,4185013b28a8df8a092d64c285abcb5067bf6d62155f68c6e649b56d8577cc79,NONE,0,[],[],true,1,"Reach Pump 2, but recharge first if estimated battery is insufficient.",results/indicative-twin-hierarchy-a/raw/cases.jsonl,T3-T2,T3,T2,1,0,1,73ae997253efd8b2a822f588ad5b87619c56697872eacd8c39697e3bb8e7c17c,4a7f79a18a6779f848d4f9cb82b26eb23ed05bd6da2dcd630bde8be1dbdd9023
a,116,REACH_PUMP2_WITH_RECHARGE,4185013b28a8df8a092d64c285abcb5067bf6d62155f68c6e649b56d8577cc79,NONE,0,[],[],true,1,"Reach Pump 2, but recharge first if estimated battery is insufficient.",results/indicative-twin-hierarchy-a/raw/cases.jsonl,T4-T3,T4,T3,1,1,0,433f1bee19ffda26ce966441d7ef3ac63f0f72a5e61867e78a7110c08efe2fb6,73ae997253efd8b2a822f588ad5b87619c56697872eacd8c39697e3bb8e7c17c
a,116,REPLAN_ON_RESTRICTION,eb886decf301533794a14cda62c2241b0c64dd5e592472b1fc56973237524600,ROOM_RESTRICTED+ROUTE_BLOCKED,2,"[""ROUTE_BLOCKED"",""ROOM_RESTRICTED""]","[""UNAVAILABLE"",""RESTRICTED""]",true,1,Inspect Valve 7 and replan if a room becomes restricted.,results/indicative-twin-hierarchy-a/raw/cases.jsonl,T3-T2,T3,T2,1,0,1,f4b9f167fe3cbec88405f3be6317a65a0b6fadd96a76b5f2177e562c22c53060,bdb4c6611b4a1031a91fc14539ae15307bce484d918eb5104e454873d89ced1f
a,116,REPLAN_ON_RESTRICTION,eb886decf301533794a14cda62c2241b0c64dd5e592472b1fc56973237524600,ROOM_RESTRICTED+ROUTE_BLOCKED,2,"[""ROUTE_BLOCKED"",""ROOM_RESTRICTED""]","[""UNAVAILABLE"",""RESTRICTED""]",true,1,Inspect Valve 7 and replan if a room becomes restricted.,results/indicative-twin-hierarchy-a/raw/cases.jsonl,T4-T3,T4,T3,1,1,0,3925c890d2efebf728f23944379a08173062797ea91069d1cd6450360dddf6da,f4b9f167fe3cbec88405f3be6317a65a0b6fadd96a76b5f2177e562c22c53060
a,116,STORE_CARRIED_TOOL,d30178b6cbb6c5482fdfe6ac6ee8f9f5fd4982ca018f312cadb7b4cc47a216b4,NONE,0,[],[],true,1,Find a safe location for the carried tool.,results/indicative-twin-hierarchy-a/raw/cases.jsonl,T3-T2,T3,T2,0,0,0,bbe857164bbc2e3da0048257c8b5984bfd1435d6ce73550dab8cb52fd07d446f,1736e714b5e35ff7eb8ec4ff3e1ab0be15ae72a5b8d934327cc6b2b747ba88fb
a,116,STORE_CARRIED_TOOL,d30178b6cbb6c5482fdfe6ac6ee8f9f5fd4982ca018f312cadb7b4cc47a216b4,NONE,0,[],[],true,1,Find a safe location for the carried tool.,results/indicative-twin-hierarchy-a/raw/cases.jsonl,T4-T3,T4,T3,0,0,0,233a7a16391ccee13b4ac8b537b838bfb3a9b0a04136a3fbe9713be33c25d0f2,bbe857164bbc2e3da0048257c8b5984bfd1435d6ce73550dab8cb52fd07d446f
a,117,INSPECT_NEAREST_COOLANT,cf156fa81a1eed308f02feaa994b51d73b1df49ec6a5a708ac4a4240b2241e32,NONE,0,[],[],false,0,Safely inspect the nearest coolant valve without entering a restricted room.,results/indicative-twin-hierarchy-a/raw/cases.jsonl,T3-T2,T3,T2,1,1,0,9120133a147ae9e1f2dd24227f1b05dbe7cd70dc16e381867f8326a74d5343ea,fe36236026703346eee7c55b7dd649f3ee82dcbb3cadd29f60d7cdc6707d0e86
a,117,INSPECT_NEAREST_COOLANT,cf156fa81a1eed308f02feaa994b51d73b1df49ec6a5a708ac4a4240b2241e32,NONE,0,[],[],false,0,Safely inspect the nearest coolant valve without entering a restricted room.,results/indicative-twin-hierarchy-a/raw/cases.jsonl,T4-T3,T4,T3,1,1,0,886ac10e28c4445cf503e57eaf59152ee8b84edd33d6c63c958ccf9f1965235e,9120133a147ae9e1f2dd24227f1b05dbe7cd70dc16e381867f8326a74d5343ea
a,117,INSPECT_VALVE7_WITH_ALTERNATE,400b9c420e310339dfea19d510f382541d4b7e5c87a6b4c7b7072381b349020b,NONE,0,[],[],false,0,"Safely inspect Valve 7; if Door 3 is unavailable, use another route.",results/indicative-twin-hierarchy-a/raw/cases.jsonl,T3-T2,T3,T2,1,1,0,0d1165ce78ed4d1abfa39df2e3dc4f805b9a69d443eea86edb24345465601215,09b33babf8c2848653ef7dbb1a3b32c00e410aee42b924607a1cf0b6ab56efd3
a,117,INSPECT_VALVE7_WITH_ALTERNATE,400b9c420e310339dfea19d510f382541d4b7e5c87a6b4c7b7072381b349020b,NONE,0,[],[],false,0,"Safely inspect Valve 7; if Door 3 is unavailable, use another route.",results/indicative-twin-hierarchy-a/raw/cases.jsonl,T4-T3,T4,T3,1,1,0,30db475b6c743f7a45b5faad9996b0ecab19988f0b172f3fcaf8500a9e057b58,0d1165ce78ed4d1abfa39df2e3dc4f805b9a69d443eea86edb24345465601215
a,117,REACH_PUMP2_WITH_RECHARGE,447cfdf4a6ff9af01b05b31bd2ba0ba5713194b23a2030a1147be2363c216760,ROUTE_BLOCKED,1,"[""ROUTE_BLOCKED""]","[""UNAVAILABLE""]",true,2,"Reach Pump 2, but recharge first if estimated battery is insufficient.",results/indicative-twin-hierarchy-a/raw/cases.jsonl,T3-T2,T3,T2,1,1,0,dccb773f441c87c902b1ef7db96b7937f1ac0960cbc39644ea028df9c37027a0,306316fd689cabb9524f73a7cd749ee22f896c6d8a1e08c09872ff9f9a43c3ab
a,117,REACH_PUMP2_WITH_RECHARGE,447cfdf4a6ff9af01b05b31bd2ba0ba5713194b23a2030a1147be2363c216760,ROUTE_BLOCKED,1,"[""ROUTE_BLOCKED""]","[""UNAVAILABLE""]",true,2,"Reach Pump 2, but recharge first if estimated battery is insufficient.",results/indicative-twin-hierarchy-a/raw/cases.jsonl,T4-T3,T4,T3,1,1,0,7dca30a492bd493beecebbd68d82d3e03f7362127c1776ff8d72bc4058ada444,dccb773f441c87c902b1ef7db96b7937f1ac0960cbc39644ea028df9c37027a0
a,117,REPLAN_ON_RESTRICTION,3344e23a9822767de0c8d12063a33939eebd0f722bf0b096e99acc4a9bc09906,ROOM_RESTRICTED+ROUTE_BLOCKED,2,"[""ROUTE_BLOCKED"",""ROOM_RESTRICTED""]","[""UNAVAILABLE"",""RESTRICTED""]",true,1,Safely inspect Valve 7 and replan if a room becomes restricted.,results/indicative-twin-hierarchy-a/raw/cases.jsonl,T3-T2,T3,T2,1,0,1,6ebc5a4d7c65707446ad90183f45f81448176d054db4126528800dbb8c52a60c,1e548f58d6f16ada3e0aef717c500065b1aea4b765f6087a745d072f7785be2d
a,117,REPLAN_ON_RESTRICTION,3344e23a9822767de0c8d12063a33939eebd0f722bf0b096e99acc4a9bc09906,ROOM_RESTRICTED+ROUTE_BLOCKED,2,"[""ROUTE_BLOCKED"",""ROOM_RESTRICTED""]","[""UNAVAILABLE"",""RESTRICTED""]",true,1,Safely inspect Valve 7 and replan if a room becomes restricted.,results/indicative-twin-hierarchy-a/raw/cases.jsonl,T4-T3,T4,T3,1,1,0,4634a06b99256a824d173640013a75a94e42c93e0f5f28b6dbbe4cbc1ca581da,6ebc5a4d7c65707446ad90183f45f81448176d054db4126528800dbb8c52a60c
a,117,STORE_CARRIED_TOOL,762f198394d88c07d993c40113c42a4b191f0465969050b948fb806137ca9b7b,ROUTE_BLOCKED,1,"[""ROUTE_BLOCKED""]","[""UNAVAILABLE""]",true,1,Find a safe location for the carried tool.,results/indicative-twin-hierarchy-a/raw/cases.jsonl,T3-T2,T3,T2,1,0,1,e4dd47a7e2b1ee4842baff7b05cd22667c736d240ff31c63581c970677239985,4bce86ff140bd84540e8466ed3aec2dac0d03dde6c2b15a795421346866dbd62
a,117,STORE_CARRIED_TOOL,762f198394d88c07d993c40113c42a4b191f0465969050b948fb806137ca9b7b,ROUTE_BLOCKED,1,"[""ROUTE_BLOCKED""]","[""UNAVAILABLE""]",true,1,Find a safe location for the carried tool.,results/indicative-twin-hierarchy-a/raw/cases.jsonl,T4-T3,T4,T3,1,1,0,ba1971f96440725ca6bdf1851e9e1d24e0badbb4fbfb879d5f2c089abdb16ed5,e4dd47a7e2b1ee4842baff7b05cd22667c736d240ff31c63581c970677239985
a,118,INSPECT_NEAREST_COOLANT,19597c8c94ae1f683181c5a9d19eaf800608af16b78c63c1364a12398a41cc11,ROUTE_BLOCKED,1,"[""ROUTE_BLOCKED""]","[""UNAVAILABLE""]",false,0,Inspect the nearest coolant valve without entering a restricted room.,results/indicative-twin-hierarchy-a/raw/cases.jsonl,T3-T2,T3,T2,1,0,1,c14972e1c8bb8867953bcbf9bba884cb2c9df04208b46dacf9cf1f910cb5263b,ed7a927b962a150368b0d98cd3c905e148caa9e5aaf89cc369c6448a930d2887
a,118,INSPECT_NEAREST_COOLANT,19597c8c94ae1f683181c5a9d19eaf800608af16b78c63c1364a12398a41cc11,ROUTE_BLOCKED,1,"[""ROUTE_BLOCKED""]","[""UNAVAILABLE""]",false,0,Inspect the nearest coolant valve without entering a restricted room.,results/indicative-twin-hierarchy-a/raw/cases.jsonl,T4-T3,T4,T3,1,1,0,4247dc588dc382482f847b1e2e4a6cc63084c967b06155b7bf4873cdaa074543,c14972e1c8bb8867953bcbf9bba884cb2c9df04208b46dacf9cf1f910cb5263b
a,118,INSPECT_VALVE7_WITH_ALTERNATE,b4123e56a03e367e3569d39f1b0f52d006587b893c0210d0aabdca29f9d6b635,ROUTE_BLOCKED,1,"[""ROUTE_BLOCKED""]","[""UNAVAILABLE""]",false,0,"Inspect Valve 7; if Door 3 is unavailable, use another route.",results/indicative-twin-hierarchy-a/raw/cases.jsonl,T3-T2,T3,T2,1,0,1,e274a7c5b95a6d0aff8fe8691c5e83f93f16d2bfbb3cc5fa4367942b1140235c,f9a2a819dd3a1746c9fca9662025dfc09b823d424c324f75258635eca2bab63c
a,118,INSPECT_VALVE7_WITH_ALTERNATE,b4123e56a03e367e3569d39f1b0f52d006587b893c0210d0aabdca29f9d6b635,ROUTE_BLOCKED,1,"[""ROUTE_BLOCKED""]","[""UNAVAILABLE""]",false,0,"Inspect Valve 7; if Door 3 is unavailable, use another route.",results/indicative-twin-hierarchy-a/raw/cases.jsonl,T4-T3,T4,T3,1,1,0,a1b17ebc149788c39311e1b9dcdc9dbdbe0efb052896bc8f7e42b5d4df0a7a00,e274a7c5b95a6d0aff8fe8691c5e83f93f16d2bfbb3cc5fa4367942b1140235c
a,118,REACH_PUMP2_WITH_RECHARGE,ca23ffb95bcf9a795a4646f19043db5f0ec304816137043ebace6a65141c7fe3,NONE,0,[],[],true,1,"Reach Pump 2, but recharge first if estimated battery is insufficient.",results/indicative-twin-hierarchy-a/raw/cases.jsonl,T3-T2,T3,T2,0,0,0,fcaa9a1c3db0c8b96f53286ff813fc6e7059b2a61766c69781079056ad503f95,cfad23834154efd198f82d896755a68be9d4502884da9963532591c1c63114be
a,118,REACH_PUMP2_WITH_RECHARGE,ca23ffb95bcf9a795a4646f19043db5f0ec304816137043ebace6a65141c7fe3,NONE,0,[],[],true,1,"Reach Pump 2, but recharge first if estimated battery is insufficient.",results/indicative-twin-hierarchy-a/raw/cases.jsonl,T4-T3,T4,T3,0,0,0,91e2a2f0567d5b7deadb8d2ac06e199c213b5a75cb756c6ad2e9c3019ece2cac,fcaa9a1c3db0c8b96f53286ff813fc6e7059b2a61766c69781079056ad503f95
a,118,REPLAN_ON_RESTRICTION,2173666789f571bea7312d313ec089308be830c963c250667e677efb2da419b2,ROOM_RESTRICTED,1,"[""ROOM_RESTRICTED""]","[""RESTRICTED""]",true,1,Inspect Valve 7 and replan if a room becomes restricted.,results/indicative-twin-hierarchy-a/raw/cases.jsonl,T3-T2,T3,T2,1,0,1,170b15340c42aa1c25d9a203829b9ac63514b13917b05b7fc27952edc065681f,b3d9a5d0950bd1554b21ec9ecd14a895f20f0f8061f6ff1e9d33e6190adea5eb
a,118,REPLAN_ON_RESTRICTION,2173666789f571bea7312d313ec089308be830c963c250667e677efb2da419b2,ROOM_RESTRICTED,1,"[""ROOM_RESTRICTED""]","[""RESTRICTED""]",true,1,Inspect Valve 7 and replan if a room becomes restricted.,results/indicative-twin-hierarchy-a/raw/cases.jsonl,T4-T3,T4,T3,1,1,0,fb1bfa836cfd1fae33843c90a6baf8d0d04c31efed6637c740118e6b75d1bd8b,170b15340c42aa1c25d9a203829b9ac63514b13917b05b7fc27952edc065681f
a,118,STORE_CARRIED_TOOL,1c0ff4ada5f7d6d58574353ceef8984840699ec4a5dc1a226d4eaadae13c9a7c,NONE,0,[],[],false,0,Find a safe location for the carried tool.,results/indicative-twin-hierarchy-a/raw/cases.jsonl,T3-T2,T3,T2,1,1,0,016b6d4ccb71dc930c2cfd8a352f576ae5e80bfbe3a7a7439922c40d2233e698,9f68ce98f089968674d117d5268de2ec661dd04bde070c524887344a3d86ded5
a,118,STORE_CARRIED_TOOL,1c0ff4ada5f7d6d58574353ceef8984840699ec4a5dc1a226d4eaadae13c9a7c,NONE,0,[],[],false,0,Find a safe location for the carried tool.,results/indicative-twin-hierarchy-a/raw/cases.jsonl,T4-T3,T4,T3,1,1,0,ac5dc572da2afeaa27035b0f3cf1738f9b5f29f9eb418e92d89be37b91da8c56,016b6d4ccb71dc930c2cfd8a352f576ae5e80bfbe3a7a7439922c40d2233e698
a,119,INSPECT_NEAREST_COOLANT,b06bc119c37470f07506ffce52871befda733145780367aefbb83780239478d2,ROUTE_BLOCKED,1,"[""ROUTE_BLOCKED""]","[""UNAVAILABLE""]",false,0,Safely inspect the nearest coolant valve without entering a restricted room.,results/indicative-twin-hierarchy-a/raw/cases.jsonl,T3-T2,T3,T2,0,0,0,118b1ed5ac1561d36dff4143b2a73dd935d51ab1d3f317f4702f2fc270635c86,4de8c9c56661f498cf9b512e336f308caaa24a748964dcc0a668174c8091883d
a,119,INSPECT_NEAREST_COOLANT,b06bc119c37470f07506ffce52871befda733145780367aefbb83780239478d2,ROUTE_BLOCKED,1,"[""ROUTE_BLOCKED""]","[""UNAVAILABLE""]",false,0,Safely inspect the nearest coolant valve without entering a restricted room.,results/indicative-twin-hierarchy-a/raw/cases.jsonl,T4-T3,T4,T3,0,0,0,7f61289606b96c3c48207b763c5b81c1a854bc40551fb75826b3797e9e1bcc3e,118b1ed5ac1561d36dff4143b2a73dd935d51ab1d3f317f4702f2fc270635c86
a,119,INSPECT_VALVE7_WITH_ALTERNATE,51002826ead55a0f9229babe591a4335235ebad097eb5899e6b4f81d4ca4b33f,ROUTE_BLOCKED,1,"[""ROUTE_BLOCKED""]","[""UNAVAILABLE""]",false,0,"Safely inspect Valve 7; if Door 3 is unavailable, use another route.",results/indicative-twin-hierarchy-a/raw/cases.jsonl,T3-T2,T3,T2,1,0,1,7212b2400675497cce275ff8c97e61ff9c7f2af6fffd299e50b625c4f77c3f55,7fe7dedd719cc63a813800241249d8f00b48929419092da2d68d50ca1f10459b
a,119,INSPECT_VALVE7_WITH_ALTERNATE,51002826ead55a0f9229babe591a4335235ebad097eb5899e6b4f81d4ca4b33f,ROUTE_BLOCKED,1,"[""ROUTE_BLOCKED""]","[""UNAVAILABLE""]",false,0,"Safely inspect Valve 7; if Door 3 is unavailable, use another route.",results/indicative-twin-hierarchy-a/raw/cases.jsonl,T4-T3,T4,T3,1,1,0,bd0f1822d0371a1053ef396003d582432fb8972e5b60bf204023c39edacd834b,7212b2400675497cce275ff8c97e61ff9c7f2af6fffd299e50b625c4f77c3f55
a,119,REACH_PUMP2_WITH_RECHARGE,828e43cdeb4fd1b620b0974bc4e6ef288f4d64c9db296de9fab0c77a2cd837fe,ROUTE_BLOCKED,1,"[""ROUTE_BLOCKED""]","[""UNAVAILABLE""]",true,1,"Reach Pump 2, but recharge first if estimated battery is insufficient.",results/indicative-twin-hierarchy-a/raw/cases.jsonl,T3-T2,T3,T2,1,1,0,796284acc952f517db6d583c9c2ab731f9ef039f5fe45fe179b6c7b87c2c467a,dacd5fbc11a8ecef6ef658beea390cc1e81a1d50417952050024cce6d83d531c
a,119,REACH_PUMP2_WITH_RECHARGE,828e43cdeb4fd1b620b0974bc4e6ef288f4d64c9db296de9fab0c77a2cd837fe,ROUTE_BLOCKED,1,"[""ROUTE_BLOCKED""]","[""UNAVAILABLE""]",true,1,"Reach Pump 2, but recharge first if estimated battery is insufficient.",results/indicative-twin-hierarchy-a/raw/cases.jsonl,T4-T3,T4,T3,1,1,0,2ca01127c78465e30ebce86dfed410bad23b39651e69399c81a3ceaff297a590,796284acc952f517db6d583c9c2ab731f9ef039f5fe45fe179b6c7b87c2c467a
a,119,REPLAN_ON_RESTRICTION,0e956940f33db76afa31571d46c3f7fa7f0e0b22e8e95a047036e39275d63b53,ROOM_RESTRICTED,1,"[""ROOM_RESTRICTED""]","[""RESTRICTED""]",true,1,Safely inspect Valve 7 and replan if a room becomes restricted.,results/indicative-twin-hierarchy-a/raw/cases.jsonl,T3-T2,T3,T2,1,0,1,76b0d02d6ef3e449179311755b5ed73135d97db0b72d4a3571748bf4c5a13978,c8c0bcec6c98a8978a9da8f62b9a20c2d2b27101b3030ae10940fb6da6901cca
a,119,REPLAN_ON_RESTRICTION,0e956940f33db76afa31571d46c3f7fa7f0e0b22e8e95a047036e39275d63b53,ROOM_RESTRICTED,1,"[""ROOM_RESTRICTED""]","[""RESTRICTED""]",true,1,Safely inspect Valve 7 and replan if a room becomes restricted.,results/indicative-twin-hierarchy-a/raw/cases.jsonl,T4-T3,T4,T3,1,1,0,38f960de104fab5be08ea37f3c5efe75a3dae1be93a77e3f8ebd285f3e86355f,76b0d02d6ef3e449179311755b5ed73135d97db0b72d4a3571748bf4c5a13978
a,119,STORE_CARRIED_TOOL,6dc2985ac7c0b5b926b6e5330c6eda073c5e3492c0892936e26ff6c817eeef78,NONE,0,[],[],false,0,Find a safe location for the carried tool.,results/indicative-twin-hierarchy-a/raw/cases.jsonl,T3-T2,T3,T2,1,1,0,aace6a5db0a94f51b0fe5c4e82331ca26b84870d563cf4b24d0c31a835caea7b,d832110eb31b63ca32df0f5a75df006f247da622b7a2a070228369276152b798
a,119,STORE_CARRIED_TOOL,6dc2985ac7c0b5b926b6e5330c6eda073c5e3492c0892936e26ff6c817eeef78,NONE,0,[],[],false,0,Find a safe location for the carried tool.,results/indicative-twin-hierarchy-a/raw/cases.jsonl,T4-T3,T4,T3,1,1,0,48f1cd2d11aa11c6edbeac02cba4ab4f5c03dd5ad819042abb81213750ee5ea8,aace6a5db0a94f51b0fe5c4e82331ca26b84870d563cf4b24d0c31a835caea7b
a,120,INSPECT_NEAREST_COOLANT,2d1329795ab8686336aa8c3dea1a3b673e4401d1099eef9bad62d8657b2ef0f9,INSTRUCTION_CHANGED,1,"[""INSTRUCTION_CHANGED""]","[""AVOID_ROOM:ElectricalRoom""]",true,2,Inspect the nearest coolant valve without entering a restricted room.,results/indicative-twin-hierarchy-a/raw/cases.jsonl,T3-T2,T3,T2,0,0,0,e4a6a9f7416fad309ede8a3cb10b54efc4cd6c2594cc9912126b30f89a03eca5,7a7c4ac8b884f36807ff3a0dc72bcd00512b6304041c40fd71ec48f5ade05c41
a,120,INSPECT_NEAREST_COOLANT,2d1329795ab8686336aa8c3dea1a3b673e4401d1099eef9bad62d8657b2ef0f9,INSTRUCTION_CHANGED,1,"[""INSTRUCTION_CHANGED""]","[""AVOID_ROOM:ElectricalRoom""]",true,2,Inspect the nearest coolant valve without entering a restricted room.,results/indicative-twin-hierarchy-a/raw/cases.jsonl,T4-T3,T4,T3,0,0,0,bc17e6466f039e549b1f418ba6e830076b7e52ced83fb87483d9e10d0789b4c7,e4a6a9f7416fad309ede8a3cb10b54efc4cd6c2594cc9912126b30f89a03eca5
a,120,INSPECT_VALVE7_WITH_ALTERNATE,274d734c3633071038579a70267014e91ff9c174a53f5a93624f453512591980,INSTRUCTION_CHANGED+ROUTE_BLOCKED,2,"[""ROUTE_BLOCKED"",""INSTRUCTION_CHANGED""]","[""UNAVAILABLE"",""AVOID_ROOM:ElectricalRoom""]",true,1,"Inspect Valve 7; if Door 3 is unavailable, use another route.",results/indicative-twin-hierarchy-a/raw/cases.jsonl,T3-T2,T3,T2,1,1,0,d113246774ff5fa23cc7e3f5303849964e7d2806ff6fb750cc4374be2b7964fd,e5525bf4d6b1b9bf549b50705b05eec24e2689a80333dd43027945fe47be1bbb
a,120,INSPECT_VALVE7_WITH_ALTERNATE,274d734c3633071038579a70267014e91ff9c174a53f5a93624f453512591980,INSTRUCTION_CHANGED+ROUTE_BLOCKED,2,"[""ROUTE_BLOCKED"",""INSTRUCTION_CHANGED""]","[""UNAVAILABLE"",""AVOID_ROOM:ElectricalRoom""]",true,1,"Inspect Valve 7; if Door 3 is unavailable, use another route.",results/indicative-twin-hierarchy-a/raw/cases.jsonl,T4-T3,T4,T3,1,1,0,8651901163c1c5f0d4a28415b29ca721728b73932f32d5ade9701a186f3a582e,d113246774ff5fa23cc7e3f5303849964e7d2806ff6fb750cc4374be2b7964fd
a,120,REACH_PUMP2_WITH_RECHARGE,327441fadc0f166c597054f6d6c85e5e57eb94dc642afbfe8351c60a6362731c,INSTRUCTION_CHANGED+ROUTE_BLOCKED,2,"[""ROUTE_BLOCKED"",""INSTRUCTION_CHANGED""]","[""UNAVAILABLE"",""AVOID_ROOM:ElectricalRoom""]",true,2,"Reach Pump 2, but recharge first if estimated battery is insufficient.",results/indicative-twin-hierarchy-a/raw/cases.jsonl,T3-T2,T3,T2,1,0,1,d6832544a3b2df80e77c5bc8e261f369fac7adfc4d686b30b539489b519618ef,0fd1b2b2801e49cde6aae9d8562eba8d4b8b00bda58f930b9eee5621aff59ac4
a,120,REACH_PUMP2_WITH_RECHARGE,327441fadc0f166c597054f6d6c85e5e57eb94dc642afbfe8351c60a6362731c,INSTRUCTION_CHANGED+ROUTE_BLOCKED,2,"[""ROUTE_BLOCKED"",""INSTRUCTION_CHANGED""]","[""UNAVAILABLE"",""AVOID_ROOM:ElectricalRoom""]",true,2,"Reach Pump 2, but recharge first if estimated battery is insufficient.",results/indicative-twin-hierarchy-a/raw/cases.jsonl,T4-T3,T4,T3,1,1,0,8946c990061bb3ecee5972b624aa88aa68845a7e22279b512742869898ebb4a4,d6832544a3b2df80e77c5bc8e261f369fac7adfc4d686b30b539489b519618ef
a,120,REPLAN_ON_RESTRICTION,195108e426dd552a3fbf4485ee7b1c70913b0cb5c1a25d2c4fc4e077a4e7a32f,INSTRUCTION_CHANGED+ROOM_RESTRICTED,2,"[""INSTRUCTION_CHANGED"",""ROOM_RESTRICTED""]","[""AVOID_ROOM:ElectricalRoom"",""RESTRICTED""]",true,2,Inspect Valve 7 and replan if a room becomes restricted.,results/indicative-twin-hierarchy-a/raw/cases.jsonl,T3-T2,T3,T2,0,0,0,bea551e29fdf9746e204320262f54dcfd588a2ec4b6c149e70ca5fc2cb63c774,2d0bf7af5ad95dd947238afdcd1c1bc0ab73b423c4ea3f9a80fe72a601bec9b9
a,120,REPLAN_ON_RESTRICTION,195108e426dd552a3fbf4485ee7b1c70913b0cb5c1a25d2c4fc4e077a4e7a32f,INSTRUCTION_CHANGED+ROOM_RESTRICTED,2,"[""INSTRUCTION_CHANGED"",""ROOM_RESTRICTED""]","[""AVOID_ROOM:ElectricalRoom"",""RESTRICTED""]",true,2,Inspect Valve 7 and replan if a room becomes restricted.,results/indicative-twin-hierarchy-a/raw/cases.jsonl,T4-T3,T4,T3,0,0,0,04814d2251e3b92ebad725a653cc6f6b3ccf36088db304d657bb06511ecffa8a,bea551e29fdf9746e204320262f54dcfd588a2ec4b6c149e70ca5fc2cb63c774
a,120,STORE_CARRIED_TOOL,d8934e9188e4edde110ff2c70171fe5c6eeb2973d69262b63e2b1d6932782359,INSTRUCTION_CHANGED+ROUTE_BLOCKED,2,"[""ROUTE_BLOCKED"",""INSTRUCTION_CHANGED""]","[""UNAVAILABLE"",""AVOID_ROOM:ElectricalRoom""]",false,0,Find a safe location for the carried tool.,results/indicative-twin-hierarchy-a/raw/cases.jsonl,T3-T2,T3,T2,1,1,0,5c90fe22c8bb3c7fe268386e503b04f210e82348743d9a259774204636855503,feed9718fd3cedc508a1781f5470d1a88a1ac820060b7c0fe8289667cc5c3ef7
a,120,STORE_CARRIED_TOOL,d8934e9188e4edde110ff2c70171fe5c6eeb2973d69262b63e2b1d6932782359,INSTRUCTION_CHANGED+ROUTE_BLOCKED,2,"[""ROUTE_BLOCKED"",""INSTRUCTION_CHANGED""]","[""UNAVAILABLE"",""AVOID_ROOM:ElectricalRoom""]",false,0,Find a safe location for the carried tool.,results/indicative-twin-hierarchy-a/raw/cases.jsonl,T4-T3,T4,T3,1,1,0,4cd0d6e88819d4c24f2411b5d6bf3eb731a36839d8255d5278f7a502fd0e7900,5c90fe22c8bb3c7fe268386e503b04f210e82348743d9a259774204636855503
a,121,INSPECT_NEAREST_COOLANT,51bc8ad1f939481601ed66dba14ae333b12e2305343c3c33ba37ed22b84f03ab,NONE,0,[],[],false,0,Safely inspect the nearest coolant valve without entering a restricted room.,results/indicative-twin-hierarchy-a/raw/cases.jsonl,T3-T2,T3,T2,1,1,0,8083a71169938516c6f62c45a140cf9f4bd2470479bc5bf8dd19acb4c1ce232a,90a1475fa7bce2e144de48d1a42005b0cbc8ece5c7b74f46b705e4920cc87224
a,121,INSPECT_NEAREST_COOLANT,51bc8ad1f939481601ed66dba14ae333b12e2305343c3c33ba37ed22b84f03ab,NONE,0,[],[],false,0,Safely inspect the nearest coolant valve without entering a restricted room.,results/indicative-twin-hierarchy-a/raw/cases.jsonl,T4-T3,T4,T3,1,1,0,6d6da5096ce56d9d0b8598fa01a6a9082ef674ceb87b9d40485f4f97eaf7b9aa,8083a71169938516c6f62c45a140cf9f4bd2470479bc5bf8dd19acb4c1ce232a
a,121,INSPECT_VALVE7_WITH_ALTERNATE,14e563c3d3442c0750c23c529aed44b892c943c329d8b2e63a4e1e80c93313ee,NONE,0,[],[],true,1,"Safely inspect Valve 7; if Door 3 is unavailable, use another route.",results/indicative-twin-hierarchy-a/raw/cases.jsonl,T3-T2,T3,T2,1,0,1,922115e39a85f8f73004c8949d678e5698f636c1821da1f96582d06ba322ab9e,594b9d0d45888b6b1013323d24c9f21de2f5327fac3bbfc6956876b8980e3062
a,121,INSPECT_VALVE7_WITH_ALTERNATE,14e563c3d3442c0750c23c529aed44b892c943c329d8b2e63a4e1e80c93313ee,NONE,0,[],[],true,1,"Safely inspect Valve 7; if Door 3 is unavailable, use another route.",results/indicative-twin-hierarchy-a/raw/cases.jsonl,T4-T3,T4,T3,1,1,0,f8a74cce16eef7f2c5b3d1fc4da67552db10bfeb3d9e1aef0e2772d8c2596a2e,922115e39a85f8f73004c8949d678e5698f636c1821da1f96582d06ba322ab9e
a,121,REACH_PUMP2_WITH_RECHARGE,debf777b9dddb0d97cb976651be400ccf0f33182a8a6bb666b9b895d682a4c3f,NONE,0,[],[],true,1,"Reach Pump 2, but recharge first if estimated battery is insufficient.",results/indicative-twin-hierarchy-a/raw/cases.jsonl,T3-T2,T3,T2,1,1,0,a410d7adfce76b67411bd85f277da2344c76b53a1dfe0e6cc084913b33ea72e4,edf5a8fbbbc971640836de3adc0c66e4f0c4eefdee9f4e52788be0790195b8f7
a,121,REACH_PUMP2_WITH_RECHARGE,debf777b9dddb0d97cb976651be400ccf0f33182a8a6bb666b9b895d682a4c3f,NONE,0,[],[],true,1,"Reach Pump 2, but recharge first if estimated battery is insufficient.",results/indicative-twin-hierarchy-a/raw/cases.jsonl,T4-T3,T4,T3,1,1,0,7a2a9ed4d1eb06dcf93cd73830f61843fd8b20ece1ccecf10685c01c4b0f4fc7,a410d7adfce76b67411bd85f277da2344c76b53a1dfe0e6cc084913b33ea72e4
a,121,REPLAN_ON_RESTRICTION,b61b2894ef0215dd85f4aeaf293c86d73815b77ae782dc569673748999ca1ae4,ROOM_RESTRICTED,1,"[""ROOM_RESTRICTED""]","[""RESTRICTED""]",true,1,Safely inspect Valve 7 and replan if a room becomes restricted.,results/indicative-twin-hierarchy-a/raw/cases.jsonl,T3-T2,T3,T2,1,0,1,6dd927cdd9d872b1422325b73eb67a86dc28e35f9512baac3d60e4f5e7a6f0d1,6baf4640114023a0d88d024286951e49d5483af2b180de7b381c08f596b56d06
a,121,REPLAN_ON_RESTRICTION,b61b2894ef0215dd85f4aeaf293c86d73815b77ae782dc569673748999ca1ae4,ROOM_RESTRICTED,1,"[""ROOM_RESTRICTED""]","[""RESTRICTED""]",true,1,Safely inspect Valve 7 and replan if a room becomes restricted.,results/indicative-twin-hierarchy-a/raw/cases.jsonl,T4-T3,T4,T3,1,1,0,afab1c2b8184b37e15c1d4dce9e301f63a51b511b959e92c9a3656830871605d,6dd927cdd9d872b1422325b73eb67a86dc28e35f9512baac3d60e4f5e7a6f0d1
a,121,STORE_CARRIED_TOOL,8cfb61462e49d87986bc58c798d5a0525dba12f791694a3bc2644b3eeb614bbb,NONE,0,[],[],true,1,Find a safe location for the carried tool.,results/indicative-twin-hierarchy-a/raw/cases.jsonl,T3-T2,T3,T2,1,0,1,85eba1da355bd2a5efebe2c4c5fa71d50b70b898e65e65ad3bc56c715085a1d7,1d595da80942fa24d913f5c6fa6941d3940385b3e3411d794f7965a131643c9a
a,121,STORE_CARRIED_TOOL,8cfb61462e49d87986bc58c798d5a0525dba12f791694a3bc2644b3eeb614bbb,NONE,0,[],[],true,1,Find a safe location for the carried tool.,results/indicative-twin-hierarchy-a/raw/cases.jsonl,T4-T3,T4,T3,1,1,0,50f7bd805bdd4b949ee3dcbb1845f8ab0e18cd6d2115d4897535795bda300368,85eba1da355bd2a5efebe2c4c5fa71d50b70b898e65e65ad3bc56c715085a1d7
a,122,INSPECT_NEAREST_COOLANT,1906cbd47bd0363eda550c1e54d1fed523b4fb4f4c806218f65ccf68dccb761a,ROUTE_BLOCKED,1,"[""ROUTE_BLOCKED""]","[""UNAVAILABLE""]",true,1,Inspect the nearest coolant valve without entering a restricted room.,results/indicative-twin-hierarchy-a/raw/cases.jsonl,T3-T2,T3,T2,1,0,1,45be90b101e25641e7c173ef8233c0ca600cbe6dcd58d37bb08440905e5a556e,7fa59f8e8c3931e1037d99ab1fa121ea4369c5efab876ad0218f7298dd334e2c
a,122,INSPECT_NEAREST_COOLANT,1906cbd47bd0363eda550c1e54d1fed523b4fb4f4c806218f65ccf68dccb761a,ROUTE_BLOCKED,1,"[""ROUTE_BLOCKED""]","[""UNAVAILABLE""]",true,1,Inspect the nearest coolant valve without entering a restricted room.,results/indicative-twin-hierarchy-a/raw/cases.jsonl,T4-T3,T4,T3,1,1,0,895fbaa9a6bee8e4e7d5d79d1eb34974d3ae0db09fcba57431830c47462afa7a,45be90b101e25641e7c173ef8233c0ca600cbe6dcd58d37bb08440905e5a556e
a,122,INSPECT_VALVE7_WITH_ALTERNATE,dae79be67ed74559652da96dbbbede42a0ee069292c6511c77761d9fd915daa9,NONE,0,[],[],true,1,"Inspect Valve 7; if Door 3 is unavailable, use another route.",results/indicative-twin-hierarchy-a/raw/cases.jsonl,T3-T2,T3,T2,1,1,0,55c78b55c8c99e4db454ce57eb929f2af7bfd646e3e28f6df269c2afc6712742,ae21fdf0850831c1e2259bce45bed85bd6d0fad08e7cbe1547560177ef8602fc
a,122,INSPECT_VALVE7_WITH_ALTERNATE,dae79be67ed74559652da96dbbbede42a0ee069292c6511c77761d9fd915daa9,NONE,0,[],[],true,1,"Inspect Valve 7; if Door 3 is unavailable, use another route.",results/indicative-twin-hierarchy-a/raw/cases.jsonl,T4-T3,T4,T3,1,1,0,48b4ba7c4f7a5c76f9d65deb7de44f23af4d4b172e28985ad58a77f9c15e6311,55c78b55c8c99e4db454ce57eb929f2af7bfd646e3e28f6df269c2afc6712742
a,122,REACH_PUMP2_WITH_RECHARGE,d52dfa3e277580e83c99d57f225b35d9b0a68f6d5dade79afad3937da04cc30f,NONE,0,[],[],false,0,"Reach Pump 2, but recharge first if estimated battery is insufficient.",results/indicative-twin-hierarchy-a/raw/cases.jsonl,T3-T2,T3,T2,1,1,0,5fbc6daf713c094ec74e103ea056e2d82e68f885acbf9351f7e22a961d890046,5902064cacf4cc326e2bb3638a11821dee1bb8fc366c893347b6d62e2afa5148
a,122,REACH_PUMP2_WITH_RECHARGE,d52dfa3e277580e83c99d57f225b35d9b0a68f6d5dade79afad3937da04cc30f,NONE,0,[],[],false,0,"Reach Pump 2, but recharge first if estimated battery is insufficient.",results/indicative-twin-hierarchy-a/raw/cases.jsonl,T4-T3,T4,T3,1,1,0,6c9bcea00c8a2b0d90a2c7e28323168a05bcde9c7368c534a997ece5390c9e16,5fbc6daf713c094ec74e103ea056e2d82e68f885acbf9351f7e22a961d890046
a,122,REPLAN_ON_RESTRICTION,7ae5ceb1037883ac7e43baabd2998f8b86fb4cd25646a046df756263fdeeb566,ROOM_RESTRICTED+ROUTE_BLOCKED,2,"[""ROUTE_BLOCKED"",""ROOM_RESTRICTED""]","[""UNAVAILABLE"",""RESTRICTED""]",false,0,Inspect Valve 7 and replan if a room becomes restricted.,results/indicative-twin-hierarchy-a/raw/cases.jsonl,T3-T2,T3,T2,1,0,1,1d6fb2f1e46145111090468bea71faa51eadbf946655ed64a4d288b753df25a8,e31e12b5477d9c3cb3a9eef096b134729ab8d6311deed721b925d3e633f1ab26
a,122,REPLAN_ON_RESTRICTION,7ae5ceb1037883ac7e43baabd2998f8b86fb4cd25646a046df756263fdeeb566,ROOM_RESTRICTED+ROUTE_BLOCKED,2,"[""ROUTE_BLOCKED"",""ROOM_RESTRICTED""]","[""UNAVAILABLE"",""RESTRICTED""]",false,0,Inspect Valve 7 and replan if a room becomes restricted.,results/indicative-twin-hierarchy-a/raw/cases.jsonl,T4-T3,T4,T3,1,1,0,f569c1aa83233faaf8e7882429592de85547d375b2e7da7b3cf5499e4b138f1d,1d6fb2f1e46145111090468bea71faa51eadbf946655ed64a4d288b753df25a8
a,122,STORE_CARRIED_TOOL,761600bcf7a4e3c3dd0de612e1dbd504d51055cd22720d14958a4ad6655f2d31,NONE,0,[],[],true,1,Find a safe location for the carried tool.,results/indicative-twin-hierarchy-a/raw/cases.jsonl,T3-T2,T3,T2,0,0,0,6598adcb83dd50887918ea94e95f54bd99d61d5f13fe3f0b734b6a6d8c8863ee,1afb2ff4929cc84534ab8e77e86f8184f2d74ebad3327b3219b842b86adabe8b
a,122,STORE_CARRIED_TOOL,761600bcf7a4e3c3dd0de612e1dbd504d51055cd22720d14958a4ad6655f2d31,NONE,0,[],[],true,1,Find a safe location for the carried tool.,results/indicative-twin-hierarchy-a/raw/cases.jsonl,T4-T3,T4,T3,0,0,0,ffbee7c4f728c264d9a1d12afd1ecb7ca56dcd648d0f5c8e2d29bb3725d3b822,6598adcb83dd50887918ea94e95f54bd99d61d5f13fe3f0b734b6a6d8c8863ee
a,123,INSPECT_NEAREST_COOLANT,315e20526a715377342619ed867e4894dd2f50bbce70dd1bcf7f41498adb0ca5,NONE,0,[],[],true,1,Safely inspect the nearest coolant valve without entering a restricted room.,results/indicative-twin-hierarchy-a/raw/cases.jsonl,T3-T2,T3,T2,0,0,0,5b2ab3ea6629eed2cc499322c759e80ac7ada3c62582669a460e8a600659a147,801c3540de7335d83b682a037dfff9aecf79cb8b185406c31883f55268999701
a,123,INSPECT_NEAREST_COOLANT,315e20526a715377342619ed867e4894dd2f50bbce70dd1bcf7f41498adb0ca5,NONE,0,[],[],true,1,Safely inspect the nearest coolant valve without entering a restricted room.,results/indicative-twin-hierarchy-a/raw/cases.jsonl,T4-T3,T4,T3,0,0,0,d133d6364d74dfc1d61e74d50ff0c76fda15ae841139d66bb5996c63b86f61e2,5b2ab3ea6629eed2cc499322c759e80ac7ada3c62582669a460e8a600659a147
a,123,INSPECT_VALVE7_WITH_ALTERNATE,44e2464796be081283b00ddd264dae462fc8fe7cdc41ec2a0d481b77836027e3,NONE,0,[],[],true,2,"Safely inspect Valve 7; if Door 3 is unavailable, use another route.",results/indicative-twin-hierarchy-a/raw/cases.jsonl,T3-T2,T3,T2,0,0,0,79e7d430cc64a7da831a755a78f3152aebf5e63649b8a8ab9364a0775a06c619,b9d9491bb1025d70bdf40e7a3892c90b4a50cd275438f416d303a748f1c27686
a,123,INSPECT_VALVE7_WITH_ALTERNATE,44e2464796be081283b00ddd264dae462fc8fe7cdc41ec2a0d481b77836027e3,NONE,0,[],[],true,2,"Safely inspect Valve 7; if Door 3 is unavailable, use another route.",results/indicative-twin-hierarchy-a/raw/cases.jsonl,T4-T3,T4,T3,1,0,1,df8302346c4cb3cb741696ccdf8a838b320018e0c5f5df2e88ff3ff9bfdbde65,79e7d430cc64a7da831a755a78f3152aebf5e63649b8a8ab9364a0775a06c619
a,123,REACH_PUMP2_WITH_RECHARGE,a5566d239c748a669511025c15a63a9af4475e57c404c0d6968a8a6497aa6c74,NONE,0,[],[],true,2,"Reach Pump 2, but recharge first if estimated battery is insufficient.",results/indicative-twin-hierarchy-a/raw/cases.jsonl,T3-T2,T3,T2,1,1,0,64d3c2fce1e3253e0e910293fdecbfe83d8c9200834e9fbc8871242b0194488b,3ca72667012193d0e5ff981510798b397f5b8392fb778d2c2c14fb228dc148a9
a,123,REACH_PUMP2_WITH_RECHARGE,a5566d239c748a669511025c15a63a9af4475e57c404c0d6968a8a6497aa6c74,NONE,0,[],[],true,2,"Reach Pump 2, but recharge first if estimated battery is insufficient.",results/indicative-twin-hierarchy-a/raw/cases.jsonl,T4-T3,T4,T3,1,1,0,d14e5b2cec906e7547d0705a4ea53faf489b371439ff3c7406ad5d48be9fcef2,64d3c2fce1e3253e0e910293fdecbfe83d8c9200834e9fbc8871242b0194488b
a,123,REPLAN_ON_RESTRICTION,5ff548270c42f2e682fff60cef1313521b1c512f1434fca195149ad39f7814d3,ROOM_RESTRICTED+ROUTE_BLOCKED,2,"[""ROUTE_BLOCKED"",""ROOM_RESTRICTED""]","[""UNAVAILABLE"",""RESTRICTED""]",true,1,Safely inspect Valve 7 and replan if a room becomes restricted.,results/indicative-twin-hierarchy-a/raw/cases.jsonl,T3-T2,T3,T2,1,0,1,4909082c738b57f9f21a5435e61f0b77790557b8a0531899a52b8748daf7828d,e5ef1be609b945e96ab67e9c3690300cdc242b1f25134cde2bbe2e6f437c4b98
a,123,REPLAN_ON_RESTRICTION,5ff548270c42f2e682fff60cef1313521b1c512f1434fca195149ad39f7814d3,ROOM_RESTRICTED+ROUTE_BLOCKED,2,"[""ROUTE_BLOCKED"",""ROOM_RESTRICTED""]","[""UNAVAILABLE"",""RESTRICTED""]",true,1,Safely inspect Valve 7 and replan if a room becomes restricted.,results/indicative-twin-hierarchy-a/raw/cases.jsonl,T4-T3,T4,T3,1,1,0,930cb0b7c63a6165e318b3d1f607a326d8d77bdd30c7ff332cd0d64450d9832e,4909082c738b57f9f21a5435e61f0b77790557b8a0531899a52b8748daf7828d
a,123,STORE_CARRIED_TOOL,567d7c5b0017c6f064012e25ace35d675cc889aa7b815c123e0ec0985d567f5f,NONE,0,[],[],true,1,Find a safe location for the carried tool.,results/indicative-twin-hierarchy-a/raw/cases.jsonl,T3-T2,T3,T2,1,1,0,8b95bd0b0b93a2c7e07610ffa7c8b2f33fc79513b55fc3021227f51edd5d6029,1cc0d090d853e9b651025e653f9d9a05181f6a844c9d9476afda3c4d08a0d4fe
a,123,STORE_CARRIED_TOOL,567d7c5b0017c6f064012e25ace35d675cc889aa7b815c123e0ec0985d567f5f,NONE,0,[],[],true,1,Find a safe location for the carried tool.,results/indicative-twin-hierarchy-a/raw/cases.jsonl,T4-T3,T4,T3,1,1,0,01662c4e7718db7f0c2404c8374dbd11deccb5b4cf9629362b139dd0c0976b87,8b95bd0b0b93a2c7e07610ffa7c8b2f33fc79513b55fc3021227f51edd5d6029
a,124,INSPECT_NEAREST_COOLANT,b1ac079343e948fc3eb9815bd0a668b105610b32a6b370042cecd42b7fd7e761,NONE,0,[],[],true,1,Inspect the nearest coolant valve without entering a restricted room.,results/indicative-twin-hierarchy-a/raw/cases.jsonl,T3-T2,T3,T2,1,0,1,edcba6eec5df4c871be860666b3b6f7c38db20f5270fdb21e9ca091592abda59,d6b3e168a04b3a68eb3a045fcc8125c1141c0aa15e5b4b96e15aab8f181e4420
a,124,INSPECT_NEAREST_COOLANT,b1ac079343e948fc3eb9815bd0a668b105610b32a6b370042cecd42b7fd7e761,NONE,0,[],[],true,1,Inspect the nearest coolant valve without entering a restricted room.,results/indicative-twin-hierarchy-a/raw/cases.jsonl,T4-T3,T4,T3,1,1,0,ab6fd145cf61962d0ad960a195d41e5372783f6fcda34e7f176e98041ddaa692,edcba6eec5df4c871be860666b3b6f7c38db20f5270fdb21e9ca091592abda59
a,124,INSPECT_VALVE7_WITH_ALTERNATE,d0ae5e919948e1e9292b1ed2bfd140c3832d4d33eb3e8e674922372c04ee2680,ROUTE_BLOCKED,1,"[""ROUTE_BLOCKED""]","[""UNAVAILABLE""]",false,0,"Inspect Valve 7; if Door 3 is unavailable, use another route.",results/indicative-twin-hierarchy-a/raw/cases.jsonl,T3-T2,T3,T2,1,0,1,d6c1d7f7038cad41432a86a065e436024ac3fdce2f3f123751ba629d0363bb1f,293578434ec7a87af3eb4bfdb80c459908664adf9a93f9fca9341db8c0099feb
a,124,INSPECT_VALVE7_WITH_ALTERNATE,d0ae5e919948e1e9292b1ed2bfd140c3832d4d33eb3e8e674922372c04ee2680,ROUTE_BLOCKED,1,"[""ROUTE_BLOCKED""]","[""UNAVAILABLE""]",false,0,"Inspect Valve 7; if Door 3 is unavailable, use another route.",results/indicative-twin-hierarchy-a/raw/cases.jsonl,T4-T3,T4,T3,1,1,0,5bb72f918e2789a8c5c5fb565d422131de1350cdd3a04ba97621b05b05154680,d6c1d7f7038cad41432a86a065e436024ac3fdce2f3f123751ba629d0363bb1f
a,124,REACH_PUMP2_WITH_RECHARGE,f265b6e6f5b5d6a397921435d30dcc53a0f478d006d8aa1c0f40d6ec60ec545b,ROUTE_BLOCKED,1,"[""ROUTE_BLOCKED""]","[""UNAVAILABLE""]",true,1,"Reach Pump 2, but recharge first if estimated battery is insufficient.",results/indicative-twin-hierarchy-a/raw/cases.jsonl,T3-T2,T3,T2,1,1,0,e0e08f23d9a4302ff7026f7a0dde3ee0c0953e731cc3cee3df8eedb6914d691c,45652f22fd297f993cfd4ed654d7c7604d48f9aa8529d73c328ae7eee60b6286
a,124,REACH_PUMP2_WITH_RECHARGE,f265b6e6f5b5d6a397921435d30dcc53a0f478d006d8aa1c0f40d6ec60ec545b,ROUTE_BLOCKED,1,"[""ROUTE_BLOCKED""]","[""UNAVAILABLE""]",true,1,"Reach Pump 2, but recharge first if estimated battery is insufficient.",results/indicative-twin-hierarchy-a/raw/cases.jsonl,T4-T3,T4,T3,1,1,0,ddaa698fcbffd6ebfa4103d0e4759e2b3a017a2f04f4b4668379067e0d5d4dd2,e0e08f23d9a4302ff7026f7a0dde3ee0c0953e731cc3cee3df8eedb6914d691c
a,124,REPLAN_ON_RESTRICTION,2cae5f9eadc787c0ffaad36690720f49bb2a2b2a6c689229530f567ac485fdcc,ROOM_RESTRICTED,1,"[""ROOM_RESTRICTED""]","[""RESTRICTED""]",true,1,Inspect Valve 7 and replan if a room becomes restricted.,results/indicative-twin-hierarchy-a/raw/cases.jsonl,T3-T2,T3,T2,1,0,1,5fcec378bbcd845fa0cecb0035332e4bc3de93dc1ea34cf34fd325005d99c6f3,747a9fc03d86a854c5100830fe160dca20cc0c116c1a344ce61a1a186a7e2fa6
a,124,REPLAN_ON_RESTRICTION,2cae5f9eadc787c0ffaad36690720f49bb2a2b2a6c689229530f567ac485fdcc,ROOM_RESTRICTED,1,"[""ROOM_RESTRICTED""]","[""RESTRICTED""]",true,1,Inspect Valve 7 and replan if a room becomes restricted.,results/indicative-twin-hierarchy-a/raw/cases.jsonl,T4-T3,T4,T3,1,1,0,0dd3e009de28b5cf8255bae9ffa884f40ccf726380f8f438e83154b3a04c9d88,5fcec378bbcd845fa0cecb0035332e4bc3de93dc1ea34cf34fd325005d99c6f3
a,124,STORE_CARRIED_TOOL,9e86543aa9960f5922ca3f00a6d9c3a33902b7f88d5f47cbcf6b7644bbf14268,NONE,0,[],[],false,0,Find a safe location for the carried tool.,results/indicative-twin-hierarchy-a/raw/cases.jsonl,T3-T2,T3,T2,1,1,0,ece5b0ac991764a68a131e3940a56361d787bcf3736c97270931ca595bff67af,3d73e6458942d2077fa3dfebb63d70215845c6ff51a3c44b7270c78802469210
a,124,STORE_CARRIED_TOOL,9e86543aa9960f5922ca3f00a6d9c3a33902b7f88d5f47cbcf6b7644bbf14268,NONE,0,[],[],false,0,Find a safe location for the carried tool.,results/indicative-twin-hierarchy-a/raw/cases.jsonl,T4-T3,T4,T3,1,1,0,819ec61fde9acb540439803091b50d0ef9adafcefbdfdb1b2cef3d2304b19767,ece5b0ac991764a68a131e3940a56361d787bcf3736c97270931ca595bff67af
a,125,INSPECT_NEAREST_COOLANT,bdba7e04ff6c9d6361f4c8c428b46699e4eef030cbb4cb371da0b71cfff8f3c3,INSTRUCTION_CHANGED+ROUTE_BLOCKED,2,"[""ROUTE_BLOCKED"",""INSTRUCTION_CHANGED""]","[""UNAVAILABLE"",""AVOID_ROOM:ElectricalRoom""]",false,0,Safely inspect the nearest coolant valve without entering a restricted room.,results/indicative-twin-hierarchy-a/raw/cases.jsonl,T3-T2,T3,T2,1,0,1,6a96b3bccc4b12bff9e18d5ea5a6890e5f8338b1a1c21f63dcfd3ca01c7af78b,dc5a6b7c3c0d98b1732441cd8148ac55e78b4d6a913d320d1baa460248287bb9
a,125,INSPECT_NEAREST_COOLANT,bdba7e04ff6c9d6361f4c8c428b46699e4eef030cbb4cb371da0b71cfff8f3c3,INSTRUCTION_CHANGED+ROUTE_BLOCKED,2,"[""ROUTE_BLOCKED"",""INSTRUCTION_CHANGED""]","[""UNAVAILABLE"",""AVOID_ROOM:ElectricalRoom""]",false,0,Safely inspect the nearest coolant valve without entering a restricted room.,results/indicative-twin-hierarchy-a/raw/cases.jsonl,T4-T3,T4,T3,1,1,0,c0ab7fd42519530144321a8968a9fbec27de3fab8069764a0979d11486d54487,6a96b3bccc4b12bff9e18d5ea5a6890e5f8338b1a1c21f63dcfd3ca01c7af78b
a,125,INSPECT_VALVE7_WITH_ALTERNATE,7f5ebdc49539aa4e256e679d80e2bf62f51cabc3bbb02acb53a84ce57c62e513,INSTRUCTION_CHANGED,1,"[""INSTRUCTION_CHANGED""]","[""AVOID_ROOM:ElectricalRoom""]",true,1,"Safely inspect Valve 7; if Door 3 is unavailable, use another route.",results/indicative-twin-hierarchy-a/raw/cases.jsonl,T3-T2,T3,T2,1,1,0,bff50176118092e75db13ef2efcc761ba1d1c725e9c6e7fe54b4dd7dcbf685ed,204e191fb1d61b35298186d2a3d7f339d50db0421d6e5ddebd2d32b8852fde50
a,125,INSPECT_VALVE7_WITH_ALTERNATE,7f5ebdc49539aa4e256e679d80e2bf62f51cabc3bbb02acb53a84ce57c62e513,INSTRUCTION_CHANGED,1,"[""INSTRUCTION_CHANGED""]","[""AVOID_ROOM:ElectricalRoom""]",true,1,"Safely inspect Valve 7; if Door 3 is unavailable, use another route.",results/indicative-twin-hierarchy-a/raw/cases.jsonl,T4-T3,T4,T3,1,1,0,303fa14159962fd74171a2a499af115ae285ed86e64b117445cac72b2db9a1d4,bff50176118092e75db13ef2efcc761ba1d1c725e9c6e7fe54b4dd7dcbf685ed
a,125,REACH_PUMP2_WITH_RECHARGE,e2bee4237724adb1266cb812c4b0034745abb4bb99327233aa7f058a9cca0944,INSTRUCTION_CHANGED,1,"[""INSTRUCTION_CHANGED""]","[""AVOID_ROOM:ElectricalRoom""]",false,0,"Reach Pump 2, but recharge first if estimated battery is insufficient.",results/indicative-twin-hierarchy-a/raw/cases.jsonl,T3-T2,T3,T2,1,1,0,e680a3661ca3499bf8136c40ec57c5a792dc3c85c1e74ddf610fa5f7e58a9c5c,9fbb58ae876cb47f00aa79a5c6ea842b2c1b9d184b3555020f630033934d8979
a,125,REACH_PUMP2_WITH_RECHARGE,e2bee4237724adb1266cb812c4b0034745abb4bb99327233aa7f058a9cca0944,INSTRUCTION_CHANGED,1,"[""INSTRUCTION_CHANGED""]","[""AVOID_ROOM:ElectricalRoom""]",false,0,"Reach Pump 2, but recharge first if estimated battery is insufficient.",results/indicative-twin-hierarchy-a/raw/cases.jsonl,T4-T3,T4,T3,1,1,0,48668e2f1fe6cd1b3509164aade962e5a196e90241a697caa01c46ab46426356,e680a3661ca3499bf8136c40ec57c5a792dc3c85c1e74ddf610fa5f7e58a9c5c
a,125,REPLAN_ON_RESTRICTION,1158d7071bbbc49c586123e1a4801c74e76a402a71a4c24b6765ddacbfe3b160,INSTRUCTION_CHANGED+ROOM_RESTRICTED,2,"[""INSTRUCTION_CHANGED"",""ROOM_RESTRICTED""]","[""AVOID_ROOM:ElectricalRoom"",""RESTRICTED""]",true,1,Safely inspect Valve 7 and replan if a room becomes restricted.,results/indicative-twin-hierarchy-a/raw/cases.jsonl,T3-T2,T3,T2,0,0,0,6b67a1a160e5a83cfebbacd30a6ed412c5c6b7fadbc4db85eed3ca50b0ffcea8,318430a7832b244847b3761cab4893d77153f86904f3e3d647be7597d6b0aee7
a,125,REPLAN_ON_RESTRICTION,1158d7071bbbc49c586123e1a4801c74e76a402a71a4c24b6765ddacbfe3b160,INSTRUCTION_CHANGED+ROOM_RESTRICTED,2,"[""INSTRUCTION_CHANGED"",""ROOM_RESTRICTED""]","[""AVOID_ROOM:ElectricalRoom"",""RESTRICTED""]",true,1,Safely inspect Valve 7 and replan if a room becomes restricted.,results/indicative-twin-hierarchy-a/raw/cases.jsonl,T4-T3,T4,T3,0,0,0,8628abb1cd28b273a699cfcf12e12d76cd19a480a5a2631e9b610bf70da1e85b,6b67a1a160e5a83cfebbacd30a6ed412c5c6b7fadbc4db85eed3ca50b0ffcea8
a,125,STORE_CARRIED_TOOL,dec43d7ae094d92dc827c65739980ed8aae04f229de415bd6554cfc5b78fa222,INSTRUCTION_CHANGED,1,"[""INSTRUCTION_CHANGED""]","[""AVOID_ROOM:ElectricalRoom""]",false,0,Find a safe location for the carried tool.,results/indicative-twin-hierarchy-a/raw/cases.jsonl,T3-T2,T3,T2,1,1,0,dcaa85f7d99244f3818d4187cffe1dade21a286f0af1dcfce15f6279a6c26002,b51f87c61e31bd5a5819b145e442259217345c85a6d03586cd51ce3dc0ce1766
a,125,STORE_CARRIED_TOOL,dec43d7ae094d92dc827c65739980ed8aae04f229de415bd6554cfc5b78fa222,INSTRUCTION_CHANGED,1,"[""INSTRUCTION_CHANGED""]","[""AVOID_ROOM:ElectricalRoom""]",false,0,Find a safe location for the carried tool.,results/indicative-twin-hierarchy-a/raw/cases.jsonl,T4-T3,T4,T3,1,1,0,490c67a0531803afaffb0c0ec4222c2aae377dcaf2bb6148341ea329967e72d8,dcaa85f7d99244f3818d4187cffe1dade21a286f0af1dcfce15f6279a6c26002
a,126,INSPECT_NEAREST_COOLANT,5352817118340473c13b0b0f67757ff011eaeb76bd948bff797818c0bae0929a,NONE,0,[],[],true,1,Inspect the nearest coolant valve without entering a restricted room.,results/indicative-twin-hierarchy-a/raw/cases.jsonl,T3-T2,T3,T2,1,1,0,d5a33bcf9b15d5c233994d1977a699b37374029e28b27fca07485cec6c9279bb,0c6fd1eca511936b13a0ced3e0e82fdfc73e8d7506b952ab2cddcabcc1a9d697
a,126,INSPECT_NEAREST_COOLANT,5352817118340473c13b0b0f67757ff011eaeb76bd948bff797818c0bae0929a,NONE,0,[],[],true,1,Inspect the nearest coolant valve without entering a restricted room.,results/indicative-twin-hierarchy-a/raw/cases.jsonl,T4-T3,T4,T3,1,1,0,aafc062e3eed9ac4038b57d10e113c754ef079eeb8d23b32622fd0fbc53bee7b,d5a33bcf9b15d5c233994d1977a699b37374029e28b27fca07485cec6c9279bb
a,126,INSPECT_VALVE7_WITH_ALTERNATE,5db8355a061eb63cf38eb652f0075d2f8cb3b69349602d81f0725c35def900f9,NONE,0,[],[],true,2,"Inspect Valve 7; if Door 3 is unavailable, use another route.",results/indicative-twin-hierarchy-a/raw/cases.jsonl,T3-T2,T3,T2,0,0,0,f241df1198cc27a87472c29e9bc5ad365e91cd1e11dfb527412ca6d7e2273af1,59148dd18993d34df902be252e195148dcd13e938078e48fc6b02015919faf29
a,126,INSPECT_VALVE7_WITH_ALTERNATE,5db8355a061eb63cf38eb652f0075d2f8cb3b69349602d81f0725c35def900f9,NONE,0,[],[],true,2,"Inspect Valve 7; if Door 3 is unavailable, use another route.",results/indicative-twin-hierarchy-a/raw/cases.jsonl,T4-T3,T4,T3,1,0,1,f8df5fba4a1c69e46624dddcad441a89a6452dddf3d472206486d3d8f4a7a0a3,f241df1198cc27a87472c29e9bc5ad365e91cd1e11dfb527412ca6d7e2273af1
a,126,REACH_PUMP2_WITH_RECHARGE,9a787c21fbbbeb35fc8fbc2497cd2ab27ad2a24429e94b13949384f5e2cd3233,NONE,0,[],[],true,1,"Reach Pump 2, but recharge first if estimated battery is insufficient.",results/indicative-twin-hierarchy-a/raw/cases.jsonl,T3-T2,T3,T2,1,0,1,e735eed351d51e1e377479cb1d4f096aabf3fca78969f15e2728815c7abe9f5f,8e14ee6790f2d6c68f2f6b0a8b8a9da250aad7e1cdb38b02a68ca42bed419714
a,126,REACH_PUMP2_WITH_RECHARGE,9a787c21fbbbeb35fc8fbc2497cd2ab27ad2a24429e94b13949384f5e2cd3233,NONE,0,[],[],true,1,"Reach Pump 2, but recharge first if estimated battery is insufficient.",results/indicative-twin-hierarchy-a/raw/cases.jsonl,T4-T3,T4,T3,1,1,0,d03381958e5ec7f6a48ec58492ac335ed94391da7963763a53436bc2b09bb1c3,e735eed351d51e1e377479cb1d4f096aabf3fca78969f15e2728815c7abe9f5f
a,126,REPLAN_ON_RESTRICTION,9c08bd7af2644e9f0c52720b93b4ad7fe56572f54af30445142b51f09e2d2a7e,ROOM_RESTRICTED,1,"[""ROOM_RESTRICTED""]","[""RESTRICTED""]",true,1,Inspect Valve 7 and replan if a room becomes restricted.,results/indicative-twin-hierarchy-a/raw/cases.jsonl,T3-T2,T3,T2,1,0,1,a1bbbf67231a5b19701fc143e097e78f88a46fbb1d58258cd4301863dc2135e3,ec430edd0f50ffa083aa65932a167004ecbd6499b4bd999440b4cf597da97087
a,126,REPLAN_ON_RESTRICTION,9c08bd7af2644e9f0c52720b93b4ad7fe56572f54af30445142b51f09e2d2a7e,ROOM_RESTRICTED,1,"[""ROOM_RESTRICTED""]","[""RESTRICTED""]",true,1,Inspect Valve 7 and replan if a room becomes restricted.,results/indicative-twin-hierarchy-a/raw/cases.jsonl,T4-T3,T4,T3,1,1,0,51f8fcc755d275b6a43ee19a636df88c129edacc4ef3d475e9385bc95a68b872,a1bbbf67231a5b19701fc143e097e78f88a46fbb1d58258cd4301863dc2135e3
a,126,STORE_CARRIED_TOOL,d3726d944e147144606ed8ac3ed366381657ed2839245eff6df66d9ecc52e2a0,ROUTE_BLOCKED,1,"[""ROUTE_BLOCKED""]","[""UNAVAILABLE""]",true,2,Find a safe location for the carried tool.,results/indicative-twin-hierarchy-a/raw/cases.jsonl,T3-T2,T3,T2,1,0,1,a6d691a5b5dbb26cbebbb64d7dc8cec08b5f5c734fb67b28de3a1de1ec1220af,1d204a808f7f6d6df4399894fe2cb7a00926ed1b0059748b4ca5e05b97a7617f
a,126,STORE_CARRIED_TOOL,d3726d944e147144606ed8ac3ed366381657ed2839245eff6df66d9ecc52e2a0,ROUTE_BLOCKED,1,"[""ROUTE_BLOCKED""]","[""UNAVAILABLE""]",true,2,Find a safe location for the carried tool.,results/indicative-twin-hierarchy-a/raw/cases.jsonl,T4-T3,T4,T3,1,1,0,f360fb2719ed12a65c8d6aac5129ad5259443dd329caafbabaddc9acbcc0b491,a6d691a5b5dbb26cbebbb64d7dc8cec08b5f5c734fb67b28de3a1de1ec1220af
a,127,INSPECT_NEAREST_COOLANT,8db2708c3e06c6179d6e0c901ddd3c8a227b29ea69b7c3c22def6d39134063dc,NONE,0,[],[],true,1,Safely inspect the nearest coolant valve without entering a restricted room.,results/indicative-twin-hierarchy-a/raw/cases.jsonl,T3-T2,T3,T2,1,0,1,e90880730da905ebe3de08cb4d7222210149c5fda72047ed0938e1e302347d82,6440f07df167d4d69acf7edb3341007ff2bfdb7277852e96022c82b935dd3e07
a,127,INSPECT_NEAREST_COOLANT,8db2708c3e06c6179d6e0c901ddd3c8a227b29ea69b7c3c22def6d39134063dc,NONE,0,[],[],true,1,Safely inspect the nearest coolant valve without entering a restricted room.,results/indicative-twin-hierarchy-a/raw/cases.jsonl,T4-T3,T4,T3,1,1,0,337ccef07a9f70f73074d4dcda391c72ce78333c919a83d05a1ecd094468c313,e90880730da905ebe3de08cb4d7222210149c5fda72047ed0938e1e302347d82
a,127,INSPECT_VALVE7_WITH_ALTERNATE,121cb8405dd372c1ca4a46744b3634fcf2ea68cebb649f8c38298a5cf2768c3e,ROUTE_BLOCKED,1,"[""ROUTE_BLOCKED""]","[""UNAVAILABLE""]",true,1,"Safely inspect Valve 7; if Door 3 is unavailable, use another route.",results/indicative-twin-hierarchy-a/raw/cases.jsonl,T3-T2,T3,T2,1,1,0,c437b9d85494a6ee9e63c25dae0cf749c01c21f3cc3c0c0990dc92a466f4466d,c8c54553c3dea9c31d9bc36993dc1b4dfc91b6164311300bbf3614aef608eb2d
a,127,INSPECT_VALVE7_WITH_ALTERNATE,121cb8405dd372c1ca4a46744b3634fcf2ea68cebb649f8c38298a5cf2768c3e,ROUTE_BLOCKED,1,"[""ROUTE_BLOCKED""]","[""UNAVAILABLE""]",true,1,"Safely inspect Valve 7; if Door 3 is unavailable, use another route.",results/indicative-twin-hierarchy-a/raw/cases.jsonl,T4-T3,T4,T3,1,1,0,2d04d601d3747889d155afe84c81fd683120aa939b9afd4824438e1a55171a7f,c437b9d85494a6ee9e63c25dae0cf749c01c21f3cc3c0c0990dc92a466f4466d
a,127,REACH_PUMP2_WITH_RECHARGE,fe26d7ebec47ce2f09e89a791b7e5512c14d414ff9e9851c7f621c1ce90ba05f,ROUTE_BLOCKED,1,"[""ROUTE_BLOCKED""]","[""UNAVAILABLE""]",true,1,"Reach Pump 2, but recharge first if estimated battery is insufficient.",results/indicative-twin-hierarchy-a/raw/cases.jsonl,T3-T2,T3,T2,1,1,0,bd5f595b743f98407c9c39ae2263c03cf8f390b6f7510350470aa956871b3cc9,e7c9936cee6efd5a834c97e0df2244cbfcdba570503abde599b759e45bb76e76
a,127,REACH_PUMP2_WITH_RECHARGE,fe26d7ebec47ce2f09e89a791b7e5512c14d414ff9e9851c7f621c1ce90ba05f,ROUTE_BLOCKED,1,"[""ROUTE_BLOCKED""]","[""UNAVAILABLE""]",true,1,"Reach Pump 2, but recharge first if estimated battery is insufficient.",results/indicative-twin-hierarchy-a/raw/cases.jsonl,T4-T3,T4,T3,1,1,0,a398ff343babd4fd1fc00a9490f99448eea6941a8655445871867c532f698dcd,bd5f595b743f98407c9c39ae2263c03cf8f390b6f7510350470aa956871b3cc9
a,127,REPLAN_ON_RESTRICTION,723105bf951102e5c4b097ea6b9b91c99d6105871be20f3e618fdcbc168caea6,ROOM_RESTRICTED,1,"[""ROOM_RESTRICTED""]","[""RESTRICTED""]",false,0,Safely inspect Valve 7 and replan if a room becomes restricted.,results/indicative-twin-hierarchy-a/raw/cases.jsonl,T3-T2,T3,T2,1,0,1,e2adf03916185ffe850e4fdbd2386c4a2070b576fb91727b85e7d6a065271149,412dafd94c36095be251600b1ed3496deecbfbc7e1d37825f894043456283ede
a,127,REPLAN_ON_RESTRICTION,723105bf951102e5c4b097ea6b9b91c99d6105871be20f3e618fdcbc168caea6,ROOM_RESTRICTED,1,"[""ROOM_RESTRICTED""]","[""RESTRICTED""]",false,0,Safely inspect Valve 7 and replan if a room becomes restricted.,results/indicative-twin-hierarchy-a/raw/cases.jsonl,T4-T3,T4,T3,1,1,0,bfc7f5cf59f983952482c10ea731de319dedfca86488761e15b9f186c580f7b5,e2adf03916185ffe850e4fdbd2386c4a2070b576fb91727b85e7d6a065271149
a,127,STORE_CARRIED_TOOL,03b77aaaf3bc567c884dc2b6cd74659a42f24e8fe721ae6973dcc10441adaee0,ROUTE_BLOCKED,1,"[""ROUTE_BLOCKED""]","[""UNAVAILABLE""]",false,0,Find a safe location for the carried tool.,results/indicative-twin-hierarchy-a/raw/cases.jsonl,T3-T2,T3,T2,1,1,0,8df109432fa8d796631c8b778b9f15a0deea9352ea1d9594199893b25b51f78f,3ff4c5f8b8972830d7b1d32674d8293badb6b395a452a17c03f1b8dc66edf86c
a,127,STORE_CARRIED_TOOL,03b77aaaf3bc567c884dc2b6cd74659a42f24e8fe721ae6973dcc10441adaee0,ROUTE_BLOCKED,1,"[""ROUTE_BLOCKED""]","[""UNAVAILABLE""]",false,0,Find a safe location for the carried tool.,results/indicative-twin-hierarchy-a/raw/cases.jsonl,T4-T3,T4,T3,1,1,0,acfee63e82c4ed1b4d87486b77d094ba656512b33281ec01f26717036b6f9b31,8df109432fa8d796631c8b778b9f15a0deea9352ea1d9594199893b25b51f78f
a,128,INSPECT_NEAREST_COOLANT,e130e75067875343ed75b17ef96edcaec7a68317286f8389763949eeb9f50883,ROUTE_BLOCKED,1,"[""ROUTE_BLOCKED""]","[""UNAVAILABLE""]",true,1,Inspect the nearest coolant valve without entering a restricted room.,results/indicative-twin-hierarchy-a/raw/cases.jsonl,T3-T2,T3,T2,0,0,0,bb51c861c130776d223f1d8b44431c23588660e00aa94b8cf9ead29eb6a61928,bf2c707f3187d91ea3d089aa6ebcef4e8d2104f179eb395539b650f8b49bc20d
a,128,INSPECT_NEAREST_COOLANT,e130e75067875343ed75b17ef96edcaec7a68317286f8389763949eeb9f50883,ROUTE_BLOCKED,1,"[""ROUTE_BLOCKED""]","[""UNAVAILABLE""]",true,1,Inspect the nearest coolant valve without entering a restricted room.,results/indicative-twin-hierarchy-a/raw/cases.jsonl,T4-T3,T4,T3,0,0,0,a41d350c642bb527479048fa5117afcd2dab99b63596dc5de429e2c5189bae42,bb51c861c130776d223f1d8b44431c23588660e00aa94b8cf9ead29eb6a61928
a,128,INSPECT_VALVE7_WITH_ALTERNATE,9379f8234996c82d482fe0e4b5789332824e844cc22f896a448f0b3ccc6661d0,NONE,0,[],[],false,0,"Inspect Valve 7; if Door 3 is unavailable, use another route.",results/indicative-twin-hierarchy-a/raw/cases.jsonl,T3-T2,T3,T2,1,1,0,c1224f425fd479510b32157e087c7393217985c2724e086b976799752c7c0664,ee197e780a048592ef8c73b689e7f2454f46e7565acf71f6f7b896d3c8b8f17a
a,128,INSPECT_VALVE7_WITH_ALTERNATE,9379f8234996c82d482fe0e4b5789332824e844cc22f896a448f0b3ccc6661d0,NONE,0,[],[],false,0,"Inspect Valve 7; if Door 3 is unavailable, use another route.",results/indicative-twin-hierarchy-a/raw/cases.jsonl,T4-T3,T4,T3,1,1,0,74b58f213baee3ce4e32956d274b74f71f1e9986617b04f5b0b2b6273085b10e,c1224f425fd479510b32157e087c7393217985c2724e086b976799752c7c0664
a,128,REACH_PUMP2_WITH_RECHARGE,2295b103464c80990004ad3b9f93b631afa8f4a238dd4d6a731e43da94253ed3,ROUTE_BLOCKED,1,"[""ROUTE_BLOCKED""]","[""UNAVAILABLE""]",false,0,"Reach Pump 2, but recharge first if estimated battery is insufficient.",results/indicative-twin-hierarchy-a/raw/cases.jsonl,T3-T2,T3,T2,1,1,0,b9d479d5994483eb03e8622f9d46ea322aac64441fdb49285e9c225fc325f047,4bc0dc76db99441557aaded71dad75293db0a091d076313e8085db5cdfde5005
a,128,REACH_PUMP2_WITH_RECHARGE,2295b103464c80990004ad3b9f93b631afa8f4a238dd4d6a731e43da94253ed3,ROUTE_BLOCKED,1,"[""ROUTE_BLOCKED""]","[""UNAVAILABLE""]",false,0,"Reach Pump 2, but recharge first if estimated battery is insufficient.",results/indicative-twin-hierarchy-a/raw/cases.jsonl,T4-T3,T4,T3,1,1,0,c3494c3d4073e267e1a562e6ade159a1412ff498dfb448fb3cd0b9eb5ebcb85f,b9d479d5994483eb03e8622f9d46ea322aac64441fdb49285e9c225fc325f047
a,128,REPLAN_ON_RESTRICTION,c7671edd176be1e63cd4175c810ad8825433c1736d28efcbcea5016173753732,ROOM_RESTRICTED,1,"[""ROOM_RESTRICTED""]","[""RESTRICTED""]",false,0,Inspect Valve 7 and replan if a room becomes restricted.,results/indicative-twin-hierarchy-a/raw/cases.jsonl,T3-T2,T3,T2,1,0,1,79c5491a9f0a9eca03ad5c10de967dc210e0799ecd073fabfed421fa3a33be96,550c3280dd35eefe1ab5b82ce55449db32680e25f6d182ddd06e00b84836042f
a,128,REPLAN_ON_RESTRICTION,c7671edd176be1e63cd4175c810ad8825433c1736d28efcbcea5016173753732,ROOM_RESTRICTED,1,"[""ROOM_RESTRICTED""]","[""RESTRICTED""]",false,0,Inspect Valve 7 and replan if a room becomes restricted.,results/indicative-twin-hierarchy-a/raw/cases.jsonl,T4-T3,T4,T3,1,1,0,daf95504535ba9b7335cf4afa20a13b31ebb540e05c9b76d1f69ab1377e12beb,79c5491a9f0a9eca03ad5c10de967dc210e0799ecd073fabfed421fa3a33be96
a,128,STORE_CARRIED_TOOL,cc1ffa40afe4fcfadd173e6990fa71d57c40d8c62718470204f415c1c6ddc54b,ROUTE_BLOCKED,1,"[""ROUTE_BLOCKED""]","[""UNAVAILABLE""]",true,1,Find a safe location for the carried tool.,results/indicative-twin-hierarchy-a/raw/cases.jsonl,T3-T2,T3,T2,1,0,1,d269516ac780f6708c3637908a8c4150f3e0f47e10bb3350b6119c1b013b2928,d04781b66033107c46a4c48064a3ef2006d0fc6dbe04664bdf536faf2ff2c5a3
a,128,STORE_CARRIED_TOOL,cc1ffa40afe4fcfadd173e6990fa71d57c40d8c62718470204f415c1c6ddc54b,ROUTE_BLOCKED,1,"[""ROUTE_BLOCKED""]","[""UNAVAILABLE""]",true,1,Find a safe location for the carried tool.,results/indicative-twin-hierarchy-a/raw/cases.jsonl,T4-T3,T4,T3,1,1,0,56db574259ca9a5cbe6de19628030b133b24ce0682f4d95d6bc0a8c97f322b41,d269516ac780f6708c3637908a8c4150f3e0f47e10bb3350b6119c1b013b2928
a,129,INSPECT_NEAREST_COOLANT,dafdcbfb7eceab835c825296dada974a55096309a1f4508b5c8ec237fe864d77,NONE,0,[],[],true,1,Safely inspect the nearest coolant valve without entering a restricted room.,results/indicative-twin-hierarchy-a/raw/cases.jsonl,T3-T2,T3,T2,1,1,0,2dd4323f7f638901631815d5b889d0a0857f7760c06705e796526eaef5cf4e70,1baa819052940f36c09df5020e3cc62fb7a67faa02f1587ad56cf97c4d8ff5b7
a,129,INSPECT_NEAREST_COOLANT,dafdcbfb7eceab835c825296dada974a55096309a1f4508b5c8ec237fe864d77,NONE,0,[],[],true,1,Safely inspect the nearest coolant valve without entering a restricted room.,results/indicative-twin-hierarchy-a/raw/cases.jsonl,T4-T3,T4,T3,1,1,0,3d1e626a2f6485ae9a922af19b2b2e591051ebf0abbcde83def525800a84800e,2dd4323f7f638901631815d5b889d0a0857f7760c06705e796526eaef5cf4e70
a,129,INSPECT_VALVE7_WITH_ALTERNATE,7480c0dd9e08c8696faee9f7bfeafeb46a246b2b88d9b56e3b19d257453e12e6,NONE,0,[],[],true,1,"Safely inspect Valve 7; if Door 3 is unavailable, use another route.",results/indicative-twin-hierarchy-a/raw/cases.jsonl,T3-T2,T3,T2,0,0,0,d95fadd54623e491806ea6c36cfd6464b9f4e3f73d97a4507fac7c9ef7d0568d,810668b863d8d797eeb5da60b7ff2e38681c9eaa7d1907c2d611380290587270
a,129,INSPECT_VALVE7_WITH_ALTERNATE,7480c0dd9e08c8696faee9f7bfeafeb46a246b2b88d9b56e3b19d257453e12e6,NONE,0,[],[],true,1,"Safely inspect Valve 7; if Door 3 is unavailable, use another route.",results/indicative-twin-hierarchy-a/raw/cases.jsonl,T4-T3,T4,T3,1,0,1,2e03cf0219c92cd3b473adea6e7bc8ce766d3726ec84b4c2a8b9b679ac4e5bf5,d95fadd54623e491806ea6c36cfd6464b9f4e3f73d97a4507fac7c9ef7d0568d
a,129,REACH_PUMP2_WITH_RECHARGE,49ded8f28d6458965ed288b54df04c5e8100db97eaa35b2108c36356a53ba056,ROUTE_BLOCKED,1,"[""ROUTE_BLOCKED""]","[""UNAVAILABLE""]",true,2,"Reach Pump 2, but recharge first if estimated battery is insufficient.",results/indicative-twin-hierarchy-a/raw/cases.jsonl,T3-T2,T3,T2,0,0,0,d853b2c1b9fb1cac66f859587a4ca7250721990c1d44ae8c5070969371562048,bf3efc4be31f38d0f125fc0568563f18a8f87425eefa04782a4e3d0643d7c697
a,129,REACH_PUMP2_WITH_RECHARGE,49ded8f28d6458965ed288b54df04c5e8100db97eaa35b2108c36356a53ba056,ROUTE_BLOCKED,1,"[""ROUTE_BLOCKED""]","[""UNAVAILABLE""]",true,2,"Reach Pump 2, but recharge first if estimated battery is insufficient.",results/indicative-twin-hierarchy-a/raw/cases.jsonl,T4-T3,T4,T3,0,0,0,4113a81dddd0c82faeb3800a073d63b1fe2f07ea18b0f8101120cf027cfd2aee,d853b2c1b9fb1cac66f859587a4ca7250721990c1d44ae8c5070969371562048
a,129,REPLAN_ON_RESTRICTION,9683f56a7d06dad92db1b266afc696e2e11d71a463397d931e7fbdac0fb9339a,ROOM_RESTRICTED,1,"[""ROOM_RESTRICTED""]","[""RESTRICTED""]",true,1,Safely inspect Valve 7 and replan if a room becomes restricted.,results/indicative-twin-hierarchy-a/raw/cases.jsonl,T3-T2,T3,T2,1,0,1,1e1339871904d761e1baac3591f3c2d9c93c6d0a3114e1ab17e5fa956a837f80,a4f3631dfa806d7066885e3ed9d9f48cc3dd73643def414a0c5afa464ca67b7b
a,129,REPLAN_ON_RESTRICTION,9683f56a7d06dad92db1b266afc696e2e11d71a463397d931e7fbdac0fb9339a,ROOM_RESTRICTED,1,"[""ROOM_RESTRICTED""]","[""RESTRICTED""]",true,1,Safely inspect Valve 7 and replan if a room becomes restricted.,results/indicative-twin-hierarchy-a/raw/cases.jsonl,T4-T3,T4,T3,1,1,0,014987cf51170bda481c9d128714b5eea9b54256049328af790bf00795fed67b,1e1339871904d761e1baac3591f3c2d9c93c6d0a3114e1ab17e5fa956a837f80
a,129,STORE_CARRIED_TOOL,730150dfa8c6bef1953865faed923a6c66b81931318cc8bf5939785df20e819f,NONE,0,[],[],true,1,Find a safe location for the carried tool.,results/indicative-twin-hierarchy-a/raw/cases.jsonl,T3-T2,T3,T2,1,0,1,55afe78862fa7caff11da5721843cfa3a4183abdd13b1077835cf34a8c6fea79,e853d4b0990e728eaa2eddc3ecaa0aeca917f9d6472bc0853b1be8a7aeb1479f
a,129,STORE_CARRIED_TOOL,730150dfa8c6bef1953865faed923a6c66b81931318cc8bf5939785df20e819f,NONE,0,[],[],true,1,Find a safe location for the carried tool.,results/indicative-twin-hierarchy-a/raw/cases.jsonl,T4-T3,T4,T3,1,1,0,0856975d7842e25b56a99d3a316693acf9d4ab4f059323d84f66d966323b8567,55afe78862fa7caff11da5721843cfa3a4183abdd13b1077835cf34a8c6fea79
a,130,INSPECT_NEAREST_COOLANT,31bdd12e2976defd7ccac4c1c01b4db4a91b498c2ecd115408d38e9febe10280,INSTRUCTION_CHANGED+ROUTE_BLOCKED,2,"[""ROUTE_BLOCKED"",""INSTRUCTION_CHANGED""]","[""UNAVAILABLE"",""AVOID_ROOM:ElectricalRoom""]",false,0,Inspect the nearest coolant valve without entering a restricted room.,results/indicative-twin-hierarchy-a/raw/cases.jsonl,T3-T2,T3,T2,1,1,0,f463b7e669f183ef64af89b38329d8e1e62a8f2c6a2725e7662ada54df181ad8,e288439d3bbfe96083e309df4c3424ccce1e10f31187978897e92826f6178439
a,130,INSPECT_NEAREST_COOLANT,31bdd12e2976defd7ccac4c1c01b4db4a91b498c2ecd115408d38e9febe10280,INSTRUCTION_CHANGED+ROUTE_BLOCKED,2,"[""ROUTE_BLOCKED"",""INSTRUCTION_CHANGED""]","[""UNAVAILABLE"",""AVOID_ROOM:ElectricalRoom""]",false,0,Inspect the nearest coolant valve without entering a restricted room.,results/indicative-twin-hierarchy-a/raw/cases.jsonl,T4-T3,T4,T3,1,1,0,9d54630755ac9fc760047c9aef0bef1be239607b32c5515bcc0b92edea149576,f463b7e669f183ef64af89b38329d8e1e62a8f2c6a2725e7662ada54df181ad8
a,130,INSPECT_VALVE7_WITH_ALTERNATE,1270b2f7b6e51108ea37ead551e6a9f9f96519d6f9ebabc38791285918fedcb0,INSTRUCTION_CHANGED,1,"[""INSTRUCTION_CHANGED""]","[""AVOID_ROOM:ElectricalRoom""]",true,1,"Inspect Valve 7; if Door 3 is unavailable, use another route.",results/indicative-twin-hierarchy-a/raw/cases.jsonl,T3-T2,T3,T2,0,0,0,6d9c155fb08dbe81ca0d9a4c9f19e44067e5dffb4f74ced522a4922f7cd4e1dd,376767ff2ed765587697247756d5f9a04ac5a931e9ea75ec8dc46cd926a09de6
a,130,INSPECT_VALVE7_WITH_ALTERNATE,1270b2f7b6e51108ea37ead551e6a9f9f96519d6f9ebabc38791285918fedcb0,INSTRUCTION_CHANGED,1,"[""INSTRUCTION_CHANGED""]","[""AVOID_ROOM:ElectricalRoom""]",true,1,"Inspect Valve 7; if Door 3 is unavailable, use another route.",results/indicative-twin-hierarchy-a/raw/cases.jsonl,T4-T3,T4,T3,0,0,0,73743d4ce0c318cfce86842c726e6c165a767bec914b92819ce8e010cbe80092,6d9c155fb08dbe81ca0d9a4c9f19e44067e5dffb4f74ced522a4922f7cd4e1dd
a,130,REACH_PUMP2_WITH_RECHARGE,40fea005c66ea76724cb57202a548f2a03fbcb3537f7d9ae4373c983fb55697e,INSTRUCTION_CHANGED,1,"[""INSTRUCTION_CHANGED""]","[""AVOID_ROOM:ElectricalRoom""]",true,1,"Reach Pump 2, but recharge first if estimated battery is insufficient.",results/indicative-twin-hierarchy-a/raw/cases.jsonl,T3-T2,T3,T2,1,1,0,93d0329db5038e78bbad29de7c52b746a1590ab4ff461662e545843f34e362fe,55af6ed912e93c4c736cb9b280e27f4ab9033685859ebe824dee529567afe5cd
a,130,REACH_PUMP2_WITH_RECHARGE,40fea005c66ea76724cb57202a548f2a03fbcb3537f7d9ae4373c983fb55697e,INSTRUCTION_CHANGED,1,"[""INSTRUCTION_CHANGED""]","[""AVOID_ROOM:ElectricalRoom""]",true,1,"Reach Pump 2, but recharge first if estimated battery is insufficient.",results/indicative-twin-hierarchy-a/raw/cases.jsonl,T4-T3,T4,T3,1,1,0,efe8813612d641142aa12e330e3d02f7c51af6812832e31d2ecf5e3d317c282a,93d0329db5038e78bbad29de7c52b746a1590ab4ff461662e545843f34e362fe
a,130,REPLAN_ON_RESTRICTION,06b8ddd561beb58365dcd5d80d47a78873be2b86efeaa0d00ca0fe37f0384dd2,INSTRUCTION_CHANGED+ROOM_RESTRICTED,2,"[""INSTRUCTION_CHANGED"",""ROOM_RESTRICTED""]","[""AVOID_ROOM:ElectricalRoom"",""RESTRICTED""]",false,0,Inspect Valve 7 and replan if a room becomes restricted.,results/indicative-twin-hierarchy-a/raw/cases.jsonl,T3-T2,T3,T2,0,0,0,3f81d5a67e09cd665f06b961a4df77198e8d13e3dd748cb22883d7561432ccf2,006348d4c6dad4a5c35dd712cc97144f44e2b03017410226ea44c120b9ea3f91
a,130,REPLAN_ON_RESTRICTION,06b8ddd561beb58365dcd5d80d47a78873be2b86efeaa0d00ca0fe37f0384dd2,INSTRUCTION_CHANGED+ROOM_RESTRICTED,2,"[""INSTRUCTION_CHANGED"",""ROOM_RESTRICTED""]","[""AVOID_ROOM:ElectricalRoom"",""RESTRICTED""]",false,0,Inspect Valve 7 and replan if a room becomes restricted.,results/indicative-twin-hierarchy-a/raw/cases.jsonl,T4-T3,T4,T3,0,0,0,cc771806997ec141e31ac24b7e264871ac4f1afa65c775e11631f496c483a08f,3f81d5a67e09cd665f06b961a4df77198e8d13e3dd748cb22883d7561432ccf2
a,130,STORE_CARRIED_TOOL,c936439dc8c07512831146ba89d65ca2dfe6859f2845f13977e3973093b890d2,INSTRUCTION_CHANGED+ROUTE_BLOCKED,2,"[""ROUTE_BLOCKED"",""INSTRUCTION_CHANGED""]","[""UNAVAILABLE"",""AVOID_ROOM:ElectricalRoom""]",false,0,Find a safe location for the carried tool.,results/indicative-twin-hierarchy-a/raw/cases.jsonl,T3-T2,T3,T2,1,1,0,0d6de16adf3947a4f36ffce69c59a3b4cec075b287c4a750351a025960f4f3aa,1984a5ba19517012b0a1c8f71e475f229ce2b5aad50dcd7975789ac44cb5757f
a,130,STORE_CARRIED_TOOL,c936439dc8c07512831146ba89d65ca2dfe6859f2845f13977e3973093b890d2,INSTRUCTION_CHANGED+ROUTE_BLOCKED,2,"[""ROUTE_BLOCKED"",""INSTRUCTION_CHANGED""]","[""UNAVAILABLE"",""AVOID_ROOM:ElectricalRoom""]",false,0,Find a safe location for the carried tool.,results/indicative-twin-hierarchy-a/raw/cases.jsonl,T4-T3,T4,T3,1,1,0,6fd990728999722f672d7f4ae16534af2b5813d5a9adc6b7637e8190f3f3db76,0d6de16adf3947a4f36ffce69c59a3b4cec075b287c4a750351a025960f4f3aa
a,131,INSPECT_NEAREST_COOLANT,53d014d2cefefa19bc54df96c787c3db2dac195651acba97817ae2d59b6c82f6,NONE,0,[],[],true,1,Safely inspect the nearest coolant valve without entering a restricted room.,results/indicative-twin-hierarchy-a/raw/cases.jsonl,T3-T2,T3,T2,1,1,0,1ff44dbe06bf9baaabc419aab3856f57627f8f8c4846b90fbbba1c1ed4ad85a8,46895a3a22704d9c31094de81224f21e377eb57cc3ca7077e2f2e029abb3006a
a,131,INSPECT_NEAREST_COOLANT,53d014d2cefefa19bc54df96c787c3db2dac195651acba97817ae2d59b6c82f6,NONE,0,[],[],true,1,Safely inspect the nearest coolant valve without entering a restricted room.,results/indicative-twin-hierarchy-a/raw/cases.jsonl,T4-T3,T4,T3,1,1,0,3e7af0407e3cdb085e93fb2a5f9c11c416ea64719776350d8631f70ef2e3e0d6,1ff44dbe06bf9baaabc419aab3856f57627f8f8c4846b90fbbba1c1ed4ad85a8
a,131,INSPECT_VALVE7_WITH_ALTERNATE,9d885de6d7b38ae9075760bbb279055c2bf23219483c21cedae555f65d37a7c5,NONE,0,[],[],true,1,"Safely inspect Valve 7; if Door 3 is unavailable, use another route.",results/indicative-twin-hierarchy-a/raw/cases.jsonl,T3-T2,T3,T2,1,0,1,6bd914c57a7abfbf465def664526801107a79acc3e1acd27796b5ec259f94b51,6f3280407cd847b30ffb349862236aadbd9626a236d77e688115d91ba4b1e44b
a,131,INSPECT_VALVE7_WITH_ALTERNATE,9d885de6d7b38ae9075760bbb279055c2bf23219483c21cedae555f65d37a7c5,NONE,0,[],[],true,1,"Safely inspect Valve 7; if Door 3 is unavailable, use another route.",results/indicative-twin-hierarchy-a/raw/cases.jsonl,T4-T3,T4,T3,1,1,0,a942e5710df3de036ea1fc469c2874945a2d7e4d27bae93247968d55a13a1bad,6bd914c57a7abfbf465def664526801107a79acc3e1acd27796b5ec259f94b51
a,131,REACH_PUMP2_WITH_RECHARGE,a4c2a07176f936d170a28bdb36548a547043214e8adeeb6a851a2660aab227fc,ROUTE_BLOCKED,1,"[""ROUTE_BLOCKED""]","[""UNAVAILABLE""]",false,0,"Reach Pump 2, but recharge first if estimated battery is insufficient.",results/indicative-twin-hierarchy-a/raw/cases.jsonl,T3-T2,T3,T2,1,0,1,2f83334953f40979fffe21668d0247da0e5f62ce046029657399e9ceef9dfe90,071ed7fd737fc6b66cfdbe2a7e4f9cabfe5b34022f61fb7aecea93186ceb1286
a,131,REACH_PUMP2_WITH_RECHARGE,a4c2a07176f936d170a28bdb36548a547043214e8adeeb6a851a2660aab227fc,ROUTE_BLOCKED,1,"[""ROUTE_BLOCKED""]","[""UNAVAILABLE""]",false,0,"Reach Pump 2, but recharge first if estimated battery is insufficient.",results/indicative-twin-hierarchy-a/raw/cases.jsonl,T4-T3,T4,T3,1,1,0,8c400e812afd2d833f60022051f7765cbaf835baf10a4856e54fa77bc35ace91,2f83334953f40979fffe21668d0247da0e5f62ce046029657399e9ceef9dfe90
a,131,REPLAN_ON_RESTRICTION,505b37310a0e2ab0126c036ad222013cd1425b6d2f4cd52b9cd643956db8943e,ROOM_RESTRICTED,1,"[""ROOM_RESTRICTED""]","[""RESTRICTED""]",true,1,Safely inspect Valve 7 and replan if a room becomes restricted.,results/indicative-twin-hierarchy-a/raw/cases.jsonl,T3-T2,T3,T2,1,0,1,9870be238620627e5b7cb82ac88c2a193c72f04fe9d7b51ed9399e0da81523a0,3be691fed7c76ce1d4b84a84aa2bc504be35d303db135ad44cef125080f39d98
a,131,REPLAN_ON_RESTRICTION,505b37310a0e2ab0126c036ad222013cd1425b6d2f4cd52b9cd643956db8943e,ROOM_RESTRICTED,1,"[""ROOM_RESTRICTED""]","[""RESTRICTED""]",true,1,Safely inspect Valve 7 and replan if a room becomes restricted.,results/indicative-twin-hierarchy-a/raw/cases.jsonl,T4-T3,T4,T3,1,1,0,d1a9a11dbd00dcd5c6c2f2446efc9de137b4719b3f76ef6267c64d7e21ba533f,9870be238620627e5b7cb82ac88c2a193c72f04fe9d7b51ed9399e0da81523a0
a,131,STORE_CARRIED_TOOL,7dda8e265ac4c38fa878a93e161c346498278ef5c9db73120f2628e3e05d62ab,NONE,0,[],[],true,1,Find a safe location for the carried tool.,results/indicative-twin-hierarchy-a/raw/cases.jsonl,T3-T2,T3,T2,1,0,1,f69a7dd4b76a1ffd68995376ee9a6d5aea86eb5358667fe64219f63c2d246b74,566020a07eb8485cb8f633c8d71fe9d7ecd097f8f1c26d1874b077c045c6e57c
a,131,STORE_CARRIED_TOOL,7dda8e265ac4c38fa878a93e161c346498278ef5c9db73120f2628e3e05d62ab,NONE,0,[],[],true,1,Find a safe location for the carried tool.,results/indicative-twin-hierarchy-a/raw/cases.jsonl,T4-T3,T4,T3,1,1,0,5eeb10682df6e22d1819a83d44782a329123bd80de5e4c6380b5b96ee0835ef9,f69a7dd4b76a1ffd68995376ee9a6d5aea86eb5358667fe64219f63c2d246b74
a,132,INSPECT_NEAREST_COOLANT,9a1e2339c71c04b1d96bf6de1162d557ace3e11f4e36913adeb875208c521fcc,NONE,0,[],[],false,0,Inspect the nearest coolant valve without entering a restricted room.,results/indicative-twin-hierarchy-a/raw/cases.jsonl,T3-T2,T3,T2,1,1,0,0f50c000801b9432078db79a9959e263176657482b67c80bf872bb923e281ea9,03c790a98e2e1ad1658e17996ee0c32b0aed9f99fb739fa8f340d9a0c8640f2b
a,132,INSPECT_NEAREST_COOLANT,9a1e2339c71c04b1d96bf6de1162d557ace3e11f4e36913adeb875208c521fcc,NONE,0,[],[],false,0,Inspect the nearest coolant valve without entering a restricted room.,results/indicative-twin-hierarchy-a/raw/cases.jsonl,T4-T3,T4,T3,1,1,0,ce508efc7752ad2e963ea7e1ca139f09155de11a96d80d8e1155450d0631d162,0f50c000801b9432078db79a9959e263176657482b67c80bf872bb923e281ea9
a,132,INSPECT_VALVE7_WITH_ALTERNATE,3b0207c8f9d144408af0bd8103c24065b88f3f217fbeecada468b7e517a23c63,ROUTE_BLOCKED,1,"[""ROUTE_BLOCKED""]","[""UNAVAILABLE""]",true,1,"Inspect Valve 7; if Door 3 is unavailable, use another route.",results/indicative-twin-hierarchy-a/raw/cases.jsonl,T3-T2,T3,T2,0,0,0,36060aa67da44f8bdf223e1f5795f65a820cf1f71c9191afd0299e5d292727c3,50434f24c08adc1d5265eb503ee9354938f2304987fb5b887017fe44ef1da7fe
a,132,INSPECT_VALVE7_WITH_ALTERNATE,3b0207c8f9d144408af0bd8103c24065b88f3f217fbeecada468b7e517a23c63,ROUTE_BLOCKED,1,"[""ROUTE_BLOCKED""]","[""UNAVAILABLE""]",true,1,"Inspect Valve 7; if Door 3 is unavailable, use another route.",results/indicative-twin-hierarchy-a/raw/cases.jsonl,T4-T3,T4,T3,1,0,1,61e8290d3db740b252a23f07cd9a1b81041b80101d12ea707df2d8358a215607,36060aa67da44f8bdf223e1f5795f65a820cf1f71c9191afd0299e5d292727c3
a,132,REACH_PUMP2_WITH_RECHARGE,c3547d967b19858c13bf29f750ba05c94d4e7a44357eded3b9e8ce24ee05ff08,NONE,0,[],[],true,1,"Reach Pump 2, but recharge first if estimated battery is insufficient.",results/indicative-twin-hierarchy-a/raw/cases.jsonl,T3-T2,T3,T2,1,0,1,8601c2c7662fd17279e662e52c70dece11588f4cf1ed7f2b38a28a49356fead5,9becd48184d064395e7a5a244273c56bc0ec2d3c445f1d6de0c284966958ba2c
a,132,REACH_PUMP2_WITH_RECHARGE,c3547d967b19858c13bf29f750ba05c94d4e7a44357eded3b9e8ce24ee05ff08,NONE,0,[],[],true,1,"Reach Pump 2, but recharge first if estimated battery is insufficient.",results/indicative-twin-hierarchy-a/raw/cases.jsonl,T4-T3,T4,T3,1,1,0,52399abf5aa40c10f581bbaea286d5c6210fa5db59cf08f2a77023ca8c8c6c9a,8601c2c7662fd17279e662e52c70dece11588f4cf1ed7f2b38a28a49356fead5
a,132,REPLAN_ON_RESTRICTION,21e6c0745f479b9667793939ea8d2a60f2e9e2bdab0d9ca8edaa8223fda7f92b,ROOM_RESTRICTED,1,"[""ROOM_RESTRICTED""]","[""RESTRICTED""]",true,2,Inspect Valve 7 and replan if a room becomes restricted.,results/indicative-twin-hierarchy-a/raw/cases.jsonl,T3-T2,T3,T2,1,0,1,af0274becc535c7da907d111e427e41c6a1f18ebb8171139297d9f805a7a5220,36c6e29b29085205b9acab013423d701362abd12aeaa5cd40b3eced380b7199f
a,132,REPLAN_ON_RESTRICTION,21e6c0745f479b9667793939ea8d2a60f2e9e2bdab0d9ca8edaa8223fda7f92b,ROOM_RESTRICTED,1,"[""ROOM_RESTRICTED""]","[""RESTRICTED""]",true,2,Inspect Valve 7 and replan if a room becomes restricted.,results/indicative-twin-hierarchy-a/raw/cases.jsonl,T4-T3,T4,T3,1,1,0,1376f016a085ffae5bae6af3cc03f81f747f27b79b61ea7ae7cbe885ca6d5c11,af0274becc535c7da907d111e427e41c6a1f18ebb8171139297d9f805a7a5220
a,132,STORE_CARRIED_TOOL,41497315b3ee18a204fed9ecdb4075da02b10c0803c7c16d0cda3e327f489a74,NONE,0,[],[],true,1,Find a safe location for the carried tool.,results/indicative-twin-hierarchy-a/raw/cases.jsonl,T3-T2,T3,T2,1,1,0,0cfec46620628017bb612a9fb7074c990515a7179828a64846f60e1bbbf002b8,a05a2b435b9a289f8ccbab32fee49729fe277641a496eb65e2eedfb7b8a329bb
a,132,STORE_CARRIED_TOOL,41497315b3ee18a204fed9ecdb4075da02b10c0803c7c16d0cda3e327f489a74,NONE,0,[],[],true,1,Find a safe location for the carried tool.,results/indicative-twin-hierarchy-a/raw/cases.jsonl,T4-T3,T4,T3,1,1,0,526121410f807f2ae00a9ca674090f1e3f704bf706bee33b0c73c69a0f8b6785,0cfec46620628017bb612a9fb7074c990515a7179828a64846f60e1bbbf002b8
a,133,INSPECT_NEAREST_COOLANT,1b48e4ab2679d8530c6ad678957c51aa7ab246f892a3e42d9abd4011f79dcdcd,ROUTE_BLOCKED,1,"[""ROUTE_BLOCKED""]","[""UNAVAILABLE""]",false,0,Safely inspect the nearest coolant valve without entering a restricted room.,results/indicative-twin-hierarchy-a/raw/cases.jsonl,T3-T2,T3,T2,1,1,0,17e6529ed9bea6a3ad57bd3a005c131ef9882953bf2d40235eec8df7f5907d24,40f96754a0a29dde8cc707e3afeb8ba62ac8f70318736e3835fa0c1297942bf3
a,133,INSPECT_NEAREST_COOLANT,1b48e4ab2679d8530c6ad678957c51aa7ab246f892a3e42d9abd4011f79dcdcd,ROUTE_BLOCKED,1,"[""ROUTE_BLOCKED""]","[""UNAVAILABLE""]",false,0,Safely inspect the nearest coolant valve without entering a restricted room.,results/indicative-twin-hierarchy-a/raw/cases.jsonl,T4-T3,T4,T3,1,1,0,62f527fa0db64e41a9f1774b9ac9eb8e315278386ca1d44728156a203d47d53f,17e6529ed9bea6a3ad57bd3a005c131ef9882953bf2d40235eec8df7f5907d24
a,133,INSPECT_VALVE7_WITH_ALTERNATE,195d043e08bed102782022c7fcaacee95218b41c9c6f2de2a05941c97e5aaef6,NONE,0,[],[],true,1,"Safely inspect Valve 7; if Door 3 is unavailable, use another route.",results/indicative-twin-hierarchy-a/raw/cases.jsonl,T3-T2,T3,T2,1,0,1,0bf6e3ad39d5d78e8566b38bfd90523fec3ef032c8af5a16df6e8908a9d5d01b,c797f424f570a6eeefe84509f57e1afaf4413953880496a05fcd7d98577f0119
a,133,INSPECT_VALVE7_WITH_ALTERNATE,195d043e08bed102782022c7fcaacee95218b41c9c6f2de2a05941c97e5aaef6,NONE,0,[],[],true,1,"Safely inspect Valve 7; if Door 3 is unavailable, use another route.",results/indicative-twin-hierarchy-a/raw/cases.jsonl,T4-T3,T4,T3,1,1,0,1ec7f90e7f554d24ae587473e278e2325df76caee9b5d20a510723924b12db6f,0bf6e3ad39d5d78e8566b38bfd90523fec3ef032c8af5a16df6e8908a9d5d01b
a,133,REACH_PUMP2_WITH_RECHARGE,eb9a9347b033dc5d37bc85ce9ed2965bde60f57b12e794b4cb6ea0ab54826c16,ROUTE_BLOCKED,1,"[""ROUTE_BLOCKED""]","[""UNAVAILABLE""]",true,1,"Reach Pump 2, but recharge first if estimated battery is insufficient.",results/indicative-twin-hierarchy-a/raw/cases.jsonl,T3-T2,T3,T2,1,1,0,9ab8bdd39d6afc7dc1d2398301e956e8503d5b288b529954c606cba6677ea271,044d4673b483ed2d457f5d49219e2ff56af80b3107a33df436c8cf5a5a5872a7
a,133,REACH_PUMP2_WITH_RECHARGE,eb9a9347b033dc5d37bc85ce9ed2965bde60f57b12e794b4cb6ea0ab54826c16,ROUTE_BLOCKED,1,"[""ROUTE_BLOCKED""]","[""UNAVAILABLE""]",true,1,"Reach Pump 2, but recharge first if estimated battery is insufficient.",results/indicative-twin-hierarchy-a/raw/cases.jsonl,T4-T3,T4,T3,1,1,0,e2328991745185240a16d75ec831c5f3c4441b5501631b4353feac552fda2236,9ab8bdd39d6afc7dc1d2398301e956e8503d5b288b529954c606cba6677ea271
a,133,REPLAN_ON_RESTRICTION,840ff342f735b2444a4fc771f15484c0a004cddc1fc0b63fa47057c8dcf077ff,ROOM_RESTRICTED,1,"[""ROOM_RESTRICTED""]","[""RESTRICTED""]",true,1,Safely inspect Valve 7 and replan if a room becomes restricted.,results/indicative-twin-hierarchy-a/raw/cases.jsonl,T3-T2,T3,T2,1,0,1,f24e106ad498adcc8b8ab779b1759617d0b7e8f2e3c5ffa8546c5dccc54c37a9,29befb27f184203ec67fe7faf2f0d36f389e3862ebd42fffbef59de02036751e
a,133,REPLAN_ON_RESTRICTION,840ff342f735b2444a4fc771f15484c0a004cddc1fc0b63fa47057c8dcf077ff,ROOM_RESTRICTED,1,"[""ROOM_RESTRICTED""]","[""RESTRICTED""]",true,1,Safely inspect Valve 7 and replan if a room becomes restricted.,results/indicative-twin-hierarchy-a/raw/cases.jsonl,T4-T3,T4,T3,1,1,0,ef6fff1e881ab2c96c5d9b4c5fd159bb844d27035d08e51e738aacb577e98df4,f24e106ad498adcc8b8ab779b1759617d0b7e8f2e3c5ffa8546c5dccc54c37a9
a,133,STORE_CARRIED_TOOL,b709cad17a83b552532a143697ef6a1ce8ac4c94317f6f9aeeced1aaad944764,ROUTE_BLOCKED,1,"[""ROUTE_BLOCKED""]","[""UNAVAILABLE""]",true,1,Find a safe location for the carried tool.,results/indicative-twin-hierarchy-a/raw/cases.jsonl,T3-T2,T3,T2,1,0,1,146e6001365d460625d1f5c9b060c5c3fa2485b869a7743929e07ebc328ce8ff,dd7023086159302dc839e16f5e3332cbf6f63adf6e81cc0da2338dd8bfdb8c84
a,133,STORE_CARRIED_TOOL,b709cad17a83b552532a143697ef6a1ce8ac4c94317f6f9aeeced1aaad944764,ROUTE_BLOCKED,1,"[""ROUTE_BLOCKED""]","[""UNAVAILABLE""]",true,1,Find a safe location for the carried tool.,results/indicative-twin-hierarchy-a/raw/cases.jsonl,T4-T3,T4,T3,1,1,0,ca6a039a95ed316881d47b4877a68be575df8a3b16d70ae4b3c913f5c3b74a8a,146e6001365d460625d1f5c9b060c5c3fa2485b869a7743929e07ebc328ce8ff
a,134,INSPECT_NEAREST_COOLANT,8e35c316d38a07775167dca4a68a531f17d3781bbbda590972b39b7c5acd0709,NONE,0,[],[],true,1,Inspect the nearest coolant valve without entering a restricted room.,results/indicative-twin-hierarchy-a/raw/cases.jsonl,T3-T2,T3,T2,1,0,1,94dad5b9036171371c6ba9909408b7063dbb930b21bd4513b765e06288d70eb1,f424564e5b0b73195135428db1a1794230d2ddd378445805f02d06b4831eb343
a,134,INSPECT_NEAREST_COOLANT,8e35c316d38a07775167dca4a68a531f17d3781bbbda590972b39b7c5acd0709,NONE,0,[],[],true,1,Inspect the nearest coolant valve without entering a restricted room.,results/indicative-twin-hierarchy-a/raw/cases.jsonl,T4-T3,T4,T3,1,1,0,3dc74185e5a9d8b631f878fe5759fe80f7e811835db118ee260464b9c175f46a,94dad5b9036171371c6ba9909408b7063dbb930b21bd4513b765e06288d70eb1
a,134,INSPECT_VALVE7_WITH_ALTERNATE,408b361c8ea161eb31a08f60c621377046bafd3ec974d9e133e068f1d9252c87,ROUTE_BLOCKED,1,"[""ROUTE_BLOCKED""]","[""UNAVAILABLE""]",false,0,"Inspect Valve 7; if Door 3 is unavailable, use another route.",results/indicative-twin-hierarchy-a/raw/cases.jsonl,T3-T2,T3,T2,1,0,1,c3337a32521ec3c568d17cc35ecb12d0e6b3319cd7d2fe3f951e382987f85d87,d4574fbb9b584e21ffed68759f56c1ffeda6b87db5fd502190365c9fd2b3e59d
a,134,INSPECT_VALVE7_WITH_ALTERNATE,408b361c8ea161eb31a08f60c621377046bafd3ec974d9e133e068f1d9252c87,ROUTE_BLOCKED,1,"[""ROUTE_BLOCKED""]","[""UNAVAILABLE""]",false,0,"Inspect Valve 7; if Door 3 is unavailable, use another route.",results/indicative-twin-hierarchy-a/raw/cases.jsonl,T4-T3,T4,T3,1,1,0,2df3d8c0ac121655ed1035f4fab7a8266833fa8634b7e22c2dd2e2c6cb1c9e1f,c3337a32521ec3c568d17cc35ecb12d0e6b3319cd7d2fe3f951e382987f85d87
a,134,REACH_PUMP2_WITH_RECHARGE,207aec06e26289657d7f08ab3570e9539b809a26a4a49ece07853fae6965721a,NONE,0,[],[],false,0,"Reach Pump 2, but recharge first if estimated battery is insufficient.",results/indicative-twin-hierarchy-a/raw/cases.jsonl,T3-T2,T3,T2,0,0,0,4625d9c44df1a9c7df7faa089a0bdc8c7050db3f1b3abd067838af863e5ab3e1,a9e5a5ecba7b2bec35be6b14c3239850a45af39bd6523c8dd065fd92449a478b
a,134,REACH_PUMP2_WITH_RECHARGE,207aec06e26289657d7f08ab3570e9539b809a26a4a49ece07853fae6965721a,NONE,0,[],[],false,0,"Reach Pump 2, but recharge first if estimated battery is insufficient.",results/indicative-twin-hierarchy-a/raw/cases.jsonl,T4-T3,T4,T3,0,0,0,8d854bd1fdf682ba716a76f58cc70bf5b8436b982db419a934fa623d2ec12da7,4625d9c44df1a9c7df7faa089a0bdc8c7050db3f1b3abd067838af863e5ab3e1
a,134,REPLAN_ON_RESTRICTION,cc35f4e993749b4fa7eff65bd7b426765f8473a8be5897b33d0c31aad8ba5fed,ROOM_RESTRICTED,1,"[""ROOM_RESTRICTED""]","[""RESTRICTED""]",true,1,Inspect Valve 7 and replan if a room becomes restricted.,results/indicative-twin-hierarchy-a/raw/cases.jsonl,T3-T2,T3,T2,1,0,1,12d670bfbf6126204aeb59c1384462429b9310404db64bb62e3c7f4db0df500f,a3697179c275520fa0a9959565d054133402c82ca6b58ed24751e60cb04aaa0f
a,134,REPLAN_ON_RESTRICTION,cc35f4e993749b4fa7eff65bd7b426765f8473a8be5897b33d0c31aad8ba5fed,ROOM_RESTRICTED,1,"[""ROOM_RESTRICTED""]","[""RESTRICTED""]",true,1,Inspect Valve 7 and replan if a room becomes restricted.,results/indicative-twin-hierarchy-a/raw/cases.jsonl,T4-T3,T4,T3,1,1,0,60cd60487a3ea1e82e9a915dbc2a3343abc4de9adc6f2188a2ad4c43b56a352a,12d670bfbf6126204aeb59c1384462429b9310404db64bb62e3c7f4db0df500f
a,134,STORE_CARRIED_TOOL,2f690be2ab944843dcbc23e40472ac7d57a156492fe0e6a60525819e799323f8,ROUTE_BLOCKED,1,"[""ROUTE_BLOCKED""]","[""UNAVAILABLE""]",false,0,Find a safe location for the carried tool.,results/indicative-twin-hierarchy-a/raw/cases.jsonl,T3-T2,T3,T2,1,1,0,dbf1c90e59fa23d405c93ba7dc01b2147226f793d02a49a85a200c0872a2f9c7,a013023f7566089772e0000bdb0be74bb39ce2f0a981aaede6664a5f77457438
a,134,STORE_CARRIED_TOOL,2f690be2ab944843dcbc23e40472ac7d57a156492fe0e6a60525819e799323f8,ROUTE_BLOCKED,1,"[""ROUTE_BLOCKED""]","[""UNAVAILABLE""]",false,0,Find a safe location for the carried tool.,results/indicative-twin-hierarchy-a/raw/cases.jsonl,T4-T3,T4,T3,1,1,0,f8e3a219ee8773690ed236d75a1185f2d98f9392308af2bd269fad2596379b6f,dbf1c90e59fa23d405c93ba7dc01b2147226f793d02a49a85a200c0872a2f9c7
a,135,INSPECT_NEAREST_COOLANT,a6cb57fdf95a560e7232d50cb9ba1129525a9c031219876ccf05edd7b8daa7b5,INSTRUCTION_CHANGED+ROUTE_BLOCKED,2,"[""ROUTE_BLOCKED"",""INSTRUCTION_CHANGED""]","[""UNAVAILABLE"",""AVOID_ROOM:ElectricalRoom""]",true,1,Safely inspect the nearest coolant valve without entering a restricted room.,results/indicative-twin-hierarchy-a/raw/cases.jsonl,T3-T2,T3,T2,0,0,0,659fdb166d3c414539a634e89e0427aa6c1b3c714521f8a690a997f51c13fc6c,4199ae068db0891e7301b92b84145f38b315459d7753d17c823ce6334c5e0be3
a,135,INSPECT_NEAREST_COOLANT,a6cb57fdf95a560e7232d50cb9ba1129525a9c031219876ccf05edd7b8daa7b5,INSTRUCTION_CHANGED+ROUTE_BLOCKED,2,"[""ROUTE_BLOCKED"",""INSTRUCTION_CHANGED""]","[""UNAVAILABLE"",""AVOID_ROOM:ElectricalRoom""]",true,1,Safely inspect the nearest coolant valve without entering a restricted room.,results/indicative-twin-hierarchy-a/raw/cases.jsonl,T4-T3,T4,T3,0,0,0,6465422540a24df0a079e8382af9bc245992316b8925a3ee99c8b13df59c46e4,659fdb166d3c414539a634e89e0427aa6c1b3c714521f8a690a997f51c13fc6c
a,135,INSPECT_VALVE7_WITH_ALTERNATE,13ede58a2baaab70f22c9aca1c99c2480467dcacd8987cacd8765ad5e606c9eb,INSTRUCTION_CHANGED,1,"[""INSTRUCTION_CHANGED""]","[""AVOID_ROOM:ElectricalRoom""]",true,2,"Safely inspect Valve 7; if Door 3 is unavailable, use another route.",results/indicative-twin-hierarchy-a/raw/cases.jsonl,T3-T2,T3,T2,0,0,0,aa4d8f3602d76625ce4fe9b6d3587b77d3641fed99c190a222583c6d9e7c5165,5d0cfb65095c30d69ed9156dd77d5a3c5a387e0602388b26d0adae2731d44531
a,135,INSPECT_VALVE7_WITH_ALTERNATE,13ede58a2baaab70f22c9aca1c99c2480467dcacd8987cacd8765ad5e606c9eb,INSTRUCTION_CHANGED,1,"[""INSTRUCTION_CHANGED""]","[""AVOID_ROOM:ElectricalRoom""]",true,2,"Safely inspect Valve 7; if Door 3 is unavailable, use another route.",results/indicative-twin-hierarchy-a/raw/cases.jsonl,T4-T3,T4,T3,0,0,0,d711b2697751d8fe772a3621e79f4380921deef983faa82c486f2056c33525c8,aa4d8f3602d76625ce4fe9b6d3587b77d3641fed99c190a222583c6d9e7c5165
a,135,REACH_PUMP2_WITH_RECHARGE,b034403a61dd195aca83d792d5187e0b7390783cd079d0a8bbc8780f4b3517f4,INSTRUCTION_CHANGED,1,"[""INSTRUCTION_CHANGED""]","[""AVOID_ROOM:ElectricalRoom""]",true,1,"Reach Pump 2, but recharge first if estimated battery is insufficient.",results/indicative-twin-hierarchy-a/raw/cases.jsonl,T3-T2,T3,T2,1,0,1,f9544f4166259fafbda862de642c88eca36fbe7015faf3e0b71b1633a067f4b8,c8bc82c9fd2187bbba137237f750aa7fe5ff185aa0c0affa2abccb9fc614de3b
a,135,REACH_PUMP2_WITH_RECHARGE,b034403a61dd195aca83d792d5187e0b7390783cd079d0a8bbc8780f4b3517f4,INSTRUCTION_CHANGED,1,"[""INSTRUCTION_CHANGED""]","[""AVOID_ROOM:ElectricalRoom""]",true,1,"Reach Pump 2, but recharge first if estimated battery is insufficient.",results/indicative-twin-hierarchy-a/raw/cases.jsonl,T4-T3,T4,T3,1,1,0,608b3a31f6a68bc8b2253e189a999acd8dd339caa6c5af93a60c0a12e2791217,f9544f4166259fafbda862de642c88eca36fbe7015faf3e0b71b1633a067f4b8
a,135,REPLAN_ON_RESTRICTION,ef4f51c5df079cd679e6372d110b6018075c731d5ab0e60d721fa766ef02e67b,INSTRUCTION_CHANGED+ROOM_RESTRICTED,2,"[""INSTRUCTION_CHANGED"",""ROOM_RESTRICTED""]","[""AVOID_ROOM:ElectricalRoom"",""RESTRICTED""]",false,0,Safely inspect Valve 7 and replan if a room becomes restricted.,results/indicative-twin-hierarchy-a/raw/cases.jsonl,T3-T2,T3,T2,0,0,0,d8635dfb90aac538b43e6f6d1db049b22f312fad4076a798d3c6e3bc523308ac,09ebc930f8b4a81ea86f344120fac26c5e94783b0dac499034d106d5f1a24869
a,135,REPLAN_ON_RESTRICTION,ef4f51c5df079cd679e6372d110b6018075c731d5ab0e60d721fa766ef02e67b,INSTRUCTION_CHANGED+ROOM_RESTRICTED,2,"[""INSTRUCTION_CHANGED"",""ROOM_RESTRICTED""]","[""AVOID_ROOM:ElectricalRoom"",""RESTRICTED""]",false,0,Safely inspect Valve 7 and replan if a room becomes restricted.,results/indicative-twin-hierarchy-a/raw/cases.jsonl,T4-T3,T4,T3,0,0,0,a65dedca8f2f751750f1a2db90c25e68732382a4a867d4abbcb8bdd478a56014,d8635dfb90aac538b43e6f6d1db049b22f312fad4076a798d3c6e3bc523308ac
a,135,STORE_CARRIED_TOOL,809a437d6e43033b740be00d4a6734607fd91aca88cfeca8111fb37958d9a1c5,INSTRUCTION_CHANGED+ROUTE_BLOCKED,2,"[""ROUTE_BLOCKED"",""INSTRUCTION_CHANGED""]","[""UNAVAILABLE"",""AVOID_ROOM:ElectricalRoom""]",true,2,Find a safe location for the carried tool.,results/indicative-twin-hierarchy-a/raw/cases.jsonl,T3-T2,T3,T2,0,0,0,27b33c1bca280caa37a745638f5282f0fd4ffb69f3a133b204d6759509551d4e,1435d1824c060da635a46075649d291959063fe01cac2fd061037aae587c9285
a,135,STORE_CARRIED_TOOL,809a437d6e43033b740be00d4a6734607fd91aca88cfeca8111fb37958d9a1c5,INSTRUCTION_CHANGED+ROUTE_BLOCKED,2,"[""ROUTE_BLOCKED"",""INSTRUCTION_CHANGED""]","[""UNAVAILABLE"",""AVOID_ROOM:ElectricalRoom""]",true,2,Find a safe location for the carried tool.,results/indicative-twin-hierarchy-a/raw/cases.jsonl,T4-T3,T4,T3,0,0,0,44804ba0f2e2286c74b0722a26953f4e2326ef486b8f20da52cf7af1216c3962,27b33c1bca280caa37a745638f5282f0fd4ffb69f3a133b204d6759509551d4e
a,136,INSPECT_NEAREST_COOLANT,a058fce21c01649b738e1705f2e9e5009fbd20ddc36cbf1ac32a1aba71bd2226,ROUTE_BLOCKED,1,"[""ROUTE_BLOCKED""]","[""UNAVAILABLE""]",true,1,Inspect the nearest coolant valve without entering a restricted room.,results/indicative-twin-hierarchy-a/raw/cases.jsonl,T3-T2,T3,T2,1,1,0,84e417227044f2e2a4628133f566eda5815b16a0936116def22eee6a091346af,fdcf1e3ed11d23eaf4f931acd6f80c9c796d1b385b08719f55cc0cd5702abea4
a,136,INSPECT_NEAREST_COOLANT,a058fce21c01649b738e1705f2e9e5009fbd20ddc36cbf1ac32a1aba71bd2226,ROUTE_BLOCKED,1,"[""ROUTE_BLOCKED""]","[""UNAVAILABLE""]",true,1,Inspect the nearest coolant valve without entering a restricted room.,results/indicative-twin-hierarchy-a/raw/cases.jsonl,T4-T3,T4,T3,1,1,0,d5d40db23611aa959d4867583a10ebbca6e51e6641d74eb186bfc366e21f0291,84e417227044f2e2a4628133f566eda5815b16a0936116def22eee6a091346af
a,136,INSPECT_VALVE7_WITH_ALTERNATE,62ea5a4ae52bfb0a9aa2b933c38bd4d2a3db96ec18e1581ee0f3284f2f1780a5,ROUTE_BLOCKED,1,"[""ROUTE_BLOCKED""]","[""UNAVAILABLE""]",true,1,"Inspect Valve 7; if Door 3 is unavailable, use another route.",results/indicative-twin-hierarchy-a/raw/cases.jsonl,T3-T2,T3,T2,1,1,0,2d83ca2f361d96abc01e7cefd81f2cc67df5e70b74b692c156be67477a5b56d9,828f4c695ebed42e13af0bd969c47414c6caa255f8011c147aaf04688194031a
a,136,INSPECT_VALVE7_WITH_ALTERNATE,62ea5a4ae52bfb0a9aa2b933c38bd4d2a3db96ec18e1581ee0f3284f2f1780a5,ROUTE_BLOCKED,1,"[""ROUTE_BLOCKED""]","[""UNAVAILABLE""]",true,1,"Inspect Valve 7; if Door 3 is unavailable, use another route.",results/indicative-twin-hierarchy-a/raw/cases.jsonl,T4-T3,T4,T3,1,1,0,bacbdb5ce69ed6f7f5c60fe54a44e76352cde45647a6011bec92ca86159a206a,2d83ca2f361d96abc01e7cefd81f2cc67df5e70b74b692c156be67477a5b56d9
a,136,REACH_PUMP2_WITH_RECHARGE,a673df1180cea32f60a23b44ff9d3fdbf30fae3d34d29084b3af272d366db3f5,NONE,0,[],[],true,1,"Reach Pump 2, but recharge first if estimated battery is insufficient.",results/indicative-twin-hierarchy-a/raw/cases.jsonl,T3-T2,T3,T2,1,1,0,ab43c6a071091eeed54e64fe8c73d7b6c90306b8916fa6c030d781a8ed9217e7,6ac7b5443d419c2c7b6c85c56310e3952818f672285c763f90e5e31f75eaf6d0
a,136,REACH_PUMP2_WITH_RECHARGE,a673df1180cea32f60a23b44ff9d3fdbf30fae3d34d29084b3af272d366db3f5,NONE,0,[],[],true,1,"Reach Pump 2, but recharge first if estimated battery is insufficient.",results/indicative-twin-hierarchy-a/raw/cases.jsonl,T4-T3,T4,T3,1,1,0,49cb9ae7698104ccc15569fac942ce38bbead2088c679c647b6c6e4b44ac1cd9,ab43c6a071091eeed54e64fe8c73d7b6c90306b8916fa6c030d781a8ed9217e7
a,136,REPLAN_ON_RESTRICTION,15762cea07c5f73dd941cacf1e85785779f0c24181ac17c1a6a1b42d4e7ac6d9,ROOM_RESTRICTED+ROUTE_BLOCKED,2,"[""ROUTE_BLOCKED"",""ROOM_RESTRICTED""]","[""UNAVAILABLE"",""RESTRICTED""]",false,0,Inspect Valve 7 and replan if a room becomes restricted.,results/indicative-twin-hierarchy-a/raw/cases.jsonl,T3-T2,T3,T2,1,0,1,c91446c3393bae2ae02689fb5ee0fc7e040be98c80271183906b36797f4cc6ab,8a041b7c04efbe9281520b6d9316b471b707559ea5bfb9326c65f23a7653903b
a,136,REPLAN_ON_RESTRICTION,15762cea07c5f73dd941cacf1e85785779f0c24181ac17c1a6a1b42d4e7ac6d9,ROOM_RESTRICTED+ROUTE_BLOCKED,2,"[""ROUTE_BLOCKED"",""ROOM_RESTRICTED""]","[""UNAVAILABLE"",""RESTRICTED""]",false,0,Inspect Valve 7 and replan if a room becomes restricted.,results/indicative-twin-hierarchy-a/raw/cases.jsonl,T4-T3,T4,T3,1,1,0,e7d2bf1741c0e99c50578da88bd46945f9ddbff31499772f9b281dcb4211afa8,c91446c3393bae2ae02689fb5ee0fc7e040be98c80271183906b36797f4cc6ab
a,136,STORE_CARRIED_TOOL,b8c6356c742564b11ed05a6a52b73add239f7e3fb11a806a27924eaab2181100,NONE,0,[],[],false,0,Find a safe location for the carried tool.,results/indicative-twin-hierarchy-a/raw/cases.jsonl,T3-T2,T3,T2,1,1,0,9ca191edf399114cb997348d3ee6b9989f5b9965ca3fa173788d8c1b35bd1d7e,2069fa993142b622486f8eef55f72ec2b8aa2c23ea80772b1132dbc87ee65cb1
a,136,STORE_CARRIED_TOOL,b8c6356c742564b11ed05a6a52b73add239f7e3fb11a806a27924eaab2181100,NONE,0,[],[],false,0,Find a safe location for the carried tool.,results/indicative-twin-hierarchy-a/raw/cases.jsonl,T4-T3,T4,T3,1,1,0,810b5e857e1c9fe9198e7fc324063e6a23444d22673df437d3d184b0ded8434b,9ca191edf399114cb997348d3ee6b9989f5b9965ca3fa173788d8c1b35bd1d7e
a,137,INSPECT_NEAREST_COOLANT,19365a75e70c7bd8af6486515585311aa6ab2cfbd5da3e02b471466e34b34220,NONE,0,[],[],true,1,Safely inspect the nearest coolant valve without entering a restricted room.,results/indicative-twin-hierarchy-a/raw/cases.jsonl,T3-T2,T3,T2,0,0,0,4262e006a0583532b2358db05dc215809c66921f18faebb9d57a8ab8a1165ee4,ca6035879e4c71d3930fb1a19879309f5b0c64704fe26250cd6bd691ee98ea44
a,137,INSPECT_NEAREST_COOLANT,19365a75e70c7bd8af6486515585311aa6ab2cfbd5da3e02b471466e34b34220,NONE,0,[],[],true,1,Safely inspect the nearest coolant valve without entering a restricted room.,results/indicative-twin-hierarchy-a/raw/cases.jsonl,T4-T3,T4,T3,0,0,0,6a2ff2c8772ef450336ea9c00c9670e0ae8221f5f8658d76745b0d187257d0ad,4262e006a0583532b2358db05dc215809c66921f18faebb9d57a8ab8a1165ee4
a,137,INSPECT_VALVE7_WITH_ALTERNATE,cda025eef3fd7295bb8b1071384844e6f01815093a782ad073ec642821922baf,NONE,0,[],[],false,0,"Safely inspect Valve 7; if Door 3 is unavailable, use another route.",results/indicative-twin-hierarchy-a/raw/cases.jsonl,T3-T2,T3,T2,1,1,0,646ec246e546b8602c737646c4e3c97e79804ced40d4956a6ca429b28365791c,f3231eb338062e84a3ec7505d9b64e880f0e0b660275ad18af3505a558726e46
a,137,INSPECT_VALVE7_WITH_ALTERNATE,cda025eef3fd7295bb8b1071384844e6f01815093a782ad073ec642821922baf,NONE,0,[],[],false,0,"Safely inspect Valve 7; if Door 3 is unavailable, use another route.",results/indicative-twin-hierarchy-a/raw/cases.jsonl,T4-T3,T4,T3,1,1,0,02abe5a7bbe0192039ebc02fa07d2e11c90d1477c08b63cfcf2d71888321584c,646ec246e546b8602c737646c4e3c97e79804ced40d4956a6ca429b28365791c
a,137,REACH_PUMP2_WITH_RECHARGE,e2b2d67c87987426666ea679efd1cced6ea817b3e6e6a70f800c0c8044a3937f,ROUTE_BLOCKED,1,"[""ROUTE_BLOCKED""]","[""UNAVAILABLE""]",false,0,"Reach Pump 2, but recharge first if estimated battery is insufficient.",results/indicative-twin-hierarchy-a/raw/cases.jsonl,T3-T2,T3,T2,1,0,1,2427d3ad48cf44b3e8b1a3b43e76a5b6051e22ff48ac153c68adcceef8a2cec3,4160bf4aaeda4eeff96786510d5d9b84d3c51341437def13552d8b750c714248
a,137,REACH_PUMP2_WITH_RECHARGE,e2b2d67c87987426666ea679efd1cced6ea817b3e6e6a70f800c0c8044a3937f,ROUTE_BLOCKED,1,"[""ROUTE_BLOCKED""]","[""UNAVAILABLE""]",false,0,"Reach Pump 2, but recharge first if estimated battery is insufficient.",results/indicative-twin-hierarchy-a/raw/cases.jsonl,T4-T3,T4,T3,1,1,0,f89c4e36d0e061f1319c50fcad36e181f8aff5dfdad29185941f3b9a77e10a3c,2427d3ad48cf44b3e8b1a3b43e76a5b6051e22ff48ac153c68adcceef8a2cec3
a,137,REPLAN_ON_RESTRICTION,f132a78c1e972c9ca21967c5bd1dbd70027aadb8d44e7a3a3e02667ec5556028,ROOM_RESTRICTED,1,"[""ROOM_RESTRICTED""]","[""RESTRICTED""]",true,1,Safely inspect Valve 7 and replan if a room becomes restricted.,results/indicative-twin-hierarchy-a/raw/cases.jsonl,T3-T2,T3,T2,1,0,1,b31d9958a6a38fc44f3c68989dc2de6a48d7f5d764b58a9b73e57380d3f33850,1493b0818a11b896ecccbd87c1a36c19b4a3cf08d15fe0135023c9e6aeb329fc
a,137,REPLAN_ON_RESTRICTION,f132a78c1e972c9ca21967c5bd1dbd70027aadb8d44e7a3a3e02667ec5556028,ROOM_RESTRICTED,1,"[""ROOM_RESTRICTED""]","[""RESTRICTED""]",true,1,Safely inspect Valve 7 and replan if a room becomes restricted.,results/indicative-twin-hierarchy-a/raw/cases.jsonl,T4-T3,T4,T3,1,1,0,d71957c3bbcd33b23ef53ed6accaba9cc038f84f189cd4ec33b763b1bc9111f7,b31d9958a6a38fc44f3c68989dc2de6a48d7f5d764b58a9b73e57380d3f33850
a,137,STORE_CARRIED_TOOL,da777e857f2dcf78935f5c94722569645bd6e149934cebd9a417002959bc5e11,NONE,0,[],[],true,1,Find a safe location for the carried tool.,results/indicative-twin-hierarchy-a/raw/cases.jsonl,T3-T2,T3,T2,1,0,1,f7624653d1c1b72a828f1f40b5bb7dc1eac0cc65298afae5459f219a19347fc6,aa4f1a182d8a2f43c1a2057f09e8a52fd19b9352834e0f3f026811a00ac1c076
a,137,STORE_CARRIED_TOOL,da777e857f2dcf78935f5c94722569645bd6e149934cebd9a417002959bc5e11,NONE,0,[],[],true,1,Find a safe location for the carried tool.,results/indicative-twin-hierarchy-a/raw/cases.jsonl,T4-T3,T4,T3,1,1,0,46339c2c3baf7397d0394c9f2fd70364b7cbd30cc217237909942c15f58acdfe,f7624653d1c1b72a828f1f40b5bb7dc1eac0cc65298afae5459f219a19347fc6
a,138,INSPECT_NEAREST_COOLANT,ab81c0c5396a5dc37567b08765936c13961959f53a1a9510b8673352f19935a7,NONE,0,[],[],false,0,Inspect the nearest coolant valve without entering a restricted room.,results/indicative-twin-hierarchy-a/raw/cases.jsonl,T3-T2,T3,T2,1,1,0,a15c6724cd573937cf4d46a0aa7762a5041008b746fb3208213899a15870f385,b5d08c2aec4ffc0f829e115aad27f5f1a7da289bfb627e38fa6eae6580b46220
a,138,INSPECT_NEAREST_COOLANT,ab81c0c5396a5dc37567b08765936c13961959f53a1a9510b8673352f19935a7,NONE,0,[],[],false,0,Inspect the nearest coolant valve without entering a restricted room.,results/indicative-twin-hierarchy-a/raw/cases.jsonl,T4-T3,T4,T3,1,1,0,9d865439181ff8ec88da13765ffa5ece107a56688ef2b120392583068a2960bf,a15c6724cd573937cf4d46a0aa7762a5041008b746fb3208213899a15870f385
a,138,INSPECT_VALVE7_WITH_ALTERNATE,439f2a0f1fc38f48c9a0efbcb86180cb5b5ee556289618d311f06ec5de1c9f75,ROUTE_BLOCKED,1,"[""ROUTE_BLOCKED""]","[""UNAVAILABLE""]",true,2,"Inspect Valve 7; if Door 3 is unavailable, use another route.",results/indicative-twin-hierarchy-a/raw/cases.jsonl,T3-T2,T3,T2,0,0,0,cbadc4583211e0fcae455b1f9ca50a857d0da3b27bcc4fc31727c289808f739b,ec502c7bc1c23020e35e266af7f7d55687bdf76c5aa121546939a40972f7c0cd
a,138,INSPECT_VALVE7_WITH_ALTERNATE,439f2a0f1fc38f48c9a0efbcb86180cb5b5ee556289618d311f06ec5de1c9f75,ROUTE_BLOCKED,1,"[""ROUTE_BLOCKED""]","[""UNAVAILABLE""]",true,2,"Inspect Valve 7; if Door 3 is unavailable, use another route.",results/indicative-twin-hierarchy-a/raw/cases.jsonl,T4-T3,T4,T3,1,0,1,569126fe28979d5ad60d3d93a4ae99a462bd21df87d8c6821833b803de93c0c7,cbadc4583211e0fcae455b1f9ca50a857d0da3b27bcc4fc31727c289808f739b
a,138,REACH_PUMP2_WITH_RECHARGE,78e0f38ea03320d6dbe6cf68b67c354c47c1aa3362c39cfdf6fbbe8bc574b149,ROUTE_BLOCKED,1,"[""ROUTE_BLOCKED""]","[""UNAVAILABLE""]",true,1,"Reach Pump 2, but recharge first if estimated battery is insufficient.",results/indicative-twin-hierarchy-a/raw/cases.jsonl,T3-T2,T3,T2,1,1,0,085cbee8209445c4fd110f96830feeb2cd0f63e475cc9d3a1068ff087226fcb7,e059df4bfae4abaf9e523ec3d4809bd689f8d431a486be1bf7b5b6b8cb28c690
a,138,REACH_PUMP2_WITH_RECHARGE,78e0f38ea03320d6dbe6cf68b67c354c47c1aa3362c39cfdf6fbbe8bc574b149,ROUTE_BLOCKED,1,"[""ROUTE_BLOCKED""]","[""UNAVAILABLE""]",true,1,"Reach Pump 2, but recharge first if estimated battery is insufficient.",results/indicative-twin-hierarchy-a/raw/cases.jsonl,T4-T3,T4,T3,1,1,0,02d5df2284d1e87f4c82576910fe6cbe75e1c3b4e21ece1b0285e972ffdc669b,085cbee8209445c4fd110f96830feeb2cd0f63e475cc9d3a1068ff087226fcb7
a,138,REPLAN_ON_RESTRICTION,7547561608b33cfa189e986c84bc1f6c48b5b3d5a4d5e23ccc8187aac093d9a4,ROOM_RESTRICTED+ROUTE_BLOCKED,2,"[""ROUTE_BLOCKED"",""ROOM_RESTRICTED""]","[""UNAVAILABLE"",""RESTRICTED""]",true,2,Inspect Valve 7 and replan if a room becomes restricted.,results/indicative-twin-hierarchy-a/raw/cases.jsonl,T3-T2,T3,T2,1,0,1,2228f0a95e99c76d9647b3ff9fe3c0019d8ded2541abbbd92aaf3c6725e10278,558a137d79c2f1857de24863cea8fdcd210b88c25760ffc8230320d1586301df
a,138,REPLAN_ON_RESTRICTION,7547561608b33cfa189e986c84bc1f6c48b5b3d5a4d5e23ccc8187aac093d9a4,ROOM_RESTRICTED+ROUTE_BLOCKED,2,"[""ROUTE_BLOCKED"",""ROOM_RESTRICTED""]","[""UNAVAILABLE"",""RESTRICTED""]",true,2,Inspect Valve 7 and replan if a room becomes restricted.,results/indicative-twin-hierarchy-a/raw/cases.jsonl,T4-T3,T4,T3,1,1,0,58bb9f3071c61ffeae5e923594ec75b2ffa6c074bb36fc17d4857cf278d4d87e,2228f0a95e99c76d9647b3ff9fe3c0019d8ded2541abbbd92aaf3c6725e10278
a,138,STORE_CARRIED_TOOL,1bd3a48d101cc2a54f4cb2bb960edb7b938604c489d155c1b08a8db7914f76bf,NONE,0,[],[],false,0,Find a safe location for the carried tool.,results/indicative-twin-hierarchy-a/raw/cases.jsonl,T3-T2,T3,T2,1,1,0,873f8a375f785fd24ec7c689a64b4c7f0489a7ddc18146493b68f44362c0877a,d479abcd454bfd9b11f28bdd7d6e9300d23bf9c148d6a7d78bc64e492136e2d4
a,138,STORE_CARRIED_TOOL,1bd3a48d101cc2a54f4cb2bb960edb7b938604c489d155c1b08a8db7914f76bf,NONE,0,[],[],false,0,Find a safe location for the carried tool.,results/indicative-twin-hierarchy-a/raw/cases.jsonl,T4-T3,T4,T3,1,1,0,b84e84ed77bf05879481a3d0346ee79da03932a06d4f4ffc737ba16584079ae2,873f8a375f785fd24ec7c689a64b4c7f0489a7ddc18146493b68f44362c0877a
a,139,INSPECT_NEAREST_COOLANT,c15ccaf0e298fc249f8c9221cf0b8ddedebb6552295119d86cb7884b2027f367,ROUTE_BLOCKED,1,"[""ROUTE_BLOCKED""]","[""UNAVAILABLE""]",true,1,Safely inspect the nearest coolant valve without entering a restricted room.,results/indicative-twin-hierarchy-a/raw/cases.jsonl,T3-T2,T3,T2,0,0,0,c659ca334da2a524d8b6ccb12f8b8c857062838bd9d90811cd54122f0f8ba269,b9323b3b204c9aaf3960471b9baab9557b0e965334ffd173fdd1cf79e03d80f2
a,139,INSPECT_NEAREST_COOLANT,c15ccaf0e298fc249f8c9221cf0b8ddedebb6552295119d86cb7884b2027f367,ROUTE_BLOCKED,1,"[""ROUTE_BLOCKED""]","[""UNAVAILABLE""]",true,1,Safely inspect the nearest coolant valve without entering a restricted room.,results/indicative-twin-hierarchy-a/raw/cases.jsonl,T4-T3,T4,T3,0,0,0,8da4b2e2e93e42b00892e3d610a32357abea662f9f1f3dffef259f6b2b230445,c659ca334da2a524d8b6ccb12f8b8c857062838bd9d90811cd54122f0f8ba269
a,139,INSPECT_VALVE7_WITH_ALTERNATE,36e9a49acf6d154648bcd936b8303ba3fbc2393f9dd790643ff7f50a5d0cf6e7,ROUTE_BLOCKED,1,"[""ROUTE_BLOCKED""]","[""UNAVAILABLE""]",false,0,"Safely inspect Valve 7; if Door 3 is unavailable, use another route.",results/indicative-twin-hierarchy-a/raw/cases.jsonl,T3-T2,T3,T2,1,0,1,8a441d0486b9740db03c6f8b8c7a784cf441527a6e71ae3718dc6f773919b361,ea5bc5b0b2156699b4322e6e66b4122e5835063d11665bcdb9a942f6e7486530
a,139,INSPECT_VALVE7_WITH_ALTERNATE,36e9a49acf6d154648bcd936b8303ba3fbc2393f9dd790643ff7f50a5d0cf6e7,ROUTE_BLOCKED,1,"[""ROUTE_BLOCKED""]","[""UNAVAILABLE""]",false,0,"Safely inspect Valve 7; if Door 3 is unavailable, use another route.",results/indicative-twin-hierarchy-a/raw/cases.jsonl,T4-T3,T4,T3,1,1,0,f911b7ea1640c5170da8015019803c79ac79fc05294df73775002714569b2eaf,8a441d0486b9740db03c6f8b8c7a784cf441527a6e71ae3718dc6f773919b361
a,139,REACH_PUMP2_WITH_RECHARGE,c3667fb9a35f60cdcaf6d9faa21a9e8bda8c3c36b185e34b3bc24ab18e3b2f42,NONE,0,[],[],false,0,"Reach Pump 2, but recharge first if estimated battery is insufficient.",results/indicative-twin-hierarchy-a/raw/cases.jsonl,T3-T2,T3,T2,1,1,0,acd5765e8246c3172e7eabf5619ff9bd5cbc2f4366b2ca514c2b38c933b56b20,4024ea301cb1f171b10ed85d96b84fda7de02cdfaa36b0d18bc7f96f87191ed8
a,139,REACH_PUMP2_WITH_RECHARGE,c3667fb9a35f60cdcaf6d9faa21a9e8bda8c3c36b185e34b3bc24ab18e3b2f42,NONE,0,[],[],false,0,"Reach Pump 2, but recharge first if estimated battery is insufficient.",results/indicative-twin-hierarchy-a/raw/cases.jsonl,T4-T3,T4,T3,1,1,0,6d5ed5cdba45f9a7a1ceaa92606f0929650c05a0e09799c5696065953356c07f,acd5765e8246c3172e7eabf5619ff9bd5cbc2f4366b2ca514c2b38c933b56b20
a,139,REPLAN_ON_RESTRICTION,7cd642237f9d8dae57cbebe794d5350099bc56439210f27fc37853011cdba722,ROOM_RESTRICTED,1,"[""ROOM_RESTRICTED""]","[""RESTRICTED""]",false,0,Safely inspect Valve 7 and replan if a room becomes restricted.,results/indicative-twin-hierarchy-a/raw/cases.jsonl,T3-T2,T3,T2,1,0,1,2e340940820c1ed3748a31fe58ee7ff5aaa593f922d3cdb5d51cd3bf3b7977c4,4d2d75de34dedad004392903e3fc4751acfeea5fcef77bff3c2695494b2074ef
a,139,REPLAN_ON_RESTRICTION,7cd642237f9d8dae57cbebe794d5350099bc56439210f27fc37853011cdba722,ROOM_RESTRICTED,1,"[""ROOM_RESTRICTED""]","[""RESTRICTED""]",false,0,Safely inspect Valve 7 and replan if a room becomes restricted.,results/indicative-twin-hierarchy-a/raw/cases.jsonl,T4-T3,T4,T3,1,1,0,e210738524ea7a29a40f5446286982fb4531fa56946f8ab04c0ebccb2dfc62dc,2e340940820c1ed3748a31fe58ee7ff5aaa593f922d3cdb5d51cd3bf3b7977c4
a,139,STORE_CARRIED_TOOL,105d11df3a930647be1c183ed4e49feb966329139792db69c9dacd586bc41bad,NONE,0,[],[],false,0,Find a safe location for the carried tool.,results/indicative-twin-hierarchy-a/raw/cases.jsonl,T3-T2,T3,T2,1,1,0,dc26e855de4a0084ba16986abfd9c465d03b598a7a53d566852ae561235c89d5,435f56f195db5fd072633de55c2c6d2a21e038ea693021a3fc0e03154513f651
a,139,STORE_CARRIED_TOOL,105d11df3a930647be1c183ed4e49feb966329139792db69c9dacd586bc41bad,NONE,0,[],[],false,0,Find a safe location for the carried tool.,results/indicative-twin-hierarchy-a/raw/cases.jsonl,T4-T3,T4,T3,1,1,0,43f47cfea13f36fe39e4bba1d88d14a628c5788442c0bddd8cb8b48defe83881,dc26e855de4a0084ba16986abfd9c465d03b598a7a53d566852ae561235c89d5
a,140,INSPECT_NEAREST_COOLANT,381293abf71eb0e347856152e6ede06a4f38e7fcce667ac859ef0371c45fcf8d,INSTRUCTION_CHANGED+ROUTE_BLOCKED,2,"[""ROUTE_BLOCKED"",""INSTRUCTION_CHANGED""]","[""UNAVAILABLE"",""AVOID_ROOM:ElectricalRoom""]",false,0,Inspect the nearest coolant valve without entering a restricted room.,results/indicative-twin-hierarchy-a/raw/cases.jsonl,T3-T2,T3,T2,1,0,1,820a298c176fb3cdff362ef378a22c111267dce72a576dbc3099f165e356ee28,8da210c8e0f7603ea2d577b59b54aa3ed8bba24476306eacbe88abe8a21c5f51
a,140,INSPECT_NEAREST_COOLANT,381293abf71eb0e347856152e6ede06a4f38e7fcce667ac859ef0371c45fcf8d,INSTRUCTION_CHANGED+ROUTE_BLOCKED,2,"[""ROUTE_BLOCKED"",""INSTRUCTION_CHANGED""]","[""UNAVAILABLE"",""AVOID_ROOM:ElectricalRoom""]",false,0,Inspect the nearest coolant valve without entering a restricted room.,results/indicative-twin-hierarchy-a/raw/cases.jsonl,T4-T3,T4,T3,1,1,0,1613d840d83a166f5003dbfb364407b9fcd2abe92e06db7c4b26b43e79177989,820a298c176fb3cdff362ef378a22c111267dce72a576dbc3099f165e356ee28
a,140,INSPECT_VALVE7_WITH_ALTERNATE,6924e6ce241e7334b5d19a3a8f659cf3ebf8617f5ad9007efb737524b2422a70,INSTRUCTION_CHANGED,1,"[""INSTRUCTION_CHANGED""]","[""AVOID_ROOM:ElectricalRoom""]",false,0,"Inspect Valve 7; if Door 3 is unavailable, use another route.",results/indicative-twin-hierarchy-a/raw/cases.jsonl,T3-T2,T3,T2,1,1,0,83aa63324767f6576b2cc1950f91ba9da682127e46855de97e83ce8e3a90c71a,c433e04a6eb40561e4d6feab2b53201ff2fce6c81bf3592c801f0bd16c81753f
a,140,INSPECT_VALVE7_WITH_ALTERNATE,6924e6ce241e7334b5d19a3a8f659cf3ebf8617f5ad9007efb737524b2422a70,INSTRUCTION_CHANGED,1,"[""INSTRUCTION_CHANGED""]","[""AVOID_ROOM:ElectricalRoom""]",false,0,"Inspect Valve 7; if Door 3 is unavailable, use another route.",results/indicative-twin-hierarchy-a/raw/cases.jsonl,T4-T3,T4,T3,1,1,0,d58131dc92d70e296edfbb427c0853fe23bb21e9d0757fe57664def03dfc7652,83aa63324767f6576b2cc1950f91ba9da682127e46855de97e83ce8e3a90c71a
a,140,REACH_PUMP2_WITH_RECHARGE,67dee29db9525305e7e0cffb08ff0ab4109afc575ceaaa8240a2d01c6e0fcdd5,INSTRUCTION_CHANGED,1,"[""INSTRUCTION_CHANGED""]","[""AVOID_ROOM:ElectricalRoom""]",true,1,"Reach Pump 2, but recharge first if estimated battery is insufficient.",results/indicative-twin-hierarchy-a/raw/cases.jsonl,T3-T2,T3,T2,1,1,0,6e1d0b1012e746b1d592eb647d3b0fb92d74e2929fdabaa554d8938851420cb6,1a536c9281794e976095fb45963f6b943a58a17b2023ddf1d960345c3dae426d
a,140,REACH_PUMP2_WITH_RECHARGE,67dee29db9525305e7e0cffb08ff0ab4109afc575ceaaa8240a2d01c6e0fcdd5,INSTRUCTION_CHANGED,1,"[""INSTRUCTION_CHANGED""]","[""AVOID_ROOM:ElectricalRoom""]",true,1,"Reach Pump 2, but recharge first if estimated battery is insufficient.",results/indicative-twin-hierarchy-a/raw/cases.jsonl,T4-T3,T4,T3,1,1,0,d5bd7ee6364323a2f3b69b17eb893114cc1f34cd637c1c5cb5e0e1ca45c22411,6e1d0b1012e746b1d592eb647d3b0fb92d74e2929fdabaa554d8938851420cb6
a,140,REPLAN_ON_RESTRICTION,ddb483d7a441430b75859225d9c73a2f5fca570255d7f4995dac0d3b2eb9fd35,INSTRUCTION_CHANGED+ROOM_RESTRICTED,2,"[""INSTRUCTION_CHANGED"",""ROOM_RESTRICTED""]","[""AVOID_ROOM:ElectricalRoom"",""RESTRICTED""]",false,0,Inspect Valve 7 and replan if a room becomes restricted.,results/indicative-twin-hierarchy-a/raw/cases.jsonl,T3-T2,T3,T2,0,0,0,d1e5f60a83a9e6bb518f156b16f2422348429ce36346bc9a35efd747fee23528,86330e194e3666eeefe0b52d1b037a25582a924425a3a565d12e97cad55ed3fa
a,140,REPLAN_ON_RESTRICTION,ddb483d7a441430b75859225d9c73a2f5fca570255d7f4995dac0d3b2eb9fd35,INSTRUCTION_CHANGED+ROOM_RESTRICTED,2,"[""INSTRUCTION_CHANGED"",""ROOM_RESTRICTED""]","[""AVOID_ROOM:ElectricalRoom"",""RESTRICTED""]",false,0,Inspect Valve 7 and replan if a room becomes restricted.,results/indicative-twin-hierarchy-a/raw/cases.jsonl,T4-T3,T4,T3,0,0,0,1667d4ffe04258301359ff41c75231d18ab01c18d31baf5d36cc0eaa3015a10f,d1e5f60a83a9e6bb518f156b16f2422348429ce36346bc9a35efd747fee23528
a,140,STORE_CARRIED_TOOL,f29871905b2b0803f55bd3ce859a6c4ad59163a48cafc090e2984567ee4be7ef,INSTRUCTION_CHANGED+ROUTE_BLOCKED,2,"[""ROUTE_BLOCKED"",""INSTRUCTION_CHANGED""]","[""UNAVAILABLE"",""AVOID_ROOM:ElectricalRoom""]",false,0,Find a safe location for the carried tool.,results/indicative-twin-hierarchy-a/raw/cases.jsonl,T3-T2,T3,T2,1,1,0,5cb95ceab586f058784ac46ee68603035c7a0aeff34d50ffff79b77f6b6c4c03,85a7b3e44af5395a364390bf98ab59897103a451326e1b012213ee3761fecb5e
a,140,STORE_CARRIED_TOOL,f29871905b2b0803f55bd3ce859a6c4ad59163a48cafc090e2984567ee4be7ef,INSTRUCTION_CHANGED+ROUTE_BLOCKED,2,"[""ROUTE_BLOCKED"",""INSTRUCTION_CHANGED""]","[""UNAVAILABLE"",""AVOID_ROOM:ElectricalRoom""]",false,0,Find a safe location for the carried tool.,results/indicative-twin-hierarchy-a/raw/cases.jsonl,T4-T3,T4,T3,1,1,0,7613c254c112dbce8fbe79d12c6f9c4f78958a873684b64803de3a166dc34757,5cb95ceab586f058784ac46ee68603035c7a0aeff34d50ffff79b77f6b6c4c03
a,141,INSPECT_NEAREST_COOLANT,b0a1d82f08a954ea3ccc49fbbf4648200f5157a9fda2469c59e81313bf6724ad,NONE,0,[],[],false,0,Safely inspect the nearest coolant valve without entering a restricted room.,results/indicative-twin-hierarchy-a/raw/cases.jsonl,T3-T2,T3,T2,1,1,0,391e24263b3df1449857bdfed5a8bca296d06e6c6eba50a304f13207cee83257,3c5d5aff1b70acd2e33b48ef5ea75452f8d28695b74e8974dc6f78817cab4b98
a,141,INSPECT_NEAREST_COOLANT,b0a1d82f08a954ea3ccc49fbbf4648200f5157a9fda2469c59e81313bf6724ad,NONE,0,[],[],false,0,Safely inspect the nearest coolant valve without entering a restricted room.,results/indicative-twin-hierarchy-a/raw/cases.jsonl,T4-T3,T4,T3,1,1,0,1343da19faa56aa0df4057a4f3a29d1733b2586c4771dd5c3a453d89b9c9cfc7,391e24263b3df1449857bdfed5a8bca296d06e6c6eba50a304f13207cee83257
a,141,INSPECT_VALVE7_WITH_ALTERNATE,0f3648fe0d46289c37c600fcb699acd78bf0421657dba0107c09b051691d671c,ROUTE_BLOCKED,1,"[""ROUTE_BLOCKED""]","[""UNAVAILABLE""]",true,1,"Safely inspect Valve 7; if Door 3 is unavailable, use another route.",results/indicative-twin-hierarchy-a/raw/cases.jsonl,T3-T2,T3,T2,1,1,0,5cb2d6ad31f67bd23b977a5cd5a5e0485461e19ad61f40af3963b622882e1a60,b4a62cb8d1a13709cd24a54e7be6a3dca69bef978445f8be5b85a470b0bdc83c
a,141,INSPECT_VALVE7_WITH_ALTERNATE,0f3648fe0d46289c37c600fcb699acd78bf0421657dba0107c09b051691d671c,ROUTE_BLOCKED,1,"[""ROUTE_BLOCKED""]","[""UNAVAILABLE""]",true,1,"Safely inspect Valve 7; if Door 3 is unavailable, use another route.",results/indicative-twin-hierarchy-a/raw/cases.jsonl,T4-T3,T4,T3,1,1,0,2bffe6a761efac23b9022ca4a46048028ea4b401109d1c99db66aadad55ce946,5cb2d6ad31f67bd23b977a5cd5a5e0485461e19ad61f40af3963b622882e1a60
a,141,REACH_PUMP2_WITH_RECHARGE,887e4cfb9e42b33ada56416d41bdccf1cd7f35de74f476bb9086f25ec694670c,NONE,0,[],[],true,1,"Reach Pump 2, but recharge first if estimated battery is insufficient.",results/indicative-twin-hierarchy-a/raw/cases.jsonl,T3-T2,T3,T2,0,0,0,d3c9c1fe944e64437852e9317a9686f7708306865c072bb2383f76afe927453d,98390f2cae6b116c0beb75aa6f3dfbf471e6d3e3684729f724ab460839271e54
a,141,REACH_PUMP2_WITH_RECHARGE,887e4cfb9e42b33ada56416d41bdccf1cd7f35de74f476bb9086f25ec694670c,NONE,0,[],[],true,1,"Reach Pump 2, but recharge first if estimated battery is insufficient.",results/indicative-twin-hierarchy-a/raw/cases.jsonl,T4-T3,T4,T3,0,0,0,b86f3bf4ce10bf47b1202d6173b5c46fe37f2490d172790189614ef4179ea805,d3c9c1fe944e64437852e9317a9686f7708306865c072bb2383f76afe927453d
a,141,REPLAN_ON_RESTRICTION,3e962c37b532c115ce67ad81ec3321fff6d838acde1c071e28dd24dce3c63904,ROOM_RESTRICTED+ROUTE_BLOCKED,2,"[""ROUTE_BLOCKED"",""ROOM_RESTRICTED""]","[""UNAVAILABLE"",""RESTRICTED""]",false,0,Safely inspect Valve 7 and replan if a room becomes restricted.,results/indicative-twin-hierarchy-a/raw/cases.jsonl,T3-T2,T3,T2,1,0,1,75e0c61f43e1d6e1bef0f80aafb73705feeb45fd9e0ff0735005c1771fa8c4f3,32b9752054bf13ecc7698030bab45dee964bd4057f4078430624da268762d8d4
a,141,REPLAN_ON_RESTRICTION,3e962c37b532c115ce67ad81ec3321fff6d838acde1c071e28dd24dce3c63904,ROOM_RESTRICTED+ROUTE_BLOCKED,2,"[""ROUTE_BLOCKED"",""ROOM_RESTRICTED""]","[""UNAVAILABLE"",""RESTRICTED""]",false,0,Safely inspect Valve 7 and replan if a room becomes restricted.,results/indicative-twin-hierarchy-a/raw/cases.jsonl,T4-T3,T4,T3,1,1,0,fbc679692f16eff342866fc8852746ebe3ee807caeeee3cdae98dd3fac9da715,75e0c61f43e1d6e1bef0f80aafb73705feeb45fd9e0ff0735005c1771fa8c4f3
a,141,STORE_CARRIED_TOOL,8c1c4257f5e78cbc7a81c121b3395d55a6d9e5078d0672d3be189c20bbd02513,NONE,0,[],[],true,2,Find a safe location for the carried tool.,results/indicative-twin-hierarchy-a/raw/cases.jsonl,T3-T2,T3,T2,1,0,1,3e02a00823d43903559159e8222baf0bbadd7a248d974051c024b9cbccd79e4c,a188ab808c488606769ed74be555566385239da39593e2a041aa32d8705ce986
a,141,STORE_CARRIED_TOOL,8c1c4257f5e78cbc7a81c121b3395d55a6d9e5078d0672d3be189c20bbd02513,NONE,0,[],[],true,2,Find a safe location for the carried tool.,results/indicative-twin-hierarchy-a/raw/cases.jsonl,T4-T3,T4,T3,1,1,0,65d0ba00fc5bb712c9270f924cf76116c2258d1ecea8cd29c6b1988e43420f9e,3e02a00823d43903559159e8222baf0bbadd7a248d974051c024b9cbccd79e4c
a,142,INSPECT_NEAREST_COOLANT,ab6c7b6e239fb1cb21f31bcbc3b79cad2e25035da11dfbab1105ee2abc1eb0a6,NONE,0,[],[],false,0,Inspect the nearest coolant valve without entering a restricted room.,results/indicative-twin-hierarchy-a/raw/cases.jsonl,T3-T2,T3,T2,1,1,0,a6aa556a4f790500f03947c275b3eaf8ba26e7863bba830be12bb4358f5263f5,843249e00cf9ed66455f3a5d0568a1f0c7d5418e6c6db4a43aecbe149499e8c5
a,142,INSPECT_NEAREST_COOLANT,ab6c7b6e239fb1cb21f31bcbc3b79cad2e25035da11dfbab1105ee2abc1eb0a6,NONE,0,[],[],false,0,Inspect the nearest coolant valve without entering a restricted room.,results/indicative-twin-hierarchy-a/raw/cases.jsonl,T4-T3,T4,T3,1,1,0,e9b93cb3b86c2884d62402d991a13c5e7452978a245b9c02b6fbf81302ade781,a6aa556a4f790500f03947c275b3eaf8ba26e7863bba830be12bb4358f5263f5
a,142,INSPECT_VALVE7_WITH_ALTERNATE,76a3c3a063212a97909dce7bc019c01f60def6cdc1d902ff8df6812f07637b35,NONE,0,[],[],false,0,"Inspect Valve 7; if Door 3 is unavailable, use another route.",results/indicative-twin-hierarchy-a/raw/cases.jsonl,T3-T2,T3,T2,1,0,1,a81fc8b3ed9c0dc6bd5864da60fd836bc5e88bb157f95f98a302a475bde2a7b2,e56604955abf842f00f2aaaa2b312f610f38d9de2ccca11914a10e88507df3ee
a,142,INSPECT_VALVE7_WITH_ALTERNATE,76a3c3a063212a97909dce7bc019c01f60def6cdc1d902ff8df6812f07637b35,NONE,0,[],[],false,0,"Inspect Valve 7; if Door 3 is unavailable, use another route.",results/indicative-twin-hierarchy-a/raw/cases.jsonl,T4-T3,T4,T3,1,1,0,19ae0c53497cb8d8f4f9c00486f21e4f0d93df9210c81fd676bdba4d6b5db651,a81fc8b3ed9c0dc6bd5864da60fd836bc5e88bb157f95f98a302a475bde2a7b2
a,142,REACH_PUMP2_WITH_RECHARGE,7fc2adeeeaeefc42bb4343ef688706a7cce382569c01cb81e2d10e9575f11c20,NONE,0,[],[],false,0,"Reach Pump 2, but recharge first if estimated battery is insufficient.",results/indicative-twin-hierarchy-a/raw/cases.jsonl,T3-T2,T3,T2,0,0,0,25b14952033e184b6c56b4acba35c899c8afae7825a068a937dd109bdb92a5c9,8f0d4ef2b765260847d4e6cbdc20a5ceb9836e9f084382134b2d436f37e30a74
a,142,REACH_PUMP2_WITH_RECHARGE,7fc2adeeeaeefc42bb4343ef688706a7cce382569c01cb81e2d10e9575f11c20,NONE,0,[],[],false,0,"Reach Pump 2, but recharge first if estimated battery is insufficient.",results/indicative-twin-hierarchy-a/raw/cases.jsonl,T4-T3,T4,T3,0,0,0,e66489c6a34ed73d7a260f924e10e2dd933ae7f4f19c2230c402efecdc58db1f,25b14952033e184b6c56b4acba35c899c8afae7825a068a937dd109bdb92a5c9
a,142,REPLAN_ON_RESTRICTION,045bf842eaca6a6c5bb8e83ae7bbb832f07fd34d69b795d530d1f16e9bee778d,ROOM_RESTRICTED,1,"[""ROOM_RESTRICTED""]","[""RESTRICTED""]",true,1,Inspect Valve 7 and replan if a room becomes restricted.,results/indicative-twin-hierarchy-a/raw/cases.jsonl,T3-T2,T3,T2,1,0,1,d6629b14e6b7f21945a5ca17381e1c303ba15208a8fa32a9b8f0d20bb3a85edd,86440366cc6e623ddc1aaf6271f4eb7b396ae2d068a2940fed2747d59456b1c5
a,142,REPLAN_ON_RESTRICTION,045bf842eaca6a6c5bb8e83ae7bbb832f07fd34d69b795d530d1f16e9bee778d,ROOM_RESTRICTED,1,"[""ROOM_RESTRICTED""]","[""RESTRICTED""]",true,1,Inspect Valve 7 and replan if a room becomes restricted.,results/indicative-twin-hierarchy-a/raw/cases.jsonl,T4-T3,T4,T3,1,1,0,dbf3c53161d22810882c6803e1f82926d5f862eb96393d4e1c6ec28ca3c1634e,d6629b14e6b7f21945a5ca17381e1c303ba15208a8fa32a9b8f0d20bb3a85edd
a,142,STORE_CARRIED_TOOL,375f69695c2d210728fd8607c76a077eaa73b28d80c571f88252831d3469b533,NONE,0,[],[],true,1,Find a safe location for the carried tool.,results/indicative-twin-hierarchy-a/raw/cases.jsonl,T3-T2,T3,T2,1,0,1,a8fc2fdf794735c2bb217bddf8d3eb9f1970f38ed7a2cf37e13375b237136fd5,4ce3c1858e62a649649025e4b8ddd891d85e0eb71f8c34f6724ff0164dc70cfc
a,142,STORE_CARRIED_TOOL,375f69695c2d210728fd8607c76a077eaa73b28d80c571f88252831d3469b533,NONE,0,[],[],true,1,Find a safe location for the carried tool.,results/indicative-twin-hierarchy-a/raw/cases.jsonl,T4-T3,T4,T3,1,1,0,6e176ed42f895d4e61e760dfa32b1089bcdfa56a7c2ea816729cfa4c34634b9b,a8fc2fdf794735c2bb217bddf8d3eb9f1970f38ed7a2cf37e13375b237136fd5
a,143,INSPECT_NEAREST_COOLANT,12a05cd4f03a64bceca92c55576912a79cec92f34814223cba43a5c7e3b4202f,NONE,0,[],[],false,0,Safely inspect the nearest coolant valve without entering a restricted room.,results/indicative-twin-hierarchy-a/raw/cases.jsonl,T3-T2,T3,T2,1,1,0,7cece67ba62d0193294a9131c4664e953ad42a994a2d62dab4c07ba0f1e15171,c3bdd94b4e3a4dc397e8568c34ed2bd4a14abfaa3d73079d3bed20a78465bfa4
a,143,INSPECT_NEAREST_COOLANT,12a05cd4f03a64bceca92c55576912a79cec92f34814223cba43a5c7e3b4202f,NONE,0,[],[],false,0,Safely inspect the nearest coolant valve without entering a restricted room.,results/indicative-twin-hierarchy-a/raw/cases.jsonl,T4-T3,T4,T3,1,1,0,a66e95d2942acc5824d63e89178bfd0b22e23febfa8339c101e20e2964f5fe54,7cece67ba62d0193294a9131c4664e953ad42a994a2d62dab4c07ba0f1e15171
a,143,INSPECT_VALVE7_WITH_ALTERNATE,06e18033293ec078499c46d1f282076f59244539b35c562bb69e124055c4eebc,NONE,0,[],[],true,1,"Safely inspect Valve 7; if Door 3 is unavailable, use another route.",results/indicative-twin-hierarchy-a/raw/cases.jsonl,T3-T2,T3,T2,1,1,0,e583420e0764e0ea5e3aaa6be452354ccfefdbd8f0349086af35bdc10cd65bac,78dea76152b89873d7b218eb84bf87c87a70363f11f239338138b6615d9e4ca0
a,143,INSPECT_VALVE7_WITH_ALTERNATE,06e18033293ec078499c46d1f282076f59244539b35c562bb69e124055c4eebc,NONE,0,[],[],true,1,"Safely inspect Valve 7; if Door 3 is unavailable, use another route.",results/indicative-twin-hierarchy-a/raw/cases.jsonl,T4-T3,T4,T3,1,1,0,6de91d410c94aa4324f796c712f8d5600b122debe3b60f74596959874922ed61,e583420e0764e0ea5e3aaa6be452354ccfefdbd8f0349086af35bdc10cd65bac
a,143,REACH_PUMP2_WITH_RECHARGE,dac9f1c94bdad74a14d024ef4483c14e686d71cd37a01e6444b857825b29e58d,NONE,0,[],[],true,1,"Reach Pump 2, but recharge first if estimated battery is insufficient.",results/indicative-twin-hierarchy-a/raw/cases.jsonl,T3-T2,T3,T2,0,0,0,4966c0e6978268593417257f61377614e200947f0c79a2d672f63d5d8a064a16,ce60815d9de732a8d264bef06ebde9797a63136d539d7220c241023a56fee4c4
a,143,REACH_PUMP2_WITH_RECHARGE,dac9f1c94bdad74a14d024ef4483c14e686d71cd37a01e6444b857825b29e58d,NONE,0,[],[],true,1,"Reach Pump 2, but recharge first if estimated battery is insufficient.",results/indicative-twin-hierarchy-a/raw/cases.jsonl,T4-T3,T4,T3,0,0,0,f6270c59d08c9c892afd129e98d15edf0ba287b8b4d666e9b91eb64bc803a1b4,4966c0e6978268593417257f61377614e200947f0c79a2d672f63d5d8a064a16
a,143,REPLAN_ON_RESTRICTION,9576cebfa081a12f88f3ef3c4c8100c0413aee57f5a768037da03cd8d0cad6cc,ROOM_RESTRICTED,1,"[""ROOM_RESTRICTED""]","[""RESTRICTED""]",true,1,Safely inspect Valve 7 and replan if a room becomes restricted.,results/indicative-twin-hierarchy-a/raw/cases.jsonl,T3-T2,T3,T2,1,0,1,b2ac019028d788f024bcd91af06cc1139bf0a782687806f7b9e21470eb8d9f0a,6e1760d4e31d89d6c7c618b02afbe050b5dca7ca8e348d549ddd95db1ae8d58e
a,143,REPLAN_ON_RESTRICTION,9576cebfa081a12f88f3ef3c4c8100c0413aee57f5a768037da03cd8d0cad6cc,ROOM_RESTRICTED,1,"[""ROOM_RESTRICTED""]","[""RESTRICTED""]",true,1,Safely inspect Valve 7 and replan if a room becomes restricted.,results/indicative-twin-hierarchy-a/raw/cases.jsonl,T4-T3,T4,T3,1,1,0,f1505e4ae3f25b899f490a40625b22c884e96a9a9395d46e46cb29a692b7bed7,b2ac019028d788f024bcd91af06cc1139bf0a782687806f7b9e21470eb8d9f0a
a,143,STORE_CARRIED_TOOL,077e340efa9a63fdbecf4853f2d2f1c294c98b6a1680540fdae0ac7764c3325f,NONE,0,[],[],false,0,Find a safe location for the carried tool.,results/indicative-twin-hierarchy-a/raw/cases.jsonl,T3-T2,T3,T2,1,1,0,8c884bd1d0a07a2d17d7b711550af65796014f7a3b1a29d7e978171e5ce803db,3d7dff3292efcf478935d27d0b9dba11af749638f90475c8fc9cab0d9e860cd4
a,143,STORE_CARRIED_TOOL,077e340efa9a63fdbecf4853f2d2f1c294c98b6a1680540fdae0ac7764c3325f,NONE,0,[],[],false,0,Find a safe location for the carried tool.,results/indicative-twin-hierarchy-a/raw/cases.jsonl,T4-T3,T4,T3,1,1,0,ebb3ab83c53171230840a8d11f82c3f15fa45c4f0e7f1cf0db10a2efe8bd00d9,8c884bd1d0a07a2d17d7b711550af65796014f7a3b1a29d7e978171e5ce803db
a,144,INSPECT_NEAREST_COOLANT,143da04abfe4a9bd8c9a749a2acc8072e30e1edec49766cbffe81845dac8891d,ROUTE_BLOCKED,1,"[""ROUTE_BLOCKED""]","[""UNAVAILABLE""]",true,1,Inspect the nearest coolant valve without entering a restricted room.,results/indicative-twin-hierarchy-a/raw/cases.jsonl,T3-T2,T3,T2,0,0,0,2d54a73c5fc6fd685e70fdef48e1d45e5f9753469daa94364d204ca40d945045,17629f14abd49c5c3da784a9eb4012be295d8b1b54bbcb6532197145ed8438bb
a,144,INSPECT_NEAREST_COOLANT,143da04abfe4a9bd8c9a749a2acc8072e30e1edec49766cbffe81845dac8891d,ROUTE_BLOCKED,1,"[""ROUTE_BLOCKED""]","[""UNAVAILABLE""]",true,1,Inspect the nearest coolant valve without entering a restricted room.,results/indicative-twin-hierarchy-a/raw/cases.jsonl,T4-T3,T4,T3,0,0,0,400eadc03d9dcf628d10a2af25bd378b806d49ef1234da81386490fc745573fe,2d54a73c5fc6fd685e70fdef48e1d45e5f9753469daa94364d204ca40d945045
a,144,INSPECT_VALVE7_WITH_ALTERNATE,c9a5b3178de7cc0ad3c2c0f1fac928e5bb2bc617550f8bb5bbfc2ac3454c8f3e,NONE,0,[],[],false,0,"Inspect Valve 7; if Door 3 is unavailable, use another route.",results/indicative-twin-hierarchy-a/raw/cases.jsonl,T3-T2,T3,T2,1,1,0,8076951f02eec846ef744a0f91f26e07563f0602f7ec635c1d3e2cc19bcf1433,c92e011a52e588f833536a4ae7df8db168be0f7fd847cf191f6c1c84f9ba7d62
a,144,INSPECT_VALVE7_WITH_ALTERNATE,c9a5b3178de7cc0ad3c2c0f1fac928e5bb2bc617550f8bb5bbfc2ac3454c8f3e,NONE,0,[],[],false,0,"Inspect Valve 7; if Door 3 is unavailable, use another route.",results/indicative-twin-hierarchy-a/raw/cases.jsonl,T4-T3,T4,T3,1,1,0,2196fb8e59aac42d3cbdaa9846a754d28e11d8c60e7a8a8bfb8c0d204903e924,8076951f02eec846ef744a0f91f26e07563f0602f7ec635c1d3e2cc19bcf1433
a,144,REACH_PUMP2_WITH_RECHARGE,9141cce867e4125422b31360339680effa4dc72dafe188292592098961149e96,ROUTE_BLOCKED,1,"[""ROUTE_BLOCKED""]","[""UNAVAILABLE""]",false,0,"Reach Pump 2, but recharge first if estimated battery is insufficient.",results/indicative-twin-hierarchy-a/raw/cases.jsonl,T3-T2,T3,T2,1,0,1,c9aca623302ae3ecc7b64821c9d10b74e005be52972fae6bb92ef71e592b43b8,c1a31acf56899d09c55eb6836364b51da0cf5d2fadc825cb2e1469eae60565e5
a,144,REACH_PUMP2_WITH_RECHARGE,9141cce867e4125422b31360339680effa4dc72dafe188292592098961149e96,ROUTE_BLOCKED,1,"[""ROUTE_BLOCKED""]","[""UNAVAILABLE""]",false,0,"Reach Pump 2, but recharge first if estimated battery is insufficient.",results/indicative-twin-hierarchy-a/raw/cases.jsonl,T4-T3,T4,T3,1,1,0,6a3f8da5897b296a45453d6cea5992c5f8319c0af8a3f0decf3ba69fb6f69ed1,c9aca623302ae3ecc7b64821c9d10b74e005be52972fae6bb92ef71e592b43b8
a,144,REPLAN_ON_RESTRICTION,209ef132232a96eb7d8e5d58e71006e86558ab406bf85e8ffe7457c3fc73197f,ROOM_RESTRICTED,1,"[""ROOM_RESTRICTED""]","[""RESTRICTED""]",true,2,Inspect Valve 7 and replan if a room becomes restricted.,results/indicative-twin-hierarchy-a/raw/cases.jsonl,T3-T2,T3,T2,1,0,1,6606a8f32d49215f5104225ecef8d682bf18b664f4c869ec82e4e84748d3f8f7,c3d73d3420ff80a7f9a180ca1c21036c9384c36c453b476c3a2a0a99d61519b4
a,144,REPLAN_ON_RESTRICTION,209ef132232a96eb7d8e5d58e71006e86558ab406bf85e8ffe7457c3fc73197f,ROOM_RESTRICTED,1,"[""ROOM_RESTRICTED""]","[""RESTRICTED""]",true,2,Inspect Valve 7 and replan if a room becomes restricted.,results/indicative-twin-hierarchy-a/raw/cases.jsonl,T4-T3,T4,T3,1,1,0,faa4ab24e831b9e9c6272e9d4c2b945d0bf9387251759a64a9f503f38ec9564e,6606a8f32d49215f5104225ecef8d682bf18b664f4c869ec82e4e84748d3f8f7
a,144,STORE_CARRIED_TOOL,7158d28ba78236f7b2655561fb94b663f38c30df204b258ee35c12e40e04c901,ROUTE_BLOCKED,1,"[""ROUTE_BLOCKED""]","[""UNAVAILABLE""]",true,1,Find a safe location for the carried tool.,results/indicative-twin-hierarchy-a/raw/cases.jsonl,T3-T2,T3,T2,1,1,0,ab10f13914e5c0e79d53e0e48795ceffd1aaa62e5a3abf3bd8c19e9fd5a054bc,6e70a09856adacae7747965013ce28500dbef0c301bd3074b5a2b3ca472d3ee6
a,144,STORE_CARRIED_TOOL,7158d28ba78236f7b2655561fb94b663f38c30df204b258ee35c12e40e04c901,ROUTE_BLOCKED,1,"[""ROUTE_BLOCKED""]","[""UNAVAILABLE""]",true,1,Find a safe location for the carried tool.,results/indicative-twin-hierarchy-a/raw/cases.jsonl,T4-T3,T4,T3,1,1,0,c1a471271fa68b42304b227af989be534c095be5afbee81977d2615a7798cd60,ab10f13914e5c0e79d53e0e48795ceffd1aaa62e5a3abf3bd8c19e9fd5a054bc
a,145,INSPECT_NEAREST_COOLANT,99cb6d1189e0a7761556af457024eafe48f17fd6472255357fbe6e723c14feb9,INSTRUCTION_CHANGED,1,"[""INSTRUCTION_CHANGED""]","[""AVOID_ROOM:ElectricalRoom""]",true,1,Safely inspect the nearest coolant valve without entering a restricted room.,results/indicative-twin-hierarchy-a/raw/cases.jsonl,T3-T2,T3,T2,1,1,0,38ecb8c1397fb08999e32421e419afea672245f2447dc765c6983b16079c2589,fb48bbf9f4a2df2d9f5300c1f8f7269a41768748cbe3073ab151cc2dac5fe3e0
a,145,INSPECT_NEAREST_COOLANT,99cb6d1189e0a7761556af457024eafe48f17fd6472255357fbe6e723c14feb9,INSTRUCTION_CHANGED,1,"[""INSTRUCTION_CHANGED""]","[""AVOID_ROOM:ElectricalRoom""]",true,1,Safely inspect the nearest coolant valve without entering a restricted room.,results/indicative-twin-hierarchy-a/raw/cases.jsonl,T4-T3,T4,T3,1,1,0,8d48ccf9cffe1435c1dd47a1103aa4f5f56959214be804d9b498d9b2a5a381d1,38ecb8c1397fb08999e32421e419afea672245f2447dc765c6983b16079c2589
a,145,INSPECT_VALVE7_WITH_ALTERNATE,997d05bfd83f531415c4778223e8ca9f54dd89585ac580c331c2950931324306,INSTRUCTION_CHANGED,1,"[""INSTRUCTION_CHANGED""]","[""AVOID_ROOM:ElectricalRoom""]",true,1,"Safely inspect Valve 7; if Door 3 is unavailable, use another route.",results/indicative-twin-hierarchy-a/raw/cases.jsonl,T3-T2,T3,T2,1,1,0,3876f79ef8990534364bf3e3ed3e5708792d715f73969cc99e95a44a45dd2f3c,6440773c5ea7f90893a4257a3dd4a0aa94058fd46724894c4bc4cc5aa56c9fee
a,145,INSPECT_VALVE7_WITH_ALTERNATE,997d05bfd83f531415c4778223e8ca9f54dd89585ac580c331c2950931324306,INSTRUCTION_CHANGED,1,"[""INSTRUCTION_CHANGED""]","[""AVOID_ROOM:ElectricalRoom""]",true,1,"Safely inspect Valve 7; if Door 3 is unavailable, use another route.",results/indicative-twin-hierarchy-a/raw/cases.jsonl,T4-T3,T4,T3,1,1,0,1b06539267442554f79223cbcb42cd30ac214285d7e3c3f4422430e03ba1081f,3876f79ef8990534364bf3e3ed3e5708792d715f73969cc99e95a44a45dd2f3c
a,145,REACH_PUMP2_WITH_RECHARGE,34df208516af5d521c22a7eb5c6f809857d515520e573a6d594a861545c436cb,INSTRUCTION_CHANGED,1,"[""INSTRUCTION_CHANGED""]","[""AVOID_ROOM:ElectricalRoom""]",false,0,"Reach Pump 2, but recharge first if estimated battery is insufficient.",results/indicative-twin-hierarchy-a/raw/cases.jsonl,T3-T2,T3,T2,1,1,0,6405c896a4f81e8a48bb863a126aaf638604a80647d7c0a203756913be88493c,fc79e6dd305f87e30279747ccd3936b89940cafd1fe4bdd6dd9fafbd1485cad2
a,145,REACH_PUMP2_WITH_RECHARGE,34df208516af5d521c22a7eb5c6f809857d515520e573a6d594a861545c436cb,INSTRUCTION_CHANGED,1,"[""INSTRUCTION_CHANGED""]","[""AVOID_ROOM:ElectricalRoom""]",false,0,"Reach Pump 2, but recharge first if estimated battery is insufficient.",results/indicative-twin-hierarchy-a/raw/cases.jsonl,T4-T3,T4,T3,1,1,0,252fd636b2d0915aab7cbfab02f5cf9f3948d915c907562ef5b92add2863eb6d,6405c896a4f81e8a48bb863a126aaf638604a80647d7c0a203756913be88493c
a,145,REPLAN_ON_RESTRICTION,35a94c31ad16a2532b4903d1e7db8cc542ec5799fa8da0d307a29d817d7fe357,INSTRUCTION_CHANGED+ROOM_RESTRICTED+ROUTE_BLOCKED,3,"[""ROUTE_BLOCKED"",""INSTRUCTION_CHANGED"",""ROOM_RESTRICTED""]","[""UNAVAILABLE"",""AVOID_ROOM:ElectricalRoom"",""RESTRICTED""]",true,1,Safely inspect Valve 7 and replan if a room becomes restricted.,results/indicative-twin-hierarchy-a/raw/cases.jsonl,T3-T2,T3,T2,0,0,0,9ab8728676adc11e1b3bb6f94355cc97a8865fcb10cb0261e8f6bd356f718be7,2e0ae4b0ec2e7d7863baa17994ec5c3af113b225aa168ae53b608d75eee95942
a,145,REPLAN_ON_RESTRICTION,35a94c31ad16a2532b4903d1e7db8cc542ec5799fa8da0d307a29d817d7fe357,INSTRUCTION_CHANGED+ROOM_RESTRICTED+ROUTE_BLOCKED,3,"[""ROUTE_BLOCKED"",""INSTRUCTION_CHANGED"",""ROOM_RESTRICTED""]","[""UNAVAILABLE"",""AVOID_ROOM:ElectricalRoom"",""RESTRICTED""]",true,1,Safely inspect Valve 7 and replan if a room becomes restricted.,results/indicative-twin-hierarchy-a/raw/cases.jsonl,T4-T3,T4,T3,0,0,0,234072645b1e963e68c3bb682028645fab33c55f0d02f5556d4225cd9ea367e0,9ab8728676adc11e1b3bb6f94355cc97a8865fcb10cb0261e8f6bd356f718be7
a,145,STORE_CARRIED_TOOL,42f03ad4204f22a74a48324b2a76a1404022e48f3b21f0cef94bea9c2cb47152,INSTRUCTION_CHANGED,1,"[""INSTRUCTION_CHANGED""]","[""AVOID_ROOM:ElectricalRoom""]",false,0,Find a safe location for the carried tool.,results/indicative-twin-hierarchy-a/raw/cases.jsonl,T3-T2,T3,T2,1,1,0,ab35a9c0f52057a5eda73f28b0076a46632bfc9e068120ceb1ce7b4f7a30576b,6462f87eec82da871eb8d6b1b0cdda909bc83e5250dbf20ab9cd3300ce653db7
a,145,STORE_CARRIED_TOOL,42f03ad4204f22a74a48324b2a76a1404022e48f3b21f0cef94bea9c2cb47152,INSTRUCTION_CHANGED,1,"[""INSTRUCTION_CHANGED""]","[""AVOID_ROOM:ElectricalRoom""]",false,0,Find a safe location for the carried tool.,results/indicative-twin-hierarchy-a/raw/cases.jsonl,T4-T3,T4,T3,1,1,0,d8d89a44e843f48421f255ba5a668279ef70a12abe374daa75b9a73288387ffb,ab35a9c0f52057a5eda73f28b0076a46632bfc9e068120ceb1ce7b4f7a30576b
a,146,INSPECT_NEAREST_COOLANT,3e30402144e68b4bd00026b636c469fff0e833bf44d2020ed79b38d789719ad7,NONE,0,[],[],false,0,Inspect the nearest coolant valve without entering a restricted room.,results/indicative-twin-hierarchy-a/raw/cases.jsonl,T3-T2,T3,T2,1,1,0,ef5452d5d2e9ea14ab95a828c3047b9b445330912b64556cb02bed6a30af8491,c985a37f86c41c9078193197f32db9898609701db2d6c1e0cf08ab0f7405236a
a,146,INSPECT_NEAREST_COOLANT,3e30402144e68b4bd00026b636c469fff0e833bf44d2020ed79b38d789719ad7,NONE,0,[],[],false,0,Inspect the nearest coolant valve without entering a restricted room.,results/indicative-twin-hierarchy-a/raw/cases.jsonl,T4-T3,T4,T3,1,1,0,339f4037a0c9d285ff25f576c35f06ad749fb1cf93cc67391920e15a306f7dea,ef5452d5d2e9ea14ab95a828c3047b9b445330912b64556cb02bed6a30af8491
a,146,INSPECT_VALVE7_WITH_ALTERNATE,1b3922a64b7fdcc61efaa6f1878f3efbf77f282a522e53d0275c7ac392bd916b,NONE,0,[],[],true,1,"Inspect Valve 7; if Door 3 is unavailable, use another route.",results/indicative-twin-hierarchy-a/raw/cases.jsonl,T3-T2,T3,T2,1,1,0,7426600428a796331de4f2581c71b5f0067057b47f92c61627980bca1eb0a5cb,8de14da7d08f391768920a021be64a90100c50a7c2d7fe7b7ce87994e7d69351
a,146,INSPECT_VALVE7_WITH_ALTERNATE,1b3922a64b7fdcc61efaa6f1878f3efbf77f282a522e53d0275c7ac392bd916b,NONE,0,[],[],true,1,"Inspect Valve 7; if Door 3 is unavailable, use another route.",results/indicative-twin-hierarchy-a/raw/cases.jsonl,T4-T3,T4,T3,1,1,0,0270e67d0370772b7c0156f9e3be4317c5435103e51b89c83475f9775056543e,7426600428a796331de4f2581c71b5f0067057b47f92c61627980bca1eb0a5cb
a,146,REACH_PUMP2_WITH_RECHARGE,95c0932ec48e1a06eedbd9ae3b86068ccc235358bfc5dbd2e76f69010c40da51,ROUTE_BLOCKED,1,"[""ROUTE_BLOCKED""]","[""UNAVAILABLE""]",false,0,"Reach Pump 2, but recharge first if estimated battery is insufficient.",results/indicative-twin-hierarchy-a/raw/cases.jsonl,T3-T2,T3,T2,0,0,0,aa56e3f6a561eea92bcadcd64e2bfc990f0544f6dd835da019a83688b7b0b034,03be59953e07139bdd010fb00813bb3ee5c98e8976db84ab3ce0281340c3a2a1
a,146,REACH_PUMP2_WITH_RECHARGE,95c0932ec48e1a06eedbd9ae3b86068ccc235358bfc5dbd2e76f69010c40da51,ROUTE_BLOCKED,1,"[""ROUTE_BLOCKED""]","[""UNAVAILABLE""]",false,0,"Reach Pump 2, but recharge first if estimated battery is insufficient.",results/indicative-twin-hierarchy-a/raw/cases.jsonl,T4-T3,T4,T3,0,0,0,16f050ac1085a0eb3b73a5c63e842143b2b189aefbe51f4b55a2fb6be41b7882,aa56e3f6a561eea92bcadcd64e2bfc990f0544f6dd835da019a83688b7b0b034
a,146,REPLAN_ON_RESTRICTION,7e0e4e910be534f16214300cc617fb66e510597a20ce2181cf3889b2fe42a202,ROOM_RESTRICTED,1,"[""ROOM_RESTRICTED""]","[""RESTRICTED""]",false,0,Inspect Valve 7 and replan if a room becomes restricted.,results/indicative-twin-hierarchy-a/raw/cases.jsonl,T3-T2,T3,T2,1,0,1,e46539d018d1c1c06a3ff1bd6e25f24de7e22b6807f105ec5dc9b5cc82e9b9f7,9f99de45569ce83cd826c5a3d244fbd4ce33552e2361e852cc54d029366f574e
a,146,REPLAN_ON_RESTRICTION,7e0e4e910be534f16214300cc617fb66e510597a20ce2181cf3889b2fe42a202,ROOM_RESTRICTED,1,"[""ROOM_RESTRICTED""]","[""RESTRICTED""]",false,0,Inspect Valve 7 and replan if a room becomes restricted.,results/indicative-twin-hierarchy-a/raw/cases.jsonl,T4-T3,T4,T3,1,1,0,b490d9b617078c78f0bc8f021a3a266f2cdc5108eee32c6029251d05f249364e,e46539d018d1c1c06a3ff1bd6e25f24de7e22b6807f105ec5dc9b5cc82e9b9f7
a,146,STORE_CARRIED_TOOL,2e2ca720204ef8fe498f101a8f237b5f1a324bd29b8fec684c569aec87ccf050,ROUTE_BLOCKED,1,"[""ROUTE_BLOCKED""]","[""UNAVAILABLE""]",true,1,Find a safe location for the carried tool.,results/indicative-twin-hierarchy-a/raw/cases.jsonl,T3-T2,T3,T2,1,0,1,12b24315fbe7ad6d6d8a30681991f3ef53d52f23c4354efb6943e68a5e6fa81b,b4c39c9fd7df1601bb5d16d47a9392904e414fd33a536961fc49f9034f1fdaec
a,146,STORE_CARRIED_TOOL,2e2ca720204ef8fe498f101a8f237b5f1a324bd29b8fec684c569aec87ccf050,ROUTE_BLOCKED,1,"[""ROUTE_BLOCKED""]","[""UNAVAILABLE""]",true,1,Find a safe location for the carried tool.,results/indicative-twin-hierarchy-a/raw/cases.jsonl,T4-T3,T4,T3,1,1,0,fb8609fc5ed6d110e69ddec237afa6e7280c23895c8785cca0a38aecef15d516,12b24315fbe7ad6d6d8a30681991f3ef53d52f23c4354efb6943e68a5e6fa81b
a,147,INSPECT_NEAREST_COOLANT,9bcbf19b63bc93a3b10b22d2a5223f9d4dea19c9d18b7cffc1bf74ba4a66bf8b,NONE,0,[],[],true,1,Safely inspect the nearest coolant valve without entering a restricted room.,results/indicative-twin-hierarchy-a/raw/cases.jsonl,T3-T2,T3,T2,1,1,0,720c0935129d1854916915e4d2489ad72246df72a9dc3df23c55dde75f5dcb44,8f330f1e79ee2473a8846e8a30ce835f48b8d37e233f4aad7f1c6aa685db8431
a,147,INSPECT_NEAREST_COOLANT,9bcbf19b63bc93a3b10b22d2a5223f9d4dea19c9d18b7cffc1bf74ba4a66bf8b,NONE,0,[],[],true,1,Safely inspect the nearest coolant valve without entering a restricted room.,results/indicative-twin-hierarchy-a/raw/cases.jsonl,T4-T3,T4,T3,1,1,0,2aae1a602c2e347ad3b8b3af0ab591a882444e167c3dfef1b9569f5de3d17987,720c0935129d1854916915e4d2489ad72246df72a9dc3df23c55dde75f5dcb44
a,147,INSPECT_VALVE7_WITH_ALTERNATE,1a4627164a1d3552995fc69a525dc578a22d9282cdef56650c4ec9601764a06a,NONE,0,[],[],true,1,"Safely inspect Valve 7; if Door 3 is unavailable, use another route.",results/indicative-twin-hierarchy-a/raw/cases.jsonl,T3-T2,T3,T2,0,0,0,0af3c3ee7a2da31aa559d3db732e261e8f9cc5a63ca154ddd24746bb1a1b2bed,530c83f376267c863ff3faf1025d31f6f908b9923bf4cee8c45256182d201aa8
a,147,INSPECT_VALVE7_WITH_ALTERNATE,1a4627164a1d3552995fc69a525dc578a22d9282cdef56650c4ec9601764a06a,NONE,0,[],[],true,1,"Safely inspect Valve 7; if Door 3 is unavailable, use another route.",results/indicative-twin-hierarchy-a/raw/cases.jsonl,T4-T3,T4,T3,1,0,1,13bc6f6bad8e5969f2cf0f1e3f0353da1c065a84392d9aaccd6a07c3113bac10,0af3c3ee7a2da31aa559d3db732e261e8f9cc5a63ca154ddd24746bb1a1b2bed
a,147,REACH_PUMP2_WITH_RECHARGE,a2eeed3530f1662d35f50690c2c906f8550f5009e819ef84b89c9d49cce61dc2,NONE,0,[],[],false,0,"Reach Pump 2, but recharge first if estimated battery is insufficient.",results/indicative-twin-hierarchy-a/raw/cases.jsonl,T3-T2,T3,T2,1,0,1,0f1485824cf0160df64109cf10c02c8dee1b448407595c740ac16efcd139a34c,43c7d85c9254a5c491285adab8c95dc0bc1ea2bfc0db4d6a9dc48714548d1d05
a,147,REACH_PUMP2_WITH_RECHARGE,a2eeed3530f1662d35f50690c2c906f8550f5009e819ef84b89c9d49cce61dc2,NONE,0,[],[],false,0,"Reach Pump 2, but recharge first if estimated battery is insufficient.",results/indicative-twin-hierarchy-a/raw/cases.jsonl,T4-T3,T4,T3,1,1,0,00098d146f016963f9d4bac9269da5a4c8d266a0bb1f7c3e4b7c7576cfb86498,0f1485824cf0160df64109cf10c02c8dee1b448407595c740ac16efcd139a34c
a,147,REPLAN_ON_RESTRICTION,eb5c3460963807b549a6dbfcb810f512ade1b4feb0155f3e018dc20ffb520a0e,ROOM_RESTRICTED,1,"[""ROOM_RESTRICTED""]","[""RESTRICTED""]",true,1,Safely inspect Valve 7 and replan if a room becomes restricted.,results/indicative-twin-hierarchy-a/raw/cases.jsonl,T3-T2,T3,T2,1,0,1,e289839cc2af524456e2ac6ff1d93c2b910268ad27f416be9763ca58db4be676,3c78b7746f66febb0ff2277907277cd7b5ddcecc25296f3aa096d3089c9b4d42
a,147,REPLAN_ON_RESTRICTION,eb5c3460963807b549a6dbfcb810f512ade1b4feb0155f3e018dc20ffb520a0e,ROOM_RESTRICTED,1,"[""ROOM_RESTRICTED""]","[""RESTRICTED""]",true,1,Safely inspect Valve 7 and replan if a room becomes restricted.,results/indicative-twin-hierarchy-a/raw/cases.jsonl,T4-T3,T4,T3,1,1,0,c03318f60e3936cba7c4e404873e3ba1c8e0a202d153ae82e660ca954758e3a6,e289839cc2af524456e2ac6ff1d93c2b910268ad27f416be9763ca58db4be676
a,147,STORE_CARRIED_TOOL,91bfdb16c1f6e8579c54826dee0595cd726dee1ff3179dad427e7b6f27711c39,NONE,0,[],[],false,0,Find a safe location for the carried tool.,results/indicative-twin-hierarchy-a/raw/cases.jsonl,T3-T2,T3,T2,1,1,0,400b5bfcd58c48e2a19904094d89193a2ae3ebed3882b0501bb4634b26e97730,f6f7df436619c13f650be8a2b204ce5833d03547138f1ad5850e450b430ff560
a,147,STORE_CARRIED_TOOL,91bfdb16c1f6e8579c54826dee0595cd726dee1ff3179dad427e7b6f27711c39,NONE,0,[],[],false,0,Find a safe location for the carried tool.,results/indicative-twin-hierarchy-a/raw/cases.jsonl,T4-T3,T4,T3,1,1,0,1fd4f90af660c93867955b34d3dcde4a377812d6aa49db56e984d810c236f4a5,400b5bfcd58c48e2a19904094d89193a2ae3ebed3882b0501bb4634b26e97730
a,148,INSPECT_NEAREST_COOLANT,009a4ce5caf667e91b2aead104f4f643df12a3fd90ed858f79e7b7c0734612a8,NONE,0,[],[],false,0,Inspect the nearest coolant valve without entering a restricted room.,results/indicative-twin-hierarchy-a/raw/cases.jsonl,T3-T2,T3,T2,0,0,0,3987798e4151d0a67f6bf4ee80e5be43adc5cf116b2607df19fe5ba351afe233,54dd1498995b607c85cbc2f6aa5fe450c6ea177d1645861bb33b6e67a650cf99
a,148,INSPECT_NEAREST_COOLANT,009a4ce5caf667e91b2aead104f4f643df12a3fd90ed858f79e7b7c0734612a8,NONE,0,[],[],false,0,Inspect the nearest coolant valve without entering a restricted room.,results/indicative-twin-hierarchy-a/raw/cases.jsonl,T4-T3,T4,T3,0,0,0,11d035a5d1622463bd04970b31b4b7b20896affb4880cec720f8f3ae500d5478,3987798e4151d0a67f6bf4ee80e5be43adc5cf116b2607df19fe5ba351afe233
a,148,INSPECT_VALVE7_WITH_ALTERNATE,b478ba7909842567f95488f349c7ea8134ea37cf7081612b6dd3ff8f95cc73cb,NONE,0,[],[],true,1,"Inspect Valve 7; if Door 3 is unavailable, use another route.",results/indicative-twin-hierarchy-a/raw/cases.jsonl,T3-T2,T3,T2,1,1,0,78170fb5e761d973a9f9315ffe28d9d79552adf86d84c4870fa9126329c67b64,e37887b6835fbb3dabf6d179a1acc3ea8f243b1f1f4d5d4f23caad59146850b0
a,148,INSPECT_VALVE7_WITH_ALTERNATE,b478ba7909842567f95488f349c7ea8134ea37cf7081612b6dd3ff8f95cc73cb,NONE,0,[],[],true,1,"Inspect Valve 7; if Door 3 is unavailable, use another route.",results/indicative-twin-hierarchy-a/raw/cases.jsonl,T4-T3,T4,T3,1,1,0,fbf4c2f7712f1d1d8dc9913d3c2b59329b4d46b96171400f0fbed6772b1bd293,78170fb5e761d973a9f9315ffe28d9d79552adf86d84c4870fa9126329c67b64
a,148,REACH_PUMP2_WITH_RECHARGE,2bafde692c7ca01e149162c39a8c6dd0f8afc7f9a9fa37492734074861e9dba1,NONE,0,[],[],false,0,"Reach Pump 2, but recharge first if estimated battery is insufficient.",results/indicative-twin-hierarchy-a/raw/cases.jsonl,T3-T2,T3,T2,1,0,1,dcabb6ded99d280d413ebe165156364aa30e4837c788310612f3712b1afb8ab0,967da0adb1f44e57dd084cab3cd70036e0cc6bc2b45184245b42268709248587
a,148,REACH_PUMP2_WITH_RECHARGE,2bafde692c7ca01e149162c39a8c6dd0f8afc7f9a9fa37492734074861e9dba1,NONE,0,[],[],false,0,"Reach Pump 2, but recharge first if estimated battery is insufficient.",results/indicative-twin-hierarchy-a/raw/cases.jsonl,T4-T3,T4,T3,1,1,0,30c8ee464d462ed637c99dfbbc4462e6b4c81181a083e70cecae270888c4a20d,dcabb6ded99d280d413ebe165156364aa30e4837c788310612f3712b1afb8ab0
a,148,REPLAN_ON_RESTRICTION,325352efe7f587c1244dd170999f7d9ecbc18b53d55c4995ccd7684764451e42,ROOM_RESTRICTED,1,"[""ROOM_RESTRICTED""]","[""RESTRICTED""]",false,0,Inspect Valve 7 and replan if a room becomes restricted.,results/indicative-twin-hierarchy-a/raw/cases.jsonl,T3-T2,T3,T2,1,0,1,1534ff9544a4781c24694505af769a4d46fd19942e360d3bd28e3628f485c31c,75b0e682845579c84ab5f35c30861e9192c0482d8e8e711629b440562e9d1b64
a,148,REPLAN_ON_RESTRICTION,325352efe7f587c1244dd170999f7d9ecbc18b53d55c4995ccd7684764451e42,ROOM_RESTRICTED,1,"[""ROOM_RESTRICTED""]","[""RESTRICTED""]",false,0,Inspect Valve 7 and replan if a room becomes restricted.,results/indicative-twin-hierarchy-a/raw/cases.jsonl,T4-T3,T4,T3,1,1,0,98f77f50e787beaa1a7ba3a7ec16195d231f50f3cccd32322f366ad6c30a1765,1534ff9544a4781c24694505af769a4d46fd19942e360d3bd28e3628f485c31c
a,148,STORE_CARRIED_TOOL,effc86a7b8d0e074a145e384dca5be8d5bb40ee5333e545e357941701c534362,ROUTE_BLOCKED,1,"[""ROUTE_BLOCKED""]","[""UNAVAILABLE""]",true,1,Find a safe location for the carried tool.,results/indicative-twin-hierarchy-a/raw/cases.jsonl,T3-T2,T3,T2,0,0,0,1d8f7f1edcefaa0611184a6847f52a4cb1ee85d9b47cfdebc780d4b147169274,1e7afe107a320bcb0ab3873696c9b77729cdb47030daaa04ce8576fed763f950
a,148,STORE_CARRIED_TOOL,effc86a7b8d0e074a145e384dca5be8d5bb40ee5333e545e357941701c534362,ROUTE_BLOCKED,1,"[""ROUTE_BLOCKED""]","[""UNAVAILABLE""]",true,1,Find a safe location for the carried tool.,results/indicative-twin-hierarchy-a/raw/cases.jsonl,T4-T3,T4,T3,0,0,0,c04556d0f73bd7e4b16e309e91a834a448af3ec7e3ab3bb559a4c384027c4f51,1d8f7f1edcefaa0611184a6847f52a4cb1ee85d9b47cfdebc780d4b147169274
a,149,INSPECT_NEAREST_COOLANT,0249a608552f1e0d779fb22839af75cc84fac8c63ba69fd9e7b476a7053076ff,ROUTE_BLOCKED,1,"[""ROUTE_BLOCKED""]","[""UNAVAILABLE""]",true,1,Safely inspect the nearest coolant valve without entering a restricted room.,results/indicative-twin-hierarchy-a/raw/cases.jsonl,T3-T2,T3,T2,1,1,0,155a0dc8711823737145fca18b22fa24155da1857226f7e62edb5f14871edb91,9696ec35fdf165222ec4e88059dd57311958f82e6c89f735b48b3339270a2c05
a,149,INSPECT_NEAREST_COOLANT,0249a608552f1e0d779fb22839af75cc84fac8c63ba69fd9e7b476a7053076ff,ROUTE_BLOCKED,1,"[""ROUTE_BLOCKED""]","[""UNAVAILABLE""]",true,1,Safely inspect the nearest coolant valve without entering a restricted room.,results/indicative-twin-hierarchy-a/raw/cases.jsonl,T4-T3,T4,T3,1,1,0,8d6df8f5021786dea5641f8fa48ac471e41fb29d889294a01673bf821b668562,155a0dc8711823737145fca18b22fa24155da1857226f7e62edb5f14871edb91
a,149,INSPECT_VALVE7_WITH_ALTERNATE,8e43bb0f502ae529616fd13def4e508a35e3c8d16e34a23a4b491be9d0b3d7a6,NONE,0,[],[],false,0,"Safely inspect Valve 7; if Door 3 is unavailable, use another route.",results/indicative-twin-hierarchy-a/raw/cases.jsonl,T3-T2,T3,T2,1,0,1,c7dd06704b0e045c325b03949a72dbd9e0b05fec2650a234859e923bef858dcd,56af5db999f1aa5dd379b44860b49c405ff8be90edc5c5dad04fe017a7da0b6d
a,149,INSPECT_VALVE7_WITH_ALTERNATE,8e43bb0f502ae529616fd13def4e508a35e3c8d16e34a23a4b491be9d0b3d7a6,NONE,0,[],[],false,0,"Safely inspect Valve 7; if Door 3 is unavailable, use another route.",results/indicative-twin-hierarchy-a/raw/cases.jsonl,T4-T3,T4,T3,1,1,0,cba0124a2fed8be747a1a734591bf3a1db9933bdb596f54ba99235b65680856d,c7dd06704b0e045c325b03949a72dbd9e0b05fec2650a234859e923bef858dcd
a,149,REACH_PUMP2_WITH_RECHARGE,34f8cc75bb0f47b7d1607ce8cc055a718d29b00c2c29ef1c99dfd07101690a9d,ROUTE_BLOCKED,1,"[""ROUTE_BLOCKED""]","[""UNAVAILABLE""]",false,0,"Reach Pump 2, but recharge first if estimated battery is insufficient.",results/indicative-twin-hierarchy-a/raw/cases.jsonl,T3-T2,T3,T2,1,1,0,6180ed9e662604ca6eab4acffe5fcdfcb1502057bafb51263fa5b33756025a3e,a4e17188034abe449cfca4fd8f1fa0b745bb7cfc288cc9b02a28f95db192eb88
a,149,REACH_PUMP2_WITH_RECHARGE,34f8cc75bb0f47b7d1607ce8cc055a718d29b00c2c29ef1c99dfd07101690a9d,ROUTE_BLOCKED,1,"[""ROUTE_BLOCKED""]","[""UNAVAILABLE""]",false,0,"Reach Pump 2, but recharge first if estimated battery is insufficient.",results/indicative-twin-hierarchy-a/raw/cases.jsonl,T4-T3,T4,T3,1,1,0,02902fb99ccd86f692a7cc61cf81a2f2820cd21ecbf5d01669db2219daa3aa83,6180ed9e662604ca6eab4acffe5fcdfcb1502057bafb51263fa5b33756025a3e
a,149,REPLAN_ON_RESTRICTION,e104cbe961885d7785140bd00d146616d30ecd80b772988939a7dce626c6b080,ROOM_RESTRICTED,1,"[""ROOM_RESTRICTED""]","[""RESTRICTED""]",false,0,Safely inspect Valve 7 and replan if a room becomes restricted.,results/indicative-twin-hierarchy-a/raw/cases.jsonl,T3-T2,T3,T2,1,0,1,46786ee3f872f12b293a481c525e5e84c4d2096e4c746216c2aa99bbda0fe559,92d3359d9ba924b695437bc68fa91d44fe0844c3b3d862065df476d115a70ca5
a,149,REPLAN_ON_RESTRICTION,e104cbe961885d7785140bd00d146616d30ecd80b772988939a7dce626c6b080,ROOM_RESTRICTED,1,"[""ROOM_RESTRICTED""]","[""RESTRICTED""]",false,0,Safely inspect Valve 7 and replan if a room becomes restricted.,results/indicative-twin-hierarchy-a/raw/cases.jsonl,T4-T3,T4,T3,1,1,0,e78c874904fd66beace8d3da615e201cd7283c820dadc6537e172be4fe907c64,46786ee3f872f12b293a481c525e5e84c4d2096e4c746216c2aa99bbda0fe559
a,149,STORE_CARRIED_TOOL,5d1ef9307c685936f89b9d387bba4fc2d013e3fb627a2ad8f8011174876e303e,ROUTE_BLOCKED,1,"[""ROUTE_BLOCKED""]","[""UNAVAILABLE""]",false,0,Find a safe location for the carried tool.,results/indicative-twin-hierarchy-a/raw/cases.jsonl,T3-T2,T3,T2,1,1,0,5139c425b316ce67db8645b7fce813124bd9c67868a29815a6e4effb587fd25a,2df38243e917b28032be45e8089d6bd9b5796b16bc6376586cda70d6df700fa4
a,149,STORE_CARRIED_TOOL,5d1ef9307c685936f89b9d387bba4fc2d013e3fb627a2ad8f8011174876e303e,ROUTE_BLOCKED,1,"[""ROUTE_BLOCKED""]","[""UNAVAILABLE""]",false,0,Find a safe location for the carried tool.,results/indicative-twin-hierarchy-a/raw/cases.jsonl,T4-T3,T4,T3,1,1,0,533a5b667d28c463442fd936c5d4b4e427952628ef0b99fd585332e58996844c,5139c425b316ce67db8645b7fce813124bd9c67868a29815a6e4effb587fd25a
a,150,INSPECT_NEAREST_COOLANT,725b847d34c56136ab7c137b0413bb2a9d6b912c3ef0d33b6a26987576ac0b70,INSTRUCTION_CHANGED+ROUTE_BLOCKED,2,"[""ROUTE_BLOCKED"",""INSTRUCTION_CHANGED""]","[""UNAVAILABLE"",""AVOID_ROOM:ElectricalRoom""]",true,1,Inspect the nearest coolant valve without entering a restricted room.,results/indicative-twin-hierarchy-a/raw/cases.jsonl,T3-T2,T3,T2,1,1,0,9bfb6f664244de7481dd7f263ad0e92bbc3d2962286e78020983a08b85b13565,19b55d536703f3f59c69fdceba18600500d5f771edd5319b157e7033d99aa3fb
a,150,INSPECT_NEAREST_COOLANT,725b847d34c56136ab7c137b0413bb2a9d6b912c3ef0d33b6a26987576ac0b70,INSTRUCTION_CHANGED+ROUTE_BLOCKED,2,"[""ROUTE_BLOCKED"",""INSTRUCTION_CHANGED""]","[""UNAVAILABLE"",""AVOID_ROOM:ElectricalRoom""]",true,1,Inspect the nearest coolant valve without entering a restricted room.,results/indicative-twin-hierarchy-a/raw/cases.jsonl,T4-T3,T4,T3,1,1,0,a5b23dc4728d06e21fc367af45ce8b739286e3ac7dd6f78b3b2e75b0f4f98385,9bfb6f664244de7481dd7f263ad0e92bbc3d2962286e78020983a08b85b13565
a,150,INSPECT_VALVE7_WITH_ALTERNATE,19c906e92e7d0bf2fcd8b5e88a8c63634dbe18fdd7c5bfcd28f2a94d2fe09559,INSTRUCTION_CHANGED,1,"[""INSTRUCTION_CHANGED""]","[""AVOID_ROOM:ElectricalRoom""]",true,1,"Inspect Valve 7; if Door 3 is unavailable, use another route.",results/indicative-twin-hierarchy-a/raw/cases.jsonl,T3-T2,T3,T2,0,0,0,4c195411b646012fc059a882b920564242c404d5df0f5e665fcfdd4dbee22b7f,6957bf601e3f5ff41b560c441577c06edc23607cfb39bb2055c9cdd4cd66abf5
a,150,INSPECT_VALVE7_WITH_ALTERNATE,19c906e92e7d0bf2fcd8b5e88a8c63634dbe18fdd7c5bfcd28f2a94d2fe09559,INSTRUCTION_CHANGED,1,"[""INSTRUCTION_CHANGED""]","[""AVOID_ROOM:ElectricalRoom""]",true,1,"Inspect Valve 7; if Door 3 is unavailable, use another route.",results/indicative-twin-hierarchy-a/raw/cases.jsonl,T4-T3,T4,T3,0,0,0,b380f63035d06e985f2fc13450eccf425e6a8c882654990d6c9ea3bc90e0bcea,4c195411b646012fc059a882b920564242c404d5df0f5e665fcfdd4dbee22b7f
a,150,REACH_PUMP2_WITH_RECHARGE,f5e36493b80e765621c1930baad35b815bca8ac8a1727eb058eabc142c0b6369,INSTRUCTION_CHANGED,1,"[""INSTRUCTION_CHANGED""]","[""AVOID_ROOM:ElectricalRoom""]",true,1,"Reach Pump 2, but recharge first if estimated battery is insufficient.",results/indicative-twin-hierarchy-a/raw/cases.jsonl,T3-T2,T3,T2,1,1,0,d5bdf07b45439077cc51d0aae4561a59635e546be7316f7e26c4bb7ad2084dcb,8ebac15ba5976846997ad63ff3a1694b71b565fb08d692d7cbc99ed5cb31f483
a,150,REACH_PUMP2_WITH_RECHARGE,f5e36493b80e765621c1930baad35b815bca8ac8a1727eb058eabc142c0b6369,INSTRUCTION_CHANGED,1,"[""INSTRUCTION_CHANGED""]","[""AVOID_ROOM:ElectricalRoom""]",true,1,"Reach Pump 2, but recharge first if estimated battery is insufficient.",results/indicative-twin-hierarchy-a/raw/cases.jsonl,T4-T3,T4,T3,1,1,0,2a8bb9795e8deadd2921c699a33379baf2e5a1384a38ae810d57840b810c0be6,d5bdf07b45439077cc51d0aae4561a59635e546be7316f7e26c4bb7ad2084dcb
a,150,REPLAN_ON_RESTRICTION,dae22c6ec7fb191da400d297c0fde345e809bf06262c88ace284b0f3bf9ff327,INSTRUCTION_CHANGED+ROOM_RESTRICTED,2,"[""INSTRUCTION_CHANGED"",""ROOM_RESTRICTED""]","[""AVOID_ROOM:ElectricalRoom"",""RESTRICTED""]",true,2,Inspect Valve 7 and replan if a room becomes restricted.,results/indicative-twin-hierarchy-a/raw/cases.jsonl,T3-T2,T3,T2,0,0,0,76f79bf9a50ed523c1db7720be970d784010e0fd6cb966a09bd4edb570fe2c3b,daa22a1d08fff7264dabad081b5c6af2a3429e1b119c371d62594aee5f987a1c
a,150,REPLAN_ON_RESTRICTION,dae22c6ec7fb191da400d297c0fde345e809bf06262c88ace284b0f3bf9ff327,INSTRUCTION_CHANGED+ROOM_RESTRICTED,2,"[""INSTRUCTION_CHANGED"",""ROOM_RESTRICTED""]","[""AVOID_ROOM:ElectricalRoom"",""RESTRICTED""]",true,2,Inspect Valve 7 and replan if a room becomes restricted.,results/indicative-twin-hierarchy-a/raw/cases.jsonl,T4-T3,T4,T3,0,0,0,1055f499486adb61a7e421c9da317ca0cdd8446b79cf388ecf350646c7e54481,76f79bf9a50ed523c1db7720be970d784010e0fd6cb966a09bd4edb570fe2c3b
a,150,STORE_CARRIED_TOOL,ca64063bac66c74cf4711fbe58a22a4652a3bd945849574b7f518dc4e6ad750a,INSTRUCTION_CHANGED,1,"[""INSTRUCTION_CHANGED""]","[""AVOID_ROOM:ElectricalRoom""]",true,2,Find a safe location for the carried tool.,results/indicative-twin-hierarchy-a/raw/cases.jsonl,T3-T2,T3,T2,0,0,0,bec4cf9bec0ee7e497638b1f90bd731e3a44984520ec050795c2e356bc3d087f,e44ed1869a314afcce4c4431929ad769dd87b382440249497758cbdb28e869a7
a,150,STORE_CARRIED_TOOL,ca64063bac66c74cf4711fbe58a22a4652a3bd945849574b7f518dc4e6ad750a,INSTRUCTION_CHANGED,1,"[""INSTRUCTION_CHANGED""]","[""AVOID_ROOM:ElectricalRoom""]",true,2,Find a safe location for the carried tool.,results/indicative-twin-hierarchy-a/raw/cases.jsonl,T4-T3,T4,T3,0,0,0,a8d9add06018692a6c4eeb39c0ef64e898d9adfa4c73945ed36b64c2f365c499,bec4cf9bec0ee7e497638b1f90bd731e3a44984520ec050795c2e356bc3d087f
a,151,INSPECT_NEAREST_COOLANT,a87ec596788da7886cb91cef15158eab244f1b7f46996154dcabed8193474b44,NONE,0,[],[],true,1,Safely inspect the nearest coolant valve without entering a restricted room.,results/indicative-twin-hierarchy-a/raw/cases.jsonl,T3-T2,T3,T2,0,0,0,f715fbd93f4d6645b22568562786c7e96f600386cab60c85398779aa524b11fc,c7d1f0e74d64c178339eb498c6b2c064d8479ef4157faab955279a2bf69e779a
a,151,INSPECT_NEAREST_COOLANT,a87ec596788da7886cb91cef15158eab244f1b7f46996154dcabed8193474b44,NONE,0,[],[],true,1,Safely inspect the nearest coolant valve without entering a restricted room.,results/indicative-twin-hierarchy-a/raw/cases.jsonl,T4-T3,T4,T3,0,0,0,1e75373a61aa3f0812e161ef4552da12500b9799d3d848ef45fa49e8e84d550a,f715fbd93f4d6645b22568562786c7e96f600386cab60c85398779aa524b11fc
a,151,INSPECT_VALVE7_WITH_ALTERNATE,b918c7e80f7a032529c1a1f6cc2bcf49d23c6d9132afbffa525905e4eda1cec2,NONE,0,[],[],true,1,"Safely inspect Valve 7; if Door 3 is unavailable, use another route.",results/indicative-twin-hierarchy-a/raw/cases.jsonl,T3-T2,T3,T2,1,0,1,8fb6e94ea7a198275c2721b21547e6e328a079a212fe49f523a5d9d54f7812be,b47c95b9cf711d79563305e0cbac8a214b7d59217adb1df1acb23695e97356f8
a,151,INSPECT_VALVE7_WITH_ALTERNATE,b918c7e80f7a032529c1a1f6cc2bcf49d23c6d9132afbffa525905e4eda1cec2,NONE,0,[],[],true,1,"Safely inspect Valve 7; if Door 3 is unavailable, use another route.",results/indicative-twin-hierarchy-a/raw/cases.jsonl,T4-T3,T4,T3,1,1,0,dbad5faf2a26988d4220be54dcfaedf488b8ba04ee7eb112adb9c7777b6c28b2,8fb6e94ea7a198275c2721b21547e6e328a079a212fe49f523a5d9d54f7812be
a,151,REACH_PUMP2_WITH_RECHARGE,5f8209f71f34a07e0c291ef4d2fed591e717892303f7e9a9db84a93761e9dc52,NONE,0,[],[],true,1,"Reach Pump 2, but recharge first if estimated battery is insufficient.",results/indicative-twin-hierarchy-a/raw/cases.jsonl,T3-T2,T3,T2,1,1,0,f5e83fa00a45b93232b4ce5dab6bba7f3295f295b50a136cda44b02453078b28,18d4b53cb154704bb69706909f2355157e17dda308ae18745d5ea44167c514f8
a,151,REACH_PUMP2_WITH_RECHARGE,5f8209f71f34a07e0c291ef4d2fed591e717892303f7e9a9db84a93761e9dc52,NONE,0,[],[],true,1,"Reach Pump 2, but recharge first if estimated battery is insufficient.",results/indicative-twin-hierarchy-a/raw/cases.jsonl,T4-T3,T4,T3,1,1,0,0bb37050c8b85d1b28f3ae0038f4184c0d80eda7887b948a9d6bf232f9463347,f5e83fa00a45b93232b4ce5dab6bba7f3295f295b50a136cda44b02453078b28
a,151,REPLAN_ON_RESTRICTION,6c048e21c9267412ac5db6fe35d93236e90dd3fe062f85e524f2c7026b01a629,ROOM_RESTRICTED+ROUTE_BLOCKED,2,"[""ROUTE_BLOCKED"",""ROOM_RESTRICTED""]","[""UNAVAILABLE"",""RESTRICTED""]",true,1,Safely inspect Valve 7 and replan if a room becomes restricted.,results/indicative-twin-hierarchy-a/raw/cases.jsonl,T3-T2,T3,T2,1,0,1,6ef6b2516ad49194a279171918cf5fb8e199ec1e3475a6d1adb6590e2d01f40c,c30637768db9f8fc6e67312a227b942173ee2a1a9c2930abfaedeeafa512796e
a,151,REPLAN_ON_RESTRICTION,6c048e21c9267412ac5db6fe35d93236e90dd3fe062f85e524f2c7026b01a629,ROOM_RESTRICTED+ROUTE_BLOCKED,2,"[""ROUTE_BLOCKED"",""ROOM_RESTRICTED""]","[""UNAVAILABLE"",""RESTRICTED""]",true,1,Safely inspect Valve 7 and replan if a room becomes restricted.,results/indicative-twin-hierarchy-a/raw/cases.jsonl,T4-T3,T4,T3,1,1,0,977537e8c40918c92f2e9cedc29575c66b0b50ad873aa728d8010d3921a35a60,6ef6b2516ad49194a279171918cf5fb8e199ec1e3475a6d1adb6590e2d01f40c
a,151,STORE_CARRIED_TOOL,65ad2e2c443450617485b024d25953382bf49f5f9a651a482d1045b2c66a772d,NONE,0,[],[],false,0,Find a safe location for the carried tool.,results/indicative-twin-hierarchy-a/raw/cases.jsonl,T3-T2,T3,T2,1,1,0,21633e7f2ed472accc5f94dcb155ae616be9fba5c9cafe5338f080c12f484f11,550ac58d9caa96df9bff0b6102ee60c8707f7ad51c5c702f31f7f2c15b960f52
a,151,STORE_CARRIED_TOOL,65ad2e2c443450617485b024d25953382bf49f5f9a651a482d1045b2c66a772d,NONE,0,[],[],false,0,Find a safe location for the carried tool.,results/indicative-twin-hierarchy-a/raw/cases.jsonl,T4-T3,T4,T3,1,1,0,3aa6ef5b1e9f53918b1f4561f93ec6bf560aba0ffeb2d937930b24ebd5096a34,21633e7f2ed472accc5f94dcb155ae616be9fba5c9cafe5338f080c12f484f11
a,152,INSPECT_NEAREST_COOLANT,55325b0c5103e8df8d47b1e863f209c9c8ced455cc4c0abc90ae9e5ec46eaa7f,ROUTE_BLOCKED,1,"[""ROUTE_BLOCKED""]","[""UNAVAILABLE""]",true,1,Inspect the nearest coolant valve without entering a restricted room.,results/indicative-twin-hierarchy-a/raw/cases.jsonl,T3-T2,T3,T2,1,0,1,dcd8302caa6826ad9328ee2131f7e377fb51a70d3973c2f38583544aa9bdbed4,b2eeeefd793c359767277319e3aa5f27933b0b02f933970b07ad32e3e9b3fcbb
a,152,INSPECT_NEAREST_COOLANT,55325b0c5103e8df8d47b1e863f209c9c8ced455cc4c0abc90ae9e5ec46eaa7f,ROUTE_BLOCKED,1,"[""ROUTE_BLOCKED""]","[""UNAVAILABLE""]",true,1,Inspect the nearest coolant valve without entering a restricted room.,results/indicative-twin-hierarchy-a/raw/cases.jsonl,T4-T3,T4,T3,1,1,0,76cfc11cd8e9ad51857a25996fde181e44449569831d9f9d91b432fbd92d2a41,dcd8302caa6826ad9328ee2131f7e377fb51a70d3973c2f38583544aa9bdbed4
a,152,INSPECT_VALVE7_WITH_ALTERNATE,9fa1c19e82076df4a36ceef17ba92f34822a097aa8c4c82763d5f085b78df29c,NONE,0,[],[],true,1,"Inspect Valve 7; if Door 3 is unavailable, use another route.",results/indicative-twin-hierarchy-a/raw/cases.jsonl,T3-T2,T3,T2,1,1,0,7e12c51d2c4b861ee1eeb737c2ddaae237a6ab0b0c3a746e3ed41950991f4ee8,85027a6a2c840d69c73cc7ceb623b6e2f48c1d489d9dc87e0f7ff42293cf248b
a,152,INSPECT_VALVE7_WITH_ALTERNATE,9fa1c19e82076df4a36ceef17ba92f34822a097aa8c4c82763d5f085b78df29c,NONE,0,[],[],true,1,"Inspect Valve 7; if Door 3 is unavailable, use another route.",results/indicative-twin-hierarchy-a/raw/cases.jsonl,T4-T3,T4,T3,1,1,0,c6314ab247817cf5b71760d7e13b6d2dabfffa49862df82ee27f8f307104eb83,7e12c51d2c4b861ee1eeb737c2ddaae237a6ab0b0c3a746e3ed41950991f4ee8
a,152,REACH_PUMP2_WITH_RECHARGE,ea624aa7faad0fed3b267791b6e5d71836b0f4b749891d04549df0238a304d93,NONE,0,[],[],false,0,"Reach Pump 2, but recharge first if estimated battery is insufficient.",results/indicative-twin-hierarchy-a/raw/cases.jsonl,T3-T2,T3,T2,1,0,1,e199d020575d970c00328e0a316c0905edd10171ec750860e5b6397d67f21ea2,83074594085f47e1ac9893351dbb9bd778789e783b62ce32e5ba5bddf80561c4
a,152,REACH_PUMP2_WITH_RECHARGE,ea624aa7faad0fed3b267791b6e5d71836b0f4b749891d04549df0238a304d93,NONE,0,[],[],false,0,"Reach Pump 2, but recharge first if estimated battery is insufficient.",results/indicative-twin-hierarchy-a/raw/cases.jsonl,T4-T3,T4,T3,1,1,0,f83ffea0af3fb96eac26f22bb910ef108bc3661f99d9bab72e0c8927cc976ce4,e199d020575d970c00328e0a316c0905edd10171ec750860e5b6397d67f21ea2
a,152,REPLAN_ON_RESTRICTION,c112b22a83797c5902871d1593cde60d7e1cca950427f8f580d0b9c054722bdc,ROOM_RESTRICTED+ROUTE_BLOCKED,2,"[""ROUTE_BLOCKED"",""ROOM_RESTRICTED""]","[""UNAVAILABLE"",""RESTRICTED""]",true,1,Inspect Valve 7 and replan if a room becomes restricted.,results/indicative-twin-hierarchy-a/raw/cases.jsonl,T3-T2,T3,T2,1,0,1,2dbdc1fd47a0d5170064de2ac90df943aed56c101e26b73a8a18990d4a5063d7,37cc03425176fa7976f5e8a40083d8d48e11fa9fcdfd1641e4e33c4312cf7494
a,152,REPLAN_ON_RESTRICTION,c112b22a83797c5902871d1593cde60d7e1cca950427f8f580d0b9c054722bdc,ROOM_RESTRICTED+ROUTE_BLOCKED,2,"[""ROUTE_BLOCKED"",""ROOM_RESTRICTED""]","[""UNAVAILABLE"",""RESTRICTED""]",true,1,Inspect Valve 7 and replan if a room becomes restricted.,results/indicative-twin-hierarchy-a/raw/cases.jsonl,T4-T3,T4,T3,1,1,0,eba659e0f1f9729acef029506a7054244d21dbd04ce8080265418c42e5cf4c89,2dbdc1fd47a0d5170064de2ac90df943aed56c101e26b73a8a18990d4a5063d7
a,152,STORE_CARRIED_TOOL,7a28bcea75b981922e75152666c07776a3691441fd34924102b75c3b09f850f3,NONE,0,[],[],false,0,Find a safe location for the carried tool.,results/indicative-twin-hierarchy-a/raw/cases.jsonl,T3-T2,T3,T2,1,1,0,f6df7de51eb1d34926c8aa5163b7b3c49c4898602c117570f65e084e8d5e88cb,baff8a379c958e96be7c8bd93058075780c38b7bc153dc25fe81067cb111fb81
a,152,STORE_CARRIED_TOOL,7a28bcea75b981922e75152666c07776a3691441fd34924102b75c3b09f850f3,NONE,0,[],[],false,0,Find a safe location for the carried tool.,results/indicative-twin-hierarchy-a/raw/cases.jsonl,T4-T3,T4,T3,1,1,0,65305b6febca2460b0600996052761d967038347047b76a84ed1434be8f67ace,f6df7de51eb1d34926c8aa5163b7b3c49c4898602c117570f65e084e8d5e88cb
a,153,INSPECT_NEAREST_COOLANT,d54cae4847f4049248d7299550228fb2d85cc86598c78963c3e6cd6ccabf4f3b,NONE,0,[],[],false,0,Safely inspect the nearest coolant valve without entering a restricted room.,results/indicative-twin-hierarchy-a/raw/cases.jsonl,T3-T2,T3,T2,1,1,0,e048ba0f33a00ed31065b890ed499f9022e47945dc06b0a63639aa4145f690c3,294f54ab9822ee4bf80ebd1d8fa67d3bb05af6c717eab405bd5c8511cf6ed88a
a,153,INSPECT_NEAREST_COOLANT,d54cae4847f4049248d7299550228fb2d85cc86598c78963c3e6cd6ccabf4f3b,NONE,0,[],[],false,0,Safely inspect the nearest coolant valve without entering a restricted room.,results/indicative-twin-hierarchy-a/raw/cases.jsonl,T4-T3,T4,T3,1,1,0,75b032f02c51f95265659d2ef93a59fc1a41b67c213b86df07eba2ac41dc4759,e048ba0f33a00ed31065b890ed499f9022e47945dc06b0a63639aa4145f690c3
a,153,INSPECT_VALVE7_WITH_ALTERNATE,dbb0ea0e582d85fd2c2b01870550e0da8420283f7cc3d84cfc851519b145b51a,NONE,0,[],[],true,1,"Safely inspect Valve 7; if Door 3 is unavailable, use another route.",results/indicative-twin-hierarchy-a/raw/cases.jsonl,T3-T2,T3,T2,0,0,0,280ed7c85d4bb7ad79f1101719a7dc71e21b670ec30a5372e33707a8afa24b3b,e2512128e685ea6078e8366e2a64ead246967c0f9d6440909a51bfab67f63dd3
a,153,INSPECT_VALVE7_WITH_ALTERNATE,dbb0ea0e582d85fd2c2b01870550e0da8420283f7cc3d84cfc851519b145b51a,NONE,0,[],[],true,1,"Safely inspect Valve 7; if Door 3 is unavailable, use another route.",results/indicative-twin-hierarchy-a/raw/cases.jsonl,T4-T3,T4,T3,1,0,1,721a8ebfd63d97bfc16eb53b3756cd9b24ae385634504e0ab8f940a4c3c7760e,280ed7c85d4bb7ad79f1101719a7dc71e21b670ec30a5372e33707a8afa24b3b
a,153,REACH_PUMP2_WITH_RECHARGE,49cd3ec8c69560d6bd44d2e6fb4a1e3c6e8fbead3c47b6b004465c2085c5ddd3,NONE,0,[],[],true,2,"Reach Pump 2, but recharge first if estimated battery is insufficient.",results/indicative-twin-hierarchy-a/raw/cases.jsonl,T3-T2,T3,T2,1,0,1,4440b817f90f69686d83b0dce74ff899e55eff9a50ff87f97b235c0f61c6c42e,f349d6e103056a49403b08e4cb83f99d22b903e33ce6c5b5d40e605012891969
a,153,REACH_PUMP2_WITH_RECHARGE,49cd3ec8c69560d6bd44d2e6fb4a1e3c6e8fbead3c47b6b004465c2085c5ddd3,NONE,0,[],[],true,2,"Reach Pump 2, but recharge first if estimated battery is insufficient.",results/indicative-twin-hierarchy-a/raw/cases.jsonl,T4-T3,T4,T3,1,1,0,9d38fefeb76aa9407754a185098aed223618d8ca12f5cc2009a90ae23e847252,4440b817f90f69686d83b0dce74ff899e55eff9a50ff87f97b235c0f61c6c42e
a,153,REPLAN_ON_RESTRICTION,3f7d48c2a67bce936832bea4eb70b995d73bfbec2e555da50f755d07decc4d01,ROOM_RESTRICTED,1,"[""ROOM_RESTRICTED""]","[""RESTRICTED""]",true,1,Safely inspect Valve 7 and replan if a room becomes restricted.,results/indicative-twin-hierarchy-a/raw/cases.jsonl,T3-T2,T3,T2,1,0,1,02a36a96287bde34e1bde6fcd21f31b2a075ba2a0133234f1333787d67d37b27,0868d3109cc9823a20344fa06c7e485ce9d972f54bf3fb4a0e8be698f5640b75
a,153,REPLAN_ON_RESTRICTION,3f7d48c2a67bce936832bea4eb70b995d73bfbec2e555da50f755d07decc4d01,ROOM_RESTRICTED,1,"[""ROOM_RESTRICTED""]","[""RESTRICTED""]",true,1,Safely inspect Valve 7 and replan if a room becomes restricted.,results/indicative-twin-hierarchy-a/raw/cases.jsonl,T4-T3,T4,T3,1,1,0,b3c491e642335425bc862f4d88406d557489fed1c65b5acd3f1b6cb14df58b1b,02a36a96287bde34e1bde6fcd21f31b2a075ba2a0133234f1333787d67d37b27
a,153,STORE_CARRIED_TOOL,859615fcae7b629dc17e1e2f934c30f7d59585ff8d2760c0e68893adcd08f931,NONE,0,[],[],true,1,Find a safe location for the carried tool.,results/indicative-twin-hierarchy-a/raw/cases.jsonl,T3-T2,T3,T2,1,1,0,e1e2769da3509a915c2d8bcd8d29700306acdcb0f24a480263174044863eb96f,b6ed3d6ce72dd77eea342b04b8c36653c93f1e522952ea8e16ca2c4ef9d0db02
a,153,STORE_CARRIED_TOOL,859615fcae7b629dc17e1e2f934c30f7d59585ff8d2760c0e68893adcd08f931,NONE,0,[],[],true,1,Find a safe location for the carried tool.,results/indicative-twin-hierarchy-a/raw/cases.jsonl,T4-T3,T4,T3,1,1,0,014604ad2aaa5db6859cef0becce9b4c24f4b04ca830a11f8d8d27ac2fc9eb93,e1e2769da3509a915c2d8bcd8d29700306acdcb0f24a480263174044863eb96f
a,154,INSPECT_NEAREST_COOLANT,fd22b0b0eb20384042023b151da9986781df088bb4af63506062eacfc90e83cd,NONE,0,[],[],false,0,Inspect the nearest coolant valve without entering a restricted room.,results/indicative-twin-hierarchy-a/raw/cases.jsonl,T3-T2,T3,T2,1,1,0,eb3a83f2cefcc388bf77f4f0834dd6c79a800b8c8e4450bb82d8f82b33260cb9,c376bdb7c9d8713aba753f404b3452711f01bd7c5e95fd918c34390608911526
a,154,INSPECT_NEAREST_COOLANT,fd22b0b0eb20384042023b151da9986781df088bb4af63506062eacfc90e83cd,NONE,0,[],[],false,0,Inspect the nearest coolant valve without entering a restricted room.,results/indicative-twin-hierarchy-a/raw/cases.jsonl,T4-T3,T4,T3,1,1,0,f82e1f546f91015510968baaf095bb883209b1d2d7fbd87a57b8a1d7db0a03bc,eb3a83f2cefcc388bf77f4f0834dd6c79a800b8c8e4450bb82d8f82b33260cb9
a,154,INSPECT_VALVE7_WITH_ALTERNATE,00894c022f6d83a78154010a585d96584633a01256c196226ea297eeaa4092cf,NONE,0,[],[],true,1,"Inspect Valve 7; if Door 3 is unavailable, use another route.",results/indicative-twin-hierarchy-a/raw/cases.jsonl,T3-T2,T3,T2,1,0,1,cd0e4ec9d3b75bcddffc0ac490f769908a6ba5ad91c4f0e9ca55e8b18ccfcd26,85a792ffda7023847d4ca742e6edf3755c62f12c4810cd6ceec7cf12cc524ee6
a,154,INSPECT_VALVE7_WITH_ALTERNATE,00894c022f6d83a78154010a585d96584633a01256c196226ea297eeaa4092cf,NONE,0,[],[],true,1,"Inspect Valve 7; if Door 3 is unavailable, use another route.",results/indicative-twin-hierarchy-a/raw/cases.jsonl,T4-T3,T4,T3,1,1,0,cb73631180d01eea3d323c068810b5da8b7076805098c070a7059d9afdad1f3a,cd0e4ec9d3b75bcddffc0ac490f769908a6ba5ad91c4f0e9ca55e8b18ccfcd26
a,154,REACH_PUMP2_WITH_RECHARGE,b534a36765a5d878ba15a48f56a8e0ebec679dbf8911ac4f77af1baeef745723,NONE,0,[],[],true,1,"Reach Pump 2, but recharge first if estimated battery is insufficient.",results/indicative-twin-hierarchy-a/raw/cases.jsonl,T3-T2,T3,T2,0,0,0,267e98e516dc8fe1d536e48191dbfdb1a23688e3e4ccb761341f644f7e1425ba,9dd08385d3a902b566aef26e4c5ce741f60e544cac6788b9c6d51ebf4c20e6ae
a,154,REACH_PUMP2_WITH_RECHARGE,b534a36765a5d878ba15a48f56a8e0ebec679dbf8911ac4f77af1baeef745723,NONE,0,[],[],true,1,"Reach Pump 2, but recharge first if estimated battery is insufficient.",results/indicative-twin-hierarchy-a/raw/cases.jsonl,T4-T3,T4,T3,0,0,0,9d9daf6307bb044f708e63f169ad6e7b65d0475cba05ab6a92261b9464be08ac,267e98e516dc8fe1d536e48191dbfdb1a23688e3e4ccb761341f644f7e1425ba
a,154,REPLAN_ON_RESTRICTION,bafdd6b0f5af063a0b549a52e6bd435b09ea05397fe66f8e15e6a4773fd8b7c0,ROOM_RESTRICTED+ROUTE_BLOCKED,2,"[""ROUTE_BLOCKED"",""ROOM_RESTRICTED""]","[""UNAVAILABLE"",""RESTRICTED""]",true,1,Inspect Valve 7 and replan if a room becomes restricted.,results/indicative-twin-hierarchy-a/raw/cases.jsonl,T3-T2,T3,T2,1,0,1,9c7b0521544392423b8d10396a2e4dd33a8aa5a19b8332ff8868ec03d6ff5d7b,e9d05eef2720ea70d54ccd57a6871af49626a6702f22db88b27f9b7eb57e2dc1
a,154,REPLAN_ON_RESTRICTION,bafdd6b0f5af063a0b549a52e6bd435b09ea05397fe66f8e15e6a4773fd8b7c0,ROOM_RESTRICTED+ROUTE_BLOCKED,2,"[""ROUTE_BLOCKED"",""ROOM_RESTRICTED""]","[""UNAVAILABLE"",""RESTRICTED""]",true,1,Inspect Valve 7 and replan if a room becomes restricted.,results/indicative-twin-hierarchy-a/raw/cases.jsonl,T4-T3,T4,T3,1,1,0,f99d07f41ce1afe3cb5561997df07a64edb0f4c543ed0294074062cbb47327f0,9c7b0521544392423b8d10396a2e4dd33a8aa5a19b8332ff8868ec03d6ff5d7b
a,154,STORE_CARRIED_TOOL,d26eb31b60f8d2223f4c7c784c1365ac75c4622b7b8661938a91fc9177c6bcdd,ROUTE_BLOCKED,1,"[""ROUTE_BLOCKED""]","[""UNAVAILABLE""]",false,0,Find a safe location for the carried tool.,results/indicative-twin-hierarchy-a/raw/cases.jsonl,T3-T2,T3,T2,1,1,0,7c3ae76af222669503d9d6750e000fd4bc26474a2c5b48914938cc8da977532f,735b5dbb05524c43c1ec0b25dc9b016b39761cf792f4b2ff77f853b15c86ee85
a,154,STORE_CARRIED_TOOL,d26eb31b60f8d2223f4c7c784c1365ac75c4622b7b8661938a91fc9177c6bcdd,ROUTE_BLOCKED,1,"[""ROUTE_BLOCKED""]","[""UNAVAILABLE""]",false,0,Find a safe location for the carried tool.,results/indicative-twin-hierarchy-a/raw/cases.jsonl,T4-T3,T4,T3,1,1,0,93b2d4cd1b74360003f6bd9a002f9829d80e0d52401d014b25c13648c2ac1236,7c3ae76af222669503d9d6750e000fd4bc26474a2c5b48914938cc8da977532f
a,155,INSPECT_NEAREST_COOLANT,a24583dc6de47d32d1873d02d8567bf13c673b870925fd4ce7bb9d6386a28a24,INSTRUCTION_CHANGED,1,"[""INSTRUCTION_CHANGED""]","[""AVOID_ROOM:ElectricalRoom""]",true,1,Safely inspect the nearest coolant valve without entering a restricted room.,results/indicative-twin-hierarchy-a/raw/cases.jsonl,T3-T2,T3,T2,0,0,0,94e2d2bfec9dbef820847d6f1b57c4d63ffb9980e4346dd9b7729ee4ad919cf4,a84c5d5b67dcf082ab5c629702d1129dc06756f6dd3ad72c36212629661fc2db
a,155,INSPECT_NEAREST_COOLANT,a24583dc6de47d32d1873d02d8567bf13c673b870925fd4ce7bb9d6386a28a24,INSTRUCTION_CHANGED,1,"[""INSTRUCTION_CHANGED""]","[""AVOID_ROOM:ElectricalRoom""]",true,1,Safely inspect the nearest coolant valve without entering a restricted room.,results/indicative-twin-hierarchy-a/raw/cases.jsonl,T4-T3,T4,T3,0,0,0,ab5f1c98569e19af3d0f9a7f42f5ab4c46abcd70171b94a3fc7cbdeb40df5efd,94e2d2bfec9dbef820847d6f1b57c4d63ffb9980e4346dd9b7729ee4ad919cf4
a,155,INSPECT_VALVE7_WITH_ALTERNATE,03eae336b3666b3619223ff7b2b3e54789bd6c0661c7b2236f13857a6d404a39,INSTRUCTION_CHANGED,1,"[""INSTRUCTION_CHANGED""]","[""AVOID_ROOM:ElectricalRoom""]",true,1,"Safely inspect Valve 7; if Door 3 is unavailable, use another route.",results/indicative-twin-hierarchy-a/raw/cases.jsonl,T3-T2,T3,T2,0,0,0,40d7e376e76e9fc67bd82ee0c9a22601839485be83f4a98aecbb93be8879db48,2956eb782fb89815a3e9ce5fd76363957486d619a5db3b73b342636c615a78e0
a,155,INSPECT_VALVE7_WITH_ALTERNATE,03eae336b3666b3619223ff7b2b3e54789bd6c0661c7b2236f13857a6d404a39,INSTRUCTION_CHANGED,1,"[""INSTRUCTION_CHANGED""]","[""AVOID_ROOM:ElectricalRoom""]",true,1,"Safely inspect Valve 7; if Door 3 is unavailable, use another route.",results/indicative-twin-hierarchy-a/raw/cases.jsonl,T4-T3,T4,T3,0,0,0,9a03eab9a28549e1c943462a6bf5ceb7b51d22ca328dd556f458f970c2db3943,40d7e376e76e9fc67bd82ee0c9a22601839485be83f4a98aecbb93be8879db48
a,155,REACH_PUMP2_WITH_RECHARGE,99bdb2ed390d32eed3c94827827e1218a2cc171d8019983688c11fb669b1f6df,INSTRUCTION_CHANGED+ROUTE_BLOCKED,2,"[""ROUTE_BLOCKED"",""INSTRUCTION_CHANGED""]","[""UNAVAILABLE"",""AVOID_ROOM:ElectricalRoom""]",true,1,"Reach Pump 2, but recharge first if estimated battery is insufficient.",results/indicative-twin-hierarchy-a/raw/cases.jsonl,T3-T2,T3,T2,0,0,0,da7fc34d172a58fc8cff3bffbe3dd9a01eef414608d261e8c8840e31757732f3,5b41eac8d8636d7c1718a6f0743b02bd5a92f4a70bc58f6038aa0e8e41a3c8d6
a,155,REACH_PUMP2_WITH_RECHARGE,99bdb2ed390d32eed3c94827827e1218a2cc171d8019983688c11fb669b1f6df,INSTRUCTION_CHANGED+ROUTE_BLOCKED,2,"[""ROUTE_BLOCKED"",""INSTRUCTION_CHANGED""]","[""UNAVAILABLE"",""AVOID_ROOM:ElectricalRoom""]",true,1,"Reach Pump 2, but recharge first if estimated battery is insufficient.",results/indicative-twin-hierarchy-a/raw/cases.jsonl,T4-T3,T4,T3,0,0,0,30482781dfae5b922695c3b93af01695260750f2651595fb365de3d96cc4baef,da7fc34d172a58fc8cff3bffbe3dd9a01eef414608d261e8c8840e31757732f3
a,155,REPLAN_ON_RESTRICTION,8aea00dd5dd595b7bbab5acd48af62bd2ade478be32bbcc09140aaca718ea13d,INSTRUCTION_CHANGED+ROOM_RESTRICTED+ROUTE_BLOCKED,3,"[""ROUTE_BLOCKED"",""INSTRUCTION_CHANGED"",""ROOM_RESTRICTED""]","[""UNAVAILABLE"",""AVOID_ROOM:ElectricalRoom"",""RESTRICTED""]",false,0,Safely inspect Valve 7 and replan if a room becomes restricted.,results/indicative-twin-hierarchy-a/raw/cases.jsonl,T3-T2,T3,T2,0,0,0,6448585f893e5ad94f2aca69c4fbd7b50f9726ea6432102e82379d877e0bf51e,aaa62dd7d6744d938e58e72871b45be368c45ee0172195fad05cf9454d76c5a4
a,155,REPLAN_ON_RESTRICTION,8aea00dd5dd595b7bbab5acd48af62bd2ade478be32bbcc09140aaca718ea13d,INSTRUCTION_CHANGED+ROOM_RESTRICTED+ROUTE_BLOCKED,3,"[""ROUTE_BLOCKED"",""INSTRUCTION_CHANGED"",""ROOM_RESTRICTED""]","[""UNAVAILABLE"",""AVOID_ROOM:ElectricalRoom"",""RESTRICTED""]",false,0,Safely inspect Valve 7 and replan if a room becomes restricted.,results/indicative-twin-hierarchy-a/raw/cases.jsonl,T4-T3,T4,T3,0,0,0,ff404c4ee2629ab0e74fd67804aee197474b164e6c05de01a8ff95008cefe8ba,6448585f893e5ad94f2aca69c4fbd7b50f9726ea6432102e82379d877e0bf51e
a,155,STORE_CARRIED_TOOL,d223e2443da195318754ae3c98c4675d84b4887c16204c3f77d1e561b65938ba,INSTRUCTION_CHANGED+ROUTE_BLOCKED,2,"[""ROUTE_BLOCKED"",""INSTRUCTION_CHANGED""]","[""UNAVAILABLE"",""AVOID_ROOM:ElectricalRoom""]",false,0,Find a safe location for the carried tool.,results/indicative-twin-hierarchy-a/raw/cases.jsonl,T3-T2,T3,T2,1,1,0,072df001aa723c70c382e2e557dde9404ff82bd196c34fa142705292667700e0,638be2b97aab1dd7ee61d56426df6c622801aae9cf271bdf45f694aace4c65a6
a,155,STORE_CARRIED_TOOL,d223e2443da195318754ae3c98c4675d84b4887c16204c3f77d1e561b65938ba,INSTRUCTION_CHANGED+ROUTE_BLOCKED,2,"[""ROUTE_BLOCKED"",""INSTRUCTION_CHANGED""]","[""UNAVAILABLE"",""AVOID_ROOM:ElectricalRoom""]",false,0,Find a safe location for the carried tool.,results/indicative-twin-hierarchy-a/raw/cases.jsonl,T4-T3,T4,T3,1,1,0,73bec71caaa35595a6fac8f3fd9cf704c24a46d7fb048ab2942392aad6bf4486,072df001aa723c70c382e2e557dde9404ff82bd196c34fa142705292667700e0
a,156,INSPECT_NEAREST_COOLANT,829f52bca267bac7b6cbd327c033f6dfa7aa2f4aaae6a32f061e0517b825dc45,NONE,0,[],[],true,2,Inspect the nearest coolant valve without entering a restricted room.,results/indicative-twin-hierarchy-a/raw/cases.jsonl,T3-T2,T3,T2,1,1,0,67e0c509bed845e4ba27e03fc223c003eeec92c33eaa55152aca51d1b5acce34,ee70c4429b255ccb21031871178f93c5c944848e18aba2f6fe19d8916c3e073f
a,156,INSPECT_NEAREST_COOLANT,829f52bca267bac7b6cbd327c033f6dfa7aa2f4aaae6a32f061e0517b825dc45,NONE,0,[],[],true,2,Inspect the nearest coolant valve without entering a restricted room.,results/indicative-twin-hierarchy-a/raw/cases.jsonl,T4-T3,T4,T3,1,1,0,6c6d5f0fe28741d78f97563f9f04441c0a908dd95c9ae267e007656f4216eb5e,67e0c509bed845e4ba27e03fc223c003eeec92c33eaa55152aca51d1b5acce34
a,156,INSPECT_VALVE7_WITH_ALTERNATE,80be1f42c4c885349e19d871de3324c15aebc4706f7308a3db1800cc93f1d435,ROUTE_BLOCKED,1,"[""ROUTE_BLOCKED""]","[""UNAVAILABLE""]",true,1,"Inspect Valve 7; if Door 3 is unavailable, use another route.",results/indicative-twin-hierarchy-a/raw/cases.jsonl,T3-T2,T3,T2,1,1,0,05e082ed58d2508371447fa50fafea962c41da41974d4e2975c75cc446eba56e,bad7e893c34f65feb70853c078cb76fe33f18d6ee1f080ac1ebaa722fcd62434
a,156,INSPECT_VALVE7_WITH_ALTERNATE,80be1f42c4c885349e19d871de3324c15aebc4706f7308a3db1800cc93f1d435,ROUTE_BLOCKED,1,"[""ROUTE_BLOCKED""]","[""UNAVAILABLE""]",true,1,"Inspect Valve 7; if Door 3 is unavailable, use another route.",results/indicative-twin-hierarchy-a/raw/cases.jsonl,T4-T3,T4,T3,1,1,0,7b782847a426c8f5b0af540c354d75fea8212643b34b361aa06f7bd15f40f98b,05e082ed58d2508371447fa50fafea962c41da41974d4e2975c75cc446eba56e
a,156,REACH_PUMP2_WITH_RECHARGE,4a8422e1206c5046f7969463fd7d65c83ea4b7a733d13dac578f550e0d731c2b,NONE,0,[],[],true,1,"Reach Pump 2, but recharge first if estimated battery is insufficient.",results/indicative-twin-hierarchy-a/raw/cases.jsonl,T3-T2,T3,T2,1,1,0,01f688da9ca418b5cc23ab0b457cbab20739ed49a36902deb97623aaf6ee3890,36c2743afea0d59e43c2355e090dc76e69391f34526aafa5e3de98cc40e2d905
a,156,REACH_PUMP2_WITH_RECHARGE,4a8422e1206c5046f7969463fd7d65c83ea4b7a733d13dac578f550e0d731c2b,NONE,0,[],[],true,1,"Reach Pump 2, but recharge first if estimated battery is insufficient.",results/indicative-twin-hierarchy-a/raw/cases.jsonl,T4-T3,T4,T3,1,1,0,a74caff571c7e492b9c21c5a89458716ebb43f1863116b116d35dd45a412387f,01f688da9ca418b5cc23ab0b457cbab20739ed49a36902deb97623aaf6ee3890
a,156,REPLAN_ON_RESTRICTION,4759759ffc1b43966d80ffa1e8573d300cb77739ec41048d536561359884d77d,ROOM_RESTRICTED+ROUTE_BLOCKED,2,"[""ROUTE_BLOCKED"",""ROOM_RESTRICTED""]","[""UNAVAILABLE"",""RESTRICTED""]",true,2,Inspect Valve 7 and replan if a room becomes restricted.,results/indicative-twin-hierarchy-a/raw/cases.jsonl,T3-T2,T3,T2,1,0,1,e7ad400c1a91cf0479f5b2083e2b56f4e3aee5abe0af6cb6415d54da06bb0cfe,8f05a63a87bced38556924f98d623476ce9976f9f68df18721ff9ad58320c1c1
a,156,REPLAN_ON_RESTRICTION,4759759ffc1b43966d80ffa1e8573d300cb77739ec41048d536561359884d77d,ROOM_RESTRICTED+ROUTE_BLOCKED,2,"[""ROUTE_BLOCKED"",""ROOM_RESTRICTED""]","[""UNAVAILABLE"",""RESTRICTED""]",true,2,Inspect Valve 7 and replan if a room becomes restricted.,results/indicative-twin-hierarchy-a/raw/cases.jsonl,T4-T3,T4,T3,1,1,0,f49d3236e464cff187292d82d2e1d51eb5603469c8dafd8fbb33fcdc4bfb9ff3,e7ad400c1a91cf0479f5b2083e2b56f4e3aee5abe0af6cb6415d54da06bb0cfe
a,156,STORE_CARRIED_TOOL,9418654fbe084e0ffb2fca89de3367ef516ffde257d493fe03e1806e9d5df4b6,NONE,0,[],[],true,1,Find a safe location for the carried tool.,results/indicative-twin-hierarchy-a/raw/cases.jsonl,T3-T2,T3,T2,1,0,1,1ba09c3117990c39bdd35ea1395ed76ebea1d8583c19f2691d436f58c8726ffb,2f55aca3d201361da3510c77e6a809c46f3c858a6a3e3bfd171b0e9e204fd4d1
a,156,STORE_CARRIED_TOOL,9418654fbe084e0ffb2fca89de3367ef516ffde257d493fe03e1806e9d5df4b6,NONE,0,[],[],true,1,Find a safe location for the carried tool.,results/indicative-twin-hierarchy-a/raw/cases.jsonl,T4-T3,T4,T3,1,1,0,0fd57b4a8682f4eb861d6d3efdd37a19186b71949bc46336cbf7b56060158ec5,1ba09c3117990c39bdd35ea1395ed76ebea1d8583c19f2691d436f58c8726ffb
a,157,INSPECT_NEAREST_COOLANT,76e4263b6d51cba951680f335556e1b3cfc4d05b89455a1be1515b665113b581,NONE,0,[],[],false,0,Safely inspect the nearest coolant valve without entering a restricted room.,results/indicative-twin-hierarchy-a/raw/cases.jsonl,T3-T2,T3,T2,1,1,0,60143d9aabe578e8ec2b70294a63f59340641bce1e0c8e84da25f317f898b5a4,abd750379448498ea766bd75134060c0d136c120a63cfa1006d29f667a2bbbc8
a,157,INSPECT_NEAREST_COOLANT,76e4263b6d51cba951680f335556e1b3cfc4d05b89455a1be1515b665113b581,NONE,0,[],[],false,0,Safely inspect the nearest coolant valve without entering a restricted room.,results/indicative-twin-hierarchy-a/raw/cases.jsonl,T4-T3,T4,T3,1,1,0,5ec8e27e6a4209ef4d1372a71502aa13b30b3b41fb734c55ba34692530cf4bd0,60143d9aabe578e8ec2b70294a63f59340641bce1e0c8e84da25f317f898b5a4
a,157,INSPECT_VALVE7_WITH_ALTERNATE,31e815f8e64ad89393494f76f2c94cb587d9bbc867bd76cdfb81fbce2a2256be,ROUTE_BLOCKED,1,"[""ROUTE_BLOCKED""]","[""UNAVAILABLE""]",true,1,"Safely inspect Valve 7; if Door 3 is unavailable, use another route.",results/indicative-twin-hierarchy-a/raw/cases.jsonl,T3-T2,T3,T2,1,0,1,d1573ea91868f47d39246a0202767a553f466b5d13f9fb5ce26fac2bc1725d00,535ddcd26c625d88718ed6e36c17d69fa5071cc31330cfc40614cfee94078fa3
a,157,INSPECT_VALVE7_WITH_ALTERNATE,31e815f8e64ad89393494f76f2c94cb587d9bbc867bd76cdfb81fbce2a2256be,ROUTE_BLOCKED,1,"[""ROUTE_BLOCKED""]","[""UNAVAILABLE""]",true,1,"Safely inspect Valve 7; if Door 3 is unavailable, use another route.",results/indicative-twin-hierarchy-a/raw/cases.jsonl,T4-T3,T4,T3,1,1,0,9158e4e6fac9a0c49358add77692b0360c73d0847528c20374507b7aec19f479,d1573ea91868f47d39246a0202767a553f466b5d13f9fb5ce26fac2bc1725d00
a,157,REACH_PUMP2_WITH_RECHARGE,a211b0e87800f2e3a430f0563583b16dd863c6c03f8b562ee7155c48eb2ca522,NONE,0,[],[],true,1,"Reach Pump 2, but recharge first if estimated battery is insufficient.",results/indicative-twin-hierarchy-a/raw/cases.jsonl,T3-T2,T3,T2,1,1,0,14d1f53ed6b4d7c98f6c0b31620b8cd145074e0711efcd0dfb9cd0b8c95c6d41,ab21957854bafaf5e6c65759c1f621626bbebb1c51c19b43a466650fb5d020d4
a,157,REACH_PUMP2_WITH_RECHARGE,a211b0e87800f2e3a430f0563583b16dd863c6c03f8b562ee7155c48eb2ca522,NONE,0,[],[],true,1,"Reach Pump 2, but recharge first if estimated battery is insufficient.",results/indicative-twin-hierarchy-a/raw/cases.jsonl,T4-T3,T4,T3,1,1,0,bedd43e2b070ad763572e83095dccf2028cc86d2998e7ad5b64e37a875a84a95,14d1f53ed6b4d7c98f6c0b31620b8cd145074e0711efcd0dfb9cd0b8c95c6d41
a,157,REPLAN_ON_RESTRICTION,dfcff5fff07745e9808d32294f8992cbcca85c466179f2c076761c9bbf82fef1,ROOM_RESTRICTED,1,"[""ROOM_RESTRICTED""]","[""RESTRICTED""]",true,1,Safely inspect Valve 7 and replan if a room becomes restricted.,results/indicative-twin-hierarchy-a/raw/cases.jsonl,T3-T2,T3,T2,1,0,1,0f36cb7d6231d0bee70214ccd99c170d1add6dcc323d9cd5e0992dc51d173b6d,bb158ba1a2e48b82756764c45e74bfa5497a46856e8b892d10a340ecef6f309b
a,157,REPLAN_ON_RESTRICTION,dfcff5fff07745e9808d32294f8992cbcca85c466179f2c076761c9bbf82fef1,ROOM_RESTRICTED,1,"[""ROOM_RESTRICTED""]","[""RESTRICTED""]",true,1,Safely inspect Valve 7 and replan if a room becomes restricted.,results/indicative-twin-hierarchy-a/raw/cases.jsonl,T4-T3,T4,T3,1,1,0,fc78a74df88243a218887902cb94e437fc56a87d4b96364631e68bf5322d3d0f,0f36cb7d6231d0bee70214ccd99c170d1add6dcc323d9cd5e0992dc51d173b6d
a,157,STORE_CARRIED_TOOL,9551243f43547079f1d4ea5ab15a40bf086816e914eb8d78ac924c3d24ed3618,NONE,0,[],[],false,0,Find a safe location for the carried tool.,results/indicative-twin-hierarchy-a/raw/cases.jsonl,T3-T2,T3,T2,1,1,0,bc4674ea24d3a5676ac97aa5888378cb86a4bcebf3a2498bc1b6797f429d81b0,0f32e09c1538356d3666a9dce62eaf065c212e29276f66eaf96c759d8fd04a41
a,157,STORE_CARRIED_TOOL,9551243f43547079f1d4ea5ab15a40bf086816e914eb8d78ac924c3d24ed3618,NONE,0,[],[],false,0,Find a safe location for the carried tool.,results/indicative-twin-hierarchy-a/raw/cases.jsonl,T4-T3,T4,T3,1,1,0,38f17c9af65066c9262e2f715c724e1030cbac707062ce22be1e0ba98c757d45,bc4674ea24d3a5676ac97aa5888378cb86a4bcebf3a2498bc1b6797f429d81b0
a,158,INSPECT_NEAREST_COOLANT,900811e8ab3317fb32c4d62658cf535596432866a7d66357f5f712a5561da665,ROUTE_BLOCKED,1,"[""ROUTE_BLOCKED""]","[""UNAVAILABLE""]",false,0,Inspect the nearest coolant valve without entering a restricted room.,results/indicative-twin-hierarchy-a/raw/cases.jsonl,T3-T2,T3,T2,0,0,0,d7acd9598a45e85b0a145eaa73cf40d2aada71da1edca35e0e28779fc3b21c60,e4605961e3313c05180e4f10c7a45947655b15fd710b8fbd1d0684f82e7ce4be
a,158,INSPECT_NEAREST_COOLANT,900811e8ab3317fb32c4d62658cf535596432866a7d66357f5f712a5561da665,ROUTE_BLOCKED,1,"[""ROUTE_BLOCKED""]","[""UNAVAILABLE""]",false,0,Inspect the nearest coolant valve without entering a restricted room.,results/indicative-twin-hierarchy-a/raw/cases.jsonl,T4-T3,T4,T3,0,0,0,38714b8785b2352893518c574d71c0708b8058441a83f886f60225e9d8889f78,d7acd9598a45e85b0a145eaa73cf40d2aada71da1edca35e0e28779fc3b21c60
a,158,INSPECT_VALVE7_WITH_ALTERNATE,e4513d7f2dbd755ab6188489043c42a163dc25dd5ad2d2d6bc9de003a9585ffc,NONE,0,[],[],false,0,"Inspect Valve 7; if Door 3 is unavailable, use another route.",results/indicative-twin-hierarchy-a/raw/cases.jsonl,T3-T2,T3,T2,1,0,1,b40972f40b2800bebcdddccf9bd82d378f337307affaae9dd54ebaab21cc7750,9858f58f3e6a26b738a607b697c9f974ea6d3e45b318fe1da3315e7b066030eb
a,158,INSPECT_VALVE7_WITH_ALTERNATE,e4513d7f2dbd755ab6188489043c42a163dc25dd5ad2d2d6bc9de003a9585ffc,NONE,0,[],[],false,0,"Inspect Valve 7; if Door 3 is unavailable, use another route.",results/indicative-twin-hierarchy-a/raw/cases.jsonl,T4-T3,T4,T3,1,1,0,46ec8ccaacbf52560fbfab20e57dc0f5d63982f3319e440f9f429d4b9d992e20,b40972f40b2800bebcdddccf9bd82d378f337307affaae9dd54ebaab21cc7750
a,158,REACH_PUMP2_WITH_RECHARGE,2f248c0c008420a78ccb2dfbda79bcfb3467f571d99725abdd89dad58842d3e2,ROUTE_BLOCKED,1,"[""ROUTE_BLOCKED""]","[""UNAVAILABLE""]",false,0,"Reach Pump 2, but recharge first if estimated battery is insufficient.",results/indicative-twin-hierarchy-a/raw/cases.jsonl,T3-T2,T3,T2,0,0,0,c2ff3c9cf5b3221972d0ce2bda87610141e92455ec845aece4c9f49c95dc0032,928ab10caedb79f6784a0893ab32219533b5414d58015e9f6a40ee0f9cd3869c
a,158,REACH_PUMP2_WITH_RECHARGE,2f248c0c008420a78ccb2dfbda79bcfb3467f571d99725abdd89dad58842d3e2,ROUTE_BLOCKED,1,"[""ROUTE_BLOCKED""]","[""UNAVAILABLE""]",false,0,"Reach Pump 2, but recharge first if estimated battery is insufficient.",results/indicative-twin-hierarchy-a/raw/cases.jsonl,T4-T3,T4,T3,0,0,0,3965151697fbd71d45fc228470e9da89d7e719c5699a71828174e5e134d7f09e,c2ff3c9cf5b3221972d0ce2bda87610141e92455ec845aece4c9f49c95dc0032
a,158,REPLAN_ON_RESTRICTION,a91868f12979e2462fc116d4c7286716145d07c7cd7ae3c8f8e34d4030c4f233,ROOM_RESTRICTED,1,"[""ROOM_RESTRICTED""]","[""RESTRICTED""]",true,1,Inspect Valve 7 and replan if a room becomes restricted.,results/indicative-twin-hierarchy-a/raw/cases.jsonl,T3-T2,T3,T2,1,0,1,d64debe21f3f4911197abab2ad7f28f8e769175e846f16ab28fbc45d175031ca,272b21657238f3221adfa2ff35c2432a40291e05bcdddaf1085ccd77ae4b8953
a,158,REPLAN_ON_RESTRICTION,a91868f12979e2462fc116d4c7286716145d07c7cd7ae3c8f8e34d4030c4f233,ROOM_RESTRICTED,1,"[""ROOM_RESTRICTED""]","[""RESTRICTED""]",true,1,Inspect Valve 7 and replan if a room becomes restricted.,results/indicative-twin-hierarchy-a/raw/cases.jsonl,T4-T3,T4,T3,1,1,0,e118fd93623bf57d71b7b8fcf3e08bb67a2cce33643ba1cd3bf241582a30b4de,d64debe21f3f4911197abab2ad7f28f8e769175e846f16ab28fbc45d175031ca
a,158,STORE_CARRIED_TOOL,825b8f359c02fd8c08bd7a4f5f703a8463b6d3f2f083276ccf998351c289a126,NONE,0,[],[],true,1,Find a safe location for the carried tool.,results/indicative-twin-hierarchy-a/raw/cases.jsonl,T3-T2,T3,T2,0,0,0,5ee05f734f8d1dfd4c8f71576ac557fff0f8b30f98c76c78b020276988d47713,643568506141cee6ee853379c7bf0b339c0103114c596d0f3f4276f3dbab37a2
a,158,STORE_CARRIED_TOOL,825b8f359c02fd8c08bd7a4f5f703a8463b6d3f2f083276ccf998351c289a126,NONE,0,[],[],true,1,Find a safe location for the carried tool.,results/indicative-twin-hierarchy-a/raw/cases.jsonl,T4-T3,T4,T3,0,0,0,8fbb73476a449061e08d1726ad392e2367f476ee56c20869e0bb274f63ed009a,5ee05f734f8d1dfd4c8f71576ac557fff0f8b30f98c76c78b020276988d47713
a,159,INSPECT_NEAREST_COOLANT,815914c0e64ac6c2ac2ab051a075ad97c31520735c4dc4af7ec5ebc0020eff06,NONE,0,[],[],true,1,Safely inspect the nearest coolant valve without entering a restricted room.,results/indicative-twin-hierarchy-a/raw/cases.jsonl,T3-T2,T3,T2,1,0,1,955bc5fe7a8ad2d5f996c960cfb6ba2507096163e39091769ba34e8cfac77f8e,249522d44d534a3ea4c06d65c7eff1f5e18ac5eb7c76e807cf27d7af732ed86a
a,159,INSPECT_NEAREST_COOLANT,815914c0e64ac6c2ac2ab051a075ad97c31520735c4dc4af7ec5ebc0020eff06,NONE,0,[],[],true,1,Safely inspect the nearest coolant valve without entering a restricted room.,results/indicative-twin-hierarchy-a/raw/cases.jsonl,T4-T3,T4,T3,1,1,0,ae467cd954968d99a22ec37f2398037c67b6226091d2e95eb300a7761368dad0,955bc5fe7a8ad2d5f996c960cfb6ba2507096163e39091769ba34e8cfac77f8e
a,159,INSPECT_VALVE7_WITH_ALTERNATE,25eabc70736a8bbaa6955afacc1d129e0bc84bc36fa5f468acfdc5e01439fceb,NONE,0,[],[],true,2,"Safely inspect Valve 7; if Door 3 is unavailable, use another route.",results/indicative-twin-hierarchy-a/raw/cases.jsonl,T3-T2,T3,T2,0,0,0,9169312d6ae34a113d44b5e4790cbba78962d1849e2e6d87e344f4d0baccf040,4e2c9bf3f03cbc76457d532d6fb4fb61a4a6e68dcc94c6f55f9c11c3012d46f4
a,159,INSPECT_VALVE7_WITH_ALTERNATE,25eabc70736a8bbaa6955afacc1d129e0bc84bc36fa5f468acfdc5e01439fceb,NONE,0,[],[],true,2,"Safely inspect Valve 7; if Door 3 is unavailable, use another route.",results/indicative-twin-hierarchy-a/raw/cases.jsonl,T4-T3,T4,T3,1,0,1,88096a58a5e96dc3021a8ab807dac262a0c72604a3090bf651b209fb7c370a0d,9169312d6ae34a113d44b5e4790cbba78962d1849e2e6d87e344f4d0baccf040
a,159,REACH_PUMP2_WITH_RECHARGE,e6aaf4d301b7f5d0f5ae9cd1da9d214d909eabb01f849a6830f215f4874ad640,NONE,0,[],[],false,0,"Reach Pump 2, but recharge first if estimated battery is insufficient.",results/indicative-twin-hierarchy-a/raw/cases.jsonl,T3-T2,T3,T2,0,0,0,6bcb1f225e834f457a780b8c0d23d863972cc076b6ab2e9a057612f6b5ae7638,fd271db19911db083f9917b192e761e87398a26daca8c06cd03485d8ae4a4acb
a,159,REACH_PUMP2_WITH_RECHARGE,e6aaf4d301b7f5d0f5ae9cd1da9d214d909eabb01f849a6830f215f4874ad640,NONE,0,[],[],false,0,"Reach Pump 2, but recharge first if estimated battery is insufficient.",results/indicative-twin-hierarchy-a/raw/cases.jsonl,T4-T3,T4,T3,0,0,0,55f102cb9b129fa405b3b01367457714cd5228828696d8316be5936fa6eba5f5,6bcb1f225e834f457a780b8c0d23d863972cc076b6ab2e9a057612f6b5ae7638
a,159,REPLAN_ON_RESTRICTION,ca51180acb8d40b5bd0e1fd070138b989e6d460c4589efe14ea54b6abc2c1d42,ROOM_RESTRICTED,1,"[""ROOM_RESTRICTED""]","[""RESTRICTED""]",false,0,Safely inspect Valve 7 and replan if a room becomes restricted.,results/indicative-twin-hierarchy-a/raw/cases.jsonl,T3-T2,T3,T2,1,0,1,6796363648c4bf8485613fff7d3be09b40eefdbcc919f72c3879ce9267dea745,ad7147b0e5dc232eac5be642cadd0b778dee6c7b91de969fe589bdbc3bf03952
a,159,REPLAN_ON_RESTRICTION,ca51180acb8d40b5bd0e1fd070138b989e6d460c4589efe14ea54b6abc2c1d42,ROOM_RESTRICTED,1,"[""ROOM_RESTRICTED""]","[""RESTRICTED""]",false,0,Safely inspect Valve 7 and replan if a room becomes restricted.,results/indicative-twin-hierarchy-a/raw/cases.jsonl,T4-T3,T4,T3,1,1,0,02f830091148882243c506b153a83f618cda53c54356fff9bbaf465a156bf7f7,6796363648c4bf8485613fff7d3be09b40eefdbcc919f72c3879ce9267dea745
a,159,STORE_CARRIED_TOOL,ccab9f57a380751c5723cea49b9e77961cabe45f5fe6e0ef9affbd52062a3899,ROUTE_BLOCKED,1,"[""ROUTE_BLOCKED""]","[""UNAVAILABLE""]",false,0,Find a safe location for the carried tool.,results/indicative-twin-hierarchy-a/raw/cases.jsonl,T3-T2,T3,T2,1,1,0,0ba50418bfd420a16b7df8e5d9a587c06dce6ca56bad7e14e3e178d7956c8c54,93f0dd9f0239dc5293d5a3c26a021beb453996339d20dea7f5b320657556525f
a,159,STORE_CARRIED_TOOL,ccab9f57a380751c5723cea49b9e77961cabe45f5fe6e0ef9affbd52062a3899,ROUTE_BLOCKED,1,"[""ROUTE_BLOCKED""]","[""UNAVAILABLE""]",false,0,Find a safe location for the carried tool.,results/indicative-twin-hierarchy-a/raw/cases.jsonl,T4-T3,T4,T3,1,1,0,1e604222db40ec24983252f239785118a2d8184d5a3a0b74382b4f7d529f81f1,0ba50418bfd420a16b7df8e5d9a587c06dce6ca56bad7e14e3e178d7956c8c54
b,160,INSPECT_NEAREST_COOLANT,6b47048d7ee669d0cbd3b3ae595b04c5c1548e06d37b1755c2fb0ead53c103f9,INSTRUCTION_CHANGED,1,"[""INSTRUCTION_CHANGED""]","[""AVOID_ROOM:ElectricalRoom""]",true,1,Inspect the nearest coolant valve without entering a restricted room.,results/indicative-twin-hierarchy-b/raw/cases.jsonl,T3-T2,T3,T2,1,1,0,49cda9ed2fe8cd2f5159933757ebe3c47ccddc0649b66d9e6e5f1b2e4574e972,ebfec72de288fd23bfbc4834c8f536c74ec6a24e4ef4e8939aed6171dda6e56c
b,160,INSPECT_NEAREST_COOLANT,6b47048d7ee669d0cbd3b3ae595b04c5c1548e06d37b1755c2fb0ead53c103f9,INSTRUCTION_CHANGED,1,"[""INSTRUCTION_CHANGED""]","[""AVOID_ROOM:ElectricalRoom""]",true,1,Inspect the nearest coolant valve without entering a restricted room.,results/indicative-twin-hierarchy-b/raw/cases.jsonl,T4-T3,T4,T3,1,1,0,9e1b703b306752b7d4dab6aeb1d9205caf935ce6e27925b8ddf07ec377794c78,49cda9ed2fe8cd2f5159933757ebe3c47ccddc0649b66d9e6e5f1b2e4574e972
b,160,INSPECT_VALVE7_WITH_ALTERNATE,2423272eb1d8199aad9a5c73b1dd1f9675a449c96e6d417cbbc15eaecc8bec9f,INSTRUCTION_CHANGED,1,"[""INSTRUCTION_CHANGED""]","[""AVOID_ROOM:ElectricalRoom""]",false,0,"Inspect Valve 7; if Door 3 is unavailable, use another route.",results/indicative-twin-hierarchy-b/raw/cases.jsonl,T3-T2,T3,T2,0,0,0,15354f4d99a9685724e48844abf87c9cef4972506d83c07ad92955af1b64135f,66d618fee2c8ffdc3e2e9bf4c4191b14f90c737c2ea6df4415e1984f292d4766
b,160,INSPECT_VALVE7_WITH_ALTERNATE,2423272eb1d8199aad9a5c73b1dd1f9675a449c96e6d417cbbc15eaecc8bec9f,INSTRUCTION_CHANGED,1,"[""INSTRUCTION_CHANGED""]","[""AVOID_ROOM:ElectricalRoom""]",false,0,"Inspect Valve 7; if Door 3 is unavailable, use another route.",results/indicative-twin-hierarchy-b/raw/cases.jsonl,T4-T3,T4,T3,0,0,0,45c65e275e8ed9fb3f1915c068083e7158d79b093e39097369fcd9aa2b8b813d,15354f4d99a9685724e48844abf87c9cef4972506d83c07ad92955af1b64135f
b,160,REACH_PUMP2_WITH_RECHARGE,af962dbcf1e7757f5b18893c045f5c74e03ba95ff3d0777095896ae43afa5da5,INSTRUCTION_CHANGED,1,"[""INSTRUCTION_CHANGED""]","[""AVOID_ROOM:ElectricalRoom""]",false,0,"Reach Pump 2, but recharge first if estimated battery is insufficient.",results/indicative-twin-hierarchy-b/raw/cases.jsonl,T3-T2,T3,T2,1,1,0,686c232dfc08a36a07f4ec804a47cfaddedcc080ea1779003f366249d5859fc9,eb58d643694d98c49f66ce8f463293bf16b8bdf4694219d9bdc0ef20b3cfa210
b,160,REACH_PUMP2_WITH_RECHARGE,af962dbcf1e7757f5b18893c045f5c74e03ba95ff3d0777095896ae43afa5da5,INSTRUCTION_CHANGED,1,"[""INSTRUCTION_CHANGED""]","[""AVOID_ROOM:ElectricalRoom""]",false,0,"Reach Pump 2, but recharge first if estimated battery is insufficient.",results/indicative-twin-hierarchy-b/raw/cases.jsonl,T4-T3,T4,T3,1,1,0,68e8cce48d2016f3ae1a23e202454b7a8634c9b0c6498de2c787bf932846373d,686c232dfc08a36a07f4ec804a47cfaddedcc080ea1779003f366249d5859fc9
b,160,REPLAN_ON_RESTRICTION,e4776517708a86f0d08d90762ad84d4cd43c967b4751646f8812336e94547ce4,INSTRUCTION_CHANGED+ROOM_RESTRICTED,2,"[""INSTRUCTION_CHANGED"",""ROOM_RESTRICTED""]","[""AVOID_ROOM:ElectricalRoom"",""RESTRICTED""]",true,1,Inspect Valve 7 and replan if a room becomes restricted.,results/indicative-twin-hierarchy-b/raw/cases.jsonl,T3-T2,T3,T2,0,0,0,7dc98eedba0f80b997d46096d509645fe22458ff6d62266f85f4443dbd17330f,3ba40c789351d13b6e9641f1d09b92c7630f5abc10f053d07c25c8c1475c68d1
b,160,REPLAN_ON_RESTRICTION,e4776517708a86f0d08d90762ad84d4cd43c967b4751646f8812336e94547ce4,INSTRUCTION_CHANGED+ROOM_RESTRICTED,2,"[""INSTRUCTION_CHANGED"",""ROOM_RESTRICTED""]","[""AVOID_ROOM:ElectricalRoom"",""RESTRICTED""]",true,1,Inspect Valve 7 and replan if a room becomes restricted.,results/indicative-twin-hierarchy-b/raw/cases.jsonl,T4-T3,T4,T3,0,0,0,179a53968bfd83a0f207f1eef891ec0af99df7c089cbe211b0abdd1865a24551,7dc98eedba0f80b997d46096d509645fe22458ff6d62266f85f4443dbd17330f
b,160,STORE_CARRIED_TOOL,77b9d12dc4fb698253742852a2937187a39316c218da6c42728e5b63ae8c7c57,INSTRUCTION_CHANGED+ROUTE_BLOCKED,2,"[""ROUTE_BLOCKED"",""INSTRUCTION_CHANGED""]","[""UNAVAILABLE"",""AVOID_ROOM:ElectricalRoom""]",true,1,Find a safe location for the carried tool.,results/indicative-twin-hierarchy-b/raw/cases.jsonl,T3-T2,T3,T2,0,0,0,eb7850e89ae0be150a83277a4db821650305b437f7eea5d202cdeb11a7ba4fc4,d7673dddea6759cf4397a379202b805a9038a281c237f4a1414a3a9107ce321c
b,160,STORE_CARRIED_TOOL,77b9d12dc4fb698253742852a2937187a39316c218da6c42728e5b63ae8c7c57,INSTRUCTION_CHANGED+ROUTE_BLOCKED,2,"[""ROUTE_BLOCKED"",""INSTRUCTION_CHANGED""]","[""UNAVAILABLE"",""AVOID_ROOM:ElectricalRoom""]",true,1,Find a safe location for the carried tool.,results/indicative-twin-hierarchy-b/raw/cases.jsonl,T4-T3,T4,T3,0,0,0,877685636dee222b795fbffba3d6155962319752feda9aadbf9b7209a5da817a,eb7850e89ae0be150a83277a4db821650305b437f7eea5d202cdeb11a7ba4fc4
b,161,INSPECT_NEAREST_COOLANT,1525103032fab5be0bf0fa8236370844a9b3396b361c014d3849fe4f1b5b668b,NONE,0,[],[],true,1,Safely inspect the nearest coolant valve without entering a restricted room.,results/indicative-twin-hierarchy-b/raw/cases.jsonl,T3-T2,T3,T2,1,0,1,003b17250f59d4cc8af2705408f4889df2819c6606c761645345cfb7bdc47e82,90dbf6b875dd8a0bc956bf91b111f60d18095e3e0b5fa8d9ee6d3afb0cad97ce
b,161,INSPECT_NEAREST_COOLANT,1525103032fab5be0bf0fa8236370844a9b3396b361c014d3849fe4f1b5b668b,NONE,0,[],[],true,1,Safely inspect the nearest coolant valve without entering a restricted room.,results/indicative-twin-hierarchy-b/raw/cases.jsonl,T4-T3,T4,T3,1,1,0,44e17a44dab2e378e65b4cb885cff68f5b75f4ab9c88d3d80bde97382ebc17e0,003b17250f59d4cc8af2705408f4889df2819c6606c761645345cfb7bdc47e82
b,161,INSPECT_VALVE7_WITH_ALTERNATE,183ef6060bb40809f8f899b019351ac994ca9b58457bde7ec4901be61b9e5622,ROUTE_BLOCKED,1,"[""ROUTE_BLOCKED""]","[""UNAVAILABLE""]",true,1,"Safely inspect Valve 7; if Door 3 is unavailable, use another route.",results/indicative-twin-hierarchy-b/raw/cases.jsonl,T3-T2,T3,T2,1,0,1,0166d33958b272c18abfe7d6a1b03b55eb39de7bcbf35246f04f9a70197febd8,b326a2d195ef87c7d5328da9f11c10d9035d90b8c33d5e9053f994cbc2f294ef
b,161,INSPECT_VALVE7_WITH_ALTERNATE,183ef6060bb40809f8f899b019351ac994ca9b58457bde7ec4901be61b9e5622,ROUTE_BLOCKED,1,"[""ROUTE_BLOCKED""]","[""UNAVAILABLE""]",true,1,"Safely inspect Valve 7; if Door 3 is unavailable, use another route.",results/indicative-twin-hierarchy-b/raw/cases.jsonl,T4-T3,T4,T3,1,1,0,22b3ed048408d72d8469d1a70f5eb700c5aeccc2233944074f9c03fcafcfbfad,0166d33958b272c18abfe7d6a1b03b55eb39de7bcbf35246f04f9a70197febd8
b,161,REACH_PUMP2_WITH_RECHARGE,e7132022b4d61035ee205e773c3e9bb6524916fc6d569f308a43a59b547460f5,NONE,0,[],[],false,0,"Reach Pump 2, but recharge first if estimated battery is insufficient.",results/indicative-twin-hierarchy-b/raw/cases.jsonl,T3-T2,T3,T2,1,1,0,67e92bfb976aa0c5a7357747da1b7e5fbc031a4167912cadeb69a05aab5f83df,35a02319c57927cce64a6782ac7b4720847093160e93e5ab862181cca4c1cd47
b,161,REACH_PUMP2_WITH_RECHARGE,e7132022b4d61035ee205e773c3e9bb6524916fc6d569f308a43a59b547460f5,NONE,0,[],[],false,0,"Reach Pump 2, but recharge first if estimated battery is insufficient.",results/indicative-twin-hierarchy-b/raw/cases.jsonl,T4-T3,T4,T3,1,1,0,0582cf14a5be37127d9688d30046c7e569bf21d9bf8bf05ab06c374e1d138ebc,67e92bfb976aa0c5a7357747da1b7e5fbc031a4167912cadeb69a05aab5f83df
b,161,REPLAN_ON_RESTRICTION,799e7e7eb23a4e2eb4f838a3c08517ebf551996f87cef3c4cf8d6d629de344bb,ROOM_RESTRICTED,1,"[""ROOM_RESTRICTED""]","[""RESTRICTED""]",true,1,Safely inspect Valve 7 and replan if a room becomes restricted.,results/indicative-twin-hierarchy-b/raw/cases.jsonl,T3-T2,T3,T2,1,0,1,ef087d6e719c16ac22b4d3b40aabe388cb0443082e6fe28b5c4960c7db2eb85b,fb1a63f7ebebdd7fe6f5bcc36d19144c12cca2f68d1cd59e89a4ff4e3cf3d517
b,161,REPLAN_ON_RESTRICTION,799e7e7eb23a4e2eb4f838a3c08517ebf551996f87cef3c4cf8d6d629de344bb,ROOM_RESTRICTED,1,"[""ROOM_RESTRICTED""]","[""RESTRICTED""]",true,1,Safely inspect Valve 7 and replan if a room becomes restricted.,results/indicative-twin-hierarchy-b/raw/cases.jsonl,T4-T3,T4,T3,1,1,0,a2ccd2bcac0588c77e7f114231eacae6f421371aef2748d155e135449169c6f2,ef087d6e719c16ac22b4d3b40aabe388cb0443082e6fe28b5c4960c7db2eb85b
b,161,STORE_CARRIED_TOOL,553ff440c1f978e67da38fa8b21e1f463c4f8d190ecb594f6d691d497f21c7d4,NONE,0,[],[],false,0,Find a safe location for the carried tool.,results/indicative-twin-hierarchy-b/raw/cases.jsonl,T3-T2,T3,T2,1,1,0,f16a5ed991a122c4715ca24d6b51e824753c9051f3883c50c1a15069e738871c,ebce3caef5a25b4e309246016247e110c2e1286a7cef1be35b6b941ee7862f1e
b,161,STORE_CARRIED_TOOL,553ff440c1f978e67da38fa8b21e1f463c4f8d190ecb594f6d691d497f21c7d4,NONE,0,[],[],false,0,Find a safe location for the carried tool.,results/indicative-twin-hierarchy-b/raw/cases.jsonl,T4-T3,T4,T3,1,1,0,a35b56894b3ba7ffc23be3d7cf52329e6b7bae99e01875dd15c838e2062d6e58,f16a5ed991a122c4715ca24d6b51e824753c9051f3883c50c1a15069e738871c
b,162,INSPECT_NEAREST_COOLANT,da5b3624afd0e8f0d27c0a39d0f296727a5aae1b8ddd1df50b00050cec58678d,NONE,0,[],[],false,0,Inspect the nearest coolant valve without entering a restricted room.,results/indicative-twin-hierarchy-b/raw/cases.jsonl,T3-T2,T3,T2,1,1,0,72a03c94793d947d39b93d52fa9d1ece2b6cefdfc7d55ca039b500110d67f216,53bd051cd63fe7a8212dd17b0671eedf5119907653ca35cac168701c98ea71aa
b,162,INSPECT_NEAREST_COOLANT,da5b3624afd0e8f0d27c0a39d0f296727a5aae1b8ddd1df50b00050cec58678d,NONE,0,[],[],false,0,Inspect the nearest coolant valve without entering a restricted room.,results/indicative-twin-hierarchy-b/raw/cases.jsonl,T4-T3,T4,T3,1,1,0,7d6d10dd2a8a67ad83c5698be30079e50bb23f6681a6f2bd014f3212ddacdc72,72a03c94793d947d39b93d52fa9d1ece2b6cefdfc7d55ca039b500110d67f216
b,162,INSPECT_VALVE7_WITH_ALTERNATE,065d66af52e729d098be4ac0728281a172063fbde3eb6b9b900a109b766f6b84,NONE,0,[],[],true,1,"Inspect Valve 7; if Door 3 is unavailable, use another route.",results/indicative-twin-hierarchy-b/raw/cases.jsonl,T3-T2,T3,T2,1,1,0,364e5c96e6e538f5f299e416ec0cef3982d2b4bc634134b69e1086aed1e63f64,59bdd0a2da2d49167d75267c61bc676646ff2e2fd4a8db26cf9a52bff8fff062
b,162,INSPECT_VALVE7_WITH_ALTERNATE,065d66af52e729d098be4ac0728281a172063fbde3eb6b9b900a109b766f6b84,NONE,0,[],[],true,1,"Inspect Valve 7; if Door 3 is unavailable, use another route.",results/indicative-twin-hierarchy-b/raw/cases.jsonl,T4-T3,T4,T3,1,1,0,86f8c446c2a5255bbf6a8d333fcbb9c7ca2725f872c7664326e3aa14d8709602,364e5c96e6e538f5f299e416ec0cef3982d2b4bc634134b69e1086aed1e63f64
b,162,REACH_PUMP2_WITH_RECHARGE,f1e4744ddde7401a4831e2cb4b09b1f89ce78f29936002c4e96cb16492e396c3,NONE,0,[],[],false,0,"Reach Pump 2, but recharge first if estimated battery is insufficient.",results/indicative-twin-hierarchy-b/raw/cases.jsonl,T3-T2,T3,T2,1,1,0,4e8ca2ffd19f00ae8eba42845c9243092b217afb702063ce4b4271f1857eb2f5,8b49fb767edf47fc665f0e9ce7a259d08a5d81ce6d0060041ba2f0629c8114ad
b,162,REACH_PUMP2_WITH_RECHARGE,f1e4744ddde7401a4831e2cb4b09b1f89ce78f29936002c4e96cb16492e396c3,NONE,0,[],[],false,0,"Reach Pump 2, but recharge first if estimated battery is insufficient.",results/indicative-twin-hierarchy-b/raw/cases.jsonl,T4-T3,T4,T3,1,1,0,e78c7c613b17136169c7ad6b5003833e2dbe7cd40e98084f9dc93a22e0d7c399,4e8ca2ffd19f00ae8eba42845c9243092b217afb702063ce4b4271f1857eb2f5
b,162,REPLAN_ON_RESTRICTION,64be1a6a84a0cf3662b09cfc448a9e6e9ebab0d7d96b16c40e0fd537c25765b8,ROOM_RESTRICTED+ROUTE_BLOCKED,2,"[""ROUTE_BLOCKED"",""ROOM_RESTRICTED""]","[""UNAVAILABLE"",""RESTRICTED""]",false,0,Inspect Valve 7 and replan if a room becomes restricted.,results/indicative-twin-hierarchy-b/raw/cases.jsonl,T3-T2,T3,T2,1,0,1,26e9cc5acda21939f18da8206b4a98ce691b5e13abcf5355fbc4240102aa3ace,8276253be1a14640e57a1f0b455db9cc8c34596e4699141f994562acfa02b34e
b,162,REPLAN_ON_RESTRICTION,64be1a6a84a0cf3662b09cfc448a9e6e9ebab0d7d96b16c40e0fd537c25765b8,ROOM_RESTRICTED+ROUTE_BLOCKED,2,"[""ROUTE_BLOCKED"",""ROOM_RESTRICTED""]","[""UNAVAILABLE"",""RESTRICTED""]",false,0,Inspect Valve 7 and replan if a room becomes restricted.,results/indicative-twin-hierarchy-b/raw/cases.jsonl,T4-T3,T4,T3,1,1,0,bd6c25f9565dbec348da2261996394e6ae8d214871f3749b1190c92f5a11483d,26e9cc5acda21939f18da8206b4a98ce691b5e13abcf5355fbc4240102aa3ace
b,162,STORE_CARRIED_TOOL,0102e70c37e25a95e02a4b53fe638b5377f7a1e480df0c4d790c960e8aa86a5a,ROUTE_BLOCKED,1,"[""ROUTE_BLOCKED""]","[""UNAVAILABLE""]",false,0,Find a safe location for the carried tool.,results/indicative-twin-hierarchy-b/raw/cases.jsonl,T3-T2,T3,T2,1,1,0,7ba7527e1caa8f6e43e4be010e0b1146b3b6983b453e7d06535d19563eba5361,322709dfa44180233e83cd5eb3ab20ac74a12b88365f0a312b824b73d4a26c20
b,162,STORE_CARRIED_TOOL,0102e70c37e25a95e02a4b53fe638b5377f7a1e480df0c4d790c960e8aa86a5a,ROUTE_BLOCKED,1,"[""ROUTE_BLOCKED""]","[""UNAVAILABLE""]",false,0,Find a safe location for the carried tool.,results/indicative-twin-hierarchy-b/raw/cases.jsonl,T4-T3,T4,T3,1,1,0,a2785c8c856814327c15aed5277906200a73b4db708ed0829ce1b59f2844bd7c,7ba7527e1caa8f6e43e4be010e0b1146b3b6983b453e7d06535d19563eba5361
b,163,INSPECT_NEAREST_COOLANT,7e92ec83630fc2bebd3d84f0c3fc4791ca0ea843e222c1bb25cad6b9a8604351,NONE,0,[],[],false,0,Safely inspect the nearest coolant valve without entering a restricted room.,results/indicative-twin-hierarchy-b/raw/cases.jsonl,T3-T2,T3,T2,1,0,1,0109d51b9aed17609d550b379e46007d9cbcf550c89b648b77f45893c037dd2c,7032c7f7ae2ac2b14a57cb15c900f55d143a63b8354adc1e697f44a177e289ce
b,163,INSPECT_NEAREST_COOLANT,7e92ec83630fc2bebd3d84f0c3fc4791ca0ea843e222c1bb25cad6b9a8604351,NONE,0,[],[],false,0,Safely inspect the nearest coolant valve without entering a restricted room.,results/indicative-twin-hierarchy-b/raw/cases.jsonl,T4-T3,T4,T3,1,1,0,e8b9eea8f120ffbb0387069b530c26ad16778a05a0fec920ed1701d50894a587,0109d51b9aed17609d550b379e46007d9cbcf550c89b648b77f45893c037dd2c
b,163,INSPECT_VALVE7_WITH_ALTERNATE,f40a4ef19251e64a508baf9efa1979a3fe1bfd9efe9895221e1704b1b65f80ce,ROUTE_BLOCKED,1,"[""ROUTE_BLOCKED""]","[""UNAVAILABLE""]",true,1,"Safely inspect Valve 7; if Door 3 is unavailable, use another route.",results/indicative-twin-hierarchy-b/raw/cases.jsonl,T3-T2,T3,T2,1,1,0,9e4f57c8a8a09aaebe5798c9e5c19399cb8b724a526d23fc00f5d45a60699803,c05f68fef613b86758875f98290a4e7e9dea1d3d250345030ba795dbb8f3afce
b,163,INSPECT_VALVE7_WITH_ALTERNATE,f40a4ef19251e64a508baf9efa1979a3fe1bfd9efe9895221e1704b1b65f80ce,ROUTE_BLOCKED,1,"[""ROUTE_BLOCKED""]","[""UNAVAILABLE""]",true,1,"Safely inspect Valve 7; if Door 3 is unavailable, use another route.",results/indicative-twin-hierarchy-b/raw/cases.jsonl,T4-T3,T4,T3,1,1,0,c13dd1d9f39e6caf061b3483729c297b22555196b813c6ed1b7e9bbf32a44567,9e4f57c8a8a09aaebe5798c9e5c19399cb8b724a526d23fc00f5d45a60699803
b,163,REACH_PUMP2_WITH_RECHARGE,ea2ac3bb10a9b3d8393c757f59bd591d8ac2067bf579e92c12a59be7d2671b85,ROUTE_BLOCKED,1,"[""ROUTE_BLOCKED""]","[""UNAVAILABLE""]",true,1,"Reach Pump 2, but recharge first if estimated battery is insufficient.",results/indicative-twin-hierarchy-b/raw/cases.jsonl,T3-T2,T3,T2,0,0,0,98b9b304747eccc893503417a6159079262ca14ee1e54cf34c0538165abeeaca,62c5bada02d9c154d115d27cedfbcaf72081d6abbcf27c7800365db9073a891e
b,163,REACH_PUMP2_WITH_RECHARGE,ea2ac3bb10a9b3d8393c757f59bd591d8ac2067bf579e92c12a59be7d2671b85,ROUTE_BLOCKED,1,"[""ROUTE_BLOCKED""]","[""UNAVAILABLE""]",true,1,"Reach Pump 2, but recharge first if estimated battery is insufficient.",results/indicative-twin-hierarchy-b/raw/cases.jsonl,T4-T3,T4,T3,0,0,0,d0113e939975c46a537b722064b5c05c1c711d64876699ef5c15e344e99b81de,98b9b304747eccc893503417a6159079262ca14ee1e54cf34c0538165abeeaca
b,163,REPLAN_ON_RESTRICTION,5990bf4349debb5f1444235f5e0041aa7cb22eb325e18394c6834085cb6ee980,ROOM_RESTRICTED+ROUTE_BLOCKED,2,"[""ROUTE_BLOCKED"",""ROOM_RESTRICTED""]","[""UNAVAILABLE"",""RESTRICTED""]",true,1,Safely inspect Valve 7 and replan if a room becomes restricted.,results/indicative-twin-hierarchy-b/raw/cases.jsonl,T3-T2,T3,T2,1,0,1,662a80f0c76f487be5c4d5054283836478638df1e758a20ea0be523ab02ca572,d633716087bf89d5d27a5e21107ce8ee58c6e1a36d0fd8f563c955a5109921fb
b,163,REPLAN_ON_RESTRICTION,5990bf4349debb5f1444235f5e0041aa7cb22eb325e18394c6834085cb6ee980,ROOM_RESTRICTED+ROUTE_BLOCKED,2,"[""ROUTE_BLOCKED"",""ROOM_RESTRICTED""]","[""UNAVAILABLE"",""RESTRICTED""]",true,1,Safely inspect Valve 7 and replan if a room becomes restricted.,results/indicative-twin-hierarchy-b/raw/cases.jsonl,T4-T3,T4,T3,1,1,0,a452586967ddfee207f3a683a9b9a9c56453df0c6be326000e1e0f2fcf4b9d67,662a80f0c76f487be5c4d5054283836478638df1e758a20ea0be523ab02ca572
b,163,STORE_CARRIED_TOOL,0d7771bf9466c3d452cdc0fe34a4ce13c4fa8dd574aa06d16e38c545c72bb83e,ROUTE_BLOCKED,1,"[""ROUTE_BLOCKED""]","[""UNAVAILABLE""]",true,1,Find a safe location for the carried tool.,results/indicative-twin-hierarchy-b/raw/cases.jsonl,T3-T2,T3,T2,1,0,1,90275d5424a40e1a0670aeab8ee37945c6f506d10696e9f054ad4298c781b0ce,26456e8d28e57605d0b0a08e1c9e3691e61f166d1e7d312c433dde9ca5992d43
b,163,STORE_CARRIED_TOOL,0d7771bf9466c3d452cdc0fe34a4ce13c4fa8dd574aa06d16e38c545c72bb83e,ROUTE_BLOCKED,1,"[""ROUTE_BLOCKED""]","[""UNAVAILABLE""]",true,1,Find a safe location for the carried tool.,results/indicative-twin-hierarchy-b/raw/cases.jsonl,T4-T3,T4,T3,1,1,0,6b813e0471b0f3837ce5b21542a26bc77fb7541410389402a9a2a2572c110570,90275d5424a40e1a0670aeab8ee37945c6f506d10696e9f054ad4298c781b0ce
b,164,INSPECT_NEAREST_COOLANT,10108865d124956a9d652a1836d3f420dc1dba5bdf2ee5332dbe92444b98dcfc,NONE,0,[],[],true,1,Inspect the nearest coolant valve without entering a restricted room.,results/indicative-twin-hierarchy-b/raw/cases.jsonl,T3-T2,T3,T2,1,0,1,8c8f0a88e67a8e7270077f3327349b96bcdb58210bd8045b7878f8ad68385e66,0eb4283258285ef123177e9e07d36af09146cc1ae83f1a35ce759a350d58f0f2
b,164,INSPECT_NEAREST_COOLANT,10108865d124956a9d652a1836d3f420dc1dba5bdf2ee5332dbe92444b98dcfc,NONE,0,[],[],true,1,Inspect the nearest coolant valve without entering a restricted room.,results/indicative-twin-hierarchy-b/raw/cases.jsonl,T4-T3,T4,T3,1,1,0,ad0b2a73ae001b96598e7544bdfb6b89675788a5ef334143a1e2392b23a20491,8c8f0a88e67a8e7270077f3327349b96bcdb58210bd8045b7878f8ad68385e66
b,164,INSPECT_VALVE7_WITH_ALTERNATE,ca9d6fd39d6a12cff3572134637fcda45c44aaef36d50eed467cbba777c56c4a,ROUTE_BLOCKED,1,"[""ROUTE_BLOCKED""]","[""UNAVAILABLE""]",false,0,"Inspect Valve 7; if Door 3 is unavailable, use another route.",results/indicative-twin-hierarchy-b/raw/cases.jsonl,T3-T2,T3,T2,1,0,1,9757d3c8201d7746c93f9f234203d7b804e9294a0bc64987409178915db814a3,937698720b7420645008135b7c1e4eb0376640d4d7a71a8e02c680060c8fa076
b,164,INSPECT_VALVE7_WITH_ALTERNATE,ca9d6fd39d6a12cff3572134637fcda45c44aaef36d50eed467cbba777c56c4a,ROUTE_BLOCKED,1,"[""ROUTE_BLOCKED""]","[""UNAVAILABLE""]",false,0,"Inspect Valve 7; if Door 3 is unavailable, use another route.",results/indicative-twin-hierarchy-b/raw/cases.jsonl,T4-T3,T4,T3,1,1,0,271bd67403d896a5e0d658e2134756a78f35473a31f996a4fdb27d963a7dbfd1,9757d3c8201d7746c93f9f234203d7b804e9294a0bc64987409178915db814a3
b,164,REACH_PUMP2_WITH_RECHARGE,c80ebc40608319584ba30a1ca8e921fb222660d8ba916b58def707af172aeca8,NONE,0,[],[],true,1,"Reach Pump 2, but recharge first if estimated battery is insufficient.",results/indicative-twin-hierarchy-b/raw/cases.jsonl,T3-T2,T3,T2,0,0,0,3dade0f7d3dec1ad0ce08f97b1d29488dc08415bef199d234d2039f959fdc89e,5bc067b095b98474b891c47ace7778e19c027238633ce568452560a5d4e51fcc
b,164,REACH_PUMP2_WITH_RECHARGE,c80ebc40608319584ba30a1ca8e921fb222660d8ba916b58def707af172aeca8,NONE,0,[],[],true,1,"Reach Pump 2, but recharge first if estimated battery is insufficient.",results/indicative-twin-hierarchy-b/raw/cases.jsonl,T4-T3,T4,T3,0,0,0,e8052f62a1a15e841f6becfb468a85944eca6ada5dc090fc357c11f7af7ca7d5,3dade0f7d3dec1ad0ce08f97b1d29488dc08415bef199d234d2039f959fdc89e
b,164,REPLAN_ON_RESTRICTION,186e83e30c7018709913c855b5de515844f78d1a752fdd3cde3308cb2135c5e8,ROOM_RESTRICTED,1,"[""ROOM_RESTRICTED""]","[""RESTRICTED""]",true,1,Inspect Valve 7 and replan if a room becomes restricted.,results/indicative-twin-hierarchy-b/raw/cases.jsonl,T3-T2,T3,T2,1,0,1,66bbe0a979181c4caee01f19e0f6ec31fb2f4c29ecf3f4f94447ea8df81c1afc,1bcce7edb1e70a8edff33401e5735ade29f0153d82a6ff2a865b1f79a146851f
b,164,REPLAN_ON_RESTRICTION,186e83e30c7018709913c855b5de515844f78d1a752fdd3cde3308cb2135c5e8,ROOM_RESTRICTED,1,"[""ROOM_RESTRICTED""]","[""RESTRICTED""]",true,1,Inspect Valve 7 and replan if a room becomes restricted.,results/indicative-twin-hierarchy-b/raw/cases.jsonl,T4-T3,T4,T3,1,1,0,528a21f5d2dda2959fd05f0b429f5f685c68d3d75baa2cece9ad38e76f058cd2,66bbe0a979181c4caee01f19e0f6ec31fb2f4c29ecf3f4f94447ea8df81c1afc
b,164,STORE_CARRIED_TOOL,963659b5ef172041a385811a02357a7aeb5776a8c89b255642ae143f82fe455b,ROUTE_BLOCKED,1,"[""ROUTE_BLOCKED""]","[""UNAVAILABLE""]",false,0,Find a safe location for the carried tool.,results/indicative-twin-hierarchy-b/raw/cases.jsonl,T3-T2,T3,T2,1,1,0,73d99a980d2060e7b058c537756dfaa5b0de75eefa9f971d9fd6ecd326a97c1a,1f6a867dd493607b6b49ef5b0dbce089d949d8395450a461bd1b276c3ac41e13
b,164,STORE_CARRIED_TOOL,963659b5ef172041a385811a02357a7aeb5776a8c89b255642ae143f82fe455b,ROUTE_BLOCKED,1,"[""ROUTE_BLOCKED""]","[""UNAVAILABLE""]",false,0,Find a safe location for the carried tool.,results/indicative-twin-hierarchy-b/raw/cases.jsonl,T4-T3,T4,T3,1,1,0,137454256b570e57f01d27367614b8f017038a68c8854aa5510db8d4e8d5f9c3,73d99a980d2060e7b058c537756dfaa5b0de75eefa9f971d9fd6ecd326a97c1a
b,165,INSPECT_NEAREST_COOLANT,9ffd0cb9955b2193399ee01994cf89b2d08c234244fd05acce7e58dd5bc697da,INSTRUCTION_CHANGED+ROUTE_BLOCKED,2,"[""ROUTE_BLOCKED"",""INSTRUCTION_CHANGED""]","[""UNAVAILABLE"",""AVOID_ROOM:ElectricalRoom""]",false,0,Safely inspect the nearest coolant valve without entering a restricted room.,results/indicative-twin-hierarchy-b/raw/cases.jsonl,T3-T2,T3,T2,1,0,1,6a089e613a487fb2b02b26f24df716cea26448d456a28dd35b7b77d8a84f8b25,f2c663ad08138742b6f6c34843f85e20f99f44bc8972bbd0a9805dea0e51ac63
b,165,INSPECT_NEAREST_COOLANT,9ffd0cb9955b2193399ee01994cf89b2d08c234244fd05acce7e58dd5bc697da,INSTRUCTION_CHANGED+ROUTE_BLOCKED,2,"[""ROUTE_BLOCKED"",""INSTRUCTION_CHANGED""]","[""UNAVAILABLE"",""AVOID_ROOM:ElectricalRoom""]",false,0,Safely inspect the nearest coolant valve without entering a restricted room.,results/indicative-twin-hierarchy-b/raw/cases.jsonl,T4-T3,T4,T3,1,1,0,088545c627f117876986e13cd5fe7fecd3388bf705b98e86891c3dd699bfe704,6a089e613a487fb2b02b26f24df716cea26448d456a28dd35b7b77d8a84f8b25
b,165,INSPECT_VALVE7_WITH_ALTERNATE,f9ec7fd5bb13f723f65a7161500b26df4fe5f07ead0ef38d59060228271d4ce6,INSTRUCTION_CHANGED,1,"[""INSTRUCTION_CHANGED""]","[""AVOID_ROOM:ElectricalRoom""]",true,1,"Safely inspect Valve 7; if Door 3 is unavailable, use another route.",results/indicative-twin-hierarchy-b/raw/cases.jsonl,T3-T2,T3,T2,0,0,0,6a2f92d4a907e8e9f38433f47a092a4593930509411d056c689a3aa100632277,a480bd89c1652d15e49beee58232957e5b9ea272c01bc31c8355abd82ff4d396
b,165,INSPECT_VALVE7_WITH_ALTERNATE,f9ec7fd5bb13f723f65a7161500b26df4fe5f07ead0ef38d59060228271d4ce6,INSTRUCTION_CHANGED,1,"[""INSTRUCTION_CHANGED""]","[""AVOID_ROOM:ElectricalRoom""]",true,1,"Safely inspect Valve 7; if Door 3 is unavailable, use another route.",results/indicative-twin-hierarchy-b/raw/cases.jsonl,T4-T3,T4,T3,0,0,0,c495f5b989b6020a5a4099bbc71f5c708861a3cd968d4fa2cff3cf3e5a914d37,6a2f92d4a907e8e9f38433f47a092a4593930509411d056c689a3aa100632277
b,165,REACH_PUMP2_WITH_RECHARGE,3768e9afbf13f9bde56b861caa0f817d79dd3869e3476da135e5e890bc8ec8ea,INSTRUCTION_CHANGED,1,"[""INSTRUCTION_CHANGED""]","[""AVOID_ROOM:ElectricalRoom""]",true,1,"Reach Pump 2, but recharge first if estimated battery is insufficient.",results/indicative-twin-hierarchy-b/raw/cases.jsonl,T3-T2,T3,T2,0,0,0,dbd4abf4aaa8c92b359c0685130170e932c2ce510c23774929b532567227731e,78e95fcac26ddd53799dfb8f06a857383e061cc73145714a7049ba795149f782
b,165,REACH_PUMP2_WITH_RECHARGE,3768e9afbf13f9bde56b861caa0f817d79dd3869e3476da135e5e890bc8ec8ea,INSTRUCTION_CHANGED,1,"[""INSTRUCTION_CHANGED""]","[""AVOID_ROOM:ElectricalRoom""]",true,1,"Reach Pump 2, but recharge first if estimated battery is insufficient.",results/indicative-twin-hierarchy-b/raw/cases.jsonl,T4-T3,T4,T3,0,0,0,41174253c2b5129bcca79ca05696f1ae8714c575519dc60c050c4f5e45c75dc3,dbd4abf4aaa8c92b359c0685130170e932c2ce510c23774929b532567227731e
b,165,REPLAN_ON_RESTRICTION,69fd63141e36a376289779675b2008425cb96f4b8b0bfad47894c37f0567a7a3,INSTRUCTION_CHANGED+ROOM_RESTRICTED,2,"[""INSTRUCTION_CHANGED"",""ROOM_RESTRICTED""]","[""AVOID_ROOM:ElectricalRoom"",""RESTRICTED""]",false,0,Safely inspect Valve 7 and replan if a room becomes restricted.,results/indicative-twin-hierarchy-b/raw/cases.jsonl,T3-T2,T3,T2,0,0,0,416a4d1a85497ca44adcf528d6413ca1ad879b0bda81ae7d2933d7167f65336f,42c019c58406b4fa4c9e73a7fb0f3ea5308647b70fa292fedfc5f6d95eceb21c
b,165,REPLAN_ON_RESTRICTION,69fd63141e36a376289779675b2008425cb96f4b8b0bfad47894c37f0567a7a3,INSTRUCTION_CHANGED+ROOM_RESTRICTED,2,"[""INSTRUCTION_CHANGED"",""ROOM_RESTRICTED""]","[""AVOID_ROOM:ElectricalRoom"",""RESTRICTED""]",false,0,Safely inspect Valve 7 and replan if a room becomes restricted.,results/indicative-twin-hierarchy-b/raw/cases.jsonl,T4-T3,T4,T3,0,0,0,1ea267a4d2974da876e863ef5328912f655767afa0b361e6fb2381ec6668a075,416a4d1a85497ca44adcf528d6413ca1ad879b0bda81ae7d2933d7167f65336f
b,165,STORE_CARRIED_TOOL,cb369bad4628f18d97e653ba8efc6ee9916ba7d6136c6dc250d6833360788041,INSTRUCTION_CHANGED,1,"[""INSTRUCTION_CHANGED""]","[""AVOID_ROOM:ElectricalRoom""]",false,0,Find a safe location for the carried tool.,results/indicative-twin-hierarchy-b/raw/cases.jsonl,T3-T2,T3,T2,1,1,0,c8ca647621d7d8322d7ccdee2ddb57f4f936698216ba5860229884621423dc4a,6f8c0d0eb31cd1b0ab17afeb65177cf551c9de71b592fc9e6035daffdcb34016
b,165,STORE_CARRIED_TOOL,cb369bad4628f18d97e653ba8efc6ee9916ba7d6136c6dc250d6833360788041,INSTRUCTION_CHANGED,1,"[""INSTRUCTION_CHANGED""]","[""AVOID_ROOM:ElectricalRoom""]",false,0,Find a safe location for the carried tool.,results/indicative-twin-hierarchy-b/raw/cases.jsonl,T4-T3,T4,T3,1,1,0,a912e59044696e9ae0218e53b3109c1217bb8766652a17167d5beb19d022aa54,c8ca647621d7d8322d7ccdee2ddb57f4f936698216ba5860229884621423dc4a
b,166,INSPECT_NEAREST_COOLANT,39a0f82f4df0199b51bd1e82aede5a00d263fc8faaaf7e45d9ac9d0b351620d4,ROUTE_BLOCKED,1,"[""ROUTE_BLOCKED""]","[""UNAVAILABLE""]",true,1,Inspect the nearest coolant valve without entering a restricted room.,results/indicative-twin-hierarchy-b/raw/cases.jsonl,T3-T2,T3,T2,1,0,1,64adc142246f45b35fe2c9f32bc93a2ad7b989cf5ddeab7bc1f340938c28f2a0,90f937fedfcd8c5223b076e928dea715127ed43e413c71564e4cf55236559dbe
b,166,INSPECT_NEAREST_COOLANT,39a0f82f4df0199b51bd1e82aede5a00d263fc8faaaf7e45d9ac9d0b351620d4,ROUTE_BLOCKED,1,"[""ROUTE_BLOCKED""]","[""UNAVAILABLE""]",true,1,Inspect the nearest coolant valve without entering a restricted room.,results/indicative-twin-hierarchy-b/raw/cases.jsonl,T4-T3,T4,T3,1,1,0,fa9d55b400d06b344642bd30ffaff0e10044ddc671c1c22de68204c7d8eb7ba6,64adc142246f45b35fe2c9f32bc93a2ad7b989cf5ddeab7bc1f340938c28f2a0
b,166,INSPECT_VALVE7_WITH_ALTERNATE,313504ea6d1f2267c902eb6521ccb71ee377d9724e7db4fbeee5a851d8b58f70,ROUTE_BLOCKED,1,"[""ROUTE_BLOCKED""]","[""UNAVAILABLE""]",true,1,"Inspect Valve 7; if Door 3 is unavailable, use another route.",results/indicative-twin-hierarchy-b/raw/cases.jsonl,T3-T2,T3,T2,1,0,1,3adeda274c3f70b078a5d01843702005f95e29c50686b693e299ca6bda39f42c,bfd38be3e2a51541f90286789b44b638714228f75501ef34d017ed868fb47663
b,166,INSPECT_VALVE7_WITH_ALTERNATE,313504ea6d1f2267c902eb6521ccb71ee377d9724e7db4fbeee5a851d8b58f70,ROUTE_BLOCKED,1,"[""ROUTE_BLOCKED""]","[""UNAVAILABLE""]",true,1,"Inspect Valve 7; if Door 3 is unavailable, use another route.",results/indicative-twin-hierarchy-b/raw/cases.jsonl,T4-T3,T4,T3,1,1,0,4e823aa960c49105562e18355d3e13a754b250b1bbd28a909793e7643b2cee40,3adeda274c3f70b078a5d01843702005f95e29c50686b693e299ca6bda39f42c
b,166,REACH_PUMP2_WITH_RECHARGE,ca98065b1fac33d8d505c4631562c5c2a728bb9d3921f877207a31ba43abdf65,ROUTE_BLOCKED,1,"[""ROUTE_BLOCKED""]","[""UNAVAILABLE""]",true,1,"Reach Pump 2, but recharge first if estimated battery is insufficient.",results/indicative-twin-hierarchy-b/raw/cases.jsonl,T3-T2,T3,T2,0,0,0,834ce6def56ea1df4b0fe44bc2b3f61c9549689272b4f921cfe2934854983c7f,b1e39b1e49276a767e3d98bc7b25fea12e0c63544919d7fabf911486638c1cc6
b,166,REACH_PUMP2_WITH_RECHARGE,ca98065b1fac33d8d505c4631562c5c2a728bb9d3921f877207a31ba43abdf65,ROUTE_BLOCKED,1,"[""ROUTE_BLOCKED""]","[""UNAVAILABLE""]",true,1,"Reach Pump 2, but recharge first if estimated battery is insufficient.",results/indicative-twin-hierarchy-b/raw/cases.jsonl,T4-T3,T4,T3,0,0,0,9373411024f4e49fb4f97c85d048d493c34831ae12a9defd6bde2107291e9617,834ce6def56ea1df4b0fe44bc2b3f61c9549689272b4f921cfe2934854983c7f
b,166,REPLAN_ON_RESTRICTION,3dd4739bba9897bd9b1e0f48e8303d7f84a1e0c57fd725f8ecff7168e8077223,ROOM_RESTRICTED,1,"[""ROOM_RESTRICTED""]","[""RESTRICTED""]",false,0,Inspect Valve 7 and replan if a room becomes restricted.,results/indicative-twin-hierarchy-b/raw/cases.jsonl,T3-T2,T3,T2,1,0,1,547ad31d7a967a6cbbb0d763bcbf3b668003b9b9b29a277fe5230c32d79a77f5,ccf8eeb860518c10dfc34bd59b7fa8a5662f884235ac3beeb701723697a550f2
b,166,REPLAN_ON_RESTRICTION,3dd4739bba9897bd9b1e0f48e8303d7f84a1e0c57fd725f8ecff7168e8077223,ROOM_RESTRICTED,1,"[""ROOM_RESTRICTED""]","[""RESTRICTED""]",false,0,Inspect Valve 7 and replan if a room becomes restricted.,results/indicative-twin-hierarchy-b/raw/cases.jsonl,T4-T3,T4,T3,1,1,0,1b46099f238b26c5f775dcb3f29d98239d53ee8baad64489ecdd7c5a2ef4fd26,547ad31d7a967a6cbbb0d763bcbf3b668003b9b9b29a277fe5230c32d79a77f5
b,166,STORE_CARRIED_TOOL,c3f984994a0565e8f89bc331321ca46c9365bf364fe9a93fd3f72b0764ab5cd9,NONE,0,[],[],false,0,Find a safe location for the carried tool.,results/indicative-twin-hierarchy-b/raw/cases.jsonl,T3-T2,T3,T2,1,1,0,9e760cb0c66d07fddfca9693b92a0ba8c6001d4bb9c5a0ae252fce967d0e277e,2e73c1e87b012906601142bb56bf067f07e1d1d31d76ca49caee12178b55d51f
b,166,STORE_CARRIED_TOOL,c3f984994a0565e8f89bc331321ca46c9365bf364fe9a93fd3f72b0764ab5cd9,NONE,0,[],[],false,0,Find a safe location for the carried tool.,results/indicative-twin-hierarchy-b/raw/cases.jsonl,T4-T3,T4,T3,1,1,0,0ef1332805dd04134c8c098533e6a147b2ac831ae4fa1a2a34582b08857070aa,9e760cb0c66d07fddfca9693b92a0ba8c6001d4bb9c5a0ae252fce967d0e277e
b,167,INSPECT_NEAREST_COOLANT,90a0d7fef35de90a3e360973da15b8ef68925a31fad6f7d6acfb8f599d2b25b1,ROUTE_BLOCKED,1,"[""ROUTE_BLOCKED""]","[""UNAVAILABLE""]",false,0,Safely inspect the nearest coolant valve without entering a restricted room.,results/indicative-twin-hierarchy-b/raw/cases.jsonl,T3-T2,T3,T2,0,0,0,75822d8aedc4c36d0a806147481630c051e669e17c8913c1ee067cabec675aad,5f4e123955a87028bb2dddf845229e6bbb9c86ec8524d96d5b0aaca5965de258
b,167,INSPECT_NEAREST_COOLANT,90a0d7fef35de90a3e360973da15b8ef68925a31fad6f7d6acfb8f599d2b25b1,ROUTE_BLOCKED,1,"[""ROUTE_BLOCKED""]","[""UNAVAILABLE""]",false,0,Safely inspect the nearest coolant valve without entering a restricted room.,results/indicative-twin-hierarchy-b/raw/cases.jsonl,T4-T3,T4,T3,0,0,0,454111fc6ae47e6cd95158589cab80060713fa9adfd3ed51648351120ef25ad1,75822d8aedc4c36d0a806147481630c051e669e17c8913c1ee067cabec675aad
b,167,INSPECT_VALVE7_WITH_ALTERNATE,f0ecdc8196ce2073431f107a22edd9bdb6d6ed818367b51a002e09f7cfea4faf,NONE,0,[],[],true,1,"Safely inspect Valve 7; if Door 3 is unavailable, use another route.",results/indicative-twin-hierarchy-b/raw/cases.jsonl,T3-T2,T3,T2,1,1,0,beadfb64d0ed5b9e4e4e531ea911aca323138329ab92909aa832c53cdb9d507f,44e0c4c21a5a7afa283b2d824028120e91536e77310c801e347d773266e32ac9
b,167,INSPECT_VALVE7_WITH_ALTERNATE,f0ecdc8196ce2073431f107a22edd9bdb6d6ed818367b51a002e09f7cfea4faf,NONE,0,[],[],true,1,"Safely inspect Valve 7; if Door 3 is unavailable, use another route.",results/indicative-twin-hierarchy-b/raw/cases.jsonl,T4-T3,T4,T3,1,1,0,dc9358049f764a7d011888ec168f1f305168da0483a1833a863f13dec31d00be,beadfb64d0ed5b9e4e4e531ea911aca323138329ab92909aa832c53cdb9d507f
b,167,REACH_PUMP2_WITH_RECHARGE,a6a0afc1a74ab16618f3795e80d41408600d6f4e4f0e06df90f096521e707996,NONE,0,[],[],true,1,"Reach Pump 2, but recharge first if estimated battery is insufficient.",results/indicative-twin-hierarchy-b/raw/cases.jsonl,T3-T2,T3,T2,1,1,0,d8799a69e0d5903e5bed291bb1fa291ca7c489e147eb04057444452b6400f47e,a5aeff54b9862324978cf2064489d71a2c135f1593f36b551c7f38d2324581cc
b,167,REACH_PUMP2_WITH_RECHARGE,a6a0afc1a74ab16618f3795e80d41408600d6f4e4f0e06df90f096521e707996,NONE,0,[],[],true,1,"Reach Pump 2, but recharge first if estimated battery is insufficient.",results/indicative-twin-hierarchy-b/raw/cases.jsonl,T4-T3,T4,T3,1,1,0,4338b84787144d2c1cb994970e4be2635fcaa01eb53dd0afa9b9c6039d25619b,d8799a69e0d5903e5bed291bb1fa291ca7c489e147eb04057444452b6400f47e
b,167,REPLAN_ON_RESTRICTION,81450939e48e474e66ae64ca17b172fce1276aaa89b7bd12882b450170fac2d4,ROOM_RESTRICTED,1,"[""ROOM_RESTRICTED""]","[""RESTRICTED""]",false,0,Safely inspect Valve 7 and replan if a room becomes restricted.,results/indicative-twin-hierarchy-b/raw/cases.jsonl,T3-T2,T3,T2,1,0,1,475c01bbf984a7cae4fd20a6402b1ec2d31b870ed825e6ccb6fabeb6020fd68e,e38b2596c5144bc096728bd1a168c79b282e2b7f1f49d36975859edbd5e9cdf3
b,167,REPLAN_ON_RESTRICTION,81450939e48e474e66ae64ca17b172fce1276aaa89b7bd12882b450170fac2d4,ROOM_RESTRICTED,1,"[""ROOM_RESTRICTED""]","[""RESTRICTED""]",false,0,Safely inspect Valve 7 and replan if a room becomes restricted.,results/indicative-twin-hierarchy-b/raw/cases.jsonl,T4-T3,T4,T3,1,1,0,535a29991e2dafda991cf394721a0e873f4d007595d91b6356cd9761c3f7609e,475c01bbf984a7cae4fd20a6402b1ec2d31b870ed825e6ccb6fabeb6020fd68e
b,167,STORE_CARRIED_TOOL,9435d5ca38f3ab81bd74e100be4bd768255b6a7d0111a7ab5fc20b5cc0260a5e,ROUTE_BLOCKED,1,"[""ROUTE_BLOCKED""]","[""UNAVAILABLE""]",true,1,Find a safe location for the carried tool.,results/indicative-twin-hierarchy-b/raw/cases.jsonl,T3-T2,T3,T2,1,0,1,f0eeaa018788088340b518eceb342023dee735016b3715add6ee78b2f1a87d83,60d27a56fbdfb98c2041817d83d6e96545d7936a419639358b0230fd31d29647
b,167,STORE_CARRIED_TOOL,9435d5ca38f3ab81bd74e100be4bd768255b6a7d0111a7ab5fc20b5cc0260a5e,ROUTE_BLOCKED,1,"[""ROUTE_BLOCKED""]","[""UNAVAILABLE""]",true,1,Find a safe location for the carried tool.,results/indicative-twin-hierarchy-b/raw/cases.jsonl,T4-T3,T4,T3,1,1,0,c0a898632e4ffe285f36da67131f4b82139ce6a5beef15fe21d09fa23216b826,f0eeaa018788088340b518eceb342023dee735016b3715add6ee78b2f1a87d83
b,168,INSPECT_NEAREST_COOLANT,f24b760b61fc17302c9d9fac4e74a98c8e4e00cad1ac09a62215dd715bf18390,ROUTE_BLOCKED,1,"[""ROUTE_BLOCKED""]","[""UNAVAILABLE""]",true,1,Inspect the nearest coolant valve without entering a restricted room.,results/indicative-twin-hierarchy-b/raw/cases.jsonl,T3-T2,T3,T2,1,1,0,7038f784e8d8ffa1c079a049c2a4b580cf4d3f4000e2b7119affab37cc6c64ac,a4e65de5f983bfebe83c005d8cd2ff1d83942ce49fa4ed438332f662d324276a
b,168,INSPECT_NEAREST_COOLANT,f24b760b61fc17302c9d9fac4e74a98c8e4e00cad1ac09a62215dd715bf18390,ROUTE_BLOCKED,1,"[""ROUTE_BLOCKED""]","[""UNAVAILABLE""]",true,1,Inspect the nearest coolant valve without entering a restricted room.,results/indicative-twin-hierarchy-b/raw/cases.jsonl,T4-T3,T4,T3,1,1,0,6811d2b10f65068d8bb83be6a025ea78ffadbebc2dc3d03848234e8174f11bdc,7038f784e8d8ffa1c079a049c2a4b580cf4d3f4000e2b7119affab37cc6c64ac
b,168,INSPECT_VALVE7_WITH_ALTERNATE,fe2285e9243d953227f849e6c17dc74cb2569a1e9914a186aa326260bd6ab144,ROUTE_BLOCKED,1,"[""ROUTE_BLOCKED""]","[""UNAVAILABLE""]",true,1,"Inspect Valve 7; if Door 3 is unavailable, use another route.",results/indicative-twin-hierarchy-b/raw/cases.jsonl,T3-T2,T3,T2,0,0,0,72238f2747d69e910fa56a9f39ecda8fc5ef3ebdcbedcaaefa3c23e26b9af493,8c9f8366456e1fce1a982c77f35e3f400f3ded4720a8a4f210dfa07e4ff5eb37
b,168,INSPECT_VALVE7_WITH_ALTERNATE,fe2285e9243d953227f849e6c17dc74cb2569a1e9914a186aa326260bd6ab144,ROUTE_BLOCKED,1,"[""ROUTE_BLOCKED""]","[""UNAVAILABLE""]",true,1,"Inspect Valve 7; if Door 3 is unavailable, use another route.",results/indicative-twin-hierarchy-b/raw/cases.jsonl,T4-T3,T4,T3,1,0,1,f1a862583c43a2146dd33f34d0d08827c82b683aff55cde0469e5d0a26b1f397,72238f2747d69e910fa56a9f39ecda8fc5ef3ebdcbedcaaefa3c23e26b9af493
b,168,REACH_PUMP2_WITH_RECHARGE,dc4867d9f26194966a0f67ad51f2d4c3d96dba0a22dc38c590cd3477768c4e40,ROUTE_BLOCKED,1,"[""ROUTE_BLOCKED""]","[""UNAVAILABLE""]",false,0,"Reach Pump 2, but recharge first if estimated battery is insufficient.",results/indicative-twin-hierarchy-b/raw/cases.jsonl,T3-T2,T3,T2,1,0,1,b0cf1872d6ce64328597a4915738e72e8e83811f6c73773447941085926db43a,8dbe4d923839c7c8dc2362e81edb2b22a836ea2df63315a4c59027519101c8d5
b,168,REACH_PUMP2_WITH_RECHARGE,dc4867d9f26194966a0f67ad51f2d4c3d96dba0a22dc38c590cd3477768c4e40,ROUTE_BLOCKED,1,"[""ROUTE_BLOCKED""]","[""UNAVAILABLE""]",false,0,"Reach Pump 2, but recharge first if estimated battery is insufficient.",results/indicative-twin-hierarchy-b/raw/cases.jsonl,T4-T3,T4,T3,1,1,0,61d527b4f1ce2ea72d088cba68883738b4c73e8052a2cb274dfa1487a5c22c80,b0cf1872d6ce64328597a4915738e72e8e83811f6c73773447941085926db43a
b,168,REPLAN_ON_RESTRICTION,485eb14c8ea1693a21fb4eb32c31a60cfd2ef62e981ecebc2a299e33ba99fc78,ROOM_RESTRICTED,1,"[""ROOM_RESTRICTED""]","[""RESTRICTED""]",true,1,Inspect Valve 7 and replan if a room becomes restricted.,results/indicative-twin-hierarchy-b/raw/cases.jsonl,T3-T2,T3,T2,1,0,1,22a48e6e68f89fbb7953523722748f6cad0489d823eb9ecf4b444afbbb339566,a4abcaf374b957190402fee0ae0ba4c5e93a14de02227e96b0e375dd347a17df
b,168,REPLAN_ON_RESTRICTION,485eb14c8ea1693a21fb4eb32c31a60cfd2ef62e981ecebc2a299e33ba99fc78,ROOM_RESTRICTED,1,"[""ROOM_RESTRICTED""]","[""RESTRICTED""]",true,1,Inspect Valve 7 and replan if a room becomes restricted.,results/indicative-twin-hierarchy-b/raw/cases.jsonl,T4-T3,T4,T3,1,1,0,42a3241bafdbae53a0e4a45b04323b8a3f4d0aba2cd99ecf59e69c1013ea2db3,22a48e6e68f89fbb7953523722748f6cad0489d823eb9ecf4b444afbbb339566
b,168,STORE_CARRIED_TOOL,7b193a1a8bf36fd03cab3c4b38612328d5dbdd943d51bbd0fd6fa129b7144201,ROUTE_BLOCKED,1,"[""ROUTE_BLOCKED""]","[""UNAVAILABLE""]",true,1,Find a safe location for the carried tool.,results/indicative-twin-hierarchy-b/raw/cases.jsonl,T3-T2,T3,T2,1,0,1,fd93860cbfd350888eb9634016269519beb49d298ebe66b23d468271134473b3,c1654252955593faaeb4d443059e04b0f73b12a44329224364301f4595d9a596
b,168,STORE_CARRIED_TOOL,7b193a1a8bf36fd03cab3c4b38612328d5dbdd943d51bbd0fd6fa129b7144201,ROUTE_BLOCKED,1,"[""ROUTE_BLOCKED""]","[""UNAVAILABLE""]",true,1,Find a safe location for the carried tool.,results/indicative-twin-hierarchy-b/raw/cases.jsonl,T4-T3,T4,T3,1,1,0,bba71a8bbb86f4d2b152fb35a044733aa34c019669541971fb800dc236a2a8da,fd93860cbfd350888eb9634016269519beb49d298ebe66b23d468271134473b3
b,169,INSPECT_NEAREST_COOLANT,fdb998d496f4c12ac17b8c3e3b2eddcbf2d0381c0a37a5918255e35a23f0403a,ROUTE_BLOCKED,1,"[""ROUTE_BLOCKED""]","[""UNAVAILABLE""]",true,1,Safely inspect the nearest coolant valve without entering a restricted room.,results/indicative-twin-hierarchy-b/raw/cases.jsonl,T3-T2,T3,T2,1,0,1,4864eab19cb25e97c6eec429afe6663c025b376e68b54b4e0cd1afa1a3390625,9236ab9a97d850fac30063df6808b0539898ee56da0223f0f2c3613f0ef6eb9e
b,169,INSPECT_NEAREST_COOLANT,fdb998d496f4c12ac17b8c3e3b2eddcbf2d0381c0a37a5918255e35a23f0403a,ROUTE_BLOCKED,1,"[""ROUTE_BLOCKED""]","[""UNAVAILABLE""]",true,1,Safely inspect the nearest coolant valve without entering a restricted room.,results/indicative-twin-hierarchy-b/raw/cases.jsonl,T4-T3,T4,T3,1,1,0,b6cc08e904e3ad70b818b334bb317ff3cfc146538f96c0814c313a0eb70af858,4864eab19cb25e97c6eec429afe6663c025b376e68b54b4e0cd1afa1a3390625
b,169,INSPECT_VALVE7_WITH_ALTERNATE,074ecf67b4ea8535ae88b58ba46204c508cf31629b91a7cf2985e3a792abe0eb,NONE,0,[],[],true,1,"Safely inspect Valve 7; if Door 3 is unavailable, use another route.",results/indicative-twin-hierarchy-b/raw/cases.jsonl,T3-T2,T3,T2,1,1,0,6bbe2bc7daa3585556a9b4d9db2fe67bb18a7a79bde6b3737ef481cd40124255,64311b4b9cf1d2b165eaf05b7774e1444f28d53759d3c051998255df65ead448
b,169,INSPECT_VALVE7_WITH_ALTERNATE,074ecf67b4ea8535ae88b58ba46204c508cf31629b91a7cf2985e3a792abe0eb,NONE,0,[],[],true,1,"Safely inspect Valve 7; if Door 3 is unavailable, use another route.",results/indicative-twin-hierarchy-b/raw/cases.jsonl,T4-T3,T4,T3,1,1,0,e2f2804c43b707df53d9a56977b9b850a6875b1b90e9124fcc50d9727fceb8d5,6bbe2bc7daa3585556a9b4d9db2fe67bb18a7a79bde6b3737ef481cd40124255
b,169,REACH_PUMP2_WITH_RECHARGE,a3f15d70a1bfdb7936397525920c572569198438cd6677b4156d2173fcd5368e,NONE,0,[],[],true,1,"Reach Pump 2, but recharge first if estimated battery is insufficient.",results/indicative-twin-hierarchy-b/raw/cases.jsonl,T3-T2,T3,T2,0,0,0,f0369d35366df4f544019ce833b076764779868a125221244ddbaf60141ca447,c64eac3cbbafd908b05c746092924f1096a6a027427e5bac63cf39c6a3ce348f
b,169,REACH_PUMP2_WITH_RECHARGE,a3f15d70a1bfdb7936397525920c572569198438cd6677b4156d2173fcd5368e,NONE,0,[],[],true,1,"Reach Pump 2, but recharge first if estimated battery is insufficient.",results/indicative-twin-hierarchy-b/raw/cases.jsonl,T4-T3,T4,T3,0,0,0,c680adc0f8c1b69e405b4938a2697ca2794788e48ca52b96a5d8b99403d5ea75,f0369d35366df4f544019ce833b076764779868a125221244ddbaf60141ca447
b,169,REPLAN_ON_RESTRICTION,a4cb1a11d6fc9d850c787d1ef2beb10491573164703e722eeac3747bd7cc3fac,ROOM_RESTRICTED,1,"[""ROOM_RESTRICTED""]","[""RESTRICTED""]",true,1,Safely inspect Valve 7 and replan if a room becomes restricted.,results/indicative-twin-hierarchy-b/raw/cases.jsonl,T3-T2,T3,T2,1,0,1,4a9529443d7962d2ea6ac2632ee2571c3b8c2fb74cb9a1fe966ec4ca8a3c1c01,374040e5cfb90fee83ee63e8eac73331a9a5c037518fcaf597fa67d761903deb
b,169,REPLAN_ON_RESTRICTION,a4cb1a11d6fc9d850c787d1ef2beb10491573164703e722eeac3747bd7cc3fac,ROOM_RESTRICTED,1,"[""ROOM_RESTRICTED""]","[""RESTRICTED""]",true,1,Safely inspect Valve 7 and replan if a room becomes restricted.,results/indicative-twin-hierarchy-b/raw/cases.jsonl,T4-T3,T4,T3,1,1,0,6a680f25e542bc621215778a50a89dcfe57dd1ba4c9d8a43ed113fdcfaea52d1,4a9529443d7962d2ea6ac2632ee2571c3b8c2fb74cb9a1fe966ec4ca8a3c1c01
b,169,STORE_CARRIED_TOOL,00df4ce1acdec7f2a86dddfd21f3ded3ad4bf956f5c891c48c5eb93d0e6fa3db,NONE,0,[],[],false,0,Find a safe location for the carried tool.,results/indicative-twin-hierarchy-b/raw/cases.jsonl,T3-T2,T3,T2,1,1,0,9d32977076af61e5588b516fec19c676042da0fb88f3b560ade7929e64923350,5b3783c5609be536aa86a8dbd5527703a121dc3dbb0202cd89b49d85c42048f2
b,169,STORE_CARRIED_TOOL,00df4ce1acdec7f2a86dddfd21f3ded3ad4bf956f5c891c48c5eb93d0e6fa3db,NONE,0,[],[],false,0,Find a safe location for the carried tool.,results/indicative-twin-hierarchy-b/raw/cases.jsonl,T4-T3,T4,T3,1,1,0,e26e10d0d7ce6a2a655dc749ea38c58a5f0648c59f3b1670d331657783a8b819,9d32977076af61e5588b516fec19c676042da0fb88f3b560ade7929e64923350
b,170,INSPECT_NEAREST_COOLANT,8ce0bf2d73c823ef4e0a797289fa4a46283e96f4798d6161ae3dd0d3d004ae74,INSTRUCTION_CHANGED,1,"[""INSTRUCTION_CHANGED""]","[""AVOID_ROOM:ElectricalRoom""]",true,1,Inspect the nearest coolant valve without entering a restricted room.,results/indicative-twin-hierarchy-b/raw/cases.jsonl,T3-T2,T3,T2,1,0,1,e6ea502dfff48ef967954fc042aa61ee8d71e59aa8f0fa838c8fd72fd855e044,dfd96d9e30a22ae6aeac4fb1659b11d899f171ec21c91ef827ac40cba68e391e
b,170,INSPECT_NEAREST_COOLANT,8ce0bf2d73c823ef4e0a797289fa4a46283e96f4798d6161ae3dd0d3d004ae74,INSTRUCTION_CHANGED,1,"[""INSTRUCTION_CHANGED""]","[""AVOID_ROOM:ElectricalRoom""]",true,1,Inspect the nearest coolant valve without entering a restricted room.,results/indicative-twin-hierarchy-b/raw/cases.jsonl,T4-T3,T4,T3,1,1,0,cd0e44b4b22c34bb99f6e65bb57b01069e2c053fa3d8b5e924db2620e3d23b19,e6ea502dfff48ef967954fc042aa61ee8d71e59aa8f0fa838c8fd72fd855e044
b,170,INSPECT_VALVE7_WITH_ALTERNATE,29b99d9af3b010ca9d10ceeb6250cc368bb2f094a833e75542ecc095a1d6414e,INSTRUCTION_CHANGED,1,"[""INSTRUCTION_CHANGED""]","[""AVOID_ROOM:ElectricalRoom""]",false,0,"Inspect Valve 7; if Door 3 is unavailable, use another route.",results/indicative-twin-hierarchy-b/raw/cases.jsonl,T3-T2,T3,T2,1,1,0,1a8cbddf47f0920e5b279715ce37024efb56aaec3d0538ccda4b3129d8f5423d,1ea4f1d24e857cc64d7e30b40c9f75b0c396fe9e9e5fee680f7de4534ea5f5c8
b,170,INSPECT_VALVE7_WITH_ALTERNATE,29b99d9af3b010ca9d10ceeb6250cc368bb2f094a833e75542ecc095a1d6414e,INSTRUCTION_CHANGED,1,"[""INSTRUCTION_CHANGED""]","[""AVOID_ROOM:ElectricalRoom""]",false,0,"Inspect Valve 7; if Door 3 is unavailable, use another route.",results/indicative-twin-hierarchy-b/raw/cases.jsonl,T4-T3,T4,T3,1,1,0,54b2bc0b81c778d303ae269c9520a676095636e510d6b2e213959ac9476e8cdb,1a8cbddf47f0920e5b279715ce37024efb56aaec3d0538ccda4b3129d8f5423d
b,170,REACH_PUMP2_WITH_RECHARGE,d3cb5ab1cb19ed3c5aff66670e86a17fee1ab5ff32d5b9c99a557093b62994ad,INSTRUCTION_CHANGED,1,"[""INSTRUCTION_CHANGED""]","[""AVOID_ROOM:ElectricalRoom""]",true,1,"Reach Pump 2, but recharge first if estimated battery is insufficient.",results/indicative-twin-hierarchy-b/raw/cases.jsonl,T3-T2,T3,T2,1,1,0,66d8b7036d45c1873a8d17a7f6156be448919f55190c1ced1f88753db1760cab,1bbb7411df27f1c361a67b2a1967625f3e8f809df59937a8c2f587e4ce660388
b,170,REACH_PUMP2_WITH_RECHARGE,d3cb5ab1cb19ed3c5aff66670e86a17fee1ab5ff32d5b9c99a557093b62994ad,INSTRUCTION_CHANGED,1,"[""INSTRUCTION_CHANGED""]","[""AVOID_ROOM:ElectricalRoom""]",true,1,"Reach Pump 2, but recharge first if estimated battery is insufficient.",results/indicative-twin-hierarchy-b/raw/cases.jsonl,T4-T3,T4,T3,1,1,0,b54d4d9213e606f4df50d44f2a23f0f771209cc6b51df8b6c22109c2b5dc038b,66d8b7036d45c1873a8d17a7f6156be448919f55190c1ced1f88753db1760cab
b,170,REPLAN_ON_RESTRICTION,b6340f765387c3b403e51d5a812b35483697523577f89101d5fc9340a3fc3bee,INSTRUCTION_CHANGED+ROOM_RESTRICTED,2,"[""INSTRUCTION_CHANGED"",""ROOM_RESTRICTED""]","[""AVOID_ROOM:ElectricalRoom"",""RESTRICTED""]",true,1,Inspect Valve 7 and replan if a room becomes restricted.,results/indicative-twin-hierarchy-b/raw/cases.jsonl,T3-T2,T3,T2,0,0,0,e41362303bf55607f3d9bcaa7e56d11b590cda508316b42827f24c103cb27263,4ca787e7d5ac2e1735a6fcdb3036202872415dcaf02d87298db8941a4b03fe7f
b,170,REPLAN_ON_RESTRICTION,b6340f765387c3b403e51d5a812b35483697523577f89101d5fc9340a3fc3bee,INSTRUCTION_CHANGED+ROOM_RESTRICTED,2,"[""INSTRUCTION_CHANGED"",""ROOM_RESTRICTED""]","[""AVOID_ROOM:ElectricalRoom"",""RESTRICTED""]",true,1,Inspect Valve 7 and replan if a room becomes restricted.,results/indicative-twin-hierarchy-b/raw/cases.jsonl,T4-T3,T4,T3,0,0,0,c3cc8da8ed1e6243b3cec34ecc2636a3c14cd703691cb46c0141e4717f70a2be,e41362303bf55607f3d9bcaa7e56d11b590cda508316b42827f24c103cb27263
b,170,STORE_CARRIED_TOOL,1c86416a60ef6d5050a6d8a4e119e0fa654331a9e68f16a0f835b9dcfa3849e0,INSTRUCTION_CHANGED+ROUTE_BLOCKED,2,"[""ROUTE_BLOCKED"",""INSTRUCTION_CHANGED""]","[""UNAVAILABLE"",""AVOID_ROOM:ElectricalRoom""]",false,0,Find a safe location for the carried tool.,results/indicative-twin-hierarchy-b/raw/cases.jsonl,T3-T2,T3,T2,1,1,0,8412c1e069ee202496f9fef34f64a418b95ec2c30645fabd3829c5b137f9b5c4,901a312f031c8e95a4b29c76f245b5af13e49dda1e03f59c6fef843ed64675a0
b,170,STORE_CARRIED_TOOL,1c86416a60ef6d5050a6d8a4e119e0fa654331a9e68f16a0f835b9dcfa3849e0,INSTRUCTION_CHANGED+ROUTE_BLOCKED,2,"[""ROUTE_BLOCKED"",""INSTRUCTION_CHANGED""]","[""UNAVAILABLE"",""AVOID_ROOM:ElectricalRoom""]",false,0,Find a safe location for the carried tool.,results/indicative-twin-hierarchy-b/raw/cases.jsonl,T4-T3,T4,T3,1,1,0,8ff010219628e8af2cb1613ecf856761060f5a199bd8d2531e608d303338500d,8412c1e069ee202496f9fef34f64a418b95ec2c30645fabd3829c5b137f9b5c4
b,171,INSPECT_NEAREST_COOLANT,ecc2c6bca73224262538cc04efa805ad020fc4804bdecfd85c1b6af6353c6d89,ROUTE_BLOCKED,1,"[""ROUTE_BLOCKED""]","[""UNAVAILABLE""]",false,0,Safely inspect the nearest coolant valve without entering a restricted room.,results/indicative-twin-hierarchy-b/raw/cases.jsonl,T3-T2,T3,T2,1,1,0,2e63a0f2cb4089e2aae17f82e049da14669c71a5b1789d2bc5920427744f31de,c70a25d04bfb8e4d0ce259889e4f7c0a76ca39ff837f721e482a27bac510987f
b,171,INSPECT_NEAREST_COOLANT,ecc2c6bca73224262538cc04efa805ad020fc4804bdecfd85c1b6af6353c6d89,ROUTE_BLOCKED,1,"[""ROUTE_BLOCKED""]","[""UNAVAILABLE""]",false,0,Safely inspect the nearest coolant valve without entering a restricted room.,results/indicative-twin-hierarchy-b/raw/cases.jsonl,T4-T3,T4,T3,1,1,0,9d254186ccf74732d4b96a3d93a3fd80827d3cfd9580f08bb98ccc18c468199e,2e63a0f2cb4089e2aae17f82e049da14669c71a5b1789d2bc5920427744f31de
b,171,INSPECT_VALVE7_WITH_ALTERNATE,4c8ab93865effc6f1671d74b847f5d6ea226b4be90115e655459ecacf453fd03,NONE,0,[],[],true,1,"Safely inspect Valve 7; if Door 3 is unavailable, use another route.",results/indicative-twin-hierarchy-b/raw/cases.jsonl,T3-T2,T3,T2,1,1,0,5fc7eec34bb3c58203322d22cf61dd2cc8ff8142fbdf5a05ea2feb07c5d4209a,75aee47153a00b97495355fe6eddea1ddd9536f329cf2f59471a6165728db06f
b,171,INSPECT_VALVE7_WITH_ALTERNATE,4c8ab93865effc6f1671d74b847f5d6ea226b4be90115e655459ecacf453fd03,NONE,0,[],[],true,1,"Safely inspect Valve 7; if Door 3 is unavailable, use another route.",results/indicative-twin-hierarchy-b/raw/cases.jsonl,T4-T3,T4,T3,1,1,0,e5dd025989c6f73c58bdbeb08556ab0fa8bfccaf7783874f1c880104a81e17ff,5fc7eec34bb3c58203322d22cf61dd2cc8ff8142fbdf5a05ea2feb07c5d4209a
b,171,REACH_PUMP2_WITH_RECHARGE,a78e67b6dd9916c21476ff1da56676f0441f1466abeb48508fb2228bc09a8331,ROUTE_BLOCKED,1,"[""ROUTE_BLOCKED""]","[""UNAVAILABLE""]",true,2,"Reach Pump 2, but recharge first if estimated battery is insufficient.",results/indicative-twin-hierarchy-b/raw/cases.jsonl,T3-T2,T3,T2,1,1,0,f9ddf0b26b88ef71316ea4c6e248475aa57db52c63a7bbdf972522bea03c6556,a2066e6f45207430dfcaa7dcc4a9b54c68d364b9dde2ae83f13b6eede103da01
b,171,REACH_PUMP2_WITH_RECHARGE,a78e67b6dd9916c21476ff1da56676f0441f1466abeb48508fb2228bc09a8331,ROUTE_BLOCKED,1,"[""ROUTE_BLOCKED""]","[""UNAVAILABLE""]",true,2,"Reach Pump 2, but recharge first if estimated battery is insufficient.",results/indicative-twin-hierarchy-b/raw/cases.jsonl,T4-T3,T4,T3,1,1,0,27ef79940f8307bf086eb97479dfda5b0284b3e7ea2cd569951c8a1ff5c627b2,f9ddf0b26b88ef71316ea4c6e248475aa57db52c63a7bbdf972522bea03c6556
b,171,REPLAN_ON_RESTRICTION,3084b1d4536390cca5363142b9a7f5bcc38590a7313168877af89b07e2ae33b0,ROOM_RESTRICTED,1,"[""ROOM_RESTRICTED""]","[""RESTRICTED""]",true,2,Safely inspect Valve 7 and replan if a room becomes restricted.,results/indicative-twin-hierarchy-b/raw/cases.jsonl,T3-T2,T3,T2,1,0,1,b3c06c228772b85d0531f616b9f2fec5e96bb3e9a1e0d247ba9eaef95dcfcd3e,a568c7ef0c375fb045363bc81d60bcf7f9759871b6a6e89a32fe377fa195ea97
b,171,REPLAN_ON_RESTRICTION,3084b1d4536390cca5363142b9a7f5bcc38590a7313168877af89b07e2ae33b0,ROOM_RESTRICTED,1,"[""ROOM_RESTRICTED""]","[""RESTRICTED""]",true,2,Safely inspect Valve 7 and replan if a room becomes restricted.,results/indicative-twin-hierarchy-b/raw/cases.jsonl,T4-T3,T4,T3,1,1,0,33acff55d3f0768aa9c6053965af8acdac741730042673ed12cb61ba72dba9ae,b3c06c228772b85d0531f616b9f2fec5e96bb3e9a1e0d247ba9eaef95dcfcd3e
b,171,STORE_CARRIED_TOOL,7a7f361efe43d495703adf997ec9c51a824b7415811e9fa5903c7342708c92c3,ROUTE_BLOCKED,1,"[""ROUTE_BLOCKED""]","[""UNAVAILABLE""]",false,0,Find a safe location for the carried tool.,results/indicative-twin-hierarchy-b/raw/cases.jsonl,T3-T2,T3,T2,1,1,0,1b28d282bca4fae888276df1ced24ff2112fd7bd490fe7ec2d7259ffda6d8e2c,c4864b83a87623a111f2320021aae1a574a34fc5bec175d9d0d767663654729d
b,171,STORE_CARRIED_TOOL,7a7f361efe43d495703adf997ec9c51a824b7415811e9fa5903c7342708c92c3,ROUTE_BLOCKED,1,"[""ROUTE_BLOCKED""]","[""UNAVAILABLE""]",false,0,Find a safe location for the carried tool.,results/indicative-twin-hierarchy-b/raw/cases.jsonl,T4-T3,T4,T3,1,1,0,a47b9bfa08402857366c3a6c9298d5068d082825480ba084ea021748dc5ffc74,1b28d282bca4fae888276df1ced24ff2112fd7bd490fe7ec2d7259ffda6d8e2c
b,172,INSPECT_NEAREST_COOLANT,a7735bef3f942b6df7f5b3c1116de77055ab257b2fdd715125d695faa8d8ad25,ROUTE_BLOCKED,1,"[""ROUTE_BLOCKED""]","[""UNAVAILABLE""]",false,0,Inspect the nearest coolant valve without entering a restricted room.,results/indicative-twin-hierarchy-b/raw/cases.jsonl,T3-T2,T3,T2,1,1,0,380f35bfb641e5fd8d97516fb4d9038698fffd2531f895307288ef712a454a35,a88d06397b17efee597f212274084bb3f59cbe4ca03c0bcb031459d642583029
b,172,INSPECT_NEAREST_COOLANT,a7735bef3f942b6df7f5b3c1116de77055ab257b2fdd715125d695faa8d8ad25,ROUTE_BLOCKED,1,"[""ROUTE_BLOCKED""]","[""UNAVAILABLE""]",false,0,Inspect the nearest coolant valve without entering a restricted room.,results/indicative-twin-hierarchy-b/raw/cases.jsonl,T4-T3,T4,T3,1,1,0,e4114c6d0cf6e33be0161e721867aeb742a261db5eb9f2e32dad8291a39ac8dc,380f35bfb641e5fd8d97516fb4d9038698fffd2531f895307288ef712a454a35
b,172,INSPECT_VALVE7_WITH_ALTERNATE,7dc71373e3cfe9b6ef98f2f07f398bd1ecca03ff9255f8d07586100fa1eb08d2,NONE,0,[],[],false,0,"Inspect Valve 7; if Door 3 is unavailable, use another route.",results/indicative-twin-hierarchy-b/raw/cases.jsonl,T3-T2,T3,T2,1,1,0,2f978b8e12e0ef72406ff7494c4530e34b5333de68f6be59d97e82fff028998f,50cdabca41845a5456ca555d2b442faf7f1300ef33ff15e3ec7d3329b978f923
b,172,INSPECT_VALVE7_WITH_ALTERNATE,7dc71373e3cfe9b6ef98f2f07f398bd1ecca03ff9255f8d07586100fa1eb08d2,NONE,0,[],[],false,0,"Inspect Valve 7; if Door 3 is unavailable, use another route.",results/indicative-twin-hierarchy-b/raw/cases.jsonl,T4-T3,T4,T3,1,1,0,344e748aa125297157c1f3e7306478315b8619a60aca230bb51ee21cd43f6e6e,2f978b8e12e0ef72406ff7494c4530e34b5333de68f6be59d97e82fff028998f
b,172,REACH_PUMP2_WITH_RECHARGE,6e5361fc5b8450df2265d682065c35f677e6792ba66c2c06b4dc7be22c8770cf,NONE,0,[],[],true,1,"Reach Pump 2, but recharge first if estimated battery is insufficient.",results/indicative-twin-hierarchy-b/raw/cases.jsonl,T3-T2,T3,T2,1,1,0,d833207021c623611aaa39c2283f59bf2acd75b69a70d0a0eac6e72267f3f912,73e5f37ee72a97e74d30bfcbc5567978fdd9b1963e4ca4cb3fd8d47310793faa
b,172,REACH_PUMP2_WITH_RECHARGE,6e5361fc5b8450df2265d682065c35f677e6792ba66c2c06b4dc7be22c8770cf,NONE,0,[],[],true,1,"Reach Pump 2, but recharge first if estimated battery is insufficient.",results/indicative-twin-hierarchy-b/raw/cases.jsonl,T4-T3,T4,T3,1,1,0,7bd7ded0822c268551d45402f8d45e0c7651015dce8989ad3b43886e677d451d,d833207021c623611aaa39c2283f59bf2acd75b69a70d0a0eac6e72267f3f912
b,172,REPLAN_ON_RESTRICTION,c2698bbf07149ddc97bd085e5dd8a00013635b1c0f5b1da7b869ea8710502fe6,ROOM_RESTRICTED,1,"[""ROOM_RESTRICTED""]","[""RESTRICTED""]",true,1,Inspect Valve 7 and replan if a room becomes restricted.,results/indicative-twin-hierarchy-b/raw/cases.jsonl,T3-T2,T3,T2,1,0,1,13eaaceebcb960f3788988a938c48313f1a3724735baca913d01e620548cd69f,011095f063812a3c3fb3f616bfaf2a304d21b08f51a06c05cee71c0074521c91
b,172,REPLAN_ON_RESTRICTION,c2698bbf07149ddc97bd085e5dd8a00013635b1c0f5b1da7b869ea8710502fe6,ROOM_RESTRICTED,1,"[""ROOM_RESTRICTED""]","[""RESTRICTED""]",true,1,Inspect Valve 7 and replan if a room becomes restricted.,results/indicative-twin-hierarchy-b/raw/cases.jsonl,T4-T3,T4,T3,1,1,0,85cfb46da31dc0ed22a8594a4015b139962bb14e8c0d89d2104d757ef5962032,13eaaceebcb960f3788988a938c48313f1a3724735baca913d01e620548cd69f
b,172,STORE_CARRIED_TOOL,e8cd9ee8e2d8eb853ae9b89cd68207e08af6da84a16aedaa1cc45f870ca973ae,NONE,0,[],[],false,0,Find a safe location for the carried tool.,results/indicative-twin-hierarchy-b/raw/cases.jsonl,T3-T2,T3,T2,1,1,0,2aef04128ab96cae05a72b5d326f90e4a279e9d37ff8e826c36bb0d60f08cae2,663f76ceb6837ad6277e05712e454bf249fc5165b38753c2569376ffd1748526
b,172,STORE_CARRIED_TOOL,e8cd9ee8e2d8eb853ae9b89cd68207e08af6da84a16aedaa1cc45f870ca973ae,NONE,0,[],[],false,0,Find a safe location for the carried tool.,results/indicative-twin-hierarchy-b/raw/cases.jsonl,T4-T3,T4,T3,1,1,0,5fadb4b72d35adc8cbd638d64e02963881113dd699fb2b9c02ff844012a9f0ab,2aef04128ab96cae05a72b5d326f90e4a279e9d37ff8e826c36bb0d60f08cae2
b,173,INSPECT_NEAREST_COOLANT,0dfa70a93c83fb8f1eafc7b36b6d254e48a9ca5c633e45f9b0ba975d2b0cc11c,NONE,0,[],[],true,1,Safely inspect the nearest coolant valve without entering a restricted room.,results/indicative-twin-hierarchy-b/raw/cases.jsonl,T3-T2,T3,T2,0,0,0,03f5fcee251bdb6bb54f8e7e427a979f32f17d7158f2443d7a47a41c1c0e3791,0ae3f6da57971954e2ed2f258eee1e3696147f7d1c5cefae3f33ea16a7194d3f
b,173,INSPECT_NEAREST_COOLANT,0dfa70a93c83fb8f1eafc7b36b6d254e48a9ca5c633e45f9b0ba975d2b0cc11c,NONE,0,[],[],true,1,Safely inspect the nearest coolant valve without entering a restricted room.,results/indicative-twin-hierarchy-b/raw/cases.jsonl,T4-T3,T4,T3,0,0,0,7fc389c00172adec243c749b79b611523c14ab167f51ea53f8ee8707b7b6796c,03f5fcee251bdb6bb54f8e7e427a979f32f17d7158f2443d7a47a41c1c0e3791
b,173,INSPECT_VALVE7_WITH_ALTERNATE,421b665fb930bea4ba3dfc69be7362d9fa15f24c2bbba749b603eb075a702b42,NONE,0,[],[],true,1,"Safely inspect Valve 7; if Door 3 is unavailable, use another route.",results/indicative-twin-hierarchy-b/raw/cases.jsonl,T3-T2,T3,T2,1,1,0,93dfacc36ee9b5b5b5587a4320d854060b422ecd3e5a711b2bc89e4ab24a99a7,9352fa452fe8571176d77b9ed4457e616203564a2c4497adf72373fcd9c1fc8c
b,173,INSPECT_VALVE7_WITH_ALTERNATE,421b665fb930bea4ba3dfc69be7362d9fa15f24c2bbba749b603eb075a702b42,NONE,0,[],[],true,1,"Safely inspect Valve 7; if Door 3 is unavailable, use another route.",results/indicative-twin-hierarchy-b/raw/cases.jsonl,T4-T3,T4,T3,1,1,0,bf477ad9e0d356ac4d83525f3171c8ccaab47efe012406db1d0505b1a9e72025,93dfacc36ee9b5b5b5587a4320d854060b422ecd3e5a711b2bc89e4ab24a99a7
b,173,REACH_PUMP2_WITH_RECHARGE,c9fa5ec1d94c4cb0c9249a5d5a15fd1abbef1bb0b2eeb2712d9c9d0d7347d9e9,NONE,0,[],[],true,1,"Reach Pump 2, but recharge first if estimated battery is insufficient.",results/indicative-twin-hierarchy-b/raw/cases.jsonl,T3-T2,T3,T2,1,0,1,6861face1e5276431da9caf59595dfad934fd42e69d4756fc08b572dc5619e8e,56260bd29e1b06212137675038d93d8f064730ecaac20bdb1934c5c4041757fd
b,173,REACH_PUMP2_WITH_RECHARGE,c9fa5ec1d94c4cb0c9249a5d5a15fd1abbef1bb0b2eeb2712d9c9d0d7347d9e9,NONE,0,[],[],true,1,"Reach Pump 2, but recharge first if estimated battery is insufficient.",results/indicative-twin-hierarchy-b/raw/cases.jsonl,T4-T3,T4,T3,1,1,0,e79cabfd4b71bd50fddaf173e0a2fa4604984c90c5d8860d3e29bf2343126c02,6861face1e5276431da9caf59595dfad934fd42e69d4756fc08b572dc5619e8e
b,173,REPLAN_ON_RESTRICTION,0a15c6831a63a74ebaf76cf64db8967b53c48fcb6817fde88c9e2f9f7cb98ef7,ROOM_RESTRICTED,1,"[""ROOM_RESTRICTED""]","[""RESTRICTED""]",true,1,Safely inspect Valve 7 and replan if a room becomes restricted.,results/indicative-twin-hierarchy-b/raw/cases.jsonl,T3-T2,T3,T2,1,0,1,82dea435f248a36a14500dbdedf10b736a4c20060a82f630d0e67961f420e395,780c6dcf1e9e0efec796890ca809bf10f7ead47249de7421a63df222fa94046a
b,173,REPLAN_ON_RESTRICTION,0a15c6831a63a74ebaf76cf64db8967b53c48fcb6817fde88c9e2f9f7cb98ef7,ROOM_RESTRICTED,1,"[""ROOM_RESTRICTED""]","[""RESTRICTED""]",true,1,Safely inspect Valve 7 and replan if a room becomes restricted.,results/indicative-twin-hierarchy-b/raw/cases.jsonl,T4-T3,T4,T3,1,1,0,5bedfc0184e2bd33d7786481733ca84c561901816aaf719e9065d9a1cef83fd6,82dea435f248a36a14500dbdedf10b736a4c20060a82f630d0e67961f420e395
b,173,STORE_CARRIED_TOOL,3fd06b581f98d59dcc47e0e14288b6a703fca8ffcc10c2bf5f86d67c2595f4a9,ROUTE_BLOCKED,1,"[""ROUTE_BLOCKED""]","[""UNAVAILABLE""]",false,0,Find a safe location for the carried tool.,results/indicative-twin-hierarchy-b/raw/cases.jsonl,T3-T2,T3,T2,1,1,0,5a7fe6f9c558259b1a31b8208362b9e1f6b62328faec06d45bcc646c8a93c7d5,bf37fdd397ab9637a9a51cbc563454c99b5b1398be27a71cd4e421700ad99341
b,173,STORE_CARRIED_TOOL,3fd06b581f98d59dcc47e0e14288b6a703fca8ffcc10c2bf5f86d67c2595f4a9,ROUTE_BLOCKED,1,"[""ROUTE_BLOCKED""]","[""UNAVAILABLE""]",false,0,Find a safe location for the carried tool.,results/indicative-twin-hierarchy-b/raw/cases.jsonl,T4-T3,T4,T3,1,1,0,24dee6518f783717a26e52a0ea10217b6e0234e14413a17748f68b7c671c9850,5a7fe6f9c558259b1a31b8208362b9e1f6b62328faec06d45bcc646c8a93c7d5
b,174,INSPECT_NEAREST_COOLANT,f4d121521a1d798e0b3c2b039d45350af883fd539bcb26eb9b271a25e548657a,ROUTE_BLOCKED,1,"[""ROUTE_BLOCKED""]","[""UNAVAILABLE""]",false,0,Inspect the nearest coolant valve without entering a restricted room.,results/indicative-twin-hierarchy-b/raw/cases.jsonl,T3-T2,T3,T2,1,1,0,83b80e44a38652dda023ab16a6f871932525b062f1f414cf189590249a9e144b,d9f2a2ab22031c3fd8ea7f5d103cd8704b2a36152699a51cb5fb389faf833acb
b,174,INSPECT_NEAREST_COOLANT,f4d121521a1d798e0b3c2b039d45350af883fd539bcb26eb9b271a25e548657a,ROUTE_BLOCKED,1,"[""ROUTE_BLOCKED""]","[""UNAVAILABLE""]",false,0,Inspect the nearest coolant valve without entering a restricted room.,results/indicative-twin-hierarchy-b/raw/cases.jsonl,T4-T3,T4,T3,1,1,0,ef704912d8c6c448551c5899a06b1c35075f0ca91e16cca2addc4b160b4ed7bb,83b80e44a38652dda023ab16a6f871932525b062f1f414cf189590249a9e144b
b,174,INSPECT_VALVE7_WITH_ALTERNATE,2f05e8c14d68ba8252aba99431d18ff6259b8c874a4db13cc76d73cd146ced63,NONE,0,[],[],true,1,"Inspect Valve 7; if Door 3 is unavailable, use another route.",results/indicative-twin-hierarchy-b/raw/cases.jsonl,T3-T2,T3,T2,1,1,0,e665a6e744d919bbd8fb37f8edae3a6526b6d6922eb7d52402de86bec970f11f,0cbe7a3544ebee7c7c736bf08c91a4633f4d5e67ee55265bb881e7e5e6805716
b,174,INSPECT_VALVE7_WITH_ALTERNATE,2f05e8c14d68ba8252aba99431d18ff6259b8c874a4db13cc76d73cd146ced63,NONE,0,[],[],true,1,"Inspect Valve 7; if Door 3 is unavailable, use another route.",results/indicative-twin-hierarchy-b/raw/cases.jsonl,T4-T3,T4,T3,1,1,0,12bb4533a58366ce29926d92208877964c053dfebaa9d1ce7a293ddc7847bf66,e665a6e744d919bbd8fb37f8edae3a6526b6d6922eb7d52402de86bec970f11f
b,174,REACH_PUMP2_WITH_RECHARGE,b406587972ff4fc1ddd9606e932ef819e518411f205f384db1b02b6cd9a93adc,ROUTE_BLOCKED,1,"[""ROUTE_BLOCKED""]","[""UNAVAILABLE""]",true,2,"Reach Pump 2, but recharge first if estimated battery is insufficient.",results/indicative-twin-hierarchy-b/raw/cases.jsonl,T3-T2,T3,T2,0,0,0,17c7ba98c8eb0dc9393ea6b5a49d62372f23192dee65afc34bfeafe2838e441f,18d952ae41124c55cbe5fb4d3c49ee9355937d1faad896f5ceaee68d74e63d45
b,174,REACH_PUMP2_WITH_RECHARGE,b406587972ff4fc1ddd9606e932ef819e518411f205f384db1b02b6cd9a93adc,ROUTE_BLOCKED,1,"[""ROUTE_BLOCKED""]","[""UNAVAILABLE""]",true,2,"Reach Pump 2, but recharge first if estimated battery is insufficient.",results/indicative-twin-hierarchy-b/raw/cases.jsonl,T4-T3,T4,T3,0,0,0,887f0ed9542a2908238d855811896776f58fb839e3b9c969e7e10ac4e9399409,17c7ba98c8eb0dc9393ea6b5a49d62372f23192dee65afc34bfeafe2838e441f
b,174,REPLAN_ON_RESTRICTION,4ff0002d956d15d4cf0ba5498842961ccb7ca19bb547a177537f3e46d0784ac9,ROOM_RESTRICTED,1,"[""ROOM_RESTRICTED""]","[""RESTRICTED""]",false,0,Inspect Valve 7 and replan if a room becomes restricted.,results/indicative-twin-hierarchy-b/raw/cases.jsonl,T3-T2,T3,T2,1,0,1,f5acba03b2a36b6223287b8f4479ad9f5013fb476c57c2de3de656253ced61ae,539c4e9b0ad03d2866d197f504126b6a9fbd0c2261facb92b95250834ba2da51
b,174,REPLAN_ON_RESTRICTION,4ff0002d956d15d4cf0ba5498842961ccb7ca19bb547a177537f3e46d0784ac9,ROOM_RESTRICTED,1,"[""ROOM_RESTRICTED""]","[""RESTRICTED""]",false,0,Inspect Valve 7 and replan if a room becomes restricted.,results/indicative-twin-hierarchy-b/raw/cases.jsonl,T4-T3,T4,T3,1,1,0,20c50ccae61c9374bc8ac97718fb4b698a132918a75dd8939166b0ef16ec756c,f5acba03b2a36b6223287b8f4479ad9f5013fb476c57c2de3de656253ced61ae
b,174,STORE_CARRIED_TOOL,7aedea51b1dcbaea29d943bc0c8b3d6875b6bfe52fcb7c69bcf1ab009355c8a0,NONE,0,[],[],true,1,Find a safe location for the carried tool.,results/indicative-twin-hierarchy-b/raw/cases.jsonl,T3-T2,T3,T2,1,1,0,4ee9d6ee6a75278d543df4148007ad0fe10447ef2063b15311e0a71fd1886147,622e0281ebb4fdeb0b75596d5658314459ddcb395d7aea81e45f28425f13ee11
b,174,STORE_CARRIED_TOOL,7aedea51b1dcbaea29d943bc0c8b3d6875b6bfe52fcb7c69bcf1ab009355c8a0,NONE,0,[],[],true,1,Find a safe location for the carried tool.,results/indicative-twin-hierarchy-b/raw/cases.jsonl,T4-T3,T4,T3,1,1,0,947623fea57bbd3a8bda6c1a993684b9d920b885d459a0b5461cb8de3e109236,4ee9d6ee6a75278d543df4148007ad0fe10447ef2063b15311e0a71fd1886147
b,175,INSPECT_NEAREST_COOLANT,00de0a54b604bf32f6e557dd00a64c091c5d03092f1cfde623fd0809bdca79fd,INSTRUCTION_CHANGED,1,"[""INSTRUCTION_CHANGED""]","[""AVOID_ROOM:ElectricalRoom""]",true,1,Safely inspect the nearest coolant valve without entering a restricted room.,results/indicative-twin-hierarchy-b/raw/cases.jsonl,T3-T2,T3,T2,0,0,0,4af4abf96512cb85dde3f2342647ec15a9716270005fd54d920ab219fa1c72ec,3881c3c537659bb41468d335fad456a7c2c563024babe4eea018bb284f260101
b,175,INSPECT_NEAREST_COOLANT,00de0a54b604bf32f6e557dd00a64c091c5d03092f1cfde623fd0809bdca79fd,INSTRUCTION_CHANGED,1,"[""INSTRUCTION_CHANGED""]","[""AVOID_ROOM:ElectricalRoom""]",true,1,Safely inspect the nearest coolant valve without entering a restricted room.,results/indicative-twin-hierarchy-b/raw/cases.jsonl,T4-T3,T4,T3,0,0,0,b54348b90b6917049057adb23bc2b5738d083f504cbff2d387b119f76b1a06d7,4af4abf96512cb85dde3f2342647ec15a9716270005fd54d920ab219fa1c72ec
b,175,INSPECT_VALVE7_WITH_ALTERNATE,08e1eae931fd9eae72a3e4aff05bb78a00b807cc25a34027c5a1b3b216a134a9,INSTRUCTION_CHANGED+ROUTE_BLOCKED,2,"[""ROUTE_BLOCKED"",""INSTRUCTION_CHANGED""]","[""UNAVAILABLE"",""AVOID_ROOM:ElectricalRoom""]",true,1,"Safely inspect Valve 7; if Door 3 is unavailable, use another route.",results/indicative-twin-hierarchy-b/raw/cases.jsonl,T3-T2,T3,T2,1,1,0,b6bd3a1889cbd1cfbf3b71d3bce501bb1593a8a049420b0c759991a6275e8165,adebe121c93f9e271294e416e64283430446b4e7d074f6db800e19261a83a4f4
b,175,INSPECT_VALVE7_WITH_ALTERNATE,08e1eae931fd9eae72a3e4aff05bb78a00b807cc25a34027c5a1b3b216a134a9,INSTRUCTION_CHANGED+ROUTE_BLOCKED,2,"[""ROUTE_BLOCKED"",""INSTRUCTION_CHANGED""]","[""UNAVAILABLE"",""AVOID_ROOM:ElectricalRoom""]",true,1,"Safely inspect Valve 7; if Door 3 is unavailable, use another route.",results/indicative-twin-hierarchy-b/raw/cases.jsonl,T4-T3,T4,T3,1,1,0,0c66c8bec2b3574c973cc34175f3ccf8a410d4c007381210f65e0da7b5516c75,b6bd3a1889cbd1cfbf3b71d3bce501bb1593a8a049420b0c759991a6275e8165
b,175,REACH_PUMP2_WITH_RECHARGE,4d025aeda420c7ca6a967861613b7b1d3bbcbb18a6667d014fcac18bb42649c3,INSTRUCTION_CHANGED+ROUTE_BLOCKED,2,"[""ROUTE_BLOCKED"",""INSTRUCTION_CHANGED""]","[""UNAVAILABLE"",""AVOID_ROOM:ElectricalRoom""]",false,0,"Reach Pump 2, but recharge first if estimated battery is insufficient.",results/indicative-twin-hierarchy-b/raw/cases.jsonl,T3-T2,T3,T2,1,1,0,ddad96990e46d91c59ac8acd66fb847cb474fc5c8a164c8a48136d1794e9c9a2,ea47fe177b828eaeed36dd1d1ebee3b86e250404c1555832e9f69b92966f2ca7
b,175,REACH_PUMP2_WITH_RECHARGE,4d025aeda420c7ca6a967861613b7b1d3bbcbb18a6667d014fcac18bb42649c3,INSTRUCTION_CHANGED+ROUTE_BLOCKED,2,"[""ROUTE_BLOCKED"",""INSTRUCTION_CHANGED""]","[""UNAVAILABLE"",""AVOID_ROOM:ElectricalRoom""]",false,0,"Reach Pump 2, but recharge first if estimated battery is insufficient.",results/indicative-twin-hierarchy-b/raw/cases.jsonl,T4-T3,T4,T3,1,1,0,b1487851c9779cc9c96e7dc27dad12174302abad2f65f064909253995472e68f,ddad96990e46d91c59ac8acd66fb847cb474fc5c8a164c8a48136d1794e9c9a2
b,175,REPLAN_ON_RESTRICTION,03b4c940e1f6ca8e331ffa42882ac8511f6825079430a7d87a71aa632bb4dd24,INSTRUCTION_CHANGED+ROOM_RESTRICTED,2,"[""INSTRUCTION_CHANGED"",""ROOM_RESTRICTED""]","[""AVOID_ROOM:ElectricalRoom"",""RESTRICTED""]",true,1,Safely inspect Valve 7 and replan if a room becomes restricted.,results/indicative-twin-hierarchy-b/raw/cases.jsonl,T3-T2,T3,T2,0,0,0,f5f53829843577b54a0657eef651c88f46f9837f75577d242312500fe940be25,a06b5494ce9190e895ccb3611339f81cdeee96c43d9f72a1d67726875ae6cb87
b,175,REPLAN_ON_RESTRICTION,03b4c940e1f6ca8e331ffa42882ac8511f6825079430a7d87a71aa632bb4dd24,INSTRUCTION_CHANGED+ROOM_RESTRICTED,2,"[""INSTRUCTION_CHANGED"",""ROOM_RESTRICTED""]","[""AVOID_ROOM:ElectricalRoom"",""RESTRICTED""]",true,1,Safely inspect Valve 7 and replan if a room becomes restricted.,results/indicative-twin-hierarchy-b/raw/cases.jsonl,T4-T3,T4,T3,0,0,0,252572c1835a2f9d2b9e8e16147a5cf4bc29f1d6670262aecdc2aeb2ecd04d72,f5f53829843577b54a0657eef651c88f46f9837f75577d242312500fe940be25
b,175,STORE_CARRIED_TOOL,dc7dd6f106449dc91bf43549eee44f1c97a51da892348009ddc54275793de095,INSTRUCTION_CHANGED,1,"[""INSTRUCTION_CHANGED""]","[""AVOID_ROOM:ElectricalRoom""]",true,1,Find a safe location for the carried tool.,results/indicative-twin-hierarchy-b/raw/cases.jsonl,T3-T2,T3,T2,0,0,0,81381f744cd32363e057bdc3aed33673d18f4f356a420809808bb0d7505db57e,5345dcd71e0bc3c51185dbadf5539ab84a4d0590806d55e52297b43016720fcd
b,175,STORE_CARRIED_TOOL,dc7dd6f106449dc91bf43549eee44f1c97a51da892348009ddc54275793de095,INSTRUCTION_CHANGED,1,"[""INSTRUCTION_CHANGED""]","[""AVOID_ROOM:ElectricalRoom""]",true,1,Find a safe location for the carried tool.,results/indicative-twin-hierarchy-b/raw/cases.jsonl,T4-T3,T4,T3,0,0,0,535ac934a13db55c5c3b417d7d97a2ce045482db352c136814967ac74004838c,81381f744cd32363e057bdc3aed33673d18f4f356a420809808bb0d7505db57e
b,176,INSPECT_NEAREST_COOLANT,98969011ae962b3f166fb3f460757bfbf8b734c1cc3a38a4befbdfb9f4078696,ROUTE_BLOCKED,1,"[""ROUTE_BLOCKED""]","[""UNAVAILABLE""]",true,1,Inspect the nearest coolant valve without entering a restricted room.,results/indicative-twin-hierarchy-b/raw/cases.jsonl,T3-T2,T3,T2,1,1,0,e670e168733e3805554ca4c65adae61a8230f374e5a35aea506faa1eb55c6c85,72d5343abd668421cc54ac5814fd5778547bd4b89242ff58890a831b925a4140
b,176,INSPECT_NEAREST_COOLANT,98969011ae962b3f166fb3f460757bfbf8b734c1cc3a38a4befbdfb9f4078696,ROUTE_BLOCKED,1,"[""ROUTE_BLOCKED""]","[""UNAVAILABLE""]",true,1,Inspect the nearest coolant valve without entering a restricted room.,results/indicative-twin-hierarchy-b/raw/cases.jsonl,T4-T3,T4,T3,1,1,0,9a9e38f2d5d93a4b76e8e9307fee4cedd5ae779cda5dc5b3db0b1f9e17a8d6ed,e670e168733e3805554ca4c65adae61a8230f374e5a35aea506faa1eb55c6c85
b,176,INSPECT_VALVE7_WITH_ALTERNATE,0dd19ba2dd8291002f8342805e0fd2d4f44b6db655615104afbb19bf727ea3e8,NONE,0,[],[],true,1,"Inspect Valve 7; if Door 3 is unavailable, use another route.",results/indicative-twin-hierarchy-b/raw/cases.jsonl,T3-T2,T3,T2,1,1,0,8cdcae0fc969e609f568d6029db7ec23efc5a8f4573e30db784e51cdcd6a84af,d1d1cbdc0e757729e84722d40a0059156fb77bb831bd4637e4ef674b51aa0875
b,176,INSPECT_VALVE7_WITH_ALTERNATE,0dd19ba2dd8291002f8342805e0fd2d4f44b6db655615104afbb19bf727ea3e8,NONE,0,[],[],true,1,"Inspect Valve 7; if Door 3 is unavailable, use another route.",results/indicative-twin-hierarchy-b/raw/cases.jsonl,T4-T3,T4,T3,1,1,0,0168cedc9664fa1e095c1aef0900241568e524245c916189098ae8a73c428fc3,8cdcae0fc969e609f568d6029db7ec23efc5a8f4573e30db784e51cdcd6a84af
b,176,REACH_PUMP2_WITH_RECHARGE,72d45c39aaafe8a2e7b1af1b41167fd63e41f72250748d590e37552bb1aac1f0,ROUTE_BLOCKED,1,"[""ROUTE_BLOCKED""]","[""UNAVAILABLE""]",true,1,"Reach Pump 2, but recharge first if estimated battery is insufficient.",results/indicative-twin-hierarchy-b/raw/cases.jsonl,T3-T2,T3,T2,1,1,0,101711d94fe4c39c40e6c5c6e9973d2e34f423a7f5f8ea031b0d79d0310848c1,7aab02585db506e67fd1da808771026bc4235c2190c323de97b93ea66ef48f91
b,176,REACH_PUMP2_WITH_RECHARGE,72d45c39aaafe8a2e7b1af1b41167fd63e41f72250748d590e37552bb1aac1f0,ROUTE_BLOCKED,1,"[""ROUTE_BLOCKED""]","[""UNAVAILABLE""]",true,1,"Reach Pump 2, but recharge first if estimated battery is insufficient.",results/indicative-twin-hierarchy-b/raw/cases.jsonl,T4-T3,T4,T3,1,1,0,adf8ca5e70f3a414389da195fcd90f4617d47bc0c0dc8e77e1d6a0ce9a1688e2,101711d94fe4c39c40e6c5c6e9973d2e34f423a7f5f8ea031b0d79d0310848c1
b,176,REPLAN_ON_RESTRICTION,bacd6c96eb048eb29fd2ad18d172d3cec10b5e9a57bfaf9c88738ff7ce51a000,ROOM_RESTRICTED+ROUTE_BLOCKED,2,"[""ROUTE_BLOCKED"",""ROOM_RESTRICTED""]","[""UNAVAILABLE"",""RESTRICTED""]",true,1,Inspect Valve 7 and replan if a room becomes restricted.,results/indicative-twin-hierarchy-b/raw/cases.jsonl,T3-T2,T3,T2,1,0,1,0da5c4b0e79e46657adac716a95b41601aaad312664eacf9d65b3aa758b75991,164669fd9aa77fac970a45b932f80f3fd3f08c084a6a6973045c68257b788e9c
b,176,REPLAN_ON_RESTRICTION,bacd6c96eb048eb29fd2ad18d172d3cec10b5e9a57bfaf9c88738ff7ce51a000,ROOM_RESTRICTED+ROUTE_BLOCKED,2,"[""ROUTE_BLOCKED"",""ROOM_RESTRICTED""]","[""UNAVAILABLE"",""RESTRICTED""]",true,1,Inspect Valve 7 and replan if a room becomes restricted.,results/indicative-twin-hierarchy-b/raw/cases.jsonl,T4-T3,T4,T3,1,1,0,3f3a6c0568edaa2458d549e37df15b766ed1861ad8cb39d76a05e0bcfc9c1c09,0da5c4b0e79e46657adac716a95b41601aaad312664eacf9d65b3aa758b75991
b,176,STORE_CARRIED_TOOL,f0049c7af38f18295a849e475582f04c1635bbd430f51a9cf37ba3563a19acb4,ROUTE_BLOCKED,1,"[""ROUTE_BLOCKED""]","[""UNAVAILABLE""]",false,0,Find a safe location for the carried tool.,results/indicative-twin-hierarchy-b/raw/cases.jsonl,T3-T2,T3,T2,1,1,0,5c70be1da8667cd0356351e42fcb7b686aee4c4dccced7b7912f73c3b193c388,347b11f5cd5e524144dc190aafa6c1bf9eb372aa734c9386ebf0f58d62d47cb8
b,176,STORE_CARRIED_TOOL,f0049c7af38f18295a849e475582f04c1635bbd430f51a9cf37ba3563a19acb4,ROUTE_BLOCKED,1,"[""ROUTE_BLOCKED""]","[""UNAVAILABLE""]",false,0,Find a safe location for the carried tool.,results/indicative-twin-hierarchy-b/raw/cases.jsonl,T4-T3,T4,T3,1,1,0,3a3760c3c0672860a662178d8d787854f58c99899659f0980781ad9b38d815d0,5c70be1da8667cd0356351e42fcb7b686aee4c4dccced7b7912f73c3b193c388
b,177,INSPECT_NEAREST_COOLANT,a1aa126f95d58752b3a7cd5a200f60db58d608bce6238f3a71d5fa6ee66e6286,NONE,0,[],[],true,1,Safely inspect the nearest coolant valve without entering a restricted room.,results/indicative-twin-hierarchy-b/raw/cases.jsonl,T3-T2,T3,T2,0,0,0,7273afdb0b684fafb9cf2ace30d4f3c3601a26cb594e4f50c229f5ba087e1077,ff89a61b13cdf5d41af514247e9725e71332e19a8b13ff0e8e8c2cddbe42737b
b,177,INSPECT_NEAREST_COOLANT,a1aa126f95d58752b3a7cd5a200f60db58d608bce6238f3a71d5fa6ee66e6286,NONE,0,[],[],true,1,Safely inspect the nearest coolant valve without entering a restricted room.,results/indicative-twin-hierarchy-b/raw/cases.jsonl,T4-T3,T4,T3,0,0,0,c3fb35796eb7607eab13a13df72139b56fecc5d13484012207adce26a0831460,7273afdb0b684fafb9cf2ace30d4f3c3601a26cb594e4f50c229f5ba087e1077
b,177,INSPECT_VALVE7_WITH_ALTERNATE,566156e9fe2421a5a0bb34e34872a9a461d11e3a6c629d6d344adfad27bbc289,ROUTE_BLOCKED,1,"[""ROUTE_BLOCKED""]","[""UNAVAILABLE""]",true,1,"Safely inspect Valve 7; if Door 3 is unavailable, use another route.",results/indicative-twin-hierarchy-b/raw/cases.jsonl,T3-T2,T3,T2,1,1,0,a7238eb709cb0af99be72585613faa8b9eac06bff5f15e3b9baa6074ad1ea7af,a596a106c76f05363c0f29f3f19e3e95eccd0485effaffb0a8a98b673d9ab992
b,177,INSPECT_VALVE7_WITH_ALTERNATE,566156e9fe2421a5a0bb34e34872a9a461d11e3a6c629d6d344adfad27bbc289,ROUTE_BLOCKED,1,"[""ROUTE_BLOCKED""]","[""UNAVAILABLE""]",true,1,"Safely inspect Valve 7; if Door 3 is unavailable, use another route.",results/indicative-twin-hierarchy-b/raw/cases.jsonl,T4-T3,T4,T3,1,1,0,4e845b4e62699c451a3777bc90f84b33874df1b36d4bbfc67e369f3206b3f2e3,a7238eb709cb0af99be72585613faa8b9eac06bff5f15e3b9baa6074ad1ea7af
b,177,REACH_PUMP2_WITH_RECHARGE,8885b938cb4b20ab3071ab2ed4036ce5375b062a34f478b237a9048773adc227,NONE,0,[],[],false,0,"Reach Pump 2, but recharge first if estimated battery is insufficient.",results/indicative-twin-hierarchy-b/raw/cases.jsonl,T3-T2,T3,T2,0,0,0,1b711714174dab6e6fe65058394ce67738fc1c95fb6c64fddba01e45be5b21e4,cecaeb3afecc4571d8b185a4557b9f2a822120230663ca44a98932f80573c545
b,177,REACH_PUMP2_WITH_RECHARGE,8885b938cb4b20ab3071ab2ed4036ce5375b062a34f478b237a9048773adc227,NONE,0,[],[],false,0,"Reach Pump 2, but recharge first if estimated battery is insufficient.",results/indicative-twin-hierarchy-b/raw/cases.jsonl,T4-T3,T4,T3,0,0,0,69df6e874fae25a3382c28299150619e0d483ca083e2470dcabbfc70baa6f2eb,1b711714174dab6e6fe65058394ce67738fc1c95fb6c64fddba01e45be5b21e4
b,177,REPLAN_ON_RESTRICTION,786c89b683ab3e78f928d6ef36069d14767a7802158a78256f0e82a4d868f8cb,ROOM_RESTRICTED,1,"[""ROOM_RESTRICTED""]","[""RESTRICTED""]",true,2,Safely inspect Valve 7 and replan if a room becomes restricted.,results/indicative-twin-hierarchy-b/raw/cases.jsonl,T3-T2,T3,T2,1,0,1,bb398cd4064a72ea2c229dc692ffde42c42bd7da41e27f260d2753e0187b1e0b,4686a5da564321d0eec9c443152642a4141993f9a6dc2f7d5f874f2447823829
b,177,REPLAN_ON_RESTRICTION,786c89b683ab3e78f928d6ef36069d14767a7802158a78256f0e82a4d868f8cb,ROOM_RESTRICTED,1,"[""ROOM_RESTRICTED""]","[""RESTRICTED""]",true,2,Safely inspect Valve 7 and replan if a room becomes restricted.,results/indicative-twin-hierarchy-b/raw/cases.jsonl,T4-T3,T4,T3,1,1,0,6355dc3562093c981663fc7134c8504c83a511f542e50f46cd788bff0d534fe4,bb398cd4064a72ea2c229dc692ffde42c42bd7da41e27f260d2753e0187b1e0b
b,177,STORE_CARRIED_TOOL,4833bbfe89698d47540c2dad3c5717a581ced5138e841c9506e691e2b7208e27,ROUTE_BLOCKED,1,"[""ROUTE_BLOCKED""]","[""UNAVAILABLE""]",true,1,Find a safe location for the carried tool.,results/indicative-twin-hierarchy-b/raw/cases.jsonl,T3-T2,T3,T2,1,0,1,8c8deda6b9a188b05e8d6baf7671248c8b07f1600133005333ccfb47e98547d5,300dded56ec1849edc27b263463921280845dc048ed40662ff472d09bfb4f8a0
b,177,STORE_CARRIED_TOOL,4833bbfe89698d47540c2dad3c5717a581ced5138e841c9506e691e2b7208e27,ROUTE_BLOCKED,1,"[""ROUTE_BLOCKED""]","[""UNAVAILABLE""]",true,1,Find a safe location for the carried tool.,results/indicative-twin-hierarchy-b/raw/cases.jsonl,T4-T3,T4,T3,1,1,0,01492e1f55a6a5fd1ce3317ff6e6f0bff5dbed84997a54b52ea4b896a5aef064,8c8deda6b9a188b05e8d6baf7671248c8b07f1600133005333ccfb47e98547d5
b,178,INSPECT_NEAREST_COOLANT,9e102fb5a2c383367d7ce7027221587cb41e060c46096ba20f092966fb98fa27,NONE,0,[],[],false,0,Inspect the nearest coolant valve without entering a restricted room.,results/indicative-twin-hierarchy-b/raw/cases.jsonl,T3-T2,T3,T2,1,0,1,e27309c5bfb2e4566fa06a8108802b310317b2aa2cd880abe7a351eaeee36f58,cb572bb9623c206384abf066bd0e13fccb9ce5063e28590447b928478cb8a8a1
b,178,INSPECT_NEAREST_COOLANT,9e102fb5a2c383367d7ce7027221587cb41e060c46096ba20f092966fb98fa27,NONE,0,[],[],false,0,Inspect the nearest coolant valve without entering a restricted room.,results/indicative-twin-hierarchy-b/raw/cases.jsonl,T4-T3,T4,T3,1,1,0,79d914a0420e22dd398d2be7837c9269de90d0352e276a90d0fb835d3b6e603e,e27309c5bfb2e4566fa06a8108802b310317b2aa2cd880abe7a351eaeee36f58
b,178,INSPECT_VALVE7_WITH_ALTERNATE,9ea1540098ec31aa1bf46456b5bf41aba5b7e0b733aceeb14927178be4cb62d3,NONE,0,[],[],false,0,"Inspect Valve 7; if Door 3 is unavailable, use another route.",results/indicative-twin-hierarchy-b/raw/cases.jsonl,T3-T2,T3,T2,1,0,1,b6ab92d040ab39d8d660968fc32034aeb5e1c4e82ba48b7b3644b1f4fff6e8ad,890f56b233ca299aca9da55a9f82c8430f99fe3e418cca453d99dc049ef29243
b,178,INSPECT_VALVE7_WITH_ALTERNATE,9ea1540098ec31aa1bf46456b5bf41aba5b7e0b733aceeb14927178be4cb62d3,NONE,0,[],[],false,0,"Inspect Valve 7; if Door 3 is unavailable, use another route.",results/indicative-twin-hierarchy-b/raw/cases.jsonl,T4-T3,T4,T3,1,1,0,54326e6ea45f1a1c0cd85bd2f78c6121aa7acb722b5c5358a27c016a84be2774,b6ab92d040ab39d8d660968fc32034aeb5e1c4e82ba48b7b3644b1f4fff6e8ad
b,178,REACH_PUMP2_WITH_RECHARGE,65ef1c72f8c6ddcdf6f6d751096ae59043ba5c578584049aad0ae555c2d61a7d,ROUTE_BLOCKED,1,"[""ROUTE_BLOCKED""]","[""UNAVAILABLE""]",true,1,"Reach Pump 2, but recharge first if estimated battery is insufficient.",results/indicative-twin-hierarchy-b/raw/cases.jsonl,T3-T2,T3,T2,1,1,0,872e6d9e5416303ff4ee818a7d3cdeed5d5b30da8f85e817b03d2a82cd80b56e,9a44ec2035176b918cacd6d0f556320189f0b1fa76fc98cb31269ca2064f42bf
b,178,REACH_PUMP2_WITH_RECHARGE,65ef1c72f8c6ddcdf6f6d751096ae59043ba5c578584049aad0ae555c2d61a7d,ROUTE_BLOCKED,1,"[""ROUTE_BLOCKED""]","[""UNAVAILABLE""]",true,1,"Reach Pump 2, but recharge first if estimated battery is insufficient.",results/indicative-twin-hierarchy-b/raw/cases.jsonl,T4-T3,T4,T3,1,1,0,59a4ef0c06cc1ffd1b145ca677dc658a8b98a331fbddb83067ae6e1a8b3665c7,872e6d9e5416303ff4ee818a7d3cdeed5d5b30da8f85e817b03d2a82cd80b56e
b,178,REPLAN_ON_RESTRICTION,ce38e3348067abd6537e13827cd001479e88439663f804ca5525c35dcaf3185a,ROOM_RESTRICTED,1,"[""ROOM_RESTRICTED""]","[""RESTRICTED""]",false,0,Inspect Valve 7 and replan if a room becomes restricted.,results/indicative-twin-hierarchy-b/raw/cases.jsonl,T3-T2,T3,T2,1,0,1,83aa9f1d5e24d912379e87ef9451e7b05e27ae859ce683e796e0a70689ad7d26,bab6cbd1d720702eaa118531dcf3f996029314d29bde14a2165a721ad3504af2
b,178,REPLAN_ON_RESTRICTION,ce38e3348067abd6537e13827cd001479e88439663f804ca5525c35dcaf3185a,ROOM_RESTRICTED,1,"[""ROOM_RESTRICTED""]","[""RESTRICTED""]",false,0,Inspect Valve 7 and replan if a room becomes restricted.,results/indicative-twin-hierarchy-b/raw/cases.jsonl,T4-T3,T4,T3,1,1,0,c259aa91ad9d36eeae8ce063257192f544fc680f31b5702734f20d2939ba8cd3,83aa9f1d5e24d912379e87ef9451e7b05e27ae859ce683e796e0a70689ad7d26
b,178,STORE_CARRIED_TOOL,92c25383f6520e18b81d3223070582d030e340a6cf97717f4ba78ae1fc32ed4a,ROUTE_BLOCKED,1,"[""ROUTE_BLOCKED""]","[""UNAVAILABLE""]",false,0,Find a safe location for the carried tool.,results/indicative-twin-hierarchy-b/raw/cases.jsonl,T3-T2,T3,T2,1,1,0,7dc614f6e893f3a15e40f006fc32f5b0cbd8b28e466ecef20cfa44f94482f2c9,ef7038a43ed9ae1cfdc271330494e41fb53846fbea3c726257b520b73287ca35
b,178,STORE_CARRIED_TOOL,92c25383f6520e18b81d3223070582d030e340a6cf97717f4ba78ae1fc32ed4a,ROUTE_BLOCKED,1,"[""ROUTE_BLOCKED""]","[""UNAVAILABLE""]",false,0,Find a safe location for the carried tool.,results/indicative-twin-hierarchy-b/raw/cases.jsonl,T4-T3,T4,T3,1,1,0,b03d6761d370ca08c98e5cabe67032d16087b312f45f14961c0ffb5546dd310c,7dc614f6e893f3a15e40f006fc32f5b0cbd8b28e466ecef20cfa44f94482f2c9
b,179,INSPECT_NEAREST_COOLANT,c562adfc60f2a7735f10893daf05ef1e1017718af74788897e28c2765c040d87,ROUTE_BLOCKED,1,"[""ROUTE_BLOCKED""]","[""UNAVAILABLE""]",false,0,Safely inspect the nearest coolant valve without entering a restricted room.,results/indicative-twin-hierarchy-b/raw/cases.jsonl,T3-T2,T3,T2,0,0,0,c6e088dc02c0eaaa5c332638e0d201746100fed4b6e0e4ec0d419e7938c8a90c,b87104496fdf0e2cab8a55532f475730c5f131272783ec412a949e250ee57ddb
b,179,INSPECT_NEAREST_COOLANT,c562adfc60f2a7735f10893daf05ef1e1017718af74788897e28c2765c040d87,ROUTE_BLOCKED,1,"[""ROUTE_BLOCKED""]","[""UNAVAILABLE""]",false,0,Safely inspect the nearest coolant valve without entering a restricted room.,results/indicative-twin-hierarchy-b/raw/cases.jsonl,T4-T3,T4,T3,0,0,0,81d2b48c7203e1fa3675dd7643350264721a574a2e2268316080ec80b10fa435,c6e088dc02c0eaaa5c332638e0d201746100fed4b6e0e4ec0d419e7938c8a90c
b,179,INSPECT_VALVE7_WITH_ALTERNATE,205727e0acc0560c0d55725ea15c835f9675832a0b2690cab1f18411063ce070,NONE,0,[],[],true,1,"Safely inspect Valve 7; if Door 3 is unavailable, use another route.",results/indicative-twin-hierarchy-b/raw/cases.jsonl,T3-T2,T3,T2,1,0,1,2baea9857bb1f89db589b0ccfb3f89245b8aefa7cdd0fd723983e5b8f466fddf,ef501cd5b13473002456b26cfdf0c6f69a35cc2dda40a441c9cb6f89b473d49d
b,179,INSPECT_VALVE7_WITH_ALTERNATE,205727e0acc0560c0d55725ea15c835f9675832a0b2690cab1f18411063ce070,NONE,0,[],[],true,1,"Safely inspect Valve 7; if Door 3 is unavailable, use another route.",results/indicative-twin-hierarchy-b/raw/cases.jsonl,T4-T3,T4,T3,1,1,0,c32b208d1f9c3560807be6826359609516a94924cbe036e86a8a6eb3d980f9f1,2baea9857bb1f89db589b0ccfb3f89245b8aefa7cdd0fd723983e5b8f466fddf
b,179,REACH_PUMP2_WITH_RECHARGE,d9399a9acfa039bdc789fbaf74ac9bb155bf3ef66fec5345450d35ae98f873fc,NONE,0,[],[],false,0,"Reach Pump 2, but recharge first if estimated battery is insufficient.",results/indicative-twin-hierarchy-b/raw/cases.jsonl,T3-T2,T3,T2,1,0,1,7f4e9dd65ed3f837d129aaeceb8761e74b7c5a0741cbc1b8ae0e19a1e9fb5963,04e09df24b99592fcbc5bd3e3e47be04c75ba110a6084ae805d993d620a84ee3
b,179,REACH_PUMP2_WITH_RECHARGE,d9399a9acfa039bdc789fbaf74ac9bb155bf3ef66fec5345450d35ae98f873fc,NONE,0,[],[],false,0,"Reach Pump 2, but recharge first if estimated battery is insufficient.",results/indicative-twin-hierarchy-b/raw/cases.jsonl,T4-T3,T4,T3,1,1,0,dc742db24144bf5ba9d2f3d0060d6b5f46426a8b0b9b2629f79cca455178db5c,7f4e9dd65ed3f837d129aaeceb8761e74b7c5a0741cbc1b8ae0e19a1e9fb5963
b,179,REPLAN_ON_RESTRICTION,a10fe2eb86cde3bb6c324de83289f8fe93905d6f0034035c7037d01c07192de2,ROOM_RESTRICTED,1,"[""ROOM_RESTRICTED""]","[""RESTRICTED""]",false,0,Safely inspect Valve 7 and replan if a room becomes restricted.,results/indicative-twin-hierarchy-b/raw/cases.jsonl,T3-T2,T3,T2,1,0,1,4c909fe55bc8e72e0f47f7f256f0dab912472a22dafbd888777f6b06e5be4876,4dddbbdaa90dce83ece38a7493bd642619e69017a753dfa6589fcc563c82a690
b,179,REPLAN_ON_RESTRICTION,a10fe2eb86cde3bb6c324de83289f8fe93905d6f0034035c7037d01c07192de2,ROOM_RESTRICTED,1,"[""ROOM_RESTRICTED""]","[""RESTRICTED""]",false,0,Safely inspect Valve 7 and replan if a room becomes restricted.,results/indicative-twin-hierarchy-b/raw/cases.jsonl,T4-T3,T4,T3,1,1,0,d067671734c9b40d99a0da82e8258700ca5dd325b3f0160dd80b70903947972f,4c909fe55bc8e72e0f47f7f256f0dab912472a22dafbd888777f6b06e5be4876
b,179,STORE_CARRIED_TOOL,d4a880019e8602851ae5083b0ba33bce2f2c826e2bebbeae5e8194ed399b5f46,NONE,0,[],[],false,0,Find a safe location for the carried tool.,results/indicative-twin-hierarchy-b/raw/cases.jsonl,T3-T2,T3,T2,1,1,0,c92a3eced109cb1dbfed708b41408a08ad701fc7fc05434190cd569db98bed24,05da2af0d8db9b0935b273f053931221aedfbbf0889c9c5fbad228c7bb22b4a3
b,179,STORE_CARRIED_TOOL,d4a880019e8602851ae5083b0ba33bce2f2c826e2bebbeae5e8194ed399b5f46,NONE,0,[],[],false,0,Find a safe location for the carried tool.,results/indicative-twin-hierarchy-b/raw/cases.jsonl,T4-T3,T4,T3,1,1,0,e4eefa05576607846e86c145c1eb67210f3d2de49f86a63e8b296c9d04a99c49,c92a3eced109cb1dbfed708b41408a08ad701fc7fc05434190cd569db98bed24
b,180,INSPECT_NEAREST_COOLANT,534a383eda77a5968ab52e8c76072555fce3175ab3e694d81b51e416363fe324,INSTRUCTION_CHANGED,1,"[""INSTRUCTION_CHANGED""]","[""AVOID_ROOM:ElectricalRoom""]",false,0,Inspect the nearest coolant valve without entering a restricted room.,results/indicative-twin-hierarchy-b/raw/cases.jsonl,T3-T2,T3,T2,1,1,0,51d7688c0f11fdb77de46bca422a4165589f668c2879cfeaf3e8f97b694f3ff5,7a7686fe8cae5403afdeac133aefb7e3921c80289c612d3ad1aa2dbf75db101e
b,180,INSPECT_NEAREST_COOLANT,534a383eda77a5968ab52e8c76072555fce3175ab3e694d81b51e416363fe324,INSTRUCTION_CHANGED,1,"[""INSTRUCTION_CHANGED""]","[""AVOID_ROOM:ElectricalRoom""]",false,0,Inspect the nearest coolant valve without entering a restricted room.,results/indicative-twin-hierarchy-b/raw/cases.jsonl,T4-T3,T4,T3,1,1,0,e6b528e2bd6a39b3b5d6114d56438f08fb3a28d624d3f585bea17b904b6211fa,51d7688c0f11fdb77de46bca422a4165589f668c2879cfeaf3e8f97b694f3ff5
b,180,INSPECT_VALVE7_WITH_ALTERNATE,7a221e34ce123c6d54a969a5d94d4d83b9a55ac4881150eeb1b2b518f72d35bd,INSTRUCTION_CHANGED,1,"[""INSTRUCTION_CHANGED""]","[""AVOID_ROOM:ElectricalRoom""]",true,1,"Inspect Valve 7; if Door 3 is unavailable, use another route.",results/indicative-twin-hierarchy-b/raw/cases.jsonl,T3-T2,T3,T2,0,0,0,770847f9500bd607b23a4ad9de4025a10f066f1b79515ce86e4dfd1940d611e1,59f1862c63b562bc96b3414e7151448f3dd0f152bec9771a05080915263cf347
b,180,INSPECT_VALVE7_WITH_ALTERNATE,7a221e34ce123c6d54a969a5d94d4d83b9a55ac4881150eeb1b2b518f72d35bd,INSTRUCTION_CHANGED,1,"[""INSTRUCTION_CHANGED""]","[""AVOID_ROOM:ElectricalRoom""]",true,1,"Inspect Valve 7; if Door 3 is unavailable, use another route.",results/indicative-twin-hierarchy-b/raw/cases.jsonl,T4-T3,T4,T3,0,0,0,7eb0d5a585e4a9ee76e7bf839cdc4622864f4b3f4a022b1e6426fbbf92459318,770847f9500bd607b23a4ad9de4025a10f066f1b79515ce86e4dfd1940d611e1
b,180,REACH_PUMP2_WITH_RECHARGE,4fdc881b6d1282830ee768f203fa9419c6c6ab150c19ecd1570735563a27b8e2,INSTRUCTION_CHANGED,1,"[""INSTRUCTION_CHANGED""]","[""AVOID_ROOM:ElectricalRoom""]",true,1,"Reach Pump 2, but recharge first if estimated battery is insufficient.",results/indicative-twin-hierarchy-b/raw/cases.jsonl,T3-T2,T3,T2,1,0,1,aa2396c2422edd8ec3e8d5bcbb129eeaf890ae1e56f884dd951a6bce35cfea0b,ec7a88eb2a45405828f945b4280740ad0885e77dc77a982b8035fbdc60f31011
b,180,REACH_PUMP2_WITH_RECHARGE,4fdc881b6d1282830ee768f203fa9419c6c6ab150c19ecd1570735563a27b8e2,INSTRUCTION_CHANGED,1,"[""INSTRUCTION_CHANGED""]","[""AVOID_ROOM:ElectricalRoom""]",true,1,"Reach Pump 2, but recharge first if estimated battery is insufficient.",results/indicative-twin-hierarchy-b/raw/cases.jsonl,T4-T3,T4,T3,1,1,0,f8468873be880e8f36820ebbaa2299d7c85218ba693b033833e3eb503e39d161,aa2396c2422edd8ec3e8d5bcbb129eeaf890ae1e56f884dd951a6bce35cfea0b
b,180,REPLAN_ON_RESTRICTION,e0430bd6deeaff7dd3ab57f2bb6de4dfe73ca9288b674fb3f4fba219a7b1fed5,INSTRUCTION_CHANGED+ROOM_RESTRICTED,2,"[""INSTRUCTION_CHANGED"",""ROOM_RESTRICTED""]","[""AVOID_ROOM:ElectricalRoom"",""RESTRICTED""]",true,1,Inspect Valve 7 and replan if a room becomes restricted.,results/indicative-twin-hierarchy-b/raw/cases.jsonl,T3-T2,T3,T2,0,0,0,805c5d13e4b159c4571df4dd5f74e04af5b4dcb8dff0fd05700bfbaa588192e8,2e560230a9c8ebe9eeb778f6a0f9966b5509e15e8a8ec794c57b90f16a3463cc
b,180,REPLAN_ON_RESTRICTION,e0430bd6deeaff7dd3ab57f2bb6de4dfe73ca9288b674fb3f4fba219a7b1fed5,INSTRUCTION_CHANGED+ROOM_RESTRICTED,2,"[""INSTRUCTION_CHANGED"",""ROOM_RESTRICTED""]","[""AVOID_ROOM:ElectricalRoom"",""RESTRICTED""]",true,1,Inspect Valve 7 and replan if a room becomes restricted.,results/indicative-twin-hierarchy-b/raw/cases.jsonl,T4-T3,T4,T3,0,0,0,943328e69aa1181d3bbcd51314c62d53cd3ac2372ce1452d26c3bb66f7200ab8,805c5d13e4b159c4571df4dd5f74e04af5b4dcb8dff0fd05700bfbaa588192e8
b,180,STORE_CARRIED_TOOL,ae3e157b5b774aa09e2e2a56e9c10b10ac7fd7f0321c3e646b83252b4a671e43,INSTRUCTION_CHANGED+ROUTE_BLOCKED,2,"[""ROUTE_BLOCKED"",""INSTRUCTION_CHANGED""]","[""UNAVAILABLE"",""AVOID_ROOM:ElectricalRoom""]",true,1,Find a safe location for the carried tool.,results/indicative-twin-hierarchy-b/raw/cases.jsonl,T3-T2,T3,T2,0,0,0,1655d2aded6fe572feec51bd844e1102ea1e658d26958d87923917ceeda4bda3,e403dd88091ded9618b9f04d88079b66e17d3e1627de1089fd6f245ccd07ac1e
b,180,STORE_CARRIED_TOOL,ae3e157b5b774aa09e2e2a56e9c10b10ac7fd7f0321c3e646b83252b4a671e43,INSTRUCTION_CHANGED+ROUTE_BLOCKED,2,"[""ROUTE_BLOCKED"",""INSTRUCTION_CHANGED""]","[""UNAVAILABLE"",""AVOID_ROOM:ElectricalRoom""]",true,1,Find a safe location for the carried tool.,results/indicative-twin-hierarchy-b/raw/cases.jsonl,T4-T3,T4,T3,0,0,0,ecc8e5a3740adb9fa04fef5b0b24ffae226b500e93316a56d68bde2e5e15f340,1655d2aded6fe572feec51bd844e1102ea1e658d26958d87923917ceeda4bda3
b,181,INSPECT_NEAREST_COOLANT,ecce291b8f252d9be21e26e36e18c2ee8b760c59546c968f64534547f3327f46,ROUTE_BLOCKED,1,"[""ROUTE_BLOCKED""]","[""UNAVAILABLE""]",false,0,Safely inspect the nearest coolant valve without entering a restricted room.,results/indicative-twin-hierarchy-b/raw/cases.jsonl,T3-T2,T3,T2,0,0,0,96f3f55b4a5904834e04c3ac7a44efd383b199a690e93accd3aea9e79742e2c7,f532030a8bf22f043bb3443e055ca8bd8222c82be3b535665a9896c14eb67067
b,181,INSPECT_NEAREST_COOLANT,ecce291b8f252d9be21e26e36e18c2ee8b760c59546c968f64534547f3327f46,ROUTE_BLOCKED,1,"[""ROUTE_BLOCKED""]","[""UNAVAILABLE""]",false,0,Safely inspect the nearest coolant valve without entering a restricted room.,results/indicative-twin-hierarchy-b/raw/cases.jsonl,T4-T3,T4,T3,0,0,0,16110aded19bef06284900a389ec9da1bbd48ebdeea6aac6895be23e4452ffd7,96f3f55b4a5904834e04c3ac7a44efd383b199a690e93accd3aea9e79742e2c7
b,181,INSPECT_VALVE7_WITH_ALTERNATE,8e19ff07d6b933644ff0063be22f62fcb0ef131584f4b7e97fdbae79397d9d4a,NONE,0,[],[],false,0,"Safely inspect Valve 7; if Door 3 is unavailable, use another route.",results/indicative-twin-hierarchy-b/raw/cases.jsonl,T3-T2,T3,T2,1,1,0,238d10e6f63765f3b225531e915e5e9ef80daf9838ff7e3b54adf545ee6a3f42,72e3953f968c459fb02d244b7b6d337c82ff474d230052b0e0b7e35fba41ac3e
b,181,INSPECT_VALVE7_WITH_ALTERNATE,8e19ff07d6b933644ff0063be22f62fcb0ef131584f4b7e97fdbae79397d9d4a,NONE,0,[],[],false,0,"Safely inspect Valve 7; if Door 3 is unavailable, use another route.",results/indicative-twin-hierarchy-b/raw/cases.jsonl,T4-T3,T4,T3,1,1,0,0c3ea1196f5e782b735e5b7b1b9b711be32f8d07a27b3b01ba624c7cee5767fd,238d10e6f63765f3b225531e915e5e9ef80daf9838ff7e3b54adf545ee6a3f42
b,181,REACH_PUMP2_WITH_RECHARGE,9766574d3ca5495199e834bef2a188b30429a7c6364f5d4f07c8d8d792db6c69,NONE,0,[],[],true,1,"Reach Pump 2, but recharge first if estimated battery is insufficient.",results/indicative-twin-hierarchy-b/raw/cases.jsonl,T3-T2,T3,T2,0,0,0,ee50aeba2d22c8e56b3f965b0ad22c9eff8f810983999634980e8a8363379d0b,fb342215bddbb3ceb29798dcd64f35d75959861704cc9fc4ac94c88df3f73ddc
b,181,REACH_PUMP2_WITH_RECHARGE,9766574d3ca5495199e834bef2a188b30429a7c6364f5d4f07c8d8d792db6c69,NONE,0,[],[],true,1,"Reach Pump 2, but recharge first if estimated battery is insufficient.",results/indicative-twin-hierarchy-b/raw/cases.jsonl,T4-T3,T4,T3,0,0,0,cbd818394140092104f24530bcbad34de5b5c1afc2134b2e278466b559e586f2,ee50aeba2d22c8e56b3f965b0ad22c9eff8f810983999634980e8a8363379d0b
b,181,REPLAN_ON_RESTRICTION,abf2dbc61f5d587958e2e1398f7914227685bb5c07e511e09282729f87eb76f8,ROOM_RESTRICTED,1,"[""ROOM_RESTRICTED""]","[""RESTRICTED""]",false,0,Safely inspect Valve 7 and replan if a room becomes restricted.,results/indicative-twin-hierarchy-b/raw/cases.jsonl,T3-T2,T3,T2,1,0,1,f8a34f4ace354c515c977f1ac59fd8e4b084697daad36dfe8b668547432ddbb9,029863fadc8a917015fc4684652aa440fd3a0339e7678ba329e5d016168fb7ba
b,181,REPLAN_ON_RESTRICTION,abf2dbc61f5d587958e2e1398f7914227685bb5c07e511e09282729f87eb76f8,ROOM_RESTRICTED,1,"[""ROOM_RESTRICTED""]","[""RESTRICTED""]",false,0,Safely inspect Valve 7 and replan if a room becomes restricted.,results/indicative-twin-hierarchy-b/raw/cases.jsonl,T4-T3,T4,T3,1,1,0,0a6a474278a931414f80264b0d6133085026eed393fe3fc2566c526a709ecdca,f8a34f4ace354c515c977f1ac59fd8e4b084697daad36dfe8b668547432ddbb9
b,181,STORE_CARRIED_TOOL,17ba4264b17dae95045b4902e5418fc6edc09a575ec5380fd33562f3997d80f3,ROUTE_BLOCKED,1,"[""ROUTE_BLOCKED""]","[""UNAVAILABLE""]",false,0,Find a safe location for the carried tool.,results/indicative-twin-hierarchy-b/raw/cases.jsonl,T3-T2,T3,T2,1,1,0,7f920e44230a23d0c3a1ceb1efda7cc0048b1fd849e14ecdc2f7738dae05adac,01570cdd9d2e6d653a50bd99558b12b1751fd993c3b0856e2f571b3ea1c3d250
b,181,STORE_CARRIED_TOOL,17ba4264b17dae95045b4902e5418fc6edc09a575ec5380fd33562f3997d80f3,ROUTE_BLOCKED,1,"[""ROUTE_BLOCKED""]","[""UNAVAILABLE""]",false,0,Find a safe location for the carried tool.,results/indicative-twin-hierarchy-b/raw/cases.jsonl,T4-T3,T4,T3,1,1,0,1f4b22716ea0743b8691d18d572a8ffd1bf9ad740c49487aad227566858ab900,7f920e44230a23d0c3a1ceb1efda7cc0048b1fd849e14ecdc2f7738dae05adac
b,182,INSPECT_NEAREST_COOLANT,fdc1eebfb5dd19cdc0f9d7e164934768bccceb4b1bced66eb533afcaffeef75d,NONE,0,[],[],false,0,Inspect the nearest coolant valve without entering a restricted room.,results/indicative-twin-hierarchy-b/raw/cases.jsonl,T3-T2,T3,T2,1,1,0,1528e4d9e2b40d4f38d8f6211a541f6a5b4c9c7b7cb8aec1c01573eed9c5fd09,f3acfb6a744c5b1b4309bc24067a1b4658eff896ee69d23a05d64e779ffdc83c
b,182,INSPECT_NEAREST_COOLANT,fdc1eebfb5dd19cdc0f9d7e164934768bccceb4b1bced66eb533afcaffeef75d,NONE,0,[],[],false,0,Inspect the nearest coolant valve without entering a restricted room.,results/indicative-twin-hierarchy-b/raw/cases.jsonl,T4-T3,T4,T3,1,1,0,78ee1cf0b7418631fc2417e2bd2e545e08fc924bd4dcd6ed537199074ab7bf97,1528e4d9e2b40d4f38d8f6211a541f6a5b4c9c7b7cb8aec1c01573eed9c5fd09
b,182,INSPECT_VALVE7_WITH_ALTERNATE,521153f24c9b3e6ea9d427af594df2472bc13eef2c32ee790dcf100c6b9c5427,NONE,0,[],[],true,1,"Inspect Valve 7; if Door 3 is unavailable, use another route.",results/indicative-twin-hierarchy-b/raw/cases.jsonl,T3-T2,T3,T2,1,1,0,319258183e4318dafd1334b72d8d6ed69e2b65311086f92da0b6d9cf2f0f7f57,02d6a6c7019dc8c729c22869dc9c9b5f321724dd0384d9d115320c750f784813
b,182,INSPECT_VALVE7_WITH_ALTERNATE,521153f24c9b3e6ea9d427af594df2472bc13eef2c32ee790dcf100c6b9c5427,NONE,0,[],[],true,1,"Inspect Valve 7; if Door 3 is unavailable, use another route.",results/indicative-twin-hierarchy-b/raw/cases.jsonl,T4-T3,T4,T3,1,1,0,f133860969899fbc190836b4366da6ae3646d26f186779b89a395e0dd21d9fe9,319258183e4318dafd1334b72d8d6ed69e2b65311086f92da0b6d9cf2f0f7f57
b,182,REACH_PUMP2_WITH_RECHARGE,148a9254fce66a639d4847a4dbe34d1bc845fd2ceafe93c610b38384a38454a1,ROUTE_BLOCKED,1,"[""ROUTE_BLOCKED""]","[""UNAVAILABLE""]",false,0,"Reach Pump 2, but recharge first if estimated battery is insufficient.",results/indicative-twin-hierarchy-b/raw/cases.jsonl,T3-T2,T3,T2,1,1,0,adb8e7f7065275060709ed99b38f49d44ea179c34164843ed4b06e5277e74d5b,d592fdc2633d8d19f0bafe48c7b34d9e47ce4de2327eaeb58f491d621566443a
b,182,REACH_PUMP2_WITH_RECHARGE,148a9254fce66a639d4847a4dbe34d1bc845fd2ceafe93c610b38384a38454a1,ROUTE_BLOCKED,1,"[""ROUTE_BLOCKED""]","[""UNAVAILABLE""]",false,0,"Reach Pump 2, but recharge first if estimated battery is insufficient.",results/indicative-twin-hierarchy-b/raw/cases.jsonl,T4-T3,T4,T3,1,1,0,97ff5b285af4c63ed12afa93726e02a396c346e4be35c6c447dce14a9b67bf2b,adb8e7f7065275060709ed99b38f49d44ea179c34164843ed4b06e5277e74d5b
b,182,REPLAN_ON_RESTRICTION,14ef2e9f1a6f80fdd6b1580def9f1d493a55f04617ff72074937fce6ed70aee3,ROOM_RESTRICTED,1,"[""ROOM_RESTRICTED""]","[""RESTRICTED""]",false,0,Inspect Valve 7 and replan if a room becomes restricted.,results/indicative-twin-hierarchy-b/raw/cases.jsonl,T3-T2,T3,T2,1,0,1,0aa9bbeb1268ca99b8fc785857209f423f99beecfc516af4d1c89df3dd76b225,416a9ad56bb13e69daa784853f73f2d6b932aa8deaace1af59378266c1280dde
b,182,REPLAN_ON_RESTRICTION,14ef2e9f1a6f80fdd6b1580def9f1d493a55f04617ff72074937fce6ed70aee3,ROOM_RESTRICTED,1,"[""ROOM_RESTRICTED""]","[""RESTRICTED""]",false,0,Inspect Valve 7 and replan if a room becomes restricted.,results/indicative-twin-hierarchy-b/raw/cases.jsonl,T4-T3,T4,T3,1,1,0,2d835b2d961c9897eb9d10b2de7aa21a4ed5833b5993866022de9625d169826d,0aa9bbeb1268ca99b8fc785857209f423f99beecfc516af4d1c89df3dd76b225
b,182,STORE_CARRIED_TOOL,eb473523b8e5fce1846d0ff9fe481bc9b3bc76dd38eb11a2dd88d95e2638325e,NONE,0,[],[],true,1,Find a safe location for the carried tool.,results/indicative-twin-hierarchy-b/raw/cases.jsonl,T3-T2,T3,T2,1,0,1,a729d94739bb4070c3e865032257ca8ae1cb09385c10bd3c857bb07c83dd0fcd,7fc6748aa4a1117063084ab2e4e78e7da86a180eae908140f91d7333fe58c006
b,182,STORE_CARRIED_TOOL,eb473523b8e5fce1846d0ff9fe481bc9b3bc76dd38eb11a2dd88d95e2638325e,NONE,0,[],[],true,1,Find a safe location for the carried tool.,results/indicative-twin-hierarchy-b/raw/cases.jsonl,T4-T3,T4,T3,1,1,0,657e59b8c3c22bf3a49b6d6985d7bc315c76ef3d13a9a02c4ddf6c7f590cd612,a729d94739bb4070c3e865032257ca8ae1cb09385c10bd3c857bb07c83dd0fcd
b,183,INSPECT_NEAREST_COOLANT,58aab177d0c2c7eaad0351dc6be8f763375d30f364caeb877b8caa491d1fe047,NONE,0,[],[],false,0,Safely inspect the nearest coolant valve without entering a restricted room.,results/indicative-twin-hierarchy-b/raw/cases.jsonl,T3-T2,T3,T2,0,0,0,b69d87c724139007bf2695686db9d0f2d190c3b20a66da4d31da1c176e6e23e3,6d07af35c98e1f7fe616fff35d6ad1e0399fec1c7a5cf89d3bbaa7558eea1bdd
b,183,INSPECT_NEAREST_COOLANT,58aab177d0c2c7eaad0351dc6be8f763375d30f364caeb877b8caa491d1fe047,NONE,0,[],[],false,0,Safely inspect the nearest coolant valve without entering a restricted room.,results/indicative-twin-hierarchy-b/raw/cases.jsonl,T4-T3,T4,T3,0,0,0,70af35f0eae60fc3b8db5e58b63ac8c4bb78e8e45b4fd6cabf396e88d009b5a9,b69d87c724139007bf2695686db9d0f2d190c3b20a66da4d31da1c176e6e23e3
b,183,INSPECT_VALVE7_WITH_ALTERNATE,fcc3a52c4f2825b9344bbb53cb5653e8acec8b1086b893fd57d5d73f677913e0,ROUTE_BLOCKED,1,"[""ROUTE_BLOCKED""]","[""UNAVAILABLE""]",false,0,"Safely inspect Valve 7; if Door 3 is unavailable, use another route.",results/indicative-twin-hierarchy-b/raw/cases.jsonl,T3-T2,T3,T2,1,1,0,a4a9b6bf0b83820e793e597d740dbbd25064565620d2f587390a319e7771d19f,1f1f7bf4ad28a25fd75a907dd34f5069f92599fe3537b25a350957d23cfeff10
b,183,INSPECT_VALVE7_WITH_ALTERNATE,fcc3a52c4f2825b9344bbb53cb5653e8acec8b1086b893fd57d5d73f677913e0,ROUTE_BLOCKED,1,"[""ROUTE_BLOCKED""]","[""UNAVAILABLE""]",false,0,"Safely inspect Valve 7; if Door 3 is unavailable, use another route.",results/indicative-twin-hierarchy-b/raw/cases.jsonl,T4-T3,T4,T3,1,1,0,ba59c3bc9499257c8f3946d2cdefc0ab8749a0e5ea9ec36c6d39685ef1472ce8,a4a9b6bf0b83820e793e597d740dbbd25064565620d2f587390a319e7771d19f
b,183,REACH_PUMP2_WITH_RECHARGE,15c433ac03740d1691a923783c64d89b6010569d0adada6a0eca35d4e9477e15,ROUTE_BLOCKED,1,"[""ROUTE_BLOCKED""]","[""UNAVAILABLE""]",true,1,"Reach Pump 2, but recharge first if estimated battery is insufficient.",results/indicative-twin-hierarchy-b/raw/cases.jsonl,T3-T2,T3,T2,1,1,0,93a0ad124133e3de871d2d2c5040d815a0224ea283eb03de6fcfacf049206c3b,ece50e506eaba325c228ca3280cc1fbac41f0442778aac91c7276e0d910c173c
b,183,REACH_PUMP2_WITH_RECHARGE,15c433ac03740d1691a923783c64d89b6010569d0adada6a0eca35d4e9477e15,ROUTE_BLOCKED,1,"[""ROUTE_BLOCKED""]","[""UNAVAILABLE""]",true,1,"Reach Pump 2, but recharge first if estimated battery is insufficient.",results/indicative-twin-hierarchy-b/raw/cases.jsonl,T4-T3,T4,T3,1,1,0,58172e47a2654cf144b70fd8b76e5ca88343659ae5410e5f387531fd36bd8d13,93a0ad124133e3de871d2d2c5040d815a0224ea283eb03de6fcfacf049206c3b
b,183,REPLAN_ON_RESTRICTION,9c5f55ac046cc18ecab1a9446ae2c65492d36021890f1563a69fdcd8a885171c,ROOM_RESTRICTED+ROUTE_BLOCKED,2,"[""ROUTE_BLOCKED"",""ROOM_RESTRICTED""]","[""UNAVAILABLE"",""RESTRICTED""]",true,1,Safely inspect Valve 7 and replan if a room becomes restricted.,results/indicative-twin-hierarchy-b/raw/cases.jsonl,T3-T2,T3,T2,1,0,1,3d29c9813c53b369d8f1d84611c16930884afed03876881c794d01ab882ed364,e57a72471da16249c035ad0c37af92fb9fbc595111833ee1fe5f9d9542c64234
b,183,REPLAN_ON_RESTRICTION,9c5f55ac046cc18ecab1a9446ae2c65492d36021890f1563a69fdcd8a885171c,ROOM_RESTRICTED+ROUTE_BLOCKED,2,"[""ROUTE_BLOCKED"",""ROOM_RESTRICTED""]","[""UNAVAILABLE"",""RESTRICTED""]",true,1,Safely inspect Valve 7 and replan if a room becomes restricted.,results/indicative-twin-hierarchy-b/raw/cases.jsonl,T4-T3,T4,T3,1,1,0,039b7a7e5feaf003d8e4877854b90bd4c9ce3df10bd98b431293ddaaf105e960,3d29c9813c53b369d8f1d84611c16930884afed03876881c794d01ab882ed364
b,183,STORE_CARRIED_TOOL,d2f4e3d2adcfd668a2ed5847e859b6a53e4a6266acc4697aa66f0d05bde3e396,ROUTE_BLOCKED,1,"[""ROUTE_BLOCKED""]","[""UNAVAILABLE""]",false,0,Find a safe location for the carried tool.,results/indicative-twin-hierarchy-b/raw/cases.jsonl,T3-T2,T3,T2,1,1,0,cd5618f4c6c3e8b3cc5890298ca69ce169ae641d30e6d22047cbb238d9358f17,333615e7698193e7336f46ba64aa9bd9f2008e378a4cb25959b9dfc50f09ae68
b,183,STORE_CARRIED_TOOL,d2f4e3d2adcfd668a2ed5847e859b6a53e4a6266acc4697aa66f0d05bde3e396,ROUTE_BLOCKED,1,"[""ROUTE_BLOCKED""]","[""UNAVAILABLE""]",false,0,Find a safe location for the carried tool.,results/indicative-twin-hierarchy-b/raw/cases.jsonl,T4-T3,T4,T3,1,1,0,c5b59c96d86210360856f7083f0de5bb65375d961b2e792995459d343a9142e2,cd5618f4c6c3e8b3cc5890298ca69ce169ae641d30e6d22047cbb238d9358f17
b,184,INSPECT_NEAREST_COOLANT,0dd118590fd93adc0c59dfa3a9b2ac837939fd878b525e688bf15720f95ed8c0,NONE,0,[],[],false,0,Inspect the nearest coolant valve without entering a restricted room.,results/indicative-twin-hierarchy-b/raw/cases.jsonl,T3-T2,T3,T2,0,0,0,57a7b9e889a279ba9138ba7a4fadd7c82c0de5a83d0b25c1c7cef96a29e8b196,e75ca5960755157505180520e8b5869bd37d8312cd0cf970133301af6fbacb24
b,184,INSPECT_NEAREST_COOLANT,0dd118590fd93adc0c59dfa3a9b2ac837939fd878b525e688bf15720f95ed8c0,NONE,0,[],[],false,0,Inspect the nearest coolant valve without entering a restricted room.,results/indicative-twin-hierarchy-b/raw/cases.jsonl,T4-T3,T4,T3,0,0,0,e6fb6d9eb7d0bdef147360a76453b3d353642a732201eb2cc1a146f5be426852,57a7b9e889a279ba9138ba7a4fadd7c82c0de5a83d0b25c1c7cef96a29e8b196
b,184,INSPECT_VALVE7_WITH_ALTERNATE,fc05a65f195e00058a91f0c3d5aac6101905a557a899f63feb50615456d56f3e,ROUTE_BLOCKED,1,"[""ROUTE_BLOCKED""]","[""UNAVAILABLE""]",true,1,"Inspect Valve 7; if Door 3 is unavailable, use another route.",results/indicative-twin-hierarchy-b/raw/cases.jsonl,T3-T2,T3,T2,1,1,0,07717d23a8755e9698dc6b069a9e577770122cb18c5128a50fe6b45be5ae0a3b,03177187d1f2c334688c088f8eeda65858dd06ba3781b34ff17cb46463635fe8
b,184,INSPECT_VALVE7_WITH_ALTERNATE,fc05a65f195e00058a91f0c3d5aac6101905a557a899f63feb50615456d56f3e,ROUTE_BLOCKED,1,"[""ROUTE_BLOCKED""]","[""UNAVAILABLE""]",true,1,"Inspect Valve 7; if Door 3 is unavailable, use another route.",results/indicative-twin-hierarchy-b/raw/cases.jsonl,T4-T3,T4,T3,1,1,0,afaa80b9202a1861c1fc1551498e9a1b1aecb3db7905fb6b9fada1d9341c7209,07717d23a8755e9698dc6b069a9e577770122cb18c5128a50fe6b45be5ae0a3b
b,184,REACH_PUMP2_WITH_RECHARGE,2a5ec66df37ce19ab64c25f464a4dc1ec09ab6420efa75e884839bb8599c82ef,NONE,0,[],[],true,1,"Reach Pump 2, but recharge first if estimated battery is insufficient.",results/indicative-twin-hierarchy-b/raw/cases.jsonl,T3-T2,T3,T2,1,0,1,af8118d87482935536c9bca89e1d2afa60a5d76cfebb369809a7db6084d9dd98,d85510b6b091e121fd87890a19e2c23156bd445b2ebacbced48d0a5afc581b23
b,184,REACH_PUMP2_WITH_RECHARGE,2a5ec66df37ce19ab64c25f464a4dc1ec09ab6420efa75e884839bb8599c82ef,NONE,0,[],[],true,1,"Reach Pump 2, but recharge first if estimated battery is insufficient.",results/indicative-twin-hierarchy-b/raw/cases.jsonl,T4-T3,T4,T3,1,1,0,cb9b1109f2d8fdb91ebdd7dc35bbd44a63b781ddca1baaedb9c4e5f4e534ccf4,af8118d87482935536c9bca89e1d2afa60a5d76cfebb369809a7db6084d9dd98
b,184,REPLAN_ON_RESTRICTION,b53fd4cd3987c5108cba54d0fc04512e6d186924b2087be324f50f683fc9ca69,ROOM_RESTRICTED,1,"[""ROOM_RESTRICTED""]","[""RESTRICTED""]",true,1,Inspect Valve 7 and replan if a room becomes restricted.,results/indicative-twin-hierarchy-b/raw/cases.jsonl,T3-T2,T3,T2,1,0,1,b6a4722df2a282b63c1fd33942496132501207c49399c3401827dcdc5032bff4,5b48a8dcb5bc05cb9955e47074fc3ac9d4cbddb28a6036df4eeb9472cc516e3c
b,184,REPLAN_ON_RESTRICTION,b53fd4cd3987c5108cba54d0fc04512e6d186924b2087be324f50f683fc9ca69,ROOM_RESTRICTED,1,"[""ROOM_RESTRICTED""]","[""RESTRICTED""]",true,1,Inspect Valve 7 and replan if a room becomes restricted.,results/indicative-twin-hierarchy-b/raw/cases.jsonl,T4-T3,T4,T3,1,1,0,6e1b348c9ee47efc5b40103b1742ecf053c39447d0e9048451a2765a8d3cea77,b6a4722df2a282b63c1fd33942496132501207c49399c3401827dcdc5032bff4
b,184,STORE_CARRIED_TOOL,9c8c6ca19fed332ee7cb6af01ab0d13008435ff54d7ffe72bd57f5aae36e963a,NONE,0,[],[],false,0,Find a safe location for the carried tool.,results/indicative-twin-hierarchy-b/raw/cases.jsonl,T3-T2,T3,T2,1,1,0,733782b9321b3bf822648f26b1ac6c81e8898685433a4b8d3a722ad5013db2eb,d2e95facacd39861fca2924c7cf99c003c4ffb5aea7007316eff9c1c3669f7c9
b,184,STORE_CARRIED_TOOL,9c8c6ca19fed332ee7cb6af01ab0d13008435ff54d7ffe72bd57f5aae36e963a,NONE,0,[],[],false,0,Find a safe location for the carried tool.,results/indicative-twin-hierarchy-b/raw/cases.jsonl,T4-T3,T4,T3,1,1,0,27bdedc17de9dc388842c385c335ad4f1da8157b2cc478c9b60698f223fe029e,733782b9321b3bf822648f26b1ac6c81e8898685433a4b8d3a722ad5013db2eb
b,185,INSPECT_NEAREST_COOLANT,1c655cad6c97fde9ad0c5a8475b16b28a3d4d6128b543087853b6b90fc242f44,INSTRUCTION_CHANGED,1,"[""INSTRUCTION_CHANGED""]","[""AVOID_ROOM:ElectricalRoom""]",true,1,Safely inspect the nearest coolant valve without entering a restricted room.,results/indicative-twin-hierarchy-b/raw/cases.jsonl,T3-T2,T3,T2,1,1,0,417b461d17e268b964118087760ce56363a9d04f3a0a16db0a2742b4d47dc5c0,33dcf32302bc9b1066ead529bf58aeaf67a2125243dcc39f82c4a65b34ca0b7b
b,185,INSPECT_NEAREST_COOLANT,1c655cad6c97fde9ad0c5a8475b16b28a3d4d6128b543087853b6b90fc242f44,INSTRUCTION_CHANGED,1,"[""INSTRUCTION_CHANGED""]","[""AVOID_ROOM:ElectricalRoom""]",true,1,Safely inspect the nearest coolant valve without entering a restricted room.,results/indicative-twin-hierarchy-b/raw/cases.jsonl,T4-T3,T4,T3,1,1,0,39c9a8c8919b4250f43b795c497f9368f442f72de87088c22c06c31944f024fd,417b461d17e268b964118087760ce56363a9d04f3a0a16db0a2742b4d47dc5c0
b,185,INSPECT_VALVE7_WITH_ALTERNATE,1d0effd329f88c87f4752472d347c3c561aa31840882626ec8794e92962c99d5,INSTRUCTION_CHANGED+ROUTE_BLOCKED,2,"[""ROUTE_BLOCKED"",""INSTRUCTION_CHANGED""]","[""UNAVAILABLE"",""AVOID_ROOM:ElectricalRoom""]",false,0,"Safely inspect Valve 7; if Door 3 is unavailable, use another route.",results/indicative-twin-hierarchy-b/raw/cases.jsonl,T3-T2,T3,T2,0,0,0,a9575d16342f845dba6d46f635b5e579e620ef2da0691c8327ae305858584d4f,30d240d0898f348136b1667f790ef01ecb0dd504467c427762168001865ada66
b,185,INSPECT_VALVE7_WITH_ALTERNATE,1d0effd329f88c87f4752472d347c3c561aa31840882626ec8794e92962c99d5,INSTRUCTION_CHANGED+ROUTE_BLOCKED,2,"[""ROUTE_BLOCKED"",""INSTRUCTION_CHANGED""]","[""UNAVAILABLE"",""AVOID_ROOM:ElectricalRoom""]",false,0,"Safely inspect Valve 7; if Door 3 is unavailable, use another route.",results/indicative-twin-hierarchy-b/raw/cases.jsonl,T4-T3,T4,T3,0,0,0,49464ca1e79d7d96c7018889456bf7b401f10e2c48e50e01f0d916adc3ce211b,a9575d16342f845dba6d46f635b5e579e620ef2da0691c8327ae305858584d4f
b,185,REACH_PUMP2_WITH_RECHARGE,2b880ea88a1a0755e79953909e7806fbebd77264a2f82d55479d2903f1f2c1c9,INSTRUCTION_CHANGED,1,"[""INSTRUCTION_CHANGED""]","[""AVOID_ROOM:ElectricalRoom""]",false,0,"Reach Pump 2, but recharge first if estimated battery is insufficient.",results/indicative-twin-hierarchy-b/raw/cases.jsonl,T3-T2,T3,T2,1,1,0,b1cfb10271f7976e561daa400d7d24ae52ec1113953002ebb59f711a48528eda,3c5563a6390fa12b6a2f5c7ffb4a379a1abfeb0fba5ae8c295da5869241a9fcb
b,185,REACH_PUMP2_WITH_RECHARGE,2b880ea88a1a0755e79953909e7806fbebd77264a2f82d55479d2903f1f2c1c9,INSTRUCTION_CHANGED,1,"[""INSTRUCTION_CHANGED""]","[""AVOID_ROOM:ElectricalRoom""]",false,0,"Reach Pump 2, but recharge first if estimated battery is insufficient.",results/indicative-twin-hierarchy-b/raw/cases.jsonl,T4-T3,T4,T3,1,1,0,a4840e8bcf56ed19f6b471a167b3ac1a4cfe7a9df2ee7f7dc408367ad163174c,b1cfb10271f7976e561daa400d7d24ae52ec1113953002ebb59f711a48528eda
b,185,REPLAN_ON_RESTRICTION,2a68018c0e63640c9c6ad2a8f25367250f5d8ddb582ce680941d87c0ea969ef4,INSTRUCTION_CHANGED+ROOM_RESTRICTED,2,"[""INSTRUCTION_CHANGED"",""ROOM_RESTRICTED""]","[""AVOID_ROOM:ElectricalRoom"",""RESTRICTED""]",true,1,Safely inspect Valve 7 and replan if a room becomes restricted.,results/indicative-twin-hierarchy-b/raw/cases.jsonl,T3-T2,T3,T2,0,0,0,ca639af9b4f4990fc65490a30669d2bf401a023c874ffc2ef0d58bff52272d61,906a4a45ffe85ceb6d8fb6d4cd6b3faf9c5cc30d3c4594fc7a35a88236253ac5
b,185,REPLAN_ON_RESTRICTION,2a68018c0e63640c9c6ad2a8f25367250f5d8ddb582ce680941d87c0ea969ef4,INSTRUCTION_CHANGED+ROOM_RESTRICTED,2,"[""INSTRUCTION_CHANGED"",""ROOM_RESTRICTED""]","[""AVOID_ROOM:ElectricalRoom"",""RESTRICTED""]",true,1,Safely inspect Valve 7 and replan if a room becomes restricted.,results/indicative-twin-hierarchy-b/raw/cases.jsonl,T4-T3,T4,T3,0,0,0,04e06b010138e90f841e30537b31a784ef84f65281b314594f8a7c8342420a77,ca639af9b4f4990fc65490a30669d2bf401a023c874ffc2ef0d58bff52272d61
b,185,STORE_CARRIED_TOOL,e4ff9906a4665a968ec0b16dc2f31ff5b7547ef2d21e64981f57848908d0a369,INSTRUCTION_CHANGED,1,"[""INSTRUCTION_CHANGED""]","[""AVOID_ROOM:ElectricalRoom""]",true,1,Find a safe location for the carried tool.,results/indicative-twin-hierarchy-b/raw/cases.jsonl,T3-T2,T3,T2,0,0,0,00221f07f5d1b9c26dfc14bde33c0bab58aa6c78dff785327dd486692f4b3ab8,93cfd2ae443a8d5fcfa386a7c50f863936abb426f498dde5a245cd13e4d33c20
b,185,STORE_CARRIED_TOOL,e4ff9906a4665a968ec0b16dc2f31ff5b7547ef2d21e64981f57848908d0a369,INSTRUCTION_CHANGED,1,"[""INSTRUCTION_CHANGED""]","[""AVOID_ROOM:ElectricalRoom""]",true,1,Find a safe location for the carried tool.,results/indicative-twin-hierarchy-b/raw/cases.jsonl,T4-T3,T4,T3,0,0,0,48d7ef7ad4a4c55c687b409c3fcb9b2c933ff7f7658bd39f82835cc47e36ca4c,00221f07f5d1b9c26dfc14bde33c0bab58aa6c78dff785327dd486692f4b3ab8
b,186,INSPECT_NEAREST_COOLANT,d43ec4cbdf3e6bbe11c20117c51d1b00242e770801b88b26dca3f5d624ecfb3e,ROUTE_BLOCKED,1,"[""ROUTE_BLOCKED""]","[""UNAVAILABLE""]",false,0,Inspect the nearest coolant valve without entering a restricted room.,results/indicative-twin-hierarchy-b/raw/cases.jsonl,T3-T2,T3,T2,0,0,0,300b2b3d8e4f79ff8d6c53809e0d5bd0199cfb9a8b00bf51ef73197370219ddb,0c933d8e97243dd57e4b2db74cb8a025de7070cb5ee6b10b2356d2350ea400db
b,186,INSPECT_NEAREST_COOLANT,d43ec4cbdf3e6bbe11c20117c51d1b00242e770801b88b26dca3f5d624ecfb3e,ROUTE_BLOCKED,1,"[""ROUTE_BLOCKED""]","[""UNAVAILABLE""]",false,0,Inspect the nearest coolant valve without entering a restricted room.,results/indicative-twin-hierarchy-b/raw/cases.jsonl,T4-T3,T4,T3,0,0,0,5a3b6361d5163f32aa8e6071c70c04866d4f7320ea445027a43aadb20ad3e340,300b2b3d8e4f79ff8d6c53809e0d5bd0199cfb9a8b00bf51ef73197370219ddb
b,186,INSPECT_VALVE7_WITH_ALTERNATE,06937aa900f07de71be9b28b590cc4985aa93d8edca6b80ce95c42a093e984a6,NONE,0,[],[],true,2,"Inspect Valve 7; if Door 3 is unavailable, use another route.",results/indicative-twin-hierarchy-b/raw/cases.jsonl,T3-T2,T3,T2,0,0,0,563dc9fbfb093d915a6022ab62bebddcc54c52f516d55fa25c9e4c939bac57d7,5d0740d258ebf446b7735fe7858aab2f5968db589ed4dfe4b73a1b0aed05d854
b,186,INSPECT_VALVE7_WITH_ALTERNATE,06937aa900f07de71be9b28b590cc4985aa93d8edca6b80ce95c42a093e984a6,NONE,0,[],[],true,2,"Inspect Valve 7; if Door 3 is unavailable, use another route.",results/indicative-twin-hierarchy-b/raw/cases.jsonl,T4-T3,T4,T3,1,0,1,5e8da727d0086b3a8363cafc1ff6d185eb807ed0ea36a7adac5008a6691933cc,563dc9fbfb093d915a6022ab62bebddcc54c52f516d55fa25c9e4c939bac57d7
b,186,REACH_PUMP2_WITH_RECHARGE,3932a59e7a09b72101f60c28005345b32121297cb03382bdad4af5bbe7476b15,NONE,0,[],[],true,1,"Reach Pump 2, but recharge first if estimated battery is insufficient.",results/indicative-twin-hierarchy-b/raw/cases.jsonl,T3-T2,T3,T2,1,1,0,67243256aeb913b09ac17c26eb6c095e38192a5126870b5b75ce5128e56aa5a5,c39613a1093d5085ed95c80622024f942083a1288ffb2f10312b965f14cfa1c8
b,186,REACH_PUMP2_WITH_RECHARGE,3932a59e7a09b72101f60c28005345b32121297cb03382bdad4af5bbe7476b15,NONE,0,[],[],true,1,"Reach Pump 2, but recharge first if estimated battery is insufficient.",results/indicative-twin-hierarchy-b/raw/cases.jsonl,T4-T3,T4,T3,1,1,0,9230bde7cb9ffe40cf5818605a3785d11b9d4ca7a104cf765f785993b2caf8b2,67243256aeb913b09ac17c26eb6c095e38192a5126870b5b75ce5128e56aa5a5
b,186,REPLAN_ON_RESTRICTION,95b9c24c631c8cc669f36360647ab794fea63f6dcfffd5929af4b51b56abac59,ROOM_RESTRICTED,1,"[""ROOM_RESTRICTED""]","[""RESTRICTED""]",true,1,Inspect Valve 7 and replan if a room becomes restricted.,results/indicative-twin-hierarchy-b/raw/cases.jsonl,T3-T2,T3,T2,1,0,1,ec32291ebca8905f64276e04eee50012ea0fa5f4e39909f203ec083edaaf1691,0b31fb95ce597ccbc13f2146c8916916c7b61f175cde1e8aeeb819375bcd146c
b,186,REPLAN_ON_RESTRICTION,95b9c24c631c8cc669f36360647ab794fea63f6dcfffd5929af4b51b56abac59,ROOM_RESTRICTED,1,"[""ROOM_RESTRICTED""]","[""RESTRICTED""]",true,1,Inspect Valve 7 and replan if a room becomes restricted.,results/indicative-twin-hierarchy-b/raw/cases.jsonl,T4-T3,T4,T3,1,1,0,f2137d0d0ef82e152d4cecc9978cc3dd5088ab57c986465589148d411e68bf26,ec32291ebca8905f64276e04eee50012ea0fa5f4e39909f203ec083edaaf1691
b,186,STORE_CARRIED_TOOL,6666eb0931828107198322f6b72040ee9ceaf64851dd5db21b6c69e7bdcb6d5e,ROUTE_BLOCKED,1,"[""ROUTE_BLOCKED""]","[""UNAVAILABLE""]",false,0,Find a safe location for the carried tool.,results/indicative-twin-hierarchy-b/raw/cases.jsonl,T3-T2,T3,T2,1,1,0,3567bdf2b43ef5bab094155fec9e46e6010639a1cddb1d47f775bd05b870e64e,928ee8b56651b77cddc8b7b5ff87c87111fb6f3e9dec3844663b6e922017d004
b,186,STORE_CARRIED_TOOL,6666eb0931828107198322f6b72040ee9ceaf64851dd5db21b6c69e7bdcb6d5e,ROUTE_BLOCKED,1,"[""ROUTE_BLOCKED""]","[""UNAVAILABLE""]",false,0,Find a safe location for the carried tool.,results/indicative-twin-hierarchy-b/raw/cases.jsonl,T4-T3,T4,T3,1,1,0,426941e396f0c3f8564e74798c9f66c46ae577eeb7ffdfccb73d0a86c52e258e,3567bdf2b43ef5bab094155fec9e46e6010639a1cddb1d47f775bd05b870e64e
b,187,INSPECT_NEAREST_COOLANT,765ee66369fa4d4a30b2aa2fe5ef62ffb54ff7ffa1c0f181210832b62d9a654c,NONE,0,[],[],false,0,Safely inspect the nearest coolant valve without entering a restricted room.,results/indicative-twin-hierarchy-b/raw/cases.jsonl,T3-T2,T3,T2,1,1,0,4967730ced78faad37cc2b63342bcd29bde6679ab90368a388b94070286e8969,6259334b204076046352d6fed31d94b803a8d37722f73592abc35f7b3ac58f78
b,187,INSPECT_NEAREST_COOLANT,765ee66369fa4d4a30b2aa2fe5ef62ffb54ff7ffa1c0f181210832b62d9a654c,NONE,0,[],[],false,0,Safely inspect the nearest coolant valve without entering a restricted room.,results/indicative-twin-hierarchy-b/raw/cases.jsonl,T4-T3,T4,T3,1,1,0,7c0b25c1a16b55bd6f6b3a990f1678e362535b86effa7e628c4e0e02991b0006,4967730ced78faad37cc2b63342bcd29bde6679ab90368a388b94070286e8969
b,187,INSPECT_VALVE7_WITH_ALTERNATE,e20198a2a4227404ffc0135664d97af82887c7d744ca240787ecebc81dca43d4,NONE,0,[],[],false,0,"Safely inspect Valve 7; if Door 3 is unavailable, use another route.",results/indicative-twin-hierarchy-b/raw/cases.jsonl,T3-T2,T3,T2,1,0,1,ddb7b025ac4e747e684d6be95cb505b9fb95ab897e9de50e0b86a15e07c00159,7c013cd92fab9a2cf7fb105c370e944ef09780b9591f6a01b5ef5b819a0ef597
b,187,INSPECT_VALVE7_WITH_ALTERNATE,e20198a2a4227404ffc0135664d97af82887c7d744ca240787ecebc81dca43d4,NONE,0,[],[],false,0,"Safely inspect Valve 7; if Door 3 is unavailable, use another route.",results/indicative-twin-hierarchy-b/raw/cases.jsonl,T4-T3,T4,T3,1,1,0,9fd09735fc881d85e8679fdc8786648665ed361e9620df2b9699e2552c70fcb1,ddb7b025ac4e747e684d6be95cb505b9fb95ab897e9de50e0b86a15e07c00159
b,187,REACH_PUMP2_WITH_RECHARGE,7ba29ba3ce7ce6a9d077f1a465bed2a544cd2f635d7c423627067461e264e348,NONE,0,[],[],false,0,"Reach Pump 2, but recharge first if estimated battery is insufficient.",results/indicative-twin-hierarchy-b/raw/cases.jsonl,T3-T2,T3,T2,1,1,0,9366a2fa521f999fea1f29c6c2d0608ad7afc3a1d0c00cb185e5ed1e57a92e5f,29bf916e7d7c2eff503ae8f6efa505a61d632b3166651a70d9705584f6f1b96c
b,187,REACH_PUMP2_WITH_RECHARGE,7ba29ba3ce7ce6a9d077f1a465bed2a544cd2f635d7c423627067461e264e348,NONE,0,[],[],false,0,"Reach Pump 2, but recharge first if estimated battery is insufficient.",results/indicative-twin-hierarchy-b/raw/cases.jsonl,T4-T3,T4,T3,1,1,0,9a0c6c703ed5dfc66bd3fafecda436aa7a6fafc9a0771491eada419f36c39f41,9366a2fa521f999fea1f29c6c2d0608ad7afc3a1d0c00cb185e5ed1e57a92e5f
b,187,REPLAN_ON_RESTRICTION,91801b59d29f568001e35dbda799300be21506bd079501e445e8c9c8672a9fc6,ROOM_RESTRICTED,1,"[""ROOM_RESTRICTED""]","[""RESTRICTED""]",true,1,Safely inspect Valve 7 and replan if a room becomes restricted.,results/indicative-twin-hierarchy-b/raw/cases.jsonl,T3-T2,T3,T2,1,0,1,fa9664d8b0b5f5f18d382c598bdc65bfdbaadd37d7f0df0f3537a38847c31dda,10f47dca659c365cdfcaf8b10dce35c1bbf1dd59531e45188158ab92b12ff744
b,187,REPLAN_ON_RESTRICTION,91801b59d29f568001e35dbda799300be21506bd079501e445e8c9c8672a9fc6,ROOM_RESTRICTED,1,"[""ROOM_RESTRICTED""]","[""RESTRICTED""]",true,1,Safely inspect Valve 7 and replan if a room becomes restricted.,results/indicative-twin-hierarchy-b/raw/cases.jsonl,T4-T3,T4,T3,1,1,0,5e8f57bde9f728235399645cfd6630b01cd8e5913a4e665756df7e2a0ce92827,fa9664d8b0b5f5f18d382c598bdc65bfdbaadd37d7f0df0f3537a38847c31dda
b,187,STORE_CARRIED_TOOL,8c0d880ebd3765372c3b94e0e06320a6763551e4bbc44821cc531860fe4cbc88,ROUTE_BLOCKED,1,"[""ROUTE_BLOCKED""]","[""UNAVAILABLE""]",false,0,Find a safe location for the carried tool.,results/indicative-twin-hierarchy-b/raw/cases.jsonl,T3-T2,T3,T2,1,1,0,ed825c303e6dae7be8caa0f5384efae7febdc2bdd7500917cf912cf252cdd42b,4ea884a9603d527ccfe62b45738b0525021ce20c8db277c4131d98ad7d4f23d0
b,187,STORE_CARRIED_TOOL,8c0d880ebd3765372c3b94e0e06320a6763551e4bbc44821cc531860fe4cbc88,ROUTE_BLOCKED,1,"[""ROUTE_BLOCKED""]","[""UNAVAILABLE""]",false,0,Find a safe location for the carried tool.,results/indicative-twin-hierarchy-b/raw/cases.jsonl,T4-T3,T4,T3,1,1,0,cc9e4955689c4b5495ec9e1916de135059c620a6c0ef02655f88359c70c1f82f,ed825c303e6dae7be8caa0f5384efae7febdc2bdd7500917cf912cf252cdd42b
b,188,INSPECT_NEAREST_COOLANT,00a2931128e22323af321f33c0080e775ded1a9a02189dc6fe35fb9e3a70f005,NONE,0,[],[],false,0,Inspect the nearest coolant valve without entering a restricted room.,results/indicative-twin-hierarchy-b/raw/cases.jsonl,T3-T2,T3,T2,1,1,0,9fb17b8de02c92ff5f0d572551b201b93b72c6b2aebb8dc56238d0a216bca0e1,c4175c3eb148957555e874cdd563744ce2dade2cb0866806fc2d882e698f24e5
b,188,INSPECT_NEAREST_COOLANT,00a2931128e22323af321f33c0080e775ded1a9a02189dc6fe35fb9e3a70f005,NONE,0,[],[],false,0,Inspect the nearest coolant valve without entering a restricted room.,results/indicative-twin-hierarchy-b/raw/cases.jsonl,T4-T3,T4,T3,1,1,0,593de5fe685ecad5a36aba3ebd4050b86e4e929990ab468cf99d2ecccb9867ef,9fb17b8de02c92ff5f0d572551b201b93b72c6b2aebb8dc56238d0a216bca0e1
b,188,INSPECT_VALVE7_WITH_ALTERNATE,a75eb2d37d6462f4ba1ee11e290f7d98e8b05edfd7ada2ee45604821c3e25a3f,NONE,0,[],[],false,0,"Inspect Valve 7; if Door 3 is unavailable, use another route.",results/indicative-twin-hierarchy-b/raw/cases.jsonl,T3-T2,T3,T2,1,1,0,44f67c60e6f25175e0d320c0b9ee62bfc7f35d2762ace34c1a875e3d2fc87346,5988a492fc9696bd4fdc7faab83fbcade1a3ac764677c56e2373ad61427e4a97
b,188,INSPECT_VALVE7_WITH_ALTERNATE,a75eb2d37d6462f4ba1ee11e290f7d98e8b05edfd7ada2ee45604821c3e25a3f,NONE,0,[],[],false,0,"Inspect Valve 7; if Door 3 is unavailable, use another route.",results/indicative-twin-hierarchy-b/raw/cases.jsonl,T4-T3,T4,T3,1,1,0,ac39f44ef5dc0ae8ed94941947c9eaa074a24277cb388bbbecebb557c9a890e0,44f67c60e6f25175e0d320c0b9ee62bfc7f35d2762ace34c1a875e3d2fc87346
b,188,REACH_PUMP2_WITH_RECHARGE,8b92e039a5f8a18abb5168bd29266e0cfe7ba8795394696af723acaee32eb473,NONE,0,[],[],true,1,"Reach Pump 2, but recharge first if estimated battery is insufficient.",results/indicative-twin-hierarchy-b/raw/cases.jsonl,T3-T2,T3,T2,1,0,1,bb1b6c8ce7431a2e84cf6592e43547a4eda334cc468db766e9c9ef7499a224bb,8b7935555718b127dd5a83288079f35604ccd2e2c38c7cd5df815fef7533ae59
b,188,REACH_PUMP2_WITH_RECHARGE,8b92e039a5f8a18abb5168bd29266e0cfe7ba8795394696af723acaee32eb473,NONE,0,[],[],true,1,"Reach Pump 2, but recharge first if estimated battery is insufficient.",results/indicative-twin-hierarchy-b/raw/cases.jsonl,T4-T3,T4,T3,1,1,0,60cd68135996a422ffca24398b97bc8f4b7cc9d950f96675b37200575e6771b5,bb1b6c8ce7431a2e84cf6592e43547a4eda334cc468db766e9c9ef7499a224bb
b,188,REPLAN_ON_RESTRICTION,abbeab7e0d9ea93ae436887bc2da8ba7641337c79d021c632f9ea3de0139e6ac,ROOM_RESTRICTED+ROUTE_BLOCKED,2,"[""ROUTE_BLOCKED"",""ROOM_RESTRICTED""]","[""UNAVAILABLE"",""RESTRICTED""]",true,1,Inspect Valve 7 and replan if a room becomes restricted.,results/indicative-twin-hierarchy-b/raw/cases.jsonl,T3-T2,T3,T2,1,0,1,b38e1763e24acfbbc3161f727cce8f60391a38b8796f42d77a7569ddca657a32,97c8dae243df6424e97a0c858c45a0329075086b386dbfe33cb7474326239341
b,188,REPLAN_ON_RESTRICTION,abbeab7e0d9ea93ae436887bc2da8ba7641337c79d021c632f9ea3de0139e6ac,ROOM_RESTRICTED+ROUTE_BLOCKED,2,"[""ROUTE_BLOCKED"",""ROOM_RESTRICTED""]","[""UNAVAILABLE"",""RESTRICTED""]",true,1,Inspect Valve 7 and replan if a room becomes restricted.,results/indicative-twin-hierarchy-b/raw/cases.jsonl,T4-T3,T4,T3,1,1,0,e11d9c7f72c05a6174d86e35f2151dd4c8e7c93743e0df7893e9e2737bdfb24e,b38e1763e24acfbbc3161f727cce8f60391a38b8796f42d77a7569ddca657a32
b,188,STORE_CARRIED_TOOL,c85eccb27bcf9aa9247dda4b6eb139646d0f33384ffd63153dafa40faeff93b3,NONE,0,[],[],true,1,Find a safe location for the carried tool.,results/indicative-twin-hierarchy-b/raw/cases.jsonl,T3-T2,T3,T2,1,0,1,3cb79a87822f537c5ca10ec4898c1f81734952afb2018bdd462e48e120273dd6,be8ee8f7d1a7123a77b81c0b513da53ea75ef18e9aa995a1056675c136168246
b,188,STORE_CARRIED_TOOL,c85eccb27bcf9aa9247dda4b6eb139646d0f33384ffd63153dafa40faeff93b3,NONE,0,[],[],true,1,Find a safe location for the carried tool.,results/indicative-twin-hierarchy-b/raw/cases.jsonl,T4-T3,T4,T3,1,1,0,f4476c98b0a59efd9124ee7594ac49ebd94234deddaf27546d65bd43bc778a67,3cb79a87822f537c5ca10ec4898c1f81734952afb2018bdd462e48e120273dd6
b,189,INSPECT_NEAREST_COOLANT,0b78c7a4fc28d7950b2e0a0169f5cff61cf0ac5fa9328af05b91983a951b54f7,NONE,0,[],[],false,0,Safely inspect the nearest coolant valve without entering a restricted room.,results/indicative-twin-hierarchy-b/raw/cases.jsonl,T3-T2,T3,T2,1,0,1,d02ef2c6ef8387516fd0c27c489c4c22c18856609e1fcda380fe5345a6465df7,08aca0f885ec4e32462fb072fdfe170a1d2e761c6768f133afc676acf15cefe6
b,189,INSPECT_NEAREST_COOLANT,0b78c7a4fc28d7950b2e0a0169f5cff61cf0ac5fa9328af05b91983a951b54f7,NONE,0,[],[],false,0,Safely inspect the nearest coolant valve without entering a restricted room.,results/indicative-twin-hierarchy-b/raw/cases.jsonl,T4-T3,T4,T3,1,1,0,343068f87a1663b80b4c17600278603fc84e44df0e9a327b9f5ed21cc2420fec,d02ef2c6ef8387516fd0c27c489c4c22c18856609e1fcda380fe5345a6465df7
b,189,INSPECT_VALVE7_WITH_ALTERNATE,214309691800a492cfacb06540f66f9a0ba4d6b7dbb47be635de78708c7a113e,ROUTE_BLOCKED,1,"[""ROUTE_BLOCKED""]","[""UNAVAILABLE""]",false,0,"Safely inspect Valve 7; if Door 3 is unavailable, use another route.",results/indicative-twin-hierarchy-b/raw/cases.jsonl,T3-T2,T3,T2,1,1,0,91a6424d0d9c8ee2a426ad268d6e58f2e1875002bdb10d9e553f2b324b54edec,25b7c351a4e1b54b7e1e2847ecfada3431a6d0b84570f50734a3afc90c81b524
b,189,INSPECT_VALVE7_WITH_ALTERNATE,214309691800a492cfacb06540f66f9a0ba4d6b7dbb47be635de78708c7a113e,ROUTE_BLOCKED,1,"[""ROUTE_BLOCKED""]","[""UNAVAILABLE""]",false,0,"Safely inspect Valve 7; if Door 3 is unavailable, use another route.",results/indicative-twin-hierarchy-b/raw/cases.jsonl,T4-T3,T4,T3,1,1,0,44dc87e636d4d858f1ebfc021060ba4735efac4eb07f75b57f8870dbe59920cb,91a6424d0d9c8ee2a426ad268d6e58f2e1875002bdb10d9e553f2b324b54edec
b,189,REACH_PUMP2_WITH_RECHARGE,67b69d4cd6d5fbe43e555106358cc349da1c0656859dc9ff3d993cf919042ad5,ROUTE_BLOCKED,1,"[""ROUTE_BLOCKED""]","[""UNAVAILABLE""]",true,2,"Reach Pump 2, but recharge first if estimated battery is insufficient.",results/indicative-twin-hierarchy-b/raw/cases.jsonl,T3-T2,T3,T2,1,0,1,3775223911e5e29c24bc57c344eab57b7ad8e61a6c0e24badcda9f45b4aaff1a,6d53c87aea2b14e9e77b1fdb742268bae9ee134f251e44f56d9e4f927874b733
b,189,REACH_PUMP2_WITH_RECHARGE,67b69d4cd6d5fbe43e555106358cc349da1c0656859dc9ff3d993cf919042ad5,ROUTE_BLOCKED,1,"[""ROUTE_BLOCKED""]","[""UNAVAILABLE""]",true,2,"Reach Pump 2, but recharge first if estimated battery is insufficient.",results/indicative-twin-hierarchy-b/raw/cases.jsonl,T4-T3,T4,T3,1,1,0,3878d007f4adb03873c33a3972cf41aa5af35dd2fee0d1a648c4bda991a04d12,3775223911e5e29c24bc57c344eab57b7ad8e61a6c0e24badcda9f45b4aaff1a
b,189,REPLAN_ON_RESTRICTION,23a964466416ac6d8703375fc9659642c8a294fb86abed6061bf2ae8501598c4,ROOM_RESTRICTED,1,"[""ROOM_RESTRICTED""]","[""RESTRICTED""]",true,1,Safely inspect Valve 7 and replan if a room becomes restricted.,results/indicative-twin-hierarchy-b/raw/cases.jsonl,T3-T2,T3,T2,1,0,1,aac6897dcaa9a4ec7667851d85070985d4ab1f5db54828534bc95274eea00ae7,01862d2534a6c27376d0e1962d2c8712c308f980f5430b65bfce4b927a43c39b
b,189,REPLAN_ON_RESTRICTION,23a964466416ac6d8703375fc9659642c8a294fb86abed6061bf2ae8501598c4,ROOM_RESTRICTED,1,"[""ROOM_RESTRICTED""]","[""RESTRICTED""]",true,1,Safely inspect Valve 7 and replan if a room becomes restricted.,results/indicative-twin-hierarchy-b/raw/cases.jsonl,T4-T3,T4,T3,1,1,0,aca5b9d40da2c5644cacfe062b485b73ef045539352995956559d4673f874d4c,aac6897dcaa9a4ec7667851d85070985d4ab1f5db54828534bc95274eea00ae7
b,189,STORE_CARRIED_TOOL,feec4214c072182b72df2ceff90b19f684e9b4983866e833e20f51fd74fbd688,NONE,0,[],[],true,1,Find a safe location for the carried tool.,results/indicative-twin-hierarchy-b/raw/cases.jsonl,T3-T2,T3,T2,1,0,1,4184e820e4a31780e222ff3da706c574021139d9ff51eed49572a23dc20bad1d,72605ffc03a27aa8156ff27f3a877886668ac59f0d54681a1d07253afab17569
b,189,STORE_CARRIED_TOOL,feec4214c072182b72df2ceff90b19f684e9b4983866e833e20f51fd74fbd688,NONE,0,[],[],true,1,Find a safe location for the carried tool.,results/indicative-twin-hierarchy-b/raw/cases.jsonl,T4-T3,T4,T3,1,1,0,78b4107913d3623be42ebd642ac8d3329791bb67502e3b40f5865f46bc3f7a91,4184e820e4a31780e222ff3da706c574021139d9ff51eed49572a23dc20bad1d
b,190,INSPECT_NEAREST_COOLANT,b1d8cacd2449bf03cac08c66df71b20e64efe881a089adc08320a56a409245d7,INSTRUCTION_CHANGED+ROUTE_BLOCKED,2,"[""ROUTE_BLOCKED"",""INSTRUCTION_CHANGED""]","[""UNAVAILABLE"",""AVOID_ROOM:ElectricalRoom""]",false,0,Inspect the nearest coolant valve without entering a restricted room.,results/indicative-twin-hierarchy-b/raw/cases.jsonl,T3-T2,T3,T2,1,1,0,67f7e7fd93c7812d4367ec86b37e067a8b29748524d603b5025918395466db43,74f9f64d809b69ef09f16e25841a45829a05f1f154277af545805d5808110f34
b,190,INSPECT_NEAREST_COOLANT,b1d8cacd2449bf03cac08c66df71b20e64efe881a089adc08320a56a409245d7,INSTRUCTION_CHANGED+ROUTE_BLOCKED,2,"[""ROUTE_BLOCKED"",""INSTRUCTION_CHANGED""]","[""UNAVAILABLE"",""AVOID_ROOM:ElectricalRoom""]",false,0,Inspect the nearest coolant valve without entering a restricted room.,results/indicative-twin-hierarchy-b/raw/cases.jsonl,T4-T3,T4,T3,1,1,0,a6222cd5e67a208020d922b9421db550f7287c9c6ed988a4e5d460370a867932,67f7e7fd93c7812d4367ec86b37e067a8b29748524d603b5025918395466db43
b,190,INSPECT_VALVE7_WITH_ALTERNATE,fc2cb2fa452e8b8025377f0bfced4450973d7a862979dd8b38d7c517bdbff662,INSTRUCTION_CHANGED+ROUTE_BLOCKED,2,"[""ROUTE_BLOCKED"",""INSTRUCTION_CHANGED""]","[""UNAVAILABLE"",""AVOID_ROOM:ElectricalRoom""]",false,0,"Inspect Valve 7; if Door 3 is unavailable, use another route.",results/indicative-twin-hierarchy-b/raw/cases.jsonl,T3-T2,T3,T2,1,1,0,5e9f7dc5e61db02b1ede2e9c6c1a24bfabcfd99be03bbf8efad04e0a9de712cd,71318a90b614b83c827fc9ae0bdcbbbc44b175238f0bf399af22b067465701f5
b,190,INSPECT_VALVE7_WITH_ALTERNATE,fc2cb2fa452e8b8025377f0bfced4450973d7a862979dd8b38d7c517bdbff662,INSTRUCTION_CHANGED+ROUTE_BLOCKED,2,"[""ROUTE_BLOCKED"",""INSTRUCTION_CHANGED""]","[""UNAVAILABLE"",""AVOID_ROOM:ElectricalRoom""]",false,0,"Inspect Valve 7; if Door 3 is unavailable, use another route.",results/indicative-twin-hierarchy-b/raw/cases.jsonl,T4-T3,T4,T3,1,1,0,f1a0b19ca21f2b2e02183f9a526ec50f67cee3e994165f1de076e7d6a5a7c5f4,5e9f7dc5e61db02b1ede2e9c6c1a24bfabcfd99be03bbf8efad04e0a9de712cd
b,190,REACH_PUMP2_WITH_RECHARGE,d9bbfb31b9828b21725f949c46537bdd829228ab8be24c88e2af1722e2205480,INSTRUCTION_CHANGED+ROUTE_BLOCKED,2,"[""ROUTE_BLOCKED"",""INSTRUCTION_CHANGED""]","[""UNAVAILABLE"",""AVOID_ROOM:ElectricalRoom""]",true,1,"Reach Pump 2, but recharge first if estimated battery is insufficient.",results/indicative-twin-hierarchy-b/raw/cases.jsonl,T3-T2,T3,T2,1,0,1,8f443c27b929a1ae92ec83189d77eeadac5a00f37134c89f2572ef284c8db72b,055b06a1f1725fbfe62d996c93e6a9d7c54b55cf0c650359a4a7ec7944d47cf1
b,190,REACH_PUMP2_WITH_RECHARGE,d9bbfb31b9828b21725f949c46537bdd829228ab8be24c88e2af1722e2205480,INSTRUCTION_CHANGED+ROUTE_BLOCKED,2,"[""ROUTE_BLOCKED"",""INSTRUCTION_CHANGED""]","[""UNAVAILABLE"",""AVOID_ROOM:ElectricalRoom""]",true,1,"Reach Pump 2, but recharge first if estimated battery is insufficient.",results/indicative-twin-hierarchy-b/raw/cases.jsonl,T4-T3,T4,T3,1,1,0,6305d1b534e42591c96252f5bcbfe54b370f3e8ad764cd0188bbac7ac40b694f,8f443c27b929a1ae92ec83189d77eeadac5a00f37134c89f2572ef284c8db72b
b,190,REPLAN_ON_RESTRICTION,7e5a6282f8d220598cebc92362757d5e1007ddd38e66ce58bb7c546c1ad590e6,INSTRUCTION_CHANGED+ROOM_RESTRICTED,2,"[""INSTRUCTION_CHANGED"",""ROOM_RESTRICTED""]","[""AVOID_ROOM:ElectricalRoom"",""RESTRICTED""]",false,0,Inspect Valve 7 and replan if a room becomes restricted.,results/indicative-twin-hierarchy-b/raw/cases.jsonl,T3-T2,T3,T2,0,0,0,a9e60e2fe95db4d1d76050ef5113895a7bef406c2e78254a720534d8179b5340,02352c1ea275034e754fc03e131102b6e4f0279142352b04c7f6b5d1e0ee1e04
b,190,REPLAN_ON_RESTRICTION,7e5a6282f8d220598cebc92362757d5e1007ddd38e66ce58bb7c546c1ad590e6,INSTRUCTION_CHANGED+ROOM_RESTRICTED,2,"[""INSTRUCTION_CHANGED"",""ROOM_RESTRICTED""]","[""AVOID_ROOM:ElectricalRoom"",""RESTRICTED""]",false,0,Inspect Valve 7 and replan if a room becomes restricted.,results/indicative-twin-hierarchy-b/raw/cases.jsonl,T4-T3,T4,T3,0,0,0,c3a77df0fca459cded6d6cca1fc1fabfc93ee7a27bff8d89a4d371addd3edadf,a9e60e2fe95db4d1d76050ef5113895a7bef406c2e78254a720534d8179b5340
b,190,STORE_CARRIED_TOOL,3abb085627bfee35224df6968f7e18c499afc50bdbde64dc15527bb64d58f9cf,INSTRUCTION_CHANGED,1,"[""INSTRUCTION_CHANGED""]","[""AVOID_ROOM:ElectricalRoom""]",false,0,Find a safe location for the carried tool.,results/indicative-twin-hierarchy-b/raw/cases.jsonl,T3-T2,T3,T2,1,1,0,1f526bdbbb0ec2fdc31f677527eb1325aa0a389a03a014d9545aca3d9b7fcc52,345d414ad0c7d43adadfd488339c79b56f6661063f2e44beadd5d5461b93ef3d
b,190,STORE_CARRIED_TOOL,3abb085627bfee35224df6968f7e18c499afc50bdbde64dc15527bb64d58f9cf,INSTRUCTION_CHANGED,1,"[""INSTRUCTION_CHANGED""]","[""AVOID_ROOM:ElectricalRoom""]",false,0,Find a safe location for the carried tool.,results/indicative-twin-hierarchy-b/raw/cases.jsonl,T4-T3,T4,T3,1,1,0,0d85a534a457ed3611c274d39dac3fa4829225e7d24e56e7b194340b872fa556,1f526bdbbb0ec2fdc31f677527eb1325aa0a389a03a014d9545aca3d9b7fcc52
b,191,INSPECT_NEAREST_COOLANT,08a6b569bc92ca335c36230cab42da1d2e1d49848ed3df4b6533c637d0db1439,ROUTE_BLOCKED,1,"[""ROUTE_BLOCKED""]","[""UNAVAILABLE""]",true,1,Safely inspect the nearest coolant valve without entering a restricted room.,results/indicative-twin-hierarchy-b/raw/cases.jsonl,T3-T2,T3,T2,1,1,0,7e7adbb534eda432533d56f3b35cea59c59aed5c3ea4508f33711b4bdccf0291,e253c5c6df3b8e6484abde07cc14d1ad0f9cede8cfdc0360bd73b09fe3fda2cd
b,191,INSPECT_NEAREST_COOLANT,08a6b569bc92ca335c36230cab42da1d2e1d49848ed3df4b6533c637d0db1439,ROUTE_BLOCKED,1,"[""ROUTE_BLOCKED""]","[""UNAVAILABLE""]",true,1,Safely inspect the nearest coolant valve without entering a restricted room.,results/indicative-twin-hierarchy-b/raw/cases.jsonl,T4-T3,T4,T3,1,1,0,2c5bf193dd66e7a29c4480cdb59fe08d2f3038f4ec1749595fa50df1f0ea88bf,7e7adbb534eda432533d56f3b35cea59c59aed5c3ea4508f33711b4bdccf0291
b,191,INSPECT_VALVE7_WITH_ALTERNATE,ba5428ea3722de2b4df80e46eef9266bb7ac0f76f9f918fb2f2760e13f2ce71b,ROUTE_BLOCKED,1,"[""ROUTE_BLOCKED""]","[""UNAVAILABLE""]",true,1,"Safely inspect Valve 7; if Door 3 is unavailable, use another route.",results/indicative-twin-hierarchy-b/raw/cases.jsonl,T3-T2,T3,T2,1,0,1,377803de4c824c364bd009536e231c3ca20292bc9309a64a627f277e87264723,6f3068bb53581b1dcc1dc252de67bd7725ad5319c9031d1d735d48796e6ce92d
b,191,INSPECT_VALVE7_WITH_ALTERNATE,ba5428ea3722de2b4df80e46eef9266bb7ac0f76f9f918fb2f2760e13f2ce71b,ROUTE_BLOCKED,1,"[""ROUTE_BLOCKED""]","[""UNAVAILABLE""]",true,1,"Safely inspect Valve 7; if Door 3 is unavailable, use another route.",results/indicative-twin-hierarchy-b/raw/cases.jsonl,T4-T3,T4,T3,1,1,0,d933c3c864f0879aa91d99e2be2f52064903ce56db8ba24c434390ae831520d2,377803de4c824c364bd009536e231c3ca20292bc9309a64a627f277e87264723
b,191,REACH_PUMP2_WITH_RECHARGE,1648ae307b140a7cf9024aa43e95303d44745bbea6d5133bdafcde1fa8c06033,NONE,0,[],[],false,0,"Reach Pump 2, but recharge first if estimated battery is insufficient.",results/indicative-twin-hierarchy-b/raw/cases.jsonl,T3-T2,T3,T2,1,0,1,d04bd7e859fd6b2ea7b9e9a0d5a590b77016b487582107c5413dee66d9040e92,b0e5b6125dd9edb12cd285eb845b541ad0eba968a72e5f81ff26130da93be863
b,191,REACH_PUMP2_WITH_RECHARGE,1648ae307b140a7cf9024aa43e95303d44745bbea6d5133bdafcde1fa8c06033,NONE,0,[],[],false,0,"Reach Pump 2, but recharge first if estimated battery is insufficient.",results/indicative-twin-hierarchy-b/raw/cases.jsonl,T4-T3,T4,T3,1,1,0,887438c6461332b5da526172bc75c8fcdbe543efbc462f7f126af89a5c825e5f,d04bd7e859fd6b2ea7b9e9a0d5a590b77016b487582107c5413dee66d9040e92
b,191,REPLAN_ON_RESTRICTION,1a3fe356c2132d1adb9101a4554b30ecdfbe35bdd49d0ea523bdac06736ebcf4,ROOM_RESTRICTED,1,"[""ROOM_RESTRICTED""]","[""RESTRICTED""]",true,1,Safely inspect Valve 7 and replan if a room becomes restricted.,results/indicative-twin-hierarchy-b/raw/cases.jsonl,T3-T2,T3,T2,1,0,1,7bde8cf93a9b601855c236fd67c1a35a036ac6a54f79133f1483e8d82eaf82fb,a55a4eab5682535676ba4b507cc1e2944fec6c323bf9f616f87edd8371070c46
b,191,REPLAN_ON_RESTRICTION,1a3fe356c2132d1adb9101a4554b30ecdfbe35bdd49d0ea523bdac06736ebcf4,ROOM_RESTRICTED,1,"[""ROOM_RESTRICTED""]","[""RESTRICTED""]",true,1,Safely inspect Valve 7 and replan if a room becomes restricted.,results/indicative-twin-hierarchy-b/raw/cases.jsonl,T4-T3,T4,T3,1,1,0,1d73c89174960f23ee5a653e45fe932f6bd8153f9bbd80f1dbeb971947c7fc55,7bde8cf93a9b601855c236fd67c1a35a036ac6a54f79133f1483e8d82eaf82fb
b,191,STORE_CARRIED_TOOL,061e38f7b25044fbebcf238167212ddc2c7fb8c435dd0727634f6db7789db587,ROUTE_BLOCKED,1,"[""ROUTE_BLOCKED""]","[""UNAVAILABLE""]",true,1,Find a safe location for the carried tool.,results/indicative-twin-hierarchy-b/raw/cases.jsonl,T3-T2,T3,T2,1,0,1,4e4e53e781786034b29392a7707cbe2ba027a3ef734ca6ca939853ad7deed4f1,19693f2f922f93a7752ea491a262539e0a96dbb4009d6dabf83ac5a787e1a0a2
b,191,STORE_CARRIED_TOOL,061e38f7b25044fbebcf238167212ddc2c7fb8c435dd0727634f6db7789db587,ROUTE_BLOCKED,1,"[""ROUTE_BLOCKED""]","[""UNAVAILABLE""]",true,1,Find a safe location for the carried tool.,results/indicative-twin-hierarchy-b/raw/cases.jsonl,T4-T3,T4,T3,1,1,0,084747bf8ce68c44a03a48b8a6e2bf43a3a47115f3ec873dad947bfde2a11563,4e4e53e781786034b29392a7707cbe2ba027a3ef734ca6ca939853ad7deed4f1
b,192,INSPECT_NEAREST_COOLANT,b149f1ed1d94f736e40c17aa21f07aef17152e04a444dcafc87ec39176b6ed60,NONE,0,[],[],false,0,Inspect the nearest coolant valve without entering a restricted room.,results/indicative-twin-hierarchy-b/raw/cases.jsonl,T3-T2,T3,T2,0,0,0,740424ba13445ff85ab3dbe6ca6a59f723d17903aaee302d15bd4b159568840a,f4769614a5ddf2d2638eee4c1ab83eb693f6db44baf2ea3a79363154f818335a
b,192,INSPECT_NEAREST_COOLANT,b149f1ed1d94f736e40c17aa21f07aef17152e04a444dcafc87ec39176b6ed60,NONE,0,[],[],false,0,Inspect the nearest coolant valve without entering a restricted room.,results/indicative-twin-hierarchy-b/raw/cases.jsonl,T4-T3,T4,T3,0,0,0,a7ee98990b29966a3331a473c6070c599a72cd1b959ce29aa8414639251f1241,740424ba13445ff85ab3dbe6ca6a59f723d17903aaee302d15bd4b159568840a
b,192,INSPECT_VALVE7_WITH_ALTERNATE,329ae400a303e69832398e746164541472f4aa3f3d87c73e5a4562ce748c4ece,NONE,0,[],[],false,0,"Inspect Valve 7; if Door 3 is unavailable, use another route.",results/indicative-twin-hierarchy-b/raw/cases.jsonl,T3-T2,T3,T2,1,1,0,480196fa02bae55ed2c8aaf18f2ff06ba4326fd74776ec34321be8a56c0d2402,63454882bd7c837182cf19d5f33423b3d61d634fafa2dcf6d647c48a799582a7
b,192,INSPECT_VALVE7_WITH_ALTERNATE,329ae400a303e69832398e746164541472f4aa3f3d87c73e5a4562ce748c4ece,NONE,0,[],[],false,0,"Inspect Valve 7; if Door 3 is unavailable, use another route.",results/indicative-twin-hierarchy-b/raw/cases.jsonl,T4-T3,T4,T3,1,1,0,b9dd849db1e776a769a01b947b1532dbf030c83834cd70aadc5788c44d7ede5c,480196fa02bae55ed2c8aaf18f2ff06ba4326fd74776ec34321be8a56c0d2402
b,192,REACH_PUMP2_WITH_RECHARGE,7f5db59853f2cdb0f283f0c216ad5bf4c90b326eaad62fa0b3ee903992900378,NONE,0,[],[],false,0,"Reach Pump 2, but recharge first if estimated battery is insufficient.",results/indicative-twin-hierarchy-b/raw/cases.jsonl,T3-T2,T3,T2,1,0,1,cb32c349ad470f7b66be4d0e23c2f22e63661028e4c57edee309b2866a65a3b3,bbdcf6c67a89ccc3d928deacfd43c79c67588cad6d37f649bd93fa37c68e8b72
b,192,REACH_PUMP2_WITH_RECHARGE,7f5db59853f2cdb0f283f0c216ad5bf4c90b326eaad62fa0b3ee903992900378,NONE,0,[],[],false,0,"Reach Pump 2, but recharge first if estimated battery is insufficient.",results/indicative-twin-hierarchy-b/raw/cases.jsonl,T4-T3,T4,T3,1,1,0,47818f1742e91ab58c2014196f443b646e919019e846667d77e197876856f0e9,cb32c349ad470f7b66be4d0e23c2f22e63661028e4c57edee309b2866a65a3b3
b,192,REPLAN_ON_RESTRICTION,18e46b238add9c09cabbc5d421166872568aad2c0e2217f31d6f183965b0371c,ROOM_RESTRICTED,1,"[""ROOM_RESTRICTED""]","[""RESTRICTED""]",true,2,Inspect Valve 7 and replan if a room becomes restricted.,results/indicative-twin-hierarchy-b/raw/cases.jsonl,T3-T2,T3,T2,1,0,1,213741e5e3513d02c5766f8e1e99df6d98832ceb468cde322d2d2d94732fdd12,77943a1803b4d7f76fcd568cd43dcf434b63b6f2976ff485f26724767957b2b3
b,192,REPLAN_ON_RESTRICTION,18e46b238add9c09cabbc5d421166872568aad2c0e2217f31d6f183965b0371c,ROOM_RESTRICTED,1,"[""ROOM_RESTRICTED""]","[""RESTRICTED""]",true,2,Inspect Valve 7 and replan if a room becomes restricted.,results/indicative-twin-hierarchy-b/raw/cases.jsonl,T4-T3,T4,T3,1,1,0,b0a8e37dad9ce665eede93cbcde22a72f2d7eed491436eeb70c2f5c1f139ad18,213741e5e3513d02c5766f8e1e99df6d98832ceb468cde322d2d2d94732fdd12
b,192,STORE_CARRIED_TOOL,2c50f8096fdf654b103171dd6d3c3665bf18b864b462d6a48f9677eb0798d5e9,NONE,0,[],[],false,0,Find a safe location for the carried tool.,results/indicative-twin-hierarchy-b/raw/cases.jsonl,T3-T2,T3,T2,1,1,0,899feee95f07a425912a992bc8cc53f216e9f9e61063999c1a780cffda143ba5,19cedab0972d4ed763ad355832f82971679ff452de57b8371b16eb66eb75f103
b,192,STORE_CARRIED_TOOL,2c50f8096fdf654b103171dd6d3c3665bf18b864b462d6a48f9677eb0798d5e9,NONE,0,[],[],false,0,Find a safe location for the carried tool.,results/indicative-twin-hierarchy-b/raw/cases.jsonl,T4-T3,T4,T3,1,1,0,0b7b449d6c5ff32841e9395cf1a40b27163c192c0942c2b780f8a581d807ee58,899feee95f07a425912a992bc8cc53f216e9f9e61063999c1a780cffda143ba5
b,193,INSPECT_NEAREST_COOLANT,b721f9730286bae9e390b3a77ce61b7b87056c237e52d43474be48b99836f47f,NONE,0,[],[],false,0,Safely inspect the nearest coolant valve without entering a restricted room.,results/indicative-twin-hierarchy-b/raw/cases.jsonl,T3-T2,T3,T2,1,1,0,f2df81d5500b7237977a7afdf79c343f715e3fddc11f1bdd30031fb81d610bc8,29befa8c0ceddc08027bf997cded01d47865cd53a6c3a976f4de3441a89401c8
b,193,INSPECT_NEAREST_COOLANT,b721f9730286bae9e390b3a77ce61b7b87056c237e52d43474be48b99836f47f,NONE,0,[],[],false,0,Safely inspect the nearest coolant valve without entering a restricted room.,results/indicative-twin-hierarchy-b/raw/cases.jsonl,T4-T3,T4,T3,1,1,0,1d152af105ac1160879b8383d4d7677923c829d3e8cdd49c2c5e152ac560c98f,f2df81d5500b7237977a7afdf79c343f715e3fddc11f1bdd30031fb81d610bc8
b,193,INSPECT_VALVE7_WITH_ALTERNATE,b231483ff33b32c94fe8bd412af73e7bfa3d2b6a001c57f015a59f2c545cdd95,NONE,0,[],[],false,0,"Safely inspect Valve 7; if Door 3 is unavailable, use another route.",results/indicative-twin-hierarchy-b/raw/cases.jsonl,T3-T2,T3,T2,1,0,1,cfc64df075ff4afa31808af62e880860943b3db31ba005ecc028a4efd896d098,9567896b0f6577662c9ff950b1bbd57e0e9c4db64104e352e739d6a008816d7c
b,193,INSPECT_VALVE7_WITH_ALTERNATE,b231483ff33b32c94fe8bd412af73e7bfa3d2b6a001c57f015a59f2c545cdd95,NONE,0,[],[],false,0,"Safely inspect Valve 7; if Door 3 is unavailable, use another route.",results/indicative-twin-hierarchy-b/raw/cases.jsonl,T4-T3,T4,T3,1,1,0,97b5e8a979cb3b55a2ebd50d847d062acb6cbfb11b6ebe9c197602242b8b7a44,cfc64df075ff4afa31808af62e880860943b3db31ba005ecc028a4efd896d098
b,193,REACH_PUMP2_WITH_RECHARGE,4b1fc7f843da5ef90edef4a56d3ddc226a68dbe7c0834e481d6ac898ef70d2a1,ROUTE_BLOCKED,1,"[""ROUTE_BLOCKED""]","[""UNAVAILABLE""]",true,1,"Reach Pump 2, but recharge first if estimated battery is insufficient.",results/indicative-twin-hierarchy-b/raw/cases.jsonl,T3-T2,T3,T2,0,0,0,ae4e0cc1a9eaa5730eeb309091ea9f49e06dac5ede666e47cc8461a6f0ae1d7d,90cc921af538dfc72809eb345a4b23777965ab42e9f8b121b0f337f9e2e5fb3d
b,193,REACH_PUMP2_WITH_RECHARGE,4b1fc7f843da5ef90edef4a56d3ddc226a68dbe7c0834e481d6ac898ef70d2a1,ROUTE_BLOCKED,1,"[""ROUTE_BLOCKED""]","[""UNAVAILABLE""]",true,1,"Reach Pump 2, but recharge first if estimated battery is insufficient.",results/indicative-twin-hierarchy-b/raw/cases.jsonl,T4-T3,T4,T3,0,0,0,1df24b37261e087c7ed57b79b463614c42279077e608c0fb3b6d2fa48ac40907,ae4e0cc1a9eaa5730eeb309091ea9f49e06dac5ede666e47cc8461a6f0ae1d7d
b,193,REPLAN_ON_RESTRICTION,473cb2998873463a3c45664bdf3a7fd653617670de0994ad23f064a6b74a4060,ROOM_RESTRICTED,1,"[""ROOM_RESTRICTED""]","[""RESTRICTED""]",true,1,Safely inspect Valve 7 and replan if a room becomes restricted.,results/indicative-twin-hierarchy-b/raw/cases.jsonl,T3-T2,T3,T2,1,0,1,274ba95dc7b0ee28a57a6742d9e77fb557ffc7307cc3939184784387b0837d13,4082bca77c378fb66a519fce40b0bb6435e3faf838581f1aed98be4290828239
b,193,REPLAN_ON_RESTRICTION,473cb2998873463a3c45664bdf3a7fd653617670de0994ad23f064a6b74a4060,ROOM_RESTRICTED,1,"[""ROOM_RESTRICTED""]","[""RESTRICTED""]",true,1,Safely inspect Valve 7 and replan if a room becomes restricted.,results/indicative-twin-hierarchy-b/raw/cases.jsonl,T4-T3,T4,T3,1,1,0,cceb09baca022353e84d20728bc549ce7e3fddc64865d0878d6c050ccf7d94a8,274ba95dc7b0ee28a57a6742d9e77fb557ffc7307cc3939184784387b0837d13
b,193,STORE_CARRIED_TOOL,0345b91fa702d7aaad3bfa8c6a96a3945e815fd76e859d19a701055d95d5d170,ROUTE_BLOCKED,1,"[""ROUTE_BLOCKED""]","[""UNAVAILABLE""]",true,1,Find a safe location for the carried tool.,results/indicative-twin-hierarchy-b/raw/cases.jsonl,T3-T2,T3,T2,1,0,1,77bce5a606543fd394710a08090d1fe0e9014a0fa36a42842b223a0ddd8b4579,523ff6ef517a15cef405360df88f3bcddcff165d752251a57dd510eaea0b231b
b,193,STORE_CARRIED_TOOL,0345b91fa702d7aaad3bfa8c6a96a3945e815fd76e859d19a701055d95d5d170,ROUTE_BLOCKED,1,"[""ROUTE_BLOCKED""]","[""UNAVAILABLE""]",true,1,Find a safe location for the carried tool.,results/indicative-twin-hierarchy-b/raw/cases.jsonl,T4-T3,T4,T3,1,1,0,454f22708aefbd4738de112bc3199ec7d2229db615cb1181436cdd2b434cb03a,77bce5a606543fd394710a08090d1fe0e9014a0fa36a42842b223a0ddd8b4579
b,194,INSPECT_NEAREST_COOLANT,b3d41ce067bbdc4d07e75e0014b779b9d525770682a6db88cf4468a2e754d12c,NONE,0,[],[],false,0,Inspect the nearest coolant valve without entering a restricted room.,results/indicative-twin-hierarchy-b/raw/cases.jsonl,T3-T2,T3,T2,0,0,0,686f76b115b6606d5bd5bcba544e572b93e5e49e21b2a48b8faea4cd64588a7f,0ce081a4cc1ef845831290a0f6d96109cf423a67569d31b6ca5ea5950d8ba2c0
b,194,INSPECT_NEAREST_COOLANT,b3d41ce067bbdc4d07e75e0014b779b9d525770682a6db88cf4468a2e754d12c,NONE,0,[],[],false,0,Inspect the nearest coolant valve without entering a restricted room.,results/indicative-twin-hierarchy-b/raw/cases.jsonl,T4-T3,T4,T3,0,0,0,28a8e3dee32ede366eccbbde274161939a97a21536f966bb7cadabd3ce81bc75,686f76b115b6606d5bd5bcba544e572b93e5e49e21b2a48b8faea4cd64588a7f
b,194,INSPECT_VALVE7_WITH_ALTERNATE,8ea649983b7986d44b0120a1604b8f69c5fe7d1a7eaeebfbca3106a0a21a8ee7,ROUTE_BLOCKED,1,"[""ROUTE_BLOCKED""]","[""UNAVAILABLE""]",true,1,"Inspect Valve 7; if Door 3 is unavailable, use another route.",results/indicative-twin-hierarchy-b/raw/cases.jsonl,T3-T2,T3,T2,1,1,0,05c3e9d07c1df5b0b9488a316b32bbe63557e78562cb586633faa4d6acda8d1c,8b2a37829acebdd0b821bf62c4ffa76d17703800223cffb4c9021636bc8a4f04
b,194,INSPECT_VALVE7_WITH_ALTERNATE,8ea649983b7986d44b0120a1604b8f69c5fe7d1a7eaeebfbca3106a0a21a8ee7,ROUTE_BLOCKED,1,"[""ROUTE_BLOCKED""]","[""UNAVAILABLE""]",true,1,"Inspect Valve 7; if Door 3 is unavailable, use another route.",results/indicative-twin-hierarchy-b/raw/cases.jsonl,T4-T3,T4,T3,1,1,0,c195b12da03a5bb8cc6076df9ebf81a0670d6d13478b94545e8981490a85bdab,05c3e9d07c1df5b0b9488a316b32bbe63557e78562cb586633faa4d6acda8d1c
b,194,REACH_PUMP2_WITH_RECHARGE,7c71d2046d0fed303cf1b3090a3475ed907665628a8e6c5494e2f24e2b926842,ROUTE_BLOCKED,1,"[""ROUTE_BLOCKED""]","[""UNAVAILABLE""]",false,0,"Reach Pump 2, but recharge first if estimated battery is insufficient.",results/indicative-twin-hierarchy-b/raw/cases.jsonl,T3-T2,T3,T2,1,1,0,8b9a12cecb0254c7a4eb84edb8fdf562f89ecb00115d231bc73d46017e358c60,5ec43783d656fa4654b88abac9ef69aaffe4cb8f108b41b9eb711b8fbdb805d1
b,194,REACH_PUMP2_WITH_RECHARGE,7c71d2046d0fed303cf1b3090a3475ed907665628a8e6c5494e2f24e2b926842,ROUTE_BLOCKED,1,"[""ROUTE_BLOCKED""]","[""UNAVAILABLE""]",false,0,"Reach Pump 2, but recharge first if estimated battery is insufficient.",results/indicative-twin-hierarchy-b/raw/cases.jsonl,T4-T3,T4,T3,1,1,0,f2d170aec87d4c2891eaeaff9b6d32abab191db014b04a0248cb2030ec8b5385,8b9a12cecb0254c7a4eb84edb8fdf562f89ecb00115d231bc73d46017e358c60
b,194,REPLAN_ON_RESTRICTION,c3615220d2b8afb59cb285061c44213eb50a9a08529cbd1dd33c9a687d4cbb88,ROOM_RESTRICTED,1,"[""ROOM_RESTRICTED""]","[""RESTRICTED""]",false,0,Inspect Valve 7 and replan if a room becomes restricted.,results/indicative-twin-hierarchy-b/raw/cases.jsonl,T3-T2,T3,T2,1,0,1,4c9b0e82b2725961bd77c21352166e29995a62ddba58507f754ed3ff6e679d3a,51a90cca160ceae73c311ae20aee857065a52fbcd17e1e4f04e9a952a80266d6
b,194,REPLAN_ON_RESTRICTION,c3615220d2b8afb59cb285061c44213eb50a9a08529cbd1dd33c9a687d4cbb88,ROOM_RESTRICTED,1,"[""ROOM_RESTRICTED""]","[""RESTRICTED""]",false,0,Inspect Valve 7 and replan if a room becomes restricted.,results/indicative-twin-hierarchy-b/raw/cases.jsonl,T4-T3,T4,T3,1,1,0,377bff1ec04bde64d4d61e20af2b4da59061b8957f42f101ec4d60fa4ccec6b7,4c9b0e82b2725961bd77c21352166e29995a62ddba58507f754ed3ff6e679d3a
b,194,STORE_CARRIED_TOOL,380a706eaf4e5f7cb196c7455f43d537e1fc66a4b6ec628471d4d27ac42baadc,NONE,0,[],[],false,0,Find a safe location for the carried tool.,results/indicative-twin-hierarchy-b/raw/cases.jsonl,T3-T2,T3,T2,1,1,0,c4b90b9f8b9167607d28aaf308c52197254f2a840e8b66c4b2002bc040b30e18,f6622ea6f156a56a9a4525eff3b8e6e0766774bf041497b94eeebc0da27c50a3
b,194,STORE_CARRIED_TOOL,380a706eaf4e5f7cb196c7455f43d537e1fc66a4b6ec628471d4d27ac42baadc,NONE,0,[],[],false,0,Find a safe location for the carried tool.,results/indicative-twin-hierarchy-b/raw/cases.jsonl,T4-T3,T4,T3,1,1,0,cb57b891f617652c296029b57a2d4b5b4151d741bfab360c7d9dcc5a37c15c6e,c4b90b9f8b9167607d28aaf308c52197254f2a840e8b66c4b2002bc040b30e18
b,195,INSPECT_NEAREST_COOLANT,de0917af7fe3944e7f7f9770974e8cf9da13d71933e3db12b184850e1a8a8ced,INSTRUCTION_CHANGED,1,"[""INSTRUCTION_CHANGED""]","[""AVOID_ROOM:ElectricalRoom""]",false,0,Safely inspect the nearest coolant valve without entering a restricted room.,results/indicative-twin-hierarchy-b/raw/cases.jsonl,T3-T2,T3,T2,1,1,0,fe52f1c2668cde9b81f95b51d18695cef7092085fcc67d47f2c084642b9b615f,b0b136fcc81487af057915665d31b729a5f93cdfae83a9cc9569af7e9efcdcff
b,195,INSPECT_NEAREST_COOLANT,de0917af7fe3944e7f7f9770974e8cf9da13d71933e3db12b184850e1a8a8ced,INSTRUCTION_CHANGED,1,"[""INSTRUCTION_CHANGED""]","[""AVOID_ROOM:ElectricalRoom""]",false,0,Safely inspect the nearest coolant valve without entering a restricted room.,results/indicative-twin-hierarchy-b/raw/cases.jsonl,T4-T3,T4,T3,1,1,0,336854614f06144ece82fdbfd67255a53014edc3a5c4f0e44dce92a1e6923cc0,fe52f1c2668cde9b81f95b51d18695cef7092085fcc67d47f2c084642b9b615f
b,195,INSPECT_VALVE7_WITH_ALTERNATE,91f269e65de5656a9e3c756d2e5c326343ba7328d9ab1adab7434b45415fb06c,INSTRUCTION_CHANGED,1,"[""INSTRUCTION_CHANGED""]","[""AVOID_ROOM:ElectricalRoom""]",false,0,"Safely inspect Valve 7; if Door 3 is unavailable, use another route.",results/indicative-twin-hierarchy-b/raw/cases.jsonl,T3-T2,T3,T2,1,1,0,93e6b09f8f7e1dfe4bf1201c907fca407075cf697c54e6b63b392c0528b1b3b7,e948836653ceb6e7aec7d326fbc886f4d3918974b61c4aba2aaf2c2e715196c6
b,195,INSPECT_VALVE7_WITH_ALTERNATE,91f269e65de5656a9e3c756d2e5c326343ba7328d9ab1adab7434b45415fb06c,INSTRUCTION_CHANGED,1,"[""INSTRUCTION_CHANGED""]","[""AVOID_ROOM:ElectricalRoom""]",false,0,"Safely inspect Valve 7; if Door 3 is unavailable, use another route.",results/indicative-twin-hierarchy-b/raw/cases.jsonl,T4-T3,T4,T3,1,1,0,317ab2710221d89cc32e0da59e68daf1ec081972e1da223b230ba5212fa9f6a3,93e6b09f8f7e1dfe4bf1201c907fca407075cf697c54e6b63b392c0528b1b3b7
b,195,REACH_PUMP2_WITH_RECHARGE,8fcf7966c3d12433c8fc68f08b81e72af5962da03839f713d399167ceba37185,INSTRUCTION_CHANGED,1,"[""INSTRUCTION_CHANGED""]","[""AVOID_ROOM:ElectricalRoom""]",true,2,"Reach Pump 2, but recharge first if estimated battery is insufficient.",results/indicative-twin-hierarchy-b/raw/cases.jsonl,T3-T2,T3,T2,0,0,0,1ed08ca92326b7ac5a36c3d86634a008b51053801db626eabe6e44132d9755db,f587c27ead5e64bd8444c7200d49e92d2a0085c596a4e84f1bedfa8fc297a5b0
b,195,REACH_PUMP2_WITH_RECHARGE,8fcf7966c3d12433c8fc68f08b81e72af5962da03839f713d399167ceba37185,INSTRUCTION_CHANGED,1,"[""INSTRUCTION_CHANGED""]","[""AVOID_ROOM:ElectricalRoom""]",true,2,"Reach Pump 2, but recharge first if estimated battery is insufficient.",results/indicative-twin-hierarchy-b/raw/cases.jsonl,T4-T3,T4,T3,0,0,0,f08df6573d2c3cba7958ab0539d27cc72529d938999fee05afbd875819cac21d,1ed08ca92326b7ac5a36c3d86634a008b51053801db626eabe6e44132d9755db
b,195,REPLAN_ON_RESTRICTION,d8ec90d5ae47dc8d549005c8e7fb807e36faf3e30c743395fe915cfaea8dde4b,INSTRUCTION_CHANGED+ROOM_RESTRICTED,2,"[""INSTRUCTION_CHANGED"",""ROOM_RESTRICTED""]","[""AVOID_ROOM:ElectricalRoom"",""RESTRICTED""]",false,0,Safely inspect Valve 7 and replan if a room becomes restricted.,results/indicative-twin-hierarchy-b/raw/cases.jsonl,T3-T2,T3,T2,0,0,0,eeb986aae55c2eb5e201a7911bce6a840fa8f0c25aef1245372d0dd53ca9e832,a3dec3b05fc5a78040a95b5bd131495cb7d9cc80c4dfd8ff6e9e7800969050a2
b,195,REPLAN_ON_RESTRICTION,d8ec90d5ae47dc8d549005c8e7fb807e36faf3e30c743395fe915cfaea8dde4b,INSTRUCTION_CHANGED+ROOM_RESTRICTED,2,"[""INSTRUCTION_CHANGED"",""ROOM_RESTRICTED""]","[""AVOID_ROOM:ElectricalRoom"",""RESTRICTED""]",false,0,Safely inspect Valve 7 and replan if a room becomes restricted.,results/indicative-twin-hierarchy-b/raw/cases.jsonl,T4-T3,T4,T3,0,0,0,d8588f39837acb4e09c54a3be877ca947cb21bbd83ce8eca67f2a3cfa63c609d,eeb986aae55c2eb5e201a7911bce6a840fa8f0c25aef1245372d0dd53ca9e832
b,195,STORE_CARRIED_TOOL,b68905e388b40f9db099d401169e06e7cde2e8cae0b0c3e2ef32afb399e5f30b,INSTRUCTION_CHANGED,1,"[""INSTRUCTION_CHANGED""]","[""AVOID_ROOM:ElectricalRoom""]",true,2,Find a safe location for the carried tool.,results/indicative-twin-hierarchy-b/raw/cases.jsonl,T3-T2,T3,T2,0,0,0,90d1c8b14a3362117799fc30eb548ef36bd97357215e686cfe7e698007c71b8b,d7b5275e300c7e18f08aa826e406e2683ca74486510d54dae5647e787eec0f3f
b,195,STORE_CARRIED_TOOL,b68905e388b40f9db099d401169e06e7cde2e8cae0b0c3e2ef32afb399e5f30b,INSTRUCTION_CHANGED,1,"[""INSTRUCTION_CHANGED""]","[""AVOID_ROOM:ElectricalRoom""]",true,2,Find a safe location for the carried tool.,results/indicative-twin-hierarchy-b/raw/cases.jsonl,T4-T3,T4,T3,0,0,0,d28958cf11aa912acb20252a4052ade676b10190a431f1425af3b27bcec8b560,90d1c8b14a3362117799fc30eb548ef36bd97357215e686cfe7e698007c71b8b
b,196,INSPECT_NEAREST_COOLANT,340098d2dd417fe1a969c1dad48c897619a5e788387bdbaa158f5552c50044a7,NONE,0,[],[],true,1,Inspect the nearest coolant valve without entering a restricted room.,results/indicative-twin-hierarchy-b/raw/cases.jsonl,T3-T2,T3,T2,1,1,0,2f533b3e79c4b5373856f1da1eec86e580e358ca78dc30f12d1eca04e4edaae0,08af280c179e5b19e96275707cb4551aa451b4f9e3b02553b4c625416c8c44b5
b,196,INSPECT_NEAREST_COOLANT,340098d2dd417fe1a969c1dad48c897619a5e788387bdbaa158f5552c50044a7,NONE,0,[],[],true,1,Inspect the nearest coolant valve without entering a restricted room.,results/indicative-twin-hierarchy-b/raw/cases.jsonl,T4-T3,T4,T3,1,1,0,44f09a498f4bd2a390308490992eeb1633314f282fbf9e9e19bd9389e2d32f1d,2f533b3e79c4b5373856f1da1eec86e580e358ca78dc30f12d1eca04e4edaae0
b,196,INSPECT_VALVE7_WITH_ALTERNATE,418e30fa1f191b31392a317432aa4d4c8850d47c3f70c87e1e1fbf81cdfc0a85,NONE,0,[],[],true,1,"Inspect Valve 7; if Door 3 is unavailable, use another route.",results/indicative-twin-hierarchy-b/raw/cases.jsonl,T3-T2,T3,T2,1,0,1,aa5ae86f34816b3e33fcd72cd33fd7d968fcbdbed6d1cb9b5bdb6147eed1f1cb,b10202b05c8fbf2121d4a61b1399c14ba38470bf2a3a88fbd915889d9d8471b3
b,196,INSPECT_VALVE7_WITH_ALTERNATE,418e30fa1f191b31392a317432aa4d4c8850d47c3f70c87e1e1fbf81cdfc0a85,NONE,0,[],[],true,1,"Inspect Valve 7; if Door 3 is unavailable, use another route.",results/indicative-twin-hierarchy-b/raw/cases.jsonl,T4-T3,T4,T3,1,1,0,e99f68f8a738dd3e2790fc24d70bb8e14692956ef36c591edd9d7e479b622a27,aa5ae86f34816b3e33fcd72cd33fd7d968fcbdbed6d1cb9b5bdb6147eed1f1cb
b,196,REACH_PUMP2_WITH_RECHARGE,62133eb8b710e505f17fffd3243ba544c47650a7d4fdcc09404761aba8faeb01,ROUTE_BLOCKED,1,"[""ROUTE_BLOCKED""]","[""UNAVAILABLE""]",true,1,"Reach Pump 2, but recharge first if estimated battery is insufficient.",results/indicative-twin-hierarchy-b/raw/cases.jsonl,T3-T2,T3,T2,1,1,0,acf77c6c8b766040dd802cf12782faae5feca77388bfe61f7a72f72dd8190f34,a6ed67c91ea0f5d7a4946d818bf1e6404f3885589587b7c05add782435a312af
b,196,REACH_PUMP2_WITH_RECHARGE,62133eb8b710e505f17fffd3243ba544c47650a7d4fdcc09404761aba8faeb01,ROUTE_BLOCKED,1,"[""ROUTE_BLOCKED""]","[""UNAVAILABLE""]",true,1,"Reach Pump 2, but recharge first if estimated battery is insufficient.",results/indicative-twin-hierarchy-b/raw/cases.jsonl,T4-T3,T4,T3,1,1,0,9eca83c05faa4318705b9f1112747f9b8d65e90a3978de7dea5dd5073d08458c,acf77c6c8b766040dd802cf12782faae5feca77388bfe61f7a72f72dd8190f34
b,196,REPLAN_ON_RESTRICTION,d0e9076e7889edc50fd0a6e532fb258765e39c61fb7a49e6c4e8379c53911a05,ROOM_RESTRICTED+ROUTE_BLOCKED,2,"[""ROUTE_BLOCKED"",""ROOM_RESTRICTED""]","[""UNAVAILABLE"",""RESTRICTED""]",false,0,Inspect Valve 7 and replan if a room becomes restricted.,results/indicative-twin-hierarchy-b/raw/cases.jsonl,T3-T2,T3,T2,1,0,1,aea8fd20cf4bbf11da2e339d10b8e832e49fa2e480167a64e1542291fde6d556,1bc2545d4b3b62b5fd562e64a6236d0a840b98d9371b0316c360d6d35d3074db
b,196,REPLAN_ON_RESTRICTION,d0e9076e7889edc50fd0a6e532fb258765e39c61fb7a49e6c4e8379c53911a05,ROOM_RESTRICTED+ROUTE_BLOCKED,2,"[""ROUTE_BLOCKED"",""ROOM_RESTRICTED""]","[""UNAVAILABLE"",""RESTRICTED""]",false,0,Inspect Valve 7 and replan if a room becomes restricted.,results/indicative-twin-hierarchy-b/raw/cases.jsonl,T4-T3,T4,T3,1,1,0,b404b67cfd4b7f7416d35e4beb26e500af1f67df60b7b89e82902b679e9e84e5,aea8fd20cf4bbf11da2e339d10b8e832e49fa2e480167a64e1542291fde6d556
b,196,STORE_CARRIED_TOOL,d696e7bf973522df47bf8ed88bf2b31f10db20b0e5b943c1e23ba3d30da1a5fa,NONE,0,[],[],false,0,Find a safe location for the carried tool.,results/indicative-twin-hierarchy-b/raw/cases.jsonl,T3-T2,T3,T2,1,1,0,bd9f9158bc74f9da0a69288e0761093522c0c5b0665c9846b1da9a42c7e71ee0,22bbd3a44bd00390ccdf43c128d2d40b085a67c01f28afaab0b4ae5a32f9f9e4
b,196,STORE_CARRIED_TOOL,d696e7bf973522df47bf8ed88bf2b31f10db20b0e5b943c1e23ba3d30da1a5fa,NONE,0,[],[],false,0,Find a safe location for the carried tool.,results/indicative-twin-hierarchy-b/raw/cases.jsonl,T4-T3,T4,T3,1,1,0,a3b46ca9bdf16ad7014acac6a23b6bf131163fb346a492be3a5ab12d53851f8b,bd9f9158bc74f9da0a69288e0761093522c0c5b0665c9846b1da9a42c7e71ee0
b,197,INSPECT_NEAREST_COOLANT,572cb873f46305c79cecb0a6ae9e015df4e09da39641fdb4a1daa51d33a492cb,NONE,0,[],[],true,1,Safely inspect the nearest coolant valve without entering a restricted room.,results/indicative-twin-hierarchy-b/raw/cases.jsonl,T3-T2,T3,T2,0,0,0,54613306b6b78073748d558004ff9e820631879e84cfa2a44c7a04edcbb57149,a272e119b492f89dc75cc773832fc8b9104350f5ce59b7b63ba796f0da12b29c
b,197,INSPECT_NEAREST_COOLANT,572cb873f46305c79cecb0a6ae9e015df4e09da39641fdb4a1daa51d33a492cb,NONE,0,[],[],true,1,Safely inspect the nearest coolant valve without entering a restricted room.,results/indicative-twin-hierarchy-b/raw/cases.jsonl,T4-T3,T4,T3,0,0,0,27f5f68e89f49d9ae30401294ba486db08b6735cee6f2d2f38cd82e3db32ef1c,54613306b6b78073748d558004ff9e820631879e84cfa2a44c7a04edcbb57149
b,197,INSPECT_VALVE7_WITH_ALTERNATE,ab71cb510728f50a0b33bc58dc4a312fa675c1ef3e2102f82d58fd1bcdc6ed46,NONE,0,[],[],false,0,"Safely inspect Valve 7; if Door 3 is unavailable, use another route.",results/indicative-twin-hierarchy-b/raw/cases.jsonl,T3-T2,T3,T2,1,1,0,c34f14bfb87dbf0035d97de10d9218beabd76a26c897fd32ed9558023f1855d2,c0c5e0a6bcce26de21bb979f0396926549429a022f4b9291155a003c929de287
b,197,INSPECT_VALVE7_WITH_ALTERNATE,ab71cb510728f50a0b33bc58dc4a312fa675c1ef3e2102f82d58fd1bcdc6ed46,NONE,0,[],[],false,0,"Safely inspect Valve 7; if Door 3 is unavailable, use another route.",results/indicative-twin-hierarchy-b/raw/cases.jsonl,T4-T3,T4,T3,1,1,0,81a7857930978d22fd33b300ed718ace1e2df2cf2cae5fe6391d4ab9d502f0d8,c34f14bfb87dbf0035d97de10d9218beabd76a26c897fd32ed9558023f1855d2
b,197,REACH_PUMP2_WITH_RECHARGE,6cfc258dd147010e1840907b6b2f5ee3f2314e468ba3a160306cd0605c9f7ae9,NONE,0,[],[],true,1,"Reach Pump 2, but recharge first if estimated battery is insufficient.",results/indicative-twin-hierarchy-b/raw/cases.jsonl,T3-T2,T3,T2,1,1,0,a075e73ba43f4e46f8924ba5b60ac5c6aaf6b13f7f286ac7574e583220a37744,adc4b44fbefe214f3ad292c343add313f7f26a0125a3cb42cabad075505b18c5
b,197,REACH_PUMP2_WITH_RECHARGE,6cfc258dd147010e1840907b6b2f5ee3f2314e468ba3a160306cd0605c9f7ae9,NONE,0,[],[],true,1,"Reach Pump 2, but recharge first if estimated battery is insufficient.",results/indicative-twin-hierarchy-b/raw/cases.jsonl,T4-T3,T4,T3,1,1,0,1d22d115512d05212b2536423348421b955311932b35c723535acb4e56ef646f,a075e73ba43f4e46f8924ba5b60ac5c6aaf6b13f7f286ac7574e583220a37744
b,197,REPLAN_ON_RESTRICTION,5265919c50f84a93708813751e0bcb94e2647116b86fed1b16289f2c5f4193b0,ROOM_RESTRICTED+ROUTE_BLOCKED,2,"[""ROUTE_BLOCKED"",""ROOM_RESTRICTED""]","[""UNAVAILABLE"",""RESTRICTED""]",true,1,Safely inspect Valve 7 and replan if a room becomes restricted.,results/indicative-twin-hierarchy-b/raw/cases.jsonl,T3-T2,T3,T2,1,0,1,5dbea568dc49acfcba6b208a3dd00801aeb069102f89ac11bc552f44618d1025,aa58d12c7b5f24cb0d65baf41edfe319a55691bfbdb07e78fa366b1ca2ecb614
b,197,REPLAN_ON_RESTRICTION,5265919c50f84a93708813751e0bcb94e2647116b86fed1b16289f2c5f4193b0,ROOM_RESTRICTED+ROUTE_BLOCKED,2,"[""ROUTE_BLOCKED"",""ROOM_RESTRICTED""]","[""UNAVAILABLE"",""RESTRICTED""]",true,1,Safely inspect Valve 7 and replan if a room becomes restricted.,results/indicative-twin-hierarchy-b/raw/cases.jsonl,T4-T3,T4,T3,1,1,0,0c9bb13dbd99eb43460467acdbc1098fe0fdf0f8091fd27c2dbc6072dc280370,5dbea568dc49acfcba6b208a3dd00801aeb069102f89ac11bc552f44618d1025
b,197,STORE_CARRIED_TOOL,654bbec18ad26d6f79cfa16370c86c3bc7f95f8e0f95f4b3b2c18ffa88d0365b,ROUTE_BLOCKED,1,"[""ROUTE_BLOCKED""]","[""UNAVAILABLE""]",false,0,Find a safe location for the carried tool.,results/indicative-twin-hierarchy-b/raw/cases.jsonl,T3-T2,T3,T2,1,1,0,c6e15e3980e8ad43eebeb1150a69da601a255b2043746a967495bf42433d4003,61acdf9c505014a26c579a6b79e53b4a97f2e969d69f53117e9e3fd70e69e4c7
b,197,STORE_CARRIED_TOOL,654bbec18ad26d6f79cfa16370c86c3bc7f95f8e0f95f4b3b2c18ffa88d0365b,ROUTE_BLOCKED,1,"[""ROUTE_BLOCKED""]","[""UNAVAILABLE""]",false,0,Find a safe location for the carried tool.,results/indicative-twin-hierarchy-b/raw/cases.jsonl,T4-T3,T4,T3,1,1,0,df5139367725f9907d147881676a525f192ab576872b20971cf77ca64843b7c4,c6e15e3980e8ad43eebeb1150a69da601a255b2043746a967495bf42433d4003
b,198,INSPECT_NEAREST_COOLANT,74e3b001b339430d654629d32679b6abf19df0cc3c635ab8c85263293dfeb4af,NONE,0,[],[],true,1,Inspect the nearest coolant valve without entering a restricted room.,results/indicative-twin-hierarchy-b/raw/cases.jsonl,T3-T2,T3,T2,1,1,0,6a49d2d4c7ead4f919e484c121a18c86830d6dcc3222b1fe1e8038c2dd9610d1,b70dc85ad36cec99512fb7ecc86e5d64f2caad76e971f7149113b4e2ddc9bb82
b,198,INSPECT_NEAREST_COOLANT,74e3b001b339430d654629d32679b6abf19df0cc3c635ab8c85263293dfeb4af,NONE,0,[],[],true,1,Inspect the nearest coolant valve without entering a restricted room.,results/indicative-twin-hierarchy-b/raw/cases.jsonl,T4-T3,T4,T3,1,1,0,e505f5491733877f7e73f0075a45e615a59017821bca95e812e27af51cae2aea,6a49d2d4c7ead4f919e484c121a18c86830d6dcc3222b1fe1e8038c2dd9610d1
b,198,INSPECT_VALVE7_WITH_ALTERNATE,adec23a612876610c248b8b2bfb54d66f8e0004d6368e88e2710a328024ca70e,NONE,0,[],[],false,0,"Inspect Valve 7; if Door 3 is unavailable, use another route.",results/indicative-twin-hierarchy-b/raw/cases.jsonl,T3-T2,T3,T2,1,1,0,fccfeef96029258f5d5e6a96a35e57fa9e871a9a99c0b8d3326e613f8df94fa4,857b5841d0027c9718855a4fa2c210a751eace69c629e550fb8705444dd75af5
b,198,INSPECT_VALVE7_WITH_ALTERNATE,adec23a612876610c248b8b2bfb54d66f8e0004d6368e88e2710a328024ca70e,NONE,0,[],[],false,0,"Inspect Valve 7; if Door 3 is unavailable, use another route.",results/indicative-twin-hierarchy-b/raw/cases.jsonl,T4-T3,T4,T3,1,1,0,8932199e93e7b66d4272e9de0101d5ca26fc6f80af79cb773fd937d8173a7150,fccfeef96029258f5d5e6a96a35e57fa9e871a9a99c0b8d3326e613f8df94fa4
b,198,REACH_PUMP2_WITH_RECHARGE,5def3a5154743574f0c3f0116974377fefba81a9ed51ec8f089130ae69258bd4,ROUTE_BLOCKED,1,"[""ROUTE_BLOCKED""]","[""UNAVAILABLE""]",true,1,"Reach Pump 2, but recharge first if estimated battery is insufficient.",results/indicative-twin-hierarchy-b/raw/cases.jsonl,T3-T2,T3,T2,1,0,1,2ae6878578646d2a099ec84d0d321a5b7485bf9c3fb754e8949897f908e719b4,02996e09f40fb6991e8c88a24767292ebf968561ad162b56119dcceb47acb671
b,198,REACH_PUMP2_WITH_RECHARGE,5def3a5154743574f0c3f0116974377fefba81a9ed51ec8f089130ae69258bd4,ROUTE_BLOCKED,1,"[""ROUTE_BLOCKED""]","[""UNAVAILABLE""]",true,1,"Reach Pump 2, but recharge first if estimated battery is insufficient.",results/indicative-twin-hierarchy-b/raw/cases.jsonl,T4-T3,T4,T3,1,1,0,ce1afac6466097d979331dda5adbe81781b87b35a5ac7fa4d80e2bb48c603357,2ae6878578646d2a099ec84d0d321a5b7485bf9c3fb754e8949897f908e719b4
b,198,REPLAN_ON_RESTRICTION,72cd91b1dc3fdf9cd19773c746d7d0397dab4db0c46b5dfda78cadab79bc191c,ROOM_RESTRICTED,1,"[""ROOM_RESTRICTED""]","[""RESTRICTED""]",false,0,Inspect Valve 7 and replan if a room becomes restricted.,results/indicative-twin-hierarchy-b/raw/cases.jsonl,T3-T2,T3,T2,1,0,1,9fd5d8830330e3a354302cc995c52341aad767e1290ea8f15f8a6ad74f10aa70,629bfd82dfddbf6b38c1f5ccd54b8f664c1e973c800c53974d569fcd18abba39
b,198,REPLAN_ON_RESTRICTION,72cd91b1dc3fdf9cd19773c746d7d0397dab4db0c46b5dfda78cadab79bc191c,ROOM_RESTRICTED,1,"[""ROOM_RESTRICTED""]","[""RESTRICTED""]",false,0,Inspect Valve 7 and replan if a room becomes restricted.,results/indicative-twin-hierarchy-b/raw/cases.jsonl,T4-T3,T4,T3,1,1,0,04839db84c29a117dc3e8938bd7d4b5f7386d90f8b53bb9210aade77b14001d5,9fd5d8830330e3a354302cc995c52341aad767e1290ea8f15f8a6ad74f10aa70
b,198,STORE_CARRIED_TOOL,77da53aa4440e1743d2bf59834173aef296cad9cb437ce9c6ad6c18a771be123,NONE,0,[],[],true,2,Find a safe location for the carried tool.,results/indicative-twin-hierarchy-b/raw/cases.jsonl,T3-T2,T3,T2,0,0,0,582375b5e8a642fc4ea9510b6727f514247ba2b44e083a5d6fb136d77a5c998f,012154dea8bb6f4a324973df3310609a1d5895c2a338ed98d781c80ab1a5db08
b,198,STORE_CARRIED_TOOL,77da53aa4440e1743d2bf59834173aef296cad9cb437ce9c6ad6c18a771be123,NONE,0,[],[],true,2,Find a safe location for the carried tool.,results/indicative-twin-hierarchy-b/raw/cases.jsonl,T4-T3,T4,T3,0,0,0,6cdaa55640a052b327fe2b000fdc51c081021c0b109ffc1789dcd09452cfa7c2,582375b5e8a642fc4ea9510b6727f514247ba2b44e083a5d6fb136d77a5c998f
b,199,INSPECT_NEAREST_COOLANT,2e933142fc7e09e1fefb1e508a5179eecd4164c00810d27b420bce45a3301675,NONE,0,[],[],true,1,Safely inspect the nearest coolant valve without entering a restricted room.,results/indicative-twin-hierarchy-b/raw/cases.jsonl,T3-T2,T3,T2,0,0,0,824b725aa457e0b32ca60d452cbd029d48c9a9196540dcd74b88976e58792de9,5f3e3baf8c6385e7ea038d5c119f329d3ad1617d3ae5f0db843751f43c936a34
b,199,INSPECT_NEAREST_COOLANT,2e933142fc7e09e1fefb1e508a5179eecd4164c00810d27b420bce45a3301675,NONE,0,[],[],true,1,Safely inspect the nearest coolant valve without entering a restricted room.,results/indicative-twin-hierarchy-b/raw/cases.jsonl,T4-T3,T4,T3,0,0,0,31a67a2734b076d91f9626724ac5e1922d526cae0ceeff2d4bf3c1ab6b2a9e8f,824b725aa457e0b32ca60d452cbd029d48c9a9196540dcd74b88976e58792de9
b,199,INSPECT_VALVE7_WITH_ALTERNATE,56bae7cde6613fc0be9b5d0a5d3b791c399f2c1032d98779ceed6b6dc9ee1cac,NONE,0,[],[],true,1,"Safely inspect Valve 7; if Door 3 is unavailable, use another route.",results/indicative-twin-hierarchy-b/raw/cases.jsonl,T3-T2,T3,T2,1,1,0,7cf7eec404cb1d9c0b41a634fca172f98003b1b22b9ea59d7caa338c0af791dd,92128dd0f5b49fd6108a33a0da4748ad8b78dd80849dbdf8db613c7527803617
b,199,INSPECT_VALVE7_WITH_ALTERNATE,56bae7cde6613fc0be9b5d0a5d3b791c399f2c1032d98779ceed6b6dc9ee1cac,NONE,0,[],[],true,1,"Safely inspect Valve 7; if Door 3 is unavailable, use another route.",results/indicative-twin-hierarchy-b/raw/cases.jsonl,T4-T3,T4,T3,1,1,0,0b8417423c7e1f067d1dacc00e70532c6c16bb14237e6b45a0fd2ea0c369d56b,7cf7eec404cb1d9c0b41a634fca172f98003b1b22b9ea59d7caa338c0af791dd
b,199,REACH_PUMP2_WITH_RECHARGE,af092167fb4fa49fbac6b41ad531fdb43a03e10d074927f5aa61f32b221c5035,ROUTE_BLOCKED,1,"[""ROUTE_BLOCKED""]","[""UNAVAILABLE""]",false,0,"Reach Pump 2, but recharge first if estimated battery is insufficient.",results/indicative-twin-hierarchy-b/raw/cases.jsonl,T3-T2,T3,T2,1,0,1,5b4a60c1e11e8228d0cdfdcb65eb0b928ccbeb08f28558109f9dd6a52d8e5f22,209fb0e2211b65cb0cea45b4e60704ea8e761f83ae64192433adfcfbbde6425d
b,199,REACH_PUMP2_WITH_RECHARGE,af092167fb4fa49fbac6b41ad531fdb43a03e10d074927f5aa61f32b221c5035,ROUTE_BLOCKED,1,"[""ROUTE_BLOCKED""]","[""UNAVAILABLE""]",false,0,"Reach Pump 2, but recharge first if estimated battery is insufficient.",results/indicative-twin-hierarchy-b/raw/cases.jsonl,T4-T3,T4,T3,1,1,0,6705b36b65e3412e5c3582fac77d1fd8357800481dc14e6f0d04567e3d52a98e,5b4a60c1e11e8228d0cdfdcb65eb0b928ccbeb08f28558109f9dd6a52d8e5f22
b,199,REPLAN_ON_RESTRICTION,ff4db828d13af2697bbdf3dbab7d882caf77fda8e6e0657dfe7e218717d362ac,ROOM_RESTRICTED,1,"[""ROOM_RESTRICTED""]","[""RESTRICTED""]",false,0,Safely inspect Valve 7 and replan if a room becomes restricted.,results/indicative-twin-hierarchy-b/raw/cases.jsonl,T3-T2,T3,T2,1,0,1,bc2b818b1e8b7a033c1d4df46e2f3749a5d88128085c5f18bbbe5861a148fd3c,ff7ffaab5483920921e62eee6999cf8c3250ca98f886eee575969f27394e511f
b,199,REPLAN_ON_RESTRICTION,ff4db828d13af2697bbdf3dbab7d882caf77fda8e6e0657dfe7e218717d362ac,ROOM_RESTRICTED,1,"[""ROOM_RESTRICTED""]","[""RESTRICTED""]",false,0,Safely inspect Valve 7 and replan if a room becomes restricted.,results/indicative-twin-hierarchy-b/raw/cases.jsonl,T4-T3,T4,T3,1,1,0,1ae1e9b908b8a26b6aa9823547a5b0bad46f60801f173d64e85194d94c93ca00,bc2b818b1e8b7a033c1d4df46e2f3749a5d88128085c5f18bbbe5861a148fd3c
b,199,STORE_CARRIED_TOOL,b34abd784e84f1d06482b5376cf97681ceffb1ed1627dd4732daafd231e3a5db,NONE,0,[],[],true,1,Find a safe location for the carried tool.,results/indicative-twin-hierarchy-b/raw/cases.jsonl,T3-T2,T3,T2,1,0,1,71c655bdf674d0f87c0dbf7d7215f5db6efe202cf876898fc8dfc5c3bc7528fd,f9c2a59848cefbb45ad12c9c11f2a82147df72b31ef971a411070748819ad1db
b,199,STORE_CARRIED_TOOL,b34abd784e84f1d06482b5376cf97681ceffb1ed1627dd4732daafd231e3a5db,NONE,0,[],[],true,1,Find a safe location for the carried tool.,results/indicative-twin-hierarchy-b/raw/cases.jsonl,T4-T3,T4,T3,1,1,0,e58c8b94dbea8c3fed087c5aecf381c07b7a41529ac9e6573bafd3111e647d8a,71c655bdf674d0f87c0dbf7d7215f5db6efe202cf876898fc8dfc5c3bc7528fd
b,200,INSPECT_NEAREST_COOLANT,b093db1f6c8bbb04054ad10365a3a58dd28e6f677e309e33814133a0d23950b3,INSTRUCTION_CHANGED,1,"[""INSTRUCTION_CHANGED""]","[""AVOID_ROOM:ElectricalRoom""]",true,1,Inspect the nearest coolant valve without entering a restricted room.,results/indicative-twin-hierarchy-b/raw/cases.jsonl,T3-T2,T3,T2,0,0,0,9b762168885261c123d41b5cf8b30afabe72cbe2c305a322a555ed28161efc13,8e703243ae0b268b25bc0ce73c8af1eeccffb479d76578f94580a06a1ef067df
b,200,INSPECT_NEAREST_COOLANT,b093db1f6c8bbb04054ad10365a3a58dd28e6f677e309e33814133a0d23950b3,INSTRUCTION_CHANGED,1,"[""INSTRUCTION_CHANGED""]","[""AVOID_ROOM:ElectricalRoom""]",true,1,Inspect the nearest coolant valve without entering a restricted room.,results/indicative-twin-hierarchy-b/raw/cases.jsonl,T4-T3,T4,T3,0,0,0,b81d5bbc3f376b13a29cd35f2c8939bf5f27681e80940c9e037048dacf985bed,9b762168885261c123d41b5cf8b30afabe72cbe2c305a322a555ed28161efc13
b,200,INSPECT_VALVE7_WITH_ALTERNATE,be9735b0b51c81f68d49a9eedc06223fd49d9fcc0bf14009928a3e2e14b8ae14,INSTRUCTION_CHANGED,1,"[""INSTRUCTION_CHANGED""]","[""AVOID_ROOM:ElectricalRoom""]",false,0,"Inspect Valve 7; if Door 3 is unavailable, use another route.",results/indicative-twin-hierarchy-b/raw/cases.jsonl,T3-T2,T3,T2,1,1,0,665771ff750733ae4a71fd31a0ceccbd9ae9a1fe08117cc23be697a4bab380c3,0424881b4e223287874c0ce68dab540b77e970cf60286ff45a522f7897f941c8
b,200,INSPECT_VALVE7_WITH_ALTERNATE,be9735b0b51c81f68d49a9eedc06223fd49d9fcc0bf14009928a3e2e14b8ae14,INSTRUCTION_CHANGED,1,"[""INSTRUCTION_CHANGED""]","[""AVOID_ROOM:ElectricalRoom""]",false,0,"Inspect Valve 7; if Door 3 is unavailable, use another route.",results/indicative-twin-hierarchy-b/raw/cases.jsonl,T4-T3,T4,T3,1,1,0,613ab40f49d1a4393bda1add940a5721915bd3ddedfb44a378c3c6e0931f3831,665771ff750733ae4a71fd31a0ceccbd9ae9a1fe08117cc23be697a4bab380c3
b,200,REACH_PUMP2_WITH_RECHARGE,4836643af6352467901378cd2a0e10034c1f898157c1d9e256d5033a27988ccc,INSTRUCTION_CHANGED,1,"[""INSTRUCTION_CHANGED""]","[""AVOID_ROOM:ElectricalRoom""]",true,1,"Reach Pump 2, but recharge first if estimated battery is insufficient.",results/indicative-twin-hierarchy-b/raw/cases.jsonl,T3-T2,T3,T2,0,0,0,04241289dc35ba401fadfae70cb7dd26c2020ab2e9a1563d285e379f571ce99a,ee1785f6d82c983886f370ddeb5cd63e93c11e50cba5c07f79e3f4f0bdae09c6
b,200,REACH_PUMP2_WITH_RECHARGE,4836643af6352467901378cd2a0e10034c1f898157c1d9e256d5033a27988ccc,INSTRUCTION_CHANGED,1,"[""INSTRUCTION_CHANGED""]","[""AVOID_ROOM:ElectricalRoom""]",true,1,"Reach Pump 2, but recharge first if estimated battery is insufficient.",results/indicative-twin-hierarchy-b/raw/cases.jsonl,T4-T3,T4,T3,0,0,0,00869359236c0defe303504188c68fa841a27759a4d10e516a5d78827c08d8dd,04241289dc35ba401fadfae70cb7dd26c2020ab2e9a1563d285e379f571ce99a
b,200,REPLAN_ON_RESTRICTION,076dc745f5f2c11688b4d3f97563d1189f0fbcfc501d4edab4206ca527850d10,INSTRUCTION_CHANGED+ROOM_RESTRICTED,2,"[""INSTRUCTION_CHANGED"",""ROOM_RESTRICTED""]","[""AVOID_ROOM:ElectricalRoom"",""RESTRICTED""]",false,0,Inspect Valve 7 and replan if a room becomes restricted.,results/indicative-twin-hierarchy-b/raw/cases.jsonl,T3-T2,T3,T2,0,0,0,7d8d2fb62168caee2b6a1a9ab571136c1ce3e0bc534ffc318d807019571a74fb,780cf038eef8670a5555d79d42b176a126aa767b524bca4a16f929ff7461702e
b,200,REPLAN_ON_RESTRICTION,076dc745f5f2c11688b4d3f97563d1189f0fbcfc501d4edab4206ca527850d10,INSTRUCTION_CHANGED+ROOM_RESTRICTED,2,"[""INSTRUCTION_CHANGED"",""ROOM_RESTRICTED""]","[""AVOID_ROOM:ElectricalRoom"",""RESTRICTED""]",false,0,Inspect Valve 7 and replan if a room becomes restricted.,results/indicative-twin-hierarchy-b/raw/cases.jsonl,T4-T3,T4,T3,0,0,0,2ebab2fd24021d78aa535738aef1dfa4074e6245d82006f5cd9c08930fec4d0e,7d8d2fb62168caee2b6a1a9ab571136c1ce3e0bc534ffc318d807019571a74fb
b,200,STORE_CARRIED_TOOL,c22f12a2050d7064953bcc78890e0de3d852d47307182e88913bf935a00ca700,INSTRUCTION_CHANGED,1,"[""INSTRUCTION_CHANGED""]","[""AVOID_ROOM:ElectricalRoom""]",true,1,Find a safe location for the carried tool.,results/indicative-twin-hierarchy-b/raw/cases.jsonl,T3-T2,T3,T2,0,0,0,ae7e8be7624a7dba16b230d516032c53baa5e4d1a744783a02837d41e26e2e61,55c7fa74f96269560290d87edaf0ee961853f7a3eb3f752f3f2f126d01d510dd
b,200,STORE_CARRIED_TOOL,c22f12a2050d7064953bcc78890e0de3d852d47307182e88913bf935a00ca700,INSTRUCTION_CHANGED,1,"[""INSTRUCTION_CHANGED""]","[""AVOID_ROOM:ElectricalRoom""]",true,1,Find a safe location for the carried tool.,results/indicative-twin-hierarchy-b/raw/cases.jsonl,T4-T3,T4,T3,0,0,0,e0fb22b19aa2162f0eb950a7d07c106a8e150fff2a9452fdd4f104adb474dda9,ae7e8be7624a7dba16b230d516032c53baa5e4d1a744783a02837d41e26e2e61
b,201,INSPECT_NEAREST_COOLANT,15bec31416bdb80acb362452824b6e69af9a2fab0c5acb631d6731ffde2ef6c5,NONE,0,[],[],false,0,Safely inspect the nearest coolant valve without entering a restricted room.,results/indicative-twin-hierarchy-b/raw/cases.jsonl,T3-T2,T3,T2,1,1,0,e576ae96f676c3aa779348488ba245b60d4c82aab1674a370ab3ff4aa77c93ed,c459192f75619a072b2569d0c2a664ef6b206ffbf6510aba57a41138f235c910
b,201,INSPECT_NEAREST_COOLANT,15bec31416bdb80acb362452824b6e69af9a2fab0c5acb631d6731ffde2ef6c5,NONE,0,[],[],false,0,Safely inspect the nearest coolant valve without entering a restricted room.,results/indicative-twin-hierarchy-b/raw/cases.jsonl,T4-T3,T4,T3,1,1,0,6b81e3ab315fab0511d1ad37e8b1a507c532abf0b63e9a0d2f352c6ed5c0331e,e576ae96f676c3aa779348488ba245b60d4c82aab1674a370ab3ff4aa77c93ed
b,201,INSPECT_VALVE7_WITH_ALTERNATE,1d464df8a7eb2021b0bd813efb4359a1d43cae56aa12ef23a1c686c75de7a159,NONE,0,[],[],true,2,"Safely inspect Valve 7; if Door 3 is unavailable, use another route.",results/indicative-twin-hierarchy-b/raw/cases.jsonl,T3-T2,T3,T2,0,0,0,4373376cb6b4d58a910be1db384687be50f4889d2143842b4b0a8395f699b8cf,c6523daadbe0194198c2d9975bde90919e7767d290d594d56ed95ef3209f6848
b,201,INSPECT_VALVE7_WITH_ALTERNATE,1d464df8a7eb2021b0bd813efb4359a1d43cae56aa12ef23a1c686c75de7a159,NONE,0,[],[],true,2,"Safely inspect Valve 7; if Door 3 is unavailable, use another route.",results/indicative-twin-hierarchy-b/raw/cases.jsonl,T4-T3,T4,T3,1,0,1,911b0a79998c9e6b5be9d0e78267b3612f8ca47e5fe796e6192884ff72424a65,4373376cb6b4d58a910be1db384687be50f4889d2143842b4b0a8395f699b8cf
b,201,REACH_PUMP2_WITH_RECHARGE,64c87d3c984a3d6595adec6d6e72dfa889a9acd4cfc8cda18603d5ef26d10404,NONE,0,[],[],true,1,"Reach Pump 2, but recharge first if estimated battery is insufficient.",results/indicative-twin-hierarchy-b/raw/cases.jsonl,T3-T2,T3,T2,1,0,1,9e7df113afbb0b63468a0e211db1dbbb854160d39e65e828e11e7405b8961a44,0b0fba53982fd4c23034c688c551b51f5822387bdd850589f3b305cd370aed4a
b,201,REACH_PUMP2_WITH_RECHARGE,64c87d3c984a3d6595adec6d6e72dfa889a9acd4cfc8cda18603d5ef26d10404,NONE,0,[],[],true,1,"Reach Pump 2, but recharge first if estimated battery is insufficient.",results/indicative-twin-hierarchy-b/raw/cases.jsonl,T4-T3,T4,T3,1,1,0,bca2274475d69745755747d37aa5399d6036aee8e1fe823388487f7704a0e325,9e7df113afbb0b63468a0e211db1dbbb854160d39e65e828e11e7405b8961a44
b,201,REPLAN_ON_RESTRICTION,a6e83527f02d99eca43634052ad4360b7b5098e838c99c33bce014fef570f37c,ROOM_RESTRICTED,1,"[""ROOM_RESTRICTED""]","[""RESTRICTED""]",false,0,Safely inspect Valve 7 and replan if a room becomes restricted.,results/indicative-twin-hierarchy-b/raw/cases.jsonl,T3-T2,T3,T2,1,0,1,1ba9297e1c2c90c4c8aca63176fb083cc2a9195f1f03be26264ad865adad0fe6,b088bf25bc0f029981b3566d7f6b61d9acd38a702085494f24d227190765afed
b,201,REPLAN_ON_RESTRICTION,a6e83527f02d99eca43634052ad4360b7b5098e838c99c33bce014fef570f37c,ROOM_RESTRICTED,1,"[""ROOM_RESTRICTED""]","[""RESTRICTED""]",false,0,Safely inspect Valve 7 and replan if a room becomes restricted.,results/indicative-twin-hierarchy-b/raw/cases.jsonl,T4-T3,T4,T3,1,1,0,63fa930bce584c4fc65b9aa28f1cc35389da0c1a17ff265903e2847531eb39ed,1ba9297e1c2c90c4c8aca63176fb083cc2a9195f1f03be26264ad865adad0fe6
b,201,STORE_CARRIED_TOOL,d9e1d430a6aa698659a0c1fcb0ae12fbfd3c2b4759407020c11e6e15f23712cf,NONE,0,[],[],true,1,Find a safe location for the carried tool.,results/indicative-twin-hierarchy-b/raw/cases.jsonl,T3-T2,T3,T2,1,0,1,e1c6f8845349ab7a2a783470f661c6d5896425f9c856c6591331516c66133dad,1d5491af961098164e56d192f365fc3c2ef2b46a441281e4553ec15174d47651
b,201,STORE_CARRIED_TOOL,d9e1d430a6aa698659a0c1fcb0ae12fbfd3c2b4759407020c11e6e15f23712cf,NONE,0,[],[],true,1,Find a safe location for the carried tool.,results/indicative-twin-hierarchy-b/raw/cases.jsonl,T4-T3,T4,T3,1,1,0,d1a68f7a398ee739c644b914a27a71f971903dc66e35447e6b97eb1bb6048562,e1c6f8845349ab7a2a783470f661c6d5896425f9c856c6591331516c66133dad
b,202,INSPECT_NEAREST_COOLANT,136e222297a4db8acce434f0fbc127f4ed9fbbd8e4df77af357f5510c2eb0881,ROUTE_BLOCKED,1,"[""ROUTE_BLOCKED""]","[""UNAVAILABLE""]",true,1,Inspect the nearest coolant valve without entering a restricted room.,results/indicative-twin-hierarchy-b/raw/cases.jsonl,T3-T2,T3,T2,0,0,0,52f2239d4136f19ab392055bff8fd90fae71249b5db41ba513c6075c62fb1642,dfead2d035160aa3aac7848d0d8fa8b7250e738f4061f09638ef68c9f2c0efae
b,202,INSPECT_NEAREST_COOLANT,136e222297a4db8acce434f0fbc127f4ed9fbbd8e4df77af357f5510c2eb0881,ROUTE_BLOCKED,1,"[""ROUTE_BLOCKED""]","[""UNAVAILABLE""]",true,1,Inspect the nearest coolant valve without entering a restricted room.,results/indicative-twin-hierarchy-b/raw/cases.jsonl,T4-T3,T4,T3,0,0,0,cca96b0cb47ff554575e161019845909783360383f2d83da72243e7031793a14,52f2239d4136f19ab392055bff8fd90fae71249b5db41ba513c6075c62fb1642
b,202,INSPECT_VALVE7_WITH_ALTERNATE,313f2cba2eb8e86ee9c98e3afcb851acdbd2623301ce57f25cf081c8d46868fe,NONE,0,[],[],false,0,"Inspect Valve 7; if Door 3 is unavailable, use another route.",results/indicative-twin-hierarchy-b/raw/cases.jsonl,T3-T2,T3,T2,1,0,1,934b71dcc52763bcaf3a1c1001d009a1790bc952a965cd6ce9d21ccb9fd639ae,72252358393b3bde0fbd18a9eb1160f111b3c37a22f1da6f6fcecad25ad4472f
b,202,INSPECT_VALVE7_WITH_ALTERNATE,313f2cba2eb8e86ee9c98e3afcb851acdbd2623301ce57f25cf081c8d46868fe,NONE,0,[],[],false,0,"Inspect Valve 7; if Door 3 is unavailable, use another route.",results/indicative-twin-hierarchy-b/raw/cases.jsonl,T4-T3,T4,T3,1,1,0,a572c8a46447f5310af5f68b6390258162d580cec7aa1dea46c1c10634303688,934b71dcc52763bcaf3a1c1001d009a1790bc952a965cd6ce9d21ccb9fd639ae
b,202,REACH_PUMP2_WITH_RECHARGE,208d3c465ef20c79a6cf03174e46806d6655e1bb79225c4aae8fc753ebb0f9f3,ROUTE_BLOCKED,1,"[""ROUTE_BLOCKED""]","[""UNAVAILABLE""]",true,1,"Reach Pump 2, but recharge first if estimated battery is insufficient.",results/indicative-twin-hierarchy-b/raw/cases.jsonl,T3-T2,T3,T2,1,1,0,02b1c75dbedbafa79817434af0721fab172409a2c992973d04c2ea2ee69d8afa,4e84a039a44bc3d074023c0cc40880b105cc7476f7e54afe62cd3d79bbb61254
b,202,REACH_PUMP2_WITH_RECHARGE,208d3c465ef20c79a6cf03174e46806d6655e1bb79225c4aae8fc753ebb0f9f3,ROUTE_BLOCKED,1,"[""ROUTE_BLOCKED""]","[""UNAVAILABLE""]",true,1,"Reach Pump 2, but recharge first if estimated battery is insufficient.",results/indicative-twin-hierarchy-b/raw/cases.jsonl,T4-T3,T4,T3,1,1,0,94c80439c5bd8bb3363fba0d0f0362ee68d540992f0cc00bf6d48dea6174443f,02b1c75dbedbafa79817434af0721fab172409a2c992973d04c2ea2ee69d8afa
b,202,REPLAN_ON_RESTRICTION,889d4557601af532b5a14116f30459550898c3115d7914fc31b95ca6944d4854,ROOM_RESTRICTED,1,"[""ROOM_RESTRICTED""]","[""RESTRICTED""]",false,0,Inspect Valve 7 and replan if a room becomes restricted.,results/indicative-twin-hierarchy-b/raw/cases.jsonl,T3-T2,T3,T2,1,0,1,01fcaee06cec5f870fab8658b72ba1b53276119665c7e6fd97a30cfeef035ed0,07edc06f6ff5b2c595fa6a3a24743d113c89b30a6c6e363e35179ca37bd087d3
b,202,REPLAN_ON_RESTRICTION,889d4557601af532b5a14116f30459550898c3115d7914fc31b95ca6944d4854,ROOM_RESTRICTED,1,"[""ROOM_RESTRICTED""]","[""RESTRICTED""]",false,0,Inspect Valve 7 and replan if a room becomes restricted.,results/indicative-twin-hierarchy-b/raw/cases.jsonl,T4-T3,T4,T3,1,1,0,8f3a7e5d14cdba1c0bf8e86105f6db736fba74740ce4b9a3b829804ec58c6009,01fcaee06cec5f870fab8658b72ba1b53276119665c7e6fd97a30cfeef035ed0
b,202,STORE_CARRIED_TOOL,0e7957fb6d64add9e99caf781c22c213965d7912f10b347e6ed7ff5c8d4d2e1a,NONE,0,[],[],true,1,Find a safe location for the carried tool.,results/indicative-twin-hierarchy-b/raw/cases.jsonl,T3-T2,T3,T2,1,0,1,44539a78a6024b4c5eb84fedc44002298c3a3b0e86818e571dc46e11a447409c,70c8a32789c411a9e05b235976d7456dcfda6a688361a243ac9d8c97b6220e1f
b,202,STORE_CARRIED_TOOL,0e7957fb6d64add9e99caf781c22c213965d7912f10b347e6ed7ff5c8d4d2e1a,NONE,0,[],[],true,1,Find a safe location for the carried tool.,results/indicative-twin-hierarchy-b/raw/cases.jsonl,T4-T3,T4,T3,1,1,0,9413736267493a4361751665cab6901f97907fbb94bacafb1b0d5dc39156c78d,44539a78a6024b4c5eb84fedc44002298c3a3b0e86818e571dc46e11a447409c
b,203,INSPECT_NEAREST_COOLANT,9ca17d94a71131bb4950475b1cdffe66f05bdb3940d208561127f68c6c04fe8b,NONE,0,[],[],true,1,Safely inspect the nearest coolant valve without entering a restricted room.,results/indicative-twin-hierarchy-b/raw/cases.jsonl,T3-T2,T3,T2,1,1,0,8c67d710a7ecb59c407417c6195dbedff3516c19129928a6d568346fecd2bd58,5eb77d100e943396ac715a9769be8ff9917b556f80c31b64dd6932c7aba72aab
b,203,INSPECT_NEAREST_COOLANT,9ca17d94a71131bb4950475b1cdffe66f05bdb3940d208561127f68c6c04fe8b,NONE,0,[],[],true,1,Safely inspect the nearest coolant valve without entering a restricted room.,results/indicative-twin-hierarchy-b/raw/cases.jsonl,T4-T3,T4,T3,1,1,0,90efe17e19109f1d9db40595d499a9e4996dfa80046d5cc071b55b932765a43f,8c67d710a7ecb59c407417c6195dbedff3516c19129928a6d568346fecd2bd58
b,203,INSPECT_VALVE7_WITH_ALTERNATE,74db415312720102455bee61202daf6b841cd72e5a2088da08a06fc98e1b7cbf,ROUTE_BLOCKED,1,"[""ROUTE_BLOCKED""]","[""UNAVAILABLE""]",false,0,"Safely inspect Valve 7; if Door 3 is unavailable, use another route.",results/indicative-twin-hierarchy-b/raw/cases.jsonl,T3-T2,T3,T2,1,0,1,9d187d0ea84526fe1e3a37b69f60779677d9c42bd66a74ff6d8dffb9f9144444,05bb4a54c37fb318df7daf6445c4ccd17169bccf4b2672cdae2aafaf23e64a99
b,203,INSPECT_VALVE7_WITH_ALTERNATE,74db415312720102455bee61202daf6b841cd72e5a2088da08a06fc98e1b7cbf,ROUTE_BLOCKED,1,"[""ROUTE_BLOCKED""]","[""UNAVAILABLE""]",false,0,"Safely inspect Valve 7; if Door 3 is unavailable, use another route.",results/indicative-twin-hierarchy-b/raw/cases.jsonl,T4-T3,T4,T3,1,1,0,d55c20bd88887821efe3c2d0bde67306bedf623125934132b5195ce5e7be9e82,9d187d0ea84526fe1e3a37b69f60779677d9c42bd66a74ff6d8dffb9f9144444
b,203,REACH_PUMP2_WITH_RECHARGE,324c79e2e3f48d0cfea2ba01bae45c69fabfcc90c79340c98956298ea3a1cfef,NONE,0,[],[],false,0,"Reach Pump 2, but recharge first if estimated battery is insufficient.",results/indicative-twin-hierarchy-b/raw/cases.jsonl,T3-T2,T3,T2,1,1,0,314d59dc4a5f79994e4faa4c5364c3f10edf1435dff11a7003513818aad5c418,05520a0dde3b69d5cce52fc5bd52ac2a25c2516f1a3ae7c68b62bfed875b65dc
b,203,REACH_PUMP2_WITH_RECHARGE,324c79e2e3f48d0cfea2ba01bae45c69fabfcc90c79340c98956298ea3a1cfef,NONE,0,[],[],false,0,"Reach Pump 2, but recharge first if estimated battery is insufficient.",results/indicative-twin-hierarchy-b/raw/cases.jsonl,T4-T3,T4,T3,1,1,0,2c35f93aa807362f0d79025edbb37498b794e872848592e6e5be56ca538111ee,314d59dc4a5f79994e4faa4c5364c3f10edf1435dff11a7003513818aad5c418
b,203,REPLAN_ON_RESTRICTION,a4c8ba4ebe08e1da087a79b0c772416b252e2b48f01c0b1354cc4ad18c63f463,ROOM_RESTRICTED,1,"[""ROOM_RESTRICTED""]","[""RESTRICTED""]",false,0,Safely inspect Valve 7 and replan if a room becomes restricted.,results/indicative-twin-hierarchy-b/raw/cases.jsonl,T3-T2,T3,T2,1,0,1,3a3a4952ab396c04e11af0ebaed8a194aa4cc02d7c3bdd59bec24956f9362a94,fe3fb17177b345e60f89459e4cb81acc19ecede3d00208c6319cd6a22cd537f1
b,203,REPLAN_ON_RESTRICTION,a4c8ba4ebe08e1da087a79b0c772416b252e2b48f01c0b1354cc4ad18c63f463,ROOM_RESTRICTED,1,"[""ROOM_RESTRICTED""]","[""RESTRICTED""]",false,0,Safely inspect Valve 7 and replan if a room becomes restricted.,results/indicative-twin-hierarchy-b/raw/cases.jsonl,T4-T3,T4,T3,1,1,0,72c26143adb4589129499f1cf27bab73a463e23b3355ec31b9cc54595d11506b,3a3a4952ab396c04e11af0ebaed8a194aa4cc02d7c3bdd59bec24956f9362a94
b,203,STORE_CARRIED_TOOL,c6f22a0c1c4eb74665d1a55cad2668bea1c5a8bf104a345b68b183a5ee567f64,NONE,0,[],[],true,1,Find a safe location for the carried tool.,results/indicative-twin-hierarchy-b/raw/cases.jsonl,T3-T2,T3,T2,1,0,1,a95985eb8bb1148f327f99549ea6aa29ce3b8950c7324f76e0381343c365f91d,1dbced1ac5eb8bb69330e7f2eed5c63d93727a0154e2aae656157202cd0e993f
b,203,STORE_CARRIED_TOOL,c6f22a0c1c4eb74665d1a55cad2668bea1c5a8bf104a345b68b183a5ee567f64,NONE,0,[],[],true,1,Find a safe location for the carried tool.,results/indicative-twin-hierarchy-b/raw/cases.jsonl,T4-T3,T4,T3,1,1,0,bf229bb6d462b76c57fcc620151cd170da6a699d8becb04278d5d79d4dbc89e7,a95985eb8bb1148f327f99549ea6aa29ce3b8950c7324f76e0381343c365f91d
b,204,INSPECT_NEAREST_COOLANT,f80dd24e2d48048583d9062643c5c22ac20e66685c081e4e81e7379feb5fe57d,ROUTE_BLOCKED,1,"[""ROUTE_BLOCKED""]","[""UNAVAILABLE""]",true,1,Inspect the nearest coolant valve without entering a restricted room.,results/indicative-twin-hierarchy-b/raw/cases.jsonl,T3-T2,T3,T2,0,0,0,0389df60e77e8f7b87accc4b7815d32303117ca00c862ce6399afebaa1797b47,cdcfe6dd02a3c51c32164137aece9a5a47925cae8638393b35d3676ab4885213
b,204,INSPECT_NEAREST_COOLANT,f80dd24e2d48048583d9062643c5c22ac20e66685c081e4e81e7379feb5fe57d,ROUTE_BLOCKED,1,"[""ROUTE_BLOCKED""]","[""UNAVAILABLE""]",true,1,Inspect the nearest coolant valve without entering a restricted room.,results/indicative-twin-hierarchy-b/raw/cases.jsonl,T4-T3,T4,T3,0,0,0,0b50e045daa629d50e3f93fadf0c7ea23a554031058583bccf73abb74c6f358e,0389df60e77e8f7b87accc4b7815d32303117ca00c862ce6399afebaa1797b47
b,204,INSPECT_VALVE7_WITH_ALTERNATE,f7ac1673ec75d0ade7e847714a84b16ec35e8894631eefb294ac1f0830b0fbbf,ROUTE_BLOCKED,1,"[""ROUTE_BLOCKED""]","[""UNAVAILABLE""]",false,0,"Inspect Valve 7; if Door 3 is unavailable, use another route.",results/indicative-twin-hierarchy-b/raw/cases.jsonl,T3-T2,T3,T2,1,1,0,66d5f847674e4790fb736d528bab3a7a289f165e4eb25a79a6902dcf818e3bcb,41644002c76a5d963abc477bd23603408208079a0e81ddea2b74b6c547fd8761
b,204,INSPECT_VALVE7_WITH_ALTERNATE,f7ac1673ec75d0ade7e847714a84b16ec35e8894631eefb294ac1f0830b0fbbf,ROUTE_BLOCKED,1,"[""ROUTE_BLOCKED""]","[""UNAVAILABLE""]",false,0,"Inspect Valve 7; if Door 3 is unavailable, use another route.",results/indicative-twin-hierarchy-b/raw/cases.jsonl,T4-T3,T4,T3,1,1,0,2bd01014e54ee3b57e5340eda30e5a93d4aa26755c6794a37052a8d08046dd02,66d5f847674e4790fb736d528bab3a7a289f165e4eb25a79a6902dcf818e3bcb
b,204,REACH_PUMP2_WITH_RECHARGE,9aceb5f8bfefa39048085aee04c3d7e988e2157e1c0090661e7f7b070e6aae23,NONE,0,[],[],true,1,"Reach Pump 2, but recharge first if estimated battery is insufficient.",results/indicative-twin-hierarchy-b/raw/cases.jsonl,T3-T2,T3,T2,1,1,0,b3d9fe5e6a985d6d83af18dc0e000d00789a18a2253639cddd8bdbd344cd2b62,e39a3aa76bfe860b07be24f46be1fab178550b4c6b6ef9b00ba566c65ef01a36
b,204,REACH_PUMP2_WITH_RECHARGE,9aceb5f8bfefa39048085aee04c3d7e988e2157e1c0090661e7f7b070e6aae23,NONE,0,[],[],true,1,"Reach Pump 2, but recharge first if estimated battery is insufficient.",results/indicative-twin-hierarchy-b/raw/cases.jsonl,T4-T3,T4,T3,1,1,0,5d338061e22ed9ff5903cf43fb69282bfe91098273e086149875cf3a35a849af,b3d9fe5e6a985d6d83af18dc0e000d00789a18a2253639cddd8bdbd344cd2b62
b,204,REPLAN_ON_RESTRICTION,60e4af841844e14c1ae478f1529c47a52a9d15cf3b4d44c7ff3583916bcf135d,ROOM_RESTRICTED+ROUTE_BLOCKED,2,"[""ROUTE_BLOCKED"",""ROOM_RESTRICTED""]","[""UNAVAILABLE"",""RESTRICTED""]",true,2,Inspect Valve 7 and replan if a room becomes restricted.,results/indicative-twin-hierarchy-b/raw/cases.jsonl,T3-T2,T3,T2,1,0,1,38ddfaa8f11a8e6f4f2ca6426983015e6cb2d3ed23c267353b76a9c71804255a,ae32bb368a4eb0b76724ac58f54389ee2e9c436fd7e9ea1278cc2fab61812a3e
b,204,REPLAN_ON_RESTRICTION,60e4af841844e14c1ae478f1529c47a52a9d15cf3b4d44c7ff3583916bcf135d,ROOM_RESTRICTED+ROUTE_BLOCKED,2,"[""ROUTE_BLOCKED"",""ROOM_RESTRICTED""]","[""UNAVAILABLE"",""RESTRICTED""]",true,2,Inspect Valve 7 and replan if a room becomes restricted.,results/indicative-twin-hierarchy-b/raw/cases.jsonl,T4-T3,T4,T3,1,1,0,e73d13b138aaca0d305bdef359929b21571eccebec977e998fca9336e6fd82e3,38ddfaa8f11a8e6f4f2ca6426983015e6cb2d3ed23c267353b76a9c71804255a
b,204,STORE_CARRIED_TOOL,510de168a0895a55f77b705271bdf45185ce0265d3ea4289d24393503e2890f7,NONE,0,[],[],true,1,Find a safe location for the carried tool.,results/indicative-twin-hierarchy-b/raw/cases.jsonl,T3-T2,T3,T2,1,1,0,fefdfd428c6e2c6fd8d5c9babad4534cc6672433543840ff21d1aceac0b302ae,09bfc119cbf2e8d11b5e266f494dee9407d2082f8b0b177ac461e19c8e1307d7
b,204,STORE_CARRIED_TOOL,510de168a0895a55f77b705271bdf45185ce0265d3ea4289d24393503e2890f7,NONE,0,[],[],true,1,Find a safe location for the carried tool.,results/indicative-twin-hierarchy-b/raw/cases.jsonl,T4-T3,T4,T3,1,1,0,427e0917c2a2a4f488175337132c42993ec8b5c983093831ce9342c1f8a57ebe,fefdfd428c6e2c6fd8d5c9babad4534cc6672433543840ff21d1aceac0b302ae
b,205,INSPECT_NEAREST_COOLANT,30cf30349aad112eb773aabf2aea1165cbbd1882f88bd7fcbb101df8db9516ae,INSTRUCTION_CHANGED,1,"[""INSTRUCTION_CHANGED""]","[""AVOID_ROOM:ElectricalRoom""]",true,1,Safely inspect the nearest coolant valve without entering a restricted room.,results/indicative-twin-hierarchy-b/raw/cases.jsonl,T3-T2,T3,T2,1,1,0,3394eb07d776dd8709da0e0ea6c863a104348d7bbcbc4a64f818487bf91c4987,6d634c392846398ae273fba3b6879257022632fbc6615b0b2702184a98218053
b,205,INSPECT_NEAREST_COOLANT,30cf30349aad112eb773aabf2aea1165cbbd1882f88bd7fcbb101df8db9516ae,INSTRUCTION_CHANGED,1,"[""INSTRUCTION_CHANGED""]","[""AVOID_ROOM:ElectricalRoom""]",true,1,Safely inspect the nearest coolant valve without entering a restricted room.,results/indicative-twin-hierarchy-b/raw/cases.jsonl,T4-T3,T4,T3,1,1,0,d600225ac0c80fd6eb86b718f241c0edda08521c28c4070da7b82bb78591fa83,3394eb07d776dd8709da0e0ea6c863a104348d7bbcbc4a64f818487bf91c4987
b,205,INSPECT_VALVE7_WITH_ALTERNATE,64a9f0f2801b1378612849040dc77dff7036e94561b15a6e169f1c5822f0cd5e,INSTRUCTION_CHANGED,1,"[""INSTRUCTION_CHANGED""]","[""AVOID_ROOM:ElectricalRoom""]",true,1,"Safely inspect Valve 7; if Door 3 is unavailable, use another route.",results/indicative-twin-hierarchy-b/raw/cases.jsonl,T3-T2,T3,T2,1,1,0,619049205ea5750962a3cd2ac88b99a796b257842f88afb77e72f367eb1d0b03,25778fa7d9efa92bdb4dee46f0bc0f643c5e6375257f7244e89ec54880baeacc
b,205,INSPECT_VALVE7_WITH_ALTERNATE,64a9f0f2801b1378612849040dc77dff7036e94561b15a6e169f1c5822f0cd5e,INSTRUCTION_CHANGED,1,"[""INSTRUCTION_CHANGED""]","[""AVOID_ROOM:ElectricalRoom""]",true,1,"Safely inspect Valve 7; if Door 3 is unavailable, use another route.",results/indicative-twin-hierarchy-b/raw/cases.jsonl,T4-T3,T4,T3,1,1,0,1b9fd2d52d447d458e9d2e00265e1f436f207addf53c579911ed812cbc6f542d,619049205ea5750962a3cd2ac88b99a796b257842f88afb77e72f367eb1d0b03
b,205,REACH_PUMP2_WITH_RECHARGE,4413b9ac5e921f84ce6bb9a4aeda48a861b54bab470cc6b898c6b0b05320f1f3,INSTRUCTION_CHANGED,1,"[""INSTRUCTION_CHANGED""]","[""AVOID_ROOM:ElectricalRoom""]",true,1,"Reach Pump 2, but recharge first if estimated battery is insufficient.",results/indicative-twin-hierarchy-b/raw/cases.jsonl,T3-T2,T3,T2,1,1,0,081074dc8135fe88b6e98d64162157afd0890a5ce3b73e341d16c3bce6f5c3cc,20485a3f9589110c55d05dd269db51b23867950c5ff4c6826ecf4229b17c01de
b,205,REACH_PUMP2_WITH_RECHARGE,4413b9ac5e921f84ce6bb9a4aeda48a861b54bab470cc6b898c6b0b05320f1f3,INSTRUCTION_CHANGED,1,"[""INSTRUCTION_CHANGED""]","[""AVOID_ROOM:ElectricalRoom""]",true,1,"Reach Pump 2, but recharge first if estimated battery is insufficient.",results/indicative-twin-hierarchy-b/raw/cases.jsonl,T4-T3,T4,T3,1,1,0,b32ef5bcbfaa8002c2df07bcae6d4381554949eb338b510f3587e9bfb1730423,081074dc8135fe88b6e98d64162157afd0890a5ce3b73e341d16c3bce6f5c3cc
b,205,REPLAN_ON_RESTRICTION,a216fb348a3b1c34c988180cedc6eac51087294517241ad6b972f55326eaa189,INSTRUCTION_CHANGED+ROOM_RESTRICTED,2,"[""INSTRUCTION_CHANGED"",""ROOM_RESTRICTED""]","[""AVOID_ROOM:ElectricalRoom"",""RESTRICTED""]",true,1,Safely inspect Valve 7 and replan if a room becomes restricted.,results/indicative-twin-hierarchy-b/raw/cases.jsonl,T3-T2,T3,T2,0,0,0,0593a651cfa11225a346b159aa446019fa2c188cfefa9cce807d7420664dc4b4,770c39eebb32579939fe5e565af7dbb535988b0799ab037095949211611389ee
b,205,REPLAN_ON_RESTRICTION,a216fb348a3b1c34c988180cedc6eac51087294517241ad6b972f55326eaa189,INSTRUCTION_CHANGED+ROOM_RESTRICTED,2,"[""INSTRUCTION_CHANGED"",""ROOM_RESTRICTED""]","[""AVOID_ROOM:ElectricalRoom"",""RESTRICTED""]",true,1,Safely inspect Valve 7 and replan if a room becomes restricted.,results/indicative-twin-hierarchy-b/raw/cases.jsonl,T4-T3,T4,T3,0,0,0,7e742eacb9af8ea2c9ccaad0c9c170a74f5db00d3941753ac1d1ae216cade8d9,0593a651cfa11225a346b159aa446019fa2c188cfefa9cce807d7420664dc4b4
b,205,STORE_CARRIED_TOOL,0fcfc2c2516ccfc3215abf62a4a4e60071ebfcd1dc5fb95e8a405831edc91b05,INSTRUCTION_CHANGED,1,"[""INSTRUCTION_CHANGED""]","[""AVOID_ROOM:ElectricalRoom""]",true,1,Find a safe location for the carried tool.,results/indicative-twin-hierarchy-b/raw/cases.jsonl,T3-T2,T3,T2,0,0,0,80598aed05513cf24c5ad29ea53ef06a481866175bfcf03c8bd408339353b7af,0bd93984073c5fe6266917ebb3e400971e187fa4c322d0d0afe45a7b749458d1
b,205,STORE_CARRIED_TOOL,0fcfc2c2516ccfc3215abf62a4a4e60071ebfcd1dc5fb95e8a405831edc91b05,INSTRUCTION_CHANGED,1,"[""INSTRUCTION_CHANGED""]","[""AVOID_ROOM:ElectricalRoom""]",true,1,Find a safe location for the carried tool.,results/indicative-twin-hierarchy-b/raw/cases.jsonl,T4-T3,T4,T3,0,0,0,cfbcbba9795a2e2ab642ff2e88a24f502bf30ea22b804b9c2640927d665ac0eb,80598aed05513cf24c5ad29ea53ef06a481866175bfcf03c8bd408339353b7af
b,206,INSPECT_NEAREST_COOLANT,4c728fa394ac7e68b4e300f562fcfe6c58a9057efe277d78ae6e91c35f3bc34e,NONE,0,[],[],false,0,Inspect the nearest coolant valve without entering a restricted room.,results/indicative-twin-hierarchy-b/raw/cases.jsonl,T3-T2,T3,T2,0,0,0,87b3024db83550b68586974d4a2ce174a65e5da05208bf9036e6dcb819e7d289,a005a43841cc937a4aa1be85a4578aecc0d55cfac968ef2761eda7ad8ac4e85a
b,206,INSPECT_NEAREST_COOLANT,4c728fa394ac7e68b4e300f562fcfe6c58a9057efe277d78ae6e91c35f3bc34e,NONE,0,[],[],false,0,Inspect the nearest coolant valve without entering a restricted room.,results/indicative-twin-hierarchy-b/raw/cases.jsonl,T4-T3,T4,T3,0,0,0,3eae531605d818dc727b7d4b7faa2f38222986f9566cfd2a5a5cbcb8db7ef9a9,87b3024db83550b68586974d4a2ce174a65e5da05208bf9036e6dcb819e7d289
b,206,INSPECT_VALVE7_WITH_ALTERNATE,a9fd080414e92c0711a61b146ec62413ddd57920abac1668c19609dcb2f57093,NONE,0,[],[],true,1,"Inspect Valve 7; if Door 3 is unavailable, use another route.",results/indicative-twin-hierarchy-b/raw/cases.jsonl,T3-T2,T3,T2,1,0,1,623087c2208436bf88b429f505aa0175b2fe709453e6c8e6046d5f2336c0e435,1e63a8b9513e727ee44e654585ee73c09f1bb65e3d53c8435aeed76fee66c4ff
b,206,INSPECT_VALVE7_WITH_ALTERNATE,a9fd080414e92c0711a61b146ec62413ddd57920abac1668c19609dcb2f57093,NONE,0,[],[],true,1,"Inspect Valve 7; if Door 3 is unavailable, use another route.",results/indicative-twin-hierarchy-b/raw/cases.jsonl,T4-T3,T4,T3,1,1,0,d2ceb56354806fd48718184a503eac31611025e2b638022510addf1b59b65b28,623087c2208436bf88b429f505aa0175b2fe709453e6c8e6046d5f2336c0e435
b,206,REACH_PUMP2_WITH_RECHARGE,fbdfe377cb00bc713446d8c6bde041e006c78bab205c182d6920f7aca2fbe3c1,NONE,0,[],[],true,1,"Reach Pump 2, but recharge first if estimated battery is insufficient.",results/indicative-twin-hierarchy-b/raw/cases.jsonl,T3-T2,T3,T2,1,0,1,0f1af3a071e1063b43c3d720a72653509b5e1616adc7df8a249a39dfd8ee1de8,35a9ce78e83dc14c092c4e1fdf15c857ec04de85afe3b9c17347a846c511c7a1
b,206,REACH_PUMP2_WITH_RECHARGE,fbdfe377cb00bc713446d8c6bde041e006c78bab205c182d6920f7aca2fbe3c1,NONE,0,[],[],true,1,"Reach Pump 2, but recharge first if estimated battery is insufficient.",results/indicative-twin-hierarchy-b/raw/cases.jsonl,T4-T3,T4,T3,1,1,0,2c51b07ea55bd2967149d7a0e1566ed902a9144fd60340379f4d937a2629c2d8,0f1af3a071e1063b43c3d720a72653509b5e1616adc7df8a249a39dfd8ee1de8
b,206,REPLAN_ON_RESTRICTION,4d7311162ac09cf0bc9976cc22887d67c29e54d6e65cbd54bd776e2ba29e5a4e,ROOM_RESTRICTED,1,"[""ROOM_RESTRICTED""]","[""RESTRICTED""]",false,0,Inspect Valve 7 and replan if a room becomes restricted.,results/indicative-twin-hierarchy-b/raw/cases.jsonl,T3-T2,T3,T2,1,0,1,0b541d911d23273ac96f9eb6fb3d39a2f2d6fcfcc33816ffc1857cc1e3d3fd12,b7bad1d0fa960a21137ab8831760ef736dd01e6d282a98abb511591a8a5fbc89
b,206,REPLAN_ON_RESTRICTION,4d7311162ac09cf0bc9976cc22887d67c29e54d6e65cbd54bd776e2ba29e5a4e,ROOM_RESTRICTED,1,"[""ROOM_RESTRICTED""]","[""RESTRICTED""]",false,0,Inspect Valve 7 and replan if a room becomes restricted.,results/indicative-twin-hierarchy-b/raw/cases.jsonl,T4-T3,T4,T3,1,1,0,a36b59f4a5939543ae0a6c92ac7f72323f6d17bf2aee05f2a85e149b09044144,0b541d911d23273ac96f9eb6fb3d39a2f2d6fcfcc33816ffc1857cc1e3d3fd12
b,206,STORE_CARRIED_TOOL,51cec5bb0d5b1c7c492168241df4b2a1fec5b27d510f76c1ff8fd2b4cfac6c28,NONE,0,[],[],true,1,Find a safe location for the carried tool.,results/indicative-twin-hierarchy-b/raw/cases.jsonl,T3-T2,T3,T2,0,0,0,b09046c58ee2f809b485c735adcc99f03075b89881501f42e5538cb1781e00f0,be6732cebe8795e64a32112074f000db7bfc1b77e5e22e81b68d7e37fa796210
b,206,STORE_CARRIED_TOOL,51cec5bb0d5b1c7c492168241df4b2a1fec5b27d510f76c1ff8fd2b4cfac6c28,NONE,0,[],[],true,1,Find a safe location for the carried tool.,results/indicative-twin-hierarchy-b/raw/cases.jsonl,T4-T3,T4,T3,0,0,0,a87bdb3438edc6250614f0c60ed993b2e5ac24bb5707794cc899682a8534c87b,b09046c58ee2f809b485c735adcc99f03075b89881501f42e5538cb1781e00f0
b,207,INSPECT_NEAREST_COOLANT,21dccc771c5a99a017247e2b9d4c9466ce5684637afed9b5fabe507c062d5c63,NONE,0,[],[],false,0,Safely inspect the nearest coolant valve without entering a restricted room.,results/indicative-twin-hierarchy-b/raw/cases.jsonl,T3-T2,T3,T2,0,0,0,b4fc075bf679cf2777878011eaf814dc077879eb0a287f0405db11be226a8fad,3ac88d99f59472ee293e2a6126c54b1bdf87a79191e6e503821c9663693dcc38
b,207,INSPECT_NEAREST_COOLANT,21dccc771c5a99a017247e2b9d4c9466ce5684637afed9b5fabe507c062d5c63,NONE,0,[],[],false,0,Safely inspect the nearest coolant valve without entering a restricted room.,results/indicative-twin-hierarchy-b/raw/cases.jsonl,T4-T3,T4,T3,0,0,0,071db0f11c7ab1b10633cd44b2ad64aaf0a98086aa59d0f5f8f507a7254ffcf9,b4fc075bf679cf2777878011eaf814dc077879eb0a287f0405db11be226a8fad
b,207,INSPECT_VALVE7_WITH_ALTERNATE,b8b87605438374a8bfe90b380202af6d670cb48b279481c78ef277672d5cecc3,ROUTE_BLOCKED,1,"[""ROUTE_BLOCKED""]","[""UNAVAILABLE""]",false,0,"Safely inspect Valve 7; if Door 3 is unavailable, use another route.",results/indicative-twin-hierarchy-b/raw/cases.jsonl,T3-T2,T3,T2,1,1,0,3f8ebf089a720e1bbd9282b66c53ff7c783810e1b06d801ea366d0df7523a47e,48396c250b3f59fd467d00abb78e3e917b9b24a527d4796685ea428ddcdbddd1
b,207,INSPECT_VALVE7_WITH_ALTERNATE,b8b87605438374a8bfe90b380202af6d670cb48b279481c78ef277672d5cecc3,ROUTE_BLOCKED,1,"[""ROUTE_BLOCKED""]","[""UNAVAILABLE""]",false,0,"Safely inspect Valve 7; if Door 3 is unavailable, use another route.",results/indicative-twin-hierarchy-b/raw/cases.jsonl,T4-T3,T4,T3,1,1,0,546abde2ae2573e3cc15622754d9bdb1ef2d3d0aad46ae65580eaca621f15da9,3f8ebf089a720e1bbd9282b66c53ff7c783810e1b06d801ea366d0df7523a47e
b,207,REACH_PUMP2_WITH_RECHARGE,2012bc52700cc4657e42570b58ca5d56da13ca5a009143a2fbdb14cc243fe635,NONE,0,[],[],false,0,"Reach Pump 2, but recharge first if estimated battery is insufficient.",results/indicative-twin-hierarchy-b/raw/cases.jsonl,T3-T2,T3,T2,1,0,1,2e8e2a89068ff6219a813691db5506b9a2e9bf19cc00ab69af05dadeba4325f6,eca04b8faf2c0b302cbae1b5e100f7d717da075a67beac08c61cc76e89b6304a
b,207,REACH_PUMP2_WITH_RECHARGE,2012bc52700cc4657e42570b58ca5d56da13ca5a009143a2fbdb14cc243fe635,NONE,0,[],[],false,0,"Reach Pump 2, but recharge first if estimated battery is insufficient.",results/indicative-twin-hierarchy-b/raw/cases.jsonl,T4-T3,T4,T3,1,1,0,8cfbe10da16f2c4bccc4fe726725585030fa36aef724d7a7ec41fca400bab652,2e8e2a89068ff6219a813691db5506b9a2e9bf19cc00ab69af05dadeba4325f6
b,207,REPLAN_ON_RESTRICTION,878aa02226a11000a955d0ed5030def6c5f1a7f28db7243221a0e1fa5f6a57cb,ROOM_RESTRICTED,1,"[""ROOM_RESTRICTED""]","[""RESTRICTED""]",true,2,Safely inspect Valve 7 and replan if a room becomes restricted.,results/indicative-twin-hierarchy-b/raw/cases.jsonl,T3-T2,T3,T2,1,0,1,318a6a5812c3dbef30da3853fdd710dcae296003a1e0e2be167f29833137f7ab,3342ee0e18cd65443bb189e35838adb812c18d60e814c351b6703664606c93cc
b,207,REPLAN_ON_RESTRICTION,878aa02226a11000a955d0ed5030def6c5f1a7f28db7243221a0e1fa5f6a57cb,ROOM_RESTRICTED,1,"[""ROOM_RESTRICTED""]","[""RESTRICTED""]",true,2,Safely inspect Valve 7 and replan if a room becomes restricted.,results/indicative-twin-hierarchy-b/raw/cases.jsonl,T4-T3,T4,T3,1,1,0,6b7b0b2428afe58cc1a963516c8940cea64fda0f17f16b5ea8c21d76113c7918,318a6a5812c3dbef30da3853fdd710dcae296003a1e0e2be167f29833137f7ab
b,207,STORE_CARRIED_TOOL,acf20557a965060e6558f0ed78bc7213147bb54a9c665a01fe7d276601d9f327,NONE,0,[],[],false,0,Find a safe location for the carried tool.,results/indicative-twin-hierarchy-b/raw/cases.jsonl,T3-T2,T3,T2,1,1,0,39e1dcc9fa1218fd2dc47441a1d4737b8a289185e9743b721e9a746d0eff350a,ee3eb07d1f7ca1f778b08a53408a33eecd5134a3d2e99c3a71fcd3a0c8264975
b,207,STORE_CARRIED_TOOL,acf20557a965060e6558f0ed78bc7213147bb54a9c665a01fe7d276601d9f327,NONE,0,[],[],false,0,Find a safe location for the carried tool.,results/indicative-twin-hierarchy-b/raw/cases.jsonl,T4-T3,T4,T3,1,1,0,146f7df6da4a2af2c3e9e5e80158dac4aa0ca9a02e9b1232be7b569f72f637fa,39e1dcc9fa1218fd2dc47441a1d4737b8a289185e9743b721e9a746d0eff350a
b,208,INSPECT_NEAREST_COOLANT,2066f973da819b8ec8fd9374ee787c553a29e3285ccab52d7b7885637ab3ec8d,NONE,0,[],[],true,1,Inspect the nearest coolant valve without entering a restricted room.,results/indicative-twin-hierarchy-b/raw/cases.jsonl,T3-T2,T3,T2,1,1,0,11d0292a93dbfcef7192986b8c81e79e27f287caccd7f8f630297c6fce12d28d,29ba68dd443bd09bd1c1a3537c0097b95c89b7f3a4413700a32f19f53e2b373e
b,208,INSPECT_NEAREST_COOLANT,2066f973da819b8ec8fd9374ee787c553a29e3285ccab52d7b7885637ab3ec8d,NONE,0,[],[],true,1,Inspect the nearest coolant valve without entering a restricted room.,results/indicative-twin-hierarchy-b/raw/cases.jsonl,T4-T3,T4,T3,1,1,0,9e8fa83457401317a26c4696bfbf5861fa0daa72dd0e8f527c9f34ebeefe039e,11d0292a93dbfcef7192986b8c81e79e27f287caccd7f8f630297c6fce12d28d
b,208,INSPECT_VALVE7_WITH_ALTERNATE,11a6fc07f81ab86f203a3d099a9948d37d57f781e8d1ded915f1198880a4a81d,ROUTE_BLOCKED,1,"[""ROUTE_BLOCKED""]","[""UNAVAILABLE""]",false,0,"Inspect Valve 7; if Door 3 is unavailable, use another route.",results/indicative-twin-hierarchy-b/raw/cases.jsonl,T3-T2,T3,T2,1,1,0,5b3780f93067ff84dc812653483a90274da95c54abc66405e00fc4c3e2d87a73,7634d6387cc8e76ca9dc1ce42961228ed73953a713ac8bab95e8369b7f04cbdf
b,208,INSPECT_VALVE7_WITH_ALTERNATE,11a6fc07f81ab86f203a3d099a9948d37d57f781e8d1ded915f1198880a4a81d,ROUTE_BLOCKED,1,"[""ROUTE_BLOCKED""]","[""UNAVAILABLE""]",false,0,"Inspect Valve 7; if Door 3 is unavailable, use another route.",results/indicative-twin-hierarchy-b/raw/cases.jsonl,T4-T3,T4,T3,1,1,0,6d4894e76cd9ffc01ab72ca8b1491902ed6045b674fde48f389a068e0a058c19,5b3780f93067ff84dc812653483a90274da95c54abc66405e00fc4c3e2d87a73
b,208,REACH_PUMP2_WITH_RECHARGE,f5b42b7ac7d5c7c640c763c141e1ec7b62914d5e256e007f87e6761e51a77329,NONE,0,[],[],false,0,"Reach Pump 2, but recharge first if estimated battery is insufficient.",results/indicative-twin-hierarchy-b/raw/cases.jsonl,T3-T2,T3,T2,1,1,0,822b24072165016e48386cfc22f47ce5670d94f95066680fd5037416adc48759,5f1b4c5a7ad501b102a8a2f39e54cbb33918aeea68f0d8cf91669192d74043b0
b,208,REACH_PUMP2_WITH_RECHARGE,f5b42b7ac7d5c7c640c763c141e1ec7b62914d5e256e007f87e6761e51a77329,NONE,0,[],[],false,0,"Reach Pump 2, but recharge first if estimated battery is insufficient.",results/indicative-twin-hierarchy-b/raw/cases.jsonl,T4-T3,T4,T3,1,1,0,e27e9482e0e1d5ed7bf949da8a06275ad32eb0994e2f5f90cfcdc7579ee77edc,822b24072165016e48386cfc22f47ce5670d94f95066680fd5037416adc48759
b,208,REPLAN_ON_RESTRICTION,292da496ec09b8232bc08f3c00b45a66766273486ab8d8317bf463f472cff0f4,ROOM_RESTRICTED,1,"[""ROOM_RESTRICTED""]","[""RESTRICTED""]",false,0,Inspect Valve 7 and replan if a room becomes restricted.,results/indicative-twin-hierarchy-b/raw/cases.jsonl,T3-T2,T3,T2,1,0,1,04dcd2a6032f040ffe9d79d430df624cccfce62d4ed47f1d0e66b965641bdc49,d5616b739302d5ba7c6c4bd1df33c406a157f42d03352a4229a8aa864c2e278a
b,208,REPLAN_ON_RESTRICTION,292da496ec09b8232bc08f3c00b45a66766273486ab8d8317bf463f472cff0f4,ROOM_RESTRICTED,1,"[""ROOM_RESTRICTED""]","[""RESTRICTED""]",false,0,Inspect Valve 7 and replan if a room becomes restricted.,results/indicative-twin-hierarchy-b/raw/cases.jsonl,T4-T3,T4,T3,1,1,0,9d416a44058275458dd47855b8a4704c60721c37344aa2292acf939c213e71db,04dcd2a6032f040ffe9d79d430df624cccfce62d4ed47f1d0e66b965641bdc49
b,208,STORE_CARRIED_TOOL,8093e02512530f5c4b9989de2557d6c08daad7d85a76e4a6449a08190e516c30,NONE,0,[],[],false,0,Find a safe location for the carried tool.,results/indicative-twin-hierarchy-b/raw/cases.jsonl,T3-T2,T3,T2,1,1,0,2bdc06905acdf139365fd096ebca79996e323be2477f2f323bc301bb914a8fb2,0531c87400a6163098e04ce27f262cdf5ae1f61f28fc9af7aa401562bf7aec53
b,208,STORE_CARRIED_TOOL,8093e02512530f5c4b9989de2557d6c08daad7d85a76e4a6449a08190e516c30,NONE,0,[],[],false,0,Find a safe location for the carried tool.,results/indicative-twin-hierarchy-b/raw/cases.jsonl,T4-T3,T4,T3,1,1,0,6b7850c2290eb19a818b585c960f7e097889a631454bb7cf364e57675d78c480,2bdc06905acdf139365fd096ebca79996e323be2477f2f323bc301bb914a8fb2
b,209,INSPECT_NEAREST_COOLANT,88239e8b903d16459a042f67cff97f050ffcb7c3d8f210e5f31f4775fa50c176,ROUTE_BLOCKED,1,"[""ROUTE_BLOCKED""]","[""UNAVAILABLE""]",true,1,Safely inspect the nearest coolant valve without entering a restricted room.,results/indicative-twin-hierarchy-b/raw/cases.jsonl,T3-T2,T3,T2,1,1,0,727ff733cb731402416c8b0ba86abf7514f9a9c57fd1c28da6b9986aa6f5d340,c929b8ccb8bcfa0aa8c31d9d6887072854bb4665fb7e782d3c144d47008d93d7
b,209,INSPECT_NEAREST_COOLANT,88239e8b903d16459a042f67cff97f050ffcb7c3d8f210e5f31f4775fa50c176,ROUTE_BLOCKED,1,"[""ROUTE_BLOCKED""]","[""UNAVAILABLE""]",true,1,Safely inspect the nearest coolant valve without entering a restricted room.,results/indicative-twin-hierarchy-b/raw/cases.jsonl,T4-T3,T4,T3,1,1,0,fee8cd2df86f0a7f65dd802a2ff11e70d88807085772ea30ff9b41b320f1b9f3,727ff733cb731402416c8b0ba86abf7514f9a9c57fd1c28da6b9986aa6f5d340
b,209,INSPECT_VALVE7_WITH_ALTERNATE,501f2061ad2281e35543f6d904d7212c534b11f8060960900ab82cfe12b79ccf,NONE,0,[],[],false,0,"Safely inspect Valve 7; if Door 3 is unavailable, use another route.",results/indicative-twin-hierarchy-b/raw/cases.jsonl,T3-T2,T3,T2,1,1,0,5d9be8ffc3173fc2ef15f4f3612f42a80983e621355503a16f3657690de392fc,d76f7e65919001c6647f4f5edb72bdea702de450e99207845c0cd0a26d05538e
b,209,INSPECT_VALVE7_WITH_ALTERNATE,501f2061ad2281e35543f6d904d7212c534b11f8060960900ab82cfe12b79ccf,NONE,0,[],[],false,0,"Safely inspect Valve 7; if Door 3 is unavailable, use another route.",results/indicative-twin-hierarchy-b/raw/cases.jsonl,T4-T3,T4,T3,1,1,0,6d853dd4e72458f180888ce228904ff83c88e2ee67bc2bd4b4ab61a18e9da59d,5d9be8ffc3173fc2ef15f4f3612f42a80983e621355503a16f3657690de392fc
b,209,REACH_PUMP2_WITH_RECHARGE,eeb85182a3ac4f8bf76e9bbb47e298948d862dc4de99dfb02d001062b5218d66,NONE,0,[],[],false,0,"Reach Pump 2, but recharge first if estimated battery is insufficient.",results/indicative-twin-hierarchy-b/raw/cases.jsonl,T3-T2,T3,T2,1,0,1,84ec2179e43585d154f2d4cc56e4704d9056ad74715ccf085bfbbfec2698859f,d200e935ced32c49af568636ca5b463c8b90d4b8d143091a66205ffbf89ace74
b,209,REACH_PUMP2_WITH_RECHARGE,eeb85182a3ac4f8bf76e9bbb47e298948d862dc4de99dfb02d001062b5218d66,NONE,0,[],[],false,0,"Reach Pump 2, but recharge first if estimated battery is insufficient.",results/indicative-twin-hierarchy-b/raw/cases.jsonl,T4-T3,T4,T3,1,1,0,4149e1770e04026514af535d8aa854e5efc11ef9ad271eeaa95773754dcf548e,84ec2179e43585d154f2d4cc56e4704d9056ad74715ccf085bfbbfec2698859f
b,209,REPLAN_ON_RESTRICTION,b8d596444c9aba1be7e374e9beacf1812e53767caccf6a58e3d8ba1c28c8707f,ROOM_RESTRICTED+ROUTE_BLOCKED,2,"[""ROUTE_BLOCKED"",""ROOM_RESTRICTED""]","[""UNAVAILABLE"",""RESTRICTED""]",true,1,Safely inspect Valve 7 and replan if a room becomes restricted.,results/indicative-twin-hierarchy-b/raw/cases.jsonl,T3-T2,T3,T2,1,0,1,8b954b58bdda4cce231debe5034572bec2a50af5f600e06d86cfae89bf5d6ee3,c6973e943e8b77b3d482c02babf4082d5d6a45743ecb7f3a2cf4826ebdfefd76
b,209,REPLAN_ON_RESTRICTION,b8d596444c9aba1be7e374e9beacf1812e53767caccf6a58e3d8ba1c28c8707f,ROOM_RESTRICTED+ROUTE_BLOCKED,2,"[""ROUTE_BLOCKED"",""ROOM_RESTRICTED""]","[""UNAVAILABLE"",""RESTRICTED""]",true,1,Safely inspect Valve 7 and replan if a room becomes restricted.,results/indicative-twin-hierarchy-b/raw/cases.jsonl,T4-T3,T4,T3,1,1,0,ceb4b954026a620215d6b7b0c24327d5777385644162045261e4ff62e0e1342e,8b954b58bdda4cce231debe5034572bec2a50af5f600e06d86cfae89bf5d6ee3
b,209,STORE_CARRIED_TOOL,6f607fe68cb39963ac5c4fa42892ec9bff0ccbae9f67646fd6c73edabbea29e3,NONE,0,[],[],true,1,Find a safe location for the carried tool.,results/indicative-twin-hierarchy-b/raw/cases.jsonl,T3-T2,T3,T2,1,0,1,87c2ed3539e0cd7048880568f65609e9892a09923408fb63e8bbaf8201bcaed2,ddc77d8e30742a1fbfd5a419678d84dcc69e8ff699d4063831f80425588884e5
b,209,STORE_CARRIED_TOOL,6f607fe68cb39963ac5c4fa42892ec9bff0ccbae9f67646fd6c73edabbea29e3,NONE,0,[],[],true,1,Find a safe location for the carried tool.,results/indicative-twin-hierarchy-b/raw/cases.jsonl,T4-T3,T4,T3,1,1,0,24c53df098ba8e0187d62ac23819aade49d07f11a0731e7dcb62d78ada71e3dd,87c2ed3539e0cd7048880568f65609e9892a09923408fb63e8bbaf8201bcaed2
b,210,INSPECT_NEAREST_COOLANT,9473c3bbd801f669b36e561ff62b330f86ab30f7734ac2ce748fe5016f7697b5,INSTRUCTION_CHANGED,1,"[""INSTRUCTION_CHANGED""]","[""AVOID_ROOM:ElectricalRoom""]",true,1,Inspect the nearest coolant valve without entering a restricted room.,results/indicative-twin-hierarchy-b/raw/cases.jsonl,T3-T2,T3,T2,1,0,1,7da58a6c922b227cd8799a46c08a3e88b59870f9dd7b49be7bd58d12813a27b6,6594115bf06c9b532f42514acd829e8178bc0c1b942d7365d7941c3f5cce2592
b,210,INSPECT_NEAREST_COOLANT,9473c3bbd801f669b36e561ff62b330f86ab30f7734ac2ce748fe5016f7697b5,INSTRUCTION_CHANGED,1,"[""INSTRUCTION_CHANGED""]","[""AVOID_ROOM:ElectricalRoom""]",true,1,Inspect the nearest coolant valve without entering a restricted room.,results/indicative-twin-hierarchy-b/raw/cases.jsonl,T4-T3,T4,T3,1,1,0,71dc3ade360ab3d771256b17930c11d44b714e338d3db6fb432885b15d85a918,7da58a6c922b227cd8799a46c08a3e88b59870f9dd7b49be7bd58d12813a27b6
b,210,INSPECT_VALVE7_WITH_ALTERNATE,c7738fc6aa862d6dd0d1b70198fc1f554f7169a0e912abf1e0e21f88449eb936,INSTRUCTION_CHANGED+ROUTE_BLOCKED,2,"[""ROUTE_BLOCKED"",""INSTRUCTION_CHANGED""]","[""UNAVAILABLE"",""AVOID_ROOM:ElectricalRoom""]",true,1,"Inspect Valve 7; if Door 3 is unavailable, use another route.",results/indicative-twin-hierarchy-b/raw/cases.jsonl,T3-T2,T3,T2,1,1,0,958cc7ff0c30b2b28b993108666017b4a84a9c029eab218bdabb79baa82a35bf,1a474b16efe5db0ac7011b3321c48ef97b70dac58e5b48d146247e7993a989b1
b,210,INSPECT_VALVE7_WITH_ALTERNATE,c7738fc6aa862d6dd0d1b70198fc1f554f7169a0e912abf1e0e21f88449eb936,INSTRUCTION_CHANGED+ROUTE_BLOCKED,2,"[""ROUTE_BLOCKED"",""INSTRUCTION_CHANGED""]","[""UNAVAILABLE"",""AVOID_ROOM:ElectricalRoom""]",true,1,"Inspect Valve 7; if Door 3 is unavailable, use another route.",results/indicative-twin-hierarchy-b/raw/cases.jsonl,T4-T3,T4,T3,1,1,0,701295ba7de51ead6b16a263b30835f70cc81deb95b7eb976762b0ad79ec5b10,958cc7ff0c30b2b28b993108666017b4a84a9c029eab218bdabb79baa82a35bf
b,210,REACH_PUMP2_WITH_RECHARGE,68d6bb1ced460dd8f75dd3006046cc7ab83e36336aba2e2af5baa762147b90a3,INSTRUCTION_CHANGED,1,"[""INSTRUCTION_CHANGED""]","[""AVOID_ROOM:ElectricalRoom""]",true,1,"Reach Pump 2, but recharge first if estimated battery is insufficient.",results/indicative-twin-hierarchy-b/raw/cases.jsonl,T3-T2,T3,T2,1,0,1,55ddef5530a619c6e2968d79bdf2c55f3752e153bd4d279608e03f34bc0872e9,aaa107b91514e7bce2ba94d0d7e60e478e4f9e60edef687de9883209ef9a846d
b,210,REACH_PUMP2_WITH_RECHARGE,68d6bb1ced460dd8f75dd3006046cc7ab83e36336aba2e2af5baa762147b90a3,INSTRUCTION_CHANGED,1,"[""INSTRUCTION_CHANGED""]","[""AVOID_ROOM:ElectricalRoom""]",true,1,"Reach Pump 2, but recharge first if estimated battery is insufficient.",results/indicative-twin-hierarchy-b/raw/cases.jsonl,T4-T3,T4,T3,1,1,0,082cd8dec5751a6398c26c748cf711f932bcf0406102f1fec0be85aadf6372fc,55ddef5530a619c6e2968d79bdf2c55f3752e153bd4d279608e03f34bc0872e9
b,210,REPLAN_ON_RESTRICTION,2e5f996f670a522a83823d574e010e7649cdb40f94164f3f8a941bd2b474ea8a,INSTRUCTION_CHANGED+ROOM_RESTRICTED+ROUTE_BLOCKED,3,"[""ROUTE_BLOCKED"",""INSTRUCTION_CHANGED"",""ROOM_RESTRICTED""]","[""UNAVAILABLE"",""AVOID_ROOM:ElectricalRoom"",""RESTRICTED""]",true,1,Inspect Valve 7 and replan if a room becomes restricted.,results/indicative-twin-hierarchy-b/raw/cases.jsonl,T3-T2,T3,T2,0,0,0,8c65d6674d73892c6fb3a194eeb3ffc18b2dabfee0ed263c825573e0a6d58c5b,01a3e92ddddf8545946749aae653cd516544cec2feb51210d2e9ad60c7430c5e
b,210,REPLAN_ON_RESTRICTION,2e5f996f670a522a83823d574e010e7649cdb40f94164f3f8a941bd2b474ea8a,INSTRUCTION_CHANGED+ROOM_RESTRICTED+ROUTE_BLOCKED,3,"[""ROUTE_BLOCKED"",""INSTRUCTION_CHANGED"",""ROOM_RESTRICTED""]","[""UNAVAILABLE"",""AVOID_ROOM:ElectricalRoom"",""RESTRICTED""]",true,1,Inspect Valve 7 and replan if a room becomes restricted.,results/indicative-twin-hierarchy-b/raw/cases.jsonl,T4-T3,T4,T3,0,0,0,84a9006ab1b2cbb4941d8a787a971e7267a7d0ba401b8f121f81127ae55b1789,8c65d6674d73892c6fb3a194eeb3ffc18b2dabfee0ed263c825573e0a6d58c5b
b,210,STORE_CARRIED_TOOL,a801c47838688327c5e5eb27b6d16c3c6f7c71946e3218b2be1532c137eff424,INSTRUCTION_CHANGED,1,"[""INSTRUCTION_CHANGED""]","[""AVOID_ROOM:ElectricalRoom""]",true,1,Find a safe location for the carried tool.,results/indicative-twin-hierarchy-b/raw/cases.jsonl,T3-T2,T3,T2,0,0,0,dbe96ebe451dc1f49bc0cda1b4955d0cebec8865d19faa1491b87b1ae86dd086,a90d9677b5ead7e3c4f0e95a548310face3aaee9b255c17382b2bd22d360ba31
b,210,STORE_CARRIED_TOOL,a801c47838688327c5e5eb27b6d16c3c6f7c71946e3218b2be1532c137eff424,INSTRUCTION_CHANGED,1,"[""INSTRUCTION_CHANGED""]","[""AVOID_ROOM:ElectricalRoom""]",true,1,Find a safe location for the carried tool.,results/indicative-twin-hierarchy-b/raw/cases.jsonl,T4-T3,T4,T3,0,0,0,22943076993106001f145f14fed9d7595face9550ad9038c8cc8c5b125bbbfc3,dbe96ebe451dc1f49bc0cda1b4955d0cebec8865d19faa1491b87b1ae86dd086
b,211,INSPECT_NEAREST_COOLANT,64a6a8ff6e872c0c21661d5795e1c0af0dcfdf86f4bf7ca3d28a1d9403f00c53,NONE,0,[],[],false,0,Safely inspect the nearest coolant valve without entering a restricted room.,results/indicative-twin-hierarchy-b/raw/cases.jsonl,T3-T2,T3,T2,1,0,1,ea0ea007f06892b1e2314c17b2fb50f187af1b38287f3d8889bf4d3e41c1c4ce,0989c28a2997b4613ddb1d33e10bbc2e4de821350c8c6fdb7817abb99b1c76ca
b,211,INSPECT_NEAREST_COOLANT,64a6a8ff6e872c0c21661d5795e1c0af0dcfdf86f4bf7ca3d28a1d9403f00c53,NONE,0,[],[],false,0,Safely inspect the nearest coolant valve without entering a restricted room.,results/indicative-twin-hierarchy-b/raw/cases.jsonl,T4-T3,T4,T3,1,1,0,deda8f2dfd5ebe2f511ef6bec6dc4aef93c2733ca3d988e79a14670c5b4b2663,ea0ea007f06892b1e2314c17b2fb50f187af1b38287f3d8889bf4d3e41c1c4ce
b,211,INSPECT_VALVE7_WITH_ALTERNATE,209423bc51560cd7502a12fe7e552d50a7f659e2eaaaa4ae8d7138c1295733e2,ROUTE_BLOCKED,1,"[""ROUTE_BLOCKED""]","[""UNAVAILABLE""]",false,0,"Safely inspect Valve 7; if Door 3 is unavailable, use another route.",results/indicative-twin-hierarchy-b/raw/cases.jsonl,T3-T2,T3,T2,1,1,0,05972bbde9c0fbdb47b4f90c7e831438b2b36fe8b06fcd4f7f9422968fa9e597,108bf2206dbef12de02f246c2ce62d98e09b468d68cbbc81c98ff581604ee2a5
b,211,INSPECT_VALVE7_WITH_ALTERNATE,209423bc51560cd7502a12fe7e552d50a7f659e2eaaaa4ae8d7138c1295733e2,ROUTE_BLOCKED,1,"[""ROUTE_BLOCKED""]","[""UNAVAILABLE""]",false,0,"Safely inspect Valve 7; if Door 3 is unavailable, use another route.",results/indicative-twin-hierarchy-b/raw/cases.jsonl,T4-T3,T4,T3,1,1,0,81ccf40781d83e1eafd1c80832b7550d40114d0b54f752b500be5234b23293b2,05972bbde9c0fbdb47b4f90c7e831438b2b36fe8b06fcd4f7f9422968fa9e597
b,211,REACH_PUMP2_WITH_RECHARGE,7f69fc522f60428b98fd60419aba965848ef347ad32e5a2682132744c52c21fe,NONE,0,[],[],false,0,"Reach Pump 2, but recharge first if estimated battery is insufficient.",results/indicative-twin-hierarchy-b/raw/cases.jsonl,T3-T2,T3,T2,1,1,0,f9d363474225eab2e7ca57269c4376afecb120ded4f83246bb6ff8594939f614,53dd34e73a6ddb443931bd65088f421d5939b1c40392deea87d0d4ad6085d966
b,211,REACH_PUMP2_WITH_RECHARGE,7f69fc522f60428b98fd60419aba965848ef347ad32e5a2682132744c52c21fe,NONE,0,[],[],false,0,"Reach Pump 2, but recharge first if estimated battery is insufficient.",results/indicative-twin-hierarchy-b/raw/cases.jsonl,T4-T3,T4,T3,1,1,0,1f031495a8dd01fe314084cb4b031fa3d0cc4dfab3b84253e8036ec7d5e0d350,f9d363474225eab2e7ca57269c4376afecb120ded4f83246bb6ff8594939f614
b,211,REPLAN_ON_RESTRICTION,929fdd9329ceaf10528b8a71f66e7ca431758f177eacc305a1fa75d4b5058911,ROOM_RESTRICTED+ROUTE_BLOCKED,2,"[""ROUTE_BLOCKED"",""ROOM_RESTRICTED""]","[""UNAVAILABLE"",""RESTRICTED""]",false,0,Safely inspect Valve 7 and replan if a room becomes restricted.,results/indicative-twin-hierarchy-b/raw/cases.jsonl,T3-T2,T3,T2,1,0,1,b97fc1a216df1f9a6bb79fc7d81e3d1771bdbd5be2091fb64e2daa8206732bae,78b88340471df885c913323da478048ac6b5d553d72b43e8ad76eaa9a45158c5
b,211,REPLAN_ON_RESTRICTION,929fdd9329ceaf10528b8a71f66e7ca431758f177eacc305a1fa75d4b5058911,ROOM_RESTRICTED+ROUTE_BLOCKED,2,"[""ROUTE_BLOCKED"",""ROOM_RESTRICTED""]","[""UNAVAILABLE"",""RESTRICTED""]",false,0,Safely inspect Valve 7 and replan if a room becomes restricted.,results/indicative-twin-hierarchy-b/raw/cases.jsonl,T4-T3,T4,T3,1,1,0,65c3472f5e6e182513fe43270996eca78ae792f1eb351900f5abf48f68acee72,b97fc1a216df1f9a6bb79fc7d81e3d1771bdbd5be2091fb64e2daa8206732bae
b,211,STORE_CARRIED_TOOL,276e6e7954561fbc62726e573102493be1044e3d6bf8633ce945b1420289d586,NONE,0,[],[],false,0,Find a safe location for the carried tool.,results/indicative-twin-hierarchy-b/raw/cases.jsonl,T3-T2,T3,T2,1,1,0,ef821c24bdc3cc953dda08c861d94a2cc1472eeeee56c6ebddab01268f18792b,970ef20686faa9688140acd9bafeec302c47a419445037808dedd97c9863cf7b
b,211,STORE_CARRIED_TOOL,276e6e7954561fbc62726e573102493be1044e3d6bf8633ce945b1420289d586,NONE,0,[],[],false,0,Find a safe location for the carried tool.,results/indicative-twin-hierarchy-b/raw/cases.jsonl,T4-T3,T4,T3,1,1,0,2c4db0ff2a59cd94e1e87adf146e48143875e364d5a10969903dfe651ec8892e,ef821c24bdc3cc953dda08c861d94a2cc1472eeeee56c6ebddab01268f18792b
b,212,INSPECT_NEAREST_COOLANT,b45e250acecb6b08142ab1e36b71478ba90056ff44c8589f9a7d489d46068076,ROUTE_BLOCKED,1,"[""ROUTE_BLOCKED""]","[""UNAVAILABLE""]",false,0,Inspect the nearest coolant valve without entering a restricted room.,results/indicative-twin-hierarchy-b/raw/cases.jsonl,T3-T2,T3,T2,1,1,0,25d99d604065d3e133dfae146408cd2716bec738fceb82221f1e6955f0767c1b,28db19463f71be66040ab2ee9f22e55a963b70bccfef7d0546ca516a4649b769
b,212,INSPECT_NEAREST_COOLANT,b45e250acecb6b08142ab1e36b71478ba90056ff44c8589f9a7d489d46068076,ROUTE_BLOCKED,1,"[""ROUTE_BLOCKED""]","[""UNAVAILABLE""]",false,0,Inspect the nearest coolant valve without entering a restricted room.,results/indicative-twin-hierarchy-b/raw/cases.jsonl,T4-T3,T4,T3,1,1,0,68e08efdb15e397c14e682bcd278d8eab9004ab360f029d3f2f9ad7e73396056,25d99d604065d3e133dfae146408cd2716bec738fceb82221f1e6955f0767c1b
b,212,INSPECT_VALVE7_WITH_ALTERNATE,e17246f08f377c9376c396856155a69934ae473106a8202c708cb3c47910722c,NONE,0,[],[],false,0,"Inspect Valve 7; if Door 3 is unavailable, use another route.",results/indicative-twin-hierarchy-b/raw/cases.jsonl,T3-T2,T3,T2,1,1,0,1fa341174ed4956cb62ff9963565a4f456575d3dd28d3883dc2a6834ecb3fa53,0ac5fa9b3b47811a11478a12fa1257ce3b3f6b03448c831a788bd6dbb8b70d93
b,212,INSPECT_VALVE7_WITH_ALTERNATE,e17246f08f377c9376c396856155a69934ae473106a8202c708cb3c47910722c,NONE,0,[],[],false,0,"Inspect Valve 7; if Door 3 is unavailable, use another route.",results/indicative-twin-hierarchy-b/raw/cases.jsonl,T4-T3,T4,T3,1,1,0,94fc45e0773ea61e85ff5fe0348b1880df06dc1da41f917907ea984a006e4304,1fa341174ed4956cb62ff9963565a4f456575d3dd28d3883dc2a6834ecb3fa53
b,212,REACH_PUMP2_WITH_RECHARGE,f948ffeba4f5d369ed9a5fc71a7968c64857206471c2dec10380a8a745284759,NONE,0,[],[],true,1,"Reach Pump 2, but recharge first if estimated battery is insufficient.",results/indicative-twin-hierarchy-b/raw/cases.jsonl,T3-T2,T3,T2,0,0,0,cddd32c5cca1ec3272565484e9be2c9e7968cfab2c038b29c0fce719f1bedaa7,7c3e2775b2f7a21425394f62802481a655c4f999f863f63bb77dc1e8455711d0
b,212,REACH_PUMP2_WITH_RECHARGE,f948ffeba4f5d369ed9a5fc71a7968c64857206471c2dec10380a8a745284759,NONE,0,[],[],true,1,"Reach Pump 2, but recharge first if estimated battery is insufficient.",results/indicative-twin-hierarchy-b/raw/cases.jsonl,T4-T3,T4,T3,0,0,0,4858c3e944d8a1b02b7c10ae186f08160d728db45bed1b42419ae23e8c6a94a1,cddd32c5cca1ec3272565484e9be2c9e7968cfab2c038b29c0fce719f1bedaa7
b,212,REPLAN_ON_RESTRICTION,aeb3dc6eefb7aae623c622b0338c37361c97da3189cdab074de7585df231606b,ROOM_RESTRICTED,1,"[""ROOM_RESTRICTED""]","[""RESTRICTED""]",true,1,Inspect Valve 7 and replan if a room becomes restricted.,results/indicative-twin-hierarchy-b/raw/cases.jsonl,T3-T2,T3,T2,1,0,1,0aba837b7fdeaf6184951f381b2aba0c33b8c08bd021430ae6f83d6b368d725d,50fa6b5c632f40c2b8a55f0f6178fed4e7883087fb3092b2cab728d5c5653cf9
b,212,REPLAN_ON_RESTRICTION,aeb3dc6eefb7aae623c622b0338c37361c97da3189cdab074de7585df231606b,ROOM_RESTRICTED,1,"[""ROOM_RESTRICTED""]","[""RESTRICTED""]",true,1,Inspect Valve 7 and replan if a room becomes restricted.,results/indicative-twin-hierarchy-b/raw/cases.jsonl,T4-T3,T4,T3,1,1,0,43947a89e17dbb092de7726c5695857561d3a018678302715bd7e97eed29bda6,0aba837b7fdeaf6184951f381b2aba0c33b8c08bd021430ae6f83d6b368d725d
b,212,STORE_CARRIED_TOOL,2dae8be5dd5b833104cf9b66e206ef0f2c9074660b3d1e055a5bef2234aff912,NONE,0,[],[],true,1,Find a safe location for the carried tool.,results/indicative-twin-hierarchy-b/raw/cases.jsonl,T3-T2,T3,T2,1,0,1,cd0c94b57c3c94695e28668652d234c2b9c55f3560bdd7594964c724b53b99d7,11642471db5b9331bbc98cb28c7119c6b71e214e5afd6739fc78a327da9d7c09
b,212,STORE_CARRIED_TOOL,2dae8be5dd5b833104cf9b66e206ef0f2c9074660b3d1e055a5bef2234aff912,NONE,0,[],[],true,1,Find a safe location for the carried tool.,results/indicative-twin-hierarchy-b/raw/cases.jsonl,T4-T3,T4,T3,1,1,0,ce219f20e0c56eb69ee374836fe21e452ceb1af153ececabb335e6c8cb2efc1f,cd0c94b57c3c94695e28668652d234c2b9c55f3560bdd7594964c724b53b99d7
b,213,INSPECT_NEAREST_COOLANT,171222c95edd18224533bdbbc201c439418ce04a24bbcd9ca55cdb4903194d47,NONE,0,[],[],false,0,Safely inspect the nearest coolant valve without entering a restricted room.,results/indicative-twin-hierarchy-b/raw/cases.jsonl,T3-T2,T3,T2,1,1,0,ed923852a2ede7b2b4d82e28cc73644f23fcace8b7639f8876d58299d93fd3e2,6ba9ef98887565caad70b5444a2b20c95f4679081155f14174dd1ada337ad261
b,213,INSPECT_NEAREST_COOLANT,171222c95edd18224533bdbbc201c439418ce04a24bbcd9ca55cdb4903194d47,NONE,0,[],[],false,0,Safely inspect the nearest coolant valve without entering a restricted room.,results/indicative-twin-hierarchy-b/raw/cases.jsonl,T4-T3,T4,T3,1,1,0,26734134b9bd0503a8f423e84a96a29f0041742a2bafe8ee9de2a62593f64896,ed923852a2ede7b2b4d82e28cc73644f23fcace8b7639f8876d58299d93fd3e2
b,213,INSPECT_VALVE7_WITH_ALTERNATE,d94b141fa4c164f95fa7b6e889e2d12c631747e91a3c448cbff521700a142b34,NONE,0,[],[],true,1,"Safely inspect Valve 7; if Door 3 is unavailable, use another route.",results/indicative-twin-hierarchy-b/raw/cases.jsonl,T3-T2,T3,T2,0,0,0,e46948ff84145f593f95de81c6ca94f7af6211432957575d71f27c106fb883af,cb721607b2ea1f9e18f221fa269f179f9f316715a7ed15f31b824f6046446c4f
b,213,INSPECT_VALVE7_WITH_ALTERNATE,d94b141fa4c164f95fa7b6e889e2d12c631747e91a3c448cbff521700a142b34,NONE,0,[],[],true,1,"Safely inspect Valve 7; if Door 3 is unavailable, use another route.",results/indicative-twin-hierarchy-b/raw/cases.jsonl,T4-T3,T4,T3,1,0,1,4567dde77e8a8df31df23d3f68533b0591d7bc206d5ee3aa2c4154fa7727d242,e46948ff84145f593f95de81c6ca94f7af6211432957575d71f27c106fb883af
b,213,REACH_PUMP2_WITH_RECHARGE,200c4942365b46390519dbbf7a66d53e41fb9002afa11e2b0ac9277e5fca43ac,NONE,0,[],[],true,1,"Reach Pump 2, but recharge first if estimated battery is insufficient.",results/indicative-twin-hierarchy-b/raw/cases.jsonl,T3-T2,T3,T2,1,1,0,83f61a53a54633aeae0bc2ced015e1226b659106d5d2344aa6e17d05f91c2b8e,6aacb0fb215b0817ca629a6032eed6957da79263a573957cd666302ce6de7f97
b,213,REACH_PUMP2_WITH_RECHARGE,200c4942365b46390519dbbf7a66d53e41fb9002afa11e2b0ac9277e5fca43ac,NONE,0,[],[],true,1,"Reach Pump 2, but recharge first if estimated battery is insufficient.",results/indicative-twin-hierarchy-b/raw/cases.jsonl,T4-T3,T4,T3,1,1,0,923b92b29803cea8a5078bbd46ed90639e405124e6f467a6c6cfff916ad2aa81,83f61a53a54633aeae0bc2ced015e1226b659106d5d2344aa6e17d05f91c2b8e
b,213,REPLAN_ON_RESTRICTION,e3b6c682e4eac7712241b89fd9f3c2797a6504707d544a87112c44f159b8f605,ROOM_RESTRICTED,1,"[""ROOM_RESTRICTED""]","[""RESTRICTED""]",true,1,Safely inspect Valve 7 and replan if a room becomes restricted.,results/indicative-twin-hierarchy-b/raw/cases.jsonl,T3-T2,T3,T2,1,0,1,d182492ca0c1058b03d5f934238a86a72a12c29d8d1b9b1e371d99241d1a5b63,3a4f0997aada8da61771e434cc04921a284729b6b83cab564fee27a73202fe18
b,213,REPLAN_ON_RESTRICTION,e3b6c682e4eac7712241b89fd9f3c2797a6504707d544a87112c44f159b8f605,ROOM_RESTRICTED,1,"[""ROOM_RESTRICTED""]","[""RESTRICTED""]",true,1,Safely inspect Valve 7 and replan if a room becomes restricted.,results/indicative-twin-hierarchy-b/raw/cases.jsonl,T4-T3,T4,T3,1,1,0,d685d71e83ee63d9255eeb2bb15c4646ea24c38e19917a006e6ccd576a4f225a,d182492ca0c1058b03d5f934238a86a72a12c29d8d1b9b1e371d99241d1a5b63
b,213,STORE_CARRIED_TOOL,21a4cf53209f4603397726edf2bcba5f06e1e6ba4f95903c000249a740960b57,NONE,0,[],[],false,0,Find a safe location for the carried tool.,results/indicative-twin-hierarchy-b/raw/cases.jsonl,T3-T2,T3,T2,1,1,0,d87c427b4c383cbf44249adf2c6139173a23e25ee0240c59fc266b51b8bf6bf0,e19bc8c39b30935a7ab908f32d6fd10ee61b7a3b193478fa41341353098dbac9
b,213,STORE_CARRIED_TOOL,21a4cf53209f4603397726edf2bcba5f06e1e6ba4f95903c000249a740960b57,NONE,0,[],[],false,0,Find a safe location for the carried tool.,results/indicative-twin-hierarchy-b/raw/cases.jsonl,T4-T3,T4,T3,1,1,0,73e99c5f3cca658773743bb069fa47b699c6237f04e7668df5ec48c222cc4cd2,d87c427b4c383cbf44249adf2c6139173a23e25ee0240c59fc266b51b8bf6bf0
b,214,INSPECT_NEAREST_COOLANT,a382556e1f1da5e4a5b41128ca512e498a811431ff39d20c75f3ac3f73ed6325,NONE,0,[],[],false,0,Inspect the nearest coolant valve without entering a restricted room.,results/indicative-twin-hierarchy-b/raw/cases.jsonl,T3-T2,T3,T2,1,1,0,077798e2dbc0146b02fc299a13e10b74f9e3a65a19df6ec60cb289013444bc6f,85b8d926ee97579270774d37f1216ee876ef6917e5393639e098186cc13c4e77
b,214,INSPECT_NEAREST_COOLANT,a382556e1f1da5e4a5b41128ca512e498a811431ff39d20c75f3ac3f73ed6325,NONE,0,[],[],false,0,Inspect the nearest coolant valve without entering a restricted room.,results/indicative-twin-hierarchy-b/raw/cases.jsonl,T4-T3,T4,T3,1,1,0,56b97ad4a9419f970920560bef2851930e0a2316d074815fd5115c0869809681,077798e2dbc0146b02fc299a13e10b74f9e3a65a19df6ec60cb289013444bc6f
b,214,INSPECT_VALVE7_WITH_ALTERNATE,9517909dbdd69e0f6e4beb8052beff36c840ded362da7706866954dd514197a6,ROUTE_BLOCKED,1,"[""ROUTE_BLOCKED""]","[""UNAVAILABLE""]",true,1,"Inspect Valve 7; if Door 3 is unavailable, use another route.",results/indicative-twin-hierarchy-b/raw/cases.jsonl,T3-T2,T3,T2,1,0,1,0ac45f0484e2d3aba4c366ff87fe07cef8bff24a075756f940d2807822dbe74d,07629e72c78ae446e7b5302ae15c36eaa5a2d0de4080e377820e1a917de66f5f
b,214,INSPECT_VALVE7_WITH_ALTERNATE,9517909dbdd69e0f6e4beb8052beff36c840ded362da7706866954dd514197a6,ROUTE_BLOCKED,1,"[""ROUTE_BLOCKED""]","[""UNAVAILABLE""]",true,1,"Inspect Valve 7; if Door 3 is unavailable, use another route.",results/indicative-twin-hierarchy-b/raw/cases.jsonl,T4-T3,T4,T3,1,1,0,8ed73813d481c20fc0063cd181343e3b6fc29ab92d64ffc0d63f2c00dc2ca288,0ac45f0484e2d3aba4c366ff87fe07cef8bff24a075756f940d2807822dbe74d
b,214,REACH_PUMP2_WITH_RECHARGE,e8e2d9e95a8e2066435dc16a2ebaa0f5a6d852a7cf2e1231d9b6ffb806dd9145,NONE,0,[],[],false,0,"Reach Pump 2, but recharge first if estimated battery is insufficient.",results/indicative-twin-hierarchy-b/raw/cases.jsonl,T3-T2,T3,T2,1,0,1,a80375686d20515c667e1c81addc2587abad739fe2f9b4c6e8260c4738fa84de,cf2076039387873d248985d7453f14bc167889274ac5ebce14d912498d943899
b,214,REACH_PUMP2_WITH_RECHARGE,e8e2d9e95a8e2066435dc16a2ebaa0f5a6d852a7cf2e1231d9b6ffb806dd9145,NONE,0,[],[],false,0,"Reach Pump 2, but recharge first if estimated battery is insufficient.",results/indicative-twin-hierarchy-b/raw/cases.jsonl,T4-T3,T4,T3,1,1,0,2557c0537d804fd2fe6f11fc6ae0d42737981ee756745a4bc6d224ef37bf113d,a80375686d20515c667e1c81addc2587abad739fe2f9b4c6e8260c4738fa84de
b,214,REPLAN_ON_RESTRICTION,f890416660c0437e98b0aa7a765bebd1412117999f02f96113224b492193a5da,ROOM_RESTRICTED,1,"[""ROOM_RESTRICTED""]","[""RESTRICTED""]",false,0,Inspect Valve 7 and replan if a room becomes restricted.,results/indicative-twin-hierarchy-b/raw/cases.jsonl,T3-T2,T3,T2,1,0,1,16ceef385ec7c71f45f2d820107b7edc12f6e6af1f42853a37e120359afb3d35,2ceaa97bbf826fce81c1ee3a4ca688448815d0bd879a2d7c7f1fb8f8625d3c84
b,214,REPLAN_ON_RESTRICTION,f890416660c0437e98b0aa7a765bebd1412117999f02f96113224b492193a5da,ROOM_RESTRICTED,1,"[""ROOM_RESTRICTED""]","[""RESTRICTED""]",false,0,Inspect Valve 7 and replan if a room becomes restricted.,results/indicative-twin-hierarchy-b/raw/cases.jsonl,T4-T3,T4,T3,1,1,0,a446a71048eef1f143a6f16ba3e029c110323eaed522c332188f75033dc541a1,16ceef385ec7c71f45f2d820107b7edc12f6e6af1f42853a37e120359afb3d35
b,214,STORE_CARRIED_TOOL,621fe1dc45610ac3cd2ff6a34ab59cb1e65543c1312c53b18724e7e48518f93f,NONE,0,[],[],false,0,Find a safe location for the carried tool.,results/indicative-twin-hierarchy-b/raw/cases.jsonl,T3-T2,T3,T2,1,1,0,f93fcb73bc26fe6f4bb00c8b120ad1fce87065a1668f8aa4c3d4ce10e6372456,d322947026473a7ac83eb7922c6057c641a4f23bd32292884d3dba1077af4fc5
b,214,STORE_CARRIED_TOOL,621fe1dc45610ac3cd2ff6a34ab59cb1e65543c1312c53b18724e7e48518f93f,NONE,0,[],[],false,0,Find a safe location for the carried tool.,results/indicative-twin-hierarchy-b/raw/cases.jsonl,T4-T3,T4,T3,1,1,0,79fbcec2006349efa4a93054fe9859a4f8e361fae84bd104b9f69e03c553ecca,f93fcb73bc26fe6f4bb00c8b120ad1fce87065a1668f8aa4c3d4ce10e6372456
b,215,INSPECT_NEAREST_COOLANT,38fb1af595256d0dfa552118eb8bbacefcf7265c94f2888632644b7859527e16,INSTRUCTION_CHANGED+ROUTE_BLOCKED,2,"[""ROUTE_BLOCKED"",""INSTRUCTION_CHANGED""]","[""UNAVAILABLE"",""AVOID_ROOM:ElectricalRoom""]",true,1,Safely inspect the nearest coolant valve without entering a restricted room.,results/indicative-twin-hierarchy-b/raw/cases.jsonl,T3-T2,T3,T2,0,0,0,3a2adf2b08039c0a5e3924dc12e5e490a776416187b3caf018b040fc20668b1e,04a86d49864579aeda8f29d524a97f1073b538d4b1ae3039d9e6e267b8c262f4
b,215,INSPECT_NEAREST_COOLANT,38fb1af595256d0dfa552118eb8bbacefcf7265c94f2888632644b7859527e16,INSTRUCTION_CHANGED+ROUTE_BLOCKED,2,"[""ROUTE_BLOCKED"",""INSTRUCTION_CHANGED""]","[""UNAVAILABLE"",""AVOID_ROOM:ElectricalRoom""]",true,1,Safely inspect the nearest coolant valve without entering a restricted room.,results/indicative-twin-hierarchy-b/raw/cases.jsonl,T4-T3,T4,T3,0,0,0,9447117cfb76ad8b290a5f62656cdf08f0d8bad42fba8b19232939bd185d5032,3a2adf2b08039c0a5e3924dc12e5e490a776416187b3caf018b040fc20668b1e
b,215,INSPECT_VALVE7_WITH_ALTERNATE,213db13a13fd900a5cddc53bbe67fa0a82129c9511ad3386c783568258553ce6,INSTRUCTION_CHANGED,1,"[""INSTRUCTION_CHANGED""]","[""AVOID_ROOM:ElectricalRoom""]",false,0,"Safely inspect Valve 7; if Door 3 is unavailable, use another route.",results/indicative-twin-hierarchy-b/raw/cases.jsonl,T3-T2,T3,T2,1,1,0,6b17b283e0f2044a804d587943bf1b1cb1f64bfcd102f941d1b2a4bd14127a43,bfad7402f8001baff1aeab773d348270d70897f4fce8d8595b8631a32c8fc51d
b,215,INSPECT_VALVE7_WITH_ALTERNATE,213db13a13fd900a5cddc53bbe67fa0a82129c9511ad3386c783568258553ce6,INSTRUCTION_CHANGED,1,"[""INSTRUCTION_CHANGED""]","[""AVOID_ROOM:ElectricalRoom""]",false,0,"Safely inspect Valve 7; if Door 3 is unavailable, use another route.",results/indicative-twin-hierarchy-b/raw/cases.jsonl,T4-T3,T4,T3,1,1,0,0db76bf115aee457b1111a575fc017edcfbc9d6f5900726d688c7d33d5bcc6a4,6b17b283e0f2044a804d587943bf1b1cb1f64bfcd102f941d1b2a4bd14127a43
b,215,REACH_PUMP2_WITH_RECHARGE,dca58b46b91639fb464357783b3a323d8e5eb7bed00bfb92c3abf4a0807c6ff1,INSTRUCTION_CHANGED+ROUTE_BLOCKED,2,"[""ROUTE_BLOCKED"",""INSTRUCTION_CHANGED""]","[""UNAVAILABLE"",""AVOID_ROOM:ElectricalRoom""]",false,0,"Reach Pump 2, but recharge first if estimated battery is insufficient.",results/indicative-twin-hierarchy-b/raw/cases.jsonl,T3-T2,T3,T2,1,1,0,1f1f1bc4d3ecfff1b7a164b5c37af963688951e57f96c49c53843b3612728b4a,f3a28b88df6a6e535385c1eab7448989b9c1535bc794fc2a038e2834dd0f0275
b,215,REACH_PUMP2_WITH_RECHARGE,dca58b46b91639fb464357783b3a323d8e5eb7bed00bfb92c3abf4a0807c6ff1,INSTRUCTION_CHANGED+ROUTE_BLOCKED,2,"[""ROUTE_BLOCKED"",""INSTRUCTION_CHANGED""]","[""UNAVAILABLE"",""AVOID_ROOM:ElectricalRoom""]",false,0,"Reach Pump 2, but recharge first if estimated battery is insufficient.",results/indicative-twin-hierarchy-b/raw/cases.jsonl,T4-T3,T4,T3,1,1,0,2e54eaa5ab82c4cad1c4bf84f6482eacb32caaa839957863a5d54704c7f549a5,1f1f1bc4d3ecfff1b7a164b5c37af963688951e57f96c49c53843b3612728b4a
b,215,REPLAN_ON_RESTRICTION,9bec92abb364b47b7c410547d549940ddfe97772ad08202bbafafd08a409d405,INSTRUCTION_CHANGED+ROOM_RESTRICTED,2,"[""INSTRUCTION_CHANGED"",""ROOM_RESTRICTED""]","[""AVOID_ROOM:ElectricalRoom"",""RESTRICTED""]",true,1,Safely inspect Valve 7 and replan if a room becomes restricted.,results/indicative-twin-hierarchy-b/raw/cases.jsonl,T3-T2,T3,T2,0,0,0,e35e30d30f2095a886c2439561771bc730508d1ea049f657093a6745533641a3,1c560c51e0605112d73d250d34c68a3cbdc53136797652dc373f9deb340d3c90
b,215,REPLAN_ON_RESTRICTION,9bec92abb364b47b7c410547d549940ddfe97772ad08202bbafafd08a409d405,INSTRUCTION_CHANGED+ROOM_RESTRICTED,2,"[""INSTRUCTION_CHANGED"",""ROOM_RESTRICTED""]","[""AVOID_ROOM:ElectricalRoom"",""RESTRICTED""]",true,1,Safely inspect Valve 7 and replan if a room becomes restricted.,results/indicative-twin-hierarchy-b/raw/cases.jsonl,T4-T3,T4,T3,0,0,0,b68b25f19491aef9c28fec114af52288de5b0490ada15ba70f8a08076a548d49,e35e30d30f2095a886c2439561771bc730508d1ea049f657093a6745533641a3
b,215,STORE_CARRIED_TOOL,6bece3eaffc1c5f001e3b4cffa0f0786e8d1d0b5983e7275f4a594f2087b8bbc,INSTRUCTION_CHANGED,1,"[""INSTRUCTION_CHANGED""]","[""AVOID_ROOM:ElectricalRoom""]",false,0,Find a safe location for the carried tool.,results/indicative-twin-hierarchy-b/raw/cases.jsonl,T3-T2,T3,T2,1,1,0,2552cc4e369e1152579459ed958a452d7fff675b20611d95238a7c0df2b98ff2,0eb10e85fe06e5df00df2fa095fd05fd50f27e5a4b6ac7177a43c3511e557ca6
b,215,STORE_CARRIED_TOOL,6bece3eaffc1c5f001e3b4cffa0f0786e8d1d0b5983e7275f4a594f2087b8bbc,INSTRUCTION_CHANGED,1,"[""INSTRUCTION_CHANGED""]","[""AVOID_ROOM:ElectricalRoom""]",false,0,Find a safe location for the carried tool.,results/indicative-twin-hierarchy-b/raw/cases.jsonl,T4-T3,T4,T3,1,1,0,d12d41ce7a5ba35afc01e414846c2edfa4ef95e5edb98a2e3361a9bd5c450ebd,2552cc4e369e1152579459ed958a452d7fff675b20611d95238a7c0df2b98ff2
b,216,INSPECT_NEAREST_COOLANT,8efc2c72c1dc8019660ed839af959d5cddb15b69d037636240f74f4a536da3d3,ROUTE_BLOCKED,1,"[""ROUTE_BLOCKED""]","[""UNAVAILABLE""]",true,1,Inspect the nearest coolant valve without entering a restricted room.,results/indicative-twin-hierarchy-b/raw/cases.jsonl,T3-T2,T3,T2,1,0,1,bf02dff570fc2ef3217379a6ffacca21f2f67073448360acee5d4b90223c75bd,9c19fb702ef851faef017e1a06a1a750598f65915ed6130042e5ef1eb3b7cecd
b,216,INSPECT_NEAREST_COOLANT,8efc2c72c1dc8019660ed839af959d5cddb15b69d037636240f74f4a536da3d3,ROUTE_BLOCKED,1,"[""ROUTE_BLOCKED""]","[""UNAVAILABLE""]",true,1,Inspect the nearest coolant valve without entering a restricted room.,results/indicative-twin-hierarchy-b/raw/cases.jsonl,T4-T3,T4,T3,1,1,0,6159251571b8a6572f02f486219cd34f9d379c5e095166b999c4122491925554,bf02dff570fc2ef3217379a6ffacca21f2f67073448360acee5d4b90223c75bd
b,216,INSPECT_VALVE7_WITH_ALTERNATE,df6473f7f4541fde218016507ca31e7c6932681859fd78a403f5a6b24e70bd2f,NONE,0,[],[],true,1,"Inspect Valve 7; if Door 3 is unavailable, use another route.",results/indicative-twin-hierarchy-b/raw/cases.jsonl,T3-T2,T3,T2,1,1,0,87ece166863fb1f07f4e67f0880477c4c5ed746cbd864b7479f14e9ad92f1b6f,0d0d3ab4c6a5a755b7b5b1b1b719663e0beab5844f78e483ca91885b59218642
b,216,INSPECT_VALVE7_WITH_ALTERNATE,df6473f7f4541fde218016507ca31e7c6932681859fd78a403f5a6b24e70bd2f,NONE,0,[],[],true,1,"Inspect Valve 7; if Door 3 is unavailable, use another route.",results/indicative-twin-hierarchy-b/raw/cases.jsonl,T4-T3,T4,T3,1,1,0,6777479443a3a6d0aec19f32929a5e6d9037308e88fd51d17f4b8f9ee3d8ec83,87ece166863fb1f07f4e67f0880477c4c5ed746cbd864b7479f14e9ad92f1b6f
b,216,REACH_PUMP2_WITH_RECHARGE,880216288222479c2c91e792f8abc36fe7c8b0faedd0662131fcc8326cc1a7dc,NONE,0,[],[],true,1,"Reach Pump 2, but recharge first if estimated battery is insufficient.",results/indicative-twin-hierarchy-b/raw/cases.jsonl,T3-T2,T3,T2,1,1,0,1c0b983774ba0f9678eb67a3fd5e114c8433b799b7e5408217317141e1cd0138,361e5f27fa094a301edb3ed24004c85c0eb905f8155d58a8de25c8516a88bf31
b,216,REACH_PUMP2_WITH_RECHARGE,880216288222479c2c91e792f8abc36fe7c8b0faedd0662131fcc8326cc1a7dc,NONE,0,[],[],true,1,"Reach Pump 2, but recharge first if estimated battery is insufficient.",results/indicative-twin-hierarchy-b/raw/cases.jsonl,T4-T3,T4,T3,1,1,0,9a924ae89912e3a56bcf7324f06c937623ca5623a1e2d9fec1c2f7cb37c59fd2,1c0b983774ba0f9678eb67a3fd5e114c8433b799b7e5408217317141e1cd0138
b,216,REPLAN_ON_RESTRICTION,c00fd2a2e12fa31aadff93b268e3408647c498dbf904c6727187989f92f9ebc5,ROOM_RESTRICTED,1,"[""ROOM_RESTRICTED""]","[""RESTRICTED""]",true,1,Inspect Valve 7 and replan if a room becomes restricted.,results/indicative-twin-hierarchy-b/raw/cases.jsonl,T3-T2,T3,T2,1,0,1,c52f4c27dcf98ee22f96b883ff6037167bf651512c0baf8831b3496ddbc74079,b762266d851d7608ce179f4dd7cbb5844ab6522f8f223e86f034e8d009fc4232
b,216,REPLAN_ON_RESTRICTION,c00fd2a2e12fa31aadff93b268e3408647c498dbf904c6727187989f92f9ebc5,ROOM_RESTRICTED,1,"[""ROOM_RESTRICTED""]","[""RESTRICTED""]",true,1,Inspect Valve 7 and replan if a room becomes restricted.,results/indicative-twin-hierarchy-b/raw/cases.jsonl,T4-T3,T4,T3,1,1,0,ac9b6beff03d9977c3497177cf4909d75e3c6bcbdc7266de258f609462a9b6ec,c52f4c27dcf98ee22f96b883ff6037167bf651512c0baf8831b3496ddbc74079
b,216,STORE_CARRIED_TOOL,d7c2769af361381987582a8872e381b7debdad7084cf66fb7575261902cae37d,NONE,0,[],[],false,0,Find a safe location for the carried tool.,results/indicative-twin-hierarchy-b/raw/cases.jsonl,T3-T2,T3,T2,1,1,0,5af83be3faddc135fed9065a7ea9f6a99850bfc1814fbddc46b9e97c80138740,af19e372f7809865726fdbff3fe26ad23f648af28a057083a3d24cb9d6e9f0f5
b,216,STORE_CARRIED_TOOL,d7c2769af361381987582a8872e381b7debdad7084cf66fb7575261902cae37d,NONE,0,[],[],false,0,Find a safe location for the carried tool.,results/indicative-twin-hierarchy-b/raw/cases.jsonl,T4-T3,T4,T3,1,1,0,685cb3416356e558b4d39ec8c8313e0a94e95afe5e8a45d92489f070c49b9f0b,5af83be3faddc135fed9065a7ea9f6a99850bfc1814fbddc46b9e97c80138740
b,217,INSPECT_NEAREST_COOLANT,d8bbc65bab5713ac34b16552e8bdd6bcddb88f6f30f0aaf487ab21850539958c,NONE,0,[],[],false,0,Safely inspect the nearest coolant valve without entering a restricted room.,results/indicative-twin-hierarchy-b/raw/cases.jsonl,T3-T2,T3,T2,1,1,0,42131a3fe237877fa81c34a50a7828367749cb32858345985aa0d6a3d07f3085,bafe91e001f4589762b3075539478d49801f7a31c7d1f1f469e8138bf075461b
b,217,INSPECT_NEAREST_COOLANT,d8bbc65bab5713ac34b16552e8bdd6bcddb88f6f30f0aaf487ab21850539958c,NONE,0,[],[],false,0,Safely inspect the nearest coolant valve without entering a restricted room.,results/indicative-twin-hierarchy-b/raw/cases.jsonl,T4-T3,T4,T3,1,1,0,f0b1c3a8bba54049819539c26dc31cdb0eb3fbfc75d766b107d9e1c05d894403,42131a3fe237877fa81c34a50a7828367749cb32858345985aa0d6a3d07f3085
b,217,INSPECT_VALVE7_WITH_ALTERNATE,4bdf0be1569debf941593aff85a43de47a1b088cc51117de0d77ccebc9e4e818,NONE,0,[],[],false,0,"Safely inspect Valve 7; if Door 3 is unavailable, use another route.",results/indicative-twin-hierarchy-b/raw/cases.jsonl,T3-T2,T3,T2,1,0,1,a2156cbb3d02299e6a914ffc7a00392b9b92e41465a88fcb0cf36160d36cfc2b,e8849a6bcb5f4d9fc3a76c8aa487d2418a05a80877b19bc5400eb7bc36fae40e
b,217,INSPECT_VALVE7_WITH_ALTERNATE,4bdf0be1569debf941593aff85a43de47a1b088cc51117de0d77ccebc9e4e818,NONE,0,[],[],false,0,"Safely inspect Valve 7; if Door 3 is unavailable, use another route.",results/indicative-twin-hierarchy-b/raw/cases.jsonl,T4-T3,T4,T3,1,1,0,34ca3dbb1bfbb43be9e19507084e00541560befc9768cb0f4ca5fa65fdc59ead,a2156cbb3d02299e6a914ffc7a00392b9b92e41465a88fcb0cf36160d36cfc2b
b,217,REACH_PUMP2_WITH_RECHARGE,07fce022fe4a058c3d07a3bb0a9d76eb4500b9b9fd7ab4ad55a4a9d50daedecc,NONE,0,[],[],true,1,"Reach Pump 2, but recharge first if estimated battery is insufficient.",results/indicative-twin-hierarchy-b/raw/cases.jsonl,T3-T2,T3,T2,0,0,0,72321ae982ac7c57b3de43b88afeab4a803edcd7594a889be095ced050198ba9,7925ab02af8cc7bff40061d51f9b13591cb6adcf76584bfeb3a6d9cf0aab8e08
b,217,REACH_PUMP2_WITH_RECHARGE,07fce022fe4a058c3d07a3bb0a9d76eb4500b9b9fd7ab4ad55a4a9d50daedecc,NONE,0,[],[],true,1,"Reach Pump 2, but recharge first if estimated battery is insufficient.",results/indicative-twin-hierarchy-b/raw/cases.jsonl,T4-T3,T4,T3,0,0,0,433a1b1bdece487a71aa252391b0e3cc02c67c79f781b852952d57dd28e80398,72321ae982ac7c57b3de43b88afeab4a803edcd7594a889be095ced050198ba9
b,217,REPLAN_ON_RESTRICTION,1905dc9933d78f9640319a8ed19efe80d5dfd3a5b0ee18ca6116bd0c0839be4f,ROOM_RESTRICTED,1,"[""ROOM_RESTRICTED""]","[""RESTRICTED""]",true,1,Safely inspect Valve 7 and replan if a room becomes restricted.,results/indicative-twin-hierarchy-b/raw/cases.jsonl,T3-T2,T3,T2,1,0,1,21e0dee14f78094821a80e0a12be5a9ebdeba741318d24d9ddfba09f03f59a14,59a909c02e50c289427a619c195c0bbac850bf8543f100e330ab198820520c56
b,217,REPLAN_ON_RESTRICTION,1905dc9933d78f9640319a8ed19efe80d5dfd3a5b0ee18ca6116bd0c0839be4f,ROOM_RESTRICTED,1,"[""ROOM_RESTRICTED""]","[""RESTRICTED""]",true,1,Safely inspect Valve 7 and replan if a room becomes restricted.,results/indicative-twin-hierarchy-b/raw/cases.jsonl,T4-T3,T4,T3,1,1,0,62f373e61d117847980ddf293cd2ea09995abb1fc91d823b5a5eb0e5d3c6dc42,21e0dee14f78094821a80e0a12be5a9ebdeba741318d24d9ddfba09f03f59a14
b,217,STORE_CARRIED_TOOL,c1ee8da2ac6b7baff826bb094e51349e73725170fc1d59cd426b21cbb2e67f2e,NONE,0,[],[],false,0,Find a safe location for the carried tool.,results/indicative-twin-hierarchy-b/raw/cases.jsonl,T3-T2,T3,T2,1,1,0,f16cd14390167665b3da9f611b5d0ef94b6ef7b73c7bebf521f3b21fd593abf7,13bf7a228bf777d105708eca19a15f62387065c29729b11df02ca1671843af0f
b,217,STORE_CARRIED_TOOL,c1ee8da2ac6b7baff826bb094e51349e73725170fc1d59cd426b21cbb2e67f2e,NONE,0,[],[],false,0,Find a safe location for the carried tool.,results/indicative-twin-hierarchy-b/raw/cases.jsonl,T4-T3,T4,T3,1,1,0,5bba93b834198828ceb4048fccd18cd156d1041ca3acf6eb260da880b089e364,f16cd14390167665b3da9f611b5d0ef94b6ef7b73c7bebf521f3b21fd593abf7
b,218,INSPECT_NEAREST_COOLANT,a4b00b721080cd6cf23a6a61092d2a4b7a30ff0ef320f8088d190f70eb3ff6a6,NONE,0,[],[],true,1,Inspect the nearest coolant valve without entering a restricted room.,results/indicative-twin-hierarchy-b/raw/cases.jsonl,T3-T2,T3,T2,0,0,0,6702814c3ab542361e2ac05b04bf38bbf21013bce0b422ca77d3444d59855cc1,c0992a40f647a8187261b14db6d3744c963befab0a3c94ed49bbdc5321a9be01
b,218,INSPECT_NEAREST_COOLANT,a4b00b721080cd6cf23a6a61092d2a4b7a30ff0ef320f8088d190f70eb3ff6a6,NONE,0,[],[],true,1,Inspect the nearest coolant valve without entering a restricted room.,results/indicative-twin-hierarchy-b/raw/cases.jsonl,T4-T3,T4,T3,0,0,0,177df2a5c2f48c56b29787968d0b2826a3363c142730efd79028563f729a0752,6702814c3ab542361e2ac05b04bf38bbf21013bce0b422ca77d3444d59855cc1
b,218,INSPECT_VALVE7_WITH_ALTERNATE,06e25bf310854e0758f73a6e997d2ee6c761788aea01ad096f44708d2549ff98,NONE,0,[],[],true,1,"Inspect Valve 7; if Door 3 is unavailable, use another route.",results/indicative-twin-hierarchy-b/raw/cases.jsonl,T3-T2,T3,T2,1,0,1,007837050a993d2b014c69656c95bfcc9db15f5f3d82a7914706a2a60f6e2714,a7c418f81da5187ef8516c8a1001cc670af58b0a184849b0130b1829bac3a0d7
b,218,INSPECT_VALVE7_WITH_ALTERNATE,06e25bf310854e0758f73a6e997d2ee6c761788aea01ad096f44708d2549ff98,NONE,0,[],[],true,1,"Inspect Valve 7; if Door 3 is unavailable, use another route.",results/indicative-twin-hierarchy-b/raw/cases.jsonl,T4-T3,T4,T3,1,1,0,642f0ab77d90aac44d2449d88334fb8e9f47a1ff3ceb028444f595333436f02c,007837050a993d2b014c69656c95bfcc9db15f5f3d82a7914706a2a60f6e2714
b,218,REACH_PUMP2_WITH_RECHARGE,8dae2789e5acd2f5e942fc71f66a8059b2de68f7d84f117c0d3872df16eca7ad,NONE,0,[],[],true,1,"Reach Pump 2, but recharge first if estimated battery is insufficient.",results/indicative-twin-hierarchy-b/raw/cases.jsonl,T3-T2,T3,T2,1,1,0,9cc804612d5843f079e7f55b370f0a2a77ff3e7528cedd38fb1c5ba3eea07a1f,f7dc4d601a7a8d33fc9c0d0449de6d12177b1455293069840ac13c7520918b65
b,218,REACH_PUMP2_WITH_RECHARGE,8dae2789e5acd2f5e942fc71f66a8059b2de68f7d84f117c0d3872df16eca7ad,NONE,0,[],[],true,1,"Reach Pump 2, but recharge first if estimated battery is insufficient.",results/indicative-twin-hierarchy-b/raw/cases.jsonl,T4-T3,T4,T3,1,1,0,824f6a0c58021480ad341e3b928156f2b62f64fb394d533ee90188cdbb1a6c8b,9cc804612d5843f079e7f55b370f0a2a77ff3e7528cedd38fb1c5ba3eea07a1f
b,218,REPLAN_ON_RESTRICTION,f5a38f32c59d1f428734c538a3645c924a88332890fc0c526a70cbb4d86658cc,ROOM_RESTRICTED,1,"[""ROOM_RESTRICTED""]","[""RESTRICTED""]",false,0,Inspect Valve 7 and replan if a room becomes restricted.,results/indicative-twin-hierarchy-b/raw/cases.jsonl,T3-T2,T3,T2,1,0,1,c79bfe9f77590b1a8fd2aa57c21843d55081cff2e932ee9950a618e45a93e2a3,7af17113ea10a1476ad7a9b35a26db8d1c049abcc14c71b3e65c3a7cc1462e19
b,218,REPLAN_ON_RESTRICTION,f5a38f32c59d1f428734c538a3645c924a88332890fc0c526a70cbb4d86658cc,ROOM_RESTRICTED,1,"[""ROOM_RESTRICTED""]","[""RESTRICTED""]",false,0,Inspect Valve 7 and replan if a room becomes restricted.,results/indicative-twin-hierarchy-b/raw/cases.jsonl,T4-T3,T4,T3,1,1,0,25ddfb17054fc191d61b7eb73a98b76cd2949f6a74954ed8f6466d52ed8ed57b,c79bfe9f77590b1a8fd2aa57c21843d55081cff2e932ee9950a618e45a93e2a3
b,218,STORE_CARRIED_TOOL,bef9112aa9167ee6a8c28ce368db93f6e370d4c896c37b2a14215b441eab8404,NONE,0,[],[],false,0,Find a safe location for the carried tool.,results/indicative-twin-hierarchy-b/raw/cases.jsonl,T3-T2,T3,T2,1,1,0,81983411975800f5ba76f68bd356d148b88f3bdfd2bce7a87d352aa09decc6c4,81c4b1747406d1e5c8783ffc018f8dfe149b17dcb4a45313fa9238f13b8c6a1c
b,218,STORE_CARRIED_TOOL,bef9112aa9167ee6a8c28ce368db93f6e370d4c896c37b2a14215b441eab8404,NONE,0,[],[],false,0,Find a safe location for the carried tool.,results/indicative-twin-hierarchy-b/raw/cases.jsonl,T4-T3,T4,T3,1,1,0,282c03567a98cddf740ca04df4edc05c8662b5825b47058ac26d10888601d505,81983411975800f5ba76f68bd356d148b88f3bdfd2bce7a87d352aa09decc6c4
b,219,INSPECT_NEAREST_COOLANT,8381e274f3fde8ced67b5fe561c0faebf09d0e6f9860a0552a15b1e2fc4cb03d,NONE,0,[],[],true,1,Safely inspect the nearest coolant valve without entering a restricted room.,results/indicative-twin-hierarchy-b/raw/cases.jsonl,T3-T2,T3,T2,1,1,0,57d03cf926fa699940b638ce4b74c2710739d180332b789cb53b987f27f6f69a,0ea701513fae35ac761cefda2134b62beada86522ef209de37d909e817e5278c
b,219,INSPECT_NEAREST_COOLANT,8381e274f3fde8ced67b5fe561c0faebf09d0e6f9860a0552a15b1e2fc4cb03d,NONE,0,[],[],true,1,Safely inspect the nearest coolant valve without entering a restricted room.,results/indicative-twin-hierarchy-b/raw/cases.jsonl,T4-T3,T4,T3,1,1,0,980172a5d996c173665ef4b6df4b43d1a76a9e2ed0cff3764e2db8fe83d5ae90,57d03cf926fa699940b638ce4b74c2710739d180332b789cb53b987f27f6f69a
b,219,INSPECT_VALVE7_WITH_ALTERNATE,3fce9d7eb3c06f689a34fd79d9c169190a6e70baf708abb84a604747f938bfbd,NONE,0,[],[],false,0,"Safely inspect Valve 7; if Door 3 is unavailable, use another route.",results/indicative-twin-hierarchy-b/raw/cases.jsonl,T3-T2,T3,T2,1,1,0,c5149c326eca749b9717ce0489a7d693c4087d5fcbb699b3e3a592f3eb8c1de4,a3f543180633d329b8fd33f0b124c00ee9faa0ed6980db07045291e908322bd6
b,219,INSPECT_VALVE7_WITH_ALTERNATE,3fce9d7eb3c06f689a34fd79d9c169190a6e70baf708abb84a604747f938bfbd,NONE,0,[],[],false,0,"Safely inspect Valve 7; if Door 3 is unavailable, use another route.",results/indicative-twin-hierarchy-b/raw/cases.jsonl,T4-T3,T4,T3,1,1,0,dea3902c447425d12e39c906213b9ff073771d1e21a66a161a48980c14bcfb68,c5149c326eca749b9717ce0489a7d693c4087d5fcbb699b3e3a592f3eb8c1de4
b,219,REACH_PUMP2_WITH_RECHARGE,1026d5ec6b5daf1d322ac3219cfc4a247bf9595a8b5327a321f726dbc2ff1904,NONE,0,[],[],true,1,"Reach Pump 2, but recharge first if estimated battery is insufficient.",results/indicative-twin-hierarchy-b/raw/cases.jsonl,T3-T2,T3,T2,1,1,0,e84919a989425208f20a1a2177940e03790aba54a488b78d69773c85e712c420,73e3ab4518bbdc3e86e2176f7c4985448943fc10ffc1ec4c7fa271928eb77f9a
b,219,REACH_PUMP2_WITH_RECHARGE,1026d5ec6b5daf1d322ac3219cfc4a247bf9595a8b5327a321f726dbc2ff1904,NONE,0,[],[],true,1,"Reach Pump 2, but recharge first if estimated battery is insufficient.",results/indicative-twin-hierarchy-b/raw/cases.jsonl,T4-T3,T4,T3,1,1,0,f19b8f9c87c38d115321af36247f4d2c3ca830a9363371a34111ed3fffc5fb58,e84919a989425208f20a1a2177940e03790aba54a488b78d69773c85e712c420
b,219,REPLAN_ON_RESTRICTION,1353dd3eeb2d1253d061c08b0d26036c3189035b73f9f6861b71bfd64ec432e9,ROOM_RESTRICTED,1,"[""ROOM_RESTRICTED""]","[""RESTRICTED""]",true,1,Safely inspect Valve 7 and replan if a room becomes restricted.,results/indicative-twin-hierarchy-b/raw/cases.jsonl,T3-T2,T3,T2,1,0,1,778f05efaed049e2cfd0b9e79fbd247af42c32f2b4aae2854135923c5261d69e,786006f9005b87056e8c09ac5d6c11b9cb29829c59418184db8423adbfafd687
b,219,REPLAN_ON_RESTRICTION,1353dd3eeb2d1253d061c08b0d26036c3189035b73f9f6861b71bfd64ec432e9,ROOM_RESTRICTED,1,"[""ROOM_RESTRICTED""]","[""RESTRICTED""]",true,1,Safely inspect Valve 7 and replan if a room becomes restricted.,results/indicative-twin-hierarchy-b/raw/cases.jsonl,T4-T3,T4,T3,1,1,0,fb28fc1d64d8427f89c4b9147bacd32142a56ffd02e055c2cde7e160eec32e4f,778f05efaed049e2cfd0b9e79fbd247af42c32f2b4aae2854135923c5261d69e
b,219,STORE_CARRIED_TOOL,47f76da77083c3fb86077338f4e447dea9ac8c7a340580d7d70e11adae04f921,NONE,0,[],[],false,0,Find a safe location for the carried tool.,results/indicative-twin-hierarchy-b/raw/cases.jsonl,T3-T2,T3,T2,1,1,0,84acea329560a33ea8fd639b649ddf51dcd8ade28548156adfd6768d785a1d8c,b20b6c4242fcdce2461af09fed042ee3e4a355d69f051bd7d8a6872d7f05a4f2
b,219,STORE_CARRIED_TOOL,47f76da77083c3fb86077338f4e447dea9ac8c7a340580d7d70e11adae04f921,NONE,0,[],[],false,0,Find a safe location for the carried tool.,results/indicative-twin-hierarchy-b/raw/cases.jsonl,T4-T3,T4,T3,1,1,0,8e17f8f0c71c71faf1b438fe5f82480c7951162ed03ffb5e4b39342f1969eb6f,84acea329560a33ea8fd639b649ddf51dcd8ade28548156adfd6768d785a1d8c
b,220,INSPECT_NEAREST_COOLANT,3b5a7450d9232ca1f1350c49302a70173a78d5bad9f423489cb46da8b7fdc756,INSTRUCTION_CHANGED+ROUTE_BLOCKED,2,"[""ROUTE_BLOCKED"",""INSTRUCTION_CHANGED""]","[""UNAVAILABLE"",""AVOID_ROOM:ElectricalRoom""]",true,1,Inspect the nearest coolant valve without entering a restricted room.,results/indicative-twin-hierarchy-b/raw/cases.jsonl,T3-T2,T3,T2,1,0,1,9042e8df26065821a053064b55d196a9717bdf7c3d6edeeb49933fd9e04672e0,380f33f5a5920a56ce31596e3d70a1925253a058bb94b73cb015c367cc8f0f15
b,220,INSPECT_NEAREST_COOLANT,3b5a7450d9232ca1f1350c49302a70173a78d5bad9f423489cb46da8b7fdc756,INSTRUCTION_CHANGED+ROUTE_BLOCKED,2,"[""ROUTE_BLOCKED"",""INSTRUCTION_CHANGED""]","[""UNAVAILABLE"",""AVOID_ROOM:ElectricalRoom""]",true,1,Inspect the nearest coolant valve without entering a restricted room.,results/indicative-twin-hierarchy-b/raw/cases.jsonl,T4-T3,T4,T3,1,1,0,8f2e63d458a99334a4c35e2ade606ec69bc66a0b66ec564e4bd096d13ceb3cf3,9042e8df26065821a053064b55d196a9717bdf7c3d6edeeb49933fd9e04672e0
b,220,INSPECT_VALVE7_WITH_ALTERNATE,7c2c340613f61518bd2f065b018a0de06e482418fae557f137c4df9ff8e99d53,INSTRUCTION_CHANGED+ROUTE_BLOCKED,2,"[""ROUTE_BLOCKED"",""INSTRUCTION_CHANGED""]","[""UNAVAILABLE"",""AVOID_ROOM:ElectricalRoom""]",false,0,"Inspect Valve 7; if Door 3 is unavailable, use another route.",results/indicative-twin-hierarchy-b/raw/cases.jsonl,T3-T2,T3,T2,0,0,0,ed84a46d6e88d4c566e50c859bb45c2d54d4b4949a40b6c1e946d5ae6f7b47c8,fcde32ee8e7975888d39f7fa3e26c7e912df73fa016b8cfa7014ecbc4337b216
b,220,INSPECT_VALVE7_WITH_ALTERNATE,7c2c340613f61518bd2f065b018a0de06e482418fae557f137c4df9ff8e99d53,INSTRUCTION_CHANGED+ROUTE_BLOCKED,2,"[""ROUTE_BLOCKED"",""INSTRUCTION_CHANGED""]","[""UNAVAILABLE"",""AVOID_ROOM:ElectricalRoom""]",false,0,"Inspect Valve 7; if Door 3 is unavailable, use another route.",results/indicative-twin-hierarchy-b/raw/cases.jsonl,T4-T3,T4,T3,0,0,0,da4f4624f7f8cedfa2514dd955555258063981b2bf86bd33a6ece3222c7e5e73,ed84a46d6e88d4c566e50c859bb45c2d54d4b4949a40b6c1e946d5ae6f7b47c8
b,220,REACH_PUMP2_WITH_RECHARGE,b322617879c744a67c013134dbe72fda7451e7a732a11cc1f6c2796a751938f0,INSTRUCTION_CHANGED+ROUTE_BLOCKED,2,"[""ROUTE_BLOCKED"",""INSTRUCTION_CHANGED""]","[""UNAVAILABLE"",""AVOID_ROOM:ElectricalRoom""]",false,0,"Reach Pump 2, but recharge first if estimated battery is insufficient.",results/indicative-twin-hierarchy-b/raw/cases.jsonl,T3-T2,T3,T2,1,1,0,8b838ff4bc87a58e2fe2907fc8d2cfaff244b16188e17345daf829ea2b7b5b41,eaf0277f1c31a4facad7ef0578d1a2688c1781f9d85ae7b800e4d5182c87ebd9
b,220,REACH_PUMP2_WITH_RECHARGE,b322617879c744a67c013134dbe72fda7451e7a732a11cc1f6c2796a751938f0,INSTRUCTION_CHANGED+ROUTE_BLOCKED,2,"[""ROUTE_BLOCKED"",""INSTRUCTION_CHANGED""]","[""UNAVAILABLE"",""AVOID_ROOM:ElectricalRoom""]",false,0,"Reach Pump 2, but recharge first if estimated battery is insufficient.",results/indicative-twin-hierarchy-b/raw/cases.jsonl,T4-T3,T4,T3,1,1,0,732f9efd76faecf882019021a43901935e20e978eee075afb2cd874bd36672c7,8b838ff4bc87a58e2fe2907fc8d2cfaff244b16188e17345daf829ea2b7b5b41
b,220,REPLAN_ON_RESTRICTION,4babe30c2d61714c4929c4e9df4839810688bd8dac211fc9db83a885560f17b3,INSTRUCTION_CHANGED+ROOM_RESTRICTED,2,"[""INSTRUCTION_CHANGED"",""ROOM_RESTRICTED""]","[""AVOID_ROOM:ElectricalRoom"",""RESTRICTED""]",true,1,Inspect Valve 7 and replan if a room becomes restricted.,results/indicative-twin-hierarchy-b/raw/cases.jsonl,T3-T2,T3,T2,0,0,0,274fe7eeb6a5da07196e4594b9cda0e42e12fc6c0058c879f6fe3b64a4da80b3,019a44800655e8d732b9b91033be8a17a0a554302716112c958702b7628ee652
b,220,REPLAN_ON_RESTRICTION,4babe30c2d61714c4929c4e9df4839810688bd8dac211fc9db83a885560f17b3,INSTRUCTION_CHANGED+ROOM_RESTRICTED,2,"[""INSTRUCTION_CHANGED"",""ROOM_RESTRICTED""]","[""AVOID_ROOM:ElectricalRoom"",""RESTRICTED""]",true,1,Inspect Valve 7 and replan if a room becomes restricted.,results/indicative-twin-hierarchy-b/raw/cases.jsonl,T4-T3,T4,T3,0,0,0,e99ebd1d8dbfdcece543f6b34ff7258d011df66942dcf84f7a47241fb8f833c2,274fe7eeb6a5da07196e4594b9cda0e42e12fc6c0058c879f6fe3b64a4da80b3
b,220,STORE_CARRIED_TOOL,b827952ac08fb81deb706f8afd5badca50bebeaba9aad0da9705da3eca2d037d,INSTRUCTION_CHANGED,1,"[""INSTRUCTION_CHANGED""]","[""AVOID_ROOM:ElectricalRoom""]",false,0,Find a safe location for the carried tool.,results/indicative-twin-hierarchy-b/raw/cases.jsonl,T3-T2,T3,T2,1,1,0,995dad5d90ea27ded03d2ec4b7acd4bbedec390a0075d8a5831a0739e6ad970d,6b21684660a4db54c6f8f124a837c633317e6f3f215560c1e3527b30979f9d57
b,220,STORE_CARRIED_TOOL,b827952ac08fb81deb706f8afd5badca50bebeaba9aad0da9705da3eca2d037d,INSTRUCTION_CHANGED,1,"[""INSTRUCTION_CHANGED""]","[""AVOID_ROOM:ElectricalRoom""]",false,0,Find a safe location for the carried tool.,results/indicative-twin-hierarchy-b/raw/cases.jsonl,T4-T3,T4,T3,1,1,0,57026fdd634264b8627dafcd99ec4e6a598467473a532b5f5687f05b4021b263,995dad5d90ea27ded03d2ec4b7acd4bbedec390a0075d8a5831a0739e6ad970d
b,221,INSPECT_NEAREST_COOLANT,6ed5bea39b1544c12f1f0d905d7b26cb0ed2b2b8d08e443881091b7ed6646ba8,ROUTE_BLOCKED,1,"[""ROUTE_BLOCKED""]","[""UNAVAILABLE""]",true,1,Safely inspect the nearest coolant valve without entering a restricted room.,results/indicative-twin-hierarchy-b/raw/cases.jsonl,T3-T2,T3,T2,1,1,0,c7b3a5f540eccda1ef146cdc75ee50c560cb4b7ba26874558e24abf7d8fc2f09,533ec337990c5082871c1e8b1fdf614e1de85cb6df0c5762ae304226b4f38ae5
b,221,INSPECT_NEAREST_COOLANT,6ed5bea39b1544c12f1f0d905d7b26cb0ed2b2b8d08e443881091b7ed6646ba8,ROUTE_BLOCKED,1,"[""ROUTE_BLOCKED""]","[""UNAVAILABLE""]",true,1,Safely inspect the nearest coolant valve without entering a restricted room.,results/indicative-twin-hierarchy-b/raw/cases.jsonl,T4-T3,T4,T3,1,1,0,74c1afaef081caceb4f846295249957aa13bd4fa563485ebf66b3c2a6dd646de,c7b3a5f540eccda1ef146cdc75ee50c560cb4b7ba26874558e24abf7d8fc2f09
b,221,INSPECT_VALVE7_WITH_ALTERNATE,e55e893a92de8acc2d33091a8b809df7ad6c0cf760ca1cfd558219de2f76d389,NONE,0,[],[],false,0,"Safely inspect Valve 7; if Door 3 is unavailable, use another route.",results/indicative-twin-hierarchy-b/raw/cases.jsonl,T3-T2,T3,T2,1,1,0,508b534529f01aa61ad8288307eaa8237f1c6c07574b93fe20c6c613bb7e647e,efa9fe803918677f7329b518929c3b5a8391a922a69b93108c11ff687e3049cb
b,221,INSPECT_VALVE7_WITH_ALTERNATE,e55e893a92de8acc2d33091a8b809df7ad6c0cf760ca1cfd558219de2f76d389,NONE,0,[],[],false,0,"Safely inspect Valve 7; if Door 3 is unavailable, use another route.",results/indicative-twin-hierarchy-b/raw/cases.jsonl,T4-T3,T4,T3,1,1,0,6bddd7ddad9836ead43f9d888a2382e5b20a192dcfa8275922bf9b8dcac8206e,508b534529f01aa61ad8288307eaa8237f1c6c07574b93fe20c6c613bb7e647e
b,221,REACH_PUMP2_WITH_RECHARGE,48946f3827737e89eef2c5c3c3928873e8ed9d2264c83eff441c5ffd4b3d10f9,NONE,0,[],[],false,0,"Reach Pump 2, but recharge first if estimated battery is insufficient.",results/indicative-twin-hierarchy-b/raw/cases.jsonl,T3-T2,T3,T2,1,0,1,ac4e717b5c43120d389435bf5cdcb51cd180d7ece33d6b2e3a033034a9dcd508,1838b64a98dcb2bc810e8c28e9fe5745651774eb8298487871bb92578d29b53a
b,221,REACH_PUMP2_WITH_RECHARGE,48946f3827737e89eef2c5c3c3928873e8ed9d2264c83eff441c5ffd4b3d10f9,NONE,0,[],[],false,0,"Reach Pump 2, but recharge first if estimated battery is insufficient.",results/indicative-twin-hierarchy-b/raw/cases.jsonl,T4-T3,T4,T3,1,1,0,747d98ce9fbb70622efe5c0f08e3cf06ce07985eefab3c3b923868393a6e6699,ac4e717b5c43120d389435bf5cdcb51cd180d7ece33d6b2e3a033034a9dcd508
b,221,REPLAN_ON_RESTRICTION,b25f04a65ae10e6e4a7942fa8e1011bbaa4f77b2a5223b1e291ec7e0a561860c,ROOM_RESTRICTED+ROUTE_BLOCKED,2,"[""ROUTE_BLOCKED"",""ROOM_RESTRICTED""]","[""UNAVAILABLE"",""RESTRICTED""]",false,0,Safely inspect Valve 7 and replan if a room becomes restricted.,results/indicative-twin-hierarchy-b/raw/cases.jsonl,T3-T2,T3,T2,1,0,1,b58452aad65cf502d9b1012710259bb72dab9dd3ccfe0e60357c9650f20909ce,1e279c2328605fe8630cc1658cb66d5816ab3a052c1ff54cb3cf047b7d21723f
b,221,REPLAN_ON_RESTRICTION,b25f04a65ae10e6e4a7942fa8e1011bbaa4f77b2a5223b1e291ec7e0a561860c,ROOM_RESTRICTED+ROUTE_BLOCKED,2,"[""ROUTE_BLOCKED"",""ROOM_RESTRICTED""]","[""UNAVAILABLE"",""RESTRICTED""]",false,0,Safely inspect Valve 7 and replan if a room becomes restricted.,results/indicative-twin-hierarchy-b/raw/cases.jsonl,T4-T3,T4,T3,1,1,0,922680281ee184dc2820c8b902e2d918d778402ea9e3c1ce68b3776b82b027b1,b58452aad65cf502d9b1012710259bb72dab9dd3ccfe0e60357c9650f20909ce
b,221,STORE_CARRIED_TOOL,ae9012f268f9f94f9b9cf171253ac4701fe9fd96b7326253d61aa92ccfe405fb,NONE,0,[],[],true,1,Find a safe location for the carried tool.,results/indicative-twin-hierarchy-b/raw/cases.jsonl,T3-T2,T3,T2,1,0,1,7e08005232d82d9d9bf0fde899553196fd0ad229595b67b9eeff2421a12e83ef,430d20b94df82a24775c471c23967a5027a70435b61f07fefe387625f039def6
b,221,STORE_CARRIED_TOOL,ae9012f268f9f94f9b9cf171253ac4701fe9fd96b7326253d61aa92ccfe405fb,NONE,0,[],[],true,1,Find a safe location for the carried tool.,results/indicative-twin-hierarchy-b/raw/cases.jsonl,T4-T3,T4,T3,1,1,0,4dc751969a1a1137198e3547ba9079b73dfdda390e59f72fdcd692af9b186bbd,7e08005232d82d9d9bf0fde899553196fd0ad229595b67b9eeff2421a12e83ef
b,222,INSPECT_NEAREST_COOLANT,4daf70a158254e3e69f2a0d889310c1713effcd4e51e11f85f089e76650aee42,NONE,0,[],[],true,1,Inspect the nearest coolant valve without entering a restricted room.,results/indicative-twin-hierarchy-b/raw/cases.jsonl,T3-T2,T3,T2,1,1,0,514f2bbf01dd453dda8df24f948897f1be9b0d214a773ffce884b4a33dab4249,b6f9a95ab436cf6c7a01ae58c313998ef2eaafa38b65cad1d4bb0a07d13e6b00
b,222,INSPECT_NEAREST_COOLANT,4daf70a158254e3e69f2a0d889310c1713effcd4e51e11f85f089e76650aee42,NONE,0,[],[],true,1,Inspect the nearest coolant valve without entering a restricted room.,results/indicative-twin-hierarchy-b/raw/cases.jsonl,T4-T3,T4,T3,1,1,0,31e875641a245e3bb2675d15c2e45745e7c5b57928f603ec719b9a49d11988ce,514f2bbf01dd453dda8df24f948897f1be9b0d214a773ffce884b4a33dab4249
b,222,INSPECT_VALVE7_WITH_ALTERNATE,e69fe2e38515e6195cba41aab16ae863342d9bbb5c7546107738155d4e65a3af,NONE,0,[],[],true,1,"Inspect Valve 7; if Door 3 is unavailable, use another route.",results/indicative-twin-hierarchy-b/raw/cases.jsonl,T3-T2,T3,T2,1,1,0,c5335f90c561f0c2966e5c1d61e60d780f502136b4f00bd91d3c88ebe3e1bc96,6cb370aac60324eb294fa06c6dc8f7b5bbba7c7dee2b76e7c2b60742a09bf44e
b,222,INSPECT_VALVE7_WITH_ALTERNATE,e69fe2e38515e6195cba41aab16ae863342d9bbb5c7546107738155d4e65a3af,NONE,0,[],[],true,1,"Inspect Valve 7; if Door 3 is unavailable, use another route.",results/indicative-twin-hierarchy-b/raw/cases.jsonl,T4-T3,T4,T3,1,1,0,ba8721858f2deac8e9f257671ba7a6fb18a49448a55ef70dfcb7d6689d3f1706,c5335f90c561f0c2966e5c1d61e60d780f502136b4f00bd91d3c88ebe3e1bc96
b,222,REACH_PUMP2_WITH_RECHARGE,78c5f9f7dc8f2059200aee3f860f7e6ccc80d90340d2e2ded9e36f3b83d78499,ROUTE_BLOCKED,1,"[""ROUTE_BLOCKED""]","[""UNAVAILABLE""]",false,0,"Reach Pump 2, but recharge first if estimated battery is insufficient.",results/indicative-twin-hierarchy-b/raw/cases.jsonl,T3-T2,T3,T2,0,0,0,0e7b41708d1049e05f77598a8fb85fbbefae3a80159739018b85fdb16e9f5163,b4b6411286132e0acf0722f9f8f6428d3a8c83416938f1497df200ee79c24dd5
b,222,REACH_PUMP2_WITH_RECHARGE,78c5f9f7dc8f2059200aee3f860f7e6ccc80d90340d2e2ded9e36f3b83d78499,ROUTE_BLOCKED,1,"[""ROUTE_BLOCKED""]","[""UNAVAILABLE""]",false,0,"Reach Pump 2, but recharge first if estimated battery is insufficient.",results/indicative-twin-hierarchy-b/raw/cases.jsonl,T4-T3,T4,T3,0,0,0,18e1881351889ad018e635e7a002afb19043800bdbe51752915fe33c7d1fbccf,0e7b41708d1049e05f77598a8fb85fbbefae3a80159739018b85fdb16e9f5163
b,222,REPLAN_ON_RESTRICTION,179ab3acef3fc69f5a7242a44347dab00f2ccaa97408a189a68152ae4d63759c,ROOM_RESTRICTED,1,"[""ROOM_RESTRICTED""]","[""RESTRICTED""]",true,1,Inspect Valve 7 and replan if a room becomes restricted.,results/indicative-twin-hierarchy-b/raw/cases.jsonl,T3-T2,T3,T2,1,0,1,ce1fe369df984a33632625b6d1291659d177dfb89c330a03620213793cfcb669,aafd3b8e9423ded4d5007265c00ba8c22c9becff45faedd4c5b3ee079ecd4357
b,222,REPLAN_ON_RESTRICTION,179ab3acef3fc69f5a7242a44347dab00f2ccaa97408a189a68152ae4d63759c,ROOM_RESTRICTED,1,"[""ROOM_RESTRICTED""]","[""RESTRICTED""]",true,1,Inspect Valve 7 and replan if a room becomes restricted.,results/indicative-twin-hierarchy-b/raw/cases.jsonl,T4-T3,T4,T3,1,1,0,7cdc2ca98695df0e32989ceb6590ba01e7584fce37e2791a5fb31fb4299b4f45,ce1fe369df984a33632625b6d1291659d177dfb89c330a03620213793cfcb669
b,222,STORE_CARRIED_TOOL,07e5632618ad924dcfbacd9bac432153c3e3e867d4d920650bbfdfb74b0c6d63,NONE,0,[],[],true,1,Find a safe location for the carried tool.,results/indicative-twin-hierarchy-b/raw/cases.jsonl,T3-T2,T3,T2,0,0,0,3ed965f0414cc64b2471da3bc087f2553dffc58e8da5dba93bc8775fb1c4f6f4,87dae5802c709cbe31937b8f5b71a6ca159e838994c98b0091e947d90b68053b
b,222,STORE_CARRIED_TOOL,07e5632618ad924dcfbacd9bac432153c3e3e867d4d920650bbfdfb74b0c6d63,NONE,0,[],[],true,1,Find a safe location for the carried tool.,results/indicative-twin-hierarchy-b/raw/cases.jsonl,T4-T3,T4,T3,0,0,0,6e580c75dd40415dd1cb5860c105be5f74ae97b1f0d0fa89f2a6074bf9ed7ac0,3ed965f0414cc64b2471da3bc087f2553dffc58e8da5dba93bc8775fb1c4f6f4
b,223,INSPECT_NEAREST_COOLANT,071f540b0a5e2a2554529c72a457e3c79388d205aa0465331ab1cdd8f749536d,NONE,0,[],[],true,1,Safely inspect the nearest coolant valve without entering a restricted room.,results/indicative-twin-hierarchy-b/raw/cases.jsonl,T3-T2,T3,T2,0,0,0,2ff1dfbd34edd8a5ca0895fc2a71845acb45649f5107612fa7f13594e6e9b59e,e8684a0d7656e05c97255c5958e16ed9cd8f3d2bfcc144d5450f67f33e3a35c7
b,223,INSPECT_NEAREST_COOLANT,071f540b0a5e2a2554529c72a457e3c79388d205aa0465331ab1cdd8f749536d,NONE,0,[],[],true,1,Safely inspect the nearest coolant valve without entering a restricted room.,results/indicative-twin-hierarchy-b/raw/cases.jsonl,T4-T3,T4,T3,0,0,0,ce7277dcf7f206281149c7977fade82cc80de0c36b43044d258e8eea24a3694f,2ff1dfbd34edd8a5ca0895fc2a71845acb45649f5107612fa7f13594e6e9b59e
b,223,INSPECT_VALVE7_WITH_ALTERNATE,5ce9ef5244f97c3c9109b302566f6ae51a29810eb73b5fad1a5d785f4efd17ff,NONE,0,[],[],true,1,"Safely inspect Valve 7; if Door 3 is unavailable, use another route.",results/indicative-twin-hierarchy-b/raw/cases.jsonl,T3-T2,T3,T2,1,0,1,155bc44b9e8c018024278285ef8ff2e5bcef308def66c357ec3a180a2fc9ee0a,0afb40ed3afbd31583a095f2893707f22a48ba798c0e7475e3fa66f3dac9a2d8
b,223,INSPECT_VALVE7_WITH_ALTERNATE,5ce9ef5244f97c3c9109b302566f6ae51a29810eb73b5fad1a5d785f4efd17ff,NONE,0,[],[],true,1,"Safely inspect Valve 7; if Door 3 is unavailable, use another route.",results/indicative-twin-hierarchy-b/raw/cases.jsonl,T4-T3,T4,T3,1,1,0,3d05c0a716a6d74b7e256aa03e7c2b26997d1b8b622e589498d76aaa7ae62ae1,155bc44b9e8c018024278285ef8ff2e5bcef308def66c357ec3a180a2fc9ee0a
b,223,REACH_PUMP2_WITH_RECHARGE,7167e75af2c0ff21ac46d848c1735f812e9b8bc1da390c703084f11a16a346f2,ROUTE_BLOCKED,1,"[""ROUTE_BLOCKED""]","[""UNAVAILABLE""]",false,0,"Reach Pump 2, but recharge first if estimated battery is insufficient.",results/indicative-twin-hierarchy-b/raw/cases.jsonl,T3-T2,T3,T2,0,0,0,b1840fa3e45f3db9edcfd58791dfeaf09793986769d4ffb42d5cb35e24811008,b05759ffc7793c6676d29dc7f3207a13bf1e0e7421c4821186c83d2b31aef245
b,223,REACH_PUMP2_WITH_RECHARGE,7167e75af2c0ff21ac46d848c1735f812e9b8bc1da390c703084f11a16a346f2,ROUTE_BLOCKED,1,"[""ROUTE_BLOCKED""]","[""UNAVAILABLE""]",false,0,"Reach Pump 2, but recharge first if estimated battery is insufficient.",results/indicative-twin-hierarchy-b/raw/cases.jsonl,T4-T3,T4,T3,0,0,0,82fb28d2df9b0c7067c7276274f34ad5cf4cf3f7a357ae86b670e8cb20636dd6,b1840fa3e45f3db9edcfd58791dfeaf09793986769d4ffb42d5cb35e24811008
b,223,REPLAN_ON_RESTRICTION,f17df238402f9d57e1cd07095f032855d3afc7007f57da12979a1b2691115379,ROOM_RESTRICTED,1,"[""ROOM_RESTRICTED""]","[""RESTRICTED""]",false,0,Safely inspect Valve 7 and replan if a room becomes restricted.,results/indicative-twin-hierarchy-b/raw/cases.jsonl,T3-T2,T3,T2,1,0,1,1d50fbb11bc020465ba2f5208351ff4da6f4c5d49bdb4fc550980b34780c04a7,e7b03bd691d12bf1df6a227e3f4ccb88b297615e3922d02fa69f7bd13311ee51
b,223,REPLAN_ON_RESTRICTION,f17df238402f9d57e1cd07095f032855d3afc7007f57da12979a1b2691115379,ROOM_RESTRICTED,1,"[""ROOM_RESTRICTED""]","[""RESTRICTED""]",false,0,Safely inspect Valve 7 and replan if a room becomes restricted.,results/indicative-twin-hierarchy-b/raw/cases.jsonl,T4-T3,T4,T3,1,1,0,21807a95cd877f6cb3b2296b4b2b73ca9a1514f043dd2b012cf02e2f64cae2e3,1d50fbb11bc020465ba2f5208351ff4da6f4c5d49bdb4fc550980b34780c04a7
b,223,STORE_CARRIED_TOOL,f916316b30fb234d7e2a1c3bd12589d4e04b47d1903d9a6a44529656c3c38854,NONE,0,[],[],true,1,Find a safe location for the carried tool.,results/indicative-twin-hierarchy-b/raw/cases.jsonl,T3-T2,T3,T2,1,0,1,69e48f6b2f343f2cd03b2f58809de11cb5fec7032760c39686b4ee90c5cef06d,59be97a26da2d98af586fa10b6d215ef2764dc6f984169b3de4d3c384c1cb690
b,223,STORE_CARRIED_TOOL,f916316b30fb234d7e2a1c3bd12589d4e04b47d1903d9a6a44529656c3c38854,NONE,0,[],[],true,1,Find a safe location for the carried tool.,results/indicative-twin-hierarchy-b/raw/cases.jsonl,T4-T3,T4,T3,1,1,0,c6c48d6e293447407cb487ba75b430c5bcd8072c0119f40f91fbec2d73c6d680,69e48f6b2f343f2cd03b2f58809de11cb5fec7032760c39686b4ee90c5cef06d
b,224,INSPECT_NEAREST_COOLANT,5aa7ad1f17ad15d67c28dbd6fd5a1e13964a6185249dc33e51cef8f8fc3e99e0,NONE,0,[],[],true,1,Inspect the nearest coolant valve without entering a restricted room.,results/indicative-twin-hierarchy-b/raw/cases.jsonl,T3-T2,T3,T2,0,0,0,2b89e316f3a03f55f9bd7fd2b0752373d957a14afc667cc61584be74746e1bcc,c9a49455013423af97e3a8b1ccd83e357c25d981393e704da5981757f9b7a98e
b,224,INSPECT_NEAREST_COOLANT,5aa7ad1f17ad15d67c28dbd6fd5a1e13964a6185249dc33e51cef8f8fc3e99e0,NONE,0,[],[],true,1,Inspect the nearest coolant valve without entering a restricted room.,results/indicative-twin-hierarchy-b/raw/cases.jsonl,T4-T3,T4,T3,0,0,0,81f8d84a8b5962a671dd7681faa49a503e9d67f76860e58076eb54103934d7d5,2b89e316f3a03f55f9bd7fd2b0752373d957a14afc667cc61584be74746e1bcc
b,224,INSPECT_VALVE7_WITH_ALTERNATE,d190a988f11d432914c31419d13393bc7567fad42977988e33fe8a67fc5146b3,NONE,0,[],[],true,1,"Inspect Valve 7; if Door 3 is unavailable, use another route.",results/indicative-twin-hierarchy-b/raw/cases.jsonl,T3-T2,T3,T2,1,1,0,86d30b1872ba1ed28b12d7b387dcffd179c77eb8ac856bcac8da983295beaead,93981e9ad0235952e13a4d9954ac39c2fa2bd683ecb925d24fa39b9878f1b34a
b,224,INSPECT_VALVE7_WITH_ALTERNATE,d190a988f11d432914c31419d13393bc7567fad42977988e33fe8a67fc5146b3,NONE,0,[],[],true,1,"Inspect Valve 7; if Door 3 is unavailable, use another route.",results/indicative-twin-hierarchy-b/raw/cases.jsonl,T4-T3,T4,T3,1,1,0,6cc7b2e7442361ea09230d61d7907de72a69282313992b6222efe3f7c9ecf3d9,86d30b1872ba1ed28b12d7b387dcffd179c77eb8ac856bcac8da983295beaead
b,224,REACH_PUMP2_WITH_RECHARGE,4e0f78ae29cf9d07a72b96846369e66713ee91a08ee577110c34e2b8e970bf3d,ROUTE_BLOCKED,1,"[""ROUTE_BLOCKED""]","[""UNAVAILABLE""]",false,0,"Reach Pump 2, but recharge first if estimated battery is insufficient.",results/indicative-twin-hierarchy-b/raw/cases.jsonl,T3-T2,T3,T2,1,1,0,c1fe6833571ff22875e046c6bb59e82d6d018d1695d76bf12399213efffab987,9022d7e087c19850c55f322c90e42c9dbdb29d0e75ea6d8b416bacd2eca7b0c9
b,224,REACH_PUMP2_WITH_RECHARGE,4e0f78ae29cf9d07a72b96846369e66713ee91a08ee577110c34e2b8e970bf3d,ROUTE_BLOCKED,1,"[""ROUTE_BLOCKED""]","[""UNAVAILABLE""]",false,0,"Reach Pump 2, but recharge first if estimated battery is insufficient.",results/indicative-twin-hierarchy-b/raw/cases.jsonl,T4-T3,T4,T3,1,1,0,a99b1f9532b69857bef5eadd3f2d26046b12d691dd96dda61dd09171d2104f69,c1fe6833571ff22875e046c6bb59e82d6d018d1695d76bf12399213efffab987
b,224,REPLAN_ON_RESTRICTION,c71bed440ca136f3137f39d15ef79a0762a2726159eb89e12432e54d83614dbe,ROOM_RESTRICTED,1,"[""ROOM_RESTRICTED""]","[""RESTRICTED""]",true,1,Inspect Valve 7 and replan if a room becomes restricted.,results/indicative-twin-hierarchy-b/raw/cases.jsonl,T3-T2,T3,T2,1,0,1,12f5849d935360b8d619b30ff078928c2036fcfdaa3994640d8fcfe580d74761,fc39237cbe011cbc3715653d91b5bbbd13570a0b3fed888942338ddab3bf018b
b,224,REPLAN_ON_RESTRICTION,c71bed440ca136f3137f39d15ef79a0762a2726159eb89e12432e54d83614dbe,ROOM_RESTRICTED,1,"[""ROOM_RESTRICTED""]","[""RESTRICTED""]",true,1,Inspect Valve 7 and replan if a room becomes restricted.,results/indicative-twin-hierarchy-b/raw/cases.jsonl,T4-T3,T4,T3,1,1,0,0f07ff38e0ef9cdcd1c769c6ff37c88a786c9d75904a4c128610423532215e53,12f5849d935360b8d619b30ff078928c2036fcfdaa3994640d8fcfe580d74761
b,224,STORE_CARRIED_TOOL,2b921973e87b67e7ac818a2f35f34f539f11bd7387c8808e9f88aaaf2c86d82b,NONE,0,[],[],true,1,Find a safe location for the carried tool.,results/indicative-twin-hierarchy-b/raw/cases.jsonl,T3-T2,T3,T2,1,0,1,341ed900da796ac57b4a34a1cda616b6ca8487ffd43ea9de2b4ed742a33247e2,253681deee88b25d9100b021cbabdd9e16bf0a703a05b7d77dd3f5f07004abf0
b,224,STORE_CARRIED_TOOL,2b921973e87b67e7ac818a2f35f34f539f11bd7387c8808e9f88aaaf2c86d82b,NONE,0,[],[],true,1,Find a safe location for the carried tool.,results/indicative-twin-hierarchy-b/raw/cases.jsonl,T4-T3,T4,T3,1,1,0,c8d03981998cbe1031eae7572fb7309c3f3344b5e8143c2e6083776718ca531d,341ed900da796ac57b4a34a1cda616b6ca8487ffd43ea9de2b4ed742a33247e2
b,225,INSPECT_NEAREST_COOLANT,bf2c9d14b46f0fd95fb3b47cf64a1a9a1ecbe3553ee60284dc93ff977cea01f5,INSTRUCTION_CHANGED+ROUTE_BLOCKED,2,"[""ROUTE_BLOCKED"",""INSTRUCTION_CHANGED""]","[""UNAVAILABLE"",""AVOID_ROOM:ElectricalRoom""]",false,0,Safely inspect the nearest coolant valve without entering a restricted room.,results/indicative-twin-hierarchy-b/raw/cases.jsonl,T3-T2,T3,T2,1,0,1,a723ff43b5ff0722dcb1329313aaa55349c843d8b12e4f5d614bacf3b29248d4,a79f9b4d7106671adebc905e023a57af080bea73fbe421a49eb47b86e53f9e0a
b,225,INSPECT_NEAREST_COOLANT,bf2c9d14b46f0fd95fb3b47cf64a1a9a1ecbe3553ee60284dc93ff977cea01f5,INSTRUCTION_CHANGED+ROUTE_BLOCKED,2,"[""ROUTE_BLOCKED"",""INSTRUCTION_CHANGED""]","[""UNAVAILABLE"",""AVOID_ROOM:ElectricalRoom""]",false,0,Safely inspect the nearest coolant valve without entering a restricted room.,results/indicative-twin-hierarchy-b/raw/cases.jsonl,T4-T3,T4,T3,1,1,0,a0001c179decf542ac4fcb8cc89430624d5f63ed66c68274d7f61079802b504e,a723ff43b5ff0722dcb1329313aaa55349c843d8b12e4f5d614bacf3b29248d4
b,225,INSPECT_VALVE7_WITH_ALTERNATE,deb8f6f8f7943f9066f03c3645dc3d704dbd871dee7eace2425b496238132789,INSTRUCTION_CHANGED,1,"[""INSTRUCTION_CHANGED""]","[""AVOID_ROOM:ElectricalRoom""]",true,2,"Safely inspect Valve 7; if Door 3 is unavailable, use another route.",results/indicative-twin-hierarchy-b/raw/cases.jsonl,T3-T2,T3,T2,0,0,0,53e2260bcdf89585fc7d3a02b8379f312d78f4d5e2c30f0570e6a131bccc03ab,3268689e9c2ece3596e7f24b3699d93eb461f68c4416694b5186e402500fdf32
b,225,INSPECT_VALVE7_WITH_ALTERNATE,deb8f6f8f7943f9066f03c3645dc3d704dbd871dee7eace2425b496238132789,INSTRUCTION_CHANGED,1,"[""INSTRUCTION_CHANGED""]","[""AVOID_ROOM:ElectricalRoom""]",true,2,"Safely inspect Valve 7; if Door 3 is unavailable, use another route.",results/indicative-twin-hierarchy-b/raw/cases.jsonl,T4-T3,T4,T3,0,0,0,6fb947b3ee3f034f4b9831faf9571134f1fdc0588f49b02525669eda19cb0e72,53e2260bcdf89585fc7d3a02b8379f312d78f4d5e2c30f0570e6a131bccc03ab
b,225,REACH_PUMP2_WITH_RECHARGE,845acc0ea712810cbffac364f91667c46da2ddffc28280d0af9b3693c6b599b6,INSTRUCTION_CHANGED,1,"[""INSTRUCTION_CHANGED""]","[""AVOID_ROOM:ElectricalRoom""]",false,0,"Reach Pump 2, but recharge first if estimated battery is insufficient.",results/indicative-twin-hierarchy-b/raw/cases.jsonl,T3-T2,T3,T2,1,0,1,89abcefc7c4f56eff64be6ac78e386b1937367bebfcba0fa5f6e33b1e8e50f2d,eff4218997d85f9fcee6fb08bcfd03fe9f7a64743c8b1d07ad10af24fb573836
b,225,REACH_PUMP2_WITH_RECHARGE,845acc0ea712810cbffac364f91667c46da2ddffc28280d0af9b3693c6b599b6,INSTRUCTION_CHANGED,1,"[""INSTRUCTION_CHANGED""]","[""AVOID_ROOM:ElectricalRoom""]",false,0,"Reach Pump 2, but recharge first if estimated battery is insufficient.",results/indicative-twin-hierarchy-b/raw/cases.jsonl,T4-T3,T4,T3,1,1,0,f3d932f6c7396d1807e45469a0a3a624a9d4741396a6d405d57c2aeb22d864b4,89abcefc7c4f56eff64be6ac78e386b1937367bebfcba0fa5f6e33b1e8e50f2d
b,225,REPLAN_ON_RESTRICTION,e49f8554271e4791bb1b2ffbb11e40a849ccbcfd43e4a24ffd64c68f52542917,INSTRUCTION_CHANGED+ROOM_RESTRICTED+ROUTE_BLOCKED,3,"[""ROUTE_BLOCKED"",""INSTRUCTION_CHANGED"",""ROOM_RESTRICTED""]","[""UNAVAILABLE"",""AVOID_ROOM:ElectricalRoom"",""RESTRICTED""]",true,1,Safely inspect Valve 7 and replan if a room becomes restricted.,results/indicative-twin-hierarchy-b/raw/cases.jsonl,T3-T2,T3,T2,0,0,0,84736f3c0a5d7e871f1588207d30f7932892c932655b752c241a53a92447baa7,da33eda5c7ece90788a9d36b9ee6cce73f4f9dc680b6b792a2fa80ed94cf0bd2
b,225,REPLAN_ON_RESTRICTION,e49f8554271e4791bb1b2ffbb11e40a849ccbcfd43e4a24ffd64c68f52542917,INSTRUCTION_CHANGED+ROOM_RESTRICTED+ROUTE_BLOCKED,3,"[""ROUTE_BLOCKED"",""INSTRUCTION_CHANGED"",""ROOM_RESTRICTED""]","[""UNAVAILABLE"",""AVOID_ROOM:ElectricalRoom"",""RESTRICTED""]",true,1,Safely inspect Valve 7 and replan if a room becomes restricted.,results/indicative-twin-hierarchy-b/raw/cases.jsonl,T4-T3,T4,T3,0,0,0,d34549f306dd6bdcc0c8179d44cb29eebeb4e90a4bc85f143a54ca75699d22b2,84736f3c0a5d7e871f1588207d30f7932892c932655b752c241a53a92447baa7
b,225,STORE_CARRIED_TOOL,467236b6769a78c04fab565d2d905547d1c201c01755b71cb658a1b97ede0365,INSTRUCTION_CHANGED,1,"[""INSTRUCTION_CHANGED""]","[""AVOID_ROOM:ElectricalRoom""]",true,1,Find a safe location for the carried tool.,results/indicative-twin-hierarchy-b/raw/cases.jsonl,T3-T2,T3,T2,1,1,0,67b0160f576c968d46fa825a28eecef166c1f213ea6991729c776b66d79de91a,6c7286f9b8c864c3612a39ceb7a6b9896dc2d9830c95f399787e96afdea8c548
b,225,STORE_CARRIED_TOOL,467236b6769a78c04fab565d2d905547d1c201c01755b71cb658a1b97ede0365,INSTRUCTION_CHANGED,1,"[""INSTRUCTION_CHANGED""]","[""AVOID_ROOM:ElectricalRoom""]",true,1,Find a safe location for the carried tool.,results/indicative-twin-hierarchy-b/raw/cases.jsonl,T4-T3,T4,T3,1,1,0,df31e251d4c850b0bf12c0f0ba8915325c43e5db8b84288e827a3f47131cf8b9,67b0160f576c968d46fa825a28eecef166c1f213ea6991729c776b66d79de91a
b,226,INSPECT_NEAREST_COOLANT,2ad4e269a9a918d73b1a784a73572418de71eefbfe186bd40d6dcef2f1afd1ca,NONE,0,[],[],true,1,Inspect the nearest coolant valve without entering a restricted room.,results/indicative-twin-hierarchy-b/raw/cases.jsonl,T3-T2,T3,T2,1,1,0,eeb69cfcfff4f77f875ab90d211dd690642f7b35b9aebe6f2484c1768b6cefec,6fa70a927f8c6b937b8175e411f21adcefd205d4df4630a5d12c155adbd8204b
b,226,INSPECT_NEAREST_COOLANT,2ad4e269a9a918d73b1a784a73572418de71eefbfe186bd40d6dcef2f1afd1ca,NONE,0,[],[],true,1,Inspect the nearest coolant valve without entering a restricted room.,results/indicative-twin-hierarchy-b/raw/cases.jsonl,T4-T3,T4,T3,1,1,0,b0693d02026cf362a04ff9c0c8b984ddb0ceb8386d83c8f8db9b1367cf84b19d,eeb69cfcfff4f77f875ab90d211dd690642f7b35b9aebe6f2484c1768b6cefec
b,226,INSPECT_VALVE7_WITH_ALTERNATE,20458f3d6710f853073bfb1f5e1f5020e79c662ecb97cd82c57d8a8cab474b19,ROUTE_BLOCKED,1,"[""ROUTE_BLOCKED""]","[""UNAVAILABLE""]",false,0,"Inspect Valve 7; if Door 3 is unavailable, use another route.",results/indicative-twin-hierarchy-b/raw/cases.jsonl,T3-T2,T3,T2,1,0,1,776a720b57e8f9d9da33171846d924a620f29948ba4703941923a8fd7c568e39,07ccd0792e14641adf97f93af7d51f7a3e191f45bbcad5576a57b24bf16aea6c
b,226,INSPECT_VALVE7_WITH_ALTERNATE,20458f3d6710f853073bfb1f5e1f5020e79c662ecb97cd82c57d8a8cab474b19,ROUTE_BLOCKED,1,"[""ROUTE_BLOCKED""]","[""UNAVAILABLE""]",false,0,"Inspect Valve 7; if Door 3 is unavailable, use another route.",results/indicative-twin-hierarchy-b/raw/cases.jsonl,T4-T3,T4,T3,1,1,0,17bc7ead1bd8eb988b01e7bc8aebb44f2d150bd4a9bc5198834f35dd98f374ef,776a720b57e8f9d9da33171846d924a620f29948ba4703941923a8fd7c568e39
b,226,REACH_PUMP2_WITH_RECHARGE,54ed5a2764fa1ec972c378725467065f38965460a5d7d0bc2019932a36c9c5d7,NONE,0,[],[],false,0,"Reach Pump 2, but recharge first if estimated battery is insufficient.",results/indicative-twin-hierarchy-b/raw/cases.jsonl,T3-T2,T3,T2,1,0,1,4b44977ef7d925a7b6202a034aca3da91c9ff1b6160d0e70f42b6092f413e5da,49e23d632285506ac409a10691116b6133c12bffeedbb3522b38d6a76ed2bfaf
b,226,REACH_PUMP2_WITH_RECHARGE,54ed5a2764fa1ec972c378725467065f38965460a5d7d0bc2019932a36c9c5d7,NONE,0,[],[],false,0,"Reach Pump 2, but recharge first if estimated battery is insufficient.",results/indicative-twin-hierarchy-b/raw/cases.jsonl,T4-T3,T4,T3,1,1,0,643ad146bc5ca8af895aec8472fca103d7effe29cde0c6d42834c9c53c68d0d1,4b44977ef7d925a7b6202a034aca3da91c9ff1b6160d0e70f42b6092f413e5da
b,226,REPLAN_ON_RESTRICTION,b1202de975391310018f12084f9c63995bd6b3d756fc6b4821f6e9fcd8034055,ROOM_RESTRICTED,1,"[""ROOM_RESTRICTED""]","[""RESTRICTED""]",true,1,Inspect Valve 7 and replan if a room becomes restricted.,results/indicative-twin-hierarchy-b/raw/cases.jsonl,T3-T2,T3,T2,1,0,1,5f236b649ac1cc15d4a25bde8f75cd90d68800ddb46f969265cd7b761b5a1b15,02430b45d1c0a0f08cb60934f1d2d84cd66d06dd86898ac9a527bed3002d257f
b,226,REPLAN_ON_RESTRICTION,b1202de975391310018f12084f9c63995bd6b3d756fc6b4821f6e9fcd8034055,ROOM_RESTRICTED,1,"[""ROOM_RESTRICTED""]","[""RESTRICTED""]",true,1,Inspect Valve 7 and replan if a room becomes restricted.,results/indicative-twin-hierarchy-b/raw/cases.jsonl,T4-T3,T4,T3,1,1,0,ec14689efdf9a9a6a786de82c08d22c82a967aba47dad90bb98829db6ff1a0aa,5f236b649ac1cc15d4a25bde8f75cd90d68800ddb46f969265cd7b761b5a1b15
b,226,STORE_CARRIED_TOOL,30cad568424db491d0370570c00b03b24e56fb8d10ed3136c45d413d9ec449ec,NONE,0,[],[],true,1,Find a safe location for the carried tool.,results/indicative-twin-hierarchy-b/raw/cases.jsonl,T3-T2,T3,T2,1,0,1,36f577a810eccca19813699d0a2253a1be64f9d340eae0768fd929dfa0c282da,6c8ca4e89349f587da1d3e5f775c8443a6523c9323e0d2a1f6689cb3f6734777
b,226,STORE_CARRIED_TOOL,30cad568424db491d0370570c00b03b24e56fb8d10ed3136c45d413d9ec449ec,NONE,0,[],[],true,1,Find a safe location for the carried tool.,results/indicative-twin-hierarchy-b/raw/cases.jsonl,T4-T3,T4,T3,1,1,0,39f0d084fe01c5ce4bf92fc0615ac4c8406a367e901526d74f0401c3e1c76394,36f577a810eccca19813699d0a2253a1be64f9d340eae0768fd929dfa0c282da
b,227,INSPECT_NEAREST_COOLANT,fd0d2512c584f40c998fdf2c0468bc6ee50dce7dfc588006867f08ff7832f799,NONE,0,[],[],false,0,Safely inspect the nearest coolant valve without entering a restricted room.,results/indicative-twin-hierarchy-b/raw/cases.jsonl,T3-T2,T3,T2,1,0,1,300f0dd0d8673ea828a3bc0df4843d981786a0718215e747b057f4dbd96dbf64,3670752d63475a9e946120059366d2c8820ced8bf5ef0fa662afb8950ba4511c
b,227,INSPECT_NEAREST_COOLANT,fd0d2512c584f40c998fdf2c0468bc6ee50dce7dfc588006867f08ff7832f799,NONE,0,[],[],false,0,Safely inspect the nearest coolant valve without entering a restricted room.,results/indicative-twin-hierarchy-b/raw/cases.jsonl,T4-T3,T4,T3,1,1,0,a97e0b4c3e7b0df1161725f84d9ae8499bbd018ac43232709d8771e9e5d75089,300f0dd0d8673ea828a3bc0df4843d981786a0718215e747b057f4dbd96dbf64
b,227,INSPECT_VALVE7_WITH_ALTERNATE,9eafcfee085f6da2953462038c770ce5197ae0b4c35d89e0384c6dfcb57e0b5e,ROUTE_BLOCKED,1,"[""ROUTE_BLOCKED""]","[""UNAVAILABLE""]",false,0,"Safely inspect Valve 7; if Door 3 is unavailable, use another route.",results/indicative-twin-hierarchy-b/raw/cases.jsonl,T3-T2,T3,T2,1,1,0,5fae02152612147f79e9480a0157d454a1c8edc416722e750f09644e38f72f2f,80abbb6bc7139050586e0ac20591a3a19576a04ffbcfa2b4b5a0727340404e22
b,227,INSPECT_VALVE7_WITH_ALTERNATE,9eafcfee085f6da2953462038c770ce5197ae0b4c35d89e0384c6dfcb57e0b5e,ROUTE_BLOCKED,1,"[""ROUTE_BLOCKED""]","[""UNAVAILABLE""]",false,0,"Safely inspect Valve 7; if Door 3 is unavailable, use another route.",results/indicative-twin-hierarchy-b/raw/cases.jsonl,T4-T3,T4,T3,1,1,0,463ea358450810447b41bd4076c1303e8ef15c9922912bd00d853aed238f9ec5,5fae02152612147f79e9480a0157d454a1c8edc416722e750f09644e38f72f2f
b,227,REACH_PUMP2_WITH_RECHARGE,e7d4d217e7164e22853f2047fcc392d63014f26e8a46247c7a017a724e1d9fc3,NONE,0,[],[],false,0,"Reach Pump 2, but recharge first if estimated battery is insufficient.",results/indicative-twin-hierarchy-b/raw/cases.jsonl,T3-T2,T3,T2,1,1,0,ef9009ac275e440f26e9af8ea961a2ad642200738a2a64b189d5ff993648489a,ca0a9bf58df8d0cbcc95d7c58fd4c8012188872f6a431843372d95fa44b6dcf9
b,227,REACH_PUMP2_WITH_RECHARGE,e7d4d217e7164e22853f2047fcc392d63014f26e8a46247c7a017a724e1d9fc3,NONE,0,[],[],false,0,"Reach Pump 2, but recharge first if estimated battery is insufficient.",results/indicative-twin-hierarchy-b/raw/cases.jsonl,T4-T3,T4,T3,1,1,0,1ab580f1f01e7c7e5dcff235b5166ea5958b7217be7a7b82e09b834fe79efec2,ef9009ac275e440f26e9af8ea961a2ad642200738a2a64b189d5ff993648489a
b,227,REPLAN_ON_RESTRICTION,4ec251135a04143b1d0e68b59a01d5d39393dd5fbb7ec604737c717613a72d0f,ROOM_RESTRICTED,1,"[""ROOM_RESTRICTED""]","[""RESTRICTED""]",true,1,Safely inspect Valve 7 and replan if a room becomes restricted.,results/indicative-twin-hierarchy-b/raw/cases.jsonl,T3-T2,T3,T2,1,0,1,24ab1e3d0137e9dab7448689221dc9ed7191afcb36cc546dbe86dc4d54157ae6,3027a0b4fde794f4ef25b16a4304a5534860217383fb22b4749301298ea1f099
b,227,REPLAN_ON_RESTRICTION,4ec251135a04143b1d0e68b59a01d5d39393dd5fbb7ec604737c717613a72d0f,ROOM_RESTRICTED,1,"[""ROOM_RESTRICTED""]","[""RESTRICTED""]",true,1,Safely inspect Valve 7 and replan if a room becomes restricted.,results/indicative-twin-hierarchy-b/raw/cases.jsonl,T4-T3,T4,T3,1,1,0,34fc9d9c655e74b4e05049152c3c5a52ac8f2db7fc606a8029b5fee416bbc35d,24ab1e3d0137e9dab7448689221dc9ed7191afcb36cc546dbe86dc4d54157ae6
b,227,STORE_CARRIED_TOOL,2ff84f1b1e9812dd67d2a49645204a2f86158f272cd8841d28031bfdeecf317a,NONE,0,[],[],false,0,Find a safe location for the carried tool.,results/indicative-twin-hierarchy-b/raw/cases.jsonl,T3-T2,T3,T2,1,1,0,9313f8f31c4859e8767b7e80172da9bcabff4d468309c811bd0e5bdad40ffad8,315cd069b385c2d7bc6febc941937cef51380befcdf6e2d6ed69a3e02b1110f7
b,227,STORE_CARRIED_TOOL,2ff84f1b1e9812dd67d2a49645204a2f86158f272cd8841d28031bfdeecf317a,NONE,0,[],[],false,0,Find a safe location for the carried tool.,results/indicative-twin-hierarchy-b/raw/cases.jsonl,T4-T3,T4,T3,1,1,0,e33d30b1ad511bebcdaa02dc39f68f527c2aa0c7323f7edafeff90bf498682f0,9313f8f31c4859e8767b7e80172da9bcabff4d468309c811bd0e5bdad40ffad8
b,228,INSPECT_NEAREST_COOLANT,9e1cb6276b4404342b530081da06aa68ff8ffd90ac412ba14c39724ba0f90644,NONE,0,[],[],true,1,Inspect the nearest coolant valve without entering a restricted room.,results/indicative-twin-hierarchy-b/raw/cases.jsonl,T3-T2,T3,T2,1,1,0,5c3b28ba47317acad9d1ac3c1f3576c1a032676d42f572a9ac7b01db30521af3,3368258bbb26d1de46aabbf1652f3e1b7ec29a50e291d029be7051b674c26738
b,228,INSPECT_NEAREST_COOLANT,9e1cb6276b4404342b530081da06aa68ff8ffd90ac412ba14c39724ba0f90644,NONE,0,[],[],true,1,Inspect the nearest coolant valve without entering a restricted room.,results/indicative-twin-hierarchy-b/raw/cases.jsonl,T4-T3,T4,T3,1,1,0,f1eb3e251bf00a15aa2e5313041e34d54a5716fafbad9678ef66fe42d15d1f82,5c3b28ba47317acad9d1ac3c1f3576c1a032676d42f572a9ac7b01db30521af3
b,228,INSPECT_VALVE7_WITH_ALTERNATE,d3f444804092c97f5de046d574414d75798b1a96b0216ef6656db1d36d8ae01f,ROUTE_BLOCKED,1,"[""ROUTE_BLOCKED""]","[""UNAVAILABLE""]",true,1,"Inspect Valve 7; if Door 3 is unavailable, use another route.",results/indicative-twin-hierarchy-b/raw/cases.jsonl,T3-T2,T3,T2,0,0,0,19afa807dbd218a0d399181b11f3132f1a015d8a4805d23d5535a932ce1d3f65,494c24f056711bb1ac0954063d2476e18e17d4af9c0cb05fc0c58ec6f449410d
b,228,INSPECT_VALVE7_WITH_ALTERNATE,d3f444804092c97f5de046d574414d75798b1a96b0216ef6656db1d36d8ae01f,ROUTE_BLOCKED,1,"[""ROUTE_BLOCKED""]","[""UNAVAILABLE""]",true,1,"Inspect Valve 7; if Door 3 is unavailable, use another route.",results/indicative-twin-hierarchy-b/raw/cases.jsonl,T4-T3,T4,T3,1,0,1,72cf049a14da6a0128e63061257a0a2020ee52f97fe9e5dbc8627af5edf378cf,19afa807dbd218a0d399181b11f3132f1a015d8a4805d23d5535a932ce1d3f65
b,228,REACH_PUMP2_WITH_RECHARGE,1c6ac768d32aa9b1916fd3d16742103b838e12dfe3385d17f07f0bb4664279eb,NONE,0,[],[],true,1,"Reach Pump 2, but recharge first if estimated battery is insufficient.",results/indicative-twin-hierarchy-b/raw/cases.jsonl,T3-T2,T3,T2,1,0,1,24eec3feedbe4ab8375fdcb9d618447ecb7e2435adb958f3f54bf69303a81812,5d920f23222e3735c32b2a42cd1f2ef41f681ad67aa6b2f910b680f4ea4a6f5c
b,228,REACH_PUMP2_WITH_RECHARGE,1c6ac768d32aa9b1916fd3d16742103b838e12dfe3385d17f07f0bb4664279eb,NONE,0,[],[],true,1,"Reach Pump 2, but recharge first if estimated battery is insufficient.",results/indicative-twin-hierarchy-b/raw/cases.jsonl,T4-T3,T4,T3,1,1,0,9e987a897b0defc55a19d81c0c89e1f2cc1a27e4ecdae7230b70ec44ed89828d,24eec3feedbe4ab8375fdcb9d618447ecb7e2435adb958f3f54bf69303a81812
b,228,REPLAN_ON_RESTRICTION,92733f1ec887ba85cd420eb16151225c58a7789c27182dbf8263d3a491c22893,ROOM_RESTRICTED+ROUTE_BLOCKED,2,"[""ROUTE_BLOCKED"",""ROOM_RESTRICTED""]","[""UNAVAILABLE"",""RESTRICTED""]",true,2,Inspect Valve 7 and replan if a room becomes restricted.,results/indicative-twin-hierarchy-b/raw/cases.jsonl,T3-T2,T3,T2,1,0,1,1af078e94a3f98c87936947146fdb94dd91267debe8166eff782809d9030db97,a7d53d4530f0ed5494f104d1e41ce3e87070254b7d397876972ca41b6143c7f6
b,228,REPLAN_ON_RESTRICTION,92733f1ec887ba85cd420eb16151225c58a7789c27182dbf8263d3a491c22893,ROOM_RESTRICTED+ROUTE_BLOCKED,2,"[""ROUTE_BLOCKED"",""ROOM_RESTRICTED""]","[""UNAVAILABLE"",""RESTRICTED""]",true,2,Inspect Valve 7 and replan if a room becomes restricted.,results/indicative-twin-hierarchy-b/raw/cases.jsonl,T4-T3,T4,T3,1,1,0,414d7362d359ea669b1032813aab889e9a5460b506e5e8c385b40f6e99fc3fdd,1af078e94a3f98c87936947146fdb94dd91267debe8166eff782809d9030db97
b,228,STORE_CARRIED_TOOL,621221a22a802e095f50dc904f1eb48611a8fc987e55b091c2e421b3e6f7cbe5,ROUTE_BLOCKED,1,"[""ROUTE_BLOCKED""]","[""UNAVAILABLE""]",false,0,Find a safe location for the carried tool.,results/indicative-twin-hierarchy-b/raw/cases.jsonl,T3-T2,T3,T2,1,1,0,c90dbabd4b676e1fd44469dc264eaea73ba318075557f1a6cb61d666821811c8,6f7f419b4fe5cb2be4f95958674c880ded75ba063b758f80c901ac21f0178066
b,228,STORE_CARRIED_TOOL,621221a22a802e095f50dc904f1eb48611a8fc987e55b091c2e421b3e6f7cbe5,ROUTE_BLOCKED,1,"[""ROUTE_BLOCKED""]","[""UNAVAILABLE""]",false,0,Find a safe location for the carried tool.,results/indicative-twin-hierarchy-b/raw/cases.jsonl,T4-T3,T4,T3,1,1,0,cc1cb5e802e0b104a8890cadc73799037c9a48e5addb7fbfd6f849da1f3022c2,c90dbabd4b676e1fd44469dc264eaea73ba318075557f1a6cb61d666821811c8
b,229,INSPECT_NEAREST_COOLANT,2ecba6b970e5a140c6c6be7d6cff50049faf0fbd4e3e9d76f35c27de88145c19,ROUTE_BLOCKED,1,"[""ROUTE_BLOCKED""]","[""UNAVAILABLE""]",true,1,Safely inspect the nearest coolant valve without entering a restricted room.,results/indicative-twin-hierarchy-b/raw/cases.jsonl,T3-T2,T3,T2,1,1,0,8ef41e45963058b41aaf460d9740375fe64a98aad35793075ac0204bc305e5df,f1258e81a672592f10f53931d6c9343298011ccc2d6715d97ae621882133c6a8
b,229,INSPECT_NEAREST_COOLANT,2ecba6b970e5a140c6c6be7d6cff50049faf0fbd4e3e9d76f35c27de88145c19,ROUTE_BLOCKED,1,"[""ROUTE_BLOCKED""]","[""UNAVAILABLE""]",true,1,Safely inspect the nearest coolant valve without entering a restricted room.,results/indicative-twin-hierarchy-b/raw/cases.jsonl,T4-T3,T4,T3,1,1,0,10d24db989d52f10f39564de3ae99cc0fd56c331f53ac58f151fbc1fea84261a,8ef41e45963058b41aaf460d9740375fe64a98aad35793075ac0204bc305e5df
b,229,INSPECT_VALVE7_WITH_ALTERNATE,d0ea523813eaeddb839f82c1a09c29b2107d5e39d1ff4e93f05416080c82018d,NONE,0,[],[],false,0,"Safely inspect Valve 7; if Door 3 is unavailable, use another route.",results/indicative-twin-hierarchy-b/raw/cases.jsonl,T3-T2,T3,T2,1,1,0,61cda537de385dc9977f58c1eef2dcee4b80b07e9f57b0a745c91fa08a544e17,052c021c0838815d988b630d007815a02af4711fa1b38562118e9b1a7fe57ac1
b,229,INSPECT_VALVE7_WITH_ALTERNATE,d0ea523813eaeddb839f82c1a09c29b2107d5e39d1ff4e93f05416080c82018d,NONE,0,[],[],false,0,"Safely inspect Valve 7; if Door 3 is unavailable, use another route.",results/indicative-twin-hierarchy-b/raw/cases.jsonl,T4-T3,T4,T3,1,1,0,3946a1c8e47a82125102f09ff5df11955cc09ed73b9fdac5061ca17142f5e398,61cda537de385dc9977f58c1eef2dcee4b80b07e9f57b0a745c91fa08a544e17
b,229,REACH_PUMP2_WITH_RECHARGE,ab6b566be90bb9ff41db2b777e8aecb50d8422554293942f7883024905817087,NONE,0,[],[],true,1,"Reach Pump 2, but recharge first if estimated battery is insufficient.",results/indicative-twin-hierarchy-b/raw/cases.jsonl,T3-T2,T3,T2,1,0,1,01c5a820c3a692ce6ac9316e94b99c67c2c3f062964ba62848f5b6fc599bd198,5db1b9dc32f32b1521f88f4f806bea4cb1f6ea02ad037a2ac5cdcc759ea40262
b,229,REACH_PUMP2_WITH_RECHARGE,ab6b566be90bb9ff41db2b777e8aecb50d8422554293942f7883024905817087,NONE,0,[],[],true,1,"Reach Pump 2, but recharge first if estimated battery is insufficient.",results/indicative-twin-hierarchy-b/raw/cases.jsonl,T4-T3,T4,T3,1,1,0,8cf99b2aa3ed05bb5dce75c532c4ad443b07a57d07b7c9379459cccf631d4f31,01c5a820c3a692ce6ac9316e94b99c67c2c3f062964ba62848f5b6fc599bd198
b,229,REPLAN_ON_RESTRICTION,e6729aa91d19aaaecdb2b74fad817cabec3198da6f075dd9e4f5f70b4fb80487,ROOM_RESTRICTED+ROUTE_BLOCKED,2,"[""ROUTE_BLOCKED"",""ROOM_RESTRICTED""]","[""UNAVAILABLE"",""RESTRICTED""]",false,0,Safely inspect Valve 7 and replan if a room becomes restricted.,results/indicative-twin-hierarchy-b/raw/cases.jsonl,T3-T2,T3,T2,1,0,1,c4e1f021cc11171fd3d47121389a8285812d82f9c512deda7fc8c12cd0e58241,cfcfe82b9b2228ef66280e60ecead285d1a7a6fddb7b20b037bfe148b6ff36e2
b,229,REPLAN_ON_RESTRICTION,e6729aa91d19aaaecdb2b74fad817cabec3198da6f075dd9e4f5f70b4fb80487,ROOM_RESTRICTED+ROUTE_BLOCKED,2,"[""ROUTE_BLOCKED"",""ROOM_RESTRICTED""]","[""UNAVAILABLE"",""RESTRICTED""]",false,0,Safely inspect Valve 7 and replan if a room becomes restricted.,results/indicative-twin-hierarchy-b/raw/cases.jsonl,T4-T3,T4,T3,1,1,0,79df8bebd548d02a33e9c1ad4b1721e0aeac14c8b97a4890102afb91116c8611,c4e1f021cc11171fd3d47121389a8285812d82f9c512deda7fc8c12cd0e58241
b,229,STORE_CARRIED_TOOL,7f9d9a621e4c7b27eecdbd2e3b50d97ee28c8854c9d696d6d900054b68fa6df6,ROUTE_BLOCKED,1,"[""ROUTE_BLOCKED""]","[""UNAVAILABLE""]",true,1,Find a safe location for the carried tool.,results/indicative-twin-hierarchy-b/raw/cases.jsonl,T3-T2,T3,T2,1,0,1,a4d4cae8ad36094dfa07eef35ec699e2e333a9676b3b003b6df6398c169fdfb6,9da714b269c71f6179c3a3e8f080b0cad207414b2775ad2ddb117e33418ea371
b,229,STORE_CARRIED_TOOL,7f9d9a621e4c7b27eecdbd2e3b50d97ee28c8854c9d696d6d900054b68fa6df6,ROUTE_BLOCKED,1,"[""ROUTE_BLOCKED""]","[""UNAVAILABLE""]",true,1,Find a safe location for the carried tool.,results/indicative-twin-hierarchy-b/raw/cases.jsonl,T4-T3,T4,T3,1,1,0,c069bc2d4819e58ecf306d0f129acf210b5522be8fa225e786de580230787049,a4d4cae8ad36094dfa07eef35ec699e2e333a9676b3b003b6df6398c169fdfb6
b,230,INSPECT_NEAREST_COOLANT,b62dc960fe73f25951fec994f274fe8faac316b0f1113c6b1a3e9715b2cf61c5,INSTRUCTION_CHANGED,1,"[""INSTRUCTION_CHANGED""]","[""AVOID_ROOM:ElectricalRoom""]",false,0,Inspect the nearest coolant valve without entering a restricted room.,results/indicative-twin-hierarchy-b/raw/cases.jsonl,T3-T2,T3,T2,1,1,0,16fbcb1e94ae41b97dda2fc5f74e3d8b7fb061ecd8525ee6358690262f3128cf,6f1f3977f9a094d932ba61f9e00b1a3866769eaa409fb528822a0fa6ad452446
b,230,INSPECT_NEAREST_COOLANT,b62dc960fe73f25951fec994f274fe8faac316b0f1113c6b1a3e9715b2cf61c5,INSTRUCTION_CHANGED,1,"[""INSTRUCTION_CHANGED""]","[""AVOID_ROOM:ElectricalRoom""]",false,0,Inspect the nearest coolant valve without entering a restricted room.,results/indicative-twin-hierarchy-b/raw/cases.jsonl,T4-T3,T4,T3,1,1,0,da03486d7051a4cf647e175f361e4d4bdfbf49f8576dd1d3c1090c0c182a4e53,16fbcb1e94ae41b97dda2fc5f74e3d8b7fb061ecd8525ee6358690262f3128cf
b,230,INSPECT_VALVE7_WITH_ALTERNATE,aafcd9088c1df99f46dbff0342999c7d2ca34fb95da98bb321c09eee945e41e6,INSTRUCTION_CHANGED,1,"[""INSTRUCTION_CHANGED""]","[""AVOID_ROOM:ElectricalRoom""]",true,1,"Inspect Valve 7; if Door 3 is unavailable, use another route.",results/indicative-twin-hierarchy-b/raw/cases.jsonl,T3-T2,T3,T2,0,0,0,02bda335fb0ddd4521a05b4d08a2d8c381e23c5f645891154ba8616c74b39d46,d352a5b6e9372031c35d575133a904bd35f160131a3458441c873792cd31c276
b,230,INSPECT_VALVE7_WITH_ALTERNATE,aafcd9088c1df99f46dbff0342999c7d2ca34fb95da98bb321c09eee945e41e6,INSTRUCTION_CHANGED,1,"[""INSTRUCTION_CHANGED""]","[""AVOID_ROOM:ElectricalRoom""]",true,1,"Inspect Valve 7; if Door 3 is unavailable, use another route.",results/indicative-twin-hierarchy-b/raw/cases.jsonl,T4-T3,T4,T3,0,0,0,43dd00a6e0a47943738f865c6860d1517308b97238f1f1612ffd38dc90a83f1b,02bda335fb0ddd4521a05b4d08a2d8c381e23c5f645891154ba8616c74b39d46
b,230,REACH_PUMP2_WITH_RECHARGE,20b4368731b5f64d6ff52588e8b1805783bb3be83df6bb73c6a14fa466d23d98,INSTRUCTION_CHANGED+ROUTE_BLOCKED,2,"[""ROUTE_BLOCKED"",""INSTRUCTION_CHANGED""]","[""UNAVAILABLE"",""AVOID_ROOM:ElectricalRoom""]",false,0,"Reach Pump 2, but recharge first if estimated battery is insufficient.",results/indicative-twin-hierarchy-b/raw/cases.jsonl,T3-T2,T3,T2,0,0,0,7f59ed95e0ca830e504f8b016eaacdbfc98a07cf40ce4b65b7ef17550f916213,bc24bbbe8dc002bb2ea32b203953b66efe2455a63f814d4f858cbec50a0b95b8
b,230,REACH_PUMP2_WITH_RECHARGE,20b4368731b5f64d6ff52588e8b1805783bb3be83df6bb73c6a14fa466d23d98,INSTRUCTION_CHANGED+ROUTE_BLOCKED,2,"[""ROUTE_BLOCKED"",""INSTRUCTION_CHANGED""]","[""UNAVAILABLE"",""AVOID_ROOM:ElectricalRoom""]",false,0,"Reach Pump 2, but recharge first if estimated battery is insufficient.",results/indicative-twin-hierarchy-b/raw/cases.jsonl,T4-T3,T4,T3,0,0,0,385f73569326fc35a4e96e48f4033f35feec42fceb5661f0e336f2d9d2152944,7f59ed95e0ca830e504f8b016eaacdbfc98a07cf40ce4b65b7ef17550f916213
b,230,REPLAN_ON_RESTRICTION,8d925504c2d008a81a9a89ad64c10c5108e166ae167d2ffda7e6666e52425f37,INSTRUCTION_CHANGED+ROOM_RESTRICTED+ROUTE_BLOCKED,3,"[""ROUTE_BLOCKED"",""INSTRUCTION_CHANGED"",""ROOM_RESTRICTED""]","[""UNAVAILABLE"",""AVOID_ROOM:ElectricalRoom"",""RESTRICTED""]",false,0,Inspect Valve 7 and replan if a room becomes restricted.,results/indicative-twin-hierarchy-b/raw/cases.jsonl,T3-T2,T3,T2,0,0,0,c41d82c68d8e8aaa9b8834474ec27e858730f92db234787260270188607a769b,e498e21a5df3f2bc80e4f85c37f2853e077d82f519325342b7313d26e1766bd3
b,230,REPLAN_ON_RESTRICTION,8d925504c2d008a81a9a89ad64c10c5108e166ae167d2ffda7e6666e52425f37,INSTRUCTION_CHANGED+ROOM_RESTRICTED+ROUTE_BLOCKED,3,"[""ROUTE_BLOCKED"",""INSTRUCTION_CHANGED"",""ROOM_RESTRICTED""]","[""UNAVAILABLE"",""AVOID_ROOM:ElectricalRoom"",""RESTRICTED""]",false,0,Inspect Valve 7 and replan if a room becomes restricted.,results/indicative-twin-hierarchy-b/raw/cases.jsonl,T4-T3,T4,T3,0,0,0,bb2aa4ed5aa2463cab5629f1b16e25810123c12e6031b2873045be0cfb5f0386,c41d82c68d8e8aaa9b8834474ec27e858730f92db234787260270188607a769b
b,230,STORE_CARRIED_TOOL,644197b2c8c1dc1a52d170acbc3a2cfbb6def6ab99fad2c5db6d2ff0f11847f6,INSTRUCTION_CHANGED,1,"[""INSTRUCTION_CHANGED""]","[""AVOID_ROOM:ElectricalRoom""]",false,0,Find a safe location for the carried tool.,results/indicative-twin-hierarchy-b/raw/cases.jsonl,T3-T2,T3,T2,1,1,0,847b5d7aea6e0d1f11da777dba519706ac3b3f014040864af708bed5ec781827,0789bebe44a50233d2e427f57b003af939e2c6ddd16e3db61b0c7aac012e77ef
b,230,STORE_CARRIED_TOOL,644197b2c8c1dc1a52d170acbc3a2cfbb6def6ab99fad2c5db6d2ff0f11847f6,INSTRUCTION_CHANGED,1,"[""INSTRUCTION_CHANGED""]","[""AVOID_ROOM:ElectricalRoom""]",false,0,Find a safe location for the carried tool.,results/indicative-twin-hierarchy-b/raw/cases.jsonl,T4-T3,T4,T3,1,1,0,6d526640a10bf39c46cb2661a9194582d26a95bd1d37a956c7b6ea9f26ce8923,847b5d7aea6e0d1f11da777dba519706ac3b3f014040864af708bed5ec781827
b,231,INSPECT_NEAREST_COOLANT,e832111770024550a142b7ae1bce33945584546ff897d02a8b601a11cc64cd50,NONE,0,[],[],true,2,Safely inspect the nearest coolant valve without entering a restricted room.,results/indicative-twin-hierarchy-b/raw/cases.jsonl,T3-T2,T3,T2,1,0,1,2751a91ff4c4613e7444bc1a731541cfc0acc81840a09bb991f898ab5c6cbaad,a30eee0bb52189aee71116e0002ce82e3500fa403d8bb2e463c48af2be3271f1
b,231,INSPECT_NEAREST_COOLANT,e832111770024550a142b7ae1bce33945584546ff897d02a8b601a11cc64cd50,NONE,0,[],[],true,2,Safely inspect the nearest coolant valve without entering a restricted room.,results/indicative-twin-hierarchy-b/raw/cases.jsonl,T4-T3,T4,T3,1,1,0,0548cf336aa5783b865390e23b16a7fa13af3d0a177bac4ad472374fbbfc48bf,2751a91ff4c4613e7444bc1a731541cfc0acc81840a09bb991f898ab5c6cbaad
b,231,INSPECT_VALVE7_WITH_ALTERNATE,dab2e018e7b2a03f6096b87cf5db782843cbc4d502917cfcb931daba9bb98b2e,ROUTE_BLOCKED,1,"[""ROUTE_BLOCKED""]","[""UNAVAILABLE""]",true,1,"Safely inspect Valve 7; if Door 3 is unavailable, use another route.",results/indicative-twin-hierarchy-b/raw/cases.jsonl,T3-T2,T3,T2,0,0,0,3657f00e857040fa3e39ed312cdc2ab2be8393aa6f13264263a0d116eb498808,eab9ed18a4cd97cd242850c605aa1682f5ce279abedd4dee23d570a6eb04efc5
b,231,INSPECT_VALVE7_WITH_ALTERNATE,dab2e018e7b2a03f6096b87cf5db782843cbc4d502917cfcb931daba9bb98b2e,ROUTE_BLOCKED,1,"[""ROUTE_BLOCKED""]","[""UNAVAILABLE""]",true,1,"Safely inspect Valve 7; if Door 3 is unavailable, use another route.",results/indicative-twin-hierarchy-b/raw/cases.jsonl,T4-T3,T4,T3,1,0,1,01653a1e9c4158ccd76c044bdee93284d9884f779bdd2c73962288f270808032,3657f00e857040fa3e39ed312cdc2ab2be8393aa6f13264263a0d116eb498808
b,231,REACH_PUMP2_WITH_RECHARGE,f121b559ee12131c755f470113b622c859499e0c4b8ff29816e47eeb3ef7dafc,ROUTE_BLOCKED,1,"[""ROUTE_BLOCKED""]","[""UNAVAILABLE""]",true,1,"Reach Pump 2, but recharge first if estimated battery is insufficient.",results/indicative-twin-hierarchy-b/raw/cases.jsonl,T3-T2,T3,T2,1,0,1,493995849b09398d8a52f8477c864b1f98ffeef1a2c3b07e99d43826384801eb,46e4ab98335d4930906c0a0cf25cefce89831c7baf51073112c5bf206a36d27a
b,231,REACH_PUMP2_WITH_RECHARGE,f121b559ee12131c755f470113b622c859499e0c4b8ff29816e47eeb3ef7dafc,ROUTE_BLOCKED,1,"[""ROUTE_BLOCKED""]","[""UNAVAILABLE""]",true,1,"Reach Pump 2, but recharge first if estimated battery is insufficient.",results/indicative-twin-hierarchy-b/raw/cases.jsonl,T4-T3,T4,T3,1,1,0,061382f93f8be5be8f20bb61ec5e238fbf6eeb99f69ac64cecfc833a5195e3ec,493995849b09398d8a52f8477c864b1f98ffeef1a2c3b07e99d43826384801eb
b,231,REPLAN_ON_RESTRICTION,4682b65855d93797a4a2ca70c5622f8529867cccd6967b1e294acdc65b229efa,ROOM_RESTRICTED+ROUTE_BLOCKED,2,"[""ROUTE_BLOCKED"",""ROOM_RESTRICTED""]","[""UNAVAILABLE"",""RESTRICTED""]",true,2,Safely inspect Valve 7 and replan if a room becomes restricted.,results/indicative-twin-hierarchy-b/raw/cases.jsonl,T3-T2,T3,T2,1,0,1,2075713e662689137ccae2e23fdb473f5585e1268e3f35569cd89bb9beb9a68a,c2e72c081db53c57efa56f3023f9ff73bd926ce8a90b70d1a02c021e1ad7e22a
b,231,REPLAN_ON_RESTRICTION,4682b65855d93797a4a2ca70c5622f8529867cccd6967b1e294acdc65b229efa,ROOM_RESTRICTED+ROUTE_BLOCKED,2,"[""ROUTE_BLOCKED"",""ROOM_RESTRICTED""]","[""UNAVAILABLE"",""RESTRICTED""]",true,2,Safely inspect Valve 7 and replan if a room becomes restricted.,results/indicative-twin-hierarchy-b/raw/cases.jsonl,T4-T3,T4,T3,1,1,0,0107c3c30751ea9bcec06b16b6fb2b072908dbc8f85d0419b3740264187a93a8,2075713e662689137ccae2e23fdb473f5585e1268e3f35569cd89bb9beb9a68a
b,231,STORE_CARRIED_TOOL,2ea50e3d9ac54944cb537c226256e592f831ba91e6d0ab252bae8fd00787445b,ROUTE_BLOCKED,1,"[""ROUTE_BLOCKED""]","[""UNAVAILABLE""]",true,1,Find a safe location for the carried tool.,results/indicative-twin-hierarchy-b/raw/cases.jsonl,T3-T2,T3,T2,1,1,0,96015404e53d48fa529f3e9658c67dfc29935965578f6d99039f7b6b67343592,1f5da35016cf65d9d462caab88f878b5da08b0fbc58d5dc3df6df1b01b1fd8ba
b,231,STORE_CARRIED_TOOL,2ea50e3d9ac54944cb537c226256e592f831ba91e6d0ab252bae8fd00787445b,ROUTE_BLOCKED,1,"[""ROUTE_BLOCKED""]","[""UNAVAILABLE""]",true,1,Find a safe location for the carried tool.,results/indicative-twin-hierarchy-b/raw/cases.jsonl,T4-T3,T4,T3,1,1,0,430ef9831bf73c6fca2e0a81fcb8bd45b017537c54196ca83290a42faaaced60,96015404e53d48fa529f3e9658c67dfc29935965578f6d99039f7b6b67343592
b,232,INSPECT_NEAREST_COOLANT,63705ef7c65962ad55be7ee6242e4dd8f81d5eaaec28a2e19f9ad07e8465a881,NONE,0,[],[],true,1,Inspect the nearest coolant valve without entering a restricted room.,results/indicative-twin-hierarchy-b/raw/cases.jsonl,T3-T2,T3,T2,1,0,1,7ab8dd71bc7c29606d64e22be83e0bf1d5c545855bdf839114a3338e99eb14bf,d0c15ce4c8e3a4636b639364947969f4cae8e63baaa48df9d6191ed9b69f24e4
b,232,INSPECT_NEAREST_COOLANT,63705ef7c65962ad55be7ee6242e4dd8f81d5eaaec28a2e19f9ad07e8465a881,NONE,0,[],[],true,1,Inspect the nearest coolant valve without entering a restricted room.,results/indicative-twin-hierarchy-b/raw/cases.jsonl,T4-T3,T4,T3,1,1,0,5c9b3807d6a7f03b5342df099d24642dc951c82a02d3a569e5af8399923ebc86,7ab8dd71bc7c29606d64e22be83e0bf1d5c545855bdf839114a3338e99eb14bf
b,232,INSPECT_VALVE7_WITH_ALTERNATE,675f8fb918696b41208e7786afe1c42c96933961ea6112c10c039f1ca2d9f0e0,NONE,0,[],[],true,1,"Inspect Valve 7; if Door 3 is unavailable, use another route.",results/indicative-twin-hierarchy-b/raw/cases.jsonl,T3-T2,T3,T2,1,1,0,932329464e41cc635231a8c4e297cdc0f4b1e95f9e994c59ebea3ecee5cc9a78,d95dc90620c6d5ea3e676dde41fe0e79fa14c498366b0902455b281c6920a30b
b,232,INSPECT_VALVE7_WITH_ALTERNATE,675f8fb918696b41208e7786afe1c42c96933961ea6112c10c039f1ca2d9f0e0,NONE,0,[],[],true,1,"Inspect Valve 7; if Door 3 is unavailable, use another route.",results/indicative-twin-hierarchy-b/raw/cases.jsonl,T4-T3,T4,T3,1,1,0,d197af8cd9eb1e25c7c037484d34137e0f918001f23c1709e738c665095f17d0,932329464e41cc635231a8c4e297cdc0f4b1e95f9e994c59ebea3ecee5cc9a78
b,232,REACH_PUMP2_WITH_RECHARGE,f427bb1c41688d3ac34631406ac1f28a167baece672b5b1c7165cfc7d2debcc5,ROUTE_BLOCKED,1,"[""ROUTE_BLOCKED""]","[""UNAVAILABLE""]",true,1,"Reach Pump 2, but recharge first if estimated battery is insufficient.",results/indicative-twin-hierarchy-b/raw/cases.jsonl,T3-T2,T3,T2,1,0,1,ac71c095156cd9f79c67c26ff58abe47a7451779619f755597fcef85723cfb24,6d69e6e5a70959c0ae52bae142c9c9df03dbc4ab6c644c1c255940af1dfd9c78
b,232,REACH_PUMP2_WITH_RECHARGE,f427bb1c41688d3ac34631406ac1f28a167baece672b5b1c7165cfc7d2debcc5,ROUTE_BLOCKED,1,"[""ROUTE_BLOCKED""]","[""UNAVAILABLE""]",true,1,"Reach Pump 2, but recharge first if estimated battery is insufficient.",results/indicative-twin-hierarchy-b/raw/cases.jsonl,T4-T3,T4,T3,1,1,0,0ee5d2a07100b9f90239c738f5ab11927d05af3a9092990e01fe3ee8e4effda9,ac71c095156cd9f79c67c26ff58abe47a7451779619f755597fcef85723cfb24
b,232,REPLAN_ON_RESTRICTION,0a973730b80a0906c1f7c8a4975caf61207c074faaced9b066bfdaa1f4e1c2c3,ROOM_RESTRICTED,1,"[""ROOM_RESTRICTED""]","[""RESTRICTED""]",false,0,Inspect Valve 7 and replan if a room becomes restricted.,results/indicative-twin-hierarchy-b/raw/cases.jsonl,T3-T2,T3,T2,1,0,1,ef8f4a36d693adc5206a3aa07ce6b1eaeab7b6d869e6ff5c0f3b90db0686962d,d19b18b2621cf3d9ad8a747d97771b07396a3e29fcaf7300fb765b8fb44109aa
b,232,REPLAN_ON_RESTRICTION,0a973730b80a0906c1f7c8a4975caf61207c074faaced9b066bfdaa1f4e1c2c3,ROOM_RESTRICTED,1,"[""ROOM_RESTRICTED""]","[""RESTRICTED""]",false,0,Inspect Valve 7 and replan if a room becomes restricted.,results/indicative-twin-hierarchy-b/raw/cases.jsonl,T4-T3,T4,T3,1,1,0,89d3e51d3429b4aa88c30e7d4a1fee1dc3af89d556408e2c64f3c06bab0b957f,ef8f4a36d693adc5206a3aa07ce6b1eaeab7b6d869e6ff5c0f3b90db0686962d
b,232,STORE_CARRIED_TOOL,81db0a7e8c833338f2104b31b8388d287eed8ca85e13fbb9a989f264863158d9,ROUTE_BLOCKED,1,"[""ROUTE_BLOCKED""]","[""UNAVAILABLE""]",false,0,Find a safe location for the carried tool.,results/indicative-twin-hierarchy-b/raw/cases.jsonl,T3-T2,T3,T2,1,1,0,9f27278a4eb29a67f4cbbf081316cd8a735f637fee25e504a07a951ceaa3b65c,3aa84cab74512a450d60ebf64e54f55919c3eee3f6bcfb39ab0044eb5a8b7301
b,232,STORE_CARRIED_TOOL,81db0a7e8c833338f2104b31b8388d287eed8ca85e13fbb9a989f264863158d9,ROUTE_BLOCKED,1,"[""ROUTE_BLOCKED""]","[""UNAVAILABLE""]",false,0,Find a safe location for the carried tool.,results/indicative-twin-hierarchy-b/raw/cases.jsonl,T4-T3,T4,T3,1,1,0,ab43f1136ff4809b12809ebe7b94ebb7acb5bcf0f76a816e23d00b8b86b45354,9f27278a4eb29a67f4cbbf081316cd8a735f637fee25e504a07a951ceaa3b65c
b,233,INSPECT_NEAREST_COOLANT,2effc2171c40a74c18f466db7a323e098dd07daea192f4ca6769e2e5e0fe2bb4,ROUTE_BLOCKED,1,"[""ROUTE_BLOCKED""]","[""UNAVAILABLE""]",false,0,Safely inspect the nearest coolant valve without entering a restricted room.,results/indicative-twin-hierarchy-b/raw/cases.jsonl,T3-T2,T3,T2,1,0,1,30c8e4d6af0fc5c33c1f66c77578abbfb64487d3c308584c67dcc39bd9298a19,005166913e3eafadf2ebce183d9e34c1e1eaf15a9bf6d12569aaed2865cc8122
b,233,INSPECT_NEAREST_COOLANT,2effc2171c40a74c18f466db7a323e098dd07daea192f4ca6769e2e5e0fe2bb4,ROUTE_BLOCKED,1,"[""ROUTE_BLOCKED""]","[""UNAVAILABLE""]",false,0,Safely inspect the nearest coolant valve without entering a restricted room.,results/indicative-twin-hierarchy-b/raw/cases.jsonl,T4-T3,T4,T3,1,1,0,512284edd28ee629bfbe21a3da2258afc288f0d2277e6e9a5fe77834642c0d3d,30c8e4d6af0fc5c33c1f66c77578abbfb64487d3c308584c67dcc39bd9298a19
b,233,INSPECT_VALVE7_WITH_ALTERNATE,ad3d5ec74da4b8b422bc80a9893e6311d7ac21ed22607a2a458383d646f03a79,ROUTE_BLOCKED,1,"[""ROUTE_BLOCKED""]","[""UNAVAILABLE""]",false,0,"Safely inspect Valve 7; if Door 3 is unavailable, use another route.",results/indicative-twin-hierarchy-b/raw/cases.jsonl,T3-T2,T3,T2,1,0,1,7402851d339b0c94e896a26920a62b4df5a5ad49b0704d5c871cd280eeea8137,4f349a6f37c3f8276c8aaccee24439eeaf1d48d64eb4291ead45539d77445a72
b,233,INSPECT_VALVE7_WITH_ALTERNATE,ad3d5ec74da4b8b422bc80a9893e6311d7ac21ed22607a2a458383d646f03a79,ROUTE_BLOCKED,1,"[""ROUTE_BLOCKED""]","[""UNAVAILABLE""]",false,0,"Safely inspect Valve 7; if Door 3 is unavailable, use another route.",results/indicative-twin-hierarchy-b/raw/cases.jsonl,T4-T3,T4,T3,1,1,0,fec3521402a4e80e44434ad2cb37622d5aa35fcc60d274d43a920e1a72aebf4a,7402851d339b0c94e896a26920a62b4df5a5ad49b0704d5c871cd280eeea8137
b,233,REACH_PUMP2_WITH_RECHARGE,170e368a549764ae86812272b0e6b20e461ee48e96024982695f57cdbf09af34,NONE,0,[],[],false,0,"Reach Pump 2, but recharge first if estimated battery is insufficient.",results/indicative-twin-hierarchy-b/raw/cases.jsonl,T3-T2,T3,T2,1,1,0,66cdd8e899d77be01412012ab9816f3fd5886ec4b2583fb192e6d1fe8feedc78,0ffc10784ee1b6e7f0392a8706a57d5e6b5621c1727a47de08512f0713d791f7
b,233,REACH_PUMP2_WITH_RECHARGE,170e368a549764ae86812272b0e6b20e461ee48e96024982695f57cdbf09af34,NONE,0,[],[],false,0,"Reach Pump 2, but recharge first if estimated battery is insufficient.",results/indicative-twin-hierarchy-b/raw/cases.jsonl,T4-T3,T4,T3,1,1,0,ee5bba366c08cbcb0e6fb22da063cb6710db99c1d5ee1f81df7f470a9feca6d8,66cdd8e899d77be01412012ab9816f3fd5886ec4b2583fb192e6d1fe8feedc78
b,233,REPLAN_ON_RESTRICTION,b25379c23a35499d537e8f909fb2e4eb7e60493bff0f57bb82c38de58a67e389,ROOM_RESTRICTED,1,"[""ROOM_RESTRICTED""]","[""RESTRICTED""]",true,1,Safely inspect Valve 7 and replan if a room becomes restricted.,results/indicative-twin-hierarchy-b/raw/cases.jsonl,T3-T2,T3,T2,1,0,1,12336a5d195599aff18e67765c57b1b06981d085452e4dd374220ae20c3281d5,bba0959c99dca36ebaab8483d5e13f2c66952953513d4709390c524e6b4cfc40
b,233,REPLAN_ON_RESTRICTION,b25379c23a35499d537e8f909fb2e4eb7e60493bff0f57bb82c38de58a67e389,ROOM_RESTRICTED,1,"[""ROOM_RESTRICTED""]","[""RESTRICTED""]",true,1,Safely inspect Valve 7 and replan if a room becomes restricted.,results/indicative-twin-hierarchy-b/raw/cases.jsonl,T4-T3,T4,T3,1,1,0,9c15d2b498693186dda2cd5a87147f9250aba8e669cae27ace6736e080e103b7,12336a5d195599aff18e67765c57b1b06981d085452e4dd374220ae20c3281d5
b,233,STORE_CARRIED_TOOL,a77b1fef84906ef3e938c33356404ddb22e71031d47d90f2f7bc4a652959f8ce,NONE,0,[],[],true,1,Find a safe location for the carried tool.,results/indicative-twin-hierarchy-b/raw/cases.jsonl,T3-T2,T3,T2,1,0,1,9cd602d8a62eefcfdcee27934ebc105ca36d13d95f1d2a01c5350dd686f077b2,e793a69ab266f1da9b9d8aecb1195a3f8ca9d10cf6c9b942b8b035148adc5426
b,233,STORE_CARRIED_TOOL,a77b1fef84906ef3e938c33356404ddb22e71031d47d90f2f7bc4a652959f8ce,NONE,0,[],[],true,1,Find a safe location for the carried tool.,results/indicative-twin-hierarchy-b/raw/cases.jsonl,T4-T3,T4,T3,1,1,0,08b0f3d44b2e4c15b0c00a3d647db5b8b47f64eb00f2020be2a21b97a99f4536,9cd602d8a62eefcfdcee27934ebc105ca36d13d95f1d2a01c5350dd686f077b2
b,234,INSPECT_NEAREST_COOLANT,4c9901ea8e767471bc6ca1a34d4ea2f04dfa36cb7b649b9d0f068e1e3cd3018e,NONE,0,[],[],true,1,Inspect the nearest coolant valve without entering a restricted room.,results/indicative-twin-hierarchy-b/raw/cases.jsonl,T3-T2,T3,T2,1,1,0,623e5483b2590e99e83c3c9c4b96678ab494b466888965d27f9efb08afcbfb12,c0ce3bc17c2cd3c107ffe1564b53d9f8bb54c807a524a3c3b13b1300c1281e04
b,234,INSPECT_NEAREST_COOLANT,4c9901ea8e767471bc6ca1a34d4ea2f04dfa36cb7b649b9d0f068e1e3cd3018e,NONE,0,[],[],true,1,Inspect the nearest coolant valve without entering a restricted room.,results/indicative-twin-hierarchy-b/raw/cases.jsonl,T4-T3,T4,T3,1,1,0,1958d4450a4b0067b0e834221ddde9d4d88f48a223f8c60eedbcc6b1f9f2b3e6,623e5483b2590e99e83c3c9c4b96678ab494b466888965d27f9efb08afcbfb12
b,234,INSPECT_VALVE7_WITH_ALTERNATE,090e3bf40f1839673efbf7a93e5b6ef9964239cf9533f05e64448183cd785ae0,NONE,0,[],[],true,2,"Inspect Valve 7; if Door 3 is unavailable, use another route.",results/indicative-twin-hierarchy-b/raw/cases.jsonl,T3-T2,T3,T2,0,0,0,c1bd311e125ee521a9d50dd0d8d1faf3148c1b513d15ee1ebc3e273c777e27c0,3f5a33ffc5090907f41aa59aa2fed888b4bbda4a09d4fc2697863a4ebf7dfc06
b,234,INSPECT_VALVE7_WITH_ALTERNATE,090e3bf40f1839673efbf7a93e5b6ef9964239cf9533f05e64448183cd785ae0,NONE,0,[],[],true,2,"Inspect Valve 7; if Door 3 is unavailable, use another route.",results/indicative-twin-hierarchy-b/raw/cases.jsonl,T4-T3,T4,T3,1,0,1,8b8af336da4154f9531345651514ee25a5df6e95dda00f1b9a6fefab7b2f9368,c1bd311e125ee521a9d50dd0d8d1faf3148c1b513d15ee1ebc3e273c777e27c0
b,234,REACH_PUMP2_WITH_RECHARGE,694c95fcbe025592ba0833ef923e50736758038a8befd8b68ff48ae640194fa9,NONE,0,[],[],true,2,"Reach Pump 2, but recharge first if estimated battery is insufficient.",results/indicative-twin-hierarchy-b/raw/cases.jsonl,T3-T2,T3,T2,1,0,1,8e76d1e3e5ae318f730425632105c1ab35eb8b1288e7d179764ee474f3fa79a0,1945a9186773f54da4a972536eb25bc85b5d1614ce28a1ef09b4b890d55a301b
b,234,REACH_PUMP2_WITH_RECHARGE,694c95fcbe025592ba0833ef923e50736758038a8befd8b68ff48ae640194fa9,NONE,0,[],[],true,2,"Reach Pump 2, but recharge first if estimated battery is insufficient.",results/indicative-twin-hierarchy-b/raw/cases.jsonl,T4-T3,T4,T3,1,1,0,f938adde454dfa06b896cf31803bab3f0a6b9872e1d948950e9375d882a98887,8e76d1e3e5ae318f730425632105c1ab35eb8b1288e7d179764ee474f3fa79a0
b,234,REPLAN_ON_RESTRICTION,bb921d2d9b4e10b624f6fb1c451a162bccad503748f50e768384aa494664829b,ROOM_RESTRICTED,1,"[""ROOM_RESTRICTED""]","[""RESTRICTED""]",true,1,Inspect Valve 7 and replan if a room becomes restricted.,results/indicative-twin-hierarchy-b/raw/cases.jsonl,T3-T2,T3,T2,1,0,1,981d6aadeeb898df45869eb7f73fa2fea167b893852936f997396221d77022f5,958e5e713496860788cd1429efd4d5fb1d49fc1e153aaaff0a430260669382da
b,234,REPLAN_ON_RESTRICTION,bb921d2d9b4e10b624f6fb1c451a162bccad503748f50e768384aa494664829b,ROOM_RESTRICTED,1,"[""ROOM_RESTRICTED""]","[""RESTRICTED""]",true,1,Inspect Valve 7 and replan if a room becomes restricted.,results/indicative-twin-hierarchy-b/raw/cases.jsonl,T4-T3,T4,T3,1,1,0,1bf0dc6a10573a1b520d5cb17bb5337e04d2f840aa0f9cb679532f62b24c6d4b,981d6aadeeb898df45869eb7f73fa2fea167b893852936f997396221d77022f5
b,234,STORE_CARRIED_TOOL,294931c392b628646a44f489d768ca9a3bea598cbf374609e20615ee0755f357,NONE,0,[],[],false,0,Find a safe location for the carried tool.,results/indicative-twin-hierarchy-b/raw/cases.jsonl,T3-T2,T3,T2,1,1,0,2efcc03e4f2247364ac0e3d514b9ed59b721c404942a99aded9eba242bab87cf,72f87cc1ccd49aec1aaa062a16bae5463ed7fcdb6200aaf563bca5897818ea88
b,234,STORE_CARRIED_TOOL,294931c392b628646a44f489d768ca9a3bea598cbf374609e20615ee0755f357,NONE,0,[],[],false,0,Find a safe location for the carried tool.,results/indicative-twin-hierarchy-b/raw/cases.jsonl,T4-T3,T4,T3,1,1,0,e57b971533a459a4064294b77461f41ad6a2ebc3c18680ceeb6d0d70ba6dc823,2efcc03e4f2247364ac0e3d514b9ed59b721c404942a99aded9eba242bab87cf
b,235,INSPECT_NEAREST_COOLANT,afce610be6754ec06537912a714fde36dec34d74a823ba227fa155c1f5c61bd9,INSTRUCTION_CHANGED,1,"[""INSTRUCTION_CHANGED""]","[""AVOID_ROOM:ElectricalRoom""]",false,0,Safely inspect the nearest coolant valve without entering a restricted room.,results/indicative-twin-hierarchy-b/raw/cases.jsonl,T3-T2,T3,T2,1,1,0,7c09c1e42b98895a6a172f5a67fbfba7d2aa83c0bcdc01a51dad1f8a342cdeee,511d761b92d5fd8f9c767f305035da01de0989e0d9f0b15ce6551a9873de37c2
b,235,INSPECT_NEAREST_COOLANT,afce610be6754ec06537912a714fde36dec34d74a823ba227fa155c1f5c61bd9,INSTRUCTION_CHANGED,1,"[""INSTRUCTION_CHANGED""]","[""AVOID_ROOM:ElectricalRoom""]",false,0,Safely inspect the nearest coolant valve without entering a restricted room.,results/indicative-twin-hierarchy-b/raw/cases.jsonl,T4-T3,T4,T3,1,1,0,394a5fafcf67cec1f45701d2e4ae3f1f65a383ac205c3d5bb268a1d2afb68e19,7c09c1e42b98895a6a172f5a67fbfba7d2aa83c0bcdc01a51dad1f8a342cdeee
b,235,INSPECT_VALVE7_WITH_ALTERNATE,95fdc18d80b0aa440b9bd537dfc0c0a10375c0e2d7f107f4665f6769f879bb01,INSTRUCTION_CHANGED,1,"[""INSTRUCTION_CHANGED""]","[""AVOID_ROOM:ElectricalRoom""]",false,0,"Safely inspect Valve 7; if Door 3 is unavailable, use another route.",results/indicative-twin-hierarchy-b/raw/cases.jsonl,T3-T2,T3,T2,1,1,0,f3fb16ad8c2047eef96b8bb86b699c47a58b7704c1e28128351c1556a9a45b7e,4382aca73c198baa8026ce622544cc3e344b56eec28d39d56967f3e85f9af4c1
b,235,INSPECT_VALVE7_WITH_ALTERNATE,95fdc18d80b0aa440b9bd537dfc0c0a10375c0e2d7f107f4665f6769f879bb01,INSTRUCTION_CHANGED,1,"[""INSTRUCTION_CHANGED""]","[""AVOID_ROOM:ElectricalRoom""]",false,0,"Safely inspect Valve 7; if Door 3 is unavailable, use another route.",results/indicative-twin-hierarchy-b/raw/cases.jsonl,T4-T3,T4,T3,1,1,0,b5a9a62e8daa53d1f20d659da42e6c278824faad2f646ecca2010afe934a2ed0,f3fb16ad8c2047eef96b8bb86b699c47a58b7704c1e28128351c1556a9a45b7e
b,235,REACH_PUMP2_WITH_RECHARGE,b086757d7a64d08b463bf0bdcbfe48c056636b9e37557d98cf339b1c90645510,INSTRUCTION_CHANGED+ROUTE_BLOCKED,2,"[""ROUTE_BLOCKED"",""INSTRUCTION_CHANGED""]","[""UNAVAILABLE"",""AVOID_ROOM:ElectricalRoom""]",false,0,"Reach Pump 2, but recharge first if estimated battery is insufficient.",results/indicative-twin-hierarchy-b/raw/cases.jsonl,T3-T2,T3,T2,0,0,0,9a2f4aa4d57c522a8367978cc2ae5580e35113938ebd9cf13871e95076f07271,8767984fd60f2cbfe6018d6399b7abf7fc988c7715327614cb76ef1f914b66ce
b,235,REACH_PUMP2_WITH_RECHARGE,b086757d7a64d08b463bf0bdcbfe48c056636b9e37557d98cf339b1c90645510,INSTRUCTION_CHANGED+ROUTE_BLOCKED,2,"[""ROUTE_BLOCKED"",""INSTRUCTION_CHANGED""]","[""UNAVAILABLE"",""AVOID_ROOM:ElectricalRoom""]",false,0,"Reach Pump 2, but recharge first if estimated battery is insufficient.",results/indicative-twin-hierarchy-b/raw/cases.jsonl,T4-T3,T4,T3,0,0,0,21c2eaad82ffbc559332e93d7a8a5c1a39441840c68ce23d4333abf7a794963b,9a2f4aa4d57c522a8367978cc2ae5580e35113938ebd9cf13871e95076f07271
b,235,REPLAN_ON_RESTRICTION,09fb22babb00729b5c9799c674005219be3eca9cafb30db779d346838cd513a3,INSTRUCTION_CHANGED+ROOM_RESTRICTED+ROUTE_BLOCKED,3,"[""ROUTE_BLOCKED"",""INSTRUCTION_CHANGED"",""ROOM_RESTRICTED""]","[""UNAVAILABLE"",""AVOID_ROOM:ElectricalRoom"",""RESTRICTED""]",true,1,Safely inspect Valve 7 and replan if a room becomes restricted.,results/indicative-twin-hierarchy-b/raw/cases.jsonl,T3-T2,T3,T2,0,0,0,a2a302b7f468d34bd867ca426c9b3db2a33d71b0c721ca26e6d5e2501e01455a,69cecd52f6bdd6627e6dd015a8b929d69c9a99075130dc15b7ef535e5acc7ede
b,235,REPLAN_ON_RESTRICTION,09fb22babb00729b5c9799c674005219be3eca9cafb30db779d346838cd513a3,INSTRUCTION_CHANGED+ROOM_RESTRICTED+ROUTE_BLOCKED,3,"[""ROUTE_BLOCKED"",""INSTRUCTION_CHANGED"",""ROOM_RESTRICTED""]","[""UNAVAILABLE"",""AVOID_ROOM:ElectricalRoom"",""RESTRICTED""]",true,1,Safely inspect Valve 7 and replan if a room becomes restricted.,results/indicative-twin-hierarchy-b/raw/cases.jsonl,T4-T3,T4,T3,0,0,0,b5ff0986a5c808cec8495888b4ac5afdd1172bb48a1a8a56947b18fd21adca4c,a2a302b7f468d34bd867ca426c9b3db2a33d71b0c721ca26e6d5e2501e01455a
b,235,STORE_CARRIED_TOOL,a9bf361baad6e65a19e820a5e3b89402c5a5915044f19aa7c3753fe0ef82f168,INSTRUCTION_CHANGED,1,"[""INSTRUCTION_CHANGED""]","[""AVOID_ROOM:ElectricalRoom""]",true,1,Find a safe location for the carried tool.,results/indicative-twin-hierarchy-b/raw/cases.jsonl,T3-T2,T3,T2,0,0,0,6cf6bd11038bff0a24cc43798a461ac7e64cafade329a130c331fc17b37ec390,5648124661953f5cf7244c86106ad10de86685b615109e38f4ae0b1d711c82a4
b,235,STORE_CARRIED_TOOL,a9bf361baad6e65a19e820a5e3b89402c5a5915044f19aa7c3753fe0ef82f168,INSTRUCTION_CHANGED,1,"[""INSTRUCTION_CHANGED""]","[""AVOID_ROOM:ElectricalRoom""]",true,1,Find a safe location for the carried tool.,results/indicative-twin-hierarchy-b/raw/cases.jsonl,T4-T3,T4,T3,0,0,0,8549a61cd83c3daf71de2d819169dd39757a140f96176497a3b343b3c9059e8d,6cf6bd11038bff0a24cc43798a461ac7e64cafade329a130c331fc17b37ec390
b,236,INSPECT_NEAREST_COOLANT,f0bc32306b8a3fde90a8b1e66584f004a77af60b810037a171db22c94e690dc4,NONE,0,[],[],true,1,Inspect the nearest coolant valve without entering a restricted room.,results/indicative-twin-hierarchy-b/raw/cases.jsonl,T3-T2,T3,T2,1,1,0,4d526fe2ccf1a904b588d99811f138eaa15453c0fc56ffe74f82c6f99d6fbf04,8733535e6f40ad5b947573af2545b57a120b56ad672fc707548a5581089bb51f
b,236,INSPECT_NEAREST_COOLANT,f0bc32306b8a3fde90a8b1e66584f004a77af60b810037a171db22c94e690dc4,NONE,0,[],[],true,1,Inspect the nearest coolant valve without entering a restricted room.,results/indicative-twin-hierarchy-b/raw/cases.jsonl,T4-T3,T4,T3,1,1,0,65cf29231d3b17b19342ca163ea494e7fc66d09d512be72825d19c9b3537193e,4d526fe2ccf1a904b588d99811f138eaa15453c0fc56ffe74f82c6f99d6fbf04
b,236,INSPECT_VALVE7_WITH_ALTERNATE,ab8384674dbc0afec6a26f9e114cc090767a20b62611b38823770a9791fb9600,ROUTE_BLOCKED,1,"[""ROUTE_BLOCKED""]","[""UNAVAILABLE""]",true,1,"Inspect Valve 7; if Door 3 is unavailable, use another route.",results/indicative-twin-hierarchy-b/raw/cases.jsonl,T3-T2,T3,T2,1,1,0,51bb86bd41f356f06090c9150eb618ae37492751a71c7299c492a197732e0db1,5e842358ccfe5e9567fdbf6b3bb7c274a91bdeefebac405f8c71a37957595ffd
b,236,INSPECT_VALVE7_WITH_ALTERNATE,ab8384674dbc0afec6a26f9e114cc090767a20b62611b38823770a9791fb9600,ROUTE_BLOCKED,1,"[""ROUTE_BLOCKED""]","[""UNAVAILABLE""]",true,1,"Inspect Valve 7; if Door 3 is unavailable, use another route.",results/indicative-twin-hierarchy-b/raw/cases.jsonl,T4-T3,T4,T3,1,1,0,3c1776627b01d10dac2af3102c0809b102afdf4b7dcb4e81305600580fcd4fc0,51bb86bd41f356f06090c9150eb618ae37492751a71c7299c492a197732e0db1
b,236,REACH_PUMP2_WITH_RECHARGE,bcc23d7640bfb631be571bc9c0074873bae10e897749ea3b73b84fc658a5e8be,NONE,0,[],[],true,1,"Reach Pump 2, but recharge first if estimated battery is insufficient.",results/indicative-twin-hierarchy-b/raw/cases.jsonl,T3-T2,T3,T2,1,1,0,7814bd15e863d33b56fd64a9101c3f8267d023ea2da15aeaabbd01ca44204aef,e088dc7655faf5a7fa68f031e5036fe3bc0ddbb80854218c9bfd78a535e8e4cd
b,236,REACH_PUMP2_WITH_RECHARGE,bcc23d7640bfb631be571bc9c0074873bae10e897749ea3b73b84fc658a5e8be,NONE,0,[],[],true,1,"Reach Pump 2, but recharge first if estimated battery is insufficient.",results/indicative-twin-hierarchy-b/raw/cases.jsonl,T4-T3,T4,T3,1,1,0,068a10ee61589c5b0c0830b05b5a28233ae1bf468a99f4ace57e5774ea5dadca,7814bd15e863d33b56fd64a9101c3f8267d023ea2da15aeaabbd01ca44204aef
b,236,REPLAN_ON_RESTRICTION,32d3a77704a49b5e3d09f5573656da9dea182c9245e864aed73bb65727c55b71,ROOM_RESTRICTED,1,"[""ROOM_RESTRICTED""]","[""RESTRICTED""]",true,1,Inspect Valve 7 and replan if a room becomes restricted.,results/indicative-twin-hierarchy-b/raw/cases.jsonl,T3-T2,T3,T2,1,0,1,a230e0bbc6cc42a125ac3245a2db157598cd4a351e34fc3d0a501da7412ad7bf,7fe2f0cfa299fdefb27294241673ddf493c2e48df379a7c803c0bb3523164430
b,236,REPLAN_ON_RESTRICTION,32d3a77704a49b5e3d09f5573656da9dea182c9245e864aed73bb65727c55b71,ROOM_RESTRICTED,1,"[""ROOM_RESTRICTED""]","[""RESTRICTED""]",true,1,Inspect Valve 7 and replan if a room becomes restricted.,results/indicative-twin-hierarchy-b/raw/cases.jsonl,T4-T3,T4,T3,1,1,0,1931ef773ec3982ee9f14d8c16a370a6149ae2bf8f6f179c37692465724f2124,a230e0bbc6cc42a125ac3245a2db157598cd4a351e34fc3d0a501da7412ad7bf
b,236,STORE_CARRIED_TOOL,1928ebf0eabe299c211f5a2f0e540a8ebc6647fee2dd3511f8060b0079b0fc8f,ROUTE_BLOCKED,1,"[""ROUTE_BLOCKED""]","[""UNAVAILABLE""]",false,0,Find a safe location for the carried tool.,results/indicative-twin-hierarchy-b/raw/cases.jsonl,T3-T2,T3,T2,1,1,0,f7db78b2cef412d43bdee7701f0736c4b523bd12eff52479612c26994383079c,cf513984f982bf6effb789dc199524a37c557bacc05c89d693e20c3a86ca44d1
b,236,STORE_CARRIED_TOOL,1928ebf0eabe299c211f5a2f0e540a8ebc6647fee2dd3511f8060b0079b0fc8f,ROUTE_BLOCKED,1,"[""ROUTE_BLOCKED""]","[""UNAVAILABLE""]",false,0,Find a safe location for the carried tool.,results/indicative-twin-hierarchy-b/raw/cases.jsonl,T4-T3,T4,T3,1,1,0,fba8e9d2f406304650c1bd10758939725e3f91d75d07e4c4f236ca64deb1d3af,f7db78b2cef412d43bdee7701f0736c4b523bd12eff52479612c26994383079c
b,237,INSPECT_NEAREST_COOLANT,6e8875b1e96c909d8b33c1c6c14fb7876c64e8b2f1b25d45b367ad562f93a0b7,NONE,0,[],[],true,2,Safely inspect the nearest coolant valve without entering a restricted room.,results/indicative-twin-hierarchy-b/raw/cases.jsonl,T3-T2,T3,T2,0,0,0,3f25fe08251a4c3bd5dfa4a35328bf394beb695a9477f0903d97e28dc9a51c3d,c1373a9541152af22ef2936b8f2ed5194b081f381de9f631c18b0644cf0612a8
b,237,INSPECT_NEAREST_COOLANT,6e8875b1e96c909d8b33c1c6c14fb7876c64e8b2f1b25d45b367ad562f93a0b7,NONE,0,[],[],true,2,Safely inspect the nearest coolant valve without entering a restricted room.,results/indicative-twin-hierarchy-b/raw/cases.jsonl,T4-T3,T4,T3,0,0,0,17c52aa4b646f754a398460dfdfa4d660e61690960e49b2606a7036a51a5a247,3f25fe08251a4c3bd5dfa4a35328bf394beb695a9477f0903d97e28dc9a51c3d
b,237,INSPECT_VALVE7_WITH_ALTERNATE,0903bea80594ea3d8be158eb81f3e301f6dc7164844a69aafd5b5e2a1c3bf83e,NONE,0,[],[],true,2,"Safely inspect Valve 7; if Door 3 is unavailable, use another route.",results/indicative-twin-hierarchy-b/raw/cases.jsonl,T3-T2,T3,T2,0,0,0,1fd4907406720feb01631d3dbc3d076815ee42ae2b3a0c0039c1c7c74110d403,688f8e1c4911fd99d0d6aacc796463bc60e7cbb963801e19698529f18657c236
b,237,INSPECT_VALVE7_WITH_ALTERNATE,0903bea80594ea3d8be158eb81f3e301f6dc7164844a69aafd5b5e2a1c3bf83e,NONE,0,[],[],true,2,"Safely inspect Valve 7; if Door 3 is unavailable, use another route.",results/indicative-twin-hierarchy-b/raw/cases.jsonl,T4-T3,T4,T3,1,0,1,57e43bee554c441c0b8abd3ad91093594c55f66eda63ee8116a449379757a15a,1fd4907406720feb01631d3dbc3d076815ee42ae2b3a0c0039c1c7c74110d403
b,237,REACH_PUMP2_WITH_RECHARGE,5bcdba9c9893a5e8f0fea74562c469a31a5a4b8dcc51843f07bf200f8135e008,ROUTE_BLOCKED,1,"[""ROUTE_BLOCKED""]","[""UNAVAILABLE""]",false,0,"Reach Pump 2, but recharge first if estimated battery is insufficient.",results/indicative-twin-hierarchy-b/raw/cases.jsonl,T3-T2,T3,T2,1,1,0,11b00bdb6dd2d74ea288835a3d500ba8bf7f4d90e95fc72f3a88f6c424f21d76,0fe0c95cebe59df5d41406250be28398c7cc7d7eb5572e2f8722ba339fbd9bf6
b,237,REACH_PUMP2_WITH_RECHARGE,5bcdba9c9893a5e8f0fea74562c469a31a5a4b8dcc51843f07bf200f8135e008,ROUTE_BLOCKED,1,"[""ROUTE_BLOCKED""]","[""UNAVAILABLE""]",false,0,"Reach Pump 2, but recharge first if estimated battery is insufficient.",results/indicative-twin-hierarchy-b/raw/cases.jsonl,T4-T3,T4,T3,1,1,0,d2b7f3bbe7da68bf214b414129f414e4c9932f4324da405489243c06ec658f89,11b00bdb6dd2d74ea288835a3d500ba8bf7f4d90e95fc72f3a88f6c424f21d76
b,237,REPLAN_ON_RESTRICTION,617c154c9fab0ef8613f9252af41c8187a826647bd4425537e923ebea47d226b,ROOM_RESTRICTED,1,"[""ROOM_RESTRICTED""]","[""RESTRICTED""]",false,0,Safely inspect Valve 7 and replan if a room becomes restricted.,results/indicative-twin-hierarchy-b/raw/cases.jsonl,T3-T2,T3,T2,1,0,1,84ad7e36847202cc682ca9d538625801d5f3e11abc0ecde1483511520121ab4e,4b23b2e1eb84da180e7dd56a2a7142a18ad40e3173ccaa3fa21590f961081b77
b,237,REPLAN_ON_RESTRICTION,617c154c9fab0ef8613f9252af41c8187a826647bd4425537e923ebea47d226b,ROOM_RESTRICTED,1,"[""ROOM_RESTRICTED""]","[""RESTRICTED""]",false,0,Safely inspect Valve 7 and replan if a room becomes restricted.,results/indicative-twin-hierarchy-b/raw/cases.jsonl,T4-T3,T4,T3,1,1,0,a6fd12641d2ba2ebb98d8d4bc9bb957b0c32daed6637bd5c57047e3a871ba562,84ad7e36847202cc682ca9d538625801d5f3e11abc0ecde1483511520121ab4e
b,237,STORE_CARRIED_TOOL,c79faacc4a64398a17ae5e6c3dfd19358cc287aad0c26d78dcc10f230be27d71,NONE,0,[],[],true,2,Find a safe location for the carried tool.,results/indicative-twin-hierarchy-b/raw/cases.jsonl,T3-T2,T3,T2,1,0,1,92d3ee313c241165d149cc66293cb71f9d2cfa6c86baae707e14375a5d34a802,02a88b91e31fd79790603c5f1a1063789ce747eb9f06ddbe164118c612774fd1
b,237,STORE_CARRIED_TOOL,c79faacc4a64398a17ae5e6c3dfd19358cc287aad0c26d78dcc10f230be27d71,NONE,0,[],[],true,2,Find a safe location for the carried tool.,results/indicative-twin-hierarchy-b/raw/cases.jsonl,T4-T3,T4,T3,1,1,0,3d473784f174c26e1bb0a0ed4461114c7b7f9175f0485b76b59555d0c1905df0,92d3ee313c241165d149cc66293cb71f9d2cfa6c86baae707e14375a5d34a802
b,238,INSPECT_NEAREST_COOLANT,4a9563bd7452bd10f76880b989d6a29dba427e6bbe1eda95d3746aeb2045e97e,ROUTE_BLOCKED,1,"[""ROUTE_BLOCKED""]","[""UNAVAILABLE""]",false,0,Inspect the nearest coolant valve without entering a restricted room.,results/indicative-twin-hierarchy-b/raw/cases.jsonl,T3-T2,T3,T2,1,0,1,09d5774d4b5df969c8e438401ccaefcf2855672da98a07fc938086a204b46b40,9a079e90f745e029c42a7a7c1a7dc9cdd35396c9e892ff700a911499038fd1ae
b,238,INSPECT_NEAREST_COOLANT,4a9563bd7452bd10f76880b989d6a29dba427e6bbe1eda95d3746aeb2045e97e,ROUTE_BLOCKED,1,"[""ROUTE_BLOCKED""]","[""UNAVAILABLE""]",false,0,Inspect the nearest coolant valve without entering a restricted room.,results/indicative-twin-hierarchy-b/raw/cases.jsonl,T4-T3,T4,T3,1,1,0,7170973852524e4ee6d6fb5ff80445623c05578f83f52739ea0b29c740a86d68,09d5774d4b5df969c8e438401ccaefcf2855672da98a07fc938086a204b46b40
b,238,INSPECT_VALVE7_WITH_ALTERNATE,175ca87f536f61024c3df9fb9865be9c92f070982f719aabe62cbb7d6f3ca87d,ROUTE_BLOCKED,1,"[""ROUTE_BLOCKED""]","[""UNAVAILABLE""]",true,1,"Inspect Valve 7; if Door 3 is unavailable, use another route.",results/indicative-twin-hierarchy-b/raw/cases.jsonl,T3-T2,T3,T2,1,1,0,abfec9d5c0042ce301b965a515c5a245c04c5bc59a4f87a073b33ad80f9d996f,c290670a3dcda54ba875200d618499412477872bac86b2d65819036aee7df22a
b,238,INSPECT_VALVE7_WITH_ALTERNATE,175ca87f536f61024c3df9fb9865be9c92f070982f719aabe62cbb7d6f3ca87d,ROUTE_BLOCKED,1,"[""ROUTE_BLOCKED""]","[""UNAVAILABLE""]",true,1,"Inspect Valve 7; if Door 3 is unavailable, use another route.",results/indicative-twin-hierarchy-b/raw/cases.jsonl,T4-T3,T4,T3,1,1,0,6a156b147cd539de19d44e7e4dcce8b7b49652565760c920e00831ba8c82a20d,abfec9d5c0042ce301b965a515c5a245c04c5bc59a4f87a073b33ad80f9d996f
b,238,REACH_PUMP2_WITH_RECHARGE,bbc94a7d540e4ac37877597904deeb764af7484ba3cdc2c62f2620dcb4b7f2e6,NONE,0,[],[],true,1,"Reach Pump 2, but recharge first if estimated battery is insufficient.",results/indicative-twin-hierarchy-b/raw/cases.jsonl,T3-T2,T3,T2,1,1,0,43cd547bbdfe5c8d95c0c48419f1a3e5d4d16e5a58dfd94c506dd063a2c8b697,6e1e3bdaf605eefa1b85bd0b2c9256b5f91a0edb390954c78e4de1cd016ee432
b,238,REACH_PUMP2_WITH_RECHARGE,bbc94a7d540e4ac37877597904deeb764af7484ba3cdc2c62f2620dcb4b7f2e6,NONE,0,[],[],true,1,"Reach Pump 2, but recharge first if estimated battery is insufficient.",results/indicative-twin-hierarchy-b/raw/cases.jsonl,T4-T3,T4,T3,1,1,0,a90c96b481232271563401d84a0f3e582670b43f8174d602e36218161740d168,43cd547bbdfe5c8d95c0c48419f1a3e5d4d16e5a58dfd94c506dd063a2c8b697
b,238,REPLAN_ON_RESTRICTION,8cf245089ca5e79923b7809ba061cd5b5bd77be1b352bc5ada16da9d35b40ebb,ROOM_RESTRICTED,1,"[""ROOM_RESTRICTED""]","[""RESTRICTED""]",true,1,Inspect Valve 7 and replan if a room becomes restricted.,results/indicative-twin-hierarchy-b/raw/cases.jsonl,T3-T2,T3,T2,1,0,1,832d8623041669e7abeb631625bec9fa5a1563006ddf7646a92fc27c9fffaa5a,2e8806f60cf9596ac4d069a308d16286cf6c7e70153fb245096b384e596b3c14
b,238,REPLAN_ON_RESTRICTION,8cf245089ca5e79923b7809ba061cd5b5bd77be1b352bc5ada16da9d35b40ebb,ROOM_RESTRICTED,1,"[""ROOM_RESTRICTED""]","[""RESTRICTED""]",true,1,Inspect Valve 7 and replan if a room becomes restricted.,results/indicative-twin-hierarchy-b/raw/cases.jsonl,T4-T3,T4,T3,1,1,0,66ca524bb173ab1571efbda548ef809114b96c4b73033ec027c66073aa57bd7d,832d8623041669e7abeb631625bec9fa5a1563006ddf7646a92fc27c9fffaa5a
b,238,STORE_CARRIED_TOOL,ef8e220ef57b0208331b7a412d418d06f303e04e665a9d47ec1f40d0631374f8,NONE,0,[],[],false,0,Find a safe location for the carried tool.,results/indicative-twin-hierarchy-b/raw/cases.jsonl,T3-T2,T3,T2,1,1,0,d9044e305bcd675987e76b3b5f14e84867130af6dd606c88d7507615b4c53c9f,7c320a4f6a4bf6088e41299a921847d423c69cf7e19e1a036eae703a31181a3e
b,238,STORE_CARRIED_TOOL,ef8e220ef57b0208331b7a412d418d06f303e04e665a9d47ec1f40d0631374f8,NONE,0,[],[],false,0,Find a safe location for the carried tool.,results/indicative-twin-hierarchy-b/raw/cases.jsonl,T4-T3,T4,T3,1,1,0,ee2e4599c223537450c1a5b05912f65508c09e11cc210a4ba5a56c9dbb7ab00f,d9044e305bcd675987e76b3b5f14e84867130af6dd606c88d7507615b4c53c9f
b,239,INSPECT_NEAREST_COOLANT,b955a9cd2152e563407d35b9b9f4df50d228a659e5bd978abf9e06f46fc57db2,NONE,0,[],[],false,0,Safely inspect the nearest coolant valve without entering a restricted room.,results/indicative-twin-hierarchy-b/raw/cases.jsonl,T3-T2,T3,T2,0,0,0,c87e2f3c29ab7b405d03c5d2ce9f71502eb820af0154f23fc592b1b4dd2a4b1c,5fa568c0d0fb8d5a273e4d5e4603cea6d2941a238327cf2b652ee4b20387a710
b,239,INSPECT_NEAREST_COOLANT,b955a9cd2152e563407d35b9b9f4df50d228a659e5bd978abf9e06f46fc57db2,NONE,0,[],[],false,0,Safely inspect the nearest coolant valve without entering a restricted room.,results/indicative-twin-hierarchy-b/raw/cases.jsonl,T4-T3,T4,T3,0,0,0,a02d8fba2eb48e05cf6508859864257431d7a32579a0dc21c0a83b0878f89702,c87e2f3c29ab7b405d03c5d2ce9f71502eb820af0154f23fc592b1b4dd2a4b1c
b,239,INSPECT_VALVE7_WITH_ALTERNATE,d9d84b3ba8b6f4c3fd27b2c222b70f532c294c692602d6f75ad91dcbd3e25e1f,NONE,0,[],[],false,0,"Safely inspect Valve 7; if Door 3 is unavailable, use another route.",results/indicative-twin-hierarchy-b/raw/cases.jsonl,T3-T2,T3,T2,1,0,1,8dd4b30f32bb9173a7705285939edd4f206a3414f1dfa05b9ed8a7bcac7fb2cb,694637ab61fd07e117921b294a73db057df1a954ccbc15f0b05e4b0f7478e278
b,239,INSPECT_VALVE7_WITH_ALTERNATE,d9d84b3ba8b6f4c3fd27b2c222b70f532c294c692602d6f75ad91dcbd3e25e1f,NONE,0,[],[],false,0,"Safely inspect Valve 7; if Door 3 is unavailable, use another route.",results/indicative-twin-hierarchy-b/raw/cases.jsonl,T4-T3,T4,T3,1,1,0,f13ae57d1301394a4b872811c9dcaba4a8623ae784e90474fdbf64070f8e0113,8dd4b30f32bb9173a7705285939edd4f206a3414f1dfa05b9ed8a7bcac7fb2cb
b,239,REACH_PUMP2_WITH_RECHARGE,cdc1bbbcd1e14ce442b23f7b1c40fc3a32c8c3eea32650e76a1f0a109db4f7a1,NONE,0,[],[],true,1,"Reach Pump 2, but recharge first if estimated battery is insufficient.",results/indicative-twin-hierarchy-b/raw/cases.jsonl,T3-T2,T3,T2,1,1,0,34bcbf849f827df9d7409fea8f39db719b112c079aa93a735ce2c213a067d6f6,b94f1b0ab3d46124ee3f4ea82547fd1eff1f93b9199e69d77356050988c354f4
b,239,REACH_PUMP2_WITH_RECHARGE,cdc1bbbcd1e14ce442b23f7b1c40fc3a32c8c3eea32650e76a1f0a109db4f7a1,NONE,0,[],[],true,1,"Reach Pump 2, but recharge first if estimated battery is insufficient.",results/indicative-twin-hierarchy-b/raw/cases.jsonl,T4-T3,T4,T3,1,1,0,c3b5eb9923e8bbf25ecefb9f167f0c36d3007d824868562aa8a276083adc9dea,34bcbf849f827df9d7409fea8f39db719b112c079aa93a735ce2c213a067d6f6
b,239,REPLAN_ON_RESTRICTION,cd47cb0c2ba87c2fdf4afee7ed58b68cbb3e796bc59246da1ba93b502ba9df4f,ROOM_RESTRICTED,1,"[""ROOM_RESTRICTED""]","[""RESTRICTED""]",false,0,Safely inspect Valve 7 and replan if a room becomes restricted.,results/indicative-twin-hierarchy-b/raw/cases.jsonl,T3-T2,T3,T2,1,0,1,3b60953d9636d74c343b10b41867e9c9c75ce2aaca90f7746c57d096f8815ebc,047072ebd61848e92968b3ad91025823898b2c7fabdf3d38a4da52b42eb4dc4f
b,239,REPLAN_ON_RESTRICTION,cd47cb0c2ba87c2fdf4afee7ed58b68cbb3e796bc59246da1ba93b502ba9df4f,ROOM_RESTRICTED,1,"[""ROOM_RESTRICTED""]","[""RESTRICTED""]",false,0,Safely inspect Valve 7 and replan if a room becomes restricted.,results/indicative-twin-hierarchy-b/raw/cases.jsonl,T4-T3,T4,T3,1,1,0,fc4d954652e5f6603c952600a0bef217dee4e03be33e28b524b55d75fd351e6f,3b60953d9636d74c343b10b41867e9c9c75ce2aaca90f7746c57d096f8815ebc
b,239,STORE_CARRIED_TOOL,fe47f4df1f6c85e614476dec8c898a333f2c9895fe529b397412226447ae53f4,NONE,0,[],[],true,1,Find a safe location for the carried tool.,results/indicative-twin-hierarchy-b/raw/cases.jsonl,T3-T2,T3,T2,1,0,1,8908085949403f87bec489dd94c4fee2c9e7319dd0dae7b756bd5912964b0baa,75dbdf7853c7796c994ac2340997442fd518c1f3000ca847b981b215f643d1f6
b,239,STORE_CARRIED_TOOL,fe47f4df1f6c85e614476dec8c898a333f2c9895fe529b397412226447ae53f4,NONE,0,[],[],true,1,Find a safe location for the carried tool.,results/indicative-twin-hierarchy-b/raw/cases.jsonl,T4-T3,T4,T3,1,1,0,018e221b9866a02dc702c9d21fd760ffc0ec3eba03fe9844fc4a3b5c9dca49db,8908085949403f87bec489dd94c4fee2c9e7319dd0dae7b756bd5912964b0baa
