storage_variant,trigger_policy,quality_id,disturbance_family,severity,horizon,prompt_envelope,n,completion,progress,retries,wakes,false_wakes,late_wakes,wasted_wakes,thrash,trigger_precision,trigger_recall,cost_proxy,storage_reads,storage_writes,storage_bytes,storage_age,escalation_event,escalation_failure
LIVE_BELIEF,EVENT_DRIVEN,Q00_CLEAN,AVAILABILITY_LOSS,HIGH,4,COMPACT_TYPED,12,1.0,8.0,0.0,1.0,0.0,0.0,0.0,1.0,1.0,1.0,8.0,1.0,1.0,167.0,6.0,1.0,0.0
LIVE_BELIEF,EVENT_DRIVEN,Q00_CLEAN,AVAILABILITY_LOSS,HIGH,4,VERBOSE_TYPED,12,1.0,8.0,0.0,1.0,0.0,0.0,0.0,1.0,1.0,1.0,11.0,1.0,1.0,168.0,6.0,1.0,0.0
LIVE_BELIEF,EVENT_DRIVEN,Q00_CLEAN,AVAILABILITY_LOSS,HIGH,8,COMPACT_TYPED,12,1.0,12.0,0.0,1.0,0.0,0.0,0.0,1.0,1.0,1.0,8.0,1.0,1.0,167.0,8.0,1.0,0.0
LIVE_BELIEF,EVENT_DRIVEN,Q00_CLEAN,AVAILABILITY_LOSS,HIGH,8,VERBOSE_TYPED,12,1.0,12.0,0.0,1.0,0.0,0.0,0.0,1.0,1.0,1.0,11.0,1.0,1.0,168.0,8.0,1.0,0.0
LIVE_BELIEF,EVENT_DRIVEN,Q00_CLEAN,AVAILABILITY_LOSS,HIGH,12,COMPACT_TYPED,12,1.0,16.0,0.0,1.0,0.0,0.0,0.0,1.0,1.0,1.0,8.0,1.0,1.0,167.0,10.0,1.0,0.0
LIVE_BELIEF,EVENT_DRIVEN,Q00_CLEAN,AVAILABILITY_LOSS,HIGH,12,VERBOSE_TYPED,12,1.0,16.0,0.0,1.0,0.0,0.0,0.0,1.0,1.0,1.0,11.0,1.0,1.0,168.0,10.0,1.0,0.0
LIVE_BELIEF,EVENT_DRIVEN,Q00_CLEAN,AVAILABILITY_LOSS,LOW,4,COMPACT_TYPED,12,1.0,8.0,0.0,1.0,0.0,0.0,0.0,1.0,1.0,1.0,8.0,1.0,1.0,167.0,6.0,1.0,0.0
LIVE_BELIEF,EVENT_DRIVEN,Q00_CLEAN,AVAILABILITY_LOSS,LOW,4,VERBOSE_TYPED,12,1.0,8.0,0.0,1.0,0.0,0.0,0.0,1.0,1.0,1.0,11.0,1.0,1.0,168.0,6.0,1.0,0.0
LIVE_BELIEF,EVENT_DRIVEN,Q00_CLEAN,AVAILABILITY_LOSS,LOW,8,COMPACT_TYPED,12,1.0,12.0,0.0,1.0,0.0,0.0,0.0,1.0,1.0,1.0,8.0,1.0,1.0,167.0,8.0,1.0,0.0
LIVE_BELIEF,EVENT_DRIVEN,Q00_CLEAN,AVAILABILITY_LOSS,LOW,8,VERBOSE_TYPED,12,1.0,12.0,0.0,1.0,0.0,0.0,0.0,1.0,1.0,1.0,11.0,1.0,1.0,168.0,8.0,1.0,0.0
LIVE_BELIEF,EVENT_DRIVEN,Q00_CLEAN,AVAILABILITY_LOSS,LOW,12,COMPACT_TYPED,12,1.0,16.0,0.0,1.0,0.0,0.0,0.0,1.0,1.0,1.0,8.0,1.0,1.0,167.0,10.0,1.0,0.0
LIVE_BELIEF,EVENT_DRIVEN,Q00_CLEAN,AVAILABILITY_LOSS,LOW,12,VERBOSE_TYPED,12,1.0,16.0,0.0,1.0,0.0,0.0,0.0,1.0,1.0,1.0,11.0,1.0,1.0,168.0,10.0,1.0,0.0
LIVE_BELIEF,EVENT_DRIVEN,Q00_CLEAN,CONTROL_FAILURE,HIGH,4,COMPACT_TYPED,12,1.0,5.0,3.0,1.0,0.0,0.0,1.0,0.0,1.0,1.0,14.0,1.0,1.0,166.0,6.0,1.0,0.0
LIVE_BELIEF,EVENT_DRIVEN,Q00_CLEAN,CONTROL_FAILURE,HIGH,4,VERBOSE_TYPED,12,1.0,5.0,3.0,1.0,0.0,0.0,1.0,0.0,1.0,1.0,17.0,1.0,1.0,167.0,6.0,1.0,0.0
LIVE_BELIEF,EVENT_DRIVEN,Q00_CLEAN,CONTROL_FAILURE,HIGH,8,COMPACT_TYPED,12,1.0,9.0,3.0,1.0,0.0,0.0,1.0,0.0,1.0,1.0,14.0,1.0,1.0,166.0,8.0,1.0,0.0
LIVE_BELIEF,EVENT_DRIVEN,Q00_CLEAN,CONTROL_FAILURE,HIGH,8,VERBOSE_TYPED,12,1.0,9.0,3.0,1.0,0.0,0.0,1.0,0.0,1.0,1.0,17.0,1.0,1.0,167.0,8.0,1.0,0.0
LIVE_BELIEF,EVENT_DRIVEN,Q00_CLEAN,CONTROL_FAILURE,HIGH,12,COMPACT_TYPED,12,1.0,13.0,3.0,1.0,0.0,0.0,1.0,0.0,1.0,1.0,14.0,1.0,1.0,166.0,10.0,1.0,0.0
LIVE_BELIEF,EVENT_DRIVEN,Q00_CLEAN,CONTROL_FAILURE,HIGH,12,VERBOSE_TYPED,12,1.0,13.0,3.0,1.0,0.0,0.0,1.0,0.0,1.0,1.0,17.0,1.0,1.0,167.0,10.0,1.0,0.0
LIVE_BELIEF,EVENT_DRIVEN,Q00_CLEAN,CONTROL_FAILURE,LOW,4,COMPACT_TYPED,12,1.0,6.0,2.0,1.0,0.0,0.0,1.0,0.0,1.0,1.0,12.0,1.0,1.0,166.0,6.0,1.0,0.0
LIVE_BELIEF,EVENT_DRIVEN,Q00_CLEAN,CONTROL_FAILURE,LOW,4,VERBOSE_TYPED,12,1.0,6.0,2.0,1.0,0.0,0.0,1.0,0.0,1.0,1.0,15.0,1.0,1.0,167.0,6.0,1.0,0.0
LIVE_BELIEF,EVENT_DRIVEN,Q00_CLEAN,CONTROL_FAILURE,LOW,8,COMPACT_TYPED,12,1.0,10.0,2.0,1.0,0.0,0.0,1.0,0.0,1.0,1.0,12.0,1.0,1.0,166.0,8.0,1.0,0.0
LIVE_BELIEF,EVENT_DRIVEN,Q00_CLEAN,CONTROL_FAILURE,LOW,8,VERBOSE_TYPED,12,1.0,10.0,2.0,1.0,0.0,0.0,1.0,0.0,1.0,1.0,15.0,1.0,1.0,167.0,8.0,1.0,0.0
LIVE_BELIEF,EVENT_DRIVEN,Q00_CLEAN,CONTROL_FAILURE,LOW,12,COMPACT_TYPED,12,1.0,14.0,2.0,1.0,0.0,0.0,1.0,0.0,1.0,1.0,12.0,1.0,1.0,166.0,10.0,1.0,0.0
LIVE_BELIEF,EVENT_DRIVEN,Q00_CLEAN,CONTROL_FAILURE,LOW,12,VERBOSE_TYPED,12,1.0,14.0,2.0,1.0,0.0,0.0,1.0,0.0,1.0,1.0,15.0,1.0,1.0,167.0,10.0,1.0,0.0
LIVE_BELIEF,EVENT_DRIVEN,Q00_CLEAN,POSE_SHIFT,HIGH,4,COMPACT_TYPED,12,1.0,8.0,0.0,1.0,0.0,0.0,0.0,0.0,1.0,1.0,8.0,1.0,1.0,161.0,6.0,1.0,0.0
LIVE_BELIEF,EVENT_DRIVEN,Q00_CLEAN,POSE_SHIFT,HIGH,4,VERBOSE_TYPED,12,1.0,8.0,0.0,1.0,0.0,0.0,0.0,0.0,1.0,1.0,11.0,1.0,1.0,162.0,6.0,1.0,0.0
LIVE_BELIEF,EVENT_DRIVEN,Q00_CLEAN,POSE_SHIFT,HIGH,8,COMPACT_TYPED,12,1.0,12.0,0.0,1.0,0.0,0.0,0.0,0.0,1.0,1.0,8.0,1.0,1.0,161.0,8.0,1.0,0.0
LIVE_BELIEF,EVENT_DRIVEN,Q00_CLEAN,POSE_SHIFT,HIGH,8,VERBOSE_TYPED,12,1.0,12.0,0.0,1.0,0.0,0.0,0.0,0.0,1.0,1.0,11.0,1.0,1.0,162.0,8.0,1.0,0.0
LIVE_BELIEF,EVENT_DRIVEN,Q00_CLEAN,POSE_SHIFT,HIGH,12,COMPACT_TYPED,12,1.0,16.0,0.0,1.0,0.0,0.0,0.0,0.0,1.0,1.0,8.0,1.0,1.0,161.0,10.0,1.0,0.0
LIVE_BELIEF,EVENT_DRIVEN,Q00_CLEAN,POSE_SHIFT,HIGH,12,VERBOSE_TYPED,12,1.0,16.0,0.0,1.0,0.0,0.0,0.0,0.0,1.0,1.0,11.0,1.0,1.0,162.0,10.0,1.0,0.0
LIVE_BELIEF,EVENT_DRIVEN,Q00_CLEAN,POSE_SHIFT,LOW,4,COMPACT_TYPED,12,1.0,8.0,0.0,1.0,0.0,0.0,0.0,0.0,1.0,1.0,8.0,1.0,1.0,161.0,6.0,1.0,0.0
LIVE_BELIEF,EVENT_DRIVEN,Q00_CLEAN,POSE_SHIFT,LOW,4,VERBOSE_TYPED,12,1.0,8.0,0.0,1.0,0.0,0.0,0.0,0.0,1.0,1.0,11.0,1.0,1.0,162.0,6.0,1.0,0.0
LIVE_BELIEF,EVENT_DRIVEN,Q00_CLEAN,POSE_SHIFT,LOW,8,COMPACT_TYPED,12,1.0,12.0,0.0,1.0,0.0,0.0,0.0,0.0,1.0,1.0,8.0,1.0,1.0,161.0,8.0,1.0,0.0
LIVE_BELIEF,EVENT_DRIVEN,Q00_CLEAN,POSE_SHIFT,LOW,8,VERBOSE_TYPED,12,1.0,12.0,0.0,1.0,0.0,0.0,0.0,0.0,1.0,1.0,11.0,1.0,1.0,162.0,8.0,1.0,0.0
LIVE_BELIEF,EVENT_DRIVEN,Q00_CLEAN,POSE_SHIFT,LOW,12,COMPACT_TYPED,12,1.0,16.0,0.0,1.0,0.0,0.0,0.0,0.0,1.0,1.0,8.0,1.0,1.0,161.0,10.0,1.0,0.0
LIVE_BELIEF,EVENT_DRIVEN,Q00_CLEAN,POSE_SHIFT,LOW,12,VERBOSE_TYPED,12,1.0,16.0,0.0,1.0,0.0,0.0,0.0,0.0,1.0,1.0,11.0,1.0,1.0,162.0,10.0,1.0,0.0
LIVE_BELIEF,EVENT_DRIVEN,Q00_CLEAN,RESTRICTION_CHANGE,HIGH,4,COMPACT_TYPED,12,1.0,8.0,0.0,1.0,0.0,0.0,0.0,1.0,1.0,1.0,8.0,1.0,1.0,164.0,6.0,1.0,0.0
LIVE_BELIEF,EVENT_DRIVEN,Q00_CLEAN,RESTRICTION_CHANGE,HIGH,4,VERBOSE_TYPED,12,1.0,8.0,0.0,1.0,0.0,0.0,0.0,1.0,1.0,1.0,11.0,1.0,1.0,165.0,6.0,1.0,0.0
LIVE_BELIEF,EVENT_DRIVEN,Q00_CLEAN,RESTRICTION_CHANGE,HIGH,8,COMPACT_TYPED,12,1.0,12.0,0.0,1.0,0.0,0.0,0.0,1.0,1.0,1.0,8.0,1.0,1.0,164.0,8.0,1.0,0.0
LIVE_BELIEF,EVENT_DRIVEN,Q00_CLEAN,RESTRICTION_CHANGE,HIGH,8,VERBOSE_TYPED,12,1.0,12.0,0.0,1.0,0.0,0.0,0.0,1.0,1.0,1.0,11.0,1.0,1.0,165.0,8.0,1.0,0.0
LIVE_BELIEF,EVENT_DRIVEN,Q00_CLEAN,RESTRICTION_CHANGE,HIGH,12,COMPACT_TYPED,12,1.0,16.0,0.0,1.0,0.0,0.0,0.0,1.0,1.0,1.0,8.0,1.0,1.0,164.0,10.0,1.0,0.0
LIVE_BELIEF,EVENT_DRIVEN,Q00_CLEAN,RESTRICTION_CHANGE,HIGH,12,VERBOSE_TYPED,12,1.0,16.0,0.0,1.0,0.0,0.0,0.0,1.0,1.0,1.0,11.0,1.0,1.0,165.0,10.0,1.0,0.0
LIVE_BELIEF,EVENT_DRIVEN,Q00_CLEAN,RESTRICTION_CHANGE,LOW,4,COMPACT_TYPED,12,1.0,8.0,0.0,1.0,0.0,0.0,0.0,1.0,1.0,1.0,8.0,1.0,1.0,164.0,6.0,1.0,0.0
LIVE_BELIEF,EVENT_DRIVEN,Q00_CLEAN,RESTRICTION_CHANGE,LOW,4,VERBOSE_TYPED,12,1.0,8.0,0.0,1.0,0.0,0.0,0.0,1.0,1.0,1.0,11.0,1.0,1.0,165.0,6.0,1.0,0.0
LIVE_BELIEF,EVENT_DRIVEN,Q00_CLEAN,RESTRICTION_CHANGE,LOW,8,COMPACT_TYPED,12,1.0,12.0,0.0,1.0,0.0,0.0,0.0,1.0,1.0,1.0,8.0,1.0,1.0,164.0,8.0,1.0,0.0
LIVE_BELIEF,EVENT_DRIVEN,Q00_CLEAN,RESTRICTION_CHANGE,LOW,8,VERBOSE_TYPED,12,1.0,12.0,0.0,1.0,0.0,0.0,0.0,1.0,1.0,1.0,11.0,1.0,1.0,165.0,8.0,1.0,0.0
LIVE_BELIEF,EVENT_DRIVEN,Q00_CLEAN,RESTRICTION_CHANGE,LOW,12,COMPACT_TYPED,12,1.0,16.0,0.0,1.0,0.0,0.0,0.0,1.0,1.0,1.0,8.0,1.0,1.0,164.0,10.0,1.0,0.0
LIVE_BELIEF,EVENT_DRIVEN,Q00_CLEAN,RESTRICTION_CHANGE,LOW,12,VERBOSE_TYPED,12,1.0,16.0,0.0,1.0,0.0,0.0,0.0,1.0,1.0,1.0,11.0,1.0,1.0,165.0,10.0,1.0,0.0
LIVE_BELIEF,EVENT_DRIVEN,Q01_RECALL75,AVAILABILITY_LOSS,HIGH,4,COMPACT_TYPED,12,0.58333333,5.08333333,2.91666667,0.58333333,0.0,0.41666667,0.0,0.58333333,0.58333333,0.58333333,10.5,0.58333333,0.58333333,97.41666667,6.83333333,0.58333333,0.0
LIVE_BELIEF,EVENT_DRIVEN,Q01_RECALL75,AVAILABILITY_LOSS,HIGH,4,VERBOSE_TYPED,12,0.58333333,5.08333333,2.91666667,0.58333333,0.0,0.41666667,0.0,0.58333333,0.58333333,0.58333333,12.25,0.58333333,0.58333333,98.0,6.83333333,0.58333333,0.0
LIVE_BELIEF,EVENT_DRIVEN,Q01_RECALL75,AVAILABILITY_LOSS,HIGH,8,COMPACT_TYPED,12,0.83333333,10.5,1.5,0.83333333,0.0,0.16666667,0.0,0.83333333,0.83333333,0.83333333,9.66666667,0.83333333,0.83333333,139.16666667,8.66666667,0.83333333,0.0
LIVE_BELIEF,EVENT_DRIVEN,Q01_RECALL75,AVAILABILITY_LOSS,HIGH,8,VERBOSE_TYPED,12,0.83333333,10.5,1.5,0.83333333,0.0,0.16666667,0.0,0.83333333,0.83333333,0.83333333,12.16666667,0.83333333,0.83333333,140.0,8.66666667,0.83333333,0.0
LIVE_BELIEF,EVENT_DRIVEN,Q01_RECALL75,AVAILABILITY_LOSS,HIGH,12,COMPACT_TYPED,12,0.66666667,12.33333333,3.66666667,0.66666667,0.0,0.33333333,0.0,0.66666667,0.66666667,0.66666667,12.66666667,0.66666667,0.66666667,111.33333333,12.0,0.66666667,0.0
LIVE_BELIEF,EVENT_DRIVEN,Q01_RECALL75,AVAILABILITY_LOSS,HIGH,12,VERBOSE_TYPED,12,0.66666667,12.33333333,3.66666667,0.66666667,0.0,0.33333333,0.0,0.66666667,0.66666667,0.66666667,14.66666667,0.66666667,0.66666667,112.0,12.0,0.66666667,0.0
LIVE_BELIEF,EVENT_DRIVEN,Q01_RECALL75,AVAILABILITY_LOSS,LOW,4,COMPACT_TYPED,12,0.66666667,5.66666667,2.33333333,0.66666667,0.0,0.33333333,0.0,0.66666667,0.66666667,0.66666667,10.0,0.66666667,0.66666667,111.33333333,6.66666667,0.66666667,0.0
LIVE_BELIEF,EVENT_DRIVEN,Q01_RECALL75,AVAILABILITY_LOSS,LOW,4,VERBOSE_TYPED,12,0.66666667,5.66666667,2.33333333,0.66666667,0.0,0.33333333,0.0,0.66666667,0.66666667,0.66666667,12.0,0.66666667,0.66666667,112.0,6.66666667,0.66666667,0.0
LIVE_BELIEF,EVENT_DRIVEN,Q01_RECALL75,AVAILABILITY_LOSS,LOW,8,COMPACT_TYPED,12,0.83333333,10.5,1.5,0.83333333,0.0,0.16666667,0.0,0.83333333,0.83333333,0.83333333,9.66666667,0.83333333,0.83333333,139.16666667,8.66666667,0.83333333,0.0
LIVE_BELIEF,EVENT_DRIVEN,Q01_RECALL75,AVAILABILITY_LOSS,LOW,8,VERBOSE_TYPED,12,0.83333333,10.5,1.5,0.83333333,0.0,0.16666667,0.0,0.83333333,0.83333333,0.83333333,12.16666667,0.83333333,0.83333333,140.0,8.66666667,0.83333333,0.0
LIVE_BELIEF,EVENT_DRIVEN,Q01_RECALL75,AVAILABILITY_LOSS,LOW,12,COMPACT_TYPED,12,0.83333333,14.16666667,1.83333333,0.83333333,0.0,0.16666667,0.0,0.83333333,0.83333333,0.83333333,10.33333333,0.83333333,0.83333333,139.16666667,11.0,0.83333333,0.0
LIVE_BELIEF,EVENT_DRIVEN,Q01_RECALL75,AVAILABILITY_LOSS,LOW,12,VERBOSE_TYPED,12,0.83333333,14.16666667,1.83333333,0.83333333,0.0,0.16666667,0.0,0.83333333,0.83333333,0.83333333,12.83333333,0.83333333,0.83333333,140.0,11.0,0.83333333,0.0
LIVE_BELIEF,EVENT_DRIVEN,Q01_RECALL75,CONTROL_FAILURE,HIGH,4,COMPACT_TYPED,12,1.0,5.0,3.0,0.66666667,0.0,0.33333333,0.66666667,0.0,0.66666667,0.66666667,11.33333333,0.66666667,0.66666667,110.66666667,6.66666667,0.66666667,0.0
LIVE_BELIEF,EVENT_DRIVEN,Q01_RECALL75,CONTROL_FAILURE,HIGH,4,VERBOSE_TYPED,12,1.0,5.0,3.0,0.66666667,0.0,0.33333333,0.66666667,0.0,0.66666667,0.66666667,13.33333333,0.66666667,0.66666667,111.33333333,6.66666667,0.66666667,0.0
LIVE_BELIEF,EVENT_DRIVEN,Q01_RECALL75,CONTROL_FAILURE,HIGH,8,COMPACT_TYPED,12,1.0,9.0,3.0,0.58333333,0.0,0.41666667,0.58333333,0.0,0.58333333,0.58333333,10.66666667,0.58333333,0.58333333,96.83333333,9.66666667,0.58333333,0.0
LIVE_BELIEF,EVENT_DRIVEN,Q01_RECALL75,CONTROL_FAILURE,HIGH,8,VERBOSE_TYPED,12,1.0,9.0,3.0,0.58333333,0.0,0.41666667,0.58333333,0.0,0.58333333,0.58333333,12.41666667,0.58333333,0.58333333,97.41666667,9.66666667,0.58333333,0.0
LIVE_BELIEF,EVENT_DRIVEN,Q01_RECALL75,CONTROL_FAILURE,HIGH,12,COMPACT_TYPED,12,1.0,13.0,3.0,0.83333333,0.0,0.16666667,0.83333333,0.0,0.83333333,0.83333333,12.66666667,0.83333333,0.83333333,138.33333333,11.0,0.83333333,0.0
LIVE_BELIEF,EVENT_DRIVEN,Q01_RECALL75,CONTROL_FAILURE,HIGH,12,VERBOSE_TYPED,12,1.0,13.0,3.0,0.83333333,0.0,0.16666667,0.83333333,0.0,0.83333333,0.83333333,15.16666667,0.83333333,0.83333333,139.16666667,11.0,0.83333333,0.0
LIVE_BELIEF,EVENT_DRIVEN,Q01_RECALL75,CONTROL_FAILURE,LOW,4,COMPACT_TYPED,12,1.0,6.0,2.0,0.91666667,0.0,0.08333333,0.91666667,0.0,0.91666667,0.91666667,11.33333333,0.91666667,0.91666667,152.16666667,6.16666667,0.91666667,0.0
LIVE_BELIEF,EVENT_DRIVEN,Q01_RECALL75,CONTROL_FAILURE,LOW,4,VERBOSE_TYPED,12,1.0,6.0,2.0,0.91666667,0.0,0.08333333,0.91666667,0.0,0.91666667,0.91666667,14.08333333,0.91666667,0.91666667,153.08333333,6.16666667,0.91666667,0.0
LIVE_BELIEF,EVENT_DRIVEN,Q01_RECALL75,CONTROL_FAILURE,LOW,8,COMPACT_TYPED,12,1.0,10.0,2.0,0.66666667,0.0,0.33333333,0.66666667,0.0,0.66666667,0.66666667,9.33333333,0.66666667,0.66666667,110.66666667,9.33333333,0.66666667,0.0
LIVE_BELIEF,EVENT_DRIVEN,Q01_RECALL75,CONTROL_FAILURE,LOW,8,VERBOSE_TYPED,12,1.0,10.0,2.0,0.66666667,0.0,0.33333333,0.66666667,0.0,0.66666667,0.66666667,11.33333333,0.66666667,0.66666667,111.33333333,9.33333333,0.66666667,0.0
LIVE_BELIEF,EVENT_DRIVEN,Q01_RECALL75,CONTROL_FAILURE,LOW,12,COMPACT_TYPED,12,1.0,14.0,2.0,0.83333333,0.0,0.16666667,0.83333333,0.0,0.83333333,0.83333333,10.66666667,0.83333333,0.83333333,138.33333333,11.0,0.83333333,0.0
LIVE_BELIEF,EVENT_DRIVEN,Q01_RECALL75,CONTROL_FAILURE,LOW,12,VERBOSE_TYPED,12,1.0,14.0,2.0,0.83333333,0.0,0.16666667,0.83333333,0.0,0.83333333,0.83333333,13.16666667,0.83333333,0.83333333,139.16666667,11.0,0.83333333,0.0
LIVE_BELIEF,EVENT_DRIVEN,Q01_RECALL75,POSE_SHIFT,HIGH,4,COMPACT_TYPED,12,0.66666667,5.66666667,2.33333333,0.66666667,0.0,0.33333333,0.0,0.0,0.66666667,0.66666667,10.0,0.66666667,0.66666667,107.33333333,6.66666667,0.66666667,0.0
LIVE_BELIEF,EVENT_DRIVEN,Q01_RECALL75,POSE_SHIFT,HIGH,4,VERBOSE_TYPED,12,0.66666667,5.66666667,2.33333333,0.66666667,0.0,0.33333333,0.0,0.0,0.66666667,0.66666667,12.0,0.66666667,0.66666667,108.0,6.66666667,0.66666667,0.0
LIVE_BELIEF,EVENT_DRIVEN,Q01_RECALL75,POSE_SHIFT,HIGH,8,COMPACT_TYPED,12,0.41666667,6.75,5.25,0.41666667,0.0,0.58333333,0.0,0.0,0.41666667,0.41666667,13.83333333,0.41666667,0.41666667,67.08333333,10.33333333,0.41666667,0.0
LIVE_BELIEF,EVENT_DRIVEN,Q01_RECALL75,POSE_SHIFT,HIGH,8,VERBOSE_TYPED,12,0.41666667,6.75,5.25,0.41666667,0.0,0.58333333,0.0,0.0,0.41666667,0.41666667,15.08333333,0.41666667,0.41666667,67.5,10.33333333,0.41666667,0.0
LIVE_BELIEF,EVENT_DRIVEN,Q01_RECALL75,POSE_SHIFT,HIGH,12,COMPACT_TYPED,12,0.66666667,12.33333333,3.66666667,0.66666667,0.0,0.33333333,0.0,0.0,0.66666667,0.66666667,12.66666667,0.66666667,0.66666667,107.33333333,12.0,0.66666667,0.0
LIVE_BELIEF,EVENT_DRIVEN,Q01_RECALL75,POSE_SHIFT,HIGH,12,VERBOSE_TYPED,12,0.66666667,12.33333333,3.66666667,0.66666667,0.0,0.33333333,0.0,0.0,0.66666667,0.66666667,14.66666667,0.66666667,0.66666667,108.0,12.0,0.66666667,0.0
LIVE_BELIEF,EVENT_DRIVEN,Q01_RECALL75,POSE_SHIFT,LOW,4,COMPACT_TYPED,12,0.66666667,5.66666667,2.33333333,0.66666667,0.0,0.33333333,0.0,0.0,0.66666667,0.66666667,10.0,0.66666667,0.66666667,107.33333333,6.66666667,0.66666667,0.0
LIVE_BELIEF,EVENT_DRIVEN,Q01_RECALL75,POSE_SHIFT,LOW,4,VERBOSE_TYPED,12,0.66666667,5.66666667,2.33333333,0.66666667,0.0,0.33333333,0.0,0.0,0.66666667,0.66666667,12.0,0.66666667,0.66666667,108.0,6.66666667,0.66666667,0.0
LIVE_BELIEF,EVENT_DRIVEN,Q01_RECALL75,POSE_SHIFT,LOW,8,COMPACT_TYPED,12,0.58333333,8.25,3.75,0.58333333,0.0,0.41666667,0.0,0.0,0.58333333,0.58333333,12.16666667,0.58333333,0.58333333,93.91666667,9.66666667,0.58333333,0.0
LIVE_BELIEF,EVENT_DRIVEN,Q01_RECALL75,POSE_SHIFT,LOW,8,VERBOSE_TYPED,12,0.58333333,8.25,3.75,0.58333333,0.0,0.41666667,0.0,0.0,0.58333333,0.58333333,13.91666667,0.58333333,0.58333333,94.5,9.66666667,0.58333333,0.0
LIVE_BELIEF,EVENT_DRIVEN,Q01_RECALL75,POSE_SHIFT,LOW,12,COMPACT_TYPED,12,0.66666667,12.33333333,3.66666667,0.66666667,0.0,0.33333333,0.0,0.0,0.66666667,0.66666667,12.66666667,0.66666667,0.66666667,107.33333333,12.0,0.66666667,0.0
LIVE_BELIEF,EVENT_DRIVEN,Q01_RECALL75,POSE_SHIFT,LOW,12,VERBOSE_TYPED,12,0.66666667,12.33333333,3.66666667,0.66666667,0.0,0.33333333,0.0,0.0,0.66666667,0.66666667,14.66666667,0.66666667,0.66666667,108.0,12.0,0.66666667,0.0
LIVE_BELIEF,EVENT_DRIVEN,Q01_RECALL75,RESTRICTION_CHANGE,HIGH,4,COMPACT_TYPED,12,0.75,6.25,1.75,0.75,0.0,0.25,0.0,0.75,0.75,0.75,9.5,0.75,0.75,123.0,6.5,0.75,0.0
LIVE_BELIEF,EVENT_DRIVEN,Q01_RECALL75,RESTRICTION_CHANGE,HIGH,4,VERBOSE_TYPED,12,0.75,6.25,1.75,0.75,0.0,0.25,0.0,0.75,0.75,0.75,11.75,0.75,0.75,123.75,6.5,0.75,0.0
LIVE_BELIEF,EVENT_DRIVEN,Q01_RECALL75,RESTRICTION_CHANGE,HIGH,8,COMPACT_TYPED,12,0.75,9.75,2.25,0.75,0.0,0.25,0.0,0.75,0.75,0.75,10.5,0.75,0.75,123.0,9.0,0.75,0.0
LIVE_BELIEF,EVENT_DRIVEN,Q01_RECALL75,RESTRICTION_CHANGE,HIGH,8,VERBOSE_TYPED,12,0.75,9.75,2.25,0.75,0.0,0.25,0.0,0.75,0.75,0.75,12.75,0.75,0.75,123.75,9.0,0.75,0.0
LIVE_BELIEF,EVENT_DRIVEN,Q01_RECALL75,RESTRICTION_CHANGE,HIGH,12,COMPACT_TYPED,12,0.83333333,14.16666667,1.83333333,0.83333333,0.0,0.16666667,0.0,0.83333333,0.83333333,0.83333333,10.33333333,0.83333333,0.83333333,136.66666667,11.0,0.83333333,0.0
LIVE_BELIEF,EVENT_DRIVEN,Q01_RECALL75,RESTRICTION_CHANGE,HIGH,12,VERBOSE_TYPED,12,0.83333333,14.16666667,1.83333333,0.83333333,0.0,0.16666667,0.0,0.83333333,0.83333333,0.83333333,12.83333333,0.83333333,0.83333333,137.5,11.0,0.83333333,0.0
LIVE_BELIEF,EVENT_DRIVEN,Q01_RECALL75,RESTRICTION_CHANGE,LOW,4,COMPACT_TYPED,12,0.83333333,6.83333333,1.16666667,0.83333333,0.0,0.16666667,0.0,0.83333333,0.83333333,0.83333333,9.0,0.83333333,0.83333333,136.66666667,6.33333333,0.83333333,0.0
LIVE_BELIEF,EVENT_DRIVEN,Q01_RECALL75,RESTRICTION_CHANGE,LOW,4,VERBOSE_TYPED,12,0.83333333,6.83333333,1.16666667,0.83333333,0.0,0.16666667,0.0,0.83333333,0.83333333,0.83333333,11.5,0.83333333,0.83333333,137.5,6.33333333,0.83333333,0.0
LIVE_BELIEF,EVENT_DRIVEN,Q01_RECALL75,RESTRICTION_CHANGE,LOW,8,COMPACT_TYPED,12,0.75,9.75,2.25,0.75,0.0,0.25,0.0,0.75,0.75,0.75,10.5,0.75,0.75,123.0,9.0,0.75,0.0
LIVE_BELIEF,EVENT_DRIVEN,Q01_RECALL75,RESTRICTION_CHANGE,LOW,8,VERBOSE_TYPED,12,0.75,9.75,2.25,0.75,0.0,0.25,0.0,0.75,0.75,0.75,12.75,0.75,0.75,123.75,9.0,0.75,0.0
LIVE_BELIEF,EVENT_DRIVEN,Q01_RECALL75,RESTRICTION_CHANGE,LOW,12,COMPACT_TYPED,12,0.75,13.25,2.75,0.75,0.0,0.25,0.0,0.75,0.75,0.75,11.5,0.75,0.75,123.0,11.5,0.75,0.0
LIVE_BELIEF,EVENT_DRIVEN,Q01_RECALL75,RESTRICTION_CHANGE,LOW,12,VERBOSE_TYPED,12,0.75,13.25,2.75,0.75,0.0,0.25,0.0,0.75,0.75,0.75,13.75,0.75,0.75,123.75,11.5,0.75,0.0
LIVE_BELIEF,EVENT_DRIVEN,Q02_RECALL50,AVAILABILITY_LOSS,HIGH,4,COMPACT_TYPED,12,0.5,4.5,3.5,0.5,0.0,0.5,0.0,0.5,0.5,0.5,11.0,0.5,0.5,83.5,7.0,0.5,0.0
LIVE_BELIEF,EVENT_DRIVEN,Q02_RECALL50,AVAILABILITY_LOSS,HIGH,4,VERBOSE_TYPED,12,0.5,4.5,3.5,0.5,0.0,0.5,0.0,0.5,0.5,0.5,12.5,0.5,0.5,84.0,7.0,0.5,0.0
LIVE_BELIEF,EVENT_DRIVEN,Q02_RECALL50,AVAILABILITY_LOSS,HIGH,8,COMPACT_TYPED,12,0.66666667,9.0,3.0,0.66666667,0.0,0.33333333,0.0,0.66666667,0.66666667,0.66666667,11.33333333,0.66666667,0.66666667,111.33333333,9.33333333,0.66666667,0.0
LIVE_BELIEF,EVENT_DRIVEN,Q02_RECALL50,AVAILABILITY_LOSS,HIGH,8,VERBOSE_TYPED,12,0.66666667,9.0,3.0,0.66666667,0.0,0.33333333,0.0,0.66666667,0.66666667,0.66666667,13.33333333,0.66666667,0.66666667,112.0,9.33333333,0.66666667,0.0
LIVE_BELIEF,EVENT_DRIVEN,Q02_RECALL50,AVAILABILITY_LOSS,HIGH,12,COMPACT_TYPED,12,0.41666667,9.58333333,6.41666667,0.41666667,0.0,0.58333333,0.0,0.41666667,0.41666667,0.41666667,16.16666667,0.41666667,0.41666667,69.58333333,13.5,0.41666667,0.0
LIVE_BELIEF,EVENT_DRIVEN,Q02_RECALL50,AVAILABILITY_LOSS,HIGH,12,VERBOSE_TYPED,12,0.41666667,9.58333333,6.41666667,0.41666667,0.0,0.58333333,0.0,0.41666667,0.41666667,0.41666667,17.41666667,0.41666667,0.41666667,70.0,13.5,0.41666667,0.0
LIVE_BELIEF,EVENT_DRIVEN,Q02_RECALL50,AVAILABILITY_LOSS,LOW,4,COMPACT_TYPED,12,0.33333333,3.33333333,4.66666667,0.33333333,0.0,0.66666667,0.0,0.33333333,0.33333333,0.33333333,12.0,0.33333333,0.33333333,55.66666667,7.33333333,0.33333333,0.0
LIVE_BELIEF,EVENT_DRIVEN,Q02_RECALL50,AVAILABILITY_LOSS,LOW,4,VERBOSE_TYPED,12,0.33333333,3.33333333,4.66666667,0.33333333,0.0,0.66666667,0.0,0.33333333,0.33333333,0.33333333,13.0,0.33333333,0.33333333,56.0,7.33333333,0.33333333,0.0
LIVE_BELIEF,EVENT_DRIVEN,Q02_RECALL50,AVAILABILITY_LOSS,LOW,8,COMPACT_TYPED,12,0.58333333,8.25,3.75,0.58333333,0.0,0.41666667,0.0,0.58333333,0.58333333,0.58333333,12.16666667,0.58333333,0.58333333,97.41666667,9.66666667,0.58333333,0.0
LIVE_BELIEF,EVENT_DRIVEN,Q02_RECALL50,AVAILABILITY_LOSS,LOW,8,VERBOSE_TYPED,12,0.58333333,8.25,3.75,0.58333333,0.0,0.41666667,0.0,0.58333333,0.58333333,0.58333333,13.91666667,0.58333333,0.58333333,98.0,9.66666667,0.58333333,0.0
LIVE_BELIEF,EVENT_DRIVEN,Q02_RECALL50,AVAILABILITY_LOSS,LOW,12,COMPACT_TYPED,12,0.66666667,12.33333333,3.66666667,0.66666667,0.0,0.33333333,0.0,0.66666667,0.66666667,0.66666667,12.66666667,0.66666667,0.66666667,111.33333333,12.0,0.66666667,0.0
LIVE_BELIEF,EVENT_DRIVEN,Q02_RECALL50,AVAILABILITY_LOSS,LOW,12,VERBOSE_TYPED,12,0.66666667,12.33333333,3.66666667,0.66666667,0.0,0.33333333,0.0,0.66666667,0.66666667,0.66666667,14.66666667,0.66666667,0.66666667,112.0,12.0,0.66666667,0.0
LIVE_BELIEF,EVENT_DRIVEN,Q02_RECALL50,CONTROL_FAILURE,HIGH,4,COMPACT_TYPED,12,1.0,5.0,3.0,0.5,0.0,0.5,0.5,0.0,0.5,0.5,10.0,0.5,0.5,83.0,7.0,0.5,0.0
LIVE_BELIEF,EVENT_DRIVEN,Q02_RECALL50,CONTROL_FAILURE,HIGH,4,VERBOSE_TYPED,12,1.0,5.0,3.0,0.5,0.0,0.5,0.5,0.0,0.5,0.5,11.5,0.5,0.5,83.5,7.0,0.5,0.0
LIVE_BELIEF,EVENT_DRIVEN,Q02_RECALL50,CONTROL_FAILURE,HIGH,8,COMPACT_TYPED,12,1.0,9.0,3.0,0.41666667,0.0,0.58333333,0.41666667,0.0,0.41666667,0.41666667,9.33333333,0.41666667,0.41666667,69.16666667,10.33333333,0.41666667,0.0
LIVE_BELIEF,EVENT_DRIVEN,Q02_RECALL50,CONTROL_FAILURE,HIGH,8,VERBOSE_TYPED,12,1.0,9.0,3.0,0.41666667,0.0,0.58333333,0.41666667,0.0,0.41666667,0.41666667,10.58333333,0.41666667,0.41666667,69.58333333,10.33333333,0.41666667,0.0
LIVE_BELIEF,EVENT_DRIVEN,Q02_RECALL50,CONTROL_FAILURE,HIGH,12,COMPACT_TYPED,12,1.0,13.0,3.0,0.58333333,0.0,0.41666667,0.58333333,0.0,0.58333333,0.58333333,10.66666667,0.58333333,0.58333333,96.83333333,12.5,0.58333333,0.0
LIVE_BELIEF,EVENT_DRIVEN,Q02_RECALL50,CONTROL_FAILURE,HIGH,12,VERBOSE_TYPED,12,1.0,13.0,3.0,0.58333333,0.0,0.41666667,0.58333333,0.0,0.58333333,0.58333333,12.41666667,0.58333333,0.58333333,97.41666667,12.5,0.58333333,0.0
LIVE_BELIEF,EVENT_DRIVEN,Q02_RECALL50,CONTROL_FAILURE,LOW,4,COMPACT_TYPED,12,1.0,6.0,2.0,0.83333333,0.0,0.16666667,0.83333333,0.0,0.83333333,0.83333333,10.66666667,0.83333333,0.83333333,138.33333333,6.33333333,0.83333333,0.0
LIVE_BELIEF,EVENT_DRIVEN,Q02_RECALL50,CONTROL_FAILURE,LOW,4,VERBOSE_TYPED,12,1.0,6.0,2.0,0.83333333,0.0,0.16666667,0.83333333,0.0,0.83333333,0.83333333,13.16666667,0.83333333,0.83333333,139.16666667,6.33333333,0.83333333,0.0
LIVE_BELIEF,EVENT_DRIVEN,Q02_RECALL50,CONTROL_FAILURE,LOW,8,COMPACT_TYPED,12,1.0,10.0,2.0,0.58333333,0.0,0.41666667,0.58333333,0.0,0.58333333,0.58333333,8.66666667,0.58333333,0.58333333,96.83333333,9.66666667,0.58333333,0.0
LIVE_BELIEF,EVENT_DRIVEN,Q02_RECALL50,CONTROL_FAILURE,LOW,8,VERBOSE_TYPED,12,1.0,10.0,2.0,0.58333333,0.0,0.41666667,0.58333333,0.0,0.58333333,0.58333333,10.41666667,0.58333333,0.58333333,97.41666667,9.66666667,0.58333333,0.0
LIVE_BELIEF,EVENT_DRIVEN,Q02_RECALL50,CONTROL_FAILURE,LOW,12,COMPACT_TYPED,12,1.0,14.0,2.0,0.33333333,0.0,0.66666667,0.33333333,0.0,0.33333333,0.33333333,6.66666667,0.33333333,0.33333333,55.33333333,14.0,0.33333333,0.0
LIVE_BELIEF,EVENT_DRIVEN,Q02_RECALL50,CONTROL_FAILURE,LOW,12,VERBOSE_TYPED,12,1.0,14.0,2.0,0.33333333,0.0,0.66666667,0.33333333,0.0,0.33333333,0.33333333,7.66666667,0.33333333,0.33333333,55.66666667,14.0,0.33333333,0.0
LIVE_BELIEF,EVENT_DRIVEN,Q02_RECALL50,POSE_SHIFT,HIGH,4,COMPACT_TYPED,12,0.33333333,3.33333333,4.66666667,0.33333333,0.0,0.66666667,0.0,0.0,0.33333333,0.33333333,12.0,0.33333333,0.33333333,53.66666667,7.33333333,0.33333333,0.0
LIVE_BELIEF,EVENT_DRIVEN,Q02_RECALL50,POSE_SHIFT,HIGH,4,VERBOSE_TYPED,12,0.33333333,3.33333333,4.66666667,0.33333333,0.0,0.66666667,0.0,0.0,0.33333333,0.33333333,13.0,0.33333333,0.33333333,54.0,7.33333333,0.33333333,0.0
LIVE_BELIEF,EVENT_DRIVEN,Q02_RECALL50,POSE_SHIFT,HIGH,8,COMPACT_TYPED,12,0.41666667,6.75,5.25,0.41666667,0.0,0.58333333,0.0,0.0,0.41666667,0.41666667,13.83333333,0.41666667,0.41666667,67.08333333,10.33333333,0.41666667,0.0
LIVE_BELIEF,EVENT_DRIVEN,Q02_RECALL50,POSE_SHIFT,HIGH,8,VERBOSE_TYPED,12,0.41666667,6.75,5.25,0.41666667,0.0,0.58333333,0.0,0.0,0.41666667,0.41666667,15.08333333,0.41666667,0.41666667,67.5,10.33333333,0.41666667,0.0
LIVE_BELIEF,EVENT_DRIVEN,Q02_RECALL50,POSE_SHIFT,HIGH,12,COMPACT_TYPED,12,0.5,10.5,5.5,0.5,0.0,0.5,0.0,0.0,0.5,0.5,15.0,0.5,0.5,80.5,13.0,0.5,0.0
LIVE_BELIEF,EVENT_DRIVEN,Q02_RECALL50,POSE_SHIFT,HIGH,12,VERBOSE_TYPED,12,0.5,10.5,5.5,0.5,0.0,0.5,0.0,0.0,0.5,0.5,16.5,0.5,0.5,81.0,13.0,0.5,0.0
LIVE_BELIEF,EVENT_DRIVEN,Q02_RECALL50,POSE_SHIFT,LOW,4,COMPACT_TYPED,12,0.58333333,5.08333333,2.91666667,0.58333333,0.0,0.41666667,0.0,0.0,0.58333333,0.58333333,10.5,0.58333333,0.58333333,93.91666667,6.83333333,0.58333333,0.0
LIVE_BELIEF,EVENT_DRIVEN,Q02_RECALL50,POSE_SHIFT,LOW,4,VERBOSE_TYPED,12,0.58333333,5.08333333,2.91666667,0.58333333,0.0,0.41666667,0.0,0.0,0.58333333,0.58333333,12.25,0.58333333,0.58333333,94.5,6.83333333,0.58333333,0.0
LIVE_BELIEF,EVENT_DRIVEN,Q02_RECALL50,POSE_SHIFT,LOW,8,COMPACT_TYPED,12,0.33333333,6.0,6.0,0.33333333,0.0,0.66666667,0.0,0.0,0.33333333,0.33333333,14.66666667,0.33333333,0.33333333,53.66666667,10.66666667,0.33333333,0.0
LIVE_BELIEF,EVENT_DRIVEN,Q02_RECALL50,POSE_SHIFT,LOW,8,VERBOSE_TYPED,12,0.33333333,6.0,6.0,0.33333333,0.0,0.66666667,0.0,0.0,0.33333333,0.33333333,15.66666667,0.33333333,0.33333333,54.0,10.66666667,0.33333333,0.0
LIVE_BELIEF,EVENT_DRIVEN,Q02_RECALL50,POSE_SHIFT,LOW,12,COMPACT_TYPED,12,0.33333333,8.66666667,7.33333333,0.33333333,0.0,0.66666667,0.0,0.0,0.33333333,0.33333333,17.33333333,0.33333333,0.33333333,53.66666667,14.0,0.33333333,0.0
LIVE_BELIEF,EVENT_DRIVEN,Q02_RECALL50,POSE_SHIFT,LOW,12,VERBOSE_TYPED,12,0.33333333,8.66666667,7.33333333,0.33333333,0.0,0.66666667,0.0,0.0,0.33333333,0.33333333,18.33333333,0.33333333,0.33333333,54.0,14.0,0.33333333,0.0
LIVE_BELIEF,EVENT_DRIVEN,Q02_RECALL50,RESTRICTION_CHANGE,HIGH,4,COMPACT_TYPED,12,0.41666667,3.91666667,4.08333333,0.41666667,0.0,0.58333333,0.0,0.41666667,0.41666667,0.41666667,11.5,0.41666667,0.41666667,68.33333333,7.16666667,0.41666667,0.0
LIVE_BELIEF,EVENT_DRIVEN,Q02_RECALL50,RESTRICTION_CHANGE,HIGH,4,VERBOSE_TYPED,12,0.41666667,3.91666667,4.08333333,0.41666667,0.0,0.58333333,0.0,0.41666667,0.41666667,0.41666667,12.75,0.41666667,0.41666667,68.75,7.16666667,0.41666667,0.0
LIVE_BELIEF,EVENT_DRIVEN,Q02_RECALL50,RESTRICTION_CHANGE,HIGH,8,COMPACT_TYPED,12,0.5,7.5,4.5,0.5,0.0,0.5,0.0,0.5,0.5,0.5,13.0,0.5,0.5,82.0,10.0,0.5,0.0
LIVE_BELIEF,EVENT_DRIVEN,Q02_RECALL50,RESTRICTION_CHANGE,HIGH,8,VERBOSE_TYPED,12,0.5,7.5,4.5,0.5,0.0,0.5,0.0,0.5,0.5,0.5,14.5,0.5,0.5,82.5,10.0,0.5,0.0
LIVE_BELIEF,EVENT_DRIVEN,Q02_RECALL50,RESTRICTION_CHANGE,HIGH,12,COMPACT_TYPED,12,0.5,10.5,5.5,0.5,0.0,0.5,0.0,0.5,0.5,0.5,15.0,0.5,0.5,82.0,13.0,0.5,0.0
LIVE_BELIEF,EVENT_DRIVEN,Q02_RECALL50,RESTRICTION_CHANGE,HIGH,12,VERBOSE_TYPED,12,0.5,10.5,5.5,0.5,0.0,0.5,0.0,0.5,0.5,0.5,16.5,0.5,0.5,82.5,13.0,0.5,0.0
LIVE_BELIEF,EVENT_DRIVEN,Q02_RECALL50,RESTRICTION_CHANGE,LOW,4,COMPACT_TYPED,12,0.66666667,5.66666667,2.33333333,0.66666667,0.0,0.33333333,0.0,0.66666667,0.66666667,0.66666667,10.0,0.66666667,0.66666667,109.33333333,6.66666667,0.66666667,0.0
LIVE_BELIEF,EVENT_DRIVEN,Q02_RECALL50,RESTRICTION_CHANGE,LOW,4,VERBOSE_TYPED,12,0.66666667,5.66666667,2.33333333,0.66666667,0.0,0.33333333,0.0,0.66666667,0.66666667,0.66666667,12.0,0.66666667,0.66666667,110.0,6.66666667,0.66666667,0.0
LIVE_BELIEF,EVENT_DRIVEN,Q02_RECALL50,RESTRICTION_CHANGE,LOW,8,COMPACT_TYPED,12,0.41666667,6.75,5.25,0.41666667,0.0,0.58333333,0.0,0.41666667,0.41666667,0.41666667,13.83333333,0.41666667,0.41666667,68.33333333,10.33333333,0.41666667,0.0
LIVE_BELIEF,EVENT_DRIVEN,Q02_RECALL50,RESTRICTION_CHANGE,LOW,8,VERBOSE_TYPED,12,0.41666667,6.75,5.25,0.41666667,0.0,0.58333333,0.0,0.41666667,0.41666667,0.41666667,15.08333333,0.41666667,0.41666667,68.75,10.33333333,0.41666667,0.0
LIVE_BELIEF,EVENT_DRIVEN,Q02_RECALL50,RESTRICTION_CHANGE,LOW,12,COMPACT_TYPED,12,0.41666667,9.58333333,6.41666667,0.41666667,0.0,0.58333333,0.0,0.41666667,0.41666667,0.41666667,16.16666667,0.41666667,0.41666667,68.33333333,13.5,0.41666667,0.0
LIVE_BELIEF,EVENT_DRIVEN,Q02_RECALL50,RESTRICTION_CHANGE,LOW,12,VERBOSE_TYPED,12,0.41666667,9.58333333,6.41666667,0.41666667,0.0,0.58333333,0.0,0.41666667,0.41666667,0.41666667,17.41666667,0.41666667,0.41666667,68.75,13.5,0.41666667,0.0
LIVE_BELIEF,EVENT_DRIVEN,Q03_RECALL25,AVAILABILITY_LOSS,HIGH,4,COMPACT_TYPED,12,0.16666667,2.16666667,5.83333333,0.16666667,0.0,0.83333333,0.0,0.16666667,0.16666667,0.16666667,13.0,0.16666667,0.16666667,27.83333333,7.66666667,0.16666667,0.0
LIVE_BELIEF,EVENT_DRIVEN,Q03_RECALL25,AVAILABILITY_LOSS,HIGH,4,VERBOSE_TYPED,12,0.16666667,2.16666667,5.83333333,0.16666667,0.0,0.83333333,0.0,0.16666667,0.16666667,0.16666667,13.5,0.16666667,0.16666667,28.0,7.66666667,0.16666667,0.0
LIVE_BELIEF,EVENT_DRIVEN,Q03_RECALL25,AVAILABILITY_LOSS,HIGH,8,COMPACT_TYPED,12,0.5,7.5,4.5,0.5,0.0,0.5,0.0,0.5,0.5,0.5,13.0,0.5,0.5,83.5,10.0,0.5,0.0
LIVE_BELIEF,EVENT_DRIVEN,Q03_RECALL25,AVAILABILITY_LOSS,HIGH,8,VERBOSE_TYPED,12,0.5,7.5,4.5,0.5,0.0,0.5,0.0,0.5,0.5,0.5,14.5,0.5,0.5,84.0,10.0,0.5,0.0
LIVE_BELIEF,EVENT_DRIVEN,Q03_RECALL25,AVAILABILITY_LOSS,HIGH,12,COMPACT_TYPED,12,0.25,7.75,8.25,0.25,0.0,0.75,0.0,0.25,0.25,0.25,18.5,0.25,0.25,41.75,14.5,0.25,0.0
LIVE_BELIEF,EVENT_DRIVEN,Q03_RECALL25,AVAILABILITY_LOSS,HIGH,12,VERBOSE_TYPED,12,0.25,7.75,8.25,0.25,0.0,0.75,0.0,0.25,0.25,0.25,19.25,0.25,0.25,42.0,14.5,0.25,0.0
LIVE_BELIEF,EVENT_DRIVEN,Q03_RECALL25,AVAILABILITY_LOSS,LOW,4,COMPACT_TYPED,12,0.0,1.0,7.0,0.0,0.0,1.0,0.0,0.0,0.0,0.0,14.0,0.0,0.0,0.0,8.0,0.0,0.0
LIVE_BELIEF,EVENT_DRIVEN,Q03_RECALL25,AVAILABILITY_LOSS,LOW,4,VERBOSE_TYPED,12,0.0,1.0,7.0,0.0,0.0,1.0,0.0,0.0,0.0,0.0,14.0,0.0,0.0,0.0,8.0,0.0,0.0
LIVE_BELIEF,EVENT_DRIVEN,Q03_RECALL25,AVAILABILITY_LOSS,LOW,8,COMPACT_TYPED,12,0.33333333,6.0,6.0,0.33333333,0.0,0.66666667,0.0,0.33333333,0.33333333,0.33333333,14.66666667,0.33333333,0.33333333,55.66666667,10.66666667,0.33333333,0.0
LIVE_BELIEF,EVENT_DRIVEN,Q03_RECALL25,AVAILABILITY_LOSS,LOW,8,VERBOSE_TYPED,12,0.33333333,6.0,6.0,0.33333333,0.0,0.66666667,0.0,0.33333333,0.33333333,0.33333333,15.66666667,0.33333333,0.33333333,56.0,10.66666667,0.33333333,0.0
LIVE_BELIEF,EVENT_DRIVEN,Q03_RECALL25,AVAILABILITY_LOSS,LOW,12,COMPACT_TYPED,12,0.25,7.75,8.25,0.25,0.0,0.75,0.0,0.25,0.25,0.25,18.5,0.25,0.25,41.75,14.5,0.25,0.0
LIVE_BELIEF,EVENT_DRIVEN,Q03_RECALL25,AVAILABILITY_LOSS,LOW,12,VERBOSE_TYPED,12,0.25,7.75,8.25,0.25,0.0,0.75,0.0,0.25,0.25,0.25,19.25,0.25,0.25,42.0,14.5,0.25,0.0
LIVE_BELIEF,EVENT_DRIVEN,Q03_RECALL25,CONTROL_FAILURE,HIGH,4,COMPACT_TYPED,12,1.0,5.0,3.0,0.41666667,0.0,0.58333333,0.41666667,0.0,0.41666667,0.41666667,9.33333333,0.41666667,0.41666667,69.16666667,7.16666667,0.41666667,0.0
LIVE_BELIEF,EVENT_DRIVEN,Q03_RECALL25,CONTROL_FAILURE,HIGH,4,VERBOSE_TYPED,12,1.0,5.0,3.0,0.41666667,0.0,0.58333333,0.41666667,0.0,0.41666667,0.41666667,10.58333333,0.41666667,0.41666667,69.58333333,7.16666667,0.41666667,0.0
LIVE_BELIEF,EVENT_DRIVEN,Q03_RECALL25,CONTROL_FAILURE,HIGH,8,COMPACT_TYPED,12,1.0,9.0,3.0,0.25,0.0,0.75,0.25,0.0,0.25,0.25,8.0,0.25,0.25,41.5,11.0,0.25,0.0
LIVE_BELIEF,EVENT_DRIVEN,Q03_RECALL25,CONTROL_FAILURE,HIGH,8,VERBOSE_TYPED,12,1.0,9.0,3.0,0.25,0.0,0.75,0.25,0.0,0.25,0.25,8.75,0.25,0.25,41.75,11.0,0.25,0.0
LIVE_BELIEF,EVENT_DRIVEN,Q03_RECALL25,CONTROL_FAILURE,HIGH,12,COMPACT_TYPED,12,1.0,13.0,3.0,0.0,0.0,1.0,0.0,0.0,0.0,0.0,6.0,0.0,0.0,0.0,16.0,0.0,0.0
LIVE_BELIEF,EVENT_DRIVEN,Q03_RECALL25,CONTROL_FAILURE,HIGH,12,VERBOSE_TYPED,12,1.0,13.0,3.0,0.0,0.0,1.0,0.0,0.0,0.0,0.0,6.0,0.0,0.0,0.0,16.0,0.0,0.0
LIVE_BELIEF,EVENT_DRIVEN,Q03_RECALL25,CONTROL_FAILURE,LOW,4,COMPACT_TYPED,12,1.0,6.0,2.0,0.41666667,0.0,0.58333333,0.41666667,0.0,0.41666667,0.41666667,7.33333333,0.41666667,0.41666667,69.16666667,7.16666667,0.41666667,0.0
LIVE_BELIEF,EVENT_DRIVEN,Q03_RECALL25,CONTROL_FAILURE,LOW,4,VERBOSE_TYPED,12,1.0,6.0,2.0,0.41666667,0.0,0.58333333,0.41666667,0.0,0.41666667,0.41666667,8.58333333,0.41666667,0.41666667,69.58333333,7.16666667,0.41666667,0.0
LIVE_BELIEF,EVENT_DRIVEN,Q03_RECALL25,CONTROL_FAILURE,LOW,8,COMPACT_TYPED,12,1.0,10.0,2.0,0.25,0.0,0.75,0.25,0.0,0.25,0.25,6.0,0.25,0.25,41.5,11.0,0.25,0.0
LIVE_BELIEF,EVENT_DRIVEN,Q03_RECALL25,CONTROL_FAILURE,LOW,8,VERBOSE_TYPED,12,1.0,10.0,2.0,0.25,0.0,0.75,0.25,0.0,0.25,0.25,6.75,0.25,0.25,41.75,11.0,0.25,0.0
LIVE_BELIEF,EVENT_DRIVEN,Q03_RECALL25,CONTROL_FAILURE,LOW,12,COMPACT_TYPED,12,1.0,14.0,2.0,0.25,0.0,0.75,0.25,0.0,0.25,0.25,6.0,0.25,0.25,41.5,14.5,0.25,0.0
LIVE_BELIEF,EVENT_DRIVEN,Q03_RECALL25,CONTROL_FAILURE,LOW,12,VERBOSE_TYPED,12,1.0,14.0,2.0,0.25,0.0,0.75,0.25,0.0,0.25,0.25,6.75,0.25,0.25,41.75,14.5,0.25,0.0
LIVE_BELIEF,EVENT_DRIVEN,Q03_RECALL25,POSE_SHIFT,HIGH,4,COMPACT_TYPED,12,0.25,2.75,5.25,0.25,0.0,0.75,0.0,0.0,0.25,0.25,12.5,0.25,0.25,40.25,7.5,0.25,0.0
LIVE_BELIEF,EVENT_DRIVEN,Q03_RECALL25,POSE_SHIFT,HIGH,4,VERBOSE_TYPED,12,0.25,2.75,5.25,0.25,0.0,0.75,0.0,0.0,0.25,0.25,13.25,0.25,0.25,40.5,7.5,0.25,0.0
LIVE_BELIEF,EVENT_DRIVEN,Q03_RECALL25,POSE_SHIFT,HIGH,8,COMPACT_TYPED,12,0.0,3.0,9.0,0.0,0.0,1.0,0.0,0.0,0.0,0.0,18.0,0.0,0.0,0.0,12.0,0.0,0.0
LIVE_BELIEF,EVENT_DRIVEN,Q03_RECALL25,POSE_SHIFT,HIGH,8,VERBOSE_TYPED,12,0.0,3.0,9.0,0.0,0.0,1.0,0.0,0.0,0.0,0.0,18.0,0.0,0.0,0.0,12.0,0.0,0.0
LIVE_BELIEF,EVENT_DRIVEN,Q03_RECALL25,POSE_SHIFT,HIGH,12,COMPACT_TYPED,12,0.16666667,6.83333333,9.16666667,0.16666667,0.0,0.83333333,0.0,0.0,0.16666667,0.16666667,19.66666667,0.16666667,0.16666667,26.83333333,15.0,0.16666667,0.0
LIVE_BELIEF,EVENT_DRIVEN,Q03_RECALL25,POSE_SHIFT,HIGH,12,VERBOSE_TYPED,12,0.16666667,6.83333333,9.16666667,0.16666667,0.0,0.83333333,0.0,0.0,0.16666667,0.16666667,20.16666667,0.16666667,0.16666667,27.0,15.0,0.16666667,0.0
LIVE_BELIEF,EVENT_DRIVEN,Q03_RECALL25,POSE_SHIFT,LOW,4,COMPACT_TYPED,12,0.41666667,3.91666667,4.08333333,0.41666667,0.0,0.58333333,0.0,0.0,0.41666667,0.41666667,11.5,0.41666667,0.41666667,67.08333333,7.16666667,0.41666667,0.0
LIVE_BELIEF,EVENT_DRIVEN,Q03_RECALL25,POSE_SHIFT,LOW,4,VERBOSE_TYPED,12,0.41666667,3.91666667,4.08333333,0.41666667,0.0,0.58333333,0.0,0.0,0.41666667,0.41666667,12.75,0.41666667,0.41666667,67.5,7.16666667,0.41666667,0.0
LIVE_BELIEF,EVENT_DRIVEN,Q03_RECALL25,POSE_SHIFT,LOW,8,COMPACT_TYPED,12,0.16666667,4.5,7.5,0.16666667,0.0,0.83333333,0.0,0.0,0.16666667,0.16666667,16.33333333,0.16666667,0.16666667,26.83333333,11.33333333,0.16666667,0.0
LIVE_BELIEF,EVENT_DRIVEN,Q03_RECALL25,POSE_SHIFT,LOW,8,VERBOSE_TYPED,12,0.16666667,4.5,7.5,0.16666667,0.0,0.83333333,0.0,0.0,0.16666667,0.16666667,16.83333333,0.16666667,0.16666667,27.0,11.33333333,0.16666667,0.0
LIVE_BELIEF,EVENT_DRIVEN,Q03_RECALL25,POSE_SHIFT,LOW,12,COMPACT_TYPED,12,0.16666667,6.83333333,9.16666667,0.16666667,0.0,0.83333333,0.0,0.0,0.16666667,0.16666667,19.66666667,0.16666667,0.16666667,26.83333333,15.0,0.16666667,0.0
LIVE_BELIEF,EVENT_DRIVEN,Q03_RECALL25,POSE_SHIFT,LOW,12,VERBOSE_TYPED,12,0.16666667,6.83333333,9.16666667,0.16666667,0.0,0.83333333,0.0,0.0,0.16666667,0.16666667,20.16666667,0.16666667,0.16666667,27.0,15.0,0.16666667,0.0
LIVE_BELIEF,EVENT_DRIVEN,Q03_RECALL25,RESTRICTION_CHANGE,HIGH,4,COMPACT_TYPED,12,0.25,2.75,5.25,0.25,0.0,0.75,0.0,0.25,0.25,0.25,12.5,0.25,0.25,41.0,7.5,0.25,0.0
LIVE_BELIEF,EVENT_DRIVEN,Q03_RECALL25,RESTRICTION_CHANGE,HIGH,4,VERBOSE_TYPED,12,0.25,2.75,5.25,0.25,0.0,0.75,0.0,0.25,0.25,0.25,13.25,0.25,0.25,41.25,7.5,0.25,0.0
LIVE_BELIEF,EVENT_DRIVEN,Q03_RECALL25,RESTRICTION_CHANGE,HIGH,8,COMPACT_TYPED,12,0.25,5.25,6.75,0.25,0.0,0.75,0.0,0.25,0.25,0.25,15.5,0.25,0.25,41.0,11.0,0.25,0.0
LIVE_BELIEF,EVENT_DRIVEN,Q03_RECALL25,RESTRICTION_CHANGE,HIGH,8,VERBOSE_TYPED,12,0.25,5.25,6.75,0.25,0.0,0.75,0.0,0.25,0.25,0.25,16.25,0.25,0.25,41.25,11.0,0.25,0.0
LIVE_BELIEF,EVENT_DRIVEN,Q03_RECALL25,RESTRICTION_CHANGE,HIGH,12,COMPACT_TYPED,12,0.16666667,6.83333333,9.16666667,0.16666667,0.0,0.83333333,0.0,0.16666667,0.16666667,0.16666667,19.66666667,0.16666667,0.16666667,27.33333333,15.0,0.16666667,0.0
LIVE_BELIEF,EVENT_DRIVEN,Q03_RECALL25,RESTRICTION_CHANGE,HIGH,12,VERBOSE_TYPED,12,0.16666667,6.83333333,9.16666667,0.16666667,0.0,0.83333333,0.0,0.16666667,0.16666667,0.16666667,20.16666667,0.16666667,0.16666667,27.5,15.0,0.16666667,0.0
LIVE_BELIEF,EVENT_DRIVEN,Q03_RECALL25,RESTRICTION_CHANGE,LOW,4,COMPACT_TYPED,12,0.16666667,2.16666667,5.83333333,0.16666667,0.0,0.83333333,0.0,0.16666667,0.16666667,0.16666667,13.0,0.16666667,0.16666667,27.33333333,7.66666667,0.16666667,0.0
LIVE_BELIEF,EVENT_DRIVEN,Q03_RECALL25,RESTRICTION_CHANGE,LOW,4,VERBOSE_TYPED,12,0.16666667,2.16666667,5.83333333,0.16666667,0.0,0.83333333,0.0,0.16666667,0.16666667,0.16666667,13.5,0.16666667,0.16666667,27.5,7.66666667,0.16666667,0.0
LIVE_BELIEF,EVENT_DRIVEN,Q03_RECALL25,RESTRICTION_CHANGE,LOW,8,COMPACT_TYPED,12,0.41666667,6.75,5.25,0.41666667,0.0,0.58333333,0.0,0.41666667,0.41666667,0.41666667,13.83333333,0.41666667,0.41666667,68.33333333,10.33333333,0.41666667,0.0
LIVE_BELIEF,EVENT_DRIVEN,Q03_RECALL25,RESTRICTION_CHANGE,LOW,8,VERBOSE_TYPED,12,0.41666667,6.75,5.25,0.41666667,0.0,0.58333333,0.0,0.41666667,0.41666667,0.41666667,15.08333333,0.41666667,0.41666667,68.75,10.33333333,0.41666667,0.0
LIVE_BELIEF,EVENT_DRIVEN,Q03_RECALL25,RESTRICTION_CHANGE,LOW,12,COMPACT_TYPED,12,0.16666667,6.83333333,9.16666667,0.16666667,0.0,0.83333333,0.0,0.16666667,0.16666667,0.16666667,19.66666667,0.16666667,0.16666667,27.33333333,15.0,0.16666667,0.0
LIVE_BELIEF,EVENT_DRIVEN,Q03_RECALL25,RESTRICTION_CHANGE,LOW,12,VERBOSE_TYPED,12,0.16666667,6.83333333,9.16666667,0.16666667,0.0,0.83333333,0.0,0.16666667,0.16666667,0.16666667,20.16666667,0.16666667,0.16666667,27.5,15.0,0.16666667,0.0
LIVE_BELIEF,EVENT_DRIVEN,Q04_DELAY1,AVAILABILITY_LOSS,HIGH,4,COMPACT_TYPED,12,1.0,7.0,1.0,1.0,0.0,0.0,0.0,1.0,1.0,1.0,10.0,1.0,1.0,167.0,5.0,1.0,0.0
LIVE_BELIEF,EVENT_DRIVEN,Q04_DELAY1,AVAILABILITY_LOSS,HIGH,4,VERBOSE_TYPED,12,1.0,7.0,1.0,1.0,0.0,0.0,0.0,1.0,1.0,1.0,13.0,1.0,1.0,168.0,5.0,1.0,0.0
LIVE_BELIEF,EVENT_DRIVEN,Q04_DELAY1,AVAILABILITY_LOSS,HIGH,8,COMPACT_TYPED,12,1.0,11.0,1.0,1.0,0.0,0.0,0.0,1.0,1.0,1.0,10.0,1.0,1.0,167.0,7.0,1.0,0.0
LIVE_BELIEF,EVENT_DRIVEN,Q04_DELAY1,AVAILABILITY_LOSS,HIGH,8,VERBOSE_TYPED,12,1.0,11.0,1.0,1.0,0.0,0.0,0.0,1.0,1.0,1.0,13.0,1.0,1.0,168.0,7.0,1.0,0.0
LIVE_BELIEF,EVENT_DRIVEN,Q04_DELAY1,AVAILABILITY_LOSS,HIGH,12,COMPACT_TYPED,12,1.0,15.0,1.0,1.0,0.0,0.0,0.0,1.0,1.0,1.0,10.0,1.0,1.0,167.0,9.0,1.0,0.0
LIVE_BELIEF,EVENT_DRIVEN,Q04_DELAY1,AVAILABILITY_LOSS,HIGH,12,VERBOSE_TYPED,12,1.0,15.0,1.0,1.0,0.0,0.0,0.0,1.0,1.0,1.0,13.0,1.0,1.0,168.0,9.0,1.0,0.0
LIVE_BELIEF,EVENT_DRIVEN,Q04_DELAY1,AVAILABILITY_LOSS,LOW,4,COMPACT_TYPED,12,1.0,7.0,1.0,1.0,0.0,0.0,0.0,1.0,1.0,1.0,10.0,1.0,1.0,167.0,5.0,1.0,0.0
LIVE_BELIEF,EVENT_DRIVEN,Q04_DELAY1,AVAILABILITY_LOSS,LOW,4,VERBOSE_TYPED,12,1.0,7.0,1.0,1.0,0.0,0.0,0.0,1.0,1.0,1.0,13.0,1.0,1.0,168.0,5.0,1.0,0.0
LIVE_BELIEF,EVENT_DRIVEN,Q04_DELAY1,AVAILABILITY_LOSS,LOW,8,COMPACT_TYPED,12,1.0,11.0,1.0,1.0,0.0,0.0,0.0,1.0,1.0,1.0,10.0,1.0,1.0,167.0,7.0,1.0,0.0
LIVE_BELIEF,EVENT_DRIVEN,Q04_DELAY1,AVAILABILITY_LOSS,LOW,8,VERBOSE_TYPED,12,1.0,11.0,1.0,1.0,0.0,0.0,0.0,1.0,1.0,1.0,13.0,1.0,1.0,168.0,7.0,1.0,0.0
LIVE_BELIEF,EVENT_DRIVEN,Q04_DELAY1,AVAILABILITY_LOSS,LOW,12,COMPACT_TYPED,12,1.0,15.0,1.0,1.0,0.0,0.0,0.0,1.0,1.0,1.0,10.0,1.0,1.0,167.0,9.0,1.0,0.0
LIVE_BELIEF,EVENT_DRIVEN,Q04_DELAY1,AVAILABILITY_LOSS,LOW,12,VERBOSE_TYPED,12,1.0,15.0,1.0,1.0,0.0,0.0,0.0,1.0,1.0,1.0,13.0,1.0,1.0,168.0,9.0,1.0,0.0
LIVE_BELIEF,EVENT_DRIVEN,Q04_DELAY1,CONTROL_FAILURE,HIGH,4,COMPACT_TYPED,12,1.0,5.0,3.0,1.0,0.0,0.0,1.0,0.0,1.0,1.0,14.0,1.0,1.0,166.0,5.0,1.0,0.0
LIVE_BELIEF,EVENT_DRIVEN,Q04_DELAY1,CONTROL_FAILURE,HIGH,4,VERBOSE_TYPED,12,1.0,5.0,3.0,1.0,0.0,0.0,1.0,0.0,1.0,1.0,17.0,1.0,1.0,167.0,5.0,1.0,0.0
LIVE_BELIEF,EVENT_DRIVEN,Q04_DELAY1,CONTROL_FAILURE,HIGH,8,COMPACT_TYPED,12,1.0,9.0,3.0,1.0,0.0,0.0,1.0,0.0,1.0,1.0,14.0,1.0,1.0,166.0,7.0,1.0,0.0
LIVE_BELIEF,EVENT_DRIVEN,Q04_DELAY1,CONTROL_FAILURE,HIGH,8,VERBOSE_TYPED,12,1.0,9.0,3.0,1.0,0.0,0.0,1.0,0.0,1.0,1.0,17.0,1.0,1.0,167.0,7.0,1.0,0.0
LIVE_BELIEF,EVENT_DRIVEN,Q04_DELAY1,CONTROL_FAILURE,HIGH,12,COMPACT_TYPED,12,1.0,13.0,3.0,1.0,0.0,0.0,1.0,0.0,1.0,1.0,14.0,1.0,1.0,166.0,9.0,1.0,0.0
LIVE_BELIEF,EVENT_DRIVEN,Q04_DELAY1,CONTROL_FAILURE,HIGH,12,VERBOSE_TYPED,12,1.0,13.0,3.0,1.0,0.0,0.0,1.0,0.0,1.0,1.0,17.0,1.0,1.0,167.0,9.0,1.0,0.0
LIVE_BELIEF,EVENT_DRIVEN,Q04_DELAY1,CONTROL_FAILURE,LOW,4,COMPACT_TYPED,12,1.0,6.0,2.0,1.0,0.0,0.0,1.0,0.0,1.0,1.0,12.0,1.0,1.0,166.0,5.0,1.0,0.0
LIVE_BELIEF,EVENT_DRIVEN,Q04_DELAY1,CONTROL_FAILURE,LOW,4,VERBOSE_TYPED,12,1.0,6.0,2.0,1.0,0.0,0.0,1.0,0.0,1.0,1.0,15.0,1.0,1.0,167.0,5.0,1.0,0.0
LIVE_BELIEF,EVENT_DRIVEN,Q04_DELAY1,CONTROL_FAILURE,LOW,8,COMPACT_TYPED,12,1.0,10.0,2.0,1.0,0.0,0.0,1.0,0.0,1.0,1.0,12.0,1.0,1.0,166.0,7.0,1.0,0.0
LIVE_BELIEF,EVENT_DRIVEN,Q04_DELAY1,CONTROL_FAILURE,LOW,8,VERBOSE_TYPED,12,1.0,10.0,2.0,1.0,0.0,0.0,1.0,0.0,1.0,1.0,15.0,1.0,1.0,167.0,7.0,1.0,0.0
LIVE_BELIEF,EVENT_DRIVEN,Q04_DELAY1,CONTROL_FAILURE,LOW,12,COMPACT_TYPED,12,1.0,14.0,2.0,1.0,0.0,0.0,1.0,0.0,1.0,1.0,12.0,1.0,1.0,166.0,9.0,1.0,0.0
LIVE_BELIEF,EVENT_DRIVEN,Q04_DELAY1,CONTROL_FAILURE,LOW,12,VERBOSE_TYPED,12,1.0,14.0,2.0,1.0,0.0,0.0,1.0,0.0,1.0,1.0,15.0,1.0,1.0,167.0,9.0,1.0,0.0
LIVE_BELIEF,EVENT_DRIVEN,Q04_DELAY1,POSE_SHIFT,HIGH,4,COMPACT_TYPED,12,1.0,7.0,1.0,1.0,0.0,0.0,0.0,0.0,1.0,1.0,10.0,1.0,1.0,161.0,5.0,1.0,0.0
LIVE_BELIEF,EVENT_DRIVEN,Q04_DELAY1,POSE_SHIFT,HIGH,4,VERBOSE_TYPED,12,1.0,7.0,1.0,1.0,0.0,0.0,0.0,0.0,1.0,1.0,13.0,1.0,1.0,162.0,5.0,1.0,0.0
LIVE_BELIEF,EVENT_DRIVEN,Q04_DELAY1,POSE_SHIFT,HIGH,8,COMPACT_TYPED,12,1.0,11.0,1.0,1.0,0.0,0.0,0.0,0.0,1.0,1.0,10.0,1.0,1.0,161.0,7.0,1.0,0.0
LIVE_BELIEF,EVENT_DRIVEN,Q04_DELAY1,POSE_SHIFT,HIGH,8,VERBOSE_TYPED,12,1.0,11.0,1.0,1.0,0.0,0.0,0.0,0.0,1.0,1.0,13.0,1.0,1.0,162.0,7.0,1.0,0.0
LIVE_BELIEF,EVENT_DRIVEN,Q04_DELAY1,POSE_SHIFT,HIGH,12,COMPACT_TYPED,12,1.0,15.0,1.0,1.0,0.0,0.0,0.0,0.0,1.0,1.0,10.0,1.0,1.0,161.0,9.0,1.0,0.0
LIVE_BELIEF,EVENT_DRIVEN,Q04_DELAY1,POSE_SHIFT,HIGH,12,VERBOSE_TYPED,12,1.0,15.0,1.0,1.0,0.0,0.0,0.0,0.0,1.0,1.0,13.0,1.0,1.0,162.0,9.0,1.0,0.0
LIVE_BELIEF,EVENT_DRIVEN,Q04_DELAY1,POSE_SHIFT,LOW,4,COMPACT_TYPED,12,1.0,7.0,1.0,1.0,0.0,0.0,0.0,0.0,1.0,1.0,10.0,1.0,1.0,161.0,5.0,1.0,0.0
LIVE_BELIEF,EVENT_DRIVEN,Q04_DELAY1,POSE_SHIFT,LOW,4,VERBOSE_TYPED,12,1.0,7.0,1.0,1.0,0.0,0.0,0.0,0.0,1.0,1.0,13.0,1.0,1.0,162.0,5.0,1.0,0.0
LIVE_BELIEF,EVENT_DRIVEN,Q04_DELAY1,POSE_SHIFT,LOW,8,COMPACT_TYPED,12,1.0,11.0,1.0,1.0,0.0,0.0,0.0,0.0,1.0,1.0,10.0,1.0,1.0,161.0,7.0,1.0,0.0
LIVE_BELIEF,EVENT_DRIVEN,Q04_DELAY1,POSE_SHIFT,LOW,8,VERBOSE_TYPED,12,1.0,11.0,1.0,1.0,0.0,0.0,0.0,0.0,1.0,1.0,13.0,1.0,1.0,162.0,7.0,1.0,0.0
LIVE_BELIEF,EVENT_DRIVEN,Q04_DELAY1,POSE_SHIFT,LOW,12,COMPACT_TYPED,12,1.0,15.0,1.0,1.0,0.0,0.0,0.0,0.0,1.0,1.0,10.0,1.0,1.0,161.0,9.0,1.0,0.0
LIVE_BELIEF,EVENT_DRIVEN,Q04_DELAY1,POSE_SHIFT,LOW,12,VERBOSE_TYPED,12,1.0,15.0,1.0,1.0,0.0,0.0,0.0,0.0,1.0,1.0,13.0,1.0,1.0,162.0,9.0,1.0,0.0
LIVE_BELIEF,EVENT_DRIVEN,Q04_DELAY1,RESTRICTION_CHANGE,HIGH,4,COMPACT_TYPED,12,1.0,7.0,1.0,1.0,0.0,0.0,0.0,1.0,1.0,1.0,10.0,1.0,1.0,164.0,5.0,1.0,0.0
LIVE_BELIEF,EVENT_DRIVEN,Q04_DELAY1,RESTRICTION_CHANGE,HIGH,4,VERBOSE_TYPED,12,1.0,7.0,1.0,1.0,0.0,0.0,0.0,1.0,1.0,1.0,13.0,1.0,1.0,165.0,5.0,1.0,0.0
LIVE_BELIEF,EVENT_DRIVEN,Q04_DELAY1,RESTRICTION_CHANGE,HIGH,8,COMPACT_TYPED,12,1.0,11.0,1.0,1.0,0.0,0.0,0.0,1.0,1.0,1.0,10.0,1.0,1.0,164.0,7.0,1.0,0.0
LIVE_BELIEF,EVENT_DRIVEN,Q04_DELAY1,RESTRICTION_CHANGE,HIGH,8,VERBOSE_TYPED,12,1.0,11.0,1.0,1.0,0.0,0.0,0.0,1.0,1.0,1.0,13.0,1.0,1.0,165.0,7.0,1.0,0.0
LIVE_BELIEF,EVENT_DRIVEN,Q04_DELAY1,RESTRICTION_CHANGE,HIGH,12,COMPACT_TYPED,12,1.0,15.0,1.0,1.0,0.0,0.0,0.0,1.0,1.0,1.0,10.0,1.0,1.0,164.0,9.0,1.0,0.0
LIVE_BELIEF,EVENT_DRIVEN,Q04_DELAY1,RESTRICTION_CHANGE,HIGH,12,VERBOSE_TYPED,12,1.0,15.0,1.0,1.0,0.0,0.0,0.0,1.0,1.0,1.0,13.0,1.0,1.0,165.0,9.0,1.0,0.0
LIVE_BELIEF,EVENT_DRIVEN,Q04_DELAY1,RESTRICTION_CHANGE,LOW,4,COMPACT_TYPED,12,1.0,7.0,1.0,1.0,0.0,0.0,0.0,1.0,1.0,1.0,10.0,1.0,1.0,164.0,5.0,1.0,0.0
LIVE_BELIEF,EVENT_DRIVEN,Q04_DELAY1,RESTRICTION_CHANGE,LOW,4,VERBOSE_TYPED,12,1.0,7.0,1.0,1.0,0.0,0.0,0.0,1.0,1.0,1.0,13.0,1.0,1.0,165.0,5.0,1.0,0.0
LIVE_BELIEF,EVENT_DRIVEN,Q04_DELAY1,RESTRICTION_CHANGE,LOW,8,COMPACT_TYPED,12,1.0,11.0,1.0,1.0,0.0,0.0,0.0,1.0,1.0,1.0,10.0,1.0,1.0,164.0,7.0,1.0,0.0
LIVE_BELIEF,EVENT_DRIVEN,Q04_DELAY1,RESTRICTION_CHANGE,LOW,8,VERBOSE_TYPED,12,1.0,11.0,1.0,1.0,0.0,0.0,0.0,1.0,1.0,1.0,13.0,1.0,1.0,165.0,7.0,1.0,0.0
LIVE_BELIEF,EVENT_DRIVEN,Q04_DELAY1,RESTRICTION_CHANGE,LOW,12,COMPACT_TYPED,12,1.0,15.0,1.0,1.0,0.0,0.0,0.0,1.0,1.0,1.0,10.0,1.0,1.0,164.0,9.0,1.0,0.0
LIVE_BELIEF,EVENT_DRIVEN,Q04_DELAY1,RESTRICTION_CHANGE,LOW,12,VERBOSE_TYPED,12,1.0,15.0,1.0,1.0,0.0,0.0,0.0,1.0,1.0,1.0,13.0,1.0,1.0,165.0,9.0,1.0,0.0
LIVE_BELIEF,EVENT_DRIVEN,Q05_DELAY3,AVAILABILITY_LOSS,HIGH,4,COMPACT_TYPED,12,1.0,5.0,3.0,1.0,0.0,1.0,0.0,1.0,1.0,1.0,14.0,1.0,1.0,167.0,3.0,1.0,0.0
LIVE_BELIEF,EVENT_DRIVEN,Q05_DELAY3,AVAILABILITY_LOSS,HIGH,4,VERBOSE_TYPED,12,1.0,5.0,3.0,1.0,0.0,1.0,0.0,1.0,1.0,1.0,17.0,1.0,1.0,168.0,3.0,1.0,0.0
LIVE_BELIEF,EVENT_DRIVEN,Q05_DELAY3,AVAILABILITY_LOSS,HIGH,8,COMPACT_TYPED,12,1.0,9.0,3.0,1.0,0.0,1.0,0.0,1.0,1.0,1.0,14.0,1.0,1.0,167.0,5.0,1.0,0.0
LIVE_BELIEF,EVENT_DRIVEN,Q05_DELAY3,AVAILABILITY_LOSS,HIGH,8,VERBOSE_TYPED,12,1.0,9.0,3.0,1.0,0.0,1.0,0.0,1.0,1.0,1.0,17.0,1.0,1.0,168.0,5.0,1.0,0.0
LIVE_BELIEF,EVENT_DRIVEN,Q05_DELAY3,AVAILABILITY_LOSS,HIGH,12,COMPACT_TYPED,12,1.0,13.0,3.0,1.0,0.0,1.0,0.0,1.0,1.0,1.0,14.0,1.0,1.0,167.0,7.0,1.0,0.0
LIVE_BELIEF,EVENT_DRIVEN,Q05_DELAY3,AVAILABILITY_LOSS,HIGH,12,VERBOSE_TYPED,12,1.0,13.0,3.0,1.0,0.0,1.0,0.0,1.0,1.0,1.0,17.0,1.0,1.0,168.0,7.0,1.0,0.0
LIVE_BELIEF,EVENT_DRIVEN,Q05_DELAY3,AVAILABILITY_LOSS,LOW,4,COMPACT_TYPED,12,1.0,5.0,3.0,1.0,0.0,1.0,0.0,1.0,1.0,1.0,14.0,1.0,1.0,167.0,3.0,1.0,0.0
LIVE_BELIEF,EVENT_DRIVEN,Q05_DELAY3,AVAILABILITY_LOSS,LOW,4,VERBOSE_TYPED,12,1.0,5.0,3.0,1.0,0.0,1.0,0.0,1.0,1.0,1.0,17.0,1.0,1.0,168.0,3.0,1.0,0.0
LIVE_BELIEF,EVENT_DRIVEN,Q05_DELAY3,AVAILABILITY_LOSS,LOW,8,COMPACT_TYPED,12,1.0,9.0,3.0,1.0,0.0,1.0,0.0,1.0,1.0,1.0,14.0,1.0,1.0,167.0,5.0,1.0,0.0
LIVE_BELIEF,EVENT_DRIVEN,Q05_DELAY3,AVAILABILITY_LOSS,LOW,8,VERBOSE_TYPED,12,1.0,9.0,3.0,1.0,0.0,1.0,0.0,1.0,1.0,1.0,17.0,1.0,1.0,168.0,5.0,1.0,0.0
LIVE_BELIEF,EVENT_DRIVEN,Q05_DELAY3,AVAILABILITY_LOSS,LOW,12,COMPACT_TYPED,12,1.0,13.0,3.0,1.0,0.0,1.0,0.0,1.0,1.0,1.0,14.0,1.0,1.0,167.0,7.0,1.0,0.0
LIVE_BELIEF,EVENT_DRIVEN,Q05_DELAY3,AVAILABILITY_LOSS,LOW,12,VERBOSE_TYPED,12,1.0,13.0,3.0,1.0,0.0,1.0,0.0,1.0,1.0,1.0,17.0,1.0,1.0,168.0,7.0,1.0,0.0
LIVE_BELIEF,EVENT_DRIVEN,Q05_DELAY3,CONTROL_FAILURE,HIGH,4,COMPACT_TYPED,12,1.0,5.0,3.0,1.0,0.0,1.0,1.0,0.0,1.0,1.0,14.0,1.0,1.0,166.0,3.0,1.0,0.0
LIVE_BELIEF,EVENT_DRIVEN,Q05_DELAY3,CONTROL_FAILURE,HIGH,4,VERBOSE_TYPED,12,1.0,5.0,3.0,1.0,0.0,1.0,1.0,0.0,1.0,1.0,17.0,1.0,1.0,167.0,3.0,1.0,0.0
LIVE_BELIEF,EVENT_DRIVEN,Q05_DELAY3,CONTROL_FAILURE,HIGH,8,COMPACT_TYPED,12,1.0,9.0,3.0,1.0,0.0,1.0,1.0,0.0,1.0,1.0,14.0,1.0,1.0,166.0,5.0,1.0,0.0
LIVE_BELIEF,EVENT_DRIVEN,Q05_DELAY3,CONTROL_FAILURE,HIGH,8,VERBOSE_TYPED,12,1.0,9.0,3.0,1.0,0.0,1.0,1.0,0.0,1.0,1.0,17.0,1.0,1.0,167.0,5.0,1.0,0.0
LIVE_BELIEF,EVENT_DRIVEN,Q05_DELAY3,CONTROL_FAILURE,HIGH,12,COMPACT_TYPED,12,1.0,13.0,3.0,1.0,0.0,1.0,1.0,0.0,1.0,1.0,14.0,1.0,1.0,166.0,7.0,1.0,0.0
LIVE_BELIEF,EVENT_DRIVEN,Q05_DELAY3,CONTROL_FAILURE,HIGH,12,VERBOSE_TYPED,12,1.0,13.0,3.0,1.0,0.0,1.0,1.0,0.0,1.0,1.0,17.0,1.0,1.0,167.0,7.0,1.0,0.0
LIVE_BELIEF,EVENT_DRIVEN,Q05_DELAY3,CONTROL_FAILURE,LOW,4,COMPACT_TYPED,12,1.0,6.0,2.0,1.0,0.0,1.0,1.0,0.0,1.0,1.0,12.0,1.0,1.0,166.0,3.0,1.0,0.0
LIVE_BELIEF,EVENT_DRIVEN,Q05_DELAY3,CONTROL_FAILURE,LOW,4,VERBOSE_TYPED,12,1.0,6.0,2.0,1.0,0.0,1.0,1.0,0.0,1.0,1.0,15.0,1.0,1.0,167.0,3.0,1.0,0.0
LIVE_BELIEF,EVENT_DRIVEN,Q05_DELAY3,CONTROL_FAILURE,LOW,8,COMPACT_TYPED,12,1.0,10.0,2.0,1.0,0.0,1.0,1.0,0.0,1.0,1.0,12.0,1.0,1.0,166.0,5.0,1.0,0.0
LIVE_BELIEF,EVENT_DRIVEN,Q05_DELAY3,CONTROL_FAILURE,LOW,8,VERBOSE_TYPED,12,1.0,10.0,2.0,1.0,0.0,1.0,1.0,0.0,1.0,1.0,15.0,1.0,1.0,167.0,5.0,1.0,0.0
LIVE_BELIEF,EVENT_DRIVEN,Q05_DELAY3,CONTROL_FAILURE,LOW,12,COMPACT_TYPED,12,1.0,14.0,2.0,1.0,0.0,1.0,1.0,0.0,1.0,1.0,12.0,1.0,1.0,166.0,7.0,1.0,0.0
LIVE_BELIEF,EVENT_DRIVEN,Q05_DELAY3,CONTROL_FAILURE,LOW,12,VERBOSE_TYPED,12,1.0,14.0,2.0,1.0,0.0,1.0,1.0,0.0,1.0,1.0,15.0,1.0,1.0,167.0,7.0,1.0,0.0
LIVE_BELIEF,EVENT_DRIVEN,Q05_DELAY3,POSE_SHIFT,HIGH,4,COMPACT_TYPED,12,1.0,5.0,3.0,1.0,0.0,1.0,0.0,0.0,1.0,1.0,14.0,1.0,1.0,161.0,3.0,1.0,0.0
LIVE_BELIEF,EVENT_DRIVEN,Q05_DELAY3,POSE_SHIFT,HIGH,4,VERBOSE_TYPED,12,1.0,5.0,3.0,1.0,0.0,1.0,0.0,0.0,1.0,1.0,17.0,1.0,1.0,162.0,3.0,1.0,0.0
LIVE_BELIEF,EVENT_DRIVEN,Q05_DELAY3,POSE_SHIFT,HIGH,8,COMPACT_TYPED,12,1.0,9.0,3.0,1.0,0.0,1.0,0.0,0.0,1.0,1.0,14.0,1.0,1.0,161.0,5.0,1.0,0.0
LIVE_BELIEF,EVENT_DRIVEN,Q05_DELAY3,POSE_SHIFT,HIGH,8,VERBOSE_TYPED,12,1.0,9.0,3.0,1.0,0.0,1.0,0.0,0.0,1.0,1.0,17.0,1.0,1.0,162.0,5.0,1.0,0.0
LIVE_BELIEF,EVENT_DRIVEN,Q05_DELAY3,POSE_SHIFT,HIGH,12,COMPACT_TYPED,12,1.0,13.0,3.0,1.0,0.0,1.0,0.0,0.0,1.0,1.0,14.0,1.0,1.0,161.0,7.0,1.0,0.0
LIVE_BELIEF,EVENT_DRIVEN,Q05_DELAY3,POSE_SHIFT,HIGH,12,VERBOSE_TYPED,12,1.0,13.0,3.0,1.0,0.0,1.0,0.0,0.0,1.0,1.0,17.0,1.0,1.0,162.0,7.0,1.0,0.0
LIVE_BELIEF,EVENT_DRIVEN,Q05_DELAY3,POSE_SHIFT,LOW,4,COMPACT_TYPED,12,1.0,5.0,3.0,1.0,0.0,1.0,0.0,0.0,1.0,1.0,14.0,1.0,1.0,161.0,3.0,1.0,0.0
LIVE_BELIEF,EVENT_DRIVEN,Q05_DELAY3,POSE_SHIFT,LOW,4,VERBOSE_TYPED,12,1.0,5.0,3.0,1.0,0.0,1.0,0.0,0.0,1.0,1.0,17.0,1.0,1.0,162.0,3.0,1.0,0.0
LIVE_BELIEF,EVENT_DRIVEN,Q05_DELAY3,POSE_SHIFT,LOW,8,COMPACT_TYPED,12,1.0,9.0,3.0,1.0,0.0,1.0,0.0,0.0,1.0,1.0,14.0,1.0,1.0,161.0,5.0,1.0,0.0
LIVE_BELIEF,EVENT_DRIVEN,Q05_DELAY3,POSE_SHIFT,LOW,8,VERBOSE_TYPED,12,1.0,9.0,3.0,1.0,0.0,1.0,0.0,0.0,1.0,1.0,17.0,1.0,1.0,162.0,5.0,1.0,0.0
LIVE_BELIEF,EVENT_DRIVEN,Q05_DELAY3,POSE_SHIFT,LOW,12,COMPACT_TYPED,12,1.0,13.0,3.0,1.0,0.0,1.0,0.0,0.0,1.0,1.0,14.0,1.0,1.0,161.0,7.0,1.0,0.0
LIVE_BELIEF,EVENT_DRIVEN,Q05_DELAY3,POSE_SHIFT,LOW,12,VERBOSE_TYPED,12,1.0,13.0,3.0,1.0,0.0,1.0,0.0,0.0,1.0,1.0,17.0,1.0,1.0,162.0,7.0,1.0,0.0
LIVE_BELIEF,EVENT_DRIVEN,Q05_DELAY3,RESTRICTION_CHANGE,HIGH,4,COMPACT_TYPED,12,1.0,5.0,3.0,1.0,0.0,1.0,0.0,1.0,1.0,1.0,14.0,1.0,1.0,164.0,3.0,1.0,0.0
LIVE_BELIEF,EVENT_DRIVEN,Q05_DELAY3,RESTRICTION_CHANGE,HIGH,4,VERBOSE_TYPED,12,1.0,5.0,3.0,1.0,0.0,1.0,0.0,1.0,1.0,1.0,17.0,1.0,1.0,165.0,3.0,1.0,0.0
LIVE_BELIEF,EVENT_DRIVEN,Q05_DELAY3,RESTRICTION_CHANGE,HIGH,8,COMPACT_TYPED,12,1.0,9.0,3.0,1.0,0.0,1.0,0.0,1.0,1.0,1.0,14.0,1.0,1.0,164.0,5.0,1.0,0.0
LIVE_BELIEF,EVENT_DRIVEN,Q05_DELAY3,RESTRICTION_CHANGE,HIGH,8,VERBOSE_TYPED,12,1.0,9.0,3.0,1.0,0.0,1.0,0.0,1.0,1.0,1.0,17.0,1.0,1.0,165.0,5.0,1.0,0.0
LIVE_BELIEF,EVENT_DRIVEN,Q05_DELAY3,RESTRICTION_CHANGE,HIGH,12,COMPACT_TYPED,12,1.0,13.0,3.0,1.0,0.0,1.0,0.0,1.0,1.0,1.0,14.0,1.0,1.0,164.0,7.0,1.0,0.0
LIVE_BELIEF,EVENT_DRIVEN,Q05_DELAY3,RESTRICTION_CHANGE,HIGH,12,VERBOSE_TYPED,12,1.0,13.0,3.0,1.0,0.0,1.0,0.0,1.0,1.0,1.0,17.0,1.0,1.0,165.0,7.0,1.0,0.0
LIVE_BELIEF,EVENT_DRIVEN,Q05_DELAY3,RESTRICTION_CHANGE,LOW,4,COMPACT_TYPED,12,1.0,5.0,3.0,1.0,0.0,1.0,0.0,1.0,1.0,1.0,14.0,1.0,1.0,164.0,3.0,1.0,0.0
LIVE_BELIEF,EVENT_DRIVEN,Q05_DELAY3,RESTRICTION_CHANGE,LOW,4,VERBOSE_TYPED,12,1.0,5.0,3.0,1.0,0.0,1.0,0.0,1.0,1.0,1.0,17.0,1.0,1.0,165.0,3.0,1.0,0.0
LIVE_BELIEF,EVENT_DRIVEN,Q05_DELAY3,RESTRICTION_CHANGE,LOW,8,COMPACT_TYPED,12,1.0,9.0,3.0,1.0,0.0,1.0,0.0,1.0,1.0,1.0,14.0,1.0,1.0,164.0,5.0,1.0,0.0
LIVE_BELIEF,EVENT_DRIVEN,Q05_DELAY3,RESTRICTION_CHANGE,LOW,8,VERBOSE_TYPED,12,1.0,9.0,3.0,1.0,0.0,1.0,0.0,1.0,1.0,1.0,17.0,1.0,1.0,165.0,5.0,1.0,0.0
LIVE_BELIEF,EVENT_DRIVEN,Q05_DELAY3,RESTRICTION_CHANGE,LOW,12,COMPACT_TYPED,12,1.0,13.0,3.0,1.0,0.0,1.0,0.0,1.0,1.0,1.0,14.0,1.0,1.0,164.0,7.0,1.0,0.0
LIVE_BELIEF,EVENT_DRIVEN,Q05_DELAY3,RESTRICTION_CHANGE,LOW,12,VERBOSE_TYPED,12,1.0,13.0,3.0,1.0,0.0,1.0,0.0,1.0,1.0,1.0,17.0,1.0,1.0,165.0,7.0,1.0,0.0
LIVE_BELIEF,EVENT_DRIVEN,Q06_FALSE3,AVAILABILITY_LOSS,HIGH,4,COMPACT_TYPED,12,1.0,8.0,0.0,2.0,1.0,0.0,1.0,1.0,0.5,1.0,20.0,2.0,4.0,665.0,5.0,2.0,0.0
LIVE_BELIEF,EVENT_DRIVEN,Q06_FALSE3,AVAILABILITY_LOSS,HIGH,4,VERBOSE_TYPED,12,1.0,8.0,0.0,2.0,1.0,0.0,1.0,1.0,0.5,1.0,32.0,2.0,4.0,669.0,5.0,2.0,0.0
LIVE_BELIEF,EVENT_DRIVEN,Q06_FALSE3,AVAILABILITY_LOSS,HIGH,8,COMPACT_TYPED,12,1.0,12.0,0.0,2.0,1.0,0.0,1.0,1.0,0.5,1.0,20.0,2.0,4.0,665.0,7.0,2.0,0.0
LIVE_BELIEF,EVENT_DRIVEN,Q06_FALSE3,AVAILABILITY_LOSS,HIGH,8,VERBOSE_TYPED,12,1.0,12.0,0.0,2.0,1.0,0.0,1.0,1.0,0.5,1.0,32.0,2.0,4.0,669.0,7.0,2.0,0.0
LIVE_BELIEF,EVENT_DRIVEN,Q06_FALSE3,AVAILABILITY_LOSS,HIGH,12,COMPACT_TYPED,12,1.0,16.0,0.0,2.0,1.0,0.0,1.0,1.0,0.5,1.0,20.0,2.0,4.0,665.0,9.0,2.0,0.0
LIVE_BELIEF,EVENT_DRIVEN,Q06_FALSE3,AVAILABILITY_LOSS,HIGH,12,VERBOSE_TYPED,12,1.0,16.0,0.0,2.0,1.0,0.0,1.0,1.0,0.5,1.0,32.0,2.0,4.0,669.0,9.0,2.0,0.0
LIVE_BELIEF,EVENT_DRIVEN,Q06_FALSE3,AVAILABILITY_LOSS,LOW,4,COMPACT_TYPED,12,1.0,8.0,0.0,2.0,1.0,0.0,1.0,1.0,0.5,1.0,20.0,2.0,4.0,665.0,5.0,2.0,0.0
LIVE_BELIEF,EVENT_DRIVEN,Q06_FALSE3,AVAILABILITY_LOSS,LOW,4,VERBOSE_TYPED,12,1.0,8.0,0.0,2.0,1.0,0.0,1.0,1.0,0.5,1.0,32.0,2.0,4.0,669.0,5.0,2.0,0.0
LIVE_BELIEF,EVENT_DRIVEN,Q06_FALSE3,AVAILABILITY_LOSS,LOW,8,COMPACT_TYPED,12,1.0,12.0,0.0,2.0,1.0,0.0,1.0,1.0,0.5,1.0,20.0,2.0,4.0,665.0,7.0,2.0,0.0
LIVE_BELIEF,EVENT_DRIVEN,Q06_FALSE3,AVAILABILITY_LOSS,LOW,8,VERBOSE_TYPED,12,1.0,12.0,0.0,2.0,1.0,0.0,1.0,1.0,0.5,1.0,32.0,2.0,4.0,669.0,7.0,2.0,0.0
LIVE_BELIEF,EVENT_DRIVEN,Q06_FALSE3,AVAILABILITY_LOSS,LOW,12,COMPACT_TYPED,12,1.0,16.0,0.0,2.0,1.0,0.0,1.0,1.0,0.5,1.0,20.0,2.0,4.0,665.0,9.0,2.0,0.0
LIVE_BELIEF,EVENT_DRIVEN,Q06_FALSE3,AVAILABILITY_LOSS,LOW,12,VERBOSE_TYPED,12,1.0,16.0,0.0,2.0,1.0,0.0,1.0,1.0,0.5,1.0,32.0,2.0,4.0,669.0,9.0,2.0,0.0
LIVE_BELIEF,EVENT_DRIVEN,Q06_FALSE3,CONTROL_FAILURE,HIGH,4,COMPACT_TYPED,12,1.0,5.0,3.0,2.0,1.0,0.0,2.0,0.0,0.5,1.0,26.0,2.0,4.0,664.0,5.0,2.0,0.0
LIVE_BELIEF,EVENT_DRIVEN,Q06_FALSE3,CONTROL_FAILURE,HIGH,4,VERBOSE_TYPED,12,1.0,5.0,3.0,2.0,1.0,0.0,2.0,0.0,0.5,1.0,38.0,2.0,4.0,668.0,5.0,2.0,0.0
LIVE_BELIEF,EVENT_DRIVEN,Q06_FALSE3,CONTROL_FAILURE,HIGH,8,COMPACT_TYPED,12,1.0,9.0,3.0,2.0,1.0,0.0,2.0,0.0,0.5,1.0,26.0,2.0,4.0,664.0,7.0,2.0,0.0
LIVE_BELIEF,EVENT_DRIVEN,Q06_FALSE3,CONTROL_FAILURE,HIGH,8,VERBOSE_TYPED,12,1.0,9.0,3.0,2.0,1.0,0.0,2.0,0.0,0.5,1.0,38.0,2.0,4.0,668.0,7.0,2.0,0.0
LIVE_BELIEF,EVENT_DRIVEN,Q06_FALSE3,CONTROL_FAILURE,HIGH,12,COMPACT_TYPED,12,1.0,13.0,3.0,2.0,1.0,0.0,2.0,0.0,0.5,1.0,26.0,2.0,4.0,664.0,9.0,2.0,0.0
LIVE_BELIEF,EVENT_DRIVEN,Q06_FALSE3,CONTROL_FAILURE,HIGH,12,VERBOSE_TYPED,12,1.0,13.0,3.0,2.0,1.0,0.0,2.0,0.0,0.5,1.0,38.0,2.0,4.0,668.0,9.0,2.0,0.0
LIVE_BELIEF,EVENT_DRIVEN,Q06_FALSE3,CONTROL_FAILURE,LOW,4,COMPACT_TYPED,12,1.0,6.0,2.0,2.0,1.0,0.0,2.0,0.0,0.5,1.0,24.0,2.0,4.0,664.0,5.0,2.0,0.0
LIVE_BELIEF,EVENT_DRIVEN,Q06_FALSE3,CONTROL_FAILURE,LOW,4,VERBOSE_TYPED,12,1.0,6.0,2.0,2.0,1.0,0.0,2.0,0.0,0.5,1.0,36.0,2.0,4.0,668.0,5.0,2.0,0.0
LIVE_BELIEF,EVENT_DRIVEN,Q06_FALSE3,CONTROL_FAILURE,LOW,8,COMPACT_TYPED,12,1.0,10.0,2.0,2.0,1.0,0.0,2.0,0.0,0.5,1.0,24.0,2.0,4.0,664.0,7.0,2.0,0.0
LIVE_BELIEF,EVENT_DRIVEN,Q06_FALSE3,CONTROL_FAILURE,LOW,8,VERBOSE_TYPED,12,1.0,10.0,2.0,2.0,1.0,0.0,2.0,0.0,0.5,1.0,36.0,2.0,4.0,668.0,7.0,2.0,0.0
LIVE_BELIEF,EVENT_DRIVEN,Q06_FALSE3,CONTROL_FAILURE,LOW,12,COMPACT_TYPED,12,1.0,14.0,2.0,2.0,1.0,0.0,2.0,0.0,0.5,1.0,24.0,2.0,4.0,664.0,9.0,2.0,0.0
LIVE_BELIEF,EVENT_DRIVEN,Q06_FALSE3,CONTROL_FAILURE,LOW,12,VERBOSE_TYPED,12,1.0,14.0,2.0,2.0,1.0,0.0,2.0,0.0,0.5,1.0,36.0,2.0,4.0,668.0,9.0,2.0,0.0
LIVE_BELIEF,EVENT_DRIVEN,Q06_FALSE3,POSE_SHIFT,HIGH,4,COMPACT_TYPED,12,1.0,8.0,0.0,2.0,1.0,0.0,1.0,0.0,0.5,1.0,20.0,2.0,4.0,659.0,5.0,2.0,0.0
LIVE_BELIEF,EVENT_DRIVEN,Q06_FALSE3,POSE_SHIFT,HIGH,4,VERBOSE_TYPED,12,1.0,8.0,0.0,2.0,1.0,0.0,1.0,0.0,0.5,1.0,32.0,2.0,4.0,663.0,5.0,2.0,0.0
LIVE_BELIEF,EVENT_DRIVEN,Q06_FALSE3,POSE_SHIFT,HIGH,8,COMPACT_TYPED,12,1.0,12.0,0.0,2.0,1.0,0.0,1.0,0.0,0.5,1.0,20.0,2.0,4.0,659.0,7.0,2.0,0.0
LIVE_BELIEF,EVENT_DRIVEN,Q06_FALSE3,POSE_SHIFT,HIGH,8,VERBOSE_TYPED,12,1.0,12.0,0.0,2.0,1.0,0.0,1.0,0.0,0.5,1.0,32.0,2.0,4.0,663.0,7.0,2.0,0.0
LIVE_BELIEF,EVENT_DRIVEN,Q06_FALSE3,POSE_SHIFT,HIGH,12,COMPACT_TYPED,12,1.0,16.0,0.0,2.0,1.0,0.0,1.0,0.0,0.5,1.0,20.0,2.0,4.0,659.0,9.0,2.0,0.0
LIVE_BELIEF,EVENT_DRIVEN,Q06_FALSE3,POSE_SHIFT,HIGH,12,VERBOSE_TYPED,12,1.0,16.0,0.0,2.0,1.0,0.0,1.0,0.0,0.5,1.0,32.0,2.0,4.0,663.0,9.0,2.0,0.0
LIVE_BELIEF,EVENT_DRIVEN,Q06_FALSE3,POSE_SHIFT,LOW,4,COMPACT_TYPED,12,1.0,8.0,0.0,2.0,1.0,0.0,1.0,0.0,0.5,1.0,20.0,2.0,4.0,659.0,5.0,2.0,0.0
LIVE_BELIEF,EVENT_DRIVEN,Q06_FALSE3,POSE_SHIFT,LOW,4,VERBOSE_TYPED,12,1.0,8.0,0.0,2.0,1.0,0.0,1.0,0.0,0.5,1.0,32.0,2.0,4.0,663.0,5.0,2.0,0.0
LIVE_BELIEF,EVENT_DRIVEN,Q06_FALSE3,POSE_SHIFT,LOW,8,COMPACT_TYPED,12,1.0,12.0,0.0,2.0,1.0,0.0,1.0,0.0,0.5,1.0,20.0,2.0,4.0,659.0,7.0,2.0,0.0
LIVE_BELIEF,EVENT_DRIVEN,Q06_FALSE3,POSE_SHIFT,LOW,8,VERBOSE_TYPED,12,1.0,12.0,0.0,2.0,1.0,0.0,1.0,0.0,0.5,1.0,32.0,2.0,4.0,663.0,7.0,2.0,0.0
LIVE_BELIEF,EVENT_DRIVEN,Q06_FALSE3,POSE_SHIFT,LOW,12,COMPACT_TYPED,12,1.0,16.0,0.0,2.0,1.0,0.0,1.0,0.0,0.5,1.0,20.0,2.0,4.0,659.0,9.0,2.0,0.0
LIVE_BELIEF,EVENT_DRIVEN,Q06_FALSE3,POSE_SHIFT,LOW,12,VERBOSE_TYPED,12,1.0,16.0,0.0,2.0,1.0,0.0,1.0,0.0,0.5,1.0,32.0,2.0,4.0,663.0,9.0,2.0,0.0
LIVE_BELIEF,EVENT_DRIVEN,Q06_FALSE3,RESTRICTION_CHANGE,HIGH,4,COMPACT_TYPED,12,1.0,8.0,0.0,2.0,1.0,0.0,1.0,1.0,0.5,1.0,20.0,2.0,4.0,662.0,5.0,2.0,0.0
LIVE_BELIEF,EVENT_DRIVEN,Q06_FALSE3,RESTRICTION_CHANGE,HIGH,4,VERBOSE_TYPED,12,1.0,8.0,0.0,2.0,1.0,0.0,1.0,1.0,0.5,1.0,32.0,2.0,4.0,666.0,5.0,2.0,0.0
LIVE_BELIEF,EVENT_DRIVEN,Q06_FALSE3,RESTRICTION_CHANGE,HIGH,8,COMPACT_TYPED,12,1.0,12.0,0.0,2.0,1.0,0.0,1.0,1.0,0.5,1.0,20.0,2.0,4.0,662.0,7.0,2.0,0.0
LIVE_BELIEF,EVENT_DRIVEN,Q06_FALSE3,RESTRICTION_CHANGE,HIGH,8,VERBOSE_TYPED,12,1.0,12.0,0.0,2.0,1.0,0.0,1.0,1.0,0.5,1.0,32.0,2.0,4.0,666.0,7.0,2.0,0.0
LIVE_BELIEF,EVENT_DRIVEN,Q06_FALSE3,RESTRICTION_CHANGE,HIGH,12,COMPACT_TYPED,12,1.0,16.0,0.0,2.0,1.0,0.0,1.0,1.0,0.5,1.0,20.0,2.0,4.0,662.0,9.0,2.0,0.0
LIVE_BELIEF,EVENT_DRIVEN,Q06_FALSE3,RESTRICTION_CHANGE,HIGH,12,VERBOSE_TYPED,12,1.0,16.0,0.0,2.0,1.0,0.0,1.0,1.0,0.5,1.0,32.0,2.0,4.0,666.0,9.0,2.0,0.0
LIVE_BELIEF,EVENT_DRIVEN,Q06_FALSE3,RESTRICTION_CHANGE,LOW,4,COMPACT_TYPED,12,1.0,8.0,0.0,2.0,1.0,0.0,1.0,1.0,0.5,1.0,20.0,2.0,4.0,662.0,5.0,2.0,0.0
LIVE_BELIEF,EVENT_DRIVEN,Q06_FALSE3,RESTRICTION_CHANGE,LOW,4,VERBOSE_TYPED,12,1.0,8.0,0.0,2.0,1.0,0.0,1.0,1.0,0.5,1.0,32.0,2.0,4.0,666.0,5.0,2.0,0.0
LIVE_BELIEF,EVENT_DRIVEN,Q06_FALSE3,RESTRICTION_CHANGE,LOW,8,COMPACT_TYPED,12,1.0,12.0,0.0,2.0,1.0,0.0,1.0,1.0,0.5,1.0,20.0,2.0,4.0,662.0,7.0,2.0,0.0
LIVE_BELIEF,EVENT_DRIVEN,Q06_FALSE3,RESTRICTION_CHANGE,LOW,8,VERBOSE_TYPED,12,1.0,12.0,0.0,2.0,1.0,0.0,1.0,1.0,0.5,1.0,32.0,2.0,4.0,666.0,7.0,2.0,0.0
LIVE_BELIEF,EVENT_DRIVEN,Q06_FALSE3,RESTRICTION_CHANGE,LOW,12,COMPACT_TYPED,12,1.0,16.0,0.0,2.0,1.0,0.0,1.0,1.0,0.5,1.0,20.0,2.0,4.0,662.0,9.0,2.0,0.0
LIVE_BELIEF,EVENT_DRIVEN,Q06_FALSE3,RESTRICTION_CHANGE,LOW,12,VERBOSE_TYPED,12,1.0,16.0,0.0,2.0,1.0,0.0,1.0,1.0,0.5,1.0,32.0,2.0,4.0,666.0,9.0,2.0,0.0
LIVE_BELIEF,EVENT_DRIVEN,Q07_DUP_OOO,AVAILABILITY_LOSS,HIGH,4,COMPACT_TYPED,12,1.0,7.0,1.0,2.0,0.0,0.0,1.0,1.0,1.0,1.0,20.0,2.0,3.0,501.0,4.0,2.0,0.0
LIVE_BELIEF,EVENT_DRIVEN,Q07_DUP_OOO,AVAILABILITY_LOSS,HIGH,4,VERBOSE_TYPED,12,1.0,7.0,1.0,2.0,0.0,0.0,1.0,1.0,1.0,1.0,29.0,2.0,3.0,504.0,4.0,2.0,0.0
LIVE_BELIEF,EVENT_DRIVEN,Q07_DUP_OOO,AVAILABILITY_LOSS,HIGH,8,COMPACT_TYPED,12,1.0,11.0,1.0,2.0,0.0,0.0,1.0,1.0,1.0,1.0,20.0,2.0,3.0,501.0,6.0,2.0,0.0
LIVE_BELIEF,EVENT_DRIVEN,Q07_DUP_OOO,AVAILABILITY_LOSS,HIGH,8,VERBOSE_TYPED,12,1.0,11.0,1.0,2.0,0.0,0.0,1.0,1.0,1.0,1.0,29.0,2.0,3.0,504.0,6.0,2.0,0.0
LIVE_BELIEF,EVENT_DRIVEN,Q07_DUP_OOO,AVAILABILITY_LOSS,HIGH,12,COMPACT_TYPED,12,1.0,15.0,1.0,2.0,0.0,0.0,1.0,1.0,1.0,1.0,20.0,2.0,3.0,501.0,8.0,2.0,0.0
LIVE_BELIEF,EVENT_DRIVEN,Q07_DUP_OOO,AVAILABILITY_LOSS,HIGH,12,VERBOSE_TYPED,12,1.0,15.0,1.0,2.0,0.0,0.0,1.0,1.0,1.0,1.0,29.0,2.0,3.0,504.0,8.0,2.0,0.0
LIVE_BELIEF,EVENT_DRIVEN,Q07_DUP_OOO,AVAILABILITY_LOSS,LOW,4,COMPACT_TYPED,12,1.0,7.0,1.0,2.0,0.0,0.0,1.0,1.0,1.0,1.0,20.0,2.0,3.0,501.0,4.0,2.0,0.0
LIVE_BELIEF,EVENT_DRIVEN,Q07_DUP_OOO,AVAILABILITY_LOSS,LOW,4,VERBOSE_TYPED,12,1.0,7.0,1.0,2.0,0.0,0.0,1.0,1.0,1.0,1.0,29.0,2.0,3.0,504.0,4.0,2.0,0.0
LIVE_BELIEF,EVENT_DRIVEN,Q07_DUP_OOO,AVAILABILITY_LOSS,LOW,8,COMPACT_TYPED,12,1.0,11.0,1.0,2.0,0.0,0.0,1.0,1.0,1.0,1.0,20.0,2.0,3.0,501.0,6.0,2.0,0.0
LIVE_BELIEF,EVENT_DRIVEN,Q07_DUP_OOO,AVAILABILITY_LOSS,LOW,8,VERBOSE_TYPED,12,1.0,11.0,1.0,2.0,0.0,0.0,1.0,1.0,1.0,1.0,29.0,2.0,3.0,504.0,6.0,2.0,0.0
LIVE_BELIEF,EVENT_DRIVEN,Q07_DUP_OOO,AVAILABILITY_LOSS,LOW,12,COMPACT_TYPED,12,1.0,15.0,1.0,2.0,0.0,0.0,1.0,1.0,1.0,1.0,20.0,2.0,3.0,501.0,8.0,2.0,0.0
LIVE_BELIEF,EVENT_DRIVEN,Q07_DUP_OOO,AVAILABILITY_LOSS,LOW,12,VERBOSE_TYPED,12,1.0,15.0,1.0,2.0,0.0,0.0,1.0,1.0,1.0,1.0,29.0,2.0,3.0,504.0,8.0,2.0,0.0
LIVE_BELIEF,EVENT_DRIVEN,Q07_DUP_OOO,CONTROL_FAILURE,HIGH,4,COMPACT_TYPED,12,1.0,5.0,3.0,2.0,0.0,0.0,2.0,0.0,1.0,1.0,24.0,2.0,3.0,498.0,4.0,2.0,0.0
LIVE_BELIEF,EVENT_DRIVEN,Q07_DUP_OOO,CONTROL_FAILURE,HIGH,4,VERBOSE_TYPED,12,1.0,5.0,3.0,2.0,0.0,0.0,2.0,0.0,1.0,1.0,33.0,2.0,3.0,501.0,4.0,2.0,0.0
LIVE_BELIEF,EVENT_DRIVEN,Q07_DUP_OOO,CONTROL_FAILURE,HIGH,8,COMPACT_TYPED,12,1.0,9.0,3.0,2.0,0.0,0.0,2.0,0.0,1.0,1.0,24.0,2.0,3.0,498.0,6.0,2.0,0.0
LIVE_BELIEF,EVENT_DRIVEN,Q07_DUP_OOO,CONTROL_FAILURE,HIGH,8,VERBOSE_TYPED,12,1.0,9.0,3.0,2.0,0.0,0.0,2.0,0.0,1.0,1.0,33.0,2.0,3.0,501.0,6.0,2.0,0.0
LIVE_BELIEF,EVENT_DRIVEN,Q07_DUP_OOO,CONTROL_FAILURE,HIGH,12,COMPACT_TYPED,12,1.0,13.0,3.0,2.0,0.0,0.0,2.0,0.0,1.0,1.0,24.0,2.0,3.0,498.0,8.0,2.0,0.0
LIVE_BELIEF,EVENT_DRIVEN,Q07_DUP_OOO,CONTROL_FAILURE,HIGH,12,VERBOSE_TYPED,12,1.0,13.0,3.0,2.0,0.0,0.0,2.0,0.0,1.0,1.0,33.0,2.0,3.0,501.0,8.0,2.0,0.0
LIVE_BELIEF,EVENT_DRIVEN,Q07_DUP_OOO,CONTROL_FAILURE,LOW,4,COMPACT_TYPED,12,1.0,6.0,2.0,2.0,0.0,0.0,2.0,0.0,1.0,1.0,22.0,2.0,3.0,498.0,4.0,2.0,0.0
LIVE_BELIEF,EVENT_DRIVEN,Q07_DUP_OOO,CONTROL_FAILURE,LOW,4,VERBOSE_TYPED,12,1.0,6.0,2.0,2.0,0.0,0.0,2.0,0.0,1.0,1.0,31.0,2.0,3.0,501.0,4.0,2.0,0.0
LIVE_BELIEF,EVENT_DRIVEN,Q07_DUP_OOO,CONTROL_FAILURE,LOW,8,COMPACT_TYPED,12,1.0,10.0,2.0,2.0,0.0,0.0,2.0,0.0,1.0,1.0,22.0,2.0,3.0,498.0,6.0,2.0,0.0
LIVE_BELIEF,EVENT_DRIVEN,Q07_DUP_OOO,CONTROL_FAILURE,LOW,8,VERBOSE_TYPED,12,1.0,10.0,2.0,2.0,0.0,0.0,2.0,0.0,1.0,1.0,31.0,2.0,3.0,501.0,6.0,2.0,0.0
LIVE_BELIEF,EVENT_DRIVEN,Q07_DUP_OOO,CONTROL_FAILURE,LOW,12,COMPACT_TYPED,12,1.0,14.0,2.0,2.0,0.0,0.0,2.0,0.0,1.0,1.0,22.0,2.0,3.0,498.0,8.0,2.0,0.0
LIVE_BELIEF,EVENT_DRIVEN,Q07_DUP_OOO,CONTROL_FAILURE,LOW,12,VERBOSE_TYPED,12,1.0,14.0,2.0,2.0,0.0,0.0,2.0,0.0,1.0,1.0,31.0,2.0,3.0,501.0,8.0,2.0,0.0
LIVE_BELIEF,EVENT_DRIVEN,Q07_DUP_OOO,POSE_SHIFT,HIGH,4,COMPACT_TYPED,12,1.0,7.0,1.0,2.0,0.0,0.0,1.0,0.0,1.0,1.0,20.0,2.0,3.0,483.0,4.0,2.0,0.0
LIVE_BELIEF,EVENT_DRIVEN,Q07_DUP_OOO,POSE_SHIFT,HIGH,4,VERBOSE_TYPED,12,1.0,7.0,1.0,2.0,0.0,0.0,1.0,0.0,1.0,1.0,29.0,2.0,3.0,486.0,4.0,2.0,0.0
LIVE_BELIEF,EVENT_DRIVEN,Q07_DUP_OOO,POSE_SHIFT,HIGH,8,COMPACT_TYPED,12,1.0,11.0,1.0,2.0,0.0,0.0,1.0,0.0,1.0,1.0,20.0,2.0,3.0,483.0,6.0,2.0,0.0
LIVE_BELIEF,EVENT_DRIVEN,Q07_DUP_OOO,POSE_SHIFT,HIGH,8,VERBOSE_TYPED,12,1.0,11.0,1.0,2.0,0.0,0.0,1.0,0.0,1.0,1.0,29.0,2.0,3.0,486.0,6.0,2.0,0.0
LIVE_BELIEF,EVENT_DRIVEN,Q07_DUP_OOO,POSE_SHIFT,HIGH,12,COMPACT_TYPED,12,1.0,15.0,1.0,2.0,0.0,0.0,1.0,0.0,1.0,1.0,20.0,2.0,3.0,483.0,8.0,2.0,0.0
LIVE_BELIEF,EVENT_DRIVEN,Q07_DUP_OOO,POSE_SHIFT,HIGH,12,VERBOSE_TYPED,12,1.0,15.0,1.0,2.0,0.0,0.0,1.0,0.0,1.0,1.0,29.0,2.0,3.0,486.0,8.0,2.0,0.0
LIVE_BELIEF,EVENT_DRIVEN,Q07_DUP_OOO,POSE_SHIFT,LOW,4,COMPACT_TYPED,12,1.0,7.0,1.0,2.0,0.0,0.0,1.0,0.0,1.0,1.0,20.0,2.0,3.0,483.0,4.0,2.0,0.0
LIVE_BELIEF,EVENT_DRIVEN,Q07_DUP_OOO,POSE_SHIFT,LOW,4,VERBOSE_TYPED,12,1.0,7.0,1.0,2.0,0.0,0.0,1.0,0.0,1.0,1.0,29.0,2.0,3.0,486.0,4.0,2.0,0.0
LIVE_BELIEF,EVENT_DRIVEN,Q07_DUP_OOO,POSE_SHIFT,LOW,8,COMPACT_TYPED,12,1.0,11.0,1.0,2.0,0.0,0.0,1.0,0.0,1.0,1.0,20.0,2.0,3.0,483.0,6.0,2.0,0.0
LIVE_BELIEF,EVENT_DRIVEN,Q07_DUP_OOO,POSE_SHIFT,LOW,8,VERBOSE_TYPED,12,1.0,11.0,1.0,2.0,0.0,0.0,1.0,0.0,1.0,1.0,29.0,2.0,3.0,486.0,6.0,2.0,0.0
LIVE_BELIEF,EVENT_DRIVEN,Q07_DUP_OOO,POSE_SHIFT,LOW,12,COMPACT_TYPED,12,1.0,15.0,1.0,2.0,0.0,0.0,1.0,0.0,1.0,1.0,20.0,2.0,3.0,483.0,8.0,2.0,0.0
LIVE_BELIEF,EVENT_DRIVEN,Q07_DUP_OOO,POSE_SHIFT,LOW,12,VERBOSE_TYPED,12,1.0,15.0,1.0,2.0,0.0,0.0,1.0,0.0,1.0,1.0,29.0,2.0,3.0,486.0,8.0,2.0,0.0
LIVE_BELIEF,EVENT_DRIVEN,Q07_DUP_OOO,RESTRICTION_CHANGE,HIGH,4,COMPACT_TYPED,12,1.0,7.0,1.0,2.0,0.0,0.0,1.0,1.0,1.0,1.0,20.0,2.0,3.0,492.0,4.0,2.0,0.0
LIVE_BELIEF,EVENT_DRIVEN,Q07_DUP_OOO,RESTRICTION_CHANGE,HIGH,4,VERBOSE_TYPED,12,1.0,7.0,1.0,2.0,0.0,0.0,1.0,1.0,1.0,1.0,29.0,2.0,3.0,495.0,4.0,2.0,0.0
LIVE_BELIEF,EVENT_DRIVEN,Q07_DUP_OOO,RESTRICTION_CHANGE,HIGH,8,COMPACT_TYPED,12,1.0,11.0,1.0,2.0,0.0,0.0,1.0,1.0,1.0,1.0,20.0,2.0,3.0,492.0,6.0,2.0,0.0
LIVE_BELIEF,EVENT_DRIVEN,Q07_DUP_OOO,RESTRICTION_CHANGE,HIGH,8,VERBOSE_TYPED,12,1.0,11.0,1.0,2.0,0.0,0.0,1.0,1.0,1.0,1.0,29.0,2.0,3.0,495.0,6.0,2.0,0.0
LIVE_BELIEF,EVENT_DRIVEN,Q07_DUP_OOO,RESTRICTION_CHANGE,HIGH,12,COMPACT_TYPED,12,1.0,15.0,1.0,2.0,0.0,0.0,1.0,1.0,1.0,1.0,20.0,2.0,3.0,492.0,8.0,2.0,0.0
LIVE_BELIEF,EVENT_DRIVEN,Q07_DUP_OOO,RESTRICTION_CHANGE,HIGH,12,VERBOSE_TYPED,12,1.0,15.0,1.0,2.0,0.0,0.0,1.0,1.0,1.0,1.0,29.0,2.0,3.0,495.0,8.0,2.0,0.0
LIVE_BELIEF,EVENT_DRIVEN,Q07_DUP_OOO,RESTRICTION_CHANGE,LOW,4,COMPACT_TYPED,12,1.0,7.0,1.0,2.0,0.0,0.0,1.0,1.0,1.0,1.0,20.0,2.0,3.0,492.0,4.0,2.0,0.0
LIVE_BELIEF,EVENT_DRIVEN,Q07_DUP_OOO,RESTRICTION_CHANGE,LOW,4,VERBOSE_TYPED,12,1.0,7.0,1.0,2.0,0.0,0.0,1.0,1.0,1.0,1.0,29.0,2.0,3.0,495.0,4.0,2.0,0.0
LIVE_BELIEF,EVENT_DRIVEN,Q07_DUP_OOO,RESTRICTION_CHANGE,LOW,8,COMPACT_TYPED,12,1.0,11.0,1.0,2.0,0.0,0.0,1.0,1.0,1.0,1.0,20.0,2.0,3.0,492.0,6.0,2.0,0.0
LIVE_BELIEF,EVENT_DRIVEN,Q07_DUP_OOO,RESTRICTION_CHANGE,LOW,8,VERBOSE_TYPED,12,1.0,11.0,1.0,2.0,0.0,0.0,1.0,1.0,1.0,1.0,29.0,2.0,3.0,495.0,6.0,2.0,0.0
LIVE_BELIEF,EVENT_DRIVEN,Q07_DUP_OOO,RESTRICTION_CHANGE,LOW,12,COMPACT_TYPED,12,1.0,15.0,1.0,2.0,0.0,0.0,1.0,1.0,1.0,1.0,20.0,2.0,3.0,492.0,8.0,2.0,0.0
LIVE_BELIEF,EVENT_DRIVEN,Q07_DUP_OOO,RESTRICTION_CHANGE,LOW,12,VERBOSE_TYPED,12,1.0,15.0,1.0,2.0,0.0,0.0,1.0,1.0,1.0,1.0,29.0,2.0,3.0,495.0,8.0,2.0,0.0
LIVE_BELIEF,EVENT_DRIVEN,Q08_GUARDED,AVAILABILITY_LOSS,HIGH,4,COMPACT_TYPED,12,0.58333333,3.91666667,4.08333333,1.58333333,1.0,0.0,1.0,0.58333333,0.29166667,0.58333333,21.41666667,1.58333333,1.58333333,263.41666667,4.83333333,1.58333333,0.0
LIVE_BELIEF,EVENT_DRIVEN,Q08_GUARDED,AVAILABILITY_LOSS,HIGH,4,VERBOSE_TYPED,12,0.58333333,3.91666667,4.08333333,1.58333333,1.0,0.0,1.0,0.58333333,0.29166667,0.58333333,27.91666667,1.58333333,1.58333333,265.0,4.83333333,1.58333333,0.0
LIVE_BELIEF,EVENT_DRIVEN,Q08_GUARDED,AVAILABILITY_LOSS,HIGH,8,COMPACT_TYPED,12,0.83333333,8.83333333,3.16666667,1.83333333,1.0,0.0,1.0,0.83333333,0.41666667,0.83333333,21.83333333,1.83333333,1.83333333,305.16666667,6.33333333,1.83333333,0.0
LIVE_BELIEF,EVENT_DRIVEN,Q08_GUARDED,AVAILABILITY_LOSS,HIGH,8,VERBOSE_TYPED,12,0.83333333,8.83333333,3.16666667,1.83333333,1.0,0.0,1.0,0.83333333,0.41666667,0.83333333,29.83333333,1.83333333,1.83333333,307.0,6.33333333,1.83333333,0.0
LIVE_BELIEF,EVENT_DRIVEN,Q08_GUARDED,AVAILABILITY_LOSS,HIGH,12,COMPACT_TYPED,12,0.66666667,11.0,5.0,1.66666667,1.0,0.0,1.0,0.66666667,0.33333333,0.66666667,24.0,1.66666667,1.66666667,277.33333333,8.66666667,1.66666667,0.0
LIVE_BELIEF,EVENT_DRIVEN,Q08_GUARDED,AVAILABILITY_LOSS,HIGH,12,VERBOSE_TYPED,12,0.66666667,11.0,5.0,1.66666667,1.0,0.0,1.0,0.66666667,0.33333333,0.66666667,31.0,1.66666667,1.66666667,279.0,8.66666667,1.66666667,0.0
LIVE_BELIEF,EVENT_DRIVEN,Q08_GUARDED,AVAILABILITY_LOSS,LOW,4,COMPACT_TYPED,12,0.66666667,4.33333333,3.66666667,1.66666667,1.0,0.0,1.0,0.66666667,0.33333333,0.66666667,21.33333333,1.66666667,1.66666667,277.33333333,4.66666667,1.66666667,0.0
LIVE_BELIEF,EVENT_DRIVEN,Q08_GUARDED,AVAILABILITY_LOSS,LOW,4,VERBOSE_TYPED,12,0.66666667,4.33333333,3.66666667,1.66666667,1.0,0.0,1.0,0.66666667,0.33333333,0.66666667,28.33333333,1.66666667,1.66666667,279.0,4.66666667,1.66666667,0.0
LIVE_BELIEF,EVENT_DRIVEN,Q08_GUARDED,AVAILABILITY_LOSS,LOW,8,COMPACT_TYPED,12,0.83333333,8.83333333,3.16666667,1.83333333,1.0,0.0,1.0,0.83333333,0.41666667,0.83333333,21.83333333,1.83333333,1.83333333,305.16666667,6.33333333,1.83333333,0.0
LIVE_BELIEF,EVENT_DRIVEN,Q08_GUARDED,AVAILABILITY_LOSS,LOW,8,VERBOSE_TYPED,12,0.83333333,8.83333333,3.16666667,1.83333333,1.0,0.0,1.0,0.83333333,0.41666667,0.83333333,29.83333333,1.83333333,1.83333333,307.0,6.33333333,1.83333333,0.0
LIVE_BELIEF,EVENT_DRIVEN,Q08_GUARDED,AVAILABILITY_LOSS,LOW,12,COMPACT_TYPED,12,0.83333333,12.5,3.5,1.83333333,1.0,0.0,1.0,0.83333333,0.41666667,0.83333333,22.5,1.83333333,1.83333333,305.16666667,8.33333333,1.83333333,0.0
LIVE_BELIEF,EVENT_DRIVEN,Q08_GUARDED,AVAILABILITY_LOSS,LOW,12,VERBOSE_TYPED,12,0.83333333,12.5,3.5,1.83333333,1.0,0.0,1.0,0.83333333,0.41666667,0.83333333,30.5,1.83333333,1.83333333,307.0,8.33333333,1.83333333,0.0
LIVE_BELIEF,EVENT_DRIVEN,Q08_GUARDED,CONTROL_FAILURE,HIGH,4,COMPACT_TYPED,12,1.0,5.0,3.0,1.66666667,1.0,0.0,1.66666667,0.0,0.33333333,0.66666667,20.0,1.66666667,1.66666667,276.66666667,4.66666667,1.66666667,0.0
LIVE_BELIEF,EVENT_DRIVEN,Q08_GUARDED,CONTROL_FAILURE,HIGH,4,VERBOSE_TYPED,12,1.0,5.0,3.0,1.66666667,1.0,0.0,1.66666667,0.0,0.33333333,0.66666667,27.0,1.66666667,1.66666667,278.33333333,4.66666667,1.66666667,0.0
LIVE_BELIEF,EVENT_DRIVEN,Q08_GUARDED,CONTROL_FAILURE,HIGH,8,COMPACT_TYPED,12,1.0,9.0,3.0,1.58333333,1.0,0.0,1.58333333,0.0,0.29166667,0.58333333,19.25,1.58333333,1.58333333,262.83333333,6.83333333,1.58333333,0.0
LIVE_BELIEF,EVENT_DRIVEN,Q08_GUARDED,CONTROL_FAILURE,HIGH,8,VERBOSE_TYPED,12,1.0,9.0,3.0,1.58333333,1.0,0.0,1.58333333,0.0,0.29166667,0.58333333,25.75,1.58333333,1.58333333,264.41666667,6.83333333,1.58333333,0.0
LIVE_BELIEF,EVENT_DRIVEN,Q08_GUARDED,CONTROL_FAILURE,HIGH,12,COMPACT_TYPED,12,1.0,13.0,3.0,1.83333333,1.0,0.0,1.83333333,0.0,0.41666667,0.83333333,21.5,1.83333333,1.83333333,304.33333333,8.33333333,1.83333333,0.0
LIVE_BELIEF,EVENT_DRIVEN,Q08_GUARDED,CONTROL_FAILURE,HIGH,12,VERBOSE_TYPED,12,1.0,13.0,3.0,1.83333333,1.0,0.0,1.83333333,0.0,0.41666667,0.83333333,29.5,1.83333333,1.83333333,306.16666667,8.33333333,1.83333333,0.0
LIVE_BELIEF,EVENT_DRIVEN,Q08_GUARDED,CONTROL_FAILURE,LOW,4,COMPACT_TYPED,12,1.0,6.0,2.0,1.91666667,1.0,0.0,1.91666667,0.0,0.45833333,0.91666667,20.25,1.91666667,1.91666667,318.16666667,4.16666667,1.91666667,0.0
LIVE_BELIEF,EVENT_DRIVEN,Q08_GUARDED,CONTROL_FAILURE,LOW,4,VERBOSE_TYPED,12,1.0,6.0,2.0,1.91666667,1.0,0.0,1.91666667,0.0,0.45833333,0.91666667,28.75,1.91666667,1.91666667,320.08333333,4.16666667,1.91666667,0.0
LIVE_BELIEF,EVENT_DRIVEN,Q08_GUARDED,CONTROL_FAILURE,LOW,8,COMPACT_TYPED,12,1.0,10.0,2.0,1.66666667,1.0,0.0,1.66666667,0.0,0.33333333,0.66666667,18.0,1.66666667,1.66666667,276.66666667,6.66666667,1.66666667,0.0
LIVE_BELIEF,EVENT_DRIVEN,Q08_GUARDED,CONTROL_FAILURE,LOW,8,VERBOSE_TYPED,12,1.0,10.0,2.0,1.66666667,1.0,0.0,1.66666667,0.0,0.33333333,0.66666667,25.0,1.66666667,1.66666667,278.33333333,6.66666667,1.66666667,0.0
LIVE_BELIEF,EVENT_DRIVEN,Q08_GUARDED,CONTROL_FAILURE,LOW,12,COMPACT_TYPED,12,1.0,14.0,2.0,1.83333333,1.0,0.0,1.83333333,0.0,0.41666667,0.83333333,19.5,1.83333333,1.83333333,304.33333333,8.33333333,1.83333333,0.0
LIVE_BELIEF,EVENT_DRIVEN,Q08_GUARDED,CONTROL_FAILURE,LOW,12,VERBOSE_TYPED,12,1.0,14.0,2.0,1.83333333,1.0,0.0,1.83333333,0.0,0.41666667,0.83333333,27.5,1.83333333,1.83333333,306.16666667,8.33333333,1.83333333,0.0
LIVE_BELIEF,EVENT_DRIVEN,Q08_GUARDED,POSE_SHIFT,HIGH,4,COMPACT_TYPED,12,0.66666667,4.33333333,3.66666667,1.66666667,1.0,0.0,1.0,0.0,0.33333333,0.66666667,21.33333333,1.66666667,1.66666667,273.33333333,4.66666667,1.66666667,0.0
LIVE_BELIEF,EVENT_DRIVEN,Q08_GUARDED,POSE_SHIFT,HIGH,4,VERBOSE_TYPED,12,0.66666667,4.33333333,3.66666667,1.66666667,1.0,0.0,1.0,0.0,0.33333333,0.66666667,28.33333333,1.66666667,1.66666667,275.0,4.66666667,1.66666667,0.0
LIVE_BELIEF,EVENT_DRIVEN,Q08_GUARDED,POSE_SHIFT,HIGH,8,COMPACT_TYPED,12,0.41666667,5.91666667,6.08333333,1.41666667,1.0,0.0,1.0,0.0,0.20833333,0.41666667,23.91666667,1.41666667,1.41666667,233.08333333,7.16666667,1.41666667,0.0
LIVE_BELIEF,EVENT_DRIVEN,Q08_GUARDED,POSE_SHIFT,HIGH,8,VERBOSE_TYPED,12,0.41666667,5.91666667,6.08333333,1.41666667,1.0,0.0,1.0,0.0,0.20833333,0.41666667,29.41666667,1.41666667,1.41666667,234.5,7.16666667,1.41666667,0.0
LIVE_BELIEF,EVENT_DRIVEN,Q08_GUARDED,POSE_SHIFT,HIGH,12,COMPACT_TYPED,12,0.66666667,11.0,5.0,1.66666667,1.0,0.0,1.0,0.0,0.33333333,0.66666667,24.0,1.66666667,1.66666667,273.33333333,8.66666667,1.66666667,0.0
LIVE_BELIEF,EVENT_DRIVEN,Q08_GUARDED,POSE_SHIFT,HIGH,12,VERBOSE_TYPED,12,0.66666667,11.0,5.0,1.66666667,1.0,0.0,1.0,0.0,0.33333333,0.66666667,31.0,1.66666667,1.66666667,275.0,8.66666667,1.66666667,0.0
LIVE_BELIEF,EVENT_DRIVEN,Q08_GUARDED,POSE_SHIFT,LOW,4,COMPACT_TYPED,12,0.66666667,4.33333333,3.66666667,1.66666667,1.0,0.0,1.0,0.0,0.33333333,0.66666667,21.33333333,1.66666667,1.66666667,273.33333333,4.66666667,1.66666667,0.0
LIVE_BELIEF,EVENT_DRIVEN,Q08_GUARDED,POSE_SHIFT,LOW,4,VERBOSE_TYPED,12,0.66666667,4.33333333,3.66666667,1.66666667,1.0,0.0,1.0,0.0,0.33333333,0.66666667,28.33333333,1.66666667,1.66666667,275.0,4.66666667,1.66666667,0.0
LIVE_BELIEF,EVENT_DRIVEN,Q08_GUARDED,POSE_SHIFT,LOW,8,COMPACT_TYPED,12,0.58333333,7.08333333,4.91666667,1.58333333,1.0,0.0,1.0,0.0,0.29166667,0.58333333,23.08333333,1.58333333,1.58333333,259.91666667,6.83333333,1.58333333,0.0
LIVE_BELIEF,EVENT_DRIVEN,Q08_GUARDED,POSE_SHIFT,LOW,8,VERBOSE_TYPED,12,0.58333333,7.08333333,4.91666667,1.58333333,1.0,0.0,1.0,0.0,0.29166667,0.58333333,29.58333333,1.58333333,1.58333333,261.5,6.83333333,1.58333333,0.0
LIVE_BELIEF,EVENT_DRIVEN,Q08_GUARDED,POSE_SHIFT,LOW,12,COMPACT_TYPED,12,0.66666667,11.0,5.0,1.66666667,1.0,0.0,1.0,0.0,0.33333333,0.66666667,24.0,1.66666667,1.66666667,273.33333333,8.66666667,1.66666667,0.0
LIVE_BELIEF,EVENT_DRIVEN,Q08_GUARDED,POSE_SHIFT,LOW,12,VERBOSE_TYPED,12,0.66666667,11.0,5.0,1.66666667,1.0,0.0,1.0,0.0,0.33333333,0.66666667,31.0,1.66666667,1.66666667,275.0,8.66666667,1.66666667,0.0
LIVE_BELIEF,EVENT_DRIVEN,Q08_GUARDED,RESTRICTION_CHANGE,HIGH,4,COMPACT_TYPED,12,0.75,4.75,3.25,1.75,1.0,0.0,1.0,0.75,0.375,0.75,21.25,1.75,1.75,289.0,4.5,1.75,0.0
LIVE_BELIEF,EVENT_DRIVEN,Q08_GUARDED,RESTRICTION_CHANGE,HIGH,4,VERBOSE_TYPED,12,0.75,4.75,3.25,1.75,1.0,0.0,1.0,0.75,0.375,0.75,28.75,1.75,1.75,290.75,4.5,1.75,0.0
LIVE_BELIEF,EVENT_DRIVEN,Q08_GUARDED,RESTRICTION_CHANGE,HIGH,8,COMPACT_TYPED,12,0.75,8.25,3.75,1.75,1.0,0.0,1.0,0.75,0.375,0.75,22.25,1.75,1.75,289.0,6.5,1.75,0.0
LIVE_BELIEF,EVENT_DRIVEN,Q08_GUARDED,RESTRICTION_CHANGE,HIGH,8,VERBOSE_TYPED,12,0.75,8.25,3.75,1.75,1.0,0.0,1.0,0.75,0.375,0.75,29.75,1.75,1.75,290.75,6.5,1.75,0.0
LIVE_BELIEF,EVENT_DRIVEN,Q08_GUARDED,RESTRICTION_CHANGE,HIGH,12,COMPACT_TYPED,12,0.83333333,12.5,3.5,1.83333333,1.0,0.0,1.0,0.83333333,0.41666667,0.83333333,22.5,1.83333333,1.83333333,302.66666667,8.33333333,1.83333333,0.0
LIVE_BELIEF,EVENT_DRIVEN,Q08_GUARDED,RESTRICTION_CHANGE,HIGH,12,VERBOSE_TYPED,12,0.83333333,12.5,3.5,1.83333333,1.0,0.0,1.0,0.83333333,0.41666667,0.83333333,30.5,1.83333333,1.83333333,304.5,8.33333333,1.83333333,0.0
LIVE_BELIEF,EVENT_DRIVEN,Q08_GUARDED,RESTRICTION_CHANGE,LOW,4,COMPACT_TYPED,12,0.83333333,5.16666667,2.83333333,1.83333333,1.0,0.0,1.0,0.83333333,0.41666667,0.83333333,21.16666667,1.83333333,1.83333333,302.66666667,4.33333333,1.83333333,0.0
LIVE_BELIEF,EVENT_DRIVEN,Q08_GUARDED,RESTRICTION_CHANGE,LOW,4,VERBOSE_TYPED,12,0.83333333,5.16666667,2.83333333,1.83333333,1.0,0.0,1.0,0.83333333,0.41666667,0.83333333,29.16666667,1.83333333,1.83333333,304.5,4.33333333,1.83333333,0.0
LIVE_BELIEF,EVENT_DRIVEN,Q08_GUARDED,RESTRICTION_CHANGE,LOW,8,COMPACT_TYPED,12,0.75,8.25,3.75,1.75,1.0,0.0,1.0,0.75,0.375,0.75,22.25,1.75,1.75,289.0,6.5,1.75,0.0
LIVE_BELIEF,EVENT_DRIVEN,Q08_GUARDED,RESTRICTION_CHANGE,LOW,8,VERBOSE_TYPED,12,0.75,8.25,3.75,1.75,1.0,0.0,1.0,0.75,0.375,0.75,29.75,1.75,1.75,290.75,6.5,1.75,0.0
LIVE_BELIEF,EVENT_DRIVEN,Q08_GUARDED,RESTRICTION_CHANGE,LOW,12,COMPACT_TYPED,12,0.75,11.75,4.25,1.75,1.0,0.0,1.0,0.75,0.375,0.75,23.25,1.75,1.75,289.0,8.5,1.75,0.0
LIVE_BELIEF,EVENT_DRIVEN,Q08_GUARDED,RESTRICTION_CHANGE,LOW,12,VERBOSE_TYPED,12,0.75,11.75,4.25,1.75,1.0,0.0,1.0,0.75,0.375,0.75,30.75,1.75,1.75,290.75,8.5,1.75,0.0
LIVE_BELIEF,EVENT_DRIVEN,Q09_HOSTILE,AVAILABILITY_LOSS,HIGH,4,COMPACT_TYPED,12,0.5,2.5,5.5,1.5,1.0,0.0,1.0,0.5,0.25,0.5,27.0,1.5,2.5,415.5,4.0,1.5,0.0
LIVE_BELIEF,EVENT_DRIVEN,Q09_HOSTILE,AVAILABILITY_LOSS,HIGH,4,VERBOSE_TYPED,12,0.5,2.5,5.5,1.5,1.0,0.0,1.0,0.5,0.25,0.5,40.5,1.5,2.5,418.0,4.0,1.5,0.0
LIVE_BELIEF,EVENT_DRIVEN,Q09_HOSTILE,AVAILABILITY_LOSS,HIGH,8,COMPACT_TYPED,12,0.66666667,6.33333333,5.66666667,1.66666667,1.0,0.0,1.0,0.66666667,0.33333333,0.66666667,29.0,1.66666667,2.66666667,443.33333333,5.33333333,1.66666667,0.0
LIVE_BELIEF,EVENT_DRIVEN,Q09_HOSTILE,AVAILABILITY_LOSS,HIGH,8,VERBOSE_TYPED,12,0.66666667,6.33333333,5.66666667,1.66666667,1.0,0.0,1.0,0.66666667,0.33333333,0.66666667,44.0,1.66666667,2.66666667,446.0,5.33333333,1.66666667,0.0
LIVE_BELIEF,EVENT_DRIVEN,Q09_HOSTILE,AVAILABILITY_LOSS,HIGH,12,COMPACT_TYPED,12,0.41666667,7.91666667,8.08333333,1.41666667,1.0,0.0,1.0,0.41666667,0.20833333,0.41666667,31.33333333,1.41666667,2.41666667,402.0,8.33333333,1.41666667,0.0
LIVE_BELIEF,EVENT_DRIVEN,Q09_HOSTILE,AVAILABILITY_LOSS,HIGH,12,VERBOSE_TYPED,12,0.41666667,7.91666667,8.08333333,1.41666667,1.0,0.0,1.0,0.41666667,0.20833333,0.41666667,44.08333333,1.41666667,2.41666667,404.41666667,8.33333333,1.41666667,0.0
LIVE_BELIEF,EVENT_DRIVEN,Q09_HOSTILE,AVAILABILITY_LOSS,LOW,4,COMPACT_TYPED,12,0.33333333,2.0,6.0,1.33333333,1.0,0.0,1.0,0.33333333,0.16666667,0.33333333,26.33333333,1.33333333,2.33333333,387.66666667,4.66666667,1.33333333,0.0
LIVE_BELIEF,EVENT_DRIVEN,Q09_HOSTILE,AVAILABILITY_LOSS,LOW,4,VERBOSE_TYPED,12,0.33333333,2.0,6.0,1.33333333,1.0,0.0,1.0,0.33333333,0.16666667,0.33333333,38.33333333,1.33333333,2.33333333,390.0,4.66666667,1.33333333,0.0
LIVE_BELIEF,EVENT_DRIVEN,Q09_HOSTILE,AVAILABILITY_LOSS,LOW,8,COMPACT_TYPED,12,0.58333333,5.91666667,6.08333333,1.58333333,1.0,0.0,1.0,0.58333333,0.29166667,0.58333333,29.0,1.58333333,2.58333333,429.41666667,5.66666667,1.58333333,0.0
LIVE_BELIEF,EVENT_DRIVEN,Q09_HOSTILE,AVAILABILITY_LOSS,LOW,8,VERBOSE_TYPED,12,0.58333333,5.91666667,6.08333333,1.58333333,1.0,0.0,1.0,0.58333333,0.29166667,0.58333333,43.25,1.58333333,2.58333333,432.0,5.66666667,1.58333333,0.0
LIVE_BELIEF,EVENT_DRIVEN,Q09_HOSTILE,AVAILABILITY_LOSS,LOW,12,COMPACT_TYPED,12,0.66666667,9.66666667,6.33333333,1.66666667,1.0,0.0,1.0,0.66666667,0.33333333,0.66666667,30.33333333,1.66666667,2.66666667,444.0,7.33333333,1.66666667,0.0
LIVE_BELIEF,EVENT_DRIVEN,Q09_HOSTILE,AVAILABILITY_LOSS,LOW,12,VERBOSE_TYPED,12,0.66666667,9.66666667,6.33333333,1.66666667,1.0,0.0,1.0,0.66666667,0.33333333,0.66666667,45.33333333,1.66666667,2.66666667,446.66666667,7.33333333,1.66666667,0.0
LIVE_BELIEF,EVENT_DRIVEN,Q09_HOSTILE,CONTROL_FAILURE,HIGH,4,COMPACT_TYPED,12,1.0,5.0,3.0,1.5,1.0,0.0,1.5,0.0,0.25,0.5,22.0,1.5,2.5,415.0,4.0,1.5,0.0
LIVE_BELIEF,EVENT_DRIVEN,Q09_HOSTILE,CONTROL_FAILURE,HIGH,4,VERBOSE_TYPED,12,1.0,5.0,3.0,1.5,1.0,0.0,1.5,0.0,0.25,0.5,35.5,1.5,2.5,417.5,4.0,1.5,0.0
LIVE_BELIEF,EVENT_DRIVEN,Q09_HOSTILE,CONTROL_FAILURE,HIGH,8,COMPACT_TYPED,12,1.0,9.0,3.0,1.41666667,1.0,0.0,1.41666667,0.0,0.20833333,0.41666667,21.16666667,1.41666667,2.41666667,401.16666667,6.33333333,1.41666667,0.0
LIVE_BELIEF,EVENT_DRIVEN,Q09_HOSTILE,CONTROL_FAILURE,HIGH,8,VERBOSE_TYPED,12,1.0,9.0,3.0,1.41666667,1.0,0.0,1.41666667,0.0,0.20833333,0.41666667,33.91666667,1.41666667,2.41666667,403.58333333,6.33333333,1.41666667,0.0
LIVE_BELIEF,EVENT_DRIVEN,Q09_HOSTILE,CONTROL_FAILURE,HIGH,12,COMPACT_TYPED,12,1.0,13.0,3.0,1.58333333,1.0,0.0,1.58333333,0.0,0.29166667,0.58333333,22.83333333,1.58333333,2.58333333,429.41666667,7.66666667,1.58333333,0.0
LIVE_BELIEF,EVENT_DRIVEN,Q09_HOSTILE,CONTROL_FAILURE,HIGH,12,VERBOSE_TYPED,12,1.0,13.0,3.0,1.58333333,1.0,0.0,1.58333333,0.0,0.29166667,0.58333333,37.08333333,1.58333333,2.58333333,432.0,7.66666667,1.58333333,0.0
LIVE_BELIEF,EVENT_DRIVEN,Q09_HOSTILE,CONTROL_FAILURE,LOW,4,COMPACT_TYPED,12,1.0,6.0,2.0,1.83333333,1.0,0.0,1.83333333,0.0,0.41666667,0.83333333,23.33333333,1.83333333,2.83333333,470.33333333,2.66666667,1.83333333,0.0
LIVE_BELIEF,EVENT_DRIVEN,Q09_HOSTILE,CONTROL_FAILURE,LOW,4,VERBOSE_TYPED,12,1.0,6.0,2.0,1.83333333,1.0,0.0,1.83333333,0.0,0.41666667,0.83333333,39.83333333,1.83333333,2.83333333,473.16666667,2.66666667,1.83333333,0.0
LIVE_BELIEF,EVENT_DRIVEN,Q09_HOSTILE,CONTROL_FAILURE,LOW,8,COMPACT_TYPED,12,1.0,10.0,2.0,1.58333333,1.0,0.0,1.58333333,0.0,0.29166667,0.58333333,20.83333333,1.58333333,2.58333333,428.83333333,5.66666667,1.58333333,0.0
LIVE_BELIEF,EVENT_DRIVEN,Q09_HOSTILE,CONTROL_FAILURE,LOW,8,VERBOSE_TYPED,12,1.0,10.0,2.0,1.58333333,1.0,0.0,1.58333333,0.0,0.29166667,0.58333333,35.08333333,1.58333333,2.58333333,431.41666667,5.66666667,1.58333333,0.0
LIVE_BELIEF,EVENT_DRIVEN,Q09_HOSTILE,CONTROL_FAILURE,LOW,12,COMPACT_TYPED,12,1.0,14.0,2.0,1.33333333,1.0,0.0,1.33333333,0.0,0.16666667,0.33333333,18.33333333,1.33333333,2.33333333,387.66666667,8.66666667,1.33333333,0.0
LIVE_BELIEF,EVENT_DRIVEN,Q09_HOSTILE,CONTROL_FAILURE,LOW,12,VERBOSE_TYPED,12,1.0,14.0,2.0,1.33333333,1.0,0.0,1.33333333,0.0,0.16666667,0.33333333,30.33333333,1.33333333,2.33333333,390.0,8.66666667,1.33333333,0.0
LIVE_BELIEF,EVENT_DRIVEN,Q09_HOSTILE,POSE_SHIFT,HIGH,4,COMPACT_TYPED,12,0.33333333,2.0,6.0,1.33333333,1.0,0.0,1.0,0.0,0.16666667,0.33333333,26.33333333,1.33333333,2.33333333,385.66666667,4.66666667,1.33333333,0.0
LIVE_BELIEF,EVENT_DRIVEN,Q09_HOSTILE,POSE_SHIFT,HIGH,4,VERBOSE_TYPED,12,0.33333333,2.0,6.0,1.33333333,1.0,0.0,1.0,0.0,0.16666667,0.33333333,38.33333333,1.33333333,2.33333333,388.0,4.66666667,1.33333333,0.0
LIVE_BELIEF,EVENT_DRIVEN,Q09_HOSTILE,POSE_SHIFT,HIGH,8,COMPACT_TYPED,12,0.41666667,5.08333333,6.91666667,1.41666667,1.0,0.0,1.0,0.0,0.20833333,0.41666667,29.0,1.41666667,2.41666667,399.08333333,6.33333333,1.41666667,0.0
LIVE_BELIEF,EVENT_DRIVEN,Q09_HOSTILE,POSE_SHIFT,HIGH,8,VERBOSE_TYPED,12,0.41666667,5.08333333,6.91666667,1.41666667,1.0,0.0,1.0,0.0,0.20833333,0.41666667,41.75,1.41666667,2.41666667,401.5,6.33333333,1.41666667,0.0
LIVE_BELIEF,EVENT_DRIVEN,Q09_HOSTILE,POSE_SHIFT,HIGH,12,COMPACT_TYPED,12,0.5,8.5,7.5,1.5,1.0,0.0,1.0,0.0,0.25,0.5,31.0,1.5,2.5,413.0,8.0,1.5,0.0
LIVE_BELIEF,EVENT_DRIVEN,Q09_HOSTILE,POSE_SHIFT,HIGH,12,VERBOSE_TYPED,12,0.5,8.5,7.5,1.5,1.0,0.0,1.0,0.0,0.25,0.5,44.5,1.5,2.5,415.5,8.0,1.5,0.0
LIVE_BELIEF,EVENT_DRIVEN,Q09_HOSTILE,POSE_SHIFT,LOW,4,COMPACT_TYPED,12,0.58333333,2.75,5.25,1.58333333,1.0,0.0,1.0,0.0,0.29166667,0.58333333,27.33333333,1.58333333,2.58333333,425.91666667,3.66666667,1.58333333,0.0
LIVE_BELIEF,EVENT_DRIVEN,Q09_HOSTILE,POSE_SHIFT,LOW,4,VERBOSE_TYPED,12,0.58333333,2.75,5.25,1.58333333,1.0,0.0,1.0,0.0,0.29166667,0.58333333,41.58333333,1.58333333,2.58333333,428.5,3.66666667,1.58333333,0.0
LIVE_BELIEF,EVENT_DRIVEN,Q09_HOSTILE,POSE_SHIFT,LOW,8,COMPACT_TYPED,12,0.33333333,4.66666667,7.33333333,1.33333333,1.0,0.0,1.0,0.0,0.16666667,0.33333333,29.0,1.33333333,2.33333333,385.66666667,6.66666667,1.33333333,0.0
LIVE_BELIEF,EVENT_DRIVEN,Q09_HOSTILE,POSE_SHIFT,LOW,8,VERBOSE_TYPED,12,0.33333333,4.66666667,7.33333333,1.33333333,1.0,0.0,1.0,0.0,0.16666667,0.33333333,41.0,1.33333333,2.33333333,388.0,6.66666667,1.33333333,0.0
LIVE_BELIEF,EVENT_DRIVEN,Q09_HOSTILE,POSE_SHIFT,LOW,12,COMPACT_TYPED,12,0.33333333,7.33333333,8.66666667,1.33333333,1.0,0.0,1.0,0.0,0.16666667,0.33333333,31.66666667,1.33333333,2.33333333,386.0,8.66666667,1.33333333,0.0
LIVE_BELIEF,EVENT_DRIVEN,Q09_HOSTILE,POSE_SHIFT,LOW,12,VERBOSE_TYPED,12,0.33333333,7.33333333,8.66666667,1.33333333,1.0,0.0,1.0,0.0,0.16666667,0.33333333,43.66666667,1.33333333,2.33333333,388.33333333,8.66666667,1.33333333,0.0
LIVE_BELIEF,EVENT_DRIVEN,Q09_HOSTILE,RESTRICTION_CHANGE,HIGH,4,COMPACT_TYPED,12,0.41666667,2.25,5.75,1.41666667,1.0,0.0,1.0,0.41666667,0.20833333,0.41666667,26.66666667,1.41666667,2.41666667,400.33333333,4.33333333,1.41666667,0.0
LIVE_BELIEF,EVENT_DRIVEN,Q09_HOSTILE,RESTRICTION_CHANGE,HIGH,4,VERBOSE_TYPED,12,0.41666667,2.25,5.75,1.41666667,1.0,0.0,1.0,0.41666667,0.20833333,0.41666667,39.41666667,1.41666667,2.41666667,402.75,4.33333333,1.41666667,0.0
LIVE_BELIEF,EVENT_DRIVEN,Q09_HOSTILE,RESTRICTION_CHANGE,HIGH,8,COMPACT_TYPED,12,0.5,5.5,6.5,1.5,1.0,0.0,1.0,0.5,0.25,0.5,29.0,1.5,2.5,414.0,6.0,1.5,0.0
LIVE_BELIEF,EVENT_DRIVEN,Q09_HOSTILE,RESTRICTION_CHANGE,HIGH,8,VERBOSE_TYPED,12,0.5,5.5,6.5,1.5,1.0,0.0,1.0,0.5,0.25,0.5,42.5,1.5,2.5,416.5,6.0,1.5,0.0
LIVE_BELIEF,EVENT_DRIVEN,Q09_HOSTILE,RESTRICTION_CHANGE,HIGH,12,COMPACT_TYPED,12,0.5,8.5,7.5,1.5,1.0,0.0,1.0,0.5,0.25,0.5,31.0,1.5,2.5,414.5,8.0,1.5,0.0
LIVE_BELIEF,EVENT_DRIVEN,Q09_HOSTILE,RESTRICTION_CHANGE,HIGH,12,VERBOSE_TYPED,12,0.5,8.5,7.5,1.5,1.0,0.0,1.0,0.5,0.25,0.5,44.5,1.5,2.5,417.0,8.0,1.5,0.0
LIVE_BELIEF,EVENT_DRIVEN,Q09_HOSTILE,RESTRICTION_CHANGE,LOW,4,COMPACT_TYPED,12,0.66666667,3.0,5.0,1.66666667,1.0,0.0,1.0,0.66666667,0.33333333,0.66666667,27.66666667,1.66666667,2.66666667,441.33333333,3.33333333,1.66666667,0.0
LIVE_BELIEF,EVENT_DRIVEN,Q09_HOSTILE,RESTRICTION_CHANGE,LOW,4,VERBOSE_TYPED,12,0.66666667,3.0,5.0,1.66666667,1.0,0.0,1.0,0.66666667,0.33333333,0.66666667,42.66666667,1.66666667,2.66666667,444.0,3.33333333,1.66666667,0.0
LIVE_BELIEF,EVENT_DRIVEN,Q09_HOSTILE,RESTRICTION_CHANGE,LOW,8,COMPACT_TYPED,12,0.41666667,5.08333333,6.91666667,1.41666667,1.0,0.0,1.0,0.41666667,0.20833333,0.41666667,29.0,1.41666667,2.41666667,400.33333333,6.33333333,1.41666667,0.0
LIVE_BELIEF,EVENT_DRIVEN,Q09_HOSTILE,RESTRICTION_CHANGE,LOW,8,VERBOSE_TYPED,12,0.41666667,5.08333333,6.91666667,1.41666667,1.0,0.0,1.0,0.41666667,0.20833333,0.41666667,41.75,1.41666667,2.41666667,402.75,6.33333333,1.41666667,0.0
LIVE_BELIEF,EVENT_DRIVEN,Q09_HOSTILE,RESTRICTION_CHANGE,LOW,12,COMPACT_TYPED,12,0.41666667,7.91666667,8.08333333,1.41666667,1.0,0.0,1.0,0.41666667,0.20833333,0.41666667,31.33333333,1.41666667,2.41666667,400.75,8.33333333,1.41666667,0.0
LIVE_BELIEF,EVENT_DRIVEN,Q09_HOSTILE,RESTRICTION_CHANGE,LOW,12,VERBOSE_TYPED,12,0.41666667,7.91666667,8.08333333,1.41666667,1.0,0.0,1.0,0.41666667,0.20833333,0.41666667,44.08333333,1.41666667,2.41666667,403.16666667,8.33333333,1.41666667,0.0
LIVE_BELIEF,FAILURE_THRESHOLD,Q00_CLEAN,AVAILABILITY_LOSS,HIGH,4,COMPACT_TYPED,12,0.0,1.0,7.0,5.0,0.0,1.0,5.0,0.0,0.0,0.0,45.0,5.0,0.0,0.0,8.0,0.0,5.0
LIVE_BELIEF,FAILURE_THRESHOLD,Q00_CLEAN,AVAILABILITY_LOSS,HIGH,4,VERBOSE_TYPED,12,0.0,1.0,7.0,5.0,0.0,1.0,5.0,0.0,0.0,0.0,48.0,5.0,0.0,0.0,8.0,0.0,5.0
LIVE_BELIEF,FAILURE_THRESHOLD,Q00_CLEAN,AVAILABILITY_LOSS,HIGH,8,COMPACT_TYPED,12,0.0,3.0,9.0,7.0,0.0,1.0,7.0,0.0,0.0,0.0,61.0,7.0,0.0,0.0,12.0,0.0,7.0
LIVE_BELIEF,FAILURE_THRESHOLD,Q00_CLEAN,AVAILABILITY_LOSS,HIGH,8,VERBOSE_TYPED,12,0.0,3.0,9.0,7.0,0.0,1.0,7.0,0.0,0.0,0.0,64.0,7.0,0.0,0.0,12.0,0.0,7.0
LIVE_BELIEF,FAILURE_THRESHOLD,Q00_CLEAN,AVAILABILITY_LOSS,HIGH,12,COMPACT_TYPED,12,0.0,5.0,11.0,9.0,0.0,1.0,9.0,0.0,0.0,0.0,77.0,9.0,0.0,0.0,16.0,0.0,9.0
LIVE_BELIEF,FAILURE_THRESHOLD,Q00_CLEAN,AVAILABILITY_LOSS,HIGH,12,VERBOSE_TYPED,12,0.0,5.0,11.0,9.0,0.0,1.0,9.0,0.0,0.0,0.0,80.0,9.0,0.0,0.0,16.0,0.0,9.0
LIVE_BELIEF,FAILURE_THRESHOLD,Q00_CLEAN,AVAILABILITY_LOSS,LOW,4,COMPACT_TYPED,12,0.0,1.0,7.0,5.0,0.0,1.0,5.0,0.0,0.0,0.0,45.0,5.0,0.0,0.0,8.0,0.0,5.0
LIVE_BELIEF,FAILURE_THRESHOLD,Q00_CLEAN,AVAILABILITY_LOSS,LOW,4,VERBOSE_TYPED,12,0.0,1.0,7.0,5.0,0.0,1.0,5.0,0.0,0.0,0.0,48.0,5.0,0.0,0.0,8.0,0.0,5.0
LIVE_BELIEF,FAILURE_THRESHOLD,Q00_CLEAN,AVAILABILITY_LOSS,LOW,8,COMPACT_TYPED,12,0.0,3.0,9.0,7.0,0.0,1.0,7.0,0.0,0.0,0.0,61.0,7.0,0.0,0.0,12.0,0.0,7.0
LIVE_BELIEF,FAILURE_THRESHOLD,Q00_CLEAN,AVAILABILITY_LOSS,LOW,8,VERBOSE_TYPED,12,0.0,3.0,9.0,7.0,0.0,1.0,7.0,0.0,0.0,0.0,64.0,7.0,0.0,0.0,12.0,0.0,7.0
LIVE_BELIEF,FAILURE_THRESHOLD,Q00_CLEAN,AVAILABILITY_LOSS,LOW,12,COMPACT_TYPED,12,0.0,5.0,11.0,9.0,0.0,1.0,9.0,0.0,0.0,0.0,77.0,9.0,0.0,0.0,16.0,0.0,9.0
LIVE_BELIEF,FAILURE_THRESHOLD,Q00_CLEAN,AVAILABILITY_LOSS,LOW,12,VERBOSE_TYPED,12,0.0,5.0,11.0,9.0,0.0,1.0,9.0,0.0,0.0,0.0,80.0,9.0,0.0,0.0,16.0,0.0,9.0
LIVE_BELIEF,FAILURE_THRESHOLD,Q00_CLEAN,CONTROL_FAILURE,HIGH,4,COMPACT_TYPED,12,1.0,5.0,3.0,2.0,0.0,1.0,2.0,0.0,0.0,0.0,19.0,2.0,0.0,0.0,8.0,0.0,2.0
LIVE_BELIEF,FAILURE_THRESHOLD,Q00_CLEAN,CONTROL_FAILURE,HIGH,4,VERBOSE_TYPED,12,1.0,5.0,3.0,2.0,0.0,1.0,2.0,0.0,0.0,0.0,22.0,2.0,0.0,0.0,8.0,0.0,2.0
LIVE_BELIEF,FAILURE_THRESHOLD,Q00_CLEAN,CONTROL_FAILURE,HIGH,8,COMPACT_TYPED,12,1.0,9.0,3.0,2.0,0.0,1.0,2.0,0.0,0.0,0.0,19.0,2.0,0.0,0.0,12.0,0.0,2.0
LIVE_BELIEF,FAILURE_THRESHOLD,Q00_CLEAN,CONTROL_FAILURE,HIGH,8,VERBOSE_TYPED,12,1.0,9.0,3.0,2.0,0.0,1.0,2.0,0.0,0.0,0.0,22.0,2.0,0.0,0.0,12.0,0.0,2.0
LIVE_BELIEF,FAILURE_THRESHOLD,Q00_CLEAN,CONTROL_FAILURE,HIGH,12,COMPACT_TYPED,12,1.0,13.0,3.0,2.0,0.0,1.0,2.0,0.0,0.0,0.0,19.0,2.0,0.0,0.0,16.0,0.0,2.0
LIVE_BELIEF,FAILURE_THRESHOLD,Q00_CLEAN,CONTROL_FAILURE,HIGH,12,VERBOSE_TYPED,12,1.0,13.0,3.0,2.0,0.0,1.0,2.0,0.0,0.0,0.0,22.0,2.0,0.0,0.0,16.0,0.0,2.0
LIVE_BELIEF,FAILURE_THRESHOLD,Q00_CLEAN,CONTROL_FAILURE,LOW,4,COMPACT_TYPED,12,1.0,6.0,2.0,1.0,0.0,1.0,1.0,0.0,0.0,0.0,11.0,1.0,0.0,0.0,8.0,0.0,1.0
LIVE_BELIEF,FAILURE_THRESHOLD,Q00_CLEAN,CONTROL_FAILURE,LOW,4,VERBOSE_TYPED,12,1.0,6.0,2.0,1.0,0.0,1.0,1.0,0.0,0.0,0.0,14.0,1.0,0.0,0.0,8.0,0.0,1.0
LIVE_BELIEF,FAILURE_THRESHOLD,Q00_CLEAN,CONTROL_FAILURE,LOW,8,COMPACT_TYPED,12,1.0,10.0,2.0,1.0,0.0,1.0,1.0,0.0,0.0,0.0,11.0,1.0,0.0,0.0,12.0,0.0,1.0
LIVE_BELIEF,FAILURE_THRESHOLD,Q00_CLEAN,CONTROL_FAILURE,LOW,8,VERBOSE_TYPED,12,1.0,10.0,2.0,1.0,0.0,1.0,1.0,0.0,0.0,0.0,14.0,1.0,0.0,0.0,12.0,0.0,1.0
LIVE_BELIEF,FAILURE_THRESHOLD,Q00_CLEAN,CONTROL_FAILURE,LOW,12,COMPACT_TYPED,12,1.0,14.0,2.0,1.0,0.0,1.0,1.0,0.0,0.0,0.0,11.0,1.0,0.0,0.0,16.0,0.0,1.0
LIVE_BELIEF,FAILURE_THRESHOLD,Q00_CLEAN,CONTROL_FAILURE,LOW,12,VERBOSE_TYPED,12,1.0,14.0,2.0,1.0,0.0,1.0,1.0,0.0,0.0,0.0,14.0,1.0,0.0,0.0,16.0,0.0,1.0
LIVE_BELIEF,FAILURE_THRESHOLD,Q00_CLEAN,POSE_SHIFT,HIGH,4,COMPACT_TYPED,12,0.0,1.0,7.0,5.0,0.0,1.0,5.0,0.0,0.0,0.0,45.0,5.0,0.0,0.0,8.0,0.0,5.0
LIVE_BELIEF,FAILURE_THRESHOLD,Q00_CLEAN,POSE_SHIFT,HIGH,4,VERBOSE_TYPED,12,0.0,1.0,7.0,5.0,0.0,1.0,5.0,0.0,0.0,0.0,48.0,5.0,0.0,0.0,8.0,0.0,5.0
LIVE_BELIEF,FAILURE_THRESHOLD,Q00_CLEAN,POSE_SHIFT,HIGH,8,COMPACT_TYPED,12,0.0,3.0,9.0,7.0,0.0,1.0,7.0,0.0,0.0,0.0,61.0,7.0,0.0,0.0,12.0,0.0,7.0
LIVE_BELIEF,FAILURE_THRESHOLD,Q00_CLEAN,POSE_SHIFT,HIGH,8,VERBOSE_TYPED,12,0.0,3.0,9.0,7.0,0.0,1.0,7.0,0.0,0.0,0.0,64.0,7.0,0.0,0.0,12.0,0.0,7.0
LIVE_BELIEF,FAILURE_THRESHOLD,Q00_CLEAN,POSE_SHIFT,HIGH,12,COMPACT_TYPED,12,0.0,5.0,11.0,9.0,0.0,1.0,9.0,0.0,0.0,0.0,77.0,9.0,0.0,0.0,16.0,0.0,9.0
LIVE_BELIEF,FAILURE_THRESHOLD,Q00_CLEAN,POSE_SHIFT,HIGH,12,VERBOSE_TYPED,12,0.0,5.0,11.0,9.0,0.0,1.0,9.0,0.0,0.0,0.0,80.0,9.0,0.0,0.0,16.0,0.0,9.0
LIVE_BELIEF,FAILURE_THRESHOLD,Q00_CLEAN,POSE_SHIFT,LOW,4,COMPACT_TYPED,12,0.0,1.0,7.0,5.0,0.0,1.0,5.0,0.0,0.0,0.0,45.0,5.0,0.0,0.0,8.0,0.0,5.0
LIVE_BELIEF,FAILURE_THRESHOLD,Q00_CLEAN,POSE_SHIFT,LOW,4,VERBOSE_TYPED,12,0.0,1.0,7.0,5.0,0.0,1.0,5.0,0.0,0.0,0.0,48.0,5.0,0.0,0.0,8.0,0.0,5.0
LIVE_BELIEF,FAILURE_THRESHOLD,Q00_CLEAN,POSE_SHIFT,LOW,8,COMPACT_TYPED,12,0.0,3.0,9.0,7.0,0.0,1.0,7.0,0.0,0.0,0.0,61.0,7.0,0.0,0.0,12.0,0.0,7.0
LIVE_BELIEF,FAILURE_THRESHOLD,Q00_CLEAN,POSE_SHIFT,LOW,8,VERBOSE_TYPED,12,0.0,3.0,9.0,7.0,0.0,1.0,7.0,0.0,0.0,0.0,64.0,7.0,0.0,0.0,12.0,0.0,7.0
LIVE_BELIEF,FAILURE_THRESHOLD,Q00_CLEAN,POSE_SHIFT,LOW,12,COMPACT_TYPED,12,0.0,5.0,11.0,9.0,0.0,1.0,9.0,0.0,0.0,0.0,77.0,9.0,0.0,0.0,16.0,0.0,9.0
LIVE_BELIEF,FAILURE_THRESHOLD,Q00_CLEAN,POSE_SHIFT,LOW,12,VERBOSE_TYPED,12,0.0,5.0,11.0,9.0,0.0,1.0,9.0,0.0,0.0,0.0,80.0,9.0,0.0,0.0,16.0,0.0,9.0
LIVE_BELIEF,FAILURE_THRESHOLD,Q00_CLEAN,RESTRICTION_CHANGE,HIGH,4,COMPACT_TYPED,12,0.0,1.0,7.0,5.0,0.0,1.0,5.0,0.0,0.0,0.0,45.0,5.0,0.0,0.0,8.0,0.0,5.0
LIVE_BELIEF,FAILURE_THRESHOLD,Q00_CLEAN,RESTRICTION_CHANGE,HIGH,4,VERBOSE_TYPED,12,0.0,1.0,7.0,5.0,0.0,1.0,5.0,0.0,0.0,0.0,48.0,5.0,0.0,0.0,8.0,0.0,5.0
LIVE_BELIEF,FAILURE_THRESHOLD,Q00_CLEAN,RESTRICTION_CHANGE,HIGH,8,COMPACT_TYPED,12,0.0,3.0,9.0,7.0,0.0,1.0,7.0,0.0,0.0,0.0,61.0,7.0,0.0,0.0,12.0,0.0,7.0
LIVE_BELIEF,FAILURE_THRESHOLD,Q00_CLEAN,RESTRICTION_CHANGE,HIGH,8,VERBOSE_TYPED,12,0.0,3.0,9.0,7.0,0.0,1.0,7.0,0.0,0.0,0.0,64.0,7.0,0.0,0.0,12.0,0.0,7.0
LIVE_BELIEF,FAILURE_THRESHOLD,Q00_CLEAN,RESTRICTION_CHANGE,HIGH,12,COMPACT_TYPED,12,0.0,5.0,11.0,9.0,0.0,1.0,9.0,0.0,0.0,0.0,77.0,9.0,0.0,0.0,16.0,0.0,9.0
LIVE_BELIEF,FAILURE_THRESHOLD,Q00_CLEAN,RESTRICTION_CHANGE,HIGH,12,VERBOSE_TYPED,12,0.0,5.0,11.0,9.0,0.0,1.0,9.0,0.0,0.0,0.0,80.0,9.0,0.0,0.0,16.0,0.0,9.0
LIVE_BELIEF,FAILURE_THRESHOLD,Q00_CLEAN,RESTRICTION_CHANGE,LOW,4,COMPACT_TYPED,12,0.0,1.0,7.0,5.0,0.0,1.0,5.0,0.0,0.0,0.0,45.0,5.0,0.0,0.0,8.0,0.0,5.0
LIVE_BELIEF,FAILURE_THRESHOLD,Q00_CLEAN,RESTRICTION_CHANGE,LOW,4,VERBOSE_TYPED,12,0.0,1.0,7.0,5.0,0.0,1.0,5.0,0.0,0.0,0.0,48.0,5.0,0.0,0.0,8.0,0.0,5.0
LIVE_BELIEF,FAILURE_THRESHOLD,Q00_CLEAN,RESTRICTION_CHANGE,LOW,8,COMPACT_TYPED,12,0.0,3.0,9.0,7.0,0.0,1.0,7.0,0.0,0.0,0.0,61.0,7.0,0.0,0.0,12.0,0.0,7.0
LIVE_BELIEF,FAILURE_THRESHOLD,Q00_CLEAN,RESTRICTION_CHANGE,LOW,8,VERBOSE_TYPED,12,0.0,3.0,9.0,7.0,0.0,1.0,7.0,0.0,0.0,0.0,64.0,7.0,0.0,0.0,12.0,0.0,7.0
LIVE_BELIEF,FAILURE_THRESHOLD,Q00_CLEAN,RESTRICTION_CHANGE,LOW,12,COMPACT_TYPED,12,0.0,5.0,11.0,9.0,0.0,1.0,9.0,0.0,0.0,0.0,77.0,9.0,0.0,0.0,16.0,0.0,9.0
LIVE_BELIEF,FAILURE_THRESHOLD,Q00_CLEAN,RESTRICTION_CHANGE,LOW,12,VERBOSE_TYPED,12,0.0,5.0,11.0,9.0,0.0,1.0,9.0,0.0,0.0,0.0,80.0,9.0,0.0,0.0,16.0,0.0,9.0
LIVE_BELIEF,FAILURE_THRESHOLD,Q01_RECALL75,AVAILABILITY_LOSS,HIGH,4,COMPACT_TYPED,12,0.0,1.0,7.0,5.0,0.0,1.0,5.0,0.0,0.0,0.0,44.58333333,5.0,0.0,0.0,8.0,0.0,5.0
LIVE_BELIEF,FAILURE_THRESHOLD,Q01_RECALL75,AVAILABILITY_LOSS,HIGH,4,VERBOSE_TYPED,12,0.0,1.0,7.0,5.0,0.0,1.0,5.0,0.0,0.0,0.0,46.33333333,5.0,0.0,0.0,8.0,0.0,5.0
LIVE_BELIEF,FAILURE_THRESHOLD,Q01_RECALL75,AVAILABILITY_LOSS,HIGH,8,COMPACT_TYPED,12,0.0,3.0,9.0,7.0,0.0,1.0,7.0,0.0,0.0,0.0,60.83333333,7.0,0.0,0.0,12.0,0.0,7.0
LIVE_BELIEF,FAILURE_THRESHOLD,Q01_RECALL75,AVAILABILITY_LOSS,HIGH,8,VERBOSE_TYPED,12,0.0,3.0,9.0,7.0,0.0,1.0,7.0,0.0,0.0,0.0,63.33333333,7.0,0.0,0.0,12.0,0.0,7.0
LIVE_BELIEF,FAILURE_THRESHOLD,Q01_RECALL75,AVAILABILITY_LOSS,HIGH,12,COMPACT_TYPED,12,0.0,5.0,11.0,9.0,0.0,1.0,9.0,0.0,0.0,0.0,76.66666667,9.0,0.0,0.0,16.0,0.0,9.0
LIVE_BELIEF,FAILURE_THRESHOLD,Q01_RECALL75,AVAILABILITY_LOSS,HIGH,12,VERBOSE_TYPED,12,0.0,5.0,11.0,9.0,0.0,1.0,9.0,0.0,0.0,0.0,78.66666667,9.0,0.0,0.0,16.0,0.0,9.0
LIVE_BELIEF,FAILURE_THRESHOLD,Q01_RECALL75,AVAILABILITY_LOSS,LOW,4,COMPACT_TYPED,12,0.0,1.0,7.0,5.0,0.0,1.0,5.0,0.0,0.0,0.0,44.66666667,5.0,0.0,0.0,8.0,0.0,5.0
LIVE_BELIEF,FAILURE_THRESHOLD,Q01_RECALL75,AVAILABILITY_LOSS,LOW,4,VERBOSE_TYPED,12,0.0,1.0,7.0,5.0,0.0,1.0,5.0,0.0,0.0,0.0,46.66666667,5.0,0.0,0.0,8.0,0.0,5.0
LIVE_BELIEF,FAILURE_THRESHOLD,Q01_RECALL75,AVAILABILITY_LOSS,LOW,8,COMPACT_TYPED,12,0.0,3.0,9.0,7.0,0.0,1.0,7.0,0.0,0.0,0.0,60.83333333,7.0,0.0,0.0,12.0,0.0,7.0
LIVE_BELIEF,FAILURE_THRESHOLD,Q01_RECALL75,AVAILABILITY_LOSS,LOW,8,VERBOSE_TYPED,12,0.0,3.0,9.0,7.0,0.0,1.0,7.0,0.0,0.0,0.0,63.33333333,7.0,0.0,0.0,12.0,0.0,7.0
LIVE_BELIEF,FAILURE_THRESHOLD,Q01_RECALL75,AVAILABILITY_LOSS,LOW,12,COMPACT_TYPED,12,0.0,5.0,11.0,9.0,0.0,1.0,9.0,0.0,0.0,0.0,76.83333333,9.0,0.0,0.0,16.0,0.0,9.0
LIVE_BELIEF,FAILURE_THRESHOLD,Q01_RECALL75,AVAILABILITY_LOSS,LOW,12,VERBOSE_TYPED,12,0.0,5.0,11.0,9.0,0.0,1.0,9.0,0.0,0.0,0.0,79.33333333,9.0,0.0,0.0,16.0,0.0,9.0
LIVE_BELIEF,FAILURE_THRESHOLD,Q01_RECALL75,CONTROL_FAILURE,HIGH,4,COMPACT_TYPED,12,1.0,5.0,3.0,2.0,0.0,1.0,2.0,0.0,0.0,0.0,18.66666667,2.0,0.0,0.0,8.0,0.0,2.0
LIVE_BELIEF,FAILURE_THRESHOLD,Q01_RECALL75,CONTROL_FAILURE,HIGH,4,VERBOSE_TYPED,12,1.0,5.0,3.0,2.0,0.0,1.0,2.0,0.0,0.0,0.0,20.66666667,2.0,0.0,0.0,8.0,0.0,2.0
LIVE_BELIEF,FAILURE_THRESHOLD,Q01_RECALL75,CONTROL_FAILURE,HIGH,8,COMPACT_TYPED,12,1.0,9.0,3.0,2.0,0.0,1.0,2.0,0.0,0.0,0.0,18.58333333,2.0,0.0,0.0,12.0,0.0,2.0
LIVE_BELIEF,FAILURE_THRESHOLD,Q01_RECALL75,CONTROL_FAILURE,HIGH,8,VERBOSE_TYPED,12,1.0,9.0,3.0,2.0,0.0,1.0,2.0,0.0,0.0,0.0,20.33333333,2.0,0.0,0.0,12.0,0.0,2.0
LIVE_BELIEF,FAILURE_THRESHOLD,Q01_RECALL75,CONTROL_FAILURE,HIGH,12,COMPACT_TYPED,12,1.0,13.0,3.0,2.0,0.0,1.0,2.0,0.0,0.0,0.0,18.83333333,2.0,0.0,0.0,16.0,0.0,2.0
LIVE_BELIEF,FAILURE_THRESHOLD,Q01_RECALL75,CONTROL_FAILURE,HIGH,12,VERBOSE_TYPED,12,1.0,13.0,3.0,2.0,0.0,1.0,2.0,0.0,0.0,0.0,21.33333333,2.0,0.0,0.0,16.0,0.0,2.0
LIVE_BELIEF,FAILURE_THRESHOLD,Q01_RECALL75,CONTROL_FAILURE,LOW,4,COMPACT_TYPED,12,1.0,6.0,2.0,1.0,0.0,1.0,1.0,0.0,0.0,0.0,10.91666667,1.0,0.0,0.0,8.0,0.0,1.0
LIVE_BELIEF,FAILURE_THRESHOLD,Q01_RECALL75,CONTROL_FAILURE,LOW,4,VERBOSE_TYPED,12,1.0,6.0,2.0,1.0,0.0,1.0,1.0,0.0,0.0,0.0,13.66666667,1.0,0.0,0.0,8.0,0.0,1.0
LIVE_BELIEF,FAILURE_THRESHOLD,Q01_RECALL75,CONTROL_FAILURE,LOW,8,COMPACT_TYPED,12,1.0,10.0,2.0,1.0,0.0,1.0,1.0,0.0,0.0,0.0,10.66666667,1.0,0.0,0.0,12.0,0.0,1.0
LIVE_BELIEF,FAILURE_THRESHOLD,Q01_RECALL75,CONTROL_FAILURE,LOW,8,VERBOSE_TYPED,12,1.0,10.0,2.0,1.0,0.0,1.0,1.0,0.0,0.0,0.0,12.66666667,1.0,0.0,0.0,12.0,0.0,1.0
LIVE_BELIEF,FAILURE_THRESHOLD,Q01_RECALL75,CONTROL_FAILURE,LOW,12,COMPACT_TYPED,12,1.0,14.0,2.0,1.0,0.0,1.0,1.0,0.0,0.0,0.0,10.83333333,1.0,0.0,0.0,16.0,0.0,1.0
LIVE_BELIEF,FAILURE_THRESHOLD,Q01_RECALL75,CONTROL_FAILURE,LOW,12,VERBOSE_TYPED,12,1.0,14.0,2.0,1.0,0.0,1.0,1.0,0.0,0.0,0.0,13.33333333,1.0,0.0,0.0,16.0,0.0,1.0
LIVE_BELIEF,FAILURE_THRESHOLD,Q01_RECALL75,POSE_SHIFT,HIGH,4,COMPACT_TYPED,12,0.0,1.0,7.0,5.0,0.0,1.0,5.0,0.0,0.0,0.0,44.66666667,5.0,0.0,0.0,8.0,0.0,5.0
LIVE_BELIEF,FAILURE_THRESHOLD,Q01_RECALL75,POSE_SHIFT,HIGH,4,VERBOSE_TYPED,12,0.0,1.0,7.0,5.0,0.0,1.0,5.0,0.0,0.0,0.0,46.66666667,5.0,0.0,0.0,8.0,0.0,5.0
LIVE_BELIEF,FAILURE_THRESHOLD,Q01_RECALL75,POSE_SHIFT,HIGH,8,COMPACT_TYPED,12,0.0,3.0,9.0,7.0,0.0,1.0,7.0,0.0,0.0,0.0,60.41666667,7.0,0.0,0.0,12.0,0.0,7.0
LIVE_BELIEF,FAILURE_THRESHOLD,Q01_RECALL75,POSE_SHIFT,HIGH,8,VERBOSE_TYPED,12,0.0,3.0,9.0,7.0,0.0,1.0,7.0,0.0,0.0,0.0,61.66666667,7.0,0.0,0.0,12.0,0.0,7.0
LIVE_BELIEF,FAILURE_THRESHOLD,Q01_RECALL75,POSE_SHIFT,HIGH,12,COMPACT_TYPED,12,0.0,5.0,11.0,9.0,0.0,1.0,9.0,0.0,0.0,0.0,76.66666667,9.0,0.0,0.0,16.0,0.0,9.0
LIVE_BELIEF,FAILURE_THRESHOLD,Q01_RECALL75,POSE_SHIFT,HIGH,12,VERBOSE_TYPED,12,0.0,5.0,11.0,9.0,0.0,1.0,9.0,0.0,0.0,0.0,78.66666667,9.0,0.0,0.0,16.0,0.0,9.0
LIVE_BELIEF,FAILURE_THRESHOLD,Q01_RECALL75,POSE_SHIFT,LOW,4,COMPACT_TYPED,12,0.0,1.0,7.0,5.0,0.0,1.0,5.0,0.0,0.0,0.0,44.66666667,5.0,0.0,0.0,8.0,0.0,5.0
LIVE_BELIEF,FAILURE_THRESHOLD,Q01_RECALL75,POSE_SHIFT,LOW,4,VERBOSE_TYPED,12,0.0,1.0,7.0,5.0,0.0,1.0,5.0,0.0,0.0,0.0,46.66666667,5.0,0.0,0.0,8.0,0.0,5.0
LIVE_BELIEF,FAILURE_THRESHOLD,Q01_RECALL75,POSE_SHIFT,LOW,8,COMPACT_TYPED,12,0.0,3.0,9.0,7.0,0.0,1.0,7.0,0.0,0.0,0.0,60.58333333,7.0,0.0,0.0,12.0,0.0,7.0
LIVE_BELIEF,FAILURE_THRESHOLD,Q01_RECALL75,POSE_SHIFT,LOW,8,VERBOSE_TYPED,12,0.0,3.0,9.0,7.0,0.0,1.0,7.0,0.0,0.0,0.0,62.33333333,7.0,0.0,0.0,12.0,0.0,7.0
LIVE_BELIEF,FAILURE_THRESHOLD,Q01_RECALL75,POSE_SHIFT,LOW,12,COMPACT_TYPED,12,0.0,5.0,11.0,9.0,0.0,1.0,9.0,0.0,0.0,0.0,76.66666667,9.0,0.0,0.0,16.0,0.0,9.0
LIVE_BELIEF,FAILURE_THRESHOLD,Q01_RECALL75,POSE_SHIFT,LOW,12,VERBOSE_TYPED,12,0.0,5.0,11.0,9.0,0.0,1.0,9.0,0.0,0.0,0.0,78.66666667,9.0,0.0,0.0,16.0,0.0,9.0
LIVE_BELIEF,FAILURE_THRESHOLD,Q01_RECALL75,RESTRICTION_CHANGE,HIGH,4,COMPACT_TYPED,12,0.0,1.0,7.0,5.0,0.0,1.0,5.0,0.0,0.0,0.0,44.75,5.0,0.0,0.0,8.0,0.0,5.0
LIVE_BELIEF,FAILURE_THRESHOLD,Q01_RECALL75,RESTRICTION_CHANGE,HIGH,4,VERBOSE_TYPED,12,0.0,1.0,7.0,5.0,0.0,1.0,5.0,0.0,0.0,0.0,47.0,5.0,0.0,0.0,8.0,0.0,5.0
LIVE_BELIEF,FAILURE_THRESHOLD,Q01_RECALL75,RESTRICTION_CHANGE,HIGH,8,COMPACT_TYPED,12,0.0,3.0,9.0,7.0,0.0,1.0,7.0,0.0,0.0,0.0,60.75,7.0,0.0,0.0,12.0,0.0,7.0
LIVE_BELIEF,FAILURE_THRESHOLD,Q01_RECALL75,RESTRICTION_CHANGE,HIGH,8,VERBOSE_TYPED,12,0.0,3.0,9.0,7.0,0.0,1.0,7.0,0.0,0.0,0.0,63.0,7.0,0.0,0.0,12.0,0.0,7.0
LIVE_BELIEF,FAILURE_THRESHOLD,Q01_RECALL75,RESTRICTION_CHANGE,HIGH,12,COMPACT_TYPED,12,0.0,5.0,11.0,9.0,0.0,1.0,9.0,0.0,0.0,0.0,76.83333333,9.0,0.0,0.0,16.0,0.0,9.0
LIVE_BELIEF,FAILURE_THRESHOLD,Q01_RECALL75,RESTRICTION_CHANGE,HIGH,12,VERBOSE_TYPED,12,0.0,5.0,11.0,9.0,0.0,1.0,9.0,0.0,0.0,0.0,79.33333333,9.0,0.0,0.0,16.0,0.0,9.0
LIVE_BELIEF,FAILURE_THRESHOLD,Q01_RECALL75,RESTRICTION_CHANGE,LOW,4,COMPACT_TYPED,12,0.0,1.0,7.0,5.0,0.0,1.0,5.0,0.0,0.0,0.0,44.83333333,5.0,0.0,0.0,8.0,0.0,5.0
LIVE_BELIEF,FAILURE_THRESHOLD,Q01_RECALL75,RESTRICTION_CHANGE,LOW,4,VERBOSE_TYPED,12,0.0,1.0,7.0,5.0,0.0,1.0,5.0,0.0,0.0,0.0,47.33333333,5.0,0.0,0.0,8.0,0.0,5.0
LIVE_BELIEF,FAILURE_THRESHOLD,Q01_RECALL75,RESTRICTION_CHANGE,LOW,8,COMPACT_TYPED,12,0.0,3.0,9.0,7.0,0.0,1.0,7.0,0.0,0.0,0.0,60.75,7.0,0.0,0.0,12.0,0.0,7.0
LIVE_BELIEF,FAILURE_THRESHOLD,Q01_RECALL75,RESTRICTION_CHANGE,LOW,8,VERBOSE_TYPED,12,0.0,3.0,9.0,7.0,0.0,1.0,7.0,0.0,0.0,0.0,63.0,7.0,0.0,0.0,12.0,0.0,7.0
LIVE_BELIEF,FAILURE_THRESHOLD,Q01_RECALL75,RESTRICTION_CHANGE,LOW,12,COMPACT_TYPED,12,0.0,5.0,11.0,9.0,0.0,1.0,9.0,0.0,0.0,0.0,76.75,9.0,0.0,0.0,16.0,0.0,9.0
LIVE_BELIEF,FAILURE_THRESHOLD,Q01_RECALL75,RESTRICTION_CHANGE,LOW,12,VERBOSE_TYPED,12,0.0,5.0,11.0,9.0,0.0,1.0,9.0,0.0,0.0,0.0,79.0,9.0,0.0,0.0,16.0,0.0,9.0
LIVE_BELIEF,FAILURE_THRESHOLD,Q02_RECALL50,AVAILABILITY_LOSS,HIGH,4,COMPACT_TYPED,12,0.0,1.0,7.0,5.0,0.0,1.0,5.0,0.0,0.0,0.0,44.5,5.0,0.0,0.0,8.0,0.0,5.0
LIVE_BELIEF,FAILURE_THRESHOLD,Q02_RECALL50,AVAILABILITY_LOSS,HIGH,4,VERBOSE_TYPED,12,0.0,1.0,7.0,5.0,0.0,1.0,5.0,0.0,0.0,0.0,46.0,5.0,0.0,0.0,8.0,0.0,5.0
LIVE_BELIEF,FAILURE_THRESHOLD,Q02_RECALL50,AVAILABILITY_LOSS,HIGH,8,COMPACT_TYPED,12,0.0,3.0,9.0,7.0,0.0,1.0,7.0,0.0,0.0,0.0,60.66666667,7.0,0.0,0.0,12.0,0.0,7.0
LIVE_BELIEF,FAILURE_THRESHOLD,Q02_RECALL50,AVAILABILITY_LOSS,HIGH,8,VERBOSE_TYPED,12,0.0,3.0,9.0,7.0,0.0,1.0,7.0,0.0,0.0,0.0,62.66666667,7.0,0.0,0.0,12.0,0.0,7.0
LIVE_BELIEF,FAILURE_THRESHOLD,Q02_RECALL50,AVAILABILITY_LOSS,HIGH,12,COMPACT_TYPED,12,0.0,5.0,11.0,9.0,0.0,1.0,9.0,0.0,0.0,0.0,76.41666667,9.0,0.0,0.0,16.0,0.0,9.0
LIVE_BELIEF,FAILURE_THRESHOLD,Q02_RECALL50,AVAILABILITY_LOSS,HIGH,12,VERBOSE_TYPED,12,0.0,5.0,11.0,9.0,0.0,1.0,9.0,0.0,0.0,0.0,77.66666667,9.0,0.0,0.0,16.0,0.0,9.0
LIVE_BELIEF,FAILURE_THRESHOLD,Q02_RECALL50,AVAILABILITY_LOSS,LOW,4,COMPACT_TYPED,12,0.0,1.0,7.0,5.0,0.0,1.0,5.0,0.0,0.0,0.0,44.33333333,5.0,0.0,0.0,8.0,0.0,5.0
LIVE_BELIEF,FAILURE_THRESHOLD,Q02_RECALL50,AVAILABILITY_LOSS,LOW,4,VERBOSE_TYPED,12,0.0,1.0,7.0,5.0,0.0,1.0,5.0,0.0,0.0,0.0,45.33333333,5.0,0.0,0.0,8.0,0.0,5.0
LIVE_BELIEF,FAILURE_THRESHOLD,Q02_RECALL50,AVAILABILITY_LOSS,LOW,8,COMPACT_TYPED,12,0.0,3.0,9.0,7.0,0.0,1.0,7.0,0.0,0.0,0.0,60.58333333,7.0,0.0,0.0,12.0,0.0,7.0
LIVE_BELIEF,FAILURE_THRESHOLD,Q02_RECALL50,AVAILABILITY_LOSS,LOW,8,VERBOSE_TYPED,12,0.0,3.0,9.0,7.0,0.0,1.0,7.0,0.0,0.0,0.0,62.33333333,7.0,0.0,0.0,12.0,0.0,7.0
LIVE_BELIEF,FAILURE_THRESHOLD,Q02_RECALL50,AVAILABILITY_LOSS,LOW,12,COMPACT_TYPED,12,0.0,5.0,11.0,9.0,0.0,1.0,9.0,0.0,0.0,0.0,76.66666667,9.0,0.0,0.0,16.0,0.0,9.0
LIVE_BELIEF,FAILURE_THRESHOLD,Q02_RECALL50,AVAILABILITY_LOSS,LOW,12,VERBOSE_TYPED,12,0.0,5.0,11.0,9.0,0.0,1.0,9.0,0.0,0.0,0.0,78.66666667,9.0,0.0,0.0,16.0,0.0,9.0
LIVE_BELIEF,FAILURE_THRESHOLD,Q02_RECALL50,CONTROL_FAILURE,HIGH,4,COMPACT_TYPED,12,1.0,5.0,3.0,2.0,0.0,1.0,2.0,0.0,0.0,0.0,18.5,2.0,0.0,0.0,8.0,0.0,2.0
LIVE_BELIEF,FAILURE_THRESHOLD,Q02_RECALL50,CONTROL_FAILURE,HIGH,4,VERBOSE_TYPED,12,1.0,5.0,3.0,2.0,0.0,1.0,2.0,0.0,0.0,0.0,20.0,2.0,0.0,0.0,8.0,0.0,2.0
LIVE_BELIEF,FAILURE_THRESHOLD,Q02_RECALL50,CONTROL_FAILURE,HIGH,8,COMPACT_TYPED,12,1.0,9.0,3.0,2.0,0.0,1.0,2.0,0.0,0.0,0.0,18.41666667,2.0,0.0,0.0,12.0,0.0,2.0
LIVE_BELIEF,FAILURE_THRESHOLD,Q02_RECALL50,CONTROL_FAILURE,HIGH,8,VERBOSE_TYPED,12,1.0,9.0,3.0,2.0,0.0,1.0,2.0,0.0,0.0,0.0,19.66666667,2.0,0.0,0.0,12.0,0.0,2.0
LIVE_BELIEF,FAILURE_THRESHOLD,Q02_RECALL50,CONTROL_FAILURE,HIGH,12,COMPACT_TYPED,12,1.0,13.0,3.0,2.0,0.0,1.0,2.0,0.0,0.0,0.0,18.58333333,2.0,0.0,0.0,16.0,0.0,2.0
LIVE_BELIEF,FAILURE_THRESHOLD,Q02_RECALL50,CONTROL_FAILURE,HIGH,12,VERBOSE_TYPED,12,1.0,13.0,3.0,2.0,0.0,1.0,2.0,0.0,0.0,0.0,20.33333333,2.0,0.0,0.0,16.0,0.0,2.0
LIVE_BELIEF,FAILURE_THRESHOLD,Q02_RECALL50,CONTROL_FAILURE,LOW,4,COMPACT_TYPED,12,1.0,6.0,2.0,1.0,0.0,1.0,1.0,0.0,0.0,0.0,10.83333333,1.0,0.0,0.0,8.0,0.0,1.0
LIVE_BELIEF,FAILURE_THRESHOLD,Q02_RECALL50,CONTROL_FAILURE,LOW,4,VERBOSE_TYPED,12,1.0,6.0,2.0,1.0,0.0,1.0,1.0,0.0,0.0,0.0,13.33333333,1.0,0.0,0.0,8.0,0.0,1.0
LIVE_BELIEF,FAILURE_THRESHOLD,Q02_RECALL50,CONTROL_FAILURE,LOW,8,COMPACT_TYPED,12,1.0,10.0,2.0,1.0,0.0,1.0,1.0,0.0,0.0,0.0,10.58333333,1.0,0.0,0.0,12.0,0.0,1.0
LIVE_BELIEF,FAILURE_THRESHOLD,Q02_RECALL50,CONTROL_FAILURE,LOW,8,VERBOSE_TYPED,12,1.0,10.0,2.0,1.0,0.0,1.0,1.0,0.0,0.0,0.0,12.33333333,1.0,0.0,0.0,12.0,0.0,1.0
LIVE_BELIEF,FAILURE_THRESHOLD,Q02_RECALL50,CONTROL_FAILURE,LOW,12,COMPACT_TYPED,12,1.0,14.0,2.0,1.0,0.0,1.0,1.0,0.0,0.0,0.0,10.33333333,1.0,0.0,0.0,16.0,0.0,1.0
LIVE_BELIEF,FAILURE_THRESHOLD,Q02_RECALL50,CONTROL_FAILURE,LOW,12,VERBOSE_TYPED,12,1.0,14.0,2.0,1.0,0.0,1.0,1.0,0.0,0.0,0.0,11.33333333,1.0,0.0,0.0,16.0,0.0,1.0
LIVE_BELIEF,FAILURE_THRESHOLD,Q02_RECALL50,POSE_SHIFT,HIGH,4,COMPACT_TYPED,12,0.0,1.0,7.0,5.0,0.0,1.0,5.0,0.0,0.0,0.0,44.33333333,5.0,0.0,0.0,8.0,0.0,5.0
LIVE_BELIEF,FAILURE_THRESHOLD,Q02_RECALL50,POSE_SHIFT,HIGH,4,VERBOSE_TYPED,12,0.0,1.0,7.0,5.0,0.0,1.0,5.0,0.0,0.0,0.0,45.33333333,5.0,0.0,0.0,8.0,0.0,5.0
LIVE_BELIEF,FAILURE_THRESHOLD,Q02_RECALL50,POSE_SHIFT,HIGH,8,COMPACT_TYPED,12,0.0,3.0,9.0,7.0,0.0,1.0,7.0,0.0,0.0,0.0,60.41666667,7.0,0.0,0.0,12.0,0.0,7.0
LIVE_BELIEF,FAILURE_THRESHOLD,Q02_RECALL50,POSE_SHIFT,HIGH,8,VERBOSE_TYPED,12,0.0,3.0,9.0,7.0,0.0,1.0,7.0,0.0,0.0,0.0,61.66666667,7.0,0.0,0.0,12.0,0.0,7.0
LIVE_BELIEF,FAILURE_THRESHOLD,Q02_RECALL50,POSE_SHIFT,HIGH,12,COMPACT_TYPED,12,0.0,5.0,11.0,9.0,0.0,1.0,9.0,0.0,0.0,0.0,76.5,9.0,0.0,0.0,16.0,0.0,9.0
LIVE_BELIEF,FAILURE_THRESHOLD,Q02_RECALL50,POSE_SHIFT,HIGH,12,VERBOSE_TYPED,12,0.0,5.0,11.0,9.0,0.0,1.0,9.0,0.0,0.0,0.0,78.0,9.0,0.0,0.0,16.0,0.0,9.0
LIVE_BELIEF,FAILURE_THRESHOLD,Q02_RECALL50,POSE_SHIFT,LOW,4,COMPACT_TYPED,12,0.0,1.0,7.0,5.0,0.0,1.0,5.0,0.0,0.0,0.0,44.58333333,5.0,0.0,0.0,8.0,0.0,5.0
LIVE_BELIEF,FAILURE_THRESHOLD,Q02_RECALL50,POSE_SHIFT,LOW,4,VERBOSE_TYPED,12,0.0,1.0,7.0,5.0,0.0,1.0,5.0,0.0,0.0,0.0,46.33333333,5.0,0.0,0.0,8.0,0.0,5.0
LIVE_BELIEF,FAILURE_THRESHOLD,Q02_RECALL50,POSE_SHIFT,LOW,8,COMPACT_TYPED,12,0.0,3.0,9.0,7.0,0.0,1.0,7.0,0.0,0.0,0.0,60.33333333,7.0,0.0,0.0,12.0,0.0,7.0
LIVE_BELIEF,FAILURE_THRESHOLD,Q02_RECALL50,POSE_SHIFT,LOW,8,VERBOSE_TYPED,12,0.0,3.0,9.0,7.0,0.0,1.0,7.0,0.0,0.0,0.0,61.33333333,7.0,0.0,0.0,12.0,0.0,7.0
LIVE_BELIEF,FAILURE_THRESHOLD,Q02_RECALL50,POSE_SHIFT,LOW,12,COMPACT_TYPED,12,0.0,5.0,11.0,9.0,0.0,1.0,9.0,0.0,0.0,0.0,76.33333333,9.0,0.0,0.0,16.0,0.0,9.0
LIVE_BELIEF,FAILURE_THRESHOLD,Q02_RECALL50,POSE_SHIFT,LOW,12,VERBOSE_TYPED,12,0.0,5.0,11.0,9.0,0.0,1.0,9.0,0.0,0.0,0.0,77.33333333,9.0,0.0,0.0,16.0,0.0,9.0
LIVE_BELIEF,FAILURE_THRESHOLD,Q02_RECALL50,RESTRICTION_CHANGE,HIGH,4,COMPACT_TYPED,12,0.0,1.0,7.0,5.0,0.0,1.0,5.0,0.0,0.0,0.0,44.41666667,5.0,0.0,0.0,8.0,0.0,5.0
LIVE_BELIEF,FAILURE_THRESHOLD,Q02_RECALL50,RESTRICTION_CHANGE,HIGH,4,VERBOSE_TYPED,12,0.0,1.0,7.0,5.0,0.0,1.0,5.0,0.0,0.0,0.0,45.66666667,5.0,0.0,0.0,8.0,0.0,5.0
LIVE_BELIEF,FAILURE_THRESHOLD,Q02_RECALL50,RESTRICTION_CHANGE,HIGH,8,COMPACT_TYPED,12,0.0,3.0,9.0,7.0,0.0,1.0,7.0,0.0,0.0,0.0,60.5,7.0,0.0,0.0,12.0,0.0,7.0
LIVE_BELIEF,FAILURE_THRESHOLD,Q02_RECALL50,RESTRICTION_CHANGE,HIGH,8,VERBOSE_TYPED,12,0.0,3.0,9.0,7.0,0.0,1.0,7.0,0.0,0.0,0.0,62.0,7.0,0.0,0.0,12.0,0.0,7.0
LIVE_BELIEF,FAILURE_THRESHOLD,Q02_RECALL50,RESTRICTION_CHANGE,HIGH,12,COMPACT_TYPED,12,0.0,5.0,11.0,9.0,0.0,1.0,9.0,0.0,0.0,0.0,76.5,9.0,0.0,0.0,16.0,0.0,9.0
LIVE_BELIEF,FAILURE_THRESHOLD,Q02_RECALL50,RESTRICTION_CHANGE,HIGH,12,VERBOSE_TYPED,12,0.0,5.0,11.0,9.0,0.0,1.0,9.0,0.0,0.0,0.0,78.0,9.0,0.0,0.0,16.0,0.0,9.0
LIVE_BELIEF,FAILURE_THRESHOLD,Q02_RECALL50,RESTRICTION_CHANGE,LOW,4,COMPACT_TYPED,12,0.0,1.0,7.0,5.0,0.0,1.0,5.0,0.0,0.0,0.0,44.66666667,5.0,0.0,0.0,8.0,0.0,5.0
LIVE_BELIEF,FAILURE_THRESHOLD,Q02_RECALL50,RESTRICTION_CHANGE,LOW,4,VERBOSE_TYPED,12,0.0,1.0,7.0,5.0,0.0,1.0,5.0,0.0,0.0,0.0,46.66666667,5.0,0.0,0.0,8.0,0.0,5.0
LIVE_BELIEF,FAILURE_THRESHOLD,Q02_RECALL50,RESTRICTION_CHANGE,LOW,8,COMPACT_TYPED,12,0.0,3.0,9.0,7.0,0.0,1.0,7.0,0.0,0.0,0.0,60.41666667,7.0,0.0,0.0,12.0,0.0,7.0
LIVE_BELIEF,FAILURE_THRESHOLD,Q02_RECALL50,RESTRICTION_CHANGE,LOW,8,VERBOSE_TYPED,12,0.0,3.0,9.0,7.0,0.0,1.0,7.0,0.0,0.0,0.0,61.66666667,7.0,0.0,0.0,12.0,0.0,7.0
LIVE_BELIEF,FAILURE_THRESHOLD,Q02_RECALL50,RESTRICTION_CHANGE,LOW,12,COMPACT_TYPED,12,0.0,5.0,11.0,9.0,0.0,1.0,9.0,0.0,0.0,0.0,76.41666667,9.0,0.0,0.0,16.0,0.0,9.0
LIVE_BELIEF,FAILURE_THRESHOLD,Q02_RECALL50,RESTRICTION_CHANGE,LOW,12,VERBOSE_TYPED,12,0.0,5.0,11.0,9.0,0.0,1.0,9.0,0.0,0.0,0.0,77.66666667,9.0,0.0,0.0,16.0,0.0,9.0
LIVE_BELIEF,FAILURE_THRESHOLD,Q03_RECALL25,AVAILABILITY_LOSS,HIGH,4,COMPACT_TYPED,12,0.0,1.0,7.0,5.0,0.0,1.0,5.0,0.0,0.0,0.0,44.16666667,5.0,0.0,0.0,8.0,0.0,5.0
LIVE_BELIEF,FAILURE_THRESHOLD,Q03_RECALL25,AVAILABILITY_LOSS,HIGH,4,VERBOSE_TYPED,12,0.0,1.0,7.0,5.0,0.0,1.0,5.0,0.0,0.0,0.0,44.66666667,5.0,0.0,0.0,8.0,0.0,5.0
LIVE_BELIEF,FAILURE_THRESHOLD,Q03_RECALL25,AVAILABILITY_LOSS,HIGH,8,COMPACT_TYPED,12,0.0,3.0,9.0,7.0,0.0,1.0,7.0,0.0,0.0,0.0,60.5,7.0,0.0,0.0,12.0,0.0,7.0
LIVE_BELIEF,FAILURE_THRESHOLD,Q03_RECALL25,AVAILABILITY_LOSS,HIGH,8,VERBOSE_TYPED,12,0.0,3.0,9.0,7.0,0.0,1.0,7.0,0.0,0.0,0.0,62.0,7.0,0.0,0.0,12.0,0.0,7.0
LIVE_BELIEF,FAILURE_THRESHOLD,Q03_RECALL25,AVAILABILITY_LOSS,HIGH,12,COMPACT_TYPED,12,0.0,5.0,11.0,9.0,0.0,1.0,9.0,0.0,0.0,0.0,76.25,9.0,0.0,0.0,16.0,0.0,9.0
LIVE_BELIEF,FAILURE_THRESHOLD,Q03_RECALL25,AVAILABILITY_LOSS,HIGH,12,VERBOSE_TYPED,12,0.0,5.0,11.0,9.0,0.0,1.0,9.0,0.0,0.0,0.0,77.0,9.0,0.0,0.0,16.0,0.0,9.0
LIVE_BELIEF,FAILURE_THRESHOLD,Q03_RECALL25,AVAILABILITY_LOSS,LOW,4,COMPACT_TYPED,12,0.0,1.0,7.0,5.0,0.0,1.0,5.0,0.0,0.0,0.0,44.0,5.0,0.0,0.0,8.0,0.0,5.0
LIVE_BELIEF,FAILURE_THRESHOLD,Q03_RECALL25,AVAILABILITY_LOSS,LOW,4,VERBOSE_TYPED,12,0.0,1.0,7.0,5.0,0.0,1.0,5.0,0.0,0.0,0.0,44.0,5.0,0.0,0.0,8.0,0.0,5.0
LIVE_BELIEF,FAILURE_THRESHOLD,Q03_RECALL25,AVAILABILITY_LOSS,LOW,8,COMPACT_TYPED,12,0.0,3.0,9.0,7.0,0.0,1.0,7.0,0.0,0.0,0.0,60.33333333,7.0,0.0,0.0,12.0,0.0,7.0
LIVE_BELIEF,FAILURE_THRESHOLD,Q03_RECALL25,AVAILABILITY_LOSS,LOW,8,VERBOSE_TYPED,12,0.0,3.0,9.0,7.0,0.0,1.0,7.0,0.0,0.0,0.0,61.33333333,7.0,0.0,0.0,12.0,0.0,7.0
LIVE_BELIEF,FAILURE_THRESHOLD,Q03_RECALL25,AVAILABILITY_LOSS,LOW,12,COMPACT_TYPED,12,0.0,5.0,11.0,9.0,0.0,1.0,9.0,0.0,0.0,0.0,76.25,9.0,0.0,0.0,16.0,0.0,9.0
LIVE_BELIEF,FAILURE_THRESHOLD,Q03_RECALL25,AVAILABILITY_LOSS,LOW,12,VERBOSE_TYPED,12,0.0,5.0,11.0,9.0,0.0,1.0,9.0,0.0,0.0,0.0,77.0,9.0,0.0,0.0,16.0,0.0,9.0
LIVE_BELIEF,FAILURE_THRESHOLD,Q03_RECALL25,CONTROL_FAILURE,HIGH,4,COMPACT_TYPED,12,1.0,5.0,3.0,2.0,0.0,1.0,2.0,0.0,0.0,0.0,18.41666667,2.0,0.0,0.0,8.0,0.0,2.0
LIVE_BELIEF,FAILURE_THRESHOLD,Q03_RECALL25,CONTROL_FAILURE,HIGH,4,VERBOSE_TYPED,12,1.0,5.0,3.0,2.0,0.0,1.0,2.0,0.0,0.0,0.0,19.66666667,2.0,0.0,0.0,8.0,0.0,2.0
LIVE_BELIEF,FAILURE_THRESHOLD,Q03_RECALL25,CONTROL_FAILURE,HIGH,8,COMPACT_TYPED,12,1.0,9.0,3.0,2.0,0.0,1.0,2.0,0.0,0.0,0.0,18.25,2.0,0.0,0.0,12.0,0.0,2.0
LIVE_BELIEF,FAILURE_THRESHOLD,Q03_RECALL25,CONTROL_FAILURE,HIGH,8,VERBOSE_TYPED,12,1.0,9.0,3.0,2.0,0.0,1.0,2.0,0.0,0.0,0.0,19.0,2.0,0.0,0.0,12.0,0.0,2.0
LIVE_BELIEF,FAILURE_THRESHOLD,Q03_RECALL25,CONTROL_FAILURE,HIGH,12,COMPACT_TYPED,12,1.0,13.0,3.0,2.0,0.0,1.0,2.0,0.0,0.0,0.0,18.0,2.0,0.0,0.0,16.0,0.0,2.0
LIVE_BELIEF,FAILURE_THRESHOLD,Q03_RECALL25,CONTROL_FAILURE,HIGH,12,VERBOSE_TYPED,12,1.0,13.0,3.0,2.0,0.0,1.0,2.0,0.0,0.0,0.0,18.0,2.0,0.0,0.0,16.0,0.0,2.0
LIVE_BELIEF,FAILURE_THRESHOLD,Q03_RECALL25,CONTROL_FAILURE,LOW,4,COMPACT_TYPED,12,1.0,6.0,2.0,1.0,0.0,1.0,1.0,0.0,0.0,0.0,10.41666667,1.0,0.0,0.0,8.0,0.0,1.0
LIVE_BELIEF,FAILURE_THRESHOLD,Q03_RECALL25,CONTROL_FAILURE,LOW,4,VERBOSE_TYPED,12,1.0,6.0,2.0,1.0,0.0,1.0,1.0,0.0,0.0,0.0,11.66666667,1.0,0.0,0.0,8.0,0.0,1.0
LIVE_BELIEF,FAILURE_THRESHOLD,Q03_RECALL25,CONTROL_FAILURE,LOW,8,COMPACT_TYPED,12,1.0,10.0,2.0,1.0,0.0,1.0,1.0,0.0,0.0,0.0,10.25,1.0,0.0,0.0,12.0,0.0,1.0
LIVE_BELIEF,FAILURE_THRESHOLD,Q03_RECALL25,CONTROL_FAILURE,LOW,8,VERBOSE_TYPED,12,1.0,10.0,2.0,1.0,0.0,1.0,1.0,0.0,0.0,0.0,11.0,1.0,0.0,0.0,12.0,0.0,1.0
LIVE_BELIEF,FAILURE_THRESHOLD,Q03_RECALL25,CONTROL_FAILURE,LOW,12,COMPACT_TYPED,12,1.0,14.0,2.0,1.0,0.0,1.0,1.0,0.0,0.0,0.0,10.25,1.0,0.0,0.0,16.0,0.0,1.0
LIVE_BELIEF,FAILURE_THRESHOLD,Q03_RECALL25,CONTROL_FAILURE,LOW,12,VERBOSE_TYPED,12,1.0,14.0,2.0,1.0,0.0,1.0,1.0,0.0,0.0,0.0,11.0,1.0,0.0,0.0,16.0,0.0,1.0
LIVE_BELIEF,FAILURE_THRESHOLD,Q03_RECALL25,POSE_SHIFT,HIGH,4,COMPACT_TYPED,12,0.0,1.0,7.0,5.0,0.0,1.0,5.0,0.0,0.0,0.0,44.25,5.0,0.0,0.0,8.0,0.0,5.0
LIVE_BELIEF,FAILURE_THRESHOLD,Q03_RECALL25,POSE_SHIFT,HIGH,4,VERBOSE_TYPED,12,0.0,1.0,7.0,5.0,0.0,1.0,5.0,0.0,0.0,0.0,45.0,5.0,0.0,0.0,8.0,0.0,5.0
LIVE_BELIEF,FAILURE_THRESHOLD,Q03_RECALL25,POSE_SHIFT,HIGH,8,COMPACT_TYPED,12,0.0,3.0,9.0,7.0,0.0,1.0,7.0,0.0,0.0,0.0,60.0,7.0,0.0,0.0,12.0,0.0,7.0
LIVE_BELIEF,FAILURE_THRESHOLD,Q03_RECALL25,POSE_SHIFT,HIGH,8,VERBOSE_TYPED,12,0.0,3.0,9.0,7.0,0.0,1.0,7.0,0.0,0.0,0.0,60.0,7.0,0.0,0.0,12.0,0.0,7.0
LIVE_BELIEF,FAILURE_THRESHOLD,Q03_RECALL25,POSE_SHIFT,HIGH,12,COMPACT_TYPED,12,0.0,5.0,11.0,9.0,0.0,1.0,9.0,0.0,0.0,0.0,76.16666667,9.0,0.0,0.0,16.0,0.0,9.0
LIVE_BELIEF,FAILURE_THRESHOLD,Q03_RECALL25,POSE_SHIFT,HIGH,12,VERBOSE_TYPED,12,0.0,5.0,11.0,9.0,0.0,1.0,9.0,0.0,0.0,0.0,76.66666667,9.0,0.0,0.0,16.0,0.0,9.0
LIVE_BELIEF,FAILURE_THRESHOLD,Q03_RECALL25,POSE_SHIFT,LOW,4,COMPACT_TYPED,12,0.0,1.0,7.0,5.0,0.0,1.0,5.0,0.0,0.0,0.0,44.41666667,5.0,0.0,0.0,8.0,0.0,5.0
LIVE_BELIEF,FAILURE_THRESHOLD,Q03_RECALL25,POSE_SHIFT,LOW,4,VERBOSE_TYPED,12,0.0,1.0,7.0,5.0,0.0,1.0,5.0,0.0,0.0,0.0,45.66666667,5.0,0.0,0.0,8.0,0.0,5.0
LIVE_BELIEF,FAILURE_THRESHOLD,Q03_RECALL25,POSE_SHIFT,LOW,8,COMPACT_TYPED,12,0.0,3.0,9.0,7.0,0.0,1.0,7.0,0.0,0.0,0.0,60.16666667,7.0,0.0,0.0,12.0,0.0,7.0
LIVE_BELIEF,FAILURE_THRESHOLD,Q03_RECALL25,POSE_SHIFT,LOW,8,VERBOSE_TYPED,12,0.0,3.0,9.0,7.0,0.0,1.0,7.0,0.0,0.0,0.0,60.66666667,7.0,0.0,0.0,12.0,0.0,7.0
LIVE_BELIEF,FAILURE_THRESHOLD,Q03_RECALL25,POSE_SHIFT,LOW,12,COMPACT_TYPED,12,0.0,5.0,11.0,9.0,0.0,1.0,9.0,0.0,0.0,0.0,76.16666667,9.0,0.0,0.0,16.0,0.0,9.0
LIVE_BELIEF,FAILURE_THRESHOLD,Q03_RECALL25,POSE_SHIFT,LOW,12,VERBOSE_TYPED,12,0.0,5.0,11.0,9.0,0.0,1.0,9.0,0.0,0.0,0.0,76.66666667,9.0,0.0,0.0,16.0,0.0,9.0
LIVE_BELIEF,FAILURE_THRESHOLD,Q03_RECALL25,RESTRICTION_CHANGE,HIGH,4,COMPACT_TYPED,12,0.0,1.0,7.0,5.0,0.0,1.0,5.0,0.0,0.0,0.0,44.25,5.0,0.0,0.0,8.0,0.0,5.0
LIVE_BELIEF,FAILURE_THRESHOLD,Q03_RECALL25,RESTRICTION_CHANGE,HIGH,4,VERBOSE_TYPED,12,0.0,1.0,7.0,5.0,0.0,1.0,5.0,0.0,0.0,0.0,45.0,5.0,0.0,0.0,8.0,0.0,5.0
LIVE_BELIEF,FAILURE_THRESHOLD,Q03_RECALL25,RESTRICTION_CHANGE,HIGH,8,COMPACT_TYPED,12,0.0,3.0,9.0,7.0,0.0,1.0,7.0,0.0,0.0,0.0,60.25,7.0,0.0,0.0,12.0,0.0,7.0
LIVE_BELIEF,FAILURE_THRESHOLD,Q03_RECALL25,RESTRICTION_CHANGE,HIGH,8,VERBOSE_TYPED,12,0.0,3.0,9.0,7.0,0.0,1.0,7.0,0.0,0.0,0.0,61.0,7.0,0.0,0.0,12.0,0.0,7.0
LIVE_BELIEF,FAILURE_THRESHOLD,Q03_RECALL25,RESTRICTION_CHANGE,HIGH,12,COMPACT_TYPED,12,0.0,5.0,11.0,9.0,0.0,1.0,9.0,0.0,0.0,0.0,76.16666667,9.0,0.0,0.0,16.0,0.0,9.0
LIVE_BELIEF,FAILURE_THRESHOLD,Q03_RECALL25,RESTRICTION_CHANGE,HIGH,12,VERBOSE_TYPED,12,0.0,5.0,11.0,9.0,0.0,1.0,9.0,0.0,0.0,0.0,76.66666667,9.0,0.0,0.0,16.0,0.0,9.0
LIVE_BELIEF,FAILURE_THRESHOLD,Q03_RECALL25,RESTRICTION_CHANGE,LOW,4,COMPACT_TYPED,12,0.0,1.0,7.0,5.0,0.0,1.0,5.0,0.0,0.0,0.0,44.16666667,5.0,0.0,0.0,8.0,0.0,5.0
LIVE_BELIEF,FAILURE_THRESHOLD,Q03_RECALL25,RESTRICTION_CHANGE,LOW,4,VERBOSE_TYPED,12,0.0,1.0,7.0,5.0,0.0,1.0,5.0,0.0,0.0,0.0,44.66666667,5.0,0.0,0.0,8.0,0.0,5.0
LIVE_BELIEF,FAILURE_THRESHOLD,Q03_RECALL25,RESTRICTION_CHANGE,LOW,8,COMPACT_TYPED,12,0.0,3.0,9.0,7.0,0.0,1.0,7.0,0.0,0.0,0.0,60.41666667,7.0,0.0,0.0,12.0,0.0,7.0
LIVE_BELIEF,FAILURE_THRESHOLD,Q03_RECALL25,RESTRICTION_CHANGE,LOW,8,VERBOSE_TYPED,12,0.0,3.0,9.0,7.0,0.0,1.0,7.0,0.0,0.0,0.0,61.66666667,7.0,0.0,0.0,12.0,0.0,7.0
LIVE_BELIEF,FAILURE_THRESHOLD,Q03_RECALL25,RESTRICTION_CHANGE,LOW,12,COMPACT_TYPED,12,0.0,5.0,11.0,9.0,0.0,1.0,9.0,0.0,0.0,0.0,76.16666667,9.0,0.0,0.0,16.0,0.0,9.0
LIVE_BELIEF,FAILURE_THRESHOLD,Q03_RECALL25,RESTRICTION_CHANGE,LOW,12,VERBOSE_TYPED,12,0.0,5.0,11.0,9.0,0.0,1.0,9.0,0.0,0.0,0.0,76.66666667,9.0,0.0,0.0,16.0,0.0,9.0
LIVE_BELIEF,FAILURE_THRESHOLD,Q04_DELAY1,AVAILABILITY_LOSS,HIGH,4,COMPACT_TYPED,12,0.0,1.0,7.0,5.0,0.0,1.0,5.0,0.0,0.0,0.0,45.0,5.0,0.0,0.0,8.0,0.0,5.0
LIVE_BELIEF,FAILURE_THRESHOLD,Q04_DELAY1,AVAILABILITY_LOSS,HIGH,4,VERBOSE_TYPED,12,0.0,1.0,7.0,5.0,0.0,1.0,5.0,0.0,0.0,0.0,48.0,5.0,0.0,0.0,8.0,0.0,5.0
LIVE_BELIEF,FAILURE_THRESHOLD,Q04_DELAY1,AVAILABILITY_LOSS,HIGH,8,COMPACT_TYPED,12,0.0,3.0,9.0,7.0,0.0,1.0,7.0,0.0,0.0,0.0,61.0,7.0,0.0,0.0,12.0,0.0,7.0
LIVE_BELIEF,FAILURE_THRESHOLD,Q04_DELAY1,AVAILABILITY_LOSS,HIGH,8,VERBOSE_TYPED,12,0.0,3.0,9.0,7.0,0.0,1.0,7.0,0.0,0.0,0.0,64.0,7.0,0.0,0.0,12.0,0.0,7.0
LIVE_BELIEF,FAILURE_THRESHOLD,Q04_DELAY1,AVAILABILITY_LOSS,HIGH,12,COMPACT_TYPED,12,0.0,5.0,11.0,9.0,0.0,1.0,9.0,0.0,0.0,0.0,77.0,9.0,0.0,0.0,16.0,0.0,9.0
LIVE_BELIEF,FAILURE_THRESHOLD,Q04_DELAY1,AVAILABILITY_LOSS,HIGH,12,VERBOSE_TYPED,12,0.0,5.0,11.0,9.0,0.0,1.0,9.0,0.0,0.0,0.0,80.0,9.0,0.0,0.0,16.0,0.0,9.0
LIVE_BELIEF,FAILURE_THRESHOLD,Q04_DELAY1,AVAILABILITY_LOSS,LOW,4,COMPACT_TYPED,12,0.0,1.0,7.0,5.0,0.0,1.0,5.0,0.0,0.0,0.0,45.0,5.0,0.0,0.0,8.0,0.0,5.0
LIVE_BELIEF,FAILURE_THRESHOLD,Q04_DELAY1,AVAILABILITY_LOSS,LOW,4,VERBOSE_TYPED,12,0.0,1.0,7.0,5.0,0.0,1.0,5.0,0.0,0.0,0.0,48.0,5.0,0.0,0.0,8.0,0.0,5.0
LIVE_BELIEF,FAILURE_THRESHOLD,Q04_DELAY1,AVAILABILITY_LOSS,LOW,8,COMPACT_TYPED,12,0.0,3.0,9.0,7.0,0.0,1.0,7.0,0.0,0.0,0.0,61.0,7.0,0.0,0.0,12.0,0.0,7.0
LIVE_BELIEF,FAILURE_THRESHOLD,Q04_DELAY1,AVAILABILITY_LOSS,LOW,8,VERBOSE_TYPED,12,0.0,3.0,9.0,7.0,0.0,1.0,7.0,0.0,0.0,0.0,64.0,7.0,0.0,0.0,12.0,0.0,7.0
LIVE_BELIEF,FAILURE_THRESHOLD,Q04_DELAY1,AVAILABILITY_LOSS,LOW,12,COMPACT_TYPED,12,0.0,5.0,11.0,9.0,0.0,1.0,9.0,0.0,0.0,0.0,77.0,9.0,0.0,0.0,16.0,0.0,9.0
LIVE_BELIEF,FAILURE_THRESHOLD,Q04_DELAY1,AVAILABILITY_LOSS,LOW,12,VERBOSE_TYPED,12,0.0,5.0,11.0,9.0,0.0,1.0,9.0,0.0,0.0,0.0,80.0,9.0,0.0,0.0,16.0,0.0,9.0
LIVE_BELIEF,FAILURE_THRESHOLD,Q04_DELAY1,CONTROL_FAILURE,HIGH,4,COMPACT_TYPED,12,1.0,5.0,3.0,2.0,0.0,1.0,2.0,0.0,0.0,0.0,19.0,2.0,0.0,0.0,8.0,0.0,2.0
LIVE_BELIEF,FAILURE_THRESHOLD,Q04_DELAY1,CONTROL_FAILURE,HIGH,4,VERBOSE_TYPED,12,1.0,5.0,3.0,2.0,0.0,1.0,2.0,0.0,0.0,0.0,22.0,2.0,0.0,0.0,8.0,0.0,2.0
LIVE_BELIEF,FAILURE_THRESHOLD,Q04_DELAY1,CONTROL_FAILURE,HIGH,8,COMPACT_TYPED,12,1.0,9.0,3.0,2.0,0.0,1.0,2.0,0.0,0.0,0.0,19.0,2.0,0.0,0.0,12.0,0.0,2.0
LIVE_BELIEF,FAILURE_THRESHOLD,Q04_DELAY1,CONTROL_FAILURE,HIGH,8,VERBOSE_TYPED,12,1.0,9.0,3.0,2.0,0.0,1.0,2.0,0.0,0.0,0.0,22.0,2.0,0.0,0.0,12.0,0.0,2.0
LIVE_BELIEF,FAILURE_THRESHOLD,Q04_DELAY1,CONTROL_FAILURE,HIGH,12,COMPACT_TYPED,12,1.0,13.0,3.0,2.0,0.0,1.0,2.0,0.0,0.0,0.0,19.0,2.0,0.0,0.0,16.0,0.0,2.0
LIVE_BELIEF,FAILURE_THRESHOLD,Q04_DELAY1,CONTROL_FAILURE,HIGH,12,VERBOSE_TYPED,12,1.0,13.0,3.0,2.0,0.0,1.0,2.0,0.0,0.0,0.0,22.0,2.0,0.0,0.0,16.0,0.0,2.0
LIVE_BELIEF,FAILURE_THRESHOLD,Q04_DELAY1,CONTROL_FAILURE,LOW,4,COMPACT_TYPED,12,1.0,6.0,2.0,1.0,0.0,1.0,1.0,0.0,0.0,0.0,11.0,1.0,0.0,0.0,8.0,0.0,1.0
LIVE_BELIEF,FAILURE_THRESHOLD,Q04_DELAY1,CONTROL_FAILURE,LOW,4,VERBOSE_TYPED,12,1.0,6.0,2.0,1.0,0.0,1.0,1.0,0.0,0.0,0.0,14.0,1.0,0.0,0.0,8.0,0.0,1.0
LIVE_BELIEF,FAILURE_THRESHOLD,Q04_DELAY1,CONTROL_FAILURE,LOW,8,COMPACT_TYPED,12,1.0,10.0,2.0,1.0,0.0,1.0,1.0,0.0,0.0,0.0,11.0,1.0,0.0,0.0,12.0,0.0,1.0
LIVE_BELIEF,FAILURE_THRESHOLD,Q04_DELAY1,CONTROL_FAILURE,LOW,8,VERBOSE_TYPED,12,1.0,10.0,2.0,1.0,0.0,1.0,1.0,0.0,0.0,0.0,14.0,1.0,0.0,0.0,12.0,0.0,1.0
LIVE_BELIEF,FAILURE_THRESHOLD,Q04_DELAY1,CONTROL_FAILURE,LOW,12,COMPACT_TYPED,12,1.0,14.0,2.0,1.0,0.0,1.0,1.0,0.0,0.0,0.0,11.0,1.0,0.0,0.0,16.0,0.0,1.0
LIVE_BELIEF,FAILURE_THRESHOLD,Q04_DELAY1,CONTROL_FAILURE,LOW,12,VERBOSE_TYPED,12,1.0,14.0,2.0,1.0,0.0,1.0,1.0,0.0,0.0,0.0,14.0,1.0,0.0,0.0,16.0,0.0,1.0
LIVE_BELIEF,FAILURE_THRESHOLD,Q04_DELAY1,POSE_SHIFT,HIGH,4,COMPACT_TYPED,12,0.0,1.0,7.0,5.0,0.0,1.0,5.0,0.0,0.0,0.0,45.0,5.0,0.0,0.0,8.0,0.0,5.0
LIVE_BELIEF,FAILURE_THRESHOLD,Q04_DELAY1,POSE_SHIFT,HIGH,4,VERBOSE_TYPED,12,0.0,1.0,7.0,5.0,0.0,1.0,5.0,0.0,0.0,0.0,48.0,5.0,0.0,0.0,8.0,0.0,5.0
LIVE_BELIEF,FAILURE_THRESHOLD,Q04_DELAY1,POSE_SHIFT,HIGH,8,COMPACT_TYPED,12,0.0,3.0,9.0,7.0,0.0,1.0,7.0,0.0,0.0,0.0,61.0,7.0,0.0,0.0,12.0,0.0,7.0
LIVE_BELIEF,FAILURE_THRESHOLD,Q04_DELAY1,POSE_SHIFT,HIGH,8,VERBOSE_TYPED,12,0.0,3.0,9.0,7.0,0.0,1.0,7.0,0.0,0.0,0.0,64.0,7.0,0.0,0.0,12.0,0.0,7.0
LIVE_BELIEF,FAILURE_THRESHOLD,Q04_DELAY1,POSE_SHIFT,HIGH,12,COMPACT_TYPED,12,0.0,5.0,11.0,9.0,0.0,1.0,9.0,0.0,0.0,0.0,77.0,9.0,0.0,0.0,16.0,0.0,9.0
LIVE_BELIEF,FAILURE_THRESHOLD,Q04_DELAY1,POSE_SHIFT,HIGH,12,VERBOSE_TYPED,12,0.0,5.0,11.0,9.0,0.0,1.0,9.0,0.0,0.0,0.0,80.0,9.0,0.0,0.0,16.0,0.0,9.0
LIVE_BELIEF,FAILURE_THRESHOLD,Q04_DELAY1,POSE_SHIFT,LOW,4,COMPACT_TYPED,12,0.0,1.0,7.0,5.0,0.0,1.0,5.0,0.0,0.0,0.0,45.0,5.0,0.0,0.0,8.0,0.0,5.0
LIVE_BELIEF,FAILURE_THRESHOLD,Q04_DELAY1,POSE_SHIFT,LOW,4,VERBOSE_TYPED,12,0.0,1.0,7.0,5.0,0.0,1.0,5.0,0.0,0.0,0.0,48.0,5.0,0.0,0.0,8.0,0.0,5.0
LIVE_BELIEF,FAILURE_THRESHOLD,Q04_DELAY1,POSE_SHIFT,LOW,8,COMPACT_TYPED,12,0.0,3.0,9.0,7.0,0.0,1.0,7.0,0.0,0.0,0.0,61.0,7.0,0.0,0.0,12.0,0.0,7.0
LIVE_BELIEF,FAILURE_THRESHOLD,Q04_DELAY1,POSE_SHIFT,LOW,8,VERBOSE_TYPED,12,0.0,3.0,9.0,7.0,0.0,1.0,7.0,0.0,0.0,0.0,64.0,7.0,0.0,0.0,12.0,0.0,7.0
LIVE_BELIEF,FAILURE_THRESHOLD,Q04_DELAY1,POSE_SHIFT,LOW,12,COMPACT_TYPED,12,0.0,5.0,11.0,9.0,0.0,1.0,9.0,0.0,0.0,0.0,77.0,9.0,0.0,0.0,16.0,0.0,9.0
LIVE_BELIEF,FAILURE_THRESHOLD,Q04_DELAY1,POSE_SHIFT,LOW,12,VERBOSE_TYPED,12,0.0,5.0,11.0,9.0,0.0,1.0,9.0,0.0,0.0,0.0,80.0,9.0,0.0,0.0,16.0,0.0,9.0
LIVE_BELIEF,FAILURE_THRESHOLD,Q04_DELAY1,RESTRICTION_CHANGE,HIGH,4,COMPACT_TYPED,12,0.0,1.0,7.0,5.0,0.0,1.0,5.0,0.0,0.0,0.0,45.0,5.0,0.0,0.0,8.0,0.0,5.0
LIVE_BELIEF,FAILURE_THRESHOLD,Q04_DELAY1,RESTRICTION_CHANGE,HIGH,4,VERBOSE_TYPED,12,0.0,1.0,7.0,5.0,0.0,1.0,5.0,0.0,0.0,0.0,48.0,5.0,0.0,0.0,8.0,0.0,5.0
LIVE_BELIEF,FAILURE_THRESHOLD,Q04_DELAY1,RESTRICTION_CHANGE,HIGH,8,COMPACT_TYPED,12,0.0,3.0,9.0,7.0,0.0,1.0,7.0,0.0,0.0,0.0,61.0,7.0,0.0,0.0,12.0,0.0,7.0
LIVE_BELIEF,FAILURE_THRESHOLD,Q04_DELAY1,RESTRICTION_CHANGE,HIGH,8,VERBOSE_TYPED,12,0.0,3.0,9.0,7.0,0.0,1.0,7.0,0.0,0.0,0.0,64.0,7.0,0.0,0.0,12.0,0.0,7.0
LIVE_BELIEF,FAILURE_THRESHOLD,Q04_DELAY1,RESTRICTION_CHANGE,HIGH,12,COMPACT_TYPED,12,0.0,5.0,11.0,9.0,0.0,1.0,9.0,0.0,0.0,0.0,77.0,9.0,0.0,0.0,16.0,0.0,9.0
LIVE_BELIEF,FAILURE_THRESHOLD,Q04_DELAY1,RESTRICTION_CHANGE,HIGH,12,VERBOSE_TYPED,12,0.0,5.0,11.0,9.0,0.0,1.0,9.0,0.0,0.0,0.0,80.0,9.0,0.0,0.0,16.0,0.0,9.0
LIVE_BELIEF,FAILURE_THRESHOLD,Q04_DELAY1,RESTRICTION_CHANGE,LOW,4,COMPACT_TYPED,12,0.0,1.0,7.0,5.0,0.0,1.0,5.0,0.0,0.0,0.0,45.0,5.0,0.0,0.0,8.0,0.0,5.0
LIVE_BELIEF,FAILURE_THRESHOLD,Q04_DELAY1,RESTRICTION_CHANGE,LOW,4,VERBOSE_TYPED,12,0.0,1.0,7.0,5.0,0.0,1.0,5.0,0.0,0.0,0.0,48.0,5.0,0.0,0.0,8.0,0.0,5.0
LIVE_BELIEF,FAILURE_THRESHOLD,Q04_DELAY1,RESTRICTION_CHANGE,LOW,8,COMPACT_TYPED,12,0.0,3.0,9.0,7.0,0.0,1.0,7.0,0.0,0.0,0.0,61.0,7.0,0.0,0.0,12.0,0.0,7.0
LIVE_BELIEF,FAILURE_THRESHOLD,Q04_DELAY1,RESTRICTION_CHANGE,LOW,8,VERBOSE_TYPED,12,0.0,3.0,9.0,7.0,0.0,1.0,7.0,0.0,0.0,0.0,64.0,7.0,0.0,0.0,12.0,0.0,7.0
LIVE_BELIEF,FAILURE_THRESHOLD,Q04_DELAY1,RESTRICTION_CHANGE,LOW,12,COMPACT_TYPED,12,0.0,5.0,11.0,9.0,0.0,1.0,9.0,0.0,0.0,0.0,77.0,9.0,0.0,0.0,16.0,0.0,9.0
LIVE_BELIEF,FAILURE_THRESHOLD,Q04_DELAY1,RESTRICTION_CHANGE,LOW,12,VERBOSE_TYPED,12,0.0,5.0,11.0,9.0,0.0,1.0,9.0,0.0,0.0,0.0,80.0,9.0,0.0,0.0,16.0,0.0,9.0
LIVE_BELIEF,FAILURE_THRESHOLD,Q05_DELAY3,AVAILABILITY_LOSS,HIGH,4,COMPACT_TYPED,12,1.0,5.0,3.0,2.0,0.0,1.0,1.0,1.0,0.0,0.0,20.0,2.0,1.0,167.0,3.0,0.0,2.0
LIVE_BELIEF,FAILURE_THRESHOLD,Q05_DELAY3,AVAILABILITY_LOSS,HIGH,4,VERBOSE_TYPED,12,1.0,5.0,3.0,2.0,0.0,1.0,1.0,1.0,0.0,0.0,23.0,2.0,1.0,168.0,3.0,0.0,2.0
LIVE_BELIEF,FAILURE_THRESHOLD,Q05_DELAY3,AVAILABILITY_LOSS,HIGH,8,COMPACT_TYPED,12,1.0,9.0,3.0,2.0,0.0,1.0,1.0,1.0,0.0,0.0,20.0,2.0,1.0,167.0,5.0,0.0,2.0
LIVE_BELIEF,FAILURE_THRESHOLD,Q05_DELAY3,AVAILABILITY_LOSS,HIGH,8,VERBOSE_TYPED,12,1.0,9.0,3.0,2.0,0.0,1.0,1.0,1.0,0.0,0.0,23.0,2.0,1.0,168.0,5.0,0.0,2.0
LIVE_BELIEF,FAILURE_THRESHOLD,Q05_DELAY3,AVAILABILITY_LOSS,HIGH,12,COMPACT_TYPED,12,1.0,13.0,3.0,2.0,0.0,1.0,1.0,1.0,0.0,0.0,20.0,2.0,1.0,167.0,7.0,0.0,2.0
LIVE_BELIEF,FAILURE_THRESHOLD,Q05_DELAY3,AVAILABILITY_LOSS,HIGH,12,VERBOSE_TYPED,12,1.0,13.0,3.0,2.0,0.0,1.0,1.0,1.0,0.0,0.0,23.0,2.0,1.0,168.0,7.0,0.0,2.0
LIVE_BELIEF,FAILURE_THRESHOLD,Q05_DELAY3,AVAILABILITY_LOSS,LOW,4,COMPACT_TYPED,12,1.0,5.0,3.0,2.0,0.0,1.0,1.0,1.0,0.0,0.0,20.0,2.0,1.0,167.0,3.0,0.0,2.0
LIVE_BELIEF,FAILURE_THRESHOLD,Q05_DELAY3,AVAILABILITY_LOSS,LOW,4,VERBOSE_TYPED,12,1.0,5.0,3.0,2.0,0.0,1.0,1.0,1.0,0.0,0.0,23.0,2.0,1.0,168.0,3.0,0.0,2.0
LIVE_BELIEF,FAILURE_THRESHOLD,Q05_DELAY3,AVAILABILITY_LOSS,LOW,8,COMPACT_TYPED,12,1.0,9.0,3.0,2.0,0.0,1.0,1.0,1.0,0.0,0.0,20.0,2.0,1.0,167.0,5.0,0.0,2.0
LIVE_BELIEF,FAILURE_THRESHOLD,Q05_DELAY3,AVAILABILITY_LOSS,LOW,8,VERBOSE_TYPED,12,1.0,9.0,3.0,2.0,0.0,1.0,1.0,1.0,0.0,0.0,23.0,2.0,1.0,168.0,5.0,0.0,2.0
LIVE_BELIEF,FAILURE_THRESHOLD,Q05_DELAY3,AVAILABILITY_LOSS,LOW,12,COMPACT_TYPED,12,1.0,13.0,3.0,2.0,0.0,1.0,1.0,1.0,0.0,0.0,20.0,2.0,1.0,167.0,7.0,0.0,2.0
LIVE_BELIEF,FAILURE_THRESHOLD,Q05_DELAY3,AVAILABILITY_LOSS,LOW,12,VERBOSE_TYPED,12,1.0,13.0,3.0,2.0,0.0,1.0,1.0,1.0,0.0,0.0,23.0,2.0,1.0,168.0,7.0,0.0,2.0
LIVE_BELIEF,FAILURE_THRESHOLD,Q05_DELAY3,CONTROL_FAILURE,HIGH,4,COMPACT_TYPED,12,1.0,5.0,3.0,2.0,0.0,1.0,2.0,0.0,0.0,0.0,20.0,2.0,1.0,166.0,3.0,0.0,2.0
LIVE_BELIEF,FAILURE_THRESHOLD,Q05_DELAY3,CONTROL_FAILURE,HIGH,4,VERBOSE_TYPED,12,1.0,5.0,3.0,2.0,0.0,1.0,2.0,0.0,0.0,0.0,23.0,2.0,1.0,167.0,3.0,0.0,2.0
LIVE_BELIEF,FAILURE_THRESHOLD,Q05_DELAY3,CONTROL_FAILURE,HIGH,8,COMPACT_TYPED,12,1.0,9.0,3.0,2.0,0.0,1.0,2.0,0.0,0.0,0.0,20.0,2.0,1.0,166.0,5.0,0.0,2.0
LIVE_BELIEF,FAILURE_THRESHOLD,Q05_DELAY3,CONTROL_FAILURE,HIGH,8,VERBOSE_TYPED,12,1.0,9.0,3.0,2.0,0.0,1.0,2.0,0.0,0.0,0.0,23.0,2.0,1.0,167.0,5.0,0.0,2.0
LIVE_BELIEF,FAILURE_THRESHOLD,Q05_DELAY3,CONTROL_FAILURE,HIGH,12,COMPACT_TYPED,12,1.0,13.0,3.0,2.0,0.0,1.0,2.0,0.0,0.0,0.0,20.0,2.0,1.0,166.0,7.0,0.0,2.0
LIVE_BELIEF,FAILURE_THRESHOLD,Q05_DELAY3,CONTROL_FAILURE,HIGH,12,VERBOSE_TYPED,12,1.0,13.0,3.0,2.0,0.0,1.0,2.0,0.0,0.0,0.0,23.0,2.0,1.0,167.0,7.0,0.0,2.0
LIVE_BELIEF,FAILURE_THRESHOLD,Q05_DELAY3,CONTROL_FAILURE,LOW,4,COMPACT_TYPED,12,1.0,6.0,2.0,1.0,0.0,1.0,1.0,0.0,0.0,0.0,11.0,1.0,0.0,0.0,8.0,0.0,1.0
LIVE_BELIEF,FAILURE_THRESHOLD,Q05_DELAY3,CONTROL_FAILURE,LOW,4,VERBOSE_TYPED,12,1.0,6.0,2.0,1.0,0.0,1.0,1.0,0.0,0.0,0.0,14.0,1.0,0.0,0.0,8.0,0.0,1.0
LIVE_BELIEF,FAILURE_THRESHOLD,Q05_DELAY3,CONTROL_FAILURE,LOW,8,COMPACT_TYPED,12,1.0,10.0,2.0,1.0,0.0,1.0,1.0,0.0,0.0,0.0,11.0,1.0,0.0,0.0,12.0,0.0,1.0
LIVE_BELIEF,FAILURE_THRESHOLD,Q05_DELAY3,CONTROL_FAILURE,LOW,8,VERBOSE_TYPED,12,1.0,10.0,2.0,1.0,0.0,1.0,1.0,0.0,0.0,0.0,14.0,1.0,0.0,0.0,12.0,0.0,1.0
LIVE_BELIEF,FAILURE_THRESHOLD,Q05_DELAY3,CONTROL_FAILURE,LOW,12,COMPACT_TYPED,12,1.0,14.0,2.0,1.0,0.0,1.0,1.0,0.0,0.0,0.0,11.0,1.0,0.0,0.0,16.0,0.0,1.0
LIVE_BELIEF,FAILURE_THRESHOLD,Q05_DELAY3,CONTROL_FAILURE,LOW,12,VERBOSE_TYPED,12,1.0,14.0,2.0,1.0,0.0,1.0,1.0,0.0,0.0,0.0,14.0,1.0,0.0,0.0,16.0,0.0,1.0
LIVE_BELIEF,FAILURE_THRESHOLD,Q05_DELAY3,POSE_SHIFT,HIGH,4,COMPACT_TYPED,12,1.0,5.0,3.0,2.0,0.0,1.0,1.0,0.0,0.0,0.0,20.0,2.0,1.0,161.0,3.0,0.0,2.0
LIVE_BELIEF,FAILURE_THRESHOLD,Q05_DELAY3,POSE_SHIFT,HIGH,4,VERBOSE_TYPED,12,1.0,5.0,3.0,2.0,0.0,1.0,1.0,0.0,0.0,0.0,23.0,2.0,1.0,162.0,3.0,0.0,2.0
LIVE_BELIEF,FAILURE_THRESHOLD,Q05_DELAY3,POSE_SHIFT,HIGH,8,COMPACT_TYPED,12,1.0,9.0,3.0,2.0,0.0,1.0,1.0,0.0,0.0,0.0,20.0,2.0,1.0,161.0,5.0,0.0,2.0
LIVE_BELIEF,FAILURE_THRESHOLD,Q05_DELAY3,POSE_SHIFT,HIGH,8,VERBOSE_TYPED,12,1.0,9.0,3.0,2.0,0.0,1.0,1.0,0.0,0.0,0.0,23.0,2.0,1.0,162.0,5.0,0.0,2.0
LIVE_BELIEF,FAILURE_THRESHOLD,Q05_DELAY3,POSE_SHIFT,HIGH,12,COMPACT_TYPED,12,1.0,13.0,3.0,2.0,0.0,1.0,1.0,0.0,0.0,0.0,20.0,2.0,1.0,161.0,7.0,0.0,2.0
LIVE_BELIEF,FAILURE_THRESHOLD,Q05_DELAY3,POSE_SHIFT,HIGH,12,VERBOSE_TYPED,12,1.0,13.0,3.0,2.0,0.0,1.0,1.0,0.0,0.0,0.0,23.0,2.0,1.0,162.0,7.0,0.0,2.0
LIVE_BELIEF,FAILURE_THRESHOLD,Q05_DELAY3,POSE_SHIFT,LOW,4,COMPACT_TYPED,12,1.0,5.0,3.0,2.0,0.0,1.0,1.0,0.0,0.0,0.0,20.0,2.0,1.0,161.0,3.0,0.0,2.0
LIVE_BELIEF,FAILURE_THRESHOLD,Q05_DELAY3,POSE_SHIFT,LOW,4,VERBOSE_TYPED,12,1.0,5.0,3.0,2.0,0.0,1.0,1.0,0.0,0.0,0.0,23.0,2.0,1.0,162.0,3.0,0.0,2.0
LIVE_BELIEF,FAILURE_THRESHOLD,Q05_DELAY3,POSE_SHIFT,LOW,8,COMPACT_TYPED,12,1.0,9.0,3.0,2.0,0.0,1.0,1.0,0.0,0.0,0.0,20.0,2.0,1.0,161.0,5.0,0.0,2.0
LIVE_BELIEF,FAILURE_THRESHOLD,Q05_DELAY3,POSE_SHIFT,LOW,8,VERBOSE_TYPED,12,1.0,9.0,3.0,2.0,0.0,1.0,1.0,0.0,0.0,0.0,23.0,2.0,1.0,162.0,5.0,0.0,2.0
LIVE_BELIEF,FAILURE_THRESHOLD,Q05_DELAY3,POSE_SHIFT,LOW,12,COMPACT_TYPED,12,1.0,13.0,3.0,2.0,0.0,1.0,1.0,0.0,0.0,0.0,20.0,2.0,1.0,161.0,7.0,0.0,2.0
LIVE_BELIEF,FAILURE_THRESHOLD,Q05_DELAY3,POSE_SHIFT,LOW,12,VERBOSE_TYPED,12,1.0,13.0,3.0,2.0,0.0,1.0,1.0,0.0,0.0,0.0,23.0,2.0,1.0,162.0,7.0,0.0,2.0
LIVE_BELIEF,FAILURE_THRESHOLD,Q05_DELAY3,RESTRICTION_CHANGE,HIGH,4,COMPACT_TYPED,12,1.0,5.0,3.0,2.0,0.0,1.0,1.0,1.0,0.0,0.0,20.0,2.0,1.0,164.0,3.0,0.0,2.0
LIVE_BELIEF,FAILURE_THRESHOLD,Q05_DELAY3,RESTRICTION_CHANGE,HIGH,4,VERBOSE_TYPED,12,1.0,5.0,3.0,2.0,0.0,1.0,1.0,1.0,0.0,0.0,23.0,2.0,1.0,165.0,3.0,0.0,2.0
LIVE_BELIEF,FAILURE_THRESHOLD,Q05_DELAY3,RESTRICTION_CHANGE,HIGH,8,COMPACT_TYPED,12,1.0,9.0,3.0,2.0,0.0,1.0,1.0,1.0,0.0,0.0,20.0,2.0,1.0,164.0,5.0,0.0,2.0
LIVE_BELIEF,FAILURE_THRESHOLD,Q05_DELAY3,RESTRICTION_CHANGE,HIGH,8,VERBOSE_TYPED,12,1.0,9.0,3.0,2.0,0.0,1.0,1.0,1.0,0.0,0.0,23.0,2.0,1.0,165.0,5.0,0.0,2.0
LIVE_BELIEF,FAILURE_THRESHOLD,Q05_DELAY3,RESTRICTION_CHANGE,HIGH,12,COMPACT_TYPED,12,1.0,13.0,3.0,2.0,0.0,1.0,1.0,1.0,0.0,0.0,20.0,2.0,1.0,164.0,7.0,0.0,2.0
LIVE_BELIEF,FAILURE_THRESHOLD,Q05_DELAY3,RESTRICTION_CHANGE,HIGH,12,VERBOSE_TYPED,12,1.0,13.0,3.0,2.0,0.0,1.0,1.0,1.0,0.0,0.0,23.0,2.0,1.0,165.0,7.0,0.0,2.0
LIVE_BELIEF,FAILURE_THRESHOLD,Q05_DELAY3,RESTRICTION_CHANGE,LOW,4,COMPACT_TYPED,12,1.0,5.0,3.0,2.0,0.0,1.0,1.0,1.0,0.0,0.0,20.0,2.0,1.0,164.0,3.0,0.0,2.0
LIVE_BELIEF,FAILURE_THRESHOLD,Q05_DELAY3,RESTRICTION_CHANGE,LOW,4,VERBOSE_TYPED,12,1.0,5.0,3.0,2.0,0.0,1.0,1.0,1.0,0.0,0.0,23.0,2.0,1.0,165.0,3.0,0.0,2.0
LIVE_BELIEF,FAILURE_THRESHOLD,Q05_DELAY3,RESTRICTION_CHANGE,LOW,8,COMPACT_TYPED,12,1.0,9.0,3.0,2.0,0.0,1.0,1.0,1.0,0.0,0.0,20.0,2.0,1.0,164.0,5.0,0.0,2.0
LIVE_BELIEF,FAILURE_THRESHOLD,Q05_DELAY3,RESTRICTION_CHANGE,LOW,8,VERBOSE_TYPED,12,1.0,9.0,3.0,2.0,0.0,1.0,1.0,1.0,0.0,0.0,23.0,2.0,1.0,165.0,5.0,0.0,2.0
LIVE_BELIEF,FAILURE_THRESHOLD,Q05_DELAY3,RESTRICTION_CHANGE,LOW,12,COMPACT_TYPED,12,1.0,13.0,3.0,2.0,0.0,1.0,1.0,1.0,0.0,0.0,20.0,2.0,1.0,164.0,7.0,0.0,2.0
LIVE_BELIEF,FAILURE_THRESHOLD,Q05_DELAY3,RESTRICTION_CHANGE,LOW,12,VERBOSE_TYPED,12,1.0,13.0,3.0,2.0,0.0,1.0,1.0,1.0,0.0,0.0,23.0,2.0,1.0,165.0,7.0,0.0,2.0
LIVE_BELIEF,FAILURE_THRESHOLD,Q06_FALSE3,AVAILABILITY_LOSS,HIGH,4,COMPACT_TYPED,12,0.0,1.0,7.0,5.0,0.0,1.0,5.0,0.0,0.0,0.0,48.0,5.0,0.0,0.0,8.0,0.0,5.0
LIVE_BELIEF,FAILURE_THRESHOLD,Q06_FALSE3,AVAILABILITY_LOSS,HIGH,4,VERBOSE_TYPED,12,0.0,1.0,7.0,5.0,0.0,1.0,5.0,0.0,0.0,0.0,60.0,5.0,0.0,0.0,8.0,0.0,5.0
LIVE_BELIEF,FAILURE_THRESHOLD,Q06_FALSE3,AVAILABILITY_LOSS,HIGH,8,COMPACT_TYPED,12,0.0,3.0,9.0,7.0,0.0,1.0,7.0,0.0,0.0,0.0,64.0,7.0,0.0,0.0,12.0,0.0,7.0
LIVE_BELIEF,FAILURE_THRESHOLD,Q06_FALSE3,AVAILABILITY_LOSS,HIGH,8,VERBOSE_TYPED,12,0.0,3.0,9.0,7.0,0.0,1.0,7.0,0.0,0.0,0.0,76.0,7.0,0.0,0.0,12.0,0.0,7.0
LIVE_BELIEF,FAILURE_THRESHOLD,Q06_FALSE3,AVAILABILITY_LOSS,HIGH,12,COMPACT_TYPED,12,0.0,5.0,11.0,9.0,0.0,1.0,9.0,0.0,0.0,0.0,80.0,9.0,0.0,0.0,16.0,0.0,9.0
LIVE_BELIEF,FAILURE_THRESHOLD,Q06_FALSE3,AVAILABILITY_LOSS,HIGH,12,VERBOSE_TYPED,12,0.0,5.0,11.0,9.0,0.0,1.0,9.0,0.0,0.0,0.0,92.0,9.0,0.0,0.0,16.0,0.0,9.0
LIVE_BELIEF,FAILURE_THRESHOLD,Q06_FALSE3,AVAILABILITY_LOSS,LOW,4,COMPACT_TYPED,12,0.0,1.0,7.0,5.0,0.0,1.0,5.0,0.0,0.0,0.0,48.0,5.0,0.0,0.0,8.0,0.0,5.0
LIVE_BELIEF,FAILURE_THRESHOLD,Q06_FALSE3,AVAILABILITY_LOSS,LOW,4,VERBOSE_TYPED,12,0.0,1.0,7.0,5.0,0.0,1.0,5.0,0.0,0.0,0.0,60.0,5.0,0.0,0.0,8.0,0.0,5.0
LIVE_BELIEF,FAILURE_THRESHOLD,Q06_FALSE3,AVAILABILITY_LOSS,LOW,8,COMPACT_TYPED,12,0.0,3.0,9.0,7.0,0.0,1.0,7.0,0.0,0.0,0.0,64.0,7.0,0.0,0.0,12.0,0.0,7.0
LIVE_BELIEF,FAILURE_THRESHOLD,Q06_FALSE3,AVAILABILITY_LOSS,LOW,8,VERBOSE_TYPED,12,0.0,3.0,9.0,7.0,0.0,1.0,7.0,0.0,0.0,0.0,76.0,7.0,0.0,0.0,12.0,0.0,7.0
LIVE_BELIEF,FAILURE_THRESHOLD,Q06_FALSE3,AVAILABILITY_LOSS,LOW,12,COMPACT_TYPED,12,0.0,5.0,11.0,9.0,0.0,1.0,9.0,0.0,0.0,0.0,80.0,9.0,0.0,0.0,16.0,0.0,9.0
LIVE_BELIEF,FAILURE_THRESHOLD,Q06_FALSE3,AVAILABILITY_LOSS,LOW,12,VERBOSE_TYPED,12,0.0,5.0,11.0,9.0,0.0,1.0,9.0,0.0,0.0,0.0,92.0,9.0,0.0,0.0,16.0,0.0,9.0
LIVE_BELIEF,FAILURE_THRESHOLD,Q06_FALSE3,CONTROL_FAILURE,HIGH,4,COMPACT_TYPED,12,1.0,5.0,3.0,2.0,0.0,1.0,2.0,0.0,0.0,0.0,22.0,2.0,0.0,0.0,8.0,0.0,2.0
LIVE_BELIEF,FAILURE_THRESHOLD,Q06_FALSE3,CONTROL_FAILURE,HIGH,4,VERBOSE_TYPED,12,1.0,5.0,3.0,2.0,0.0,1.0,2.0,0.0,0.0,0.0,34.0,2.0,0.0,0.0,8.0,0.0,2.0
LIVE_BELIEF,FAILURE_THRESHOLD,Q06_FALSE3,CONTROL_FAILURE,HIGH,8,COMPACT_TYPED,12,1.0,9.0,3.0,2.0,0.0,1.0,2.0,0.0,0.0,0.0,22.0,2.0,0.0,0.0,12.0,0.0,2.0
LIVE_BELIEF,FAILURE_THRESHOLD,Q06_FALSE3,CONTROL_FAILURE,HIGH,8,VERBOSE_TYPED,12,1.0,9.0,3.0,2.0,0.0,1.0,2.0,0.0,0.0,0.0,34.0,2.0,0.0,0.0,12.0,0.0,2.0
LIVE_BELIEF,FAILURE_THRESHOLD,Q06_FALSE3,CONTROL_FAILURE,HIGH,12,COMPACT_TYPED,12,1.0,13.0,3.0,2.0,0.0,1.0,2.0,0.0,0.0,0.0,22.0,2.0,0.0,0.0,16.0,0.0,2.0
LIVE_BELIEF,FAILURE_THRESHOLD,Q06_FALSE3,CONTROL_FAILURE,HIGH,12,VERBOSE_TYPED,12,1.0,13.0,3.0,2.0,0.0,1.0,2.0,0.0,0.0,0.0,34.0,2.0,0.0,0.0,16.0,0.0,2.0
LIVE_BELIEF,FAILURE_THRESHOLD,Q06_FALSE3,CONTROL_FAILURE,LOW,4,COMPACT_TYPED,12,1.0,6.0,2.0,1.0,0.0,1.0,1.0,0.0,0.0,0.0,14.0,1.0,0.0,0.0,8.0,0.0,1.0
LIVE_BELIEF,FAILURE_THRESHOLD,Q06_FALSE3,CONTROL_FAILURE,LOW,4,VERBOSE_TYPED,12,1.0,6.0,2.0,1.0,0.0,1.0,1.0,0.0,0.0,0.0,26.0,1.0,0.0,0.0,8.0,0.0,1.0
LIVE_BELIEF,FAILURE_THRESHOLD,Q06_FALSE3,CONTROL_FAILURE,LOW,8,COMPACT_TYPED,12,1.0,10.0,2.0,1.0,0.0,1.0,1.0,0.0,0.0,0.0,14.0,1.0,0.0,0.0,12.0,0.0,1.0
LIVE_BELIEF,FAILURE_THRESHOLD,Q06_FALSE3,CONTROL_FAILURE,LOW,8,VERBOSE_TYPED,12,1.0,10.0,2.0,1.0,0.0,1.0,1.0,0.0,0.0,0.0,26.0,1.0,0.0,0.0,12.0,0.0,1.0
LIVE_BELIEF,FAILURE_THRESHOLD,Q06_FALSE3,CONTROL_FAILURE,LOW,12,COMPACT_TYPED,12,1.0,14.0,2.0,1.0,0.0,1.0,1.0,0.0,0.0,0.0,14.0,1.0,0.0,0.0,16.0,0.0,1.0
LIVE_BELIEF,FAILURE_THRESHOLD,Q06_FALSE3,CONTROL_FAILURE,LOW,12,VERBOSE_TYPED,12,1.0,14.0,2.0,1.0,0.0,1.0,1.0,0.0,0.0,0.0,26.0,1.0,0.0,0.0,16.0,0.0,1.0
LIVE_BELIEF,FAILURE_THRESHOLD,Q06_FALSE3,POSE_SHIFT,HIGH,4,COMPACT_TYPED,12,0.0,1.0,7.0,5.0,0.0,1.0,5.0,0.0,0.0,0.0,48.0,5.0,0.0,0.0,8.0,0.0,5.0
LIVE_BELIEF,FAILURE_THRESHOLD,Q06_FALSE3,POSE_SHIFT,HIGH,4,VERBOSE_TYPED,12,0.0,1.0,7.0,5.0,0.0,1.0,5.0,0.0,0.0,0.0,60.0,5.0,0.0,0.0,8.0,0.0,5.0
LIVE_BELIEF,FAILURE_THRESHOLD,Q06_FALSE3,POSE_SHIFT,HIGH,8,COMPACT_TYPED,12,0.0,3.0,9.0,7.0,0.0,1.0,7.0,0.0,0.0,0.0,64.0,7.0,0.0,0.0,12.0,0.0,7.0
LIVE_BELIEF,FAILURE_THRESHOLD,Q06_FALSE3,POSE_SHIFT,HIGH,8,VERBOSE_TYPED,12,0.0,3.0,9.0,7.0,0.0,1.0,7.0,0.0,0.0,0.0,76.0,7.0,0.0,0.0,12.0,0.0,7.0
LIVE_BELIEF,FAILURE_THRESHOLD,Q06_FALSE3,POSE_SHIFT,HIGH,12,COMPACT_TYPED,12,0.0,5.0,11.0,9.0,0.0,1.0,9.0,0.0,0.0,0.0,80.0,9.0,0.0,0.0,16.0,0.0,9.0
LIVE_BELIEF,FAILURE_THRESHOLD,Q06_FALSE3,POSE_SHIFT,HIGH,12,VERBOSE_TYPED,12,0.0,5.0,11.0,9.0,0.0,1.0,9.0,0.0,0.0,0.0,92.0,9.0,0.0,0.0,16.0,0.0,9.0
LIVE_BELIEF,FAILURE_THRESHOLD,Q06_FALSE3,POSE_SHIFT,LOW,4,COMPACT_TYPED,12,0.0,1.0,7.0,5.0,0.0,1.0,5.0,0.0,0.0,0.0,48.0,5.0,0.0,0.0,8.0,0.0,5.0
LIVE_BELIEF,FAILURE_THRESHOLD,Q06_FALSE3,POSE_SHIFT,LOW,4,VERBOSE_TYPED,12,0.0,1.0,7.0,5.0,0.0,1.0,5.0,0.0,0.0,0.0,60.0,5.0,0.0,0.0,8.0,0.0,5.0
LIVE_BELIEF,FAILURE_THRESHOLD,Q06_FALSE3,POSE_SHIFT,LOW,8,COMPACT_TYPED,12,0.0,3.0,9.0,7.0,0.0,1.0,7.0,0.0,0.0,0.0,64.0,7.0,0.0,0.0,12.0,0.0,7.0
LIVE_BELIEF,FAILURE_THRESHOLD,Q06_FALSE3,POSE_SHIFT,LOW,8,VERBOSE_TYPED,12,0.0,3.0,9.0,7.0,0.0,1.0,7.0,0.0,0.0,0.0,76.0,7.0,0.0,0.0,12.0,0.0,7.0
LIVE_BELIEF,FAILURE_THRESHOLD,Q06_FALSE3,POSE_SHIFT,LOW,12,COMPACT_TYPED,12,0.0,5.0,11.0,9.0,0.0,1.0,9.0,0.0,0.0,0.0,80.0,9.0,0.0,0.0,16.0,0.0,9.0
LIVE_BELIEF,FAILURE_THRESHOLD,Q06_FALSE3,POSE_SHIFT,LOW,12,VERBOSE_TYPED,12,0.0,5.0,11.0,9.0,0.0,1.0,9.0,0.0,0.0,0.0,92.0,9.0,0.0,0.0,16.0,0.0,9.0
LIVE_BELIEF,FAILURE_THRESHOLD,Q06_FALSE3,RESTRICTION_CHANGE,HIGH,4,COMPACT_TYPED,12,0.0,1.0,7.0,5.0,0.0,1.0,5.0,0.0,0.0,0.0,48.0,5.0,0.0,0.0,8.0,0.0,5.0
LIVE_BELIEF,FAILURE_THRESHOLD,Q06_FALSE3,RESTRICTION_CHANGE,HIGH,4,VERBOSE_TYPED,12,0.0,1.0,7.0,5.0,0.0,1.0,5.0,0.0,0.0,0.0,60.0,5.0,0.0,0.0,8.0,0.0,5.0
LIVE_BELIEF,FAILURE_THRESHOLD,Q06_FALSE3,RESTRICTION_CHANGE,HIGH,8,COMPACT_TYPED,12,0.0,3.0,9.0,7.0,0.0,1.0,7.0,0.0,0.0,0.0,64.0,7.0,0.0,0.0,12.0,0.0,7.0
LIVE_BELIEF,FAILURE_THRESHOLD,Q06_FALSE3,RESTRICTION_CHANGE,HIGH,8,VERBOSE_TYPED,12,0.0,3.0,9.0,7.0,0.0,1.0,7.0,0.0,0.0,0.0,76.0,7.0,0.0,0.0,12.0,0.0,7.0
LIVE_BELIEF,FAILURE_THRESHOLD,Q06_FALSE3,RESTRICTION_CHANGE,HIGH,12,COMPACT_TYPED,12,0.0,5.0,11.0,9.0,0.0,1.0,9.0,0.0,0.0,0.0,80.0,9.0,0.0,0.0,16.0,0.0,9.0
LIVE_BELIEF,FAILURE_THRESHOLD,Q06_FALSE3,RESTRICTION_CHANGE,HIGH,12,VERBOSE_TYPED,12,0.0,5.0,11.0,9.0,0.0,1.0,9.0,0.0,0.0,0.0,92.0,9.0,0.0,0.0,16.0,0.0,9.0
LIVE_BELIEF,FAILURE_THRESHOLD,Q06_FALSE3,RESTRICTION_CHANGE,LOW,4,COMPACT_TYPED,12,0.0,1.0,7.0,5.0,0.0,1.0,5.0,0.0,0.0,0.0,48.0,5.0,0.0,0.0,8.0,0.0,5.0
LIVE_BELIEF,FAILURE_THRESHOLD,Q06_FALSE3,RESTRICTION_CHANGE,LOW,4,VERBOSE_TYPED,12,0.0,1.0,7.0,5.0,0.0,1.0,5.0,0.0,0.0,0.0,60.0,5.0,0.0,0.0,8.0,0.0,5.0
LIVE_BELIEF,FAILURE_THRESHOLD,Q06_FALSE3,RESTRICTION_CHANGE,LOW,8,COMPACT_TYPED,12,0.0,3.0,9.0,7.0,0.0,1.0,7.0,0.0,0.0,0.0,64.0,7.0,0.0,0.0,12.0,0.0,7.0
LIVE_BELIEF,FAILURE_THRESHOLD,Q06_FALSE3,RESTRICTION_CHANGE,LOW,8,VERBOSE_TYPED,12,0.0,3.0,9.0,7.0,0.0,1.0,7.0,0.0,0.0,0.0,76.0,7.0,0.0,0.0,12.0,0.0,7.0
LIVE_BELIEF,FAILURE_THRESHOLD,Q06_FALSE3,RESTRICTION_CHANGE,LOW,12,COMPACT_TYPED,12,0.0,5.0,11.0,9.0,0.0,1.0,9.0,0.0,0.0,0.0,80.0,9.0,0.0,0.0,16.0,0.0,9.0
LIVE_BELIEF,FAILURE_THRESHOLD,Q06_FALSE3,RESTRICTION_CHANGE,LOW,12,VERBOSE_TYPED,12,0.0,5.0,11.0,9.0,0.0,1.0,9.0,0.0,0.0,0.0,92.0,9.0,0.0,0.0,16.0,0.0,9.0
LIVE_BELIEF,FAILURE_THRESHOLD,Q07_DUP_OOO,AVAILABILITY_LOSS,HIGH,4,COMPACT_TYPED,12,1.0,6.0,2.0,1.0,0.0,1.0,0.0,1.0,0.0,0.0,14.0,1.0,1.0,167.0,4.0,0.0,1.0
LIVE_BELIEF,FAILURE_THRESHOLD,Q07_DUP_OOO,AVAILABILITY_LOSS,HIGH,4,VERBOSE_TYPED,12,1.0,6.0,2.0,1.0,0.0,1.0,0.0,1.0,0.0,0.0,23.0,1.0,1.0,168.0,4.0,0.0,1.0
LIVE_BELIEF,FAILURE_THRESHOLD,Q07_DUP_OOO,AVAILABILITY_LOSS,HIGH,8,COMPACT_TYPED,12,1.0,10.0,2.0,1.0,0.0,1.0,0.0,1.0,0.0,0.0,14.0,1.0,1.0,167.0,6.0,0.0,1.0
LIVE_BELIEF,FAILURE_THRESHOLD,Q07_DUP_OOO,AVAILABILITY_LOSS,HIGH,8,VERBOSE_TYPED,12,1.0,10.0,2.0,1.0,0.0,1.0,0.0,1.0,0.0,0.0,23.0,1.0,1.0,168.0,6.0,0.0,1.0
LIVE_BELIEF,FAILURE_THRESHOLD,Q07_DUP_OOO,AVAILABILITY_LOSS,HIGH,12,COMPACT_TYPED,12,1.0,14.0,2.0,1.0,0.0,1.0,0.0,1.0,0.0,0.0,14.0,1.0,1.0,167.0,8.0,0.0,1.0
LIVE_BELIEF,FAILURE_THRESHOLD,Q07_DUP_OOO,AVAILABILITY_LOSS,HIGH,12,VERBOSE_TYPED,12,1.0,14.0,2.0,1.0,0.0,1.0,0.0,1.0,0.0,0.0,23.0,1.0,1.0,168.0,8.0,0.0,1.0
LIVE_BELIEF,FAILURE_THRESHOLD,Q07_DUP_OOO,AVAILABILITY_LOSS,LOW,4,COMPACT_TYPED,12,1.0,6.0,2.0,1.0,0.0,1.0,0.0,1.0,0.0,0.0,14.0,1.0,1.0,167.0,4.0,0.0,1.0
LIVE_BELIEF,FAILURE_THRESHOLD,Q07_DUP_OOO,AVAILABILITY_LOSS,LOW,4,VERBOSE_TYPED,12,1.0,6.0,2.0,1.0,0.0,1.0,0.0,1.0,0.0,0.0,23.0,1.0,1.0,168.0,4.0,0.0,1.0
LIVE_BELIEF,FAILURE_THRESHOLD,Q07_DUP_OOO,AVAILABILITY_LOSS,LOW,8,COMPACT_TYPED,12,1.0,10.0,2.0,1.0,0.0,1.0,0.0,1.0,0.0,0.0,14.0,1.0,1.0,167.0,6.0,0.0,1.0
LIVE_BELIEF,FAILURE_THRESHOLD,Q07_DUP_OOO,AVAILABILITY_LOSS,LOW,8,VERBOSE_TYPED,12,1.0,10.0,2.0,1.0,0.0,1.0,0.0,1.0,0.0,0.0,23.0,1.0,1.0,168.0,6.0,0.0,1.0
LIVE_BELIEF,FAILURE_THRESHOLD,Q07_DUP_OOO,AVAILABILITY_LOSS,LOW,12,COMPACT_TYPED,12,1.0,14.0,2.0,1.0,0.0,1.0,0.0,1.0,0.0,0.0,14.0,1.0,1.0,167.0,8.0,0.0,1.0
LIVE_BELIEF,FAILURE_THRESHOLD,Q07_DUP_OOO,AVAILABILITY_LOSS,LOW,12,VERBOSE_TYPED,12,1.0,14.0,2.0,1.0,0.0,1.0,0.0,1.0,0.0,0.0,23.0,1.0,1.0,168.0,8.0,0.0,1.0
LIVE_BELIEF,FAILURE_THRESHOLD,Q07_DUP_OOO,CONTROL_FAILURE,HIGH,4,COMPACT_TYPED,12,1.0,5.0,3.0,2.0,0.0,1.0,2.0,0.0,0.0,0.0,22.0,2.0,1.0,166.0,4.0,0.0,2.0
LIVE_BELIEF,FAILURE_THRESHOLD,Q07_DUP_OOO,CONTROL_FAILURE,HIGH,4,VERBOSE_TYPED,12,1.0,5.0,3.0,2.0,0.0,1.0,2.0,0.0,0.0,0.0,31.0,2.0,1.0,167.0,4.0,0.0,2.0
LIVE_BELIEF,FAILURE_THRESHOLD,Q07_DUP_OOO,CONTROL_FAILURE,HIGH,8,COMPACT_TYPED,12,1.0,9.0,3.0,2.0,0.0,1.0,2.0,0.0,0.0,0.0,22.0,2.0,1.0,166.0,6.0,0.0,2.0
LIVE_BELIEF,FAILURE_THRESHOLD,Q07_DUP_OOO,CONTROL_FAILURE,HIGH,8,VERBOSE_TYPED,12,1.0,9.0,3.0,2.0,0.0,1.0,2.0,0.0,0.0,0.0,31.0,2.0,1.0,167.0,6.0,0.0,2.0
LIVE_BELIEF,FAILURE_THRESHOLD,Q07_DUP_OOO,CONTROL_FAILURE,HIGH,12,COMPACT_TYPED,12,1.0,13.0,3.0,2.0,0.0,1.0,2.0,0.0,0.0,0.0,22.0,2.0,1.0,166.0,8.0,0.0,2.0
LIVE_BELIEF,FAILURE_THRESHOLD,Q07_DUP_OOO,CONTROL_FAILURE,HIGH,12,VERBOSE_TYPED,12,1.0,13.0,3.0,2.0,0.0,1.0,2.0,0.0,0.0,0.0,31.0,2.0,1.0,167.0,8.0,0.0,2.0
LIVE_BELIEF,FAILURE_THRESHOLD,Q07_DUP_OOO,CONTROL_FAILURE,LOW,4,COMPACT_TYPED,12,1.0,6.0,2.0,1.0,0.0,1.0,1.0,0.0,0.0,0.0,14.0,1.0,1.0,166.0,4.0,0.0,1.0
LIVE_BELIEF,FAILURE_THRESHOLD,Q07_DUP_OOO,CONTROL_FAILURE,LOW,4,VERBOSE_TYPED,12,1.0,6.0,2.0,1.0,0.0,1.0,1.0,0.0,0.0,0.0,23.0,1.0,1.0,167.0,4.0,0.0,1.0
LIVE_BELIEF,FAILURE_THRESHOLD,Q07_DUP_OOO,CONTROL_FAILURE,LOW,8,COMPACT_TYPED,12,1.0,10.0,2.0,1.0,0.0,1.0,1.0,0.0,0.0,0.0,14.0,1.0,1.0,166.0,6.0,0.0,1.0
LIVE_BELIEF,FAILURE_THRESHOLD,Q07_DUP_OOO,CONTROL_FAILURE,LOW,8,VERBOSE_TYPED,12,1.0,10.0,2.0,1.0,0.0,1.0,1.0,0.0,0.0,0.0,23.0,1.0,1.0,167.0,6.0,0.0,1.0
LIVE_BELIEF,FAILURE_THRESHOLD,Q07_DUP_OOO,CONTROL_FAILURE,LOW,12,COMPACT_TYPED,12,1.0,14.0,2.0,1.0,0.0,1.0,1.0,0.0,0.0,0.0,14.0,1.0,1.0,166.0,8.0,0.0,1.0
LIVE_BELIEF,FAILURE_THRESHOLD,Q07_DUP_OOO,CONTROL_FAILURE,LOW,12,VERBOSE_TYPED,12,1.0,14.0,2.0,1.0,0.0,1.0,1.0,0.0,0.0,0.0,23.0,1.0,1.0,167.0,8.0,0.0,1.0
LIVE_BELIEF,FAILURE_THRESHOLD,Q07_DUP_OOO,POSE_SHIFT,HIGH,4,COMPACT_TYPED,12,1.0,6.0,2.0,1.0,0.0,1.0,0.0,0.0,0.0,0.0,14.0,1.0,1.0,161.0,4.0,0.0,1.0
LIVE_BELIEF,FAILURE_THRESHOLD,Q07_DUP_OOO,POSE_SHIFT,HIGH,4,VERBOSE_TYPED,12,1.0,6.0,2.0,1.0,0.0,1.0,0.0,0.0,0.0,0.0,23.0,1.0,1.0,162.0,4.0,0.0,1.0
LIVE_BELIEF,FAILURE_THRESHOLD,Q07_DUP_OOO,POSE_SHIFT,HIGH,8,COMPACT_TYPED,12,1.0,10.0,2.0,1.0,0.0,1.0,0.0,0.0,0.0,0.0,14.0,1.0,1.0,161.0,6.0,0.0,1.0
LIVE_BELIEF,FAILURE_THRESHOLD,Q07_DUP_OOO,POSE_SHIFT,HIGH,8,VERBOSE_TYPED,12,1.0,10.0,2.0,1.0,0.0,1.0,0.0,0.0,0.0,0.0,23.0,1.0,1.0,162.0,6.0,0.0,1.0
LIVE_BELIEF,FAILURE_THRESHOLD,Q07_DUP_OOO,POSE_SHIFT,HIGH,12,COMPACT_TYPED,12,1.0,14.0,2.0,1.0,0.0,1.0,0.0,0.0,0.0,0.0,14.0,1.0,1.0,161.0,8.0,0.0,1.0
LIVE_BELIEF,FAILURE_THRESHOLD,Q07_DUP_OOO,POSE_SHIFT,HIGH,12,VERBOSE_TYPED,12,1.0,14.0,2.0,1.0,0.0,1.0,0.0,0.0,0.0,0.0,23.0,1.0,1.0,162.0,8.0,0.0,1.0
LIVE_BELIEF,FAILURE_THRESHOLD,Q07_DUP_OOO,POSE_SHIFT,LOW,4,COMPACT_TYPED,12,1.0,6.0,2.0,1.0,0.0,1.0,0.0,0.0,0.0,0.0,14.0,1.0,1.0,161.0,4.0,0.0,1.0
LIVE_BELIEF,FAILURE_THRESHOLD,Q07_DUP_OOO,POSE_SHIFT,LOW,4,VERBOSE_TYPED,12,1.0,6.0,2.0,1.0,0.0,1.0,0.0,0.0,0.0,0.0,23.0,1.0,1.0,162.0,4.0,0.0,1.0
LIVE_BELIEF,FAILURE_THRESHOLD,Q07_DUP_OOO,POSE_SHIFT,LOW,8,COMPACT_TYPED,12,1.0,10.0,2.0,1.0,0.0,1.0,0.0,0.0,0.0,0.0,14.0,1.0,1.0,161.0,6.0,0.0,1.0
LIVE_BELIEF,FAILURE_THRESHOLD,Q07_DUP_OOO,POSE_SHIFT,LOW,8,VERBOSE_TYPED,12,1.0,10.0,2.0,1.0,0.0,1.0,0.0,0.0,0.0,0.0,23.0,1.0,1.0,162.0,6.0,0.0,1.0
LIVE_BELIEF,FAILURE_THRESHOLD,Q07_DUP_OOO,POSE_SHIFT,LOW,12,COMPACT_TYPED,12,1.0,14.0,2.0,1.0,0.0,1.0,0.0,0.0,0.0,0.0,14.0,1.0,1.0,161.0,8.0,0.0,1.0
LIVE_BELIEF,FAILURE_THRESHOLD,Q07_DUP_OOO,POSE_SHIFT,LOW,12,VERBOSE_TYPED,12,1.0,14.0,2.0,1.0,0.0,1.0,0.0,0.0,0.0,0.0,23.0,1.0,1.0,162.0,8.0,0.0,1.0
LIVE_BELIEF,FAILURE_THRESHOLD,Q07_DUP_OOO,RESTRICTION_CHANGE,HIGH,4,COMPACT_TYPED,12,1.0,6.0,2.0,1.0,0.0,1.0,0.0,1.0,0.0,0.0,14.0,1.0,1.0,164.0,4.0,0.0,1.0
LIVE_BELIEF,FAILURE_THRESHOLD,Q07_DUP_OOO,RESTRICTION_CHANGE,HIGH,4,VERBOSE_TYPED,12,1.0,6.0,2.0,1.0,0.0,1.0,0.0,1.0,0.0,0.0,23.0,1.0,1.0,165.0,4.0,0.0,1.0
LIVE_BELIEF,FAILURE_THRESHOLD,Q07_DUP_OOO,RESTRICTION_CHANGE,HIGH,8,COMPACT_TYPED,12,1.0,10.0,2.0,1.0,0.0,1.0,0.0,1.0,0.0,0.0,14.0,1.0,1.0,164.0,6.0,0.0,1.0
LIVE_BELIEF,FAILURE_THRESHOLD,Q07_DUP_OOO,RESTRICTION_CHANGE,HIGH,8,VERBOSE_TYPED,12,1.0,10.0,2.0,1.0,0.0,1.0,0.0,1.0,0.0,0.0,23.0,1.0,1.0,165.0,6.0,0.0,1.0
LIVE_BELIEF,FAILURE_THRESHOLD,Q07_DUP_OOO,RESTRICTION_CHANGE,HIGH,12,COMPACT_TYPED,12,1.0,14.0,2.0,1.0,0.0,1.0,0.0,1.0,0.0,0.0,14.0,1.0,1.0,164.0,8.0,0.0,1.0
LIVE_BELIEF,FAILURE_THRESHOLD,Q07_DUP_OOO,RESTRICTION_CHANGE,HIGH,12,VERBOSE_TYPED,12,1.0,14.0,2.0,1.0,0.0,1.0,0.0,1.0,0.0,0.0,23.0,1.0,1.0,165.0,8.0,0.0,1.0
LIVE_BELIEF,FAILURE_THRESHOLD,Q07_DUP_OOO,RESTRICTION_CHANGE,LOW,4,COMPACT_TYPED,12,1.0,6.0,2.0,1.0,0.0,1.0,0.0,1.0,0.0,0.0,14.0,1.0,1.0,164.0,4.0,0.0,1.0
LIVE_BELIEF,FAILURE_THRESHOLD,Q07_DUP_OOO,RESTRICTION_CHANGE,LOW,4,VERBOSE_TYPED,12,1.0,6.0,2.0,1.0,0.0,1.0,0.0,1.0,0.0,0.0,23.0,1.0,1.0,165.0,4.0,0.0,1.0
LIVE_BELIEF,FAILURE_THRESHOLD,Q07_DUP_OOO,RESTRICTION_CHANGE,LOW,8,COMPACT_TYPED,12,1.0,10.0,2.0,1.0,0.0,1.0,0.0,1.0,0.0,0.0,14.0,1.0,1.0,164.0,6.0,0.0,1.0
LIVE_BELIEF,FAILURE_THRESHOLD,Q07_DUP_OOO,RESTRICTION_CHANGE,LOW,8,VERBOSE_TYPED,12,1.0,10.0,2.0,1.0,0.0,1.0,0.0,1.0,0.0,0.0,23.0,1.0,1.0,165.0,6.0,0.0,1.0
LIVE_BELIEF,FAILURE_THRESHOLD,Q07_DUP_OOO,RESTRICTION_CHANGE,LOW,12,COMPACT_TYPED,12,1.0,14.0,2.0,1.0,0.0,1.0,0.0,1.0,0.0,0.0,14.0,1.0,1.0,164.0,8.0,0.0,1.0
LIVE_BELIEF,FAILURE_THRESHOLD,Q07_DUP_OOO,RESTRICTION_CHANGE,LOW,12,VERBOSE_TYPED,12,1.0,14.0,2.0,1.0,0.0,1.0,0.0,1.0,0.0,0.0,23.0,1.0,1.0,165.0,8.0,0.0,1.0
LIVE_BELIEF,FAILURE_THRESHOLD,Q08_GUARDED,AVAILABILITY_LOSS,HIGH,4,COMPACT_TYPED,12,0.58333333,3.91666667,4.08333333,1.83333333,0.0,1.0,1.25,0.58333333,0.0,0.0,21.91666667,1.83333333,0.58333333,97.41666667,5.66666667,0.0,1.83333333
LIVE_BELIEF,FAILURE_THRESHOLD,Q08_GUARDED,AVAILABILITY_LOSS,HIGH,4,VERBOSE_TYPED,12,0.58333333,3.91666667,4.08333333,1.83333333,0.0,1.0,1.25,0.58333333,0.0,0.0,28.41666667,1.83333333,0.58333333,98.0,5.66666667,0.0,1.83333333
LIVE_BELIEF,FAILURE_THRESHOLD,Q08_GUARDED,AVAILABILITY_LOSS,HIGH,8,COMPACT_TYPED,12,0.83333333,8.83333333,3.16666667,1.5,0.0,1.0,0.66666667,0.83333333,0.0,0.0,18.83333333,1.5,0.83333333,139.16666667,7.0,0.0,1.5
LIVE_BELIEF,FAILURE_THRESHOLD,Q08_GUARDED,AVAILABILITY_LOSS,HIGH,8,VERBOSE_TYPED,12,0.83333333,8.83333333,3.16666667,1.5,0.0,1.0,0.66666667,0.83333333,0.0,0.0,26.83333333,1.5,0.83333333,140.0,7.0,0.0,1.5
LIVE_BELIEF,FAILURE_THRESHOLD,Q08_GUARDED,AVAILABILITY_LOSS,HIGH,12,COMPACT_TYPED,12,0.66666667,11.0,5.0,2.33333333,0.0,1.0,1.66666667,0.66666667,0.0,0.0,27.0,2.33333333,0.66666667,111.33333333,10.66666667,0.0,2.33333333
LIVE_BELIEF,FAILURE_THRESHOLD,Q08_GUARDED,AVAILABILITY_LOSS,HIGH,12,VERBOSE_TYPED,12,0.66666667,11.0,5.0,2.33333333,0.0,1.0,1.66666667,0.66666667,0.0,0.0,34.0,2.33333333,0.66666667,112.0,10.66666667,0.0,2.33333333
LIVE_BELIEF,FAILURE_THRESHOLD,Q08_GUARDED,AVAILABILITY_LOSS,LOW,4,COMPACT_TYPED,12,0.66666667,4.33333333,3.66666667,1.66666667,0.0,1.0,1.0,0.66666667,0.0,0.0,20.33333333,1.66666667,0.66666667,111.33333333,5.33333333,0.0,1.66666667
LIVE_BELIEF,FAILURE_THRESHOLD,Q08_GUARDED,AVAILABILITY_LOSS,LOW,4,VERBOSE_TYPED,12,0.66666667,4.33333333,3.66666667,1.66666667,0.0,1.0,1.0,0.66666667,0.0,0.0,27.33333333,1.66666667,0.66666667,112.0,5.33333333,0.0,1.66666667
LIVE_BELIEF,FAILURE_THRESHOLD,Q08_GUARDED,AVAILABILITY_LOSS,LOW,8,COMPACT_TYPED,12,0.83333333,8.83333333,3.16666667,1.5,0.0,1.0,0.66666667,0.83333333,0.0,0.0,18.83333333,1.5,0.83333333,139.16666667,7.0,0.0,1.5
LIVE_BELIEF,FAILURE_THRESHOLD,Q08_GUARDED,AVAILABILITY_LOSS,LOW,8,VERBOSE_TYPED,12,0.83333333,8.83333333,3.16666667,1.5,0.0,1.0,0.66666667,0.83333333,0.0,0.0,26.83333333,1.5,0.83333333,140.0,7.0,0.0,1.5
LIVE_BELIEF,FAILURE_THRESHOLD,Q08_GUARDED,AVAILABILITY_LOSS,LOW,12,COMPACT_TYPED,12,0.83333333,12.5,3.5,1.66666667,0.0,1.0,0.83333333,0.83333333,0.0,0.0,20.5,1.66666667,0.83333333,139.16666667,9.33333333,0.0,1.66666667
LIVE_BELIEF,FAILURE_THRESHOLD,Q08_GUARDED,AVAILABILITY_LOSS,LOW,12,VERBOSE_TYPED,12,0.83333333,12.5,3.5,1.66666667,0.0,1.0,0.83333333,0.83333333,0.0,0.0,28.5,1.66666667,0.83333333,140.0,9.33333333,0.0,1.66666667
LIVE_BELIEF,FAILURE_THRESHOLD,Q08_GUARDED,CONTROL_FAILURE,HIGH,4,COMPACT_TYPED,12,1.0,5.0,3.0,1.0,0.0,1.0,1.0,0.0,0.0,0.0,15.0,1.0,0.66666667,110.66666667,5.33333333,0.0,1.0
LIVE_BELIEF,FAILURE_THRESHOLD,Q08_GUARDED,CONTROL_FAILURE,HIGH,4,VERBOSE_TYPED,12,1.0,5.0,3.0,1.0,0.0,1.0,1.0,0.0,0.0,0.0,22.0,1.0,0.66666667,111.33333333,5.33333333,0.0,1.0
LIVE_BELIEF,FAILURE_THRESHOLD,Q08_GUARDED,CONTROL_FAILURE,HIGH,8,COMPACT_TYPED,12,1.0,9.0,3.0,1.0,0.0,1.0,1.0,0.0,0.0,0.0,14.75,1.0,0.58333333,96.83333333,8.5,0.0,1.0
LIVE_BELIEF,FAILURE_THRESHOLD,Q08_GUARDED,CONTROL_FAILURE,HIGH,8,VERBOSE_TYPED,12,1.0,9.0,3.0,1.0,0.0,1.0,1.0,0.0,0.0,0.0,21.25,1.0,0.58333333,97.41666667,8.5,0.0,1.0
LIVE_BELIEF,FAILURE_THRESHOLD,Q08_GUARDED,CONTROL_FAILURE,HIGH,12,COMPACT_TYPED,12,1.0,13.0,3.0,1.0,0.0,1.0,1.0,0.0,0.0,0.0,15.5,1.0,0.83333333,138.33333333,9.33333333,0.0,1.0
LIVE_BELIEF,FAILURE_THRESHOLD,Q08_GUARDED,CONTROL_FAILURE,HIGH,12,VERBOSE_TYPED,12,1.0,13.0,3.0,1.0,0.0,1.0,1.0,0.0,0.0,0.0,23.5,1.0,0.83333333,139.16666667,9.33333333,0.0,1.0
LIVE_BELIEF,FAILURE_THRESHOLD,Q08_GUARDED,CONTROL_FAILURE,LOW,4,COMPACT_TYPED,12,1.0,6.0,2.0,1.0,0.0,1.0,1.0,0.0,0.0,0.0,13.75,1.0,0.91666667,152.16666667,4.33333333,0.0,1.0
LIVE_BELIEF,FAILURE_THRESHOLD,Q08_GUARDED,CONTROL_FAILURE,LOW,4,VERBOSE_TYPED,12,1.0,6.0,2.0,1.0,0.0,1.0,1.0,0.0,0.0,0.0,22.25,1.0,0.91666667,153.08333333,4.33333333,0.0,1.0
LIVE_BELIEF,FAILURE_THRESHOLD,Q08_GUARDED,CONTROL_FAILURE,LOW,8,COMPACT_TYPED,12,1.0,10.0,2.0,1.0,0.0,1.0,1.0,0.0,0.0,0.0,13.0,1.0,0.66666667,110.66666667,8.0,0.0,1.0
LIVE_BELIEF,FAILURE_THRESHOLD,Q08_GUARDED,CONTROL_FAILURE,LOW,8,VERBOSE_TYPED,12,1.0,10.0,2.0,1.0,0.0,1.0,1.0,0.0,0.0,0.0,20.0,1.0,0.66666667,111.33333333,8.0,0.0,1.0
LIVE_BELIEF,FAILURE_THRESHOLD,Q08_GUARDED,CONTROL_FAILURE,LOW,12,COMPACT_TYPED,12,1.0,14.0,2.0,1.0,0.0,1.0,1.0,0.0,0.0,0.0,13.5,1.0,0.83333333,138.33333333,9.33333333,0.0,1.0
LIVE_BELIEF,FAILURE_THRESHOLD,Q08_GUARDED,CONTROL_FAILURE,LOW,12,VERBOSE_TYPED,12,1.0,14.0,2.0,1.0,0.0,1.0,1.0,0.0,0.0,0.0,21.5,1.0,0.83333333,139.16666667,9.33333333,0.0,1.0
LIVE_BELIEF,FAILURE_THRESHOLD,Q08_GUARDED,POSE_SHIFT,HIGH,4,COMPACT_TYPED,12,0.66666667,4.33333333,3.66666667,1.66666667,0.0,1.0,1.0,0.0,0.0,0.0,20.33333333,1.66666667,0.66666667,107.33333333,5.33333333,0.0,1.66666667
LIVE_BELIEF,FAILURE_THRESHOLD,Q08_GUARDED,POSE_SHIFT,HIGH,4,VERBOSE_TYPED,12,0.66666667,4.33333333,3.66666667,1.66666667,0.0,1.0,1.0,0.0,0.0,0.0,27.33333333,1.66666667,0.66666667,108.0,5.33333333,0.0,1.66666667
LIVE_BELIEF,FAILURE_THRESHOLD,Q08_GUARDED,POSE_SHIFT,HIGH,8,COMPACT_TYPED,12,0.41666667,5.91666667,6.08333333,2.75,0.0,1.0,2.33333333,0.0,0.0,0.0,30.91666667,2.75,0.41666667,67.08333333,9.5,0.0,2.75
LIVE_BELIEF,FAILURE_THRESHOLD,Q08_GUARDED,POSE_SHIFT,HIGH,8,VERBOSE_TYPED,12,0.41666667,5.91666667,6.08333333,2.75,0.0,1.0,2.33333333,0.0,0.0,0.0,36.41666667,2.75,0.41666667,67.5,9.5,0.0,2.75
LIVE_BELIEF,FAILURE_THRESHOLD,Q08_GUARDED,POSE_SHIFT,HIGH,12,COMPACT_TYPED,12,0.66666667,11.0,5.0,2.33333333,0.0,1.0,1.66666667,0.0,0.0,0.0,27.0,2.33333333,0.66666667,107.33333333,10.66666667,0.0,2.33333333
LIVE_BELIEF,FAILURE_THRESHOLD,Q08_GUARDED,POSE_SHIFT,HIGH,12,VERBOSE_TYPED,12,0.66666667,11.0,5.0,2.33333333,0.0,1.0,1.66666667,0.0,0.0,0.0,34.0,2.33333333,0.66666667,108.0,10.66666667,0.0,2.33333333
LIVE_BELIEF,FAILURE_THRESHOLD,Q08_GUARDED,POSE_SHIFT,LOW,4,COMPACT_TYPED,12,0.66666667,4.33333333,3.66666667,1.66666667,0.0,1.0,1.0,0.0,0.0,0.0,20.33333333,1.66666667,0.66666667,107.33333333,5.33333333,0.0,1.66666667
LIVE_BELIEF,FAILURE_THRESHOLD,Q08_GUARDED,POSE_SHIFT,LOW,4,VERBOSE_TYPED,12,0.66666667,4.33333333,3.66666667,1.66666667,0.0,1.0,1.0,0.0,0.0,0.0,27.33333333,1.66666667,0.66666667,108.0,5.33333333,0.0,1.66666667
LIVE_BELIEF,FAILURE_THRESHOLD,Q08_GUARDED,POSE_SHIFT,LOW,8,COMPACT_TYPED,12,0.58333333,7.08333333,4.91666667,2.25,0.0,1.0,1.66666667,0.0,0.0,0.0,26.08333333,2.25,0.58333333,93.91666667,8.5,0.0,2.25
LIVE_BELIEF,FAILURE_THRESHOLD,Q08_GUARDED,POSE_SHIFT,LOW,8,VERBOSE_TYPED,12,0.58333333,7.08333333,4.91666667,2.25,0.0,1.0,1.66666667,0.0,0.0,0.0,32.58333333,2.25,0.58333333,94.5,8.5,0.0,2.25
LIVE_BELIEF,FAILURE_THRESHOLD,Q08_GUARDED,POSE_SHIFT,LOW,12,COMPACT_TYPED,12,0.66666667,11.0,5.0,2.33333333,0.0,1.0,1.66666667,0.0,0.0,0.0,27.0,2.33333333,0.66666667,107.33333333,10.66666667,0.0,2.33333333
LIVE_BELIEF,FAILURE_THRESHOLD,Q08_GUARDED,POSE_SHIFT,LOW,12,VERBOSE_TYPED,12,0.66666667,11.0,5.0,2.33333333,0.0,1.0,1.66666667,0.0,0.0,0.0,34.0,2.33333333,0.66666667,108.0,10.66666667,0.0,2.33333333
LIVE_BELIEF,FAILURE_THRESHOLD,Q08_GUARDED,RESTRICTION_CHANGE,HIGH,4,COMPACT_TYPED,12,0.75,4.75,3.25,1.5,0.0,1.0,0.75,0.75,0.0,0.0,18.75,1.5,0.75,123.0,5.0,0.0,1.5
LIVE_BELIEF,FAILURE_THRESHOLD,Q08_GUARDED,RESTRICTION_CHANGE,HIGH,4,VERBOSE_TYPED,12,0.75,4.75,3.25,1.5,0.0,1.0,0.75,0.75,0.0,0.0,26.25,1.5,0.75,123.75,5.0,0.0,1.5
LIVE_BELIEF,FAILURE_THRESHOLD,Q08_GUARDED,RESTRICTION_CHANGE,HIGH,8,COMPACT_TYPED,12,0.75,8.25,3.75,1.75,0.0,1.0,1.0,0.75,0.0,0.0,21.25,1.75,0.75,123.0,7.5,0.0,1.75
LIVE_BELIEF,FAILURE_THRESHOLD,Q08_GUARDED,RESTRICTION_CHANGE,HIGH,8,VERBOSE_TYPED,12,0.75,8.25,3.75,1.75,0.0,1.0,1.0,0.75,0.0,0.0,28.75,1.75,0.75,123.75,7.5,0.0,1.75
LIVE_BELIEF,FAILURE_THRESHOLD,Q08_GUARDED,RESTRICTION_CHANGE,HIGH,12,COMPACT_TYPED,12,0.83333333,12.5,3.5,1.66666667,0.0,1.0,0.83333333,0.83333333,0.0,0.0,20.5,1.66666667,0.83333333,136.66666667,9.33333333,0.0,1.66666667
LIVE_BELIEF,FAILURE_THRESHOLD,Q08_GUARDED,RESTRICTION_CHANGE,HIGH,12,VERBOSE_TYPED,12,0.83333333,12.5,3.5,1.66666667,0.0,1.0,0.83333333,0.83333333,0.0,0.0,28.5,1.66666667,0.83333333,137.5,9.33333333,0.0,1.66666667
LIVE_BELIEF,FAILURE_THRESHOLD,Q08_GUARDED,RESTRICTION_CHANGE,LOW,4,COMPACT_TYPED,12,0.83333333,5.16666667,2.83333333,1.33333333,0.0,1.0,0.5,0.83333333,0.0,0.0,17.16666667,1.33333333,0.83333333,136.66666667,4.66666667,0.0,1.33333333
LIVE_BELIEF,FAILURE_THRESHOLD,Q08_GUARDED,RESTRICTION_CHANGE,LOW,4,VERBOSE_TYPED,12,0.83333333,5.16666667,2.83333333,1.33333333,0.0,1.0,0.5,0.83333333,0.0,0.0,25.16666667,1.33333333,0.83333333,137.5,4.66666667,0.0,1.33333333
LIVE_BELIEF,FAILURE_THRESHOLD,Q08_GUARDED,RESTRICTION_CHANGE,LOW,8,COMPACT_TYPED,12,0.75,8.25,3.75,1.75,0.0,1.0,1.0,0.75,0.0,0.0,21.25,1.75,0.75,123.0,7.5,0.0,1.75
LIVE_BELIEF,FAILURE_THRESHOLD,Q08_GUARDED,RESTRICTION_CHANGE,LOW,8,VERBOSE_TYPED,12,0.75,8.25,3.75,1.75,0.0,1.0,1.0,0.75,0.0,0.0,28.75,1.75,0.75,123.75,7.5,0.0,1.75
LIVE_BELIEF,FAILURE_THRESHOLD,Q08_GUARDED,RESTRICTION_CHANGE,LOW,12,COMPACT_TYPED,12,0.75,11.75,4.25,2.0,0.0,1.0,1.25,0.75,0.0,0.0,23.75,2.0,0.75,123.0,10.0,0.0,2.0
LIVE_BELIEF,FAILURE_THRESHOLD,Q08_GUARDED,RESTRICTION_CHANGE,LOW,12,VERBOSE_TYPED,12,0.75,11.75,4.25,2.0,0.0,1.0,1.25,0.75,0.0,0.0,31.25,2.0,0.75,123.75,10.0,0.0,2.0
LIVE_BELIEF,FAILURE_THRESHOLD,Q09_HOSTILE,AVAILABILITY_LOSS,HIGH,4,COMPACT_TYPED,12,0.0,1.0,7.0,2.0,0.0,1.0,2.0,0.0,0.0,0.0,30.5,2.0,0.0,0.0,8.0,0.0,2.0
LIVE_BELIEF,FAILURE_THRESHOLD,Q09_HOSTILE,AVAILABILITY_LOSS,HIGH,4,VERBOSE_TYPED,12,0.0,1.0,7.0,2.0,0.0,1.0,2.0,0.0,0.0,0.0,44.0,2.0,0.0,0.0,8.0,0.0,2.0
LIVE_BELIEF,FAILURE_THRESHOLD,Q09_HOSTILE,AVAILABILITY_LOSS,HIGH,8,COMPACT_TYPED,12,0.0,3.0,9.0,2.0,0.0,1.0,2.0,0.0,0.0,0.0,35.0,2.0,0.0,0.0,12.0,0.0,2.0
LIVE_BELIEF,FAILURE_THRESHOLD,Q09_HOSTILE,AVAILABILITY_LOSS,HIGH,8,VERBOSE_TYPED,12,0.0,3.0,9.0,2.0,0.0,1.0,2.0,0.0,0.0,0.0,50.0,2.0,0.0,0.0,12.0,0.0,2.0
LIVE_BELIEF,FAILURE_THRESHOLD,Q09_HOSTILE,AVAILABILITY_LOSS,HIGH,12,COMPACT_TYPED,12,0.0,5.0,11.0,3.0,0.0,1.0,3.0,0.0,0.0,0.0,44.25,3.0,0.0,0.0,16.0,0.0,3.0
LIVE_BELIEF,FAILURE_THRESHOLD,Q09_HOSTILE,AVAILABILITY_LOSS,HIGH,12,VERBOSE_TYPED,12,0.0,5.0,11.0,3.0,0.0,1.0,3.0,0.0,0.0,0.0,57.0,3.0,0.0,0.0,16.0,0.0,3.0
LIVE_BELIEF,FAILURE_THRESHOLD,Q09_HOSTILE,AVAILABILITY_LOSS,LOW,4,COMPACT_TYPED,12,0.0,1.0,7.0,2.0,0.0,1.0,2.0,0.0,0.0,0.0,30.0,2.0,0.0,0.0,8.0,0.0,2.0
LIVE_BELIEF,FAILURE_THRESHOLD,Q09_HOSTILE,AVAILABILITY_LOSS,LOW,4,VERBOSE_TYPED,12,0.0,1.0,7.0,2.0,0.0,1.0,2.0,0.0,0.0,0.0,42.0,2.0,0.0,0.0,8.0,0.0,2.0
LIVE_BELIEF,FAILURE_THRESHOLD,Q09_HOSTILE,AVAILABILITY_LOSS,LOW,8,COMPACT_TYPED,12,0.0,3.0,9.0,2.0,0.0,1.0,2.0,0.0,0.0,0.0,34.75,2.0,0.0,0.0,12.0,0.0,2.0
LIVE_BELIEF,FAILURE_THRESHOLD,Q09_HOSTILE,AVAILABILITY_LOSS,LOW,8,VERBOSE_TYPED,12,0.0,3.0,9.0,2.0,0.0,1.0,2.0,0.0,0.0,0.0,49.0,2.0,0.0,0.0,12.0,0.0,2.0
LIVE_BELIEF,FAILURE_THRESHOLD,Q09_HOSTILE,AVAILABILITY_LOSS,LOW,12,COMPACT_TYPED,12,0.0,5.0,11.0,3.0,0.0,1.0,3.0,0.0,0.0,0.0,45.0,3.0,0.0,0.0,16.0,0.0,3.0
LIVE_BELIEF,FAILURE_THRESHOLD,Q09_HOSTILE,AVAILABILITY_LOSS,LOW,12,VERBOSE_TYPED,12,0.0,5.0,11.0,3.0,0.0,1.0,3.0,0.0,0.0,0.0,60.0,3.0,0.0,0.0,16.0,0.0,3.0
LIVE_BELIEF,FAILURE_THRESHOLD,Q09_HOSTILE,CONTROL_FAILURE,HIGH,4,COMPACT_TYPED,12,1.0,5.0,3.0,1.0,0.0,1.0,1.0,0.0,0.0,0.0,16.5,1.0,0.0,0.0,8.0,0.0,1.0
LIVE_BELIEF,FAILURE_THRESHOLD,Q09_HOSTILE,CONTROL_FAILURE,HIGH,4,VERBOSE_TYPED,12,1.0,5.0,3.0,1.0,0.0,1.0,1.0,0.0,0.0,0.0,30.0,1.0,0.0,0.0,8.0,0.0,1.0
LIVE_BELIEF,FAILURE_THRESHOLD,Q09_HOSTILE,CONTROL_FAILURE,HIGH,8,COMPACT_TYPED,12,1.0,9.0,3.0,1.0,0.0,1.0,1.0,0.0,0.0,0.0,16.25,1.0,0.0,0.0,12.0,0.0,1.0
LIVE_BELIEF,FAILURE_THRESHOLD,Q09_HOSTILE,CONTROL_FAILURE,HIGH,8,VERBOSE_TYPED,12,1.0,9.0,3.0,1.0,0.0,1.0,1.0,0.0,0.0,0.0,29.0,1.0,0.0,0.0,12.0,0.0,1.0
LIVE_BELIEF,FAILURE_THRESHOLD,Q09_HOSTILE,CONTROL_FAILURE,HIGH,12,COMPACT_TYPED,12,1.0,13.0,3.0,1.0,0.0,1.0,1.0,0.0,0.0,0.0,16.75,1.0,0.0,0.0,16.0,0.0,1.0
LIVE_BELIEF,FAILURE_THRESHOLD,Q09_HOSTILE,CONTROL_FAILURE,HIGH,12,VERBOSE_TYPED,12,1.0,13.0,3.0,1.0,0.0,1.0,1.0,0.0,0.0,0.0,31.0,1.0,0.0,0.0,16.0,0.0,1.0
LIVE_BELIEF,FAILURE_THRESHOLD,Q09_HOSTILE,CONTROL_FAILURE,LOW,4,COMPACT_TYPED,12,1.0,6.0,2.0,1.0,0.0,1.0,1.0,0.0,0.0,0.0,15.5,1.0,0.0,0.0,8.0,0.0,1.0
LIVE_BELIEF,FAILURE_THRESHOLD,Q09_HOSTILE,CONTROL_FAILURE,LOW,4,VERBOSE_TYPED,12,1.0,6.0,2.0,1.0,0.0,1.0,1.0,0.0,0.0,0.0,32.0,1.0,0.0,0.0,8.0,0.0,1.0
LIVE_BELIEF,FAILURE_THRESHOLD,Q09_HOSTILE,CONTROL_FAILURE,LOW,8,COMPACT_TYPED,12,1.0,10.0,2.0,1.0,0.0,1.0,1.0,0.0,0.0,0.0,14.75,1.0,0.0,0.0,12.0,0.0,1.0
LIVE_BELIEF,FAILURE_THRESHOLD,Q09_HOSTILE,CONTROL_FAILURE,LOW,8,VERBOSE_TYPED,12,1.0,10.0,2.0,1.0,0.0,1.0,1.0,0.0,0.0,0.0,29.0,1.0,0.0,0.0,12.0,0.0,1.0
LIVE_BELIEF,FAILURE_THRESHOLD,Q09_HOSTILE,CONTROL_FAILURE,LOW,12,COMPACT_TYPED,12,1.0,14.0,2.0,1.0,0.0,1.0,1.0,0.0,0.0,0.0,14.0,1.0,0.0,0.0,16.0,0.0,1.0
LIVE_BELIEF,FAILURE_THRESHOLD,Q09_HOSTILE,CONTROL_FAILURE,LOW,12,VERBOSE_TYPED,12,1.0,14.0,2.0,1.0,0.0,1.0,1.0,0.0,0.0,0.0,26.0,1.0,0.0,0.0,16.0,0.0,1.0
LIVE_BELIEF,FAILURE_THRESHOLD,Q09_HOSTILE,POSE_SHIFT,HIGH,4,COMPACT_TYPED,12,0.0,1.0,7.0,2.0,0.0,1.0,2.0,0.0,0.0,0.0,30.0,2.0,0.0,0.0,8.0,0.0,2.0
LIVE_BELIEF,FAILURE_THRESHOLD,Q09_HOSTILE,POSE_SHIFT,HIGH,4,VERBOSE_TYPED,12,0.0,1.0,7.0,2.0,0.0,1.0,2.0,0.0,0.0,0.0,42.0,2.0,0.0,0.0,8.0,0.0,2.0
LIVE_BELIEF,FAILURE_THRESHOLD,Q09_HOSTILE,POSE_SHIFT,HIGH,8,COMPACT_TYPED,12,0.0,3.0,9.0,2.0,0.0,1.0,2.0,0.0,0.0,0.0,34.25,2.0,0.0,0.0,12.0,0.0,2.0
LIVE_BELIEF,FAILURE_THRESHOLD,Q09_HOSTILE,POSE_SHIFT,HIGH,8,VERBOSE_TYPED,12,0.0,3.0,9.0,2.0,0.0,1.0,2.0,0.0,0.0,0.0,47.0,2.0,0.0,0.0,12.0,0.0,2.0
LIVE_BELIEF,FAILURE_THRESHOLD,Q09_HOSTILE,POSE_SHIFT,HIGH,12,COMPACT_TYPED,12,0.0,5.0,11.0,3.0,0.0,1.0,3.0,0.0,0.0,0.0,44.5,3.0,0.0,0.0,16.0,0.0,3.0
LIVE_BELIEF,FAILURE_THRESHOLD,Q09_HOSTILE,POSE_SHIFT,HIGH,12,VERBOSE_TYPED,12,0.0,5.0,11.0,3.0,0.0,1.0,3.0,0.0,0.0,0.0,58.0,3.0,0.0,0.0,16.0,0.0,3.0
LIVE_BELIEF,FAILURE_THRESHOLD,Q09_HOSTILE,POSE_SHIFT,LOW,4,COMPACT_TYPED,12,0.0,1.0,7.0,2.0,0.0,1.0,2.0,0.0,0.0,0.0,30.75,2.0,0.0,0.0,8.0,0.0,2.0
LIVE_BELIEF,FAILURE_THRESHOLD,Q09_HOSTILE,POSE_SHIFT,LOW,4,VERBOSE_TYPED,12,0.0,1.0,7.0,2.0,0.0,1.0,2.0,0.0,0.0,0.0,45.0,2.0,0.0,0.0,8.0,0.0,2.0
LIVE_BELIEF,FAILURE_THRESHOLD,Q09_HOSTILE,POSE_SHIFT,LOW,8,COMPACT_TYPED,12,0.0,3.0,9.0,2.0,0.0,1.0,2.0,0.0,0.0,0.0,34.0,2.0,0.0,0.0,12.0,0.0,2.0
LIVE_BELIEF,FAILURE_THRESHOLD,Q09_HOSTILE,POSE_SHIFT,LOW,8,VERBOSE_TYPED,12,0.0,3.0,9.0,2.0,0.0,1.0,2.0,0.0,0.0,0.0,46.0,2.0,0.0,0.0,12.0,0.0,2.0
LIVE_BELIEF,FAILURE_THRESHOLD,Q09_HOSTILE,POSE_SHIFT,LOW,12,COMPACT_TYPED,12,0.0,5.0,11.0,3.0,0.0,1.0,3.0,0.0,0.0,0.0,44.0,3.0,0.0,0.0,16.0,0.0,3.0
LIVE_BELIEF,FAILURE_THRESHOLD,Q09_HOSTILE,POSE_SHIFT,LOW,12,VERBOSE_TYPED,12,0.0,5.0,11.0,3.0,0.0,1.0,3.0,0.0,0.0,0.0,56.0,3.0,0.0,0.0,16.0,0.0,3.0
LIVE_BELIEF,FAILURE_THRESHOLD,Q09_HOSTILE,RESTRICTION_CHANGE,HIGH,4,COMPACT_TYPED,12,0.0,1.0,7.0,2.0,0.0,1.0,2.0,0.0,0.0,0.0,30.25,2.0,0.0,0.0,8.0,0.0,2.0
LIVE_BELIEF,FAILURE_THRESHOLD,Q09_HOSTILE,RESTRICTION_CHANGE,HIGH,4,VERBOSE_TYPED,12,0.0,1.0,7.0,2.0,0.0,1.0,2.0,0.0,0.0,0.0,43.0,2.0,0.0,0.0,8.0,0.0,2.0
LIVE_BELIEF,FAILURE_THRESHOLD,Q09_HOSTILE,RESTRICTION_CHANGE,HIGH,8,COMPACT_TYPED,12,0.0,3.0,9.0,2.0,0.0,1.0,2.0,0.0,0.0,0.0,34.5,2.0,0.0,0.0,12.0,0.0,2.0
LIVE_BELIEF,FAILURE_THRESHOLD,Q09_HOSTILE,RESTRICTION_CHANGE,HIGH,8,VERBOSE_TYPED,12,0.0,3.0,9.0,2.0,0.0,1.0,2.0,0.0,0.0,0.0,48.0,2.0,0.0,0.0,12.0,0.0,2.0
LIVE_BELIEF,FAILURE_THRESHOLD,Q09_HOSTILE,RESTRICTION_CHANGE,HIGH,12,COMPACT_TYPED,12,0.0,5.0,11.0,3.0,0.0,1.0,3.0,0.0,0.0,0.0,44.5,3.0,0.0,0.0,16.0,0.0,3.0
LIVE_BELIEF,FAILURE_THRESHOLD,Q09_HOSTILE,RESTRICTION_CHANGE,HIGH,12,VERBOSE_TYPED,12,0.0,5.0,11.0,3.0,0.0,1.0,3.0,0.0,0.0,0.0,58.0,3.0,0.0,0.0,16.0,0.0,3.0
LIVE_BELIEF,FAILURE_THRESHOLD,Q09_HOSTILE,RESTRICTION_CHANGE,LOW,4,COMPACT_TYPED,12,0.0,1.0,7.0,2.0,0.0,1.0,2.0,0.0,0.0,0.0,31.0,2.0,0.0,0.0,8.0,0.0,2.0
LIVE_BELIEF,FAILURE_THRESHOLD,Q09_HOSTILE,RESTRICTION_CHANGE,LOW,4,VERBOSE_TYPED,12,0.0,1.0,7.0,2.0,0.0,1.0,2.0,0.0,0.0,0.0,46.0,2.0,0.0,0.0,8.0,0.0,2.0
LIVE_BELIEF,FAILURE_THRESHOLD,Q09_HOSTILE,RESTRICTION_CHANGE,LOW,8,COMPACT_TYPED,12,0.0,3.0,9.0,2.0,0.0,1.0,2.0,0.0,0.0,0.0,34.25,2.0,0.0,0.0,12.0,0.0,2.0
LIVE_BELIEF,FAILURE_THRESHOLD,Q09_HOSTILE,RESTRICTION_CHANGE,LOW,8,VERBOSE_TYPED,12,0.0,3.0,9.0,2.0,0.0,1.0,2.0,0.0,0.0,0.0,47.0,2.0,0.0,0.0,12.0,0.0,2.0
LIVE_BELIEF,FAILURE_THRESHOLD,Q09_HOSTILE,RESTRICTION_CHANGE,LOW,12,COMPACT_TYPED,12,0.0,5.0,11.0,3.0,0.0,1.0,3.0,0.0,0.0,0.0,44.25,3.0,0.0,0.0,16.0,0.0,3.0
LIVE_BELIEF,FAILURE_THRESHOLD,Q09_HOSTILE,RESTRICTION_CHANGE,LOW,12,VERBOSE_TYPED,12,0.0,5.0,11.0,3.0,0.0,1.0,3.0,0.0,0.0,0.0,57.0,3.0,0.0,0.0,16.0,0.0,3.0
LIVE_BELIEF,HYBRID,Q00_CLEAN,AVAILABILITY_LOSS,HIGH,4,COMPACT_TYPED,12,1.0,8.0,0.0,3.0,0.0,0.0,2.0,1.0,1.0,1.0,20.0,3.0,1.0,167.0,6.0,1.0,0.0
LIVE_BELIEF,HYBRID,Q00_CLEAN,AVAILABILITY_LOSS,HIGH,4,VERBOSE_TYPED,12,1.0,8.0,0.0,3.0,0.0,0.0,2.0,1.0,1.0,1.0,23.0,3.0,1.0,168.0,6.0,1.0,0.0
LIVE_BELIEF,HYBRID,Q00_CLEAN,AVAILABILITY_LOSS,HIGH,8,COMPACT_TYPED,12,1.0,12.0,0.0,5.0,0.0,0.0,4.0,1.0,1.0,1.0,32.0,5.0,1.0,167.0,8.0,1.0,0.0
LIVE_BELIEF,HYBRID,Q00_CLEAN,AVAILABILITY_LOSS,HIGH,8,VERBOSE_TYPED,12,1.0,12.0,0.0,5.0,0.0,0.0,4.0,1.0,1.0,1.0,35.0,5.0,1.0,168.0,8.0,1.0,0.0
LIVE_BELIEF,HYBRID,Q00_CLEAN,AVAILABILITY_LOSS,HIGH,12,COMPACT_TYPED,12,1.0,16.0,0.0,5.0,0.0,0.0,4.0,1.0,1.0,1.0,32.0,5.0,1.0,167.0,10.0,1.0,0.0
LIVE_BELIEF,HYBRID,Q00_CLEAN,AVAILABILITY_LOSS,HIGH,12,VERBOSE_TYPED,12,1.0,16.0,0.0,5.0,0.0,0.0,4.0,1.0,1.0,1.0,35.0,5.0,1.0,168.0,10.0,1.0,0.0
LIVE_BELIEF,HYBRID,Q00_CLEAN,AVAILABILITY_LOSS,LOW,4,COMPACT_TYPED,12,1.0,8.0,0.0,3.0,0.0,0.0,2.0,1.0,1.0,1.0,20.0,3.0,1.0,167.0,6.0,1.0,0.0
LIVE_BELIEF,HYBRID,Q00_CLEAN,AVAILABILITY_LOSS,LOW,4,VERBOSE_TYPED,12,1.0,8.0,0.0,3.0,0.0,0.0,2.0,1.0,1.0,1.0,23.0,3.0,1.0,168.0,6.0,1.0,0.0
LIVE_BELIEF,HYBRID,Q00_CLEAN,AVAILABILITY_LOSS,LOW,8,COMPACT_TYPED,12,1.0,12.0,0.0,5.0,0.0,0.0,4.0,1.0,1.0,1.0,32.0,5.0,1.0,167.0,8.0,1.0,0.0
LIVE_BELIEF,HYBRID,Q00_CLEAN,AVAILABILITY_LOSS,LOW,8,VERBOSE_TYPED,12,1.0,12.0,0.0,5.0,0.0,0.0,4.0,1.0,1.0,1.0,35.0,5.0,1.0,168.0,8.0,1.0,0.0
LIVE_BELIEF,HYBRID,Q00_CLEAN,AVAILABILITY_LOSS,LOW,12,COMPACT_TYPED,12,1.0,16.0,0.0,5.0,0.0,0.0,4.0,1.0,1.0,1.0,32.0,5.0,1.0,167.0,10.0,1.0,0.0
LIVE_BELIEF,HYBRID,Q00_CLEAN,AVAILABILITY_LOSS,LOW,12,VERBOSE_TYPED,12,1.0,16.0,0.0,5.0,0.0,0.0,4.0,1.0,1.0,1.0,35.0,5.0,1.0,168.0,10.0,1.0,0.0
LIVE_BELIEF,HYBRID,Q00_CLEAN,CONTROL_FAILURE,HIGH,4,COMPACT_TYPED,12,1.0,5.0,3.0,5.0,0.0,0.0,5.0,0.0,1.0,1.0,38.0,5.0,1.0,166.0,6.0,1.0,2.0
LIVE_BELIEF,HYBRID,Q00_CLEAN,CONTROL_FAILURE,HIGH,4,VERBOSE_TYPED,12,1.0,5.0,3.0,5.0,0.0,0.0,5.0,0.0,1.0,1.0,41.0,5.0,1.0,167.0,6.0,1.0,2.0
LIVE_BELIEF,HYBRID,Q00_CLEAN,CONTROL_FAILURE,HIGH,8,COMPACT_TYPED,12,1.0,9.0,3.0,6.0,0.0,0.0,6.0,0.0,1.0,1.0,44.0,6.0,1.0,166.0,8.0,1.0,2.0
LIVE_BELIEF,HYBRID,Q00_CLEAN,CONTROL_FAILURE,HIGH,8,VERBOSE_TYPED,12,1.0,9.0,3.0,6.0,0.0,0.0,6.0,0.0,1.0,1.0,47.0,6.0,1.0,167.0,8.0,1.0,2.0
LIVE_BELIEF,HYBRID,Q00_CLEAN,CONTROL_FAILURE,HIGH,12,COMPACT_TYPED,12,1.0,13.0,3.0,6.0,0.0,0.0,6.0,0.0,1.0,1.0,44.0,6.0,1.0,166.0,10.0,1.0,2.0
LIVE_BELIEF,HYBRID,Q00_CLEAN,CONTROL_FAILURE,HIGH,12,VERBOSE_TYPED,12,1.0,13.0,3.0,6.0,0.0,0.0,6.0,0.0,1.0,1.0,47.0,6.0,1.0,167.0,10.0,1.0,2.0
LIVE_BELIEF,HYBRID,Q00_CLEAN,CONTROL_FAILURE,LOW,4,COMPACT_TYPED,12,1.0,6.0,2.0,4.0,0.0,0.0,4.0,0.0,1.0,1.0,30.0,4.0,1.0,166.0,6.0,1.0,1.0
LIVE_BELIEF,HYBRID,Q00_CLEAN,CONTROL_FAILURE,LOW,4,VERBOSE_TYPED,12,1.0,6.0,2.0,4.0,0.0,0.0,4.0,0.0,1.0,1.0,33.0,4.0,1.0,167.0,6.0,1.0,1.0
LIVE_BELIEF,HYBRID,Q00_CLEAN,CONTROL_FAILURE,LOW,8,COMPACT_TYPED,12,1.0,10.0,2.0,5.0,0.0,0.0,5.0,0.0,1.0,1.0,36.0,5.0,1.0,166.0,8.0,1.0,1.0
LIVE_BELIEF,HYBRID,Q00_CLEAN,CONTROL_FAILURE,LOW,8,VERBOSE_TYPED,12,1.0,10.0,2.0,5.0,0.0,0.0,5.0,0.0,1.0,1.0,39.0,5.0,1.0,167.0,8.0,1.0,1.0
LIVE_BELIEF,HYBRID,Q00_CLEAN,CONTROL_FAILURE,LOW,12,COMPACT_TYPED,12,1.0,14.0,2.0,6.0,0.0,0.0,6.0,0.0,1.0,1.0,42.0,6.0,1.0,166.0,10.0,1.0,1.0
LIVE_BELIEF,HYBRID,Q00_CLEAN,CONTROL_FAILURE,LOW,12,VERBOSE_TYPED,12,1.0,14.0,2.0,6.0,0.0,0.0,6.0,0.0,1.0,1.0,45.0,6.0,1.0,167.0,10.0,1.0,1.0
LIVE_BELIEF,HYBRID,Q00_CLEAN,POSE_SHIFT,HIGH,4,COMPACT_TYPED,12,1.0,8.0,0.0,3.0,0.0,0.0,2.0,0.0,1.0,1.0,20.0,3.0,1.0,161.0,6.0,1.0,0.0
LIVE_BELIEF,HYBRID,Q00_CLEAN,POSE_SHIFT,HIGH,4,VERBOSE_TYPED,12,1.0,8.0,0.0,3.0,0.0,0.0,2.0,0.0,1.0,1.0,23.0,3.0,1.0,162.0,6.0,1.0,0.0
LIVE_BELIEF,HYBRID,Q00_CLEAN,POSE_SHIFT,HIGH,8,COMPACT_TYPED,12,1.0,12.0,0.0,5.0,0.0,0.0,4.0,0.0,1.0,1.0,32.0,5.0,1.0,161.0,8.0,1.0,0.0
LIVE_BELIEF,HYBRID,Q00_CLEAN,POSE_SHIFT,HIGH,8,VERBOSE_TYPED,12,1.0,12.0,0.0,5.0,0.0,0.0,4.0,0.0,1.0,1.0,35.0,5.0,1.0,162.0,8.0,1.0,0.0
LIVE_BELIEF,HYBRID,Q00_CLEAN,POSE_SHIFT,HIGH,12,COMPACT_TYPED,12,1.0,16.0,0.0,5.0,0.0,0.0,4.0,0.0,1.0,1.0,32.0,5.0,1.0,161.0,10.0,1.0,0.0
LIVE_BELIEF,HYBRID,Q00_CLEAN,POSE_SHIFT,HIGH,12,VERBOSE_TYPED,12,1.0,16.0,0.0,5.0,0.0,0.0,4.0,0.0,1.0,1.0,35.0,5.0,1.0,162.0,10.0,1.0,0.0
LIVE_BELIEF,HYBRID,Q00_CLEAN,POSE_SHIFT,LOW,4,COMPACT_TYPED,12,1.0,8.0,0.0,3.0,0.0,0.0,2.0,0.0,1.0,1.0,20.0,3.0,1.0,161.0,6.0,1.0,0.0
LIVE_BELIEF,HYBRID,Q00_CLEAN,POSE_SHIFT,LOW,4,VERBOSE_TYPED,12,1.0,8.0,0.0,3.0,0.0,0.0,2.0,0.0,1.0,1.0,23.0,3.0,1.0,162.0,6.0,1.0,0.0
LIVE_BELIEF,HYBRID,Q00_CLEAN,POSE_SHIFT,LOW,8,COMPACT_TYPED,12,1.0,12.0,0.0,5.0,0.0,0.0,4.0,0.0,1.0,1.0,32.0,5.0,1.0,161.0,8.0,1.0,0.0
LIVE_BELIEF,HYBRID,Q00_CLEAN,POSE_SHIFT,LOW,8,VERBOSE_TYPED,12,1.0,12.0,0.0,5.0,0.0,0.0,4.0,0.0,1.0,1.0,35.0,5.0,1.0,162.0,8.0,1.0,0.0
LIVE_BELIEF,HYBRID,Q00_CLEAN,POSE_SHIFT,LOW,12,COMPACT_TYPED,12,1.0,16.0,0.0,5.0,0.0,0.0,4.0,0.0,1.0,1.0,32.0,5.0,1.0,161.0,10.0,1.0,0.0
LIVE_BELIEF,HYBRID,Q00_CLEAN,POSE_SHIFT,LOW,12,VERBOSE_TYPED,12,1.0,16.0,0.0,5.0,0.0,0.0,4.0,0.0,1.0,1.0,35.0,5.0,1.0,162.0,10.0,1.0,0.0
LIVE_BELIEF,HYBRID,Q00_CLEAN,RESTRICTION_CHANGE,HIGH,4,COMPACT_TYPED,12,1.0,8.0,0.0,3.0,0.0,0.0,2.0,1.0,1.0,1.0,20.0,3.0,1.0,164.0,6.0,1.0,0.0
LIVE_BELIEF,HYBRID,Q00_CLEAN,RESTRICTION_CHANGE,HIGH,4,VERBOSE_TYPED,12,1.0,8.0,0.0,3.0,0.0,0.0,2.0,1.0,1.0,1.0,23.0,3.0,1.0,165.0,6.0,1.0,0.0
LIVE_BELIEF,HYBRID,Q00_CLEAN,RESTRICTION_CHANGE,HIGH,8,COMPACT_TYPED,12,1.0,12.0,0.0,5.0,0.0,0.0,4.0,1.0,1.0,1.0,32.0,5.0,1.0,164.0,8.0,1.0,0.0
LIVE_BELIEF,HYBRID,Q00_CLEAN,RESTRICTION_CHANGE,HIGH,8,VERBOSE_TYPED,12,1.0,12.0,0.0,5.0,0.0,0.0,4.0,1.0,1.0,1.0,35.0,5.0,1.0,165.0,8.0,1.0,0.0
LIVE_BELIEF,HYBRID,Q00_CLEAN,RESTRICTION_CHANGE,HIGH,12,COMPACT_TYPED,12,1.0,16.0,0.0,5.0,0.0,0.0,4.0,1.0,1.0,1.0,32.0,5.0,1.0,164.0,10.0,1.0,0.0
LIVE_BELIEF,HYBRID,Q00_CLEAN,RESTRICTION_CHANGE,HIGH,12,VERBOSE_TYPED,12,1.0,16.0,0.0,5.0,0.0,0.0,4.0,1.0,1.0,1.0,35.0,5.0,1.0,165.0,10.0,1.0,0.0
LIVE_BELIEF,HYBRID,Q00_CLEAN,RESTRICTION_CHANGE,LOW,4,COMPACT_TYPED,12,1.0,8.0,0.0,3.0,0.0,0.0,2.0,1.0,1.0,1.0,20.0,3.0,1.0,164.0,6.0,1.0,0.0
LIVE_BELIEF,HYBRID,Q00_CLEAN,RESTRICTION_CHANGE,LOW,4,VERBOSE_TYPED,12,1.0,8.0,0.0,3.0,0.0,0.0,2.0,1.0,1.0,1.0,23.0,3.0,1.0,165.0,6.0,1.0,0.0
LIVE_BELIEF,HYBRID,Q00_CLEAN,RESTRICTION_CHANGE,LOW,8,COMPACT_TYPED,12,1.0,12.0,0.0,5.0,0.0,0.0,4.0,1.0,1.0,1.0,32.0,5.0,1.0,164.0,8.0,1.0,0.0
LIVE_BELIEF,HYBRID,Q00_CLEAN,RESTRICTION_CHANGE,LOW,8,VERBOSE_TYPED,12,1.0,12.0,0.0,5.0,0.0,0.0,4.0,1.0,1.0,1.0,35.0,5.0,1.0,165.0,8.0,1.0,0.0
LIVE_BELIEF,HYBRID,Q00_CLEAN,RESTRICTION_CHANGE,LOW,12,COMPACT_TYPED,12,1.0,16.0,0.0,5.0,0.0,0.0,4.0,1.0,1.0,1.0,32.0,5.0,1.0,164.0,10.0,1.0,0.0
LIVE_BELIEF,HYBRID,Q00_CLEAN,RESTRICTION_CHANGE,LOW,12,VERBOSE_TYPED,12,1.0,16.0,0.0,5.0,0.0,0.0,4.0,1.0,1.0,1.0,35.0,5.0,1.0,165.0,10.0,1.0,0.0
LIVE_BELIEF,HYBRID,Q01_RECALL75,AVAILABILITY_LOSS,HIGH,4,COMPACT_TYPED,12,0.58333333,5.08333333,2.91666667,4.25,0.0,0.41666667,3.66666667,0.58333333,0.58333333,0.58333333,32.5,4.25,0.58333333,97.41666667,6.83333333,0.58333333,2.08333333
LIVE_BELIEF,HYBRID,Q01_RECALL75,AVAILABILITY_LOSS,HIGH,4,VERBOSE_TYPED,12,0.58333333,5.08333333,2.91666667,4.25,0.0,0.41666667,3.66666667,0.58333333,0.58333333,0.58333333,34.25,4.25,0.58333333,98.0,6.83333333,0.58333333,2.08333333
LIVE_BELIEF,HYBRID,Q01_RECALL75,AVAILABILITY_LOSS,HIGH,8,COMPACT_TYPED,12,0.83333333,10.5,1.5,5.5,0.0,0.16666667,4.66666667,0.83333333,0.83333333,0.83333333,37.66666667,5.5,0.83333333,139.16666667,8.66666667,0.83333333,1.16666667
LIVE_BELIEF,HYBRID,Q01_RECALL75,AVAILABILITY_LOSS,HIGH,8,VERBOSE_TYPED,12,0.83333333,10.5,1.5,5.5,0.0,0.16666667,4.66666667,0.83333333,0.83333333,0.83333333,40.16666667,5.5,0.83333333,140.0,8.66666667,0.83333333,1.16666667
LIVE_BELIEF,HYBRID,Q01_RECALL75,AVAILABILITY_LOSS,HIGH,12,COMPACT_TYPED,12,0.66666667,12.33333333,3.66666667,7.0,0.0,0.33333333,6.33333333,0.66666667,0.66666667,0.66666667,50.66666667,7.0,0.66666667,111.33333333,12.0,0.66666667,3.0
LIVE_BELIEF,HYBRID,Q01_RECALL75,AVAILABILITY_LOSS,HIGH,12,VERBOSE_TYPED,12,0.66666667,12.33333333,3.66666667,7.0,0.0,0.33333333,6.33333333,0.66666667,0.66666667,0.66666667,52.66666667,7.0,0.66666667,112.0,12.0,0.66666667,3.0
LIVE_BELIEF,HYBRID,Q01_RECALL75,AVAILABILITY_LOSS,LOW,4,COMPACT_TYPED,12,0.66666667,5.66666667,2.33333333,4.0,0.0,0.33333333,3.33333333,0.66666667,0.66666667,0.66666667,30.0,4.0,0.66666667,111.33333333,6.66666667,0.66666667,1.66666667
LIVE_BELIEF,HYBRID,Q01_RECALL75,AVAILABILITY_LOSS,LOW,4,VERBOSE_TYPED,12,0.66666667,5.66666667,2.33333333,4.0,0.0,0.33333333,3.33333333,0.66666667,0.66666667,0.66666667,32.0,4.0,0.66666667,112.0,6.66666667,0.66666667,1.66666667
LIVE_BELIEF,HYBRID,Q01_RECALL75,AVAILABILITY_LOSS,LOW,8,COMPACT_TYPED,12,0.83333333,10.5,1.5,5.5,0.0,0.16666667,4.66666667,0.83333333,0.83333333,0.83333333,37.66666667,5.5,0.83333333,139.16666667,8.66666667,0.83333333,1.16666667
LIVE_BELIEF,HYBRID,Q01_RECALL75,AVAILABILITY_LOSS,LOW,8,VERBOSE_TYPED,12,0.83333333,10.5,1.5,5.5,0.0,0.16666667,4.66666667,0.83333333,0.83333333,0.83333333,40.16666667,5.5,0.83333333,140.0,8.66666667,0.83333333,1.16666667
LIVE_BELIEF,HYBRID,Q01_RECALL75,AVAILABILITY_LOSS,LOW,12,COMPACT_TYPED,12,0.83333333,14.16666667,1.83333333,6.0,0.0,0.16666667,5.16666667,0.83333333,0.83333333,0.83333333,41.33333333,6.0,0.83333333,139.16666667,11.0,0.83333333,1.5
LIVE_BELIEF,HYBRID,Q01_RECALL75,AVAILABILITY_LOSS,LOW,12,VERBOSE_TYPED,12,0.83333333,14.16666667,1.83333333,6.0,0.0,0.16666667,5.16666667,0.83333333,0.83333333,0.83333333,43.83333333,6.0,0.83333333,140.0,11.0,0.83333333,1.5
LIVE_BELIEF,HYBRID,Q01_RECALL75,CONTROL_FAILURE,HIGH,4,COMPACT_TYPED,12,1.0,5.0,3.0,4.66666667,0.0,0.33333333,4.66666667,0.0,0.66666667,0.66666667,35.33333333,4.66666667,0.66666667,110.66666667,6.66666667,0.66666667,2.0
LIVE_BELIEF,HYBRID,Q01_RECALL75,CONTROL_FAILURE,HIGH,4,VERBOSE_TYPED,12,1.0,5.0,3.0,4.66666667,0.0,0.33333333,4.66666667,0.0,0.66666667,0.66666667,37.33333333,4.66666667,0.66666667,111.33333333,6.66666667,0.66666667,2.0
LIVE_BELIEF,HYBRID,Q01_RECALL75,CONTROL_FAILURE,HIGH,8,COMPACT_TYPED,12,1.0,9.0,3.0,5.58333333,0.0,0.41666667,5.58333333,0.0,0.58333333,0.58333333,40.66666667,5.58333333,0.58333333,96.83333333,9.66666667,0.58333333,2.0
LIVE_BELIEF,HYBRID,Q01_RECALL75,CONTROL_FAILURE,HIGH,8,VERBOSE_TYPED,12,1.0,9.0,3.0,5.58333333,0.0,0.41666667,5.58333333,0.0,0.58333333,0.58333333,42.41666667,5.58333333,0.58333333,97.41666667,9.66666667,0.58333333,2.0
LIVE_BELIEF,HYBRID,Q01_RECALL75,CONTROL_FAILURE,HIGH,12,COMPACT_TYPED,12,1.0,13.0,3.0,6.0,0.0,0.16666667,6.0,0.0,0.83333333,0.83333333,43.66666667,6.0,0.83333333,138.33333333,11.0,0.83333333,2.0
LIVE_BELIEF,HYBRID,Q01_RECALL75,CONTROL_FAILURE,HIGH,12,VERBOSE_TYPED,12,1.0,13.0,3.0,6.0,0.0,0.16666667,6.0,0.0,0.83333333,0.83333333,46.16666667,6.0,0.83333333,139.16666667,11.0,0.83333333,2.0
LIVE_BELIEF,HYBRID,Q01_RECALL75,CONTROL_FAILURE,LOW,4,COMPACT_TYPED,12,1.0,6.0,2.0,3.91666667,0.0,0.08333333,3.91666667,0.0,0.91666667,0.91666667,29.33333333,3.91666667,0.91666667,152.16666667,6.16666667,0.91666667,1.0
LIVE_BELIEF,HYBRID,Q01_RECALL75,CONTROL_FAILURE,LOW,4,VERBOSE_TYPED,12,1.0,6.0,2.0,3.91666667,0.0,0.08333333,3.91666667,0.0,0.91666667,0.91666667,32.08333333,3.91666667,0.91666667,153.08333333,6.16666667,0.91666667,1.0
LIVE_BELIEF,HYBRID,Q01_RECALL75,CONTROL_FAILURE,LOW,8,COMPACT_TYPED,12,1.0,10.0,2.0,4.66666667,0.0,0.33333333,4.66666667,0.0,0.66666667,0.66666667,33.33333333,4.66666667,0.66666667,110.66666667,9.33333333,0.66666667,1.0
LIVE_BELIEF,HYBRID,Q01_RECALL75,CONTROL_FAILURE,LOW,8,VERBOSE_TYPED,12,1.0,10.0,2.0,4.66666667,0.0,0.33333333,4.66666667,0.0,0.66666667,0.66666667,35.33333333,4.66666667,0.66666667,111.33333333,9.33333333,0.66666667,1.0
LIVE_BELIEF,HYBRID,Q01_RECALL75,CONTROL_FAILURE,LOW,12,COMPACT_TYPED,12,1.0,14.0,2.0,6.0,0.0,0.16666667,6.0,0.0,0.83333333,0.83333333,41.66666667,6.0,0.83333333,138.33333333,11.0,0.83333333,1.0
LIVE_BELIEF,HYBRID,Q01_RECALL75,CONTROL_FAILURE,LOW,12,VERBOSE_TYPED,12,1.0,14.0,2.0,6.0,0.0,0.16666667,6.0,0.0,0.83333333,0.83333333,44.16666667,6.0,0.83333333,139.16666667,11.0,0.83333333,1.0
LIVE_BELIEF,HYBRID,Q01_RECALL75,POSE_SHIFT,HIGH,4,COMPACT_TYPED,12,0.66666667,5.66666667,2.33333333,4.0,0.0,0.33333333,3.33333333,0.0,0.66666667,0.66666667,30.0,4.0,0.66666667,107.33333333,6.66666667,0.66666667,1.66666667
LIVE_BELIEF,HYBRID,Q01_RECALL75,POSE_SHIFT,HIGH,4,VERBOSE_TYPED,12,0.66666667,5.66666667,2.33333333,4.0,0.0,0.33333333,3.33333333,0.0,0.66666667,0.66666667,32.0,4.0,0.66666667,108.0,6.66666667,0.66666667,1.66666667
LIVE_BELIEF,HYBRID,Q01_RECALL75,POSE_SHIFT,HIGH,8,COMPACT_TYPED,12,0.41666667,6.75,5.25,6.75,0.0,0.58333333,6.33333333,0.0,0.41666667,0.41666667,51.83333333,6.75,0.41666667,67.08333333,10.33333333,0.41666667,4.08333333
LIVE_BELIEF,HYBRID,Q01_RECALL75,POSE_SHIFT,HIGH,8,VERBOSE_TYPED,12,0.41666667,6.75,5.25,6.75,0.0,0.58333333,6.33333333,0.0,0.41666667,0.41666667,53.08333333,6.75,0.41666667,67.5,10.33333333,0.41666667,4.08333333
LIVE_BELIEF,HYBRID,Q01_RECALL75,POSE_SHIFT,HIGH,12,COMPACT_TYPED,12,0.66666667,12.33333333,3.66666667,7.0,0.0,0.33333333,6.33333333,0.0,0.66666667,0.66666667,50.66666667,7.0,0.66666667,107.33333333,12.0,0.66666667,3.0
LIVE_BELIEF,HYBRID,Q01_RECALL75,POSE_SHIFT,HIGH,12,VERBOSE_TYPED,12,0.66666667,12.33333333,3.66666667,7.0,0.0,0.33333333,6.33333333,0.0,0.66666667,0.66666667,52.66666667,7.0,0.66666667,108.0,12.0,0.66666667,3.0
LIVE_BELIEF,HYBRID,Q01_RECALL75,POSE_SHIFT,LOW,4,COMPACT_TYPED,12,0.66666667,5.66666667,2.33333333,4.0,0.0,0.33333333,3.33333333,0.0,0.66666667,0.66666667,30.0,4.0,0.66666667,107.33333333,6.66666667,0.66666667,1.66666667
LIVE_BELIEF,HYBRID,Q01_RECALL75,POSE_SHIFT,LOW,4,VERBOSE_TYPED,12,0.66666667,5.66666667,2.33333333,4.0,0.0,0.33333333,3.33333333,0.0,0.66666667,0.66666667,32.0,4.0,0.66666667,108.0,6.66666667,0.66666667,1.66666667
LIVE_BELIEF,HYBRID,Q01_RECALL75,POSE_SHIFT,LOW,8,COMPACT_TYPED,12,0.58333333,8.25,3.75,6.25,0.0,0.41666667,5.66666667,0.0,0.58333333,0.58333333,46.16666667,6.25,0.58333333,93.91666667,9.66666667,0.58333333,2.91666667
LIVE_BELIEF,HYBRID,Q01_RECALL75,POSE_SHIFT,LOW,8,VERBOSE_TYPED,12,0.58333333,8.25,3.75,6.25,0.0,0.41666667,5.66666667,0.0,0.58333333,0.58333333,47.91666667,6.25,0.58333333,94.5,9.66666667,0.58333333,2.91666667
LIVE_BELIEF,HYBRID,Q01_RECALL75,POSE_SHIFT,LOW,12,COMPACT_TYPED,12,0.66666667,12.33333333,3.66666667,7.0,0.0,0.33333333,6.33333333,0.0,0.66666667,0.66666667,50.66666667,7.0,0.66666667,107.33333333,12.0,0.66666667,3.0
LIVE_BELIEF,HYBRID,Q01_RECALL75,POSE_SHIFT,LOW,12,VERBOSE_TYPED,12,0.66666667,12.33333333,3.66666667,7.0,0.0,0.33333333,6.33333333,0.0,0.66666667,0.66666667,52.66666667,7.0,0.66666667,108.0,12.0,0.66666667,3.0
LIVE_BELIEF,HYBRID,Q01_RECALL75,RESTRICTION_CHANGE,HIGH,4,COMPACT_TYPED,12,0.75,6.25,1.75,3.75,0.0,0.25,3.0,0.75,0.75,0.75,27.5,3.75,0.75,123.0,6.5,0.75,1.25
LIVE_BELIEF,HYBRID,Q01_RECALL75,RESTRICTION_CHANGE,HIGH,4,VERBOSE_TYPED,12,0.75,6.25,1.75,3.75,0.0,0.25,3.0,0.75,0.75,0.75,29.75,3.75,0.75,123.75,6.5,0.75,1.25
LIVE_BELIEF,HYBRID,Q01_RECALL75,RESTRICTION_CHANGE,HIGH,8,COMPACT_TYPED,12,0.75,9.75,2.25,5.75,0.0,0.25,5.0,0.75,0.75,0.75,40.5,5.75,0.75,123.0,9.0,0.75,1.75
LIVE_BELIEF,HYBRID,Q01_RECALL75,RESTRICTION_CHANGE,HIGH,8,VERBOSE_TYPED,12,0.75,9.75,2.25,5.75,0.0,0.25,5.0,0.75,0.75,0.75,42.75,5.75,0.75,123.75,9.0,0.75,1.75
LIVE_BELIEF,HYBRID,Q01_RECALL75,RESTRICTION_CHANGE,HIGH,12,COMPACT_TYPED,12,0.83333333,14.16666667,1.83333333,6.0,0.0,0.16666667,5.16666667,0.83333333,0.83333333,0.83333333,41.33333333,6.0,0.83333333,136.66666667,11.0,0.83333333,1.5
LIVE_BELIEF,HYBRID,Q01_RECALL75,RESTRICTION_CHANGE,HIGH,12,VERBOSE_TYPED,12,0.83333333,14.16666667,1.83333333,6.0,0.0,0.16666667,5.16666667,0.83333333,0.83333333,0.83333333,43.83333333,6.0,0.83333333,137.5,11.0,0.83333333,1.5
LIVE_BELIEF,HYBRID,Q01_RECALL75,RESTRICTION_CHANGE,LOW,4,COMPACT_TYPED,12,0.83333333,6.83333333,1.16666667,3.5,0.0,0.16666667,2.66666667,0.83333333,0.83333333,0.83333333,25.0,3.5,0.83333333,136.66666667,6.33333333,0.83333333,0.83333333
LIVE_BELIEF,HYBRID,Q01_RECALL75,RESTRICTION_CHANGE,LOW,4,VERBOSE_TYPED,12,0.83333333,6.83333333,1.16666667,3.5,0.0,0.16666667,2.66666667,0.83333333,0.83333333,0.83333333,27.5,3.5,0.83333333,137.5,6.33333333,0.83333333,0.83333333
LIVE_BELIEF,HYBRID,Q01_RECALL75,RESTRICTION_CHANGE,LOW,8,COMPACT_TYPED,12,0.75,9.75,2.25,5.75,0.0,0.25,5.0,0.75,0.75,0.75,40.5,5.75,0.75,123.0,9.0,0.75,1.75
LIVE_BELIEF,HYBRID,Q01_RECALL75,RESTRICTION_CHANGE,LOW,8,VERBOSE_TYPED,12,0.75,9.75,2.25,5.75,0.0,0.25,5.0,0.75,0.75,0.75,42.75,5.75,0.75,123.75,9.0,0.75,1.75
LIVE_BELIEF,HYBRID,Q01_RECALL75,RESTRICTION_CHANGE,LOW,12,COMPACT_TYPED,12,0.75,13.25,2.75,6.5,0.0,0.25,5.75,0.75,0.75,0.75,46.0,6.5,0.75,123.0,11.5,0.75,2.25
LIVE_BELIEF,HYBRID,Q01_RECALL75,RESTRICTION_CHANGE,LOW,12,VERBOSE_TYPED,12,0.75,13.25,2.75,6.5,0.0,0.25,5.75,0.75,0.75,0.75,48.25,6.5,0.75,123.75,11.5,0.75,2.25
LIVE_BELIEF,HYBRID,Q02_RECALL50,AVAILABILITY_LOSS,HIGH,4,COMPACT_TYPED,12,0.5,4.5,3.5,4.5,0.0,0.5,4.0,0.5,0.5,0.5,35.0,4.5,0.5,83.5,7.0,0.5,2.5
LIVE_BELIEF,HYBRID,Q02_RECALL50,AVAILABILITY_LOSS,HIGH,4,VERBOSE_TYPED,12,0.5,4.5,3.5,4.5,0.0,0.5,4.0,0.5,0.5,0.5,36.5,4.5,0.5,84.0,7.0,0.5,2.5
LIVE_BELIEF,HYBRID,Q02_RECALL50,AVAILABILITY_LOSS,HIGH,8,COMPACT_TYPED,12,0.66666667,9.0,3.0,6.0,0.0,0.33333333,5.33333333,0.66666667,0.66666667,0.66666667,43.33333333,6.0,0.66666667,111.33333333,9.33333333,0.66666667,2.33333333
LIVE_BELIEF,HYBRID,Q02_RECALL50,AVAILABILITY_LOSS,HIGH,8,VERBOSE_TYPED,12,0.66666667,9.0,3.0,6.0,0.0,0.33333333,5.33333333,0.66666667,0.66666667,0.66666667,45.33333333,6.0,0.66666667,112.0,9.33333333,0.66666667,2.33333333
LIVE_BELIEF,HYBRID,Q02_RECALL50,AVAILABILITY_LOSS,HIGH,12,COMPACT_TYPED,12,0.41666667,9.58333333,6.41666667,8.5,0.0,0.58333333,8.08333333,0.41666667,0.41666667,0.41666667,64.66666667,8.5,0.41666667,69.58333333,13.5,0.41666667,5.25
LIVE_BELIEF,HYBRID,Q02_RECALL50,AVAILABILITY_LOSS,HIGH,12,VERBOSE_TYPED,12,0.41666667,9.58333333,6.41666667,8.5,0.0,0.58333333,8.08333333,0.41666667,0.41666667,0.41666667,65.91666667,8.5,0.41666667,70.0,13.5,0.41666667,5.25
LIVE_BELIEF,HYBRID,Q02_RECALL50,AVAILABILITY_LOSS,LOW,4,COMPACT_TYPED,12,0.33333333,3.33333333,4.66666667,5.0,0.0,0.66666667,4.66666667,0.33333333,0.33333333,0.33333333,40.0,5.0,0.33333333,55.66666667,7.33333333,0.33333333,3.33333333
LIVE_BELIEF,HYBRID,Q02_RECALL50,AVAILABILITY_LOSS,LOW,4,VERBOSE_TYPED,12,0.33333333,3.33333333,4.66666667,5.0,0.0,0.66666667,4.66666667,0.33333333,0.33333333,0.33333333,41.0,5.0,0.33333333,56.0,7.33333333,0.33333333,3.33333333
LIVE_BELIEF,HYBRID,Q02_RECALL50,AVAILABILITY_LOSS,LOW,8,COMPACT_TYPED,12,0.58333333,8.25,3.75,6.25,0.0,0.41666667,5.66666667,0.58333333,0.58333333,0.58333333,46.16666667,6.25,0.58333333,97.41666667,9.66666667,0.58333333,2.91666667
LIVE_BELIEF,HYBRID,Q02_RECALL50,AVAILABILITY_LOSS,LOW,8,VERBOSE_TYPED,12,0.58333333,8.25,3.75,6.25,0.0,0.41666667,5.66666667,0.58333333,0.58333333,0.58333333,47.91666667,6.25,0.58333333,98.0,9.66666667,0.58333333,2.91666667
LIVE_BELIEF,HYBRID,Q02_RECALL50,AVAILABILITY_LOSS,LOW,12,COMPACT_TYPED,12,0.66666667,12.33333333,3.66666667,7.0,0.0,0.33333333,6.33333333,0.66666667,0.66666667,0.66666667,50.66666667,7.0,0.66666667,111.33333333,12.0,0.66666667,3.0
LIVE_BELIEF,HYBRID,Q02_RECALL50,AVAILABILITY_LOSS,LOW,12,VERBOSE_TYPED,12,0.66666667,12.33333333,3.66666667,7.0,0.0,0.33333333,6.33333333,0.66666667,0.66666667,0.66666667,52.66666667,7.0,0.66666667,112.0,12.0,0.66666667,3.0
LIVE_BELIEF,HYBRID,Q02_RECALL50,CONTROL_FAILURE,HIGH,4,COMPACT_TYPED,12,1.0,5.0,3.0,4.5,0.0,0.5,4.5,0.0,0.5,0.5,34.0,4.5,0.5,83.0,7.0,0.5,2.0
LIVE_BELIEF,HYBRID,Q02_RECALL50,CONTROL_FAILURE,HIGH,4,VERBOSE_TYPED,12,1.0,5.0,3.0,4.5,0.0,0.5,4.5,0.0,0.5,0.5,35.5,4.5,0.5,83.5,7.0,0.5,2.0
LIVE_BELIEF,HYBRID,Q02_RECALL50,CONTROL_FAILURE,HIGH,8,COMPACT_TYPED,12,1.0,9.0,3.0,5.41666667,0.0,0.58333333,5.41666667,0.0,0.41666667,0.41666667,39.33333333,5.41666667,0.41666667,69.16666667,10.33333333,0.41666667,2.0
LIVE_BELIEF,HYBRID,Q02_RECALL50,CONTROL_FAILURE,HIGH,8,VERBOSE_TYPED,12,1.0,9.0,3.0,5.41666667,0.0,0.58333333,5.41666667,0.0,0.41666667,0.41666667,40.58333333,5.41666667,0.41666667,69.58333333,10.33333333,0.41666667,2.0
LIVE_BELIEF,HYBRID,Q02_RECALL50,CONTROL_FAILURE,HIGH,12,COMPACT_TYPED,12,1.0,13.0,3.0,6.0,0.0,0.41666667,6.0,0.0,0.58333333,0.58333333,43.16666667,6.0,0.58333333,96.83333333,12.5,0.58333333,2.0
LIVE_BELIEF,HYBRID,Q02_RECALL50,CONTROL_FAILURE,HIGH,12,VERBOSE_TYPED,12,1.0,13.0,3.0,6.0,0.0,0.41666667,6.0,0.0,0.58333333,0.58333333,44.91666667,6.0,0.58333333,97.41666667,12.5,0.58333333,2.0
LIVE_BELIEF,HYBRID,Q02_RECALL50,CONTROL_FAILURE,LOW,4,COMPACT_TYPED,12,1.0,6.0,2.0,3.83333333,0.0,0.16666667,3.83333333,0.0,0.83333333,0.83333333,28.66666667,3.83333333,0.83333333,138.33333333,6.33333333,0.83333333,1.0
LIVE_BELIEF,HYBRID,Q02_RECALL50,CONTROL_FAILURE,LOW,4,VERBOSE_TYPED,12,1.0,6.0,2.0,3.83333333,0.0,0.16666667,3.83333333,0.0,0.83333333,0.83333333,31.16666667,3.83333333,0.83333333,139.16666667,6.33333333,0.83333333,1.0
LIVE_BELIEF,HYBRID,Q02_RECALL50,CONTROL_FAILURE,LOW,8,COMPACT_TYPED,12,1.0,10.0,2.0,4.58333333,0.0,0.41666667,4.58333333,0.0,0.58333333,0.58333333,32.66666667,4.58333333,0.58333333,96.83333333,9.66666667,0.58333333,1.0
LIVE_BELIEF,HYBRID,Q02_RECALL50,CONTROL_FAILURE,LOW,8,VERBOSE_TYPED,12,1.0,10.0,2.0,4.58333333,0.0,0.41666667,4.58333333,0.0,0.58333333,0.58333333,34.41666667,4.58333333,0.58333333,97.41666667,9.66666667,0.58333333,1.0
LIVE_BELIEF,HYBRID,Q02_RECALL50,CONTROL_FAILURE,LOW,12,COMPACT_TYPED,12,1.0,14.0,2.0,6.0,0.0,0.66666667,6.0,0.0,0.33333333,0.33333333,40.66666667,6.0,0.33333333,55.33333333,14.0,0.33333333,1.0
LIVE_BELIEF,HYBRID,Q02_RECALL50,CONTROL_FAILURE,LOW,12,VERBOSE_TYPED,12,1.0,14.0,2.0,6.0,0.0,0.66666667,6.0,0.0,0.33333333,0.33333333,41.66666667,6.0,0.33333333,55.66666667,14.0,0.33333333,1.0
LIVE_BELIEF,HYBRID,Q02_RECALL50,POSE_SHIFT,HIGH,4,COMPACT_TYPED,12,0.33333333,3.33333333,4.66666667,5.0,0.0,0.66666667,4.66666667,0.0,0.33333333,0.33333333,40.0,5.0,0.33333333,53.66666667,7.33333333,0.33333333,3.33333333
LIVE_BELIEF,HYBRID,Q02_RECALL50,POSE_SHIFT,HIGH,4,VERBOSE_TYPED,12,0.33333333,3.33333333,4.66666667,5.0,0.0,0.66666667,4.66666667,0.0,0.33333333,0.33333333,41.0,5.0,0.33333333,54.0,7.33333333,0.33333333,3.33333333
LIVE_BELIEF,HYBRID,Q02_RECALL50,POSE_SHIFT,HIGH,8,COMPACT_TYPED,12,0.41666667,6.75,5.25,6.75,0.0,0.58333333,6.33333333,0.0,0.41666667,0.41666667,51.83333333,6.75,0.41666667,67.08333333,10.33333333,0.41666667,4.08333333
LIVE_BELIEF,HYBRID,Q02_RECALL50,POSE_SHIFT,HIGH,8,VERBOSE_TYPED,12,0.41666667,6.75,5.25,6.75,0.0,0.58333333,6.33333333,0.0,0.41666667,0.41666667,53.08333333,6.75,0.41666667,67.5,10.33333333,0.41666667,4.08333333
LIVE_BELIEF,HYBRID,Q02_RECALL50,POSE_SHIFT,HIGH,12,COMPACT_TYPED,12,0.5,10.5,5.5,8.0,0.0,0.5,7.5,0.0,0.5,0.5,60.0,8.0,0.5,80.5,13.0,0.5,4.5
LIVE_BELIEF,HYBRID,Q02_RECALL50,POSE_SHIFT,HIGH,12,VERBOSE_TYPED,12,0.5,10.5,5.5,8.0,0.0,0.5,7.5,0.0,0.5,0.5,61.5,8.0,0.5,81.0,13.0,0.5,4.5
LIVE_BELIEF,HYBRID,Q02_RECALL50,POSE_SHIFT,LOW,4,COMPACT_TYPED,12,0.58333333,5.08333333,2.91666667,4.25,0.0,0.41666667,3.66666667,0.0,0.58333333,0.58333333,32.5,4.25,0.58333333,93.91666667,6.83333333,0.58333333,2.08333333
LIVE_BELIEF,HYBRID,Q02_RECALL50,POSE_SHIFT,LOW,4,VERBOSE_TYPED,12,0.58333333,5.08333333,2.91666667,4.25,0.0,0.41666667,3.66666667,0.0,0.58333333,0.58333333,34.25,4.25,0.58333333,94.5,6.83333333,0.58333333,2.08333333
LIVE_BELIEF,HYBRID,Q02_RECALL50,POSE_SHIFT,LOW,8,COMPACT_TYPED,12,0.33333333,6.0,6.0,7.0,0.0,0.66666667,6.66666667,0.0,0.33333333,0.33333333,54.66666667,7.0,0.33333333,53.66666667,10.66666667,0.33333333,4.66666667
LIVE_BELIEF,HYBRID,Q02_RECALL50,POSE_SHIFT,LOW,8,VERBOSE_TYPED,12,0.33333333,6.0,6.0,7.0,0.0,0.66666667,6.66666667,0.0,0.33333333,0.33333333,55.66666667,7.0,0.33333333,54.0,10.66666667,0.33333333,4.66666667
LIVE_BELIEF,HYBRID,Q02_RECALL50,POSE_SHIFT,LOW,12,COMPACT_TYPED,12,0.33333333,8.66666667,7.33333333,9.0,0.0,0.66666667,8.66666667,0.0,0.33333333,0.33333333,69.33333333,9.0,0.33333333,53.66666667,14.0,0.33333333,6.0
LIVE_BELIEF,HYBRID,Q02_RECALL50,POSE_SHIFT,LOW,12,VERBOSE_TYPED,12,0.33333333,8.66666667,7.33333333,9.0,0.0,0.66666667,8.66666667,0.0,0.33333333,0.33333333,70.33333333,9.0,0.33333333,54.0,14.0,0.33333333,6.0
LIVE_BELIEF,HYBRID,Q02_RECALL50,RESTRICTION_CHANGE,HIGH,4,COMPACT_TYPED,12,0.41666667,3.91666667,4.08333333,4.75,0.0,0.58333333,4.33333333,0.41666667,0.41666667,0.41666667,37.5,4.75,0.41666667,68.33333333,7.16666667,0.41666667,2.91666667
LIVE_BELIEF,HYBRID,Q02_RECALL50,RESTRICTION_CHANGE,HIGH,4,VERBOSE_TYPED,12,0.41666667,3.91666667,4.08333333,4.75,0.0,0.58333333,4.33333333,0.41666667,0.41666667,0.41666667,38.75,4.75,0.41666667,68.75,7.16666667,0.41666667,2.91666667
LIVE_BELIEF,HYBRID,Q02_RECALL50,RESTRICTION_CHANGE,HIGH,8,COMPACT_TYPED,12,0.5,7.5,4.5,6.5,0.0,0.5,6.0,0.5,0.5,0.5,49.0,6.5,0.5,82.0,10.0,0.5,3.5
LIVE_BELIEF,HYBRID,Q02_RECALL50,RESTRICTION_CHANGE,HIGH,8,VERBOSE_TYPED,12,0.5,7.5,4.5,6.5,0.0,0.5,6.0,0.5,0.5,0.5,50.5,6.5,0.5,82.5,10.0,0.5,3.5
LIVE_BELIEF,HYBRID,Q02_RECALL50,RESTRICTION_CHANGE,HIGH,12,COMPACT_TYPED,12,0.5,10.5,5.5,8.0,0.0,0.5,7.5,0.5,0.5,0.5,60.0,8.0,0.5,82.0,13.0,0.5,4.5
LIVE_BELIEF,HYBRID,Q02_RECALL50,RESTRICTION_CHANGE,HIGH,12,VERBOSE_TYPED,12,0.5,10.5,5.5,8.0,0.0,0.5,7.5,0.5,0.5,0.5,61.5,8.0,0.5,82.5,13.0,0.5,4.5
LIVE_BELIEF,HYBRID,Q02_RECALL50,RESTRICTION_CHANGE,LOW,4,COMPACT_TYPED,12,0.66666667,5.66666667,2.33333333,4.0,0.0,0.33333333,3.33333333,0.66666667,0.66666667,0.66666667,30.0,4.0,0.66666667,109.33333333,6.66666667,0.66666667,1.66666667
LIVE_BELIEF,HYBRID,Q02_RECALL50,RESTRICTION_CHANGE,LOW,4,VERBOSE_TYPED,12,0.66666667,5.66666667,2.33333333,4.0,0.0,0.33333333,3.33333333,0.66666667,0.66666667,0.66666667,32.0,4.0,0.66666667,110.0,6.66666667,0.66666667,1.66666667
LIVE_BELIEF,HYBRID,Q02_RECALL50,RESTRICTION_CHANGE,LOW,8,COMPACT_TYPED,12,0.41666667,6.75,5.25,6.75,0.0,0.58333333,6.33333333,0.41666667,0.41666667,0.41666667,51.83333333,6.75,0.41666667,68.33333333,10.33333333,0.41666667,4.08333333
LIVE_BELIEF,HYBRID,Q02_RECALL50,RESTRICTION_CHANGE,LOW,8,VERBOSE_TYPED,12,0.41666667,6.75,5.25,6.75,0.0,0.58333333,6.33333333,0.41666667,0.41666667,0.41666667,53.08333333,6.75,0.41666667,68.75,10.33333333,0.41666667,4.08333333
LIVE_BELIEF,HYBRID,Q02_RECALL50,RESTRICTION_CHANGE,LOW,12,COMPACT_TYPED,12,0.41666667,9.58333333,6.41666667,8.5,0.0,0.58333333,8.08333333,0.41666667,0.41666667,0.41666667,64.66666667,8.5,0.41666667,68.33333333,13.5,0.41666667,5.25
LIVE_BELIEF,HYBRID,Q02_RECALL50,RESTRICTION_CHANGE,LOW,12,VERBOSE_TYPED,12,0.41666667,9.58333333,6.41666667,8.5,0.0,0.58333333,8.08333333,0.41666667,0.41666667,0.41666667,65.91666667,8.5,0.41666667,68.75,13.5,0.41666667,5.25
LIVE_BELIEF,HYBRID,Q03_RECALL25,AVAILABILITY_LOSS,HIGH,4,COMPACT_TYPED,12,0.16666667,2.16666667,5.83333333,5.5,0.0,0.83333333,5.33333333,0.16666667,0.16666667,0.16666667,45.0,5.5,0.16666667,27.83333333,7.66666667,0.16666667,4.16666667
LIVE_BELIEF,HYBRID,Q03_RECALL25,AVAILABILITY_LOSS,HIGH,4,VERBOSE_TYPED,12,0.16666667,2.16666667,5.83333333,5.5,0.0,0.83333333,5.33333333,0.16666667,0.16666667,0.16666667,45.5,5.5,0.16666667,28.0,7.66666667,0.16666667,4.16666667
LIVE_BELIEF,HYBRID,Q03_RECALL25,AVAILABILITY_LOSS,HIGH,8,COMPACT_TYPED,12,0.5,7.5,4.5,6.5,0.0,0.5,6.0,0.5,0.5,0.5,49.0,6.5,0.5,83.5,10.0,0.5,3.5
LIVE_BELIEF,HYBRID,Q03_RECALL25,AVAILABILITY_LOSS,HIGH,8,VERBOSE_TYPED,12,0.5,7.5,4.5,6.5,0.0,0.5,6.0,0.5,0.5,0.5,50.5,6.5,0.5,84.0,10.0,0.5,3.5
LIVE_BELIEF,HYBRID,Q03_RECALL25,AVAILABILITY_LOSS,HIGH,12,COMPACT_TYPED,12,0.25,7.75,8.25,9.5,0.0,0.75,9.25,0.25,0.25,0.25,74.0,9.5,0.25,41.75,14.5,0.25,6.75
LIVE_BELIEF,HYBRID,Q03_RECALL25,AVAILABILITY_LOSS,HIGH,12,VERBOSE_TYPED,12,0.25,7.75,8.25,9.5,0.0,0.75,9.25,0.25,0.25,0.25,74.75,9.5,0.25,42.0,14.5,0.25,6.75
LIVE_BELIEF,HYBRID,Q03_RECALL25,AVAILABILITY_LOSS,LOW,4,COMPACT_TYPED,12,0.0,1.0,7.0,6.0,0.0,1.0,6.0,0.0,0.0,0.0,50.0,6.0,0.0,0.0,8.0,0.0,5.0
LIVE_BELIEF,HYBRID,Q03_RECALL25,AVAILABILITY_LOSS,LOW,4,VERBOSE_TYPED,12,0.0,1.0,7.0,6.0,0.0,1.0,6.0,0.0,0.0,0.0,50.0,6.0,0.0,0.0,8.0,0.0,5.0
LIVE_BELIEF,HYBRID,Q03_RECALL25,AVAILABILITY_LOSS,LOW,8,COMPACT_TYPED,12,0.33333333,6.0,6.0,7.0,0.0,0.66666667,6.66666667,0.33333333,0.33333333,0.33333333,54.66666667,7.0,0.33333333,55.66666667,10.66666667,0.33333333,4.66666667
LIVE_BELIEF,HYBRID,Q03_RECALL25,AVAILABILITY_LOSS,LOW,8,VERBOSE_TYPED,12,0.33333333,6.0,6.0,7.0,0.0,0.66666667,6.66666667,0.33333333,0.33333333,0.33333333,55.66666667,7.0,0.33333333,56.0,10.66666667,0.33333333,4.66666667
LIVE_BELIEF,HYBRID,Q03_RECALL25,AVAILABILITY_LOSS,LOW,12,COMPACT_TYPED,12,0.25,7.75,8.25,9.5,0.0,0.75,9.25,0.25,0.25,0.25,74.0,9.5,0.25,41.75,14.5,0.25,6.75
LIVE_BELIEF,HYBRID,Q03_RECALL25,AVAILABILITY_LOSS,LOW,12,VERBOSE_TYPED,12,0.25,7.75,8.25,9.5,0.0,0.75,9.25,0.25,0.25,0.25,74.75,9.5,0.25,42.0,14.5,0.25,6.75
LIVE_BELIEF,HYBRID,Q03_RECALL25,CONTROL_FAILURE,HIGH,4,COMPACT_TYPED,12,1.0,5.0,3.0,4.41666667,0.0,0.58333333,4.41666667,0.0,0.41666667,0.41666667,33.33333333,4.41666667,0.41666667,69.16666667,7.16666667,0.41666667,2.0
LIVE_BELIEF,HYBRID,Q03_RECALL25,CONTROL_FAILURE,HIGH,4,VERBOSE_TYPED,12,1.0,5.0,3.0,4.41666667,0.0,0.58333333,4.41666667,0.0,0.41666667,0.41666667,34.58333333,4.41666667,0.41666667,69.58333333,7.16666667,0.41666667,2.0
LIVE_BELIEF,HYBRID,Q03_RECALL25,CONTROL_FAILURE,HIGH,8,COMPACT_TYPED,12,1.0,9.0,3.0,5.25,0.0,0.75,5.25,0.0,0.25,0.25,38.0,5.25,0.25,41.5,11.0,0.25,2.0
LIVE_BELIEF,HYBRID,Q03_RECALL25,CONTROL_FAILURE,HIGH,8,VERBOSE_TYPED,12,1.0,9.0,3.0,5.25,0.0,0.75,5.25,0.0,0.25,0.25,38.75,5.25,0.25,41.75,11.0,0.25,2.0
LIVE_BELIEF,HYBRID,Q03_RECALL25,CONTROL_FAILURE,HIGH,12,COMPACT_TYPED,12,1.0,13.0,3.0,6.0,0.0,1.0,6.0,0.0,0.0,0.0,42.0,6.0,0.0,0.0,16.0,0.0,2.0
LIVE_BELIEF,HYBRID,Q03_RECALL25,CONTROL_FAILURE,HIGH,12,VERBOSE_TYPED,12,1.0,13.0,3.0,6.0,0.0,1.0,6.0,0.0,0.0,0.0,42.0,6.0,0.0,0.0,16.0,0.0,2.0
LIVE_BELIEF,HYBRID,Q03_RECALL25,CONTROL_FAILURE,LOW,4,COMPACT_TYPED,12,1.0,6.0,2.0,3.41666667,0.0,0.58333333,3.41666667,0.0,0.41666667,0.41666667,25.33333333,3.41666667,0.41666667,69.16666667,7.16666667,0.41666667,1.0
LIVE_BELIEF,HYBRID,Q03_RECALL25,CONTROL_FAILURE,LOW,4,VERBOSE_TYPED,12,1.0,6.0,2.0,3.41666667,0.0,0.58333333,3.41666667,0.0,0.41666667,0.41666667,26.58333333,3.41666667,0.41666667,69.58333333,7.16666667,0.41666667,1.0
LIVE_BELIEF,HYBRID,Q03_RECALL25,CONTROL_FAILURE,LOW,8,COMPACT_TYPED,12,1.0,10.0,2.0,4.25,0.0,0.75,4.25,0.0,0.25,0.25,30.0,4.25,0.25,41.5,11.0,0.25,1.0
LIVE_BELIEF,HYBRID,Q03_RECALL25,CONTROL_FAILURE,LOW,8,VERBOSE_TYPED,12,1.0,10.0,2.0,4.25,0.0,0.75,4.25,0.0,0.25,0.25,30.75,4.25,0.25,41.75,11.0,0.25,1.0
LIVE_BELIEF,HYBRID,Q03_RECALL25,CONTROL_FAILURE,LOW,12,COMPACT_TYPED,12,1.0,14.0,2.0,6.0,0.0,0.75,6.0,0.0,0.25,0.25,40.5,6.0,0.25,41.5,14.5,0.25,1.0
LIVE_BELIEF,HYBRID,Q03_RECALL25,CONTROL_FAILURE,LOW,12,VERBOSE_TYPED,12,1.0,14.0,2.0,6.0,0.0,0.75,6.0,0.0,0.25,0.25,41.25,6.0,0.25,41.75,14.5,0.25,1.0
LIVE_BELIEF,HYBRID,Q03_RECALL25,POSE_SHIFT,HIGH,4,COMPACT_TYPED,12,0.25,2.75,5.25,5.25,0.0,0.75,5.0,0.0,0.25,0.25,42.5,5.25,0.25,40.25,7.5,0.25,3.75
LIVE_BELIEF,HYBRID,Q03_RECALL25,POSE_SHIFT,HIGH,4,VERBOSE_TYPED,12,0.25,2.75,5.25,5.25,0.0,0.75,5.0,0.0,0.25,0.25,43.25,5.25,0.25,40.5,7.5,0.25,3.75
LIVE_BELIEF,HYBRID,Q03_RECALL25,POSE_SHIFT,HIGH,8,COMPACT_TYPED,12,0.0,3.0,9.0,8.0,0.0,1.0,8.0,0.0,0.0,0.0,66.0,8.0,0.0,0.0,12.0,0.0,7.0
LIVE_BELIEF,HYBRID,Q03_RECALL25,POSE_SHIFT,HIGH,8,VERBOSE_TYPED,12,0.0,3.0,9.0,8.0,0.0,1.0,8.0,0.0,0.0,0.0,66.0,8.0,0.0,0.0,12.0,0.0,7.0
LIVE_BELIEF,HYBRID,Q03_RECALL25,POSE_SHIFT,HIGH,12,COMPACT_TYPED,12,0.16666667,6.83333333,9.16666667,10.0,0.0,0.83333333,9.83333333,0.0,0.16666667,0.16666667,78.66666667,10.0,0.16666667,26.83333333,15.0,0.16666667,7.5
LIVE_BELIEF,HYBRID,Q03_RECALL25,POSE_SHIFT,HIGH,12,VERBOSE_TYPED,12,0.16666667,6.83333333,9.16666667,10.0,0.0,0.83333333,9.83333333,0.0,0.16666667,0.16666667,79.16666667,10.0,0.16666667,27.0,15.0,0.16666667,7.5
LIVE_BELIEF,HYBRID,Q03_RECALL25,POSE_SHIFT,LOW,4,COMPACT_TYPED,12,0.41666667,3.91666667,4.08333333,4.75,0.0,0.58333333,4.33333333,0.0,0.41666667,0.41666667,37.5,4.75,0.41666667,67.08333333,7.16666667,0.41666667,2.91666667
LIVE_BELIEF,HYBRID,Q03_RECALL25,POSE_SHIFT,LOW,4,VERBOSE_TYPED,12,0.41666667,3.91666667,4.08333333,4.75,0.0,0.58333333,4.33333333,0.0,0.41666667,0.41666667,38.75,4.75,0.41666667,67.5,7.16666667,0.41666667,2.91666667
LIVE_BELIEF,HYBRID,Q03_RECALL25,POSE_SHIFT,LOW,8,COMPACT_TYPED,12,0.16666667,4.5,7.5,7.5,0.0,0.83333333,7.33333333,0.0,0.16666667,0.16666667,60.33333333,7.5,0.16666667,26.83333333,11.33333333,0.16666667,5.83333333
LIVE_BELIEF,HYBRID,Q03_RECALL25,POSE_SHIFT,LOW,8,VERBOSE_TYPED,12,0.16666667,4.5,7.5,7.5,0.0,0.83333333,7.33333333,0.0,0.16666667,0.16666667,60.83333333,7.5,0.16666667,27.0,11.33333333,0.16666667,5.83333333
LIVE_BELIEF,HYBRID,Q03_RECALL25,POSE_SHIFT,LOW,12,COMPACT_TYPED,12,0.16666667,6.83333333,9.16666667,10.0,0.0,0.83333333,9.83333333,0.0,0.16666667,0.16666667,78.66666667,10.0,0.16666667,26.83333333,15.0,0.16666667,7.5
LIVE_BELIEF,HYBRID,Q03_RECALL25,POSE_SHIFT,LOW,12,VERBOSE_TYPED,12,0.16666667,6.83333333,9.16666667,10.0,0.0,0.83333333,9.83333333,0.0,0.16666667,0.16666667,79.16666667,10.0,0.16666667,27.0,15.0,0.16666667,7.5
LIVE_BELIEF,HYBRID,Q03_RECALL25,RESTRICTION_CHANGE,HIGH,4,COMPACT_TYPED,12,0.25,2.75,5.25,5.25,0.0,0.75,5.0,0.25,0.25,0.25,42.5,5.25,0.25,41.0,7.5,0.25,3.75
LIVE_BELIEF,HYBRID,Q03_RECALL25,RESTRICTION_CHANGE,HIGH,4,VERBOSE_TYPED,12,0.25,2.75,5.25,5.25,0.0,0.75,5.0,0.25,0.25,0.25,43.25,5.25,0.25,41.25,7.5,0.25,3.75
LIVE_BELIEF,HYBRID,Q03_RECALL25,RESTRICTION_CHANGE,HIGH,8,COMPACT_TYPED,12,0.25,5.25,6.75,7.25,0.0,0.75,7.0,0.25,0.25,0.25,57.5,7.25,0.25,41.0,11.0,0.25,5.25
LIVE_BELIEF,HYBRID,Q03_RECALL25,RESTRICTION_CHANGE,HIGH,8,VERBOSE_TYPED,12,0.25,5.25,6.75,7.25,0.0,0.75,7.0,0.25,0.25,0.25,58.25,7.25,0.25,41.25,11.0,0.25,5.25
LIVE_BELIEF,HYBRID,Q03_RECALL25,RESTRICTION_CHANGE,HIGH,12,COMPACT_TYPED,12,0.16666667,6.83333333,9.16666667,10.0,0.0,0.83333333,9.83333333,0.16666667,0.16666667,0.16666667,78.66666667,10.0,0.16666667,27.33333333,15.0,0.16666667,7.5
LIVE_BELIEF,HYBRID,Q03_RECALL25,RESTRICTION_CHANGE,HIGH,12,VERBOSE_TYPED,12,0.16666667,6.83333333,9.16666667,10.0,0.0,0.83333333,9.83333333,0.16666667,0.16666667,0.16666667,79.16666667,10.0,0.16666667,27.5,15.0,0.16666667,7.5
LIVE_BELIEF,HYBRID,Q03_RECALL25,RESTRICTION_CHANGE,LOW,4,COMPACT_TYPED,12,0.16666667,2.16666667,5.83333333,5.5,0.0,0.83333333,5.33333333,0.16666667,0.16666667,0.16666667,45.0,5.5,0.16666667,27.33333333,7.66666667,0.16666667,4.16666667
LIVE_BELIEF,HYBRID,Q03_RECALL25,RESTRICTION_CHANGE,LOW,4,VERBOSE_TYPED,12,0.16666667,2.16666667,5.83333333,5.5,0.0,0.83333333,5.33333333,0.16666667,0.16666667,0.16666667,45.5,5.5,0.16666667,27.5,7.66666667,0.16666667,4.16666667
LIVE_BELIEF,HYBRID,Q03_RECALL25,RESTRICTION_CHANGE,LOW,8,COMPACT_TYPED,12,0.41666667,6.75,5.25,6.75,0.0,0.58333333,6.33333333,0.41666667,0.41666667,0.41666667,51.83333333,6.75,0.41666667,68.33333333,10.33333333,0.41666667,4.08333333
LIVE_BELIEF,HYBRID,Q03_RECALL25,RESTRICTION_CHANGE,LOW,8,VERBOSE_TYPED,12,0.41666667,6.75,5.25,6.75,0.0,0.58333333,6.33333333,0.41666667,0.41666667,0.41666667,53.08333333,6.75,0.41666667,68.75,10.33333333,0.41666667,4.08333333
LIVE_BELIEF,HYBRID,Q03_RECALL25,RESTRICTION_CHANGE,LOW,12,COMPACT_TYPED,12,0.16666667,6.83333333,9.16666667,10.0,0.0,0.83333333,9.83333333,0.16666667,0.16666667,0.16666667,78.66666667,10.0,0.16666667,27.33333333,15.0,0.16666667,7.5
LIVE_BELIEF,HYBRID,Q03_RECALL25,RESTRICTION_CHANGE,LOW,12,VERBOSE_TYPED,12,0.16666667,6.83333333,9.16666667,10.0,0.0,0.83333333,9.83333333,0.16666667,0.16666667,0.16666667,79.16666667,10.0,0.16666667,27.5,15.0,0.16666667,7.5
LIVE_BELIEF,HYBRID,Q04_DELAY1,AVAILABILITY_LOSS,HIGH,4,COMPACT_TYPED,12,1.0,7.0,1.0,2.0,0.0,0.0,1.0,1.0,1.0,1.0,16.0,2.0,1.0,167.0,5.0,1.0,0.0
LIVE_BELIEF,HYBRID,Q04_DELAY1,AVAILABILITY_LOSS,HIGH,4,VERBOSE_TYPED,12,1.0,7.0,1.0,2.0,0.0,0.0,1.0,1.0,1.0,1.0,19.0,2.0,1.0,168.0,5.0,1.0,0.0
LIVE_BELIEF,HYBRID,Q04_DELAY1,AVAILABILITY_LOSS,HIGH,8,COMPACT_TYPED,12,1.0,11.0,1.0,5.0,0.0,0.0,4.0,1.0,1.0,1.0,34.0,5.0,1.0,167.0,7.0,1.0,0.0
LIVE_BELIEF,HYBRID,Q04_DELAY1,AVAILABILITY_LOSS,HIGH,8,VERBOSE_TYPED,12,1.0,11.0,1.0,5.0,0.0,0.0,4.0,1.0,1.0,1.0,37.0,5.0,1.0,168.0,7.0,1.0,0.0
LIVE_BELIEF,HYBRID,Q04_DELAY1,AVAILABILITY_LOSS,HIGH,12,COMPACT_TYPED,12,1.0,15.0,1.0,6.0,0.0,0.0,5.0,1.0,1.0,1.0,40.0,6.0,1.0,167.0,9.0,1.0,0.0
LIVE_BELIEF,HYBRID,Q04_DELAY1,AVAILABILITY_LOSS,HIGH,12,VERBOSE_TYPED,12,1.0,15.0,1.0,6.0,0.0,0.0,5.0,1.0,1.0,1.0,43.0,6.0,1.0,168.0,9.0,1.0,0.0
LIVE_BELIEF,HYBRID,Q04_DELAY1,AVAILABILITY_LOSS,LOW,4,COMPACT_TYPED,12,1.0,7.0,1.0,2.0,0.0,0.0,1.0,1.0,1.0,1.0,16.0,2.0,1.0,167.0,5.0,1.0,0.0
LIVE_BELIEF,HYBRID,Q04_DELAY1,AVAILABILITY_LOSS,LOW,4,VERBOSE_TYPED,12,1.0,7.0,1.0,2.0,0.0,0.0,1.0,1.0,1.0,1.0,19.0,2.0,1.0,168.0,5.0,1.0,0.0
LIVE_BELIEF,HYBRID,Q04_DELAY1,AVAILABILITY_LOSS,LOW,8,COMPACT_TYPED,12,1.0,11.0,1.0,5.0,0.0,0.0,4.0,1.0,1.0,1.0,34.0,5.0,1.0,167.0,7.0,1.0,0.0
LIVE_BELIEF,HYBRID,Q04_DELAY1,AVAILABILITY_LOSS,LOW,8,VERBOSE_TYPED,12,1.0,11.0,1.0,5.0,0.0,0.0,4.0,1.0,1.0,1.0,37.0,5.0,1.0,168.0,7.0,1.0,0.0
LIVE_BELIEF,HYBRID,Q04_DELAY1,AVAILABILITY_LOSS,LOW,12,COMPACT_TYPED,12,1.0,15.0,1.0,6.0,0.0,0.0,5.0,1.0,1.0,1.0,40.0,6.0,1.0,167.0,9.0,1.0,0.0
LIVE_BELIEF,HYBRID,Q04_DELAY1,AVAILABILITY_LOSS,LOW,12,VERBOSE_TYPED,12,1.0,15.0,1.0,6.0,0.0,0.0,5.0,1.0,1.0,1.0,43.0,6.0,1.0,168.0,9.0,1.0,0.0
LIVE_BELIEF,HYBRID,Q04_DELAY1,CONTROL_FAILURE,HIGH,4,COMPACT_TYPED,12,1.0,5.0,3.0,4.0,0.0,0.0,4.0,0.0,1.0,1.0,32.0,4.0,1.0,166.0,5.0,1.0,2.0
LIVE_BELIEF,HYBRID,Q04_DELAY1,CONTROL_FAILURE,HIGH,4,VERBOSE_TYPED,12,1.0,5.0,3.0,4.0,0.0,0.0,4.0,0.0,1.0,1.0,35.0,4.0,1.0,167.0,5.0,1.0,2.0
LIVE_BELIEF,HYBRID,Q04_DELAY1,CONTROL_FAILURE,HIGH,8,COMPACT_TYPED,12,1.0,9.0,3.0,6.0,0.0,0.0,6.0,0.0,1.0,1.0,44.0,6.0,1.0,166.0,7.0,1.0,2.0
LIVE_BELIEF,HYBRID,Q04_DELAY1,CONTROL_FAILURE,HIGH,8,VERBOSE_TYPED,12,1.0,9.0,3.0,6.0,0.0,0.0,6.0,0.0,1.0,1.0,47.0,6.0,1.0,167.0,7.0,1.0,2.0
LIVE_BELIEF,HYBRID,Q04_DELAY1,CONTROL_FAILURE,HIGH,12,COMPACT_TYPED,12,1.0,13.0,3.0,7.0,0.0,0.0,7.0,0.0,1.0,1.0,50.0,7.0,1.0,166.0,9.0,1.0,2.0
LIVE_BELIEF,HYBRID,Q04_DELAY1,CONTROL_FAILURE,HIGH,12,VERBOSE_TYPED,12,1.0,13.0,3.0,7.0,0.0,0.0,7.0,0.0,1.0,1.0,53.0,7.0,1.0,167.0,9.0,1.0,2.0
LIVE_BELIEF,HYBRID,Q04_DELAY1,CONTROL_FAILURE,LOW,4,COMPACT_TYPED,12,1.0,6.0,2.0,3.0,0.0,0.0,3.0,0.0,1.0,1.0,24.0,3.0,1.0,166.0,5.0,1.0,1.0
LIVE_BELIEF,HYBRID,Q04_DELAY1,CONTROL_FAILURE,LOW,4,VERBOSE_TYPED,12,1.0,6.0,2.0,3.0,0.0,0.0,3.0,0.0,1.0,1.0,27.0,3.0,1.0,167.0,5.0,1.0,1.0
LIVE_BELIEF,HYBRID,Q04_DELAY1,CONTROL_FAILURE,LOW,8,COMPACT_TYPED,12,1.0,10.0,2.0,5.0,0.0,0.0,5.0,0.0,1.0,1.0,36.0,5.0,1.0,166.0,7.0,1.0,1.0
LIVE_BELIEF,HYBRID,Q04_DELAY1,CONTROL_FAILURE,LOW,8,VERBOSE_TYPED,12,1.0,10.0,2.0,5.0,0.0,0.0,5.0,0.0,1.0,1.0,39.0,5.0,1.0,167.0,7.0,1.0,1.0
LIVE_BELIEF,HYBRID,Q04_DELAY1,CONTROL_FAILURE,LOW,12,COMPACT_TYPED,12,1.0,14.0,2.0,7.0,0.0,0.0,7.0,0.0,1.0,1.0,48.0,7.0,1.0,166.0,9.0,1.0,1.0
LIVE_BELIEF,HYBRID,Q04_DELAY1,CONTROL_FAILURE,LOW,12,VERBOSE_TYPED,12,1.0,14.0,2.0,7.0,0.0,0.0,7.0,0.0,1.0,1.0,51.0,7.0,1.0,167.0,9.0,1.0,1.0
LIVE_BELIEF,HYBRID,Q04_DELAY1,POSE_SHIFT,HIGH,4,COMPACT_TYPED,12,1.0,7.0,1.0,2.0,0.0,0.0,1.0,0.0,1.0,1.0,16.0,2.0,1.0,161.0,5.0,1.0,0.0
LIVE_BELIEF,HYBRID,Q04_DELAY1,POSE_SHIFT,HIGH,4,VERBOSE_TYPED,12,1.0,7.0,1.0,2.0,0.0,0.0,1.0,0.0,1.0,1.0,19.0,2.0,1.0,162.0,5.0,1.0,0.0
LIVE_BELIEF,HYBRID,Q04_DELAY1,POSE_SHIFT,HIGH,8,COMPACT_TYPED,12,1.0,11.0,1.0,5.0,0.0,0.0,4.0,0.0,1.0,1.0,34.0,5.0,1.0,161.0,7.0,1.0,0.0
LIVE_BELIEF,HYBRID,Q04_DELAY1,POSE_SHIFT,HIGH,8,VERBOSE_TYPED,12,1.0,11.0,1.0,5.0,0.0,0.0,4.0,0.0,1.0,1.0,37.0,5.0,1.0,162.0,7.0,1.0,0.0
LIVE_BELIEF,HYBRID,Q04_DELAY1,POSE_SHIFT,HIGH,12,COMPACT_TYPED,12,1.0,15.0,1.0,6.0,0.0,0.0,5.0,0.0,1.0,1.0,40.0,6.0,1.0,161.0,9.0,1.0,0.0
LIVE_BELIEF,HYBRID,Q04_DELAY1,POSE_SHIFT,HIGH,12,VERBOSE_TYPED,12,1.0,15.0,1.0,6.0,0.0,0.0,5.0,0.0,1.0,1.0,43.0,6.0,1.0,162.0,9.0,1.0,0.0
LIVE_BELIEF,HYBRID,Q04_DELAY1,POSE_SHIFT,LOW,4,COMPACT_TYPED,12,1.0,7.0,1.0,2.0,0.0,0.0,1.0,0.0,1.0,1.0,16.0,2.0,1.0,161.0,5.0,1.0,0.0
LIVE_BELIEF,HYBRID,Q04_DELAY1,POSE_SHIFT,LOW,4,VERBOSE_TYPED,12,1.0,7.0,1.0,2.0,0.0,0.0,1.0,0.0,1.0,1.0,19.0,2.0,1.0,162.0,5.0,1.0,0.0
LIVE_BELIEF,HYBRID,Q04_DELAY1,POSE_SHIFT,LOW,8,COMPACT_TYPED,12,1.0,11.0,1.0,5.0,0.0,0.0,4.0,0.0,1.0,1.0,34.0,5.0,1.0,161.0,7.0,1.0,0.0
LIVE_BELIEF,HYBRID,Q04_DELAY1,POSE_SHIFT,LOW,8,VERBOSE_TYPED,12,1.0,11.0,1.0,5.0,0.0,0.0,4.0,0.0,1.0,1.0,37.0,5.0,1.0,162.0,7.0,1.0,0.0
LIVE_BELIEF,HYBRID,Q04_DELAY1,POSE_SHIFT,LOW,12,COMPACT_TYPED,12,1.0,15.0,1.0,6.0,0.0,0.0,5.0,0.0,1.0,1.0,40.0,6.0,1.0,161.0,9.0,1.0,0.0
LIVE_BELIEF,HYBRID,Q04_DELAY1,POSE_SHIFT,LOW,12,VERBOSE_TYPED,12,1.0,15.0,1.0,6.0,0.0,0.0,5.0,0.0,1.0,1.0,43.0,6.0,1.0,162.0,9.0,1.0,0.0
LIVE_BELIEF,HYBRID,Q04_DELAY1,RESTRICTION_CHANGE,HIGH,4,COMPACT_TYPED,12,1.0,7.0,1.0,2.0,0.0,0.0,1.0,1.0,1.0,1.0,16.0,2.0,1.0,164.0,5.0,1.0,0.0
LIVE_BELIEF,HYBRID,Q04_DELAY1,RESTRICTION_CHANGE,HIGH,4,VERBOSE_TYPED,12,1.0,7.0,1.0,2.0,0.0,0.0,1.0,1.0,1.0,1.0,19.0,2.0,1.0,165.0,5.0,1.0,0.0
LIVE_BELIEF,HYBRID,Q04_DELAY1,RESTRICTION_CHANGE,HIGH,8,COMPACT_TYPED,12,1.0,11.0,1.0,5.0,0.0,0.0,4.0,1.0,1.0,1.0,34.0,5.0,1.0,164.0,7.0,1.0,0.0
LIVE_BELIEF,HYBRID,Q04_DELAY1,RESTRICTION_CHANGE,HIGH,8,VERBOSE_TYPED,12,1.0,11.0,1.0,5.0,0.0,0.0,4.0,1.0,1.0,1.0,37.0,5.0,1.0,165.0,7.0,1.0,0.0
LIVE_BELIEF,HYBRID,Q04_DELAY1,RESTRICTION_CHANGE,HIGH,12,COMPACT_TYPED,12,1.0,15.0,1.0,6.0,0.0,0.0,5.0,1.0,1.0,1.0,40.0,6.0,1.0,164.0,9.0,1.0,0.0
LIVE_BELIEF,HYBRID,Q04_DELAY1,RESTRICTION_CHANGE,HIGH,12,VERBOSE_TYPED,12,1.0,15.0,1.0,6.0,0.0,0.0,5.0,1.0,1.0,1.0,43.0,6.0,1.0,165.0,9.0,1.0,0.0
LIVE_BELIEF,HYBRID,Q04_DELAY1,RESTRICTION_CHANGE,LOW,4,COMPACT_TYPED,12,1.0,7.0,1.0,2.0,0.0,0.0,1.0,1.0,1.0,1.0,16.0,2.0,1.0,164.0,5.0,1.0,0.0
LIVE_BELIEF,HYBRID,Q04_DELAY1,RESTRICTION_CHANGE,LOW,4,VERBOSE_TYPED,12,1.0,7.0,1.0,2.0,0.0,0.0,1.0,1.0,1.0,1.0,19.0,2.0,1.0,165.0,5.0,1.0,0.0
LIVE_BELIEF,HYBRID,Q04_DELAY1,RESTRICTION_CHANGE,LOW,8,COMPACT_TYPED,12,1.0,11.0,1.0,5.0,0.0,0.0,4.0,1.0,1.0,1.0,34.0,5.0,1.0,164.0,7.0,1.0,0.0
LIVE_BELIEF,HYBRID,Q04_DELAY1,RESTRICTION_CHANGE,LOW,8,VERBOSE_TYPED,12,1.0,11.0,1.0,5.0,0.0,0.0,4.0,1.0,1.0,1.0,37.0,5.0,1.0,165.0,7.0,1.0,0.0
LIVE_BELIEF,HYBRID,Q04_DELAY1,RESTRICTION_CHANGE,LOW,12,COMPACT_TYPED,12,1.0,15.0,1.0,6.0,0.0,0.0,5.0,1.0,1.0,1.0,40.0,6.0,1.0,164.0,9.0,1.0,0.0
LIVE_BELIEF,HYBRID,Q04_DELAY1,RESTRICTION_CHANGE,LOW,12,VERBOSE_TYPED,12,1.0,15.0,1.0,6.0,0.0,0.0,5.0,1.0,1.0,1.0,43.0,6.0,1.0,165.0,9.0,1.0,0.0
LIVE_BELIEF,HYBRID,Q05_DELAY3,AVAILABILITY_LOSS,HIGH,4,COMPACT_TYPED,12,1.0,5.0,3.0,4.0,0.0,1.0,3.0,1.0,1.0,1.0,32.0,4.0,1.0,167.0,3.0,1.0,1.0
LIVE_BELIEF,HYBRID,Q05_DELAY3,AVAILABILITY_LOSS,HIGH,4,VERBOSE_TYPED,12,1.0,5.0,3.0,4.0,0.0,1.0,3.0,1.0,1.0,1.0,35.0,4.0,1.0,168.0,3.0,1.0,1.0
LIVE_BELIEF,HYBRID,Q05_DELAY3,AVAILABILITY_LOSS,HIGH,8,COMPACT_TYPED,12,1.0,9.0,3.0,5.0,0.0,1.0,4.0,1.0,1.0,1.0,38.0,5.0,1.0,167.0,5.0,1.0,1.0
LIVE_BELIEF,HYBRID,Q05_DELAY3,AVAILABILITY_LOSS,HIGH,8,VERBOSE_TYPED,12,1.0,9.0,3.0,5.0,0.0,1.0,4.0,1.0,1.0,1.0,41.0,5.0,1.0,168.0,5.0,1.0,1.0
LIVE_BELIEF,HYBRID,Q05_DELAY3,AVAILABILITY_LOSS,HIGH,12,COMPACT_TYPED,12,1.0,13.0,3.0,6.0,0.0,1.0,5.0,1.0,1.0,1.0,44.0,6.0,1.0,167.0,7.0,1.0,1.0
LIVE_BELIEF,HYBRID,Q05_DELAY3,AVAILABILITY_LOSS,HIGH,12,VERBOSE_TYPED,12,1.0,13.0,3.0,6.0,0.0,1.0,5.0,1.0,1.0,1.0,47.0,6.0,1.0,168.0,7.0,1.0,1.0
LIVE_BELIEF,HYBRID,Q05_DELAY3,AVAILABILITY_LOSS,LOW,4,COMPACT_TYPED,12,1.0,5.0,3.0,4.0,0.0,1.0,3.0,1.0,1.0,1.0,32.0,4.0,1.0,167.0,3.0,1.0,1.0
LIVE_BELIEF,HYBRID,Q05_DELAY3,AVAILABILITY_LOSS,LOW,4,VERBOSE_TYPED,12,1.0,5.0,3.0,4.0,0.0,1.0,3.0,1.0,1.0,1.0,35.0,4.0,1.0,168.0,3.0,1.0,1.0
LIVE_BELIEF,HYBRID,Q05_DELAY3,AVAILABILITY_LOSS,LOW,8,COMPACT_TYPED,12,1.0,9.0,3.0,5.0,0.0,1.0,4.0,1.0,1.0,1.0,38.0,5.0,1.0,167.0,5.0,1.0,1.0
LIVE_BELIEF,HYBRID,Q05_DELAY3,AVAILABILITY_LOSS,LOW,8,VERBOSE_TYPED,12,1.0,9.0,3.0,5.0,0.0,1.0,4.0,1.0,1.0,1.0,41.0,5.0,1.0,168.0,5.0,1.0,1.0
LIVE_BELIEF,HYBRID,Q05_DELAY3,AVAILABILITY_LOSS,LOW,12,COMPACT_TYPED,12,1.0,13.0,3.0,6.0,0.0,1.0,5.0,1.0,1.0,1.0,44.0,6.0,1.0,167.0,7.0,1.0,1.0
LIVE_BELIEF,HYBRID,Q05_DELAY3,AVAILABILITY_LOSS,LOW,12,VERBOSE_TYPED,12,1.0,13.0,3.0,6.0,0.0,1.0,5.0,1.0,1.0,1.0,47.0,6.0,1.0,168.0,7.0,1.0,1.0
LIVE_BELIEF,HYBRID,Q05_DELAY3,CONTROL_FAILURE,HIGH,4,COMPACT_TYPED,12,1.0,5.0,3.0,4.0,0.0,1.0,4.0,0.0,1.0,1.0,32.0,4.0,1.0,166.0,3.0,1.0,1.0
LIVE_BELIEF,HYBRID,Q05_DELAY3,CONTROL_FAILURE,HIGH,4,VERBOSE_TYPED,12,1.0,5.0,3.0,4.0,0.0,1.0,4.0,0.0,1.0,1.0,35.0,4.0,1.0,167.0,3.0,1.0,1.0
LIVE_BELIEF,HYBRID,Q05_DELAY3,CONTROL_FAILURE,HIGH,8,COMPACT_TYPED,12,1.0,9.0,3.0,5.0,0.0,1.0,5.0,0.0,1.0,1.0,38.0,5.0,1.0,166.0,5.0,1.0,1.0
LIVE_BELIEF,HYBRID,Q05_DELAY3,CONTROL_FAILURE,HIGH,8,VERBOSE_TYPED,12,1.0,9.0,3.0,5.0,0.0,1.0,5.0,0.0,1.0,1.0,41.0,5.0,1.0,167.0,5.0,1.0,1.0
LIVE_BELIEF,HYBRID,Q05_DELAY3,CONTROL_FAILURE,HIGH,12,COMPACT_TYPED,12,1.0,13.0,3.0,6.0,0.0,1.0,6.0,0.0,1.0,1.0,44.0,6.0,1.0,166.0,7.0,1.0,1.0
LIVE_BELIEF,HYBRID,Q05_DELAY3,CONTROL_FAILURE,HIGH,12,VERBOSE_TYPED,12,1.0,13.0,3.0,6.0,0.0,1.0,6.0,0.0,1.0,1.0,47.0,6.0,1.0,167.0,7.0,1.0,1.0
LIVE_BELIEF,HYBRID,Q05_DELAY3,CONTROL_FAILURE,LOW,4,COMPACT_TYPED,12,1.0,6.0,2.0,4.0,0.0,1.0,4.0,0.0,1.0,1.0,30.0,4.0,1.0,166.0,3.0,1.0,1.0
LIVE_BELIEF,HYBRID,Q05_DELAY3,CONTROL_FAILURE,LOW,4,VERBOSE_TYPED,12,1.0,6.0,2.0,4.0,0.0,1.0,4.0,0.0,1.0,1.0,33.0,4.0,1.0,167.0,3.0,1.0,1.0
LIVE_BELIEF,HYBRID,Q05_DELAY3,CONTROL_FAILURE,LOW,8,COMPACT_TYPED,12,1.0,10.0,2.0,5.0,0.0,1.0,5.0,0.0,1.0,1.0,36.0,5.0,1.0,166.0,5.0,1.0,1.0
LIVE_BELIEF,HYBRID,Q05_DELAY3,CONTROL_FAILURE,LOW,8,VERBOSE_TYPED,12,1.0,10.0,2.0,5.0,0.0,1.0,5.0,0.0,1.0,1.0,39.0,5.0,1.0,167.0,5.0,1.0,1.0
LIVE_BELIEF,HYBRID,Q05_DELAY3,CONTROL_FAILURE,LOW,12,COMPACT_TYPED,12,1.0,14.0,2.0,6.0,0.0,1.0,6.0,0.0,1.0,1.0,42.0,6.0,1.0,166.0,7.0,1.0,1.0
LIVE_BELIEF,HYBRID,Q05_DELAY3,CONTROL_FAILURE,LOW,12,VERBOSE_TYPED,12,1.0,14.0,2.0,6.0,0.0,1.0,6.0,0.0,1.0,1.0,45.0,6.0,1.0,167.0,7.0,1.0,1.0
LIVE_BELIEF,HYBRID,Q05_DELAY3,POSE_SHIFT,HIGH,4,COMPACT_TYPED,12,1.0,5.0,3.0,4.0,0.0,1.0,3.0,0.0,1.0,1.0,32.0,4.0,1.0,161.0,3.0,1.0,1.0
LIVE_BELIEF,HYBRID,Q05_DELAY3,POSE_SHIFT,HIGH,4,VERBOSE_TYPED,12,1.0,5.0,3.0,4.0,0.0,1.0,3.0,0.0,1.0,1.0,35.0,4.0,1.0,162.0,3.0,1.0,1.0
LIVE_BELIEF,HYBRID,Q05_DELAY3,POSE_SHIFT,HIGH,8,COMPACT_TYPED,12,1.0,9.0,3.0,5.0,0.0,1.0,4.0,0.0,1.0,1.0,38.0,5.0,1.0,161.0,5.0,1.0,1.0
LIVE_BELIEF,HYBRID,Q05_DELAY3,POSE_SHIFT,HIGH,8,VERBOSE_TYPED,12,1.0,9.0,3.0,5.0,0.0,1.0,4.0,0.0,1.0,1.0,41.0,5.0,1.0,162.0,5.0,1.0,1.0
LIVE_BELIEF,HYBRID,Q05_DELAY3,POSE_SHIFT,HIGH,12,COMPACT_TYPED,12,1.0,13.0,3.0,6.0,0.0,1.0,5.0,0.0,1.0,1.0,44.0,6.0,1.0,161.0,7.0,1.0,1.0
LIVE_BELIEF,HYBRID,Q05_DELAY3,POSE_SHIFT,HIGH,12,VERBOSE_TYPED,12,1.0,13.0,3.0,6.0,0.0,1.0,5.0,0.0,1.0,1.0,47.0,6.0,1.0,162.0,7.0,1.0,1.0
LIVE_BELIEF,HYBRID,Q05_DELAY3,POSE_SHIFT,LOW,4,COMPACT_TYPED,12,1.0,5.0,3.0,4.0,0.0,1.0,3.0,0.0,1.0,1.0,32.0,4.0,1.0,161.0,3.0,1.0,1.0
LIVE_BELIEF,HYBRID,Q05_DELAY3,POSE_SHIFT,LOW,4,VERBOSE_TYPED,12,1.0,5.0,3.0,4.0,0.0,1.0,3.0,0.0,1.0,1.0,35.0,4.0,1.0,162.0,3.0,1.0,1.0
LIVE_BELIEF,HYBRID,Q05_DELAY3,POSE_SHIFT,LOW,8,COMPACT_TYPED,12,1.0,9.0,3.0,5.0,0.0,1.0,4.0,0.0,1.0,1.0,38.0,5.0,1.0,161.0,5.0,1.0,1.0
LIVE_BELIEF,HYBRID,Q05_DELAY3,POSE_SHIFT,LOW,8,VERBOSE_TYPED,12,1.0,9.0,3.0,5.0,0.0,1.0,4.0,0.0,1.0,1.0,41.0,5.0,1.0,162.0,5.0,1.0,1.0
LIVE_BELIEF,HYBRID,Q05_DELAY3,POSE_SHIFT,LOW,12,COMPACT_TYPED,12,1.0,13.0,3.0,6.0,0.0,1.0,5.0,0.0,1.0,1.0,44.0,6.0,1.0,161.0,7.0,1.0,1.0
LIVE_BELIEF,HYBRID,Q05_DELAY3,POSE_SHIFT,LOW,12,VERBOSE_TYPED,12,1.0,13.0,3.0,6.0,0.0,1.0,5.0,0.0,1.0,1.0,47.0,6.0,1.0,162.0,7.0,1.0,1.0
LIVE_BELIEF,HYBRID,Q05_DELAY3,RESTRICTION_CHANGE,HIGH,4,COMPACT_TYPED,12,1.0,5.0,3.0,4.0,0.0,1.0,3.0,1.0,1.0,1.0,32.0,4.0,1.0,164.0,3.0,1.0,1.0
LIVE_BELIEF,HYBRID,Q05_DELAY3,RESTRICTION_CHANGE,HIGH,4,VERBOSE_TYPED,12,1.0,5.0,3.0,4.0,0.0,1.0,3.0,1.0,1.0,1.0,35.0,4.0,1.0,165.0,3.0,1.0,1.0
LIVE_BELIEF,HYBRID,Q05_DELAY3,RESTRICTION_CHANGE,HIGH,8,COMPACT_TYPED,12,1.0,9.0,3.0,5.0,0.0,1.0,4.0,1.0,1.0,1.0,38.0,5.0,1.0,164.0,5.0,1.0,1.0
LIVE_BELIEF,HYBRID,Q05_DELAY3,RESTRICTION_CHANGE,HIGH,8,VERBOSE_TYPED,12,1.0,9.0,3.0,5.0,0.0,1.0,4.0,1.0,1.0,1.0,41.0,5.0,1.0,165.0,5.0,1.0,1.0
LIVE_BELIEF,HYBRID,Q05_DELAY3,RESTRICTION_CHANGE,HIGH,12,COMPACT_TYPED,12,1.0,13.0,3.0,6.0,0.0,1.0,5.0,1.0,1.0,1.0,44.0,6.0,1.0,164.0,7.0,1.0,1.0
LIVE_BELIEF,HYBRID,Q05_DELAY3,RESTRICTION_CHANGE,HIGH,12,VERBOSE_TYPED,12,1.0,13.0,3.0,6.0,0.0,1.0,5.0,1.0,1.0,1.0,47.0,6.0,1.0,165.0,7.0,1.0,1.0
LIVE_BELIEF,HYBRID,Q05_DELAY3,RESTRICTION_CHANGE,LOW,4,COMPACT_TYPED,12,1.0,5.0,3.0,4.0,0.0,1.0,3.0,1.0,1.0,1.0,32.0,4.0,1.0,164.0,3.0,1.0,1.0
LIVE_BELIEF,HYBRID,Q05_DELAY3,RESTRICTION_CHANGE,LOW,4,VERBOSE_TYPED,12,1.0,5.0,3.0,4.0,0.0,1.0,3.0,1.0,1.0,1.0,35.0,4.0,1.0,165.0,3.0,1.0,1.0
LIVE_BELIEF,HYBRID,Q05_DELAY3,RESTRICTION_CHANGE,LOW,8,COMPACT_TYPED,12,1.0,9.0,3.0,5.0,0.0,1.0,4.0,1.0,1.0,1.0,38.0,5.0,1.0,164.0,5.0,1.0,1.0
LIVE_BELIEF,HYBRID,Q05_DELAY3,RESTRICTION_CHANGE,LOW,8,VERBOSE_TYPED,12,1.0,9.0,3.0,5.0,0.0,1.0,4.0,1.0,1.0,1.0,41.0,5.0,1.0,165.0,5.0,1.0,1.0
LIVE_BELIEF,HYBRID,Q05_DELAY3,RESTRICTION_CHANGE,LOW,12,COMPACT_TYPED,12,1.0,13.0,3.0,6.0,0.0,1.0,5.0,1.0,1.0,1.0,44.0,6.0,1.0,164.0,7.0,1.0,1.0
LIVE_BELIEF,HYBRID,Q05_DELAY3,RESTRICTION_CHANGE,LOW,12,VERBOSE_TYPED,12,1.0,13.0,3.0,6.0,0.0,1.0,5.0,1.0,1.0,1.0,47.0,6.0,1.0,165.0,7.0,1.0,1.0
LIVE_BELIEF,HYBRID,Q06_FALSE3,AVAILABILITY_LOSS,HIGH,4,COMPACT_TYPED,12,1.0,8.0,0.0,3.0,1.0,0.0,2.0,1.0,0.5,1.0,26.0,3.0,4.0,665.0,5.0,2.0,0.0
LIVE_BELIEF,HYBRID,Q06_FALSE3,AVAILABILITY_LOSS,HIGH,4,VERBOSE_TYPED,12,1.0,8.0,0.0,3.0,1.0,0.0,2.0,1.0,0.5,1.0,38.0,3.0,4.0,669.0,5.0,2.0,0.0
LIVE_BELIEF,HYBRID,Q06_FALSE3,AVAILABILITY_LOSS,HIGH,8,COMPACT_TYPED,12,1.0,12.0,0.0,6.0,1.0,0.0,5.0,1.0,0.5,1.0,44.0,6.0,4.0,665.0,7.0,2.0,0.0
LIVE_BELIEF,HYBRID,Q06_FALSE3,AVAILABILITY_LOSS,HIGH,8,VERBOSE_TYPED,12,1.0,12.0,0.0,6.0,1.0,0.0,5.0,1.0,0.5,1.0,56.0,6.0,4.0,669.0,7.0,2.0,0.0
LIVE_BELIEF,HYBRID,Q06_FALSE3,AVAILABILITY_LOSS,HIGH,12,COMPACT_TYPED,12,1.0,16.0,0.0,6.0,1.0,0.0,5.0,1.0,0.5,1.0,44.0,6.0,4.0,665.0,9.0,2.0,0.0
LIVE_BELIEF,HYBRID,Q06_FALSE3,AVAILABILITY_LOSS,HIGH,12,VERBOSE_TYPED,12,1.0,16.0,0.0,6.0,1.0,0.0,5.0,1.0,0.5,1.0,56.0,6.0,4.0,669.0,9.0,2.0,0.0
LIVE_BELIEF,HYBRID,Q06_FALSE3,AVAILABILITY_LOSS,LOW,4,COMPACT_TYPED,12,1.0,8.0,0.0,3.0,1.0,0.0,2.0,1.0,0.5,1.0,26.0,3.0,4.0,665.0,5.0,2.0,0.0
LIVE_BELIEF,HYBRID,Q06_FALSE3,AVAILABILITY_LOSS,LOW,4,VERBOSE_TYPED,12,1.0,8.0,0.0,3.0,1.0,0.0,2.0,1.0,0.5,1.0,38.0,3.0,4.0,669.0,5.0,2.0,0.0
LIVE_BELIEF,HYBRID,Q06_FALSE3,AVAILABILITY_LOSS,LOW,8,COMPACT_TYPED,12,1.0,12.0,0.0,6.0,1.0,0.0,5.0,1.0,0.5,1.0,44.0,6.0,4.0,665.0,7.0,2.0,0.0
LIVE_BELIEF,HYBRID,Q06_FALSE3,AVAILABILITY_LOSS,LOW,8,VERBOSE_TYPED,12,1.0,12.0,0.0,6.0,1.0,0.0,5.0,1.0,0.5,1.0,56.0,6.0,4.0,669.0,7.0,2.0,0.0
LIVE_BELIEF,HYBRID,Q06_FALSE3,AVAILABILITY_LOSS,LOW,12,COMPACT_TYPED,12,1.0,16.0,0.0,6.0,1.0,0.0,5.0,1.0,0.5,1.0,44.0,6.0,4.0,665.0,9.0,2.0,0.0
LIVE_BELIEF,HYBRID,Q06_FALSE3,AVAILABILITY_LOSS,LOW,12,VERBOSE_TYPED,12,1.0,16.0,0.0,6.0,1.0,0.0,5.0,1.0,0.5,1.0,56.0,6.0,4.0,669.0,9.0,2.0,0.0
LIVE_BELIEF,HYBRID,Q06_FALSE3,CONTROL_FAILURE,HIGH,4,COMPACT_TYPED,12,1.0,5.0,3.0,5.0,1.0,0.0,5.0,0.0,0.5,1.0,44.0,5.0,4.0,664.0,5.0,2.0,2.0
LIVE_BELIEF,HYBRID,Q06_FALSE3,CONTROL_FAILURE,HIGH,4,VERBOSE_TYPED,12,1.0,5.0,3.0,5.0,1.0,0.0,5.0,0.0,0.5,1.0,56.0,5.0,4.0,668.0,5.0,2.0,2.0
LIVE_BELIEF,HYBRID,Q06_FALSE3,CONTROL_FAILURE,HIGH,8,COMPACT_TYPED,12,1.0,9.0,3.0,7.0,1.0,0.0,7.0,0.0,0.5,1.0,56.0,7.0,4.0,664.0,7.0,2.0,2.0
LIVE_BELIEF,HYBRID,Q06_FALSE3,CONTROL_FAILURE,HIGH,8,VERBOSE_TYPED,12,1.0,9.0,3.0,7.0,1.0,0.0,7.0,0.0,0.5,1.0,68.0,7.0,4.0,668.0,7.0,2.0,2.0
LIVE_BELIEF,HYBRID,Q06_FALSE3,CONTROL_FAILURE,HIGH,12,COMPACT_TYPED,12,1.0,13.0,3.0,7.0,1.0,0.0,7.0,0.0,0.5,1.0,56.0,7.0,4.0,664.0,9.0,2.0,2.0
LIVE_BELIEF,HYBRID,Q06_FALSE3,CONTROL_FAILURE,HIGH,12,VERBOSE_TYPED,12,1.0,13.0,3.0,7.0,1.0,0.0,7.0,0.0,0.5,1.0,68.0,7.0,4.0,668.0,9.0,2.0,2.0
LIVE_BELIEF,HYBRID,Q06_FALSE3,CONTROL_FAILURE,LOW,4,COMPACT_TYPED,12,1.0,6.0,2.0,4.0,1.0,0.0,4.0,0.0,0.5,1.0,36.0,4.0,4.0,664.0,5.0,2.0,1.0
LIVE_BELIEF,HYBRID,Q06_FALSE3,CONTROL_FAILURE,LOW,4,VERBOSE_TYPED,12,1.0,6.0,2.0,4.0,1.0,0.0,4.0,0.0,0.5,1.0,48.0,4.0,4.0,668.0,5.0,2.0,1.0
LIVE_BELIEF,HYBRID,Q06_FALSE3,CONTROL_FAILURE,LOW,8,COMPACT_TYPED,12,1.0,10.0,2.0,6.0,1.0,0.0,6.0,0.0,0.5,1.0,48.0,6.0,4.0,664.0,7.0,2.0,1.0
LIVE_BELIEF,HYBRID,Q06_FALSE3,CONTROL_FAILURE,LOW,8,VERBOSE_TYPED,12,1.0,10.0,2.0,6.0,1.0,0.0,6.0,0.0,0.5,1.0,60.0,6.0,4.0,668.0,7.0,2.0,1.0
LIVE_BELIEF,HYBRID,Q06_FALSE3,CONTROL_FAILURE,LOW,12,COMPACT_TYPED,12,1.0,14.0,2.0,7.0,1.0,0.0,7.0,0.0,0.5,1.0,54.0,7.0,4.0,664.0,9.0,2.0,1.0
LIVE_BELIEF,HYBRID,Q06_FALSE3,CONTROL_FAILURE,LOW,12,VERBOSE_TYPED,12,1.0,14.0,2.0,7.0,1.0,0.0,7.0,0.0,0.5,1.0,66.0,7.0,4.0,668.0,9.0,2.0,1.0
LIVE_BELIEF,HYBRID,Q06_FALSE3,POSE_SHIFT,HIGH,4,COMPACT_TYPED,12,1.0,8.0,0.0,3.0,1.0,0.0,2.0,0.0,0.5,1.0,26.0,3.0,4.0,659.0,5.0,2.0,0.0
LIVE_BELIEF,HYBRID,Q06_FALSE3,POSE_SHIFT,HIGH,4,VERBOSE_TYPED,12,1.0,8.0,0.0,3.0,1.0,0.0,2.0,0.0,0.5,1.0,38.0,3.0,4.0,663.0,5.0,2.0,0.0
LIVE_BELIEF,HYBRID,Q06_FALSE3,POSE_SHIFT,HIGH,8,COMPACT_TYPED,12,1.0,12.0,0.0,6.0,1.0,0.0,5.0,0.0,0.5,1.0,44.0,6.0,4.0,659.0,7.0,2.0,0.0
LIVE_BELIEF,HYBRID,Q06_FALSE3,POSE_SHIFT,HIGH,8,VERBOSE_TYPED,12,1.0,12.0,0.0,6.0,1.0,0.0,5.0,0.0,0.5,1.0,56.0,6.0,4.0,663.0,7.0,2.0,0.0
LIVE_BELIEF,HYBRID,Q06_FALSE3,POSE_SHIFT,HIGH,12,COMPACT_TYPED,12,1.0,16.0,0.0,6.0,1.0,0.0,5.0,0.0,0.5,1.0,44.0,6.0,4.0,659.0,9.0,2.0,0.0
LIVE_BELIEF,HYBRID,Q06_FALSE3,POSE_SHIFT,HIGH,12,VERBOSE_TYPED,12,1.0,16.0,0.0,6.0,1.0,0.0,5.0,0.0,0.5,1.0,56.0,6.0,4.0,663.0,9.0,2.0,0.0
LIVE_BELIEF,HYBRID,Q06_FALSE3,POSE_SHIFT,LOW,4,COMPACT_TYPED,12,1.0,8.0,0.0,3.0,1.0,0.0,2.0,0.0,0.5,1.0,26.0,3.0,4.0,659.0,5.0,2.0,0.0
LIVE_BELIEF,HYBRID,Q06_FALSE3,POSE_SHIFT,LOW,4,VERBOSE_TYPED,12,1.0,8.0,0.0,3.0,1.0,0.0,2.0,0.0,0.5,1.0,38.0,3.0,4.0,663.0,5.0,2.0,0.0
LIVE_BELIEF,HYBRID,Q06_FALSE3,POSE_SHIFT,LOW,8,COMPACT_TYPED,12,1.0,12.0,0.0,6.0,1.0,0.0,5.0,0.0,0.5,1.0,44.0,6.0,4.0,659.0,7.0,2.0,0.0
LIVE_BELIEF,HYBRID,Q06_FALSE3,POSE_SHIFT,LOW,8,VERBOSE_TYPED,12,1.0,12.0,0.0,6.0,1.0,0.0,5.0,0.0,0.5,1.0,56.0,6.0,4.0,663.0,7.0,2.0,0.0
LIVE_BELIEF,HYBRID,Q06_FALSE3,POSE_SHIFT,LOW,12,COMPACT_TYPED,12,1.0,16.0,0.0,6.0,1.0,0.0,5.0,0.0,0.5,1.0,44.0,6.0,4.0,659.0,9.0,2.0,0.0
LIVE_BELIEF,HYBRID,Q06_FALSE3,POSE_SHIFT,LOW,12,VERBOSE_TYPED,12,1.0,16.0,0.0,6.0,1.0,0.0,5.0,0.0,0.5,1.0,56.0,6.0,4.0,663.0,9.0,2.0,0.0
LIVE_BELIEF,HYBRID,Q06_FALSE3,RESTRICTION_CHANGE,HIGH,4,COMPACT_TYPED,12,1.0,8.0,0.0,3.0,1.0,0.0,2.0,1.0,0.5,1.0,26.0,3.0,4.0,662.0,5.0,2.0,0.0
LIVE_BELIEF,HYBRID,Q06_FALSE3,RESTRICTION_CHANGE,HIGH,4,VERBOSE_TYPED,12,1.0,8.0,0.0,3.0,1.0,0.0,2.0,1.0,0.5,1.0,38.0,3.0,4.0,666.0,5.0,2.0,0.0
LIVE_BELIEF,HYBRID,Q06_FALSE3,RESTRICTION_CHANGE,HIGH,8,COMPACT_TYPED,12,1.0,12.0,0.0,6.0,1.0,0.0,5.0,1.0,0.5,1.0,44.0,6.0,4.0,662.0,7.0,2.0,0.0
LIVE_BELIEF,HYBRID,Q06_FALSE3,RESTRICTION_CHANGE,HIGH,8,VERBOSE_TYPED,12,1.0,12.0,0.0,6.0,1.0,0.0,5.0,1.0,0.5,1.0,56.0,6.0,4.0,666.0,7.0,2.0,0.0
LIVE_BELIEF,HYBRID,Q06_FALSE3,RESTRICTION_CHANGE,HIGH,12,COMPACT_TYPED,12,1.0,16.0,0.0,6.0,1.0,0.0,5.0,1.0,0.5,1.0,44.0,6.0,4.0,662.0,9.0,2.0,0.0
LIVE_BELIEF,HYBRID,Q06_FALSE3,RESTRICTION_CHANGE,HIGH,12,VERBOSE_TYPED,12,1.0,16.0,0.0,6.0,1.0,0.0,5.0,1.0,0.5,1.0,56.0,6.0,4.0,666.0,9.0,2.0,0.0
LIVE_BELIEF,HYBRID,Q06_FALSE3,RESTRICTION_CHANGE,LOW,4,COMPACT_TYPED,12,1.0,8.0,0.0,3.0,1.0,0.0,2.0,1.0,0.5,1.0,26.0,3.0,4.0,662.0,5.0,2.0,0.0
LIVE_BELIEF,HYBRID,Q06_FALSE3,RESTRICTION_CHANGE,LOW,4,VERBOSE_TYPED,12,1.0,8.0,0.0,3.0,1.0,0.0,2.0,1.0,0.5,1.0,38.0,3.0,4.0,666.0,5.0,2.0,0.0
LIVE_BELIEF,HYBRID,Q06_FALSE3,RESTRICTION_CHANGE,LOW,8,COMPACT_TYPED,12,1.0,12.0,0.0,6.0,1.0,0.0,5.0,1.0,0.5,1.0,44.0,6.0,4.0,662.0,7.0,2.0,0.0
LIVE_BELIEF,HYBRID,Q06_FALSE3,RESTRICTION_CHANGE,LOW,8,VERBOSE_TYPED,12,1.0,12.0,0.0,6.0,1.0,0.0,5.0,1.0,0.5,1.0,56.0,6.0,4.0,666.0,7.0,2.0,0.0
LIVE_BELIEF,HYBRID,Q06_FALSE3,RESTRICTION_CHANGE,LOW,12,COMPACT_TYPED,12,1.0,16.0,0.0,6.0,1.0,0.0,5.0,1.0,0.5,1.0,44.0,6.0,4.0,662.0,9.0,2.0,0.0
LIVE_BELIEF,HYBRID,Q06_FALSE3,RESTRICTION_CHANGE,LOW,12,VERBOSE_TYPED,12,1.0,16.0,0.0,6.0,1.0,0.0,5.0,1.0,0.5,1.0,56.0,6.0,4.0,666.0,9.0,2.0,0.0
LIVE_BELIEF,HYBRID,Q07_DUP_OOO,AVAILABILITY_LOSS,HIGH,4,COMPACT_TYPED,12,1.0,7.0,1.0,3.0,0.0,0.0,2.0,1.0,1.0,1.0,26.0,3.0,3.0,501.0,4.0,2.0,0.0
LIVE_BELIEF,HYBRID,Q07_DUP_OOO,AVAILABILITY_LOSS,HIGH,4,VERBOSE_TYPED,12,1.0,7.0,1.0,3.0,0.0,0.0,2.0,1.0,1.0,1.0,35.0,3.0,3.0,504.0,4.0,2.0,0.0
LIVE_BELIEF,HYBRID,Q07_DUP_OOO,AVAILABILITY_LOSS,HIGH,8,COMPACT_TYPED,12,1.0,11.0,1.0,5.0,0.0,0.0,4.0,1.0,1.0,1.0,38.0,5.0,3.0,501.0,6.0,2.0,0.0
LIVE_BELIEF,HYBRID,Q07_DUP_OOO,AVAILABILITY_LOSS,HIGH,8,VERBOSE_TYPED,12,1.0,11.0,1.0,5.0,0.0,0.0,4.0,1.0,1.0,1.0,47.0,5.0,3.0,504.0,6.0,2.0,0.0
LIVE_BELIEF,HYBRID,Q07_DUP_OOO,AVAILABILITY_LOSS,HIGH,12,COMPACT_TYPED,12,1.0,15.0,1.0,7.0,0.0,0.0,6.0,1.0,1.0,1.0,50.0,7.0,3.0,501.0,8.0,2.0,0.0
LIVE_BELIEF,HYBRID,Q07_DUP_OOO,AVAILABILITY_LOSS,HIGH,12,VERBOSE_TYPED,12,1.0,15.0,1.0,7.0,0.0,0.0,6.0,1.0,1.0,1.0,59.0,7.0,3.0,504.0,8.0,2.0,0.0
LIVE_BELIEF,HYBRID,Q07_DUP_OOO,AVAILABILITY_LOSS,LOW,4,COMPACT_TYPED,12,1.0,7.0,1.0,3.0,0.0,0.0,2.0,1.0,1.0,1.0,26.0,3.0,3.0,501.0,4.0,2.0,0.0
LIVE_BELIEF,HYBRID,Q07_DUP_OOO,AVAILABILITY_LOSS,LOW,4,VERBOSE_TYPED,12,1.0,7.0,1.0,3.0,0.0,0.0,2.0,1.0,1.0,1.0,35.0,3.0,3.0,504.0,4.0,2.0,0.0
LIVE_BELIEF,HYBRID,Q07_DUP_OOO,AVAILABILITY_LOSS,LOW,8,COMPACT_TYPED,12,1.0,11.0,1.0,5.0,0.0,0.0,4.0,1.0,1.0,1.0,38.0,5.0,3.0,501.0,6.0,2.0,0.0
LIVE_BELIEF,HYBRID,Q07_DUP_OOO,AVAILABILITY_LOSS,LOW,8,VERBOSE_TYPED,12,1.0,11.0,1.0,5.0,0.0,0.0,4.0,1.0,1.0,1.0,47.0,5.0,3.0,504.0,6.0,2.0,0.0
LIVE_BELIEF,HYBRID,Q07_DUP_OOO,AVAILABILITY_LOSS,LOW,12,COMPACT_TYPED,12,1.0,15.0,1.0,7.0,0.0,0.0,6.0,1.0,1.0,1.0,50.0,7.0,3.0,501.0,8.0,2.0,0.0
LIVE_BELIEF,HYBRID,Q07_DUP_OOO,AVAILABILITY_LOSS,LOW,12,VERBOSE_TYPED,12,1.0,15.0,1.0,7.0,0.0,0.0,6.0,1.0,1.0,1.0,59.0,7.0,3.0,504.0,8.0,2.0,0.0
LIVE_BELIEF,HYBRID,Q07_DUP_OOO,CONTROL_FAILURE,HIGH,4,COMPACT_TYPED,12,1.0,5.0,3.0,4.0,0.0,0.0,4.0,0.0,1.0,1.0,36.0,4.0,3.0,498.0,4.0,2.0,1.0
LIVE_BELIEF,HYBRID,Q07_DUP_OOO,CONTROL_FAILURE,HIGH,4,VERBOSE_TYPED,12,1.0,5.0,3.0,4.0,0.0,0.0,4.0,0.0,1.0,1.0,45.0,4.0,3.0,501.0,4.0,2.0,1.0
LIVE_BELIEF,HYBRID,Q07_DUP_OOO,CONTROL_FAILURE,HIGH,8,COMPACT_TYPED,12,1.0,9.0,3.0,6.0,0.0,0.0,6.0,0.0,1.0,1.0,48.0,6.0,3.0,498.0,6.0,2.0,1.0
LIVE_BELIEF,HYBRID,Q07_DUP_OOO,CONTROL_FAILURE,HIGH,8,VERBOSE_TYPED,12,1.0,9.0,3.0,6.0,0.0,0.0,6.0,0.0,1.0,1.0,57.0,6.0,3.0,501.0,6.0,2.0,1.0
LIVE_BELIEF,HYBRID,Q07_DUP_OOO,CONTROL_FAILURE,HIGH,12,COMPACT_TYPED,12,1.0,13.0,3.0,7.0,0.0,0.0,7.0,0.0,1.0,1.0,54.0,7.0,3.0,498.0,8.0,2.0,1.0
LIVE_BELIEF,HYBRID,Q07_DUP_OOO,CONTROL_FAILURE,HIGH,12,VERBOSE_TYPED,12,1.0,13.0,3.0,7.0,0.0,0.0,7.0,0.0,1.0,1.0,63.0,7.0,3.0,501.0,8.0,2.0,1.0
LIVE_BELIEF,HYBRID,Q07_DUP_OOO,CONTROL_FAILURE,LOW,4,COMPACT_TYPED,12,1.0,6.0,2.0,3.0,0.0,0.0,3.0,0.0,1.0,1.0,28.0,3.0,3.0,498.0,4.0,2.0,0.0
LIVE_BELIEF,HYBRID,Q07_DUP_OOO,CONTROL_FAILURE,LOW,4,VERBOSE_TYPED,12,1.0,6.0,2.0,3.0,0.0,0.0,3.0,0.0,1.0,1.0,37.0,3.0,3.0,501.0,4.0,2.0,0.0
LIVE_BELIEF,HYBRID,Q07_DUP_OOO,CONTROL_FAILURE,LOW,8,COMPACT_TYPED,12,1.0,10.0,2.0,5.0,0.0,0.0,5.0,0.0,1.0,1.0,40.0,5.0,3.0,498.0,6.0,2.0,0.0
LIVE_BELIEF,HYBRID,Q07_DUP_OOO,CONTROL_FAILURE,LOW,8,VERBOSE_TYPED,12,1.0,10.0,2.0,5.0,0.0,0.0,5.0,0.0,1.0,1.0,49.0,5.0,3.0,501.0,6.0,2.0,0.0
LIVE_BELIEF,HYBRID,Q07_DUP_OOO,CONTROL_FAILURE,LOW,12,COMPACT_TYPED,12,1.0,14.0,2.0,7.0,0.0,0.0,7.0,0.0,1.0,1.0,52.0,7.0,3.0,498.0,8.0,2.0,0.0
LIVE_BELIEF,HYBRID,Q07_DUP_OOO,CONTROL_FAILURE,LOW,12,VERBOSE_TYPED,12,1.0,14.0,2.0,7.0,0.0,0.0,7.0,0.0,1.0,1.0,61.0,7.0,3.0,501.0,8.0,2.0,0.0
LIVE_BELIEF,HYBRID,Q07_DUP_OOO,POSE_SHIFT,HIGH,4,COMPACT_TYPED,12,1.0,7.0,1.0,3.0,0.0,0.0,2.0,0.0,1.0,1.0,26.0,3.0,3.0,483.0,4.0,2.0,0.0
LIVE_BELIEF,HYBRID,Q07_DUP_OOO,POSE_SHIFT,HIGH,4,VERBOSE_TYPED,12,1.0,7.0,1.0,3.0,0.0,0.0,2.0,0.0,1.0,1.0,35.0,3.0,3.0,486.0,4.0,2.0,0.0
LIVE_BELIEF,HYBRID,Q07_DUP_OOO,POSE_SHIFT,HIGH,8,COMPACT_TYPED,12,1.0,11.0,1.0,5.0,0.0,0.0,4.0,0.0,1.0,1.0,38.0,5.0,3.0,483.0,6.0,2.0,0.0
LIVE_BELIEF,HYBRID,Q07_DUP_OOO,POSE_SHIFT,HIGH,8,VERBOSE_TYPED,12,1.0,11.0,1.0,5.0,0.0,0.0,4.0,0.0,1.0,1.0,47.0,5.0,3.0,486.0,6.0,2.0,0.0
LIVE_BELIEF,HYBRID,Q07_DUP_OOO,POSE_SHIFT,HIGH,12,COMPACT_TYPED,12,1.0,15.0,1.0,7.0,0.0,0.0,6.0,0.0,1.0,1.0,50.0,7.0,3.0,483.0,8.0,2.0,0.0
LIVE_BELIEF,HYBRID,Q07_DUP_OOO,POSE_SHIFT,HIGH,12,VERBOSE_TYPED,12,1.0,15.0,1.0,7.0,0.0,0.0,6.0,0.0,1.0,1.0,59.0,7.0,3.0,486.0,8.0,2.0,0.0
LIVE_BELIEF,HYBRID,Q07_DUP_OOO,POSE_SHIFT,LOW,4,COMPACT_TYPED,12,1.0,7.0,1.0,3.0,0.0,0.0,2.0,0.0,1.0,1.0,26.0,3.0,3.0,483.0,4.0,2.0,0.0
LIVE_BELIEF,HYBRID,Q07_DUP_OOO,POSE_SHIFT,LOW,4,VERBOSE_TYPED,12,1.0,7.0,1.0,3.0,0.0,0.0,2.0,0.0,1.0,1.0,35.0,3.0,3.0,486.0,4.0,2.0,0.0
LIVE_BELIEF,HYBRID,Q07_DUP_OOO,POSE_SHIFT,LOW,8,COMPACT_TYPED,12,1.0,11.0,1.0,5.0,0.0,0.0,4.0,0.0,1.0,1.0,38.0,5.0,3.0,483.0,6.0,2.0,0.0
LIVE_BELIEF,HYBRID,Q07_DUP_OOO,POSE_SHIFT,LOW,8,VERBOSE_TYPED,12,1.0,11.0,1.0,5.0,0.0,0.0,4.0,0.0,1.0,1.0,47.0,5.0,3.0,486.0,6.0,2.0,0.0
LIVE_BELIEF,HYBRID,Q07_DUP_OOO,POSE_SHIFT,LOW,12,COMPACT_TYPED,12,1.0,15.0,1.0,7.0,0.0,0.0,6.0,0.0,1.0,1.0,50.0,7.0,3.0,483.0,8.0,2.0,0.0
LIVE_BELIEF,HYBRID,Q07_DUP_OOO,POSE_SHIFT,LOW,12,VERBOSE_TYPED,12,1.0,15.0,1.0,7.0,0.0,0.0,6.0,0.0,1.0,1.0,59.0,7.0,3.0,486.0,8.0,2.0,0.0
LIVE_BELIEF,HYBRID,Q07_DUP_OOO,RESTRICTION_CHANGE,HIGH,4,COMPACT_TYPED,12,1.0,7.0,1.0,3.0,0.0,0.0,2.0,1.0,1.0,1.0,26.0,3.0,3.0,492.0,4.0,2.0,0.0
LIVE_BELIEF,HYBRID,Q07_DUP_OOO,RESTRICTION_CHANGE,HIGH,4,VERBOSE_TYPED,12,1.0,7.0,1.0,3.0,0.0,0.0,2.0,1.0,1.0,1.0,35.0,3.0,3.0,495.0,4.0,2.0,0.0
LIVE_BELIEF,HYBRID,Q07_DUP_OOO,RESTRICTION_CHANGE,HIGH,8,COMPACT_TYPED,12,1.0,11.0,1.0,5.0,0.0,0.0,4.0,1.0,1.0,1.0,38.0,5.0,3.0,492.0,6.0,2.0,0.0
LIVE_BELIEF,HYBRID,Q07_DUP_OOO,RESTRICTION_CHANGE,HIGH,8,VERBOSE_TYPED,12,1.0,11.0,1.0,5.0,0.0,0.0,4.0,1.0,1.0,1.0,47.0,5.0,3.0,495.0,6.0,2.0,0.0
LIVE_BELIEF,HYBRID,Q07_DUP_OOO,RESTRICTION_CHANGE,HIGH,12,COMPACT_TYPED,12,1.0,15.0,1.0,7.0,0.0,0.0,6.0,1.0,1.0,1.0,50.0,7.0,3.0,492.0,8.0,2.0,0.0
LIVE_BELIEF,HYBRID,Q07_DUP_OOO,RESTRICTION_CHANGE,HIGH,12,VERBOSE_TYPED,12,1.0,15.0,1.0,7.0,0.0,0.0,6.0,1.0,1.0,1.0,59.0,7.0,3.0,495.0,8.0,2.0,0.0
LIVE_BELIEF,HYBRID,Q07_DUP_OOO,RESTRICTION_CHANGE,LOW,4,COMPACT_TYPED,12,1.0,7.0,1.0,3.0,0.0,0.0,2.0,1.0,1.0,1.0,26.0,3.0,3.0,492.0,4.0,2.0,0.0
LIVE_BELIEF,HYBRID,Q07_DUP_OOO,RESTRICTION_CHANGE,LOW,4,VERBOSE_TYPED,12,1.0,7.0,1.0,3.0,0.0,0.0,2.0,1.0,1.0,1.0,35.0,3.0,3.0,495.0,4.0,2.0,0.0
LIVE_BELIEF,HYBRID,Q07_DUP_OOO,RESTRICTION_CHANGE,LOW,8,COMPACT_TYPED,12,1.0,11.0,1.0,5.0,0.0,0.0,4.0,1.0,1.0,1.0,38.0,5.0,3.0,492.0,6.0,2.0,0.0
LIVE_BELIEF,HYBRID,Q07_DUP_OOO,RESTRICTION_CHANGE,LOW,8,VERBOSE_TYPED,12,1.0,11.0,1.0,5.0,0.0,0.0,4.0,1.0,1.0,1.0,47.0,5.0,3.0,495.0,6.0,2.0,0.0
LIVE_BELIEF,HYBRID,Q07_DUP_OOO,RESTRICTION_CHANGE,LOW,12,COMPACT_TYPED,12,1.0,15.0,1.0,7.0,0.0,0.0,6.0,1.0,1.0,1.0,50.0,7.0,3.0,492.0,8.0,2.0,0.0
LIVE_BELIEF,HYBRID,Q07_DUP_OOO,RESTRICTION_CHANGE,LOW,12,VERBOSE_TYPED,12,1.0,15.0,1.0,7.0,0.0,0.0,6.0,1.0,1.0,1.0,59.0,7.0,3.0,495.0,8.0,2.0,0.0
LIVE_BELIEF,HYBRID,Q08_GUARDED,AVAILABILITY_LOSS,HIGH,4,COMPACT_TYPED,12,0.58333333,4.5,3.5,2.41666667,0.0,0.41666667,1.83333333,0.58333333,0.58333333,0.58333333,24.25,2.41666667,0.58333333,97.41666667,6.25,0.58333333,0.83333333
LIVE_BELIEF,HYBRID,Q08_GUARDED,AVAILABILITY_LOSS,HIGH,4,VERBOSE_TYPED,12,0.58333333,4.5,3.5,2.41666667,0.0,0.41666667,1.83333333,0.58333333,0.58333333,0.58333333,30.75,2.41666667,0.58333333,98.0,6.25,0.58333333,0.83333333
LIVE_BELIEF,HYBRID,Q08_GUARDED,AVAILABILITY_LOSS,HIGH,8,COMPACT_TYPED,12,0.83333333,9.66666667,2.33333333,4.16666667,0.0,0.16666667,3.33333333,0.83333333,0.83333333,0.83333333,33.16666667,4.16666667,0.83333333,139.16666667,7.83333333,0.83333333,0.66666667
LIVE_BELIEF,HYBRID,Q08_GUARDED,AVAILABILITY_LOSS,HIGH,8,VERBOSE_TYPED,12,0.83333333,9.66666667,2.33333333,4.16666667,0.0,0.16666667,3.33333333,0.83333333,0.83333333,0.83333333,41.16666667,4.16666667,0.83333333,140.0,7.83333333,0.83333333,0.66666667
LIVE_BELIEF,HYBRID,Q08_GUARDED,AVAILABILITY_LOSS,HIGH,12,COMPACT_TYPED,12,0.66666667,11.0,5.0,5.66666667,0.0,0.33333333,5.0,0.66666667,0.66666667,0.66666667,48.0,5.66666667,1.66666667,277.33333333,8.66666667,0.66666667,1.66666667
LIVE_BELIEF,HYBRID,Q08_GUARDED,AVAILABILITY_LOSS,HIGH,12,VERBOSE_TYPED,12,0.66666667,11.0,5.0,5.66666667,0.0,0.33333333,5.0,0.66666667,0.66666667,0.66666667,55.0,5.66666667,1.66666667,279.0,8.66666667,0.66666667,1.66666667
LIVE_BELIEF,HYBRID,Q08_GUARDED,AVAILABILITY_LOSS,LOW,4,COMPACT_TYPED,12,0.66666667,5.0,3.0,2.33333333,0.0,0.33333333,1.66666667,0.66666667,0.66666667,0.66666667,23.0,2.33333333,0.66666667,111.33333333,6.0,0.66666667,0.66666667
LIVE_BELIEF,HYBRID,Q08_GUARDED,AVAILABILITY_LOSS,LOW,4,VERBOSE_TYPED,12,0.66666667,5.0,3.0,2.33333333,0.0,0.33333333,1.66666667,0.66666667,0.66666667,0.66666667,30.0,2.33333333,0.66666667,112.0,6.0,0.66666667,0.66666667
LIVE_BELIEF,HYBRID,Q08_GUARDED,AVAILABILITY_LOSS,LOW,8,COMPACT_TYPED,12,0.83333333,9.66666667,2.33333333,4.16666667,0.0,0.16666667,3.33333333,0.83333333,0.83333333,0.83333333,33.16666667,4.16666667,0.83333333,139.16666667,7.83333333,0.83333333,0.66666667
LIVE_BELIEF,HYBRID,Q08_GUARDED,AVAILABILITY_LOSS,LOW,8,VERBOSE_TYPED,12,0.83333333,9.66666667,2.33333333,4.16666667,0.0,0.16666667,3.33333333,0.83333333,0.83333333,0.83333333,41.16666667,4.16666667,0.83333333,140.0,7.83333333,0.83333333,0.66666667
LIVE_BELIEF,HYBRID,Q08_GUARDED,AVAILABILITY_LOSS,LOW,12,COMPACT_TYPED,12,0.83333333,12.5,3.5,5.33333333,0.0,0.16666667,4.5,0.83333333,0.83333333,0.83333333,43.5,5.33333333,1.83333333,305.16666667,8.33333333,0.83333333,0.83333333
LIVE_BELIEF,HYBRID,Q08_GUARDED,AVAILABILITY_LOSS,LOW,12,VERBOSE_TYPED,12,0.83333333,12.5,3.5,5.33333333,0.0,0.16666667,4.5,0.83333333,0.83333333,0.83333333,51.5,5.33333333,1.83333333,307.0,8.33333333,0.83333333,0.83333333
LIVE_BELIEF,HYBRID,Q08_GUARDED,CONTROL_FAILURE,HIGH,4,COMPACT_TYPED,12,1.0,5.0,3.0,2.0,0.0,0.33333333,2.0,0.0,0.66666667,0.66666667,21.0,2.0,0.66666667,110.66666667,6.0,0.66666667,1.0
LIVE_BELIEF,HYBRID,Q08_GUARDED,CONTROL_FAILURE,HIGH,4,VERBOSE_TYPED,12,1.0,5.0,3.0,2.0,0.0,0.33333333,2.0,0.0,0.66666667,0.66666667,28.0,2.0,0.66666667,111.33333333,6.0,0.66666667,1.0
LIVE_BELIEF,HYBRID,Q08_GUARDED,CONTROL_FAILURE,HIGH,8,COMPACT_TYPED,12,1.0,9.0,3.0,4.58333333,0.0,0.41666667,4.58333333,0.0,0.58333333,0.58333333,36.25,4.58333333,0.58333333,96.83333333,9.08333333,0.58333333,1.0
LIVE_BELIEF,HYBRID,Q08_GUARDED,CONTROL_FAILURE,HIGH,8,VERBOSE_TYPED,12,1.0,9.0,3.0,4.58333333,0.0,0.41666667,4.58333333,0.0,0.58333333,0.58333333,42.75,4.58333333,0.58333333,97.41666667,9.08333333,0.58333333,1.0
LIVE_BELIEF,HYBRID,Q08_GUARDED,CONTROL_FAILURE,HIGH,12,COMPACT_TYPED,12,1.0,13.0,3.0,5.0,0.0,0.16666667,5.0,0.0,0.83333333,0.83333333,40.5,5.0,1.83333333,304.33333333,8.33333333,0.83333333,0.16666667
LIVE_BELIEF,HYBRID,Q08_GUARDED,CONTROL_FAILURE,HIGH,12,VERBOSE_TYPED,12,1.0,13.0,3.0,5.0,0.0,0.16666667,5.0,0.0,0.83333333,0.83333333,48.5,5.0,1.83333333,306.16666667,8.33333333,0.83333333,0.16666667
LIVE_BELIEF,HYBRID,Q08_GUARDED,CONTROL_FAILURE,LOW,4,COMPACT_TYPED,12,1.0,6.0,2.0,2.0,0.0,0.08333333,2.0,0.0,0.91666667,0.91666667,19.75,2.0,0.91666667,152.16666667,5.25,0.91666667,0.0
LIVE_BELIEF,HYBRID,Q08_GUARDED,CONTROL_FAILURE,LOW,4,VERBOSE_TYPED,12,1.0,6.0,2.0,2.0,0.0,0.08333333,2.0,0.0,0.91666667,0.91666667,28.25,2.0,0.91666667,153.08333333,5.25,0.91666667,0.0
LIVE_BELIEF,HYBRID,Q08_GUARDED,CONTROL_FAILURE,LOW,8,COMPACT_TYPED,12,1.0,10.0,2.0,4.0,0.0,0.33333333,4.0,0.0,0.66666667,0.66666667,31.0,4.0,0.66666667,110.66666667,8.66666667,0.66666667,0.33333333
LIVE_BELIEF,HYBRID,Q08_GUARDED,CONTROL_FAILURE,LOW,8,VERBOSE_TYPED,12,1.0,10.0,2.0,4.0,0.0,0.33333333,4.0,0.0,0.66666667,0.66666667,38.0,4.0,0.66666667,111.33333333,8.66666667,0.66666667,0.33333333
LIVE_BELIEF,HYBRID,Q08_GUARDED,CONTROL_FAILURE,LOW,12,COMPACT_TYPED,12,1.0,14.0,2.0,5.0,0.0,0.16666667,5.0,0.0,0.83333333,0.83333333,38.5,5.0,1.83333333,304.33333333,8.33333333,0.83333333,0.16666667
LIVE_BELIEF,HYBRID,Q08_GUARDED,CONTROL_FAILURE,LOW,12,VERBOSE_TYPED,12,1.0,14.0,2.0,5.0,0.0,0.16666667,5.0,0.0,0.83333333,0.83333333,46.5,5.0,1.83333333,306.16666667,8.33333333,0.83333333,0.16666667
LIVE_BELIEF,HYBRID,Q08_GUARDED,POSE_SHIFT,HIGH,4,COMPACT_TYPED,12,0.66666667,5.0,3.0,2.33333333,0.0,0.33333333,1.66666667,0.0,0.66666667,0.66666667,23.0,2.33333333,0.66666667,107.33333333,6.0,0.66666667,0.66666667
LIVE_BELIEF,HYBRID,Q08_GUARDED,POSE_SHIFT,HIGH,4,VERBOSE_TYPED,12,0.66666667,5.0,3.0,2.33333333,0.0,0.33333333,1.66666667,0.0,0.66666667,0.66666667,30.0,2.33333333,0.66666667,108.0,6.0,0.66666667,0.66666667
LIVE_BELIEF,HYBRID,Q08_GUARDED,POSE_SHIFT,HIGH,8,COMPACT_TYPED,12,0.41666667,6.33333333,5.66666667,4.58333333,0.0,0.58333333,4.16666667,0.0,0.41666667,0.41666667,41.08333333,4.58333333,0.41666667,67.08333333,9.91666667,0.41666667,2.33333333
LIVE_BELIEF,HYBRID,Q08_GUARDED,POSE_SHIFT,HIGH,8,VERBOSE_TYPED,12,0.41666667,6.33333333,5.66666667,4.58333333,0.0,0.58333333,4.16666667,0.0,0.41666667,0.41666667,46.58333333,4.58333333,0.41666667,67.5,9.91666667,0.41666667,2.33333333
LIVE_BELIEF,HYBRID,Q08_GUARDED,POSE_SHIFT,HIGH,12,COMPACT_TYPED,12,0.66666667,11.0,5.0,5.66666667,0.0,0.33333333,5.0,0.0,0.66666667,0.66666667,48.0,5.66666667,1.66666667,273.33333333,8.66666667,0.66666667,1.66666667
LIVE_BELIEF,HYBRID,Q08_GUARDED,POSE_SHIFT,HIGH,12,VERBOSE_TYPED,12,0.66666667,11.0,5.0,5.66666667,0.0,0.33333333,5.0,0.0,0.66666667,0.66666667,55.0,5.66666667,1.66666667,275.0,8.66666667,0.66666667,1.66666667
LIVE_BELIEF,HYBRID,Q08_GUARDED,POSE_SHIFT,LOW,4,COMPACT_TYPED,12,0.66666667,5.0,3.0,2.33333333,0.0,0.33333333,1.66666667,0.0,0.66666667,0.66666667,23.0,2.33333333,0.66666667,107.33333333,6.0,0.66666667,0.66666667
LIVE_BELIEF,HYBRID,Q08_GUARDED,POSE_SHIFT,LOW,4,VERBOSE_TYPED,12,0.66666667,5.0,3.0,2.33333333,0.0,0.33333333,1.66666667,0.0,0.66666667,0.66666667,30.0,2.33333333,0.66666667,108.0,6.0,0.66666667,0.66666667
LIVE_BELIEF,HYBRID,Q08_GUARDED,POSE_SHIFT,LOW,8,COMPACT_TYPED,12,0.58333333,7.66666667,4.33333333,4.41666667,0.0,0.41666667,3.83333333,0.0,0.58333333,0.58333333,37.91666667,4.41666667,0.58333333,93.91666667,9.08333333,0.58333333,1.66666667
LIVE_BELIEF,HYBRID,Q08_GUARDED,POSE_SHIFT,LOW,8,VERBOSE_TYPED,12,0.58333333,7.66666667,4.33333333,4.41666667,0.0,0.41666667,3.83333333,0.0,0.58333333,0.58333333,44.41666667,4.41666667,0.58333333,94.5,9.08333333,0.58333333,1.66666667
LIVE_BELIEF,HYBRID,Q08_GUARDED,POSE_SHIFT,LOW,12,COMPACT_TYPED,12,0.66666667,11.0,5.0,5.66666667,0.0,0.33333333,5.0,0.0,0.66666667,0.66666667,48.0,5.66666667,1.66666667,273.33333333,8.66666667,0.66666667,1.66666667
LIVE_BELIEF,HYBRID,Q08_GUARDED,POSE_SHIFT,LOW,12,VERBOSE_TYPED,12,0.66666667,11.0,5.0,5.66666667,0.0,0.33333333,5.0,0.0,0.66666667,0.66666667,55.0,5.66666667,1.66666667,275.0,8.66666667,0.66666667,1.66666667
LIVE_BELIEF,HYBRID,Q08_GUARDED,RESTRICTION_CHANGE,HIGH,4,COMPACT_TYPED,12,0.75,5.5,2.5,2.25,0.0,0.25,1.5,0.75,0.75,0.75,21.75,2.25,0.75,123.0,5.75,0.75,0.5
LIVE_BELIEF,HYBRID,Q08_GUARDED,RESTRICTION_CHANGE,HIGH,4,VERBOSE_TYPED,12,0.75,5.5,2.5,2.25,0.0,0.25,1.5,0.75,0.75,0.75,29.25,2.25,0.75,123.75,5.75,0.75,0.5
LIVE_BELIEF,HYBRID,Q08_GUARDED,RESTRICTION_CHANGE,HIGH,8,COMPACT_TYPED,12,0.75,9.0,3.0,4.25,0.0,0.25,3.5,0.75,0.75,0.75,34.75,4.25,0.75,123.0,8.25,0.75,1.0
LIVE_BELIEF,HYBRID,Q08_GUARDED,RESTRICTION_CHANGE,HIGH,8,VERBOSE_TYPED,12,0.75,9.0,3.0,4.25,0.0,0.25,3.5,0.75,0.75,0.75,42.25,4.25,0.75,123.75,8.25,0.75,1.0
LIVE_BELIEF,HYBRID,Q08_GUARDED,RESTRICTION_CHANGE,HIGH,12,COMPACT_TYPED,12,0.83333333,12.5,3.5,5.33333333,0.0,0.16666667,4.5,0.83333333,0.83333333,0.83333333,43.5,5.33333333,1.83333333,302.66666667,8.33333333,0.83333333,0.83333333
LIVE_BELIEF,HYBRID,Q08_GUARDED,RESTRICTION_CHANGE,HIGH,12,VERBOSE_TYPED,12,0.83333333,12.5,3.5,5.33333333,0.0,0.16666667,4.5,0.83333333,0.83333333,0.83333333,51.5,5.33333333,1.83333333,304.5,8.33333333,0.83333333,0.83333333
LIVE_BELIEF,HYBRID,Q08_GUARDED,RESTRICTION_CHANGE,LOW,4,COMPACT_TYPED,12,0.83333333,6.0,2.0,2.16666667,0.0,0.16666667,1.33333333,0.83333333,0.83333333,0.83333333,20.5,2.16666667,0.83333333,136.66666667,5.5,0.83333333,0.33333333
LIVE_BELIEF,HYBRID,Q08_GUARDED,RESTRICTION_CHANGE,LOW,4,VERBOSE_TYPED,12,0.83333333,6.0,2.0,2.16666667,0.0,0.16666667,1.33333333,0.83333333,0.83333333,0.83333333,28.5,2.16666667,0.83333333,137.5,5.5,0.83333333,0.33333333
LIVE_BELIEF,HYBRID,Q08_GUARDED,RESTRICTION_CHANGE,LOW,8,COMPACT_TYPED,12,0.75,9.0,3.0,4.25,0.0,0.25,3.5,0.75,0.75,0.75,34.75,4.25,0.75,123.0,8.25,0.75,1.0
LIVE_BELIEF,HYBRID,Q08_GUARDED,RESTRICTION_CHANGE,LOW,8,VERBOSE_TYPED,12,0.75,9.0,3.0,4.25,0.0,0.25,3.5,0.75,0.75,0.75,42.25,4.25,0.75,123.75,8.25,0.75,1.0
LIVE_BELIEF,HYBRID,Q08_GUARDED,RESTRICTION_CHANGE,LOW,12,COMPACT_TYPED,12,0.75,11.75,4.25,5.5,0.0,0.25,4.75,0.75,0.75,0.75,45.75,5.5,1.75,289.0,8.5,0.75,1.25
LIVE_BELIEF,HYBRID,Q08_GUARDED,RESTRICTION_CHANGE,LOW,12,VERBOSE_TYPED,12,0.75,11.75,4.25,5.5,0.0,0.25,4.75,0.75,0.75,0.75,53.25,5.5,1.75,290.75,8.5,0.75,1.25
LIVE_BELIEF,HYBRID,Q09_HOSTILE,AVAILABILITY_LOSS,HIGH,4,COMPACT_TYPED,12,0.0,1.0,7.0,2.0,0.0,1.0,2.0,0.0,0.0,0.0,31.5,2.0,1.0,166.0,5.0,0.0,1.0
LIVE_BELIEF,HYBRID,Q09_HOSTILE,AVAILABILITY_LOSS,HIGH,4,VERBOSE_TYPED,12,0.0,1.0,7.0,2.0,0.0,1.0,2.0,0.0,0.0,0.0,45.0,2.0,1.0,167.0,5.0,0.0,1.0
LIVE_BELIEF,HYBRID,Q09_HOSTILE,AVAILABILITY_LOSS,HIGH,8,COMPACT_TYPED,12,0.66666667,7.0,5.0,3.0,0.0,1.0,2.33333333,0.66666667,0.0,0.0,34.33333333,3.0,1.33333333,222.66666667,7.33333333,0.0,1.33333333
LIVE_BELIEF,HYBRID,Q09_HOSTILE,AVAILABILITY_LOSS,HIGH,8,VERBOSE_TYPED,12,0.66666667,7.0,5.0,3.0,0.0,1.0,2.33333333,0.66666667,0.0,0.0,49.33333333,3.0,1.33333333,224.0,7.33333333,0.0,1.33333333
LIVE_BELIEF,HYBRID,Q09_HOSTILE,AVAILABILITY_LOSS,HIGH,12,COMPACT_TYPED,12,0.0,5.0,11.0,4.0,0.0,1.0,4.0,0.0,0.0,0.0,50.25,4.0,0.0,0.0,16.0,0.0,3.0
LIVE_BELIEF,HYBRID,Q09_HOSTILE,AVAILABILITY_LOSS,HIGH,12,VERBOSE_TYPED,12,0.0,5.0,11.0,4.0,0.0,1.0,4.0,0.0,0.0,0.0,63.0,4.0,0.0,0.0,16.0,0.0,3.0
LIVE_BELIEF,HYBRID,Q09_HOSTILE,AVAILABILITY_LOSS,LOW,4,COMPACT_TYPED,12,0.0,1.0,7.0,2.0,0.0,1.0,2.0,0.0,0.0,0.0,31.0,2.0,1.0,166.0,5.0,0.0,1.0
LIVE_BELIEF,HYBRID,Q09_HOSTILE,AVAILABILITY_LOSS,LOW,4,VERBOSE_TYPED,12,0.0,1.0,7.0,2.0,0.0,1.0,2.0,0.0,0.0,0.0,43.0,2.0,1.0,167.0,5.0,0.0,1.0
LIVE_BELIEF,HYBRID,Q09_HOSTILE,AVAILABILITY_LOSS,LOW,8,COMPACT_TYPED,12,0.58333333,6.5,5.5,3.0,0.0,1.0,2.41666667,0.58333333,0.0,0.0,34.91666667,3.0,1.16666667,194.83333333,7.91666667,0.0,1.41666667
LIVE_BELIEF,HYBRID,Q09_HOSTILE,AVAILABILITY_LOSS,LOW,8,VERBOSE_TYPED,12,0.58333333,6.5,5.5,3.0,0.0,1.0,2.41666667,0.58333333,0.0,0.0,49.16666667,3.0,1.16666667,196.0,7.91666667,0.0,1.41666667
LIVE_BELIEF,HYBRID,Q09_HOSTILE,AVAILABILITY_LOSS,LOW,12,COMPACT_TYPED,12,0.0,5.0,11.0,4.0,0.0,1.0,4.0,0.0,0.0,0.0,51.0,4.0,0.0,0.0,16.0,0.0,3.0
LIVE_BELIEF,HYBRID,Q09_HOSTILE,AVAILABILITY_LOSS,LOW,12,VERBOSE_TYPED,12,0.0,5.0,11.0,4.0,0.0,1.0,4.0,0.0,0.0,0.0,66.0,4.0,0.0,0.0,16.0,0.0,3.0
LIVE_BELIEF,HYBRID,Q09_HOSTILE,CONTROL_FAILURE,HIGH,4,COMPACT_TYPED,12,1.0,5.0,3.0,1.0,0.0,1.0,1.0,0.0,0.0,0.0,17.5,1.0,1.0,166.0,5.0,0.0,0.0
LIVE_BELIEF,HYBRID,Q09_HOSTILE,CONTROL_FAILURE,HIGH,4,VERBOSE_TYPED,12,1.0,5.0,3.0,1.0,0.0,1.0,1.0,0.0,0.0,0.0,31.0,1.0,1.0,167.0,5.0,0.0,0.0
LIVE_BELIEF,HYBRID,Q09_HOSTILE,CONTROL_FAILURE,HIGH,8,COMPACT_TYPED,12,1.0,9.0,3.0,3.0,0.0,1.0,3.0,0.0,0.0,0.0,29.08333333,3.0,0.83333333,138.33333333,9.08333333,0.0,1.0
LIVE_BELIEF,HYBRID,Q09_HOSTILE,CONTROL_FAILURE,HIGH,8,VERBOSE_TYPED,12,1.0,9.0,3.0,3.0,0.0,1.0,3.0,0.0,0.0,0.0,41.83333333,3.0,0.83333333,139.16666667,9.08333333,0.0,1.0
LIVE_BELIEF,HYBRID,Q09_HOSTILE,CONTROL_FAILURE,HIGH,12,COMPACT_TYPED,12,1.0,13.0,3.0,3.0,0.0,1.0,3.0,0.0,0.0,0.0,28.75,3.0,0.0,0.0,16.0,0.0,1.0
LIVE_BELIEF,HYBRID,Q09_HOSTILE,CONTROL_FAILURE,HIGH,12,VERBOSE_TYPED,12,1.0,13.0,3.0,3.0,0.0,1.0,3.0,0.0,0.0,0.0,43.0,3.0,0.0,0.0,16.0,0.0,1.0
LIVE_BELIEF,HYBRID,Q09_HOSTILE,CONTROL_FAILURE,LOW,4,COMPACT_TYPED,12,1.0,6.0,2.0,1.0,0.0,1.0,1.0,0.0,0.0,0.0,16.5,1.0,1.0,166.0,5.0,0.0,0.0
LIVE_BELIEF,HYBRID,Q09_HOSTILE,CONTROL_FAILURE,LOW,4,VERBOSE_TYPED,12,1.0,6.0,2.0,1.0,0.0,1.0,1.0,0.0,0.0,0.0,33.0,1.0,1.0,167.0,5.0,0.0,0.0
LIVE_BELIEF,HYBRID,Q09_HOSTILE,CONTROL_FAILURE,LOW,8,COMPACT_TYPED,12,1.0,10.0,2.0,2.0,0.0,1.0,2.0,0.0,0.0,0.0,20.75,2.0,0.0,0.0,12.0,0.0,0.0
LIVE_BELIEF,HYBRID,Q09_HOSTILE,CONTROL_FAILURE,LOW,8,VERBOSE_TYPED,12,1.0,10.0,2.0,2.0,0.0,1.0,2.0,0.0,0.0,0.0,35.0,2.0,0.0,0.0,12.0,0.0,0.0
LIVE_BELIEF,HYBRID,Q09_HOSTILE,CONTROL_FAILURE,LOW,12,COMPACT_TYPED,12,1.0,14.0,2.0,3.0,0.0,1.0,3.0,0.0,0.0,0.0,26.0,3.0,0.0,0.0,16.0,0.0,1.0
LIVE_BELIEF,HYBRID,Q09_HOSTILE,CONTROL_FAILURE,LOW,12,VERBOSE_TYPED,12,1.0,14.0,2.0,3.0,0.0,1.0,3.0,0.0,0.0,0.0,38.0,3.0,0.0,0.0,16.0,0.0,1.0
LIVE_BELIEF,HYBRID,Q09_HOSTILE,POSE_SHIFT,HIGH,4,COMPACT_TYPED,12,0.0,1.0,7.0,2.0,0.0,1.0,2.0,0.0,0.0,0.0,31.0,2.0,1.0,166.0,5.0,0.0,1.0
LIVE_BELIEF,HYBRID,Q09_HOSTILE,POSE_SHIFT,HIGH,4,VERBOSE_TYPED,12,0.0,1.0,7.0,2.0,0.0,1.0,2.0,0.0,0.0,0.0,43.0,2.0,1.0,167.0,5.0,0.0,1.0
LIVE_BELIEF,HYBRID,Q09_HOSTILE,POSE_SHIFT,HIGH,8,COMPACT_TYPED,12,0.41666667,5.5,6.5,3.0,0.0,1.0,2.58333333,0.0,0.0,0.0,36.08333333,3.0,0.83333333,134.16666667,9.08333333,0.0,1.58333333
LIVE_BELIEF,HYBRID,Q09_HOSTILE,POSE_SHIFT,HIGH,8,VERBOSE_TYPED,12,0.41666667,5.5,6.5,3.0,0.0,1.0,2.58333333,0.0,0.0,0.0,48.83333333,3.0,0.83333333,135.0,9.08333333,0.0,1.58333333
LIVE_BELIEF,HYBRID,Q09_HOSTILE,POSE_SHIFT,HIGH,12,COMPACT_TYPED,12,0.0,5.0,11.0,4.0,0.0,1.0,4.0,0.0,0.0,0.0,50.5,4.0,0.0,0.0,16.0,0.0,3.0
LIVE_BELIEF,HYBRID,Q09_HOSTILE,POSE_SHIFT,HIGH,12,VERBOSE_TYPED,12,0.0,5.0,11.0,4.0,0.0,1.0,4.0,0.0,0.0,0.0,64.0,4.0,0.0,0.0,16.0,0.0,3.0
LIVE_BELIEF,HYBRID,Q09_HOSTILE,POSE_SHIFT,LOW,4,COMPACT_TYPED,12,0.0,1.0,7.0,2.0,0.0,1.0,2.0,0.0,0.0,0.0,31.75,2.0,1.0,166.0,5.0,0.0,1.0
LIVE_BELIEF,HYBRID,Q09_HOSTILE,POSE_SHIFT,LOW,4,VERBOSE_TYPED,12,0.0,1.0,7.0,2.0,0.0,1.0,2.0,0.0,0.0,0.0,46.0,2.0,1.0,167.0,5.0,0.0,1.0
LIVE_BELIEF,HYBRID,Q09_HOSTILE,POSE_SHIFT,LOW,8,COMPACT_TYPED,12,0.33333333,5.0,7.0,3.0,0.0,1.0,2.66666667,0.0,0.0,0.0,36.66666667,3.0,0.66666667,107.33333333,9.66666667,0.0,1.66666667
LIVE_BELIEF,HYBRID,Q09_HOSTILE,POSE_SHIFT,LOW,8,VERBOSE_TYPED,12,0.33333333,5.0,7.0,3.0,0.0,1.0,2.66666667,0.0,0.0,0.0,48.66666667,3.0,0.66666667,108.0,9.66666667,0.0,1.66666667
LIVE_BELIEF,HYBRID,Q09_HOSTILE,POSE_SHIFT,LOW,12,COMPACT_TYPED,12,0.0,5.0,11.0,4.0,0.0,1.0,4.0,0.0,0.0,0.0,50.0,4.0,0.0,0.0,16.0,0.0,3.0
LIVE_BELIEF,HYBRID,Q09_HOSTILE,POSE_SHIFT,LOW,12,VERBOSE_TYPED,12,0.0,5.0,11.0,4.0,0.0,1.0,4.0,0.0,0.0,0.0,62.0,4.0,0.0,0.0,16.0,0.0,3.0
LIVE_BELIEF,HYBRID,Q09_HOSTILE,RESTRICTION_CHANGE,HIGH,4,COMPACT_TYPED,12,0.0,1.0,7.0,2.0,0.0,1.0,2.0,0.0,0.0,0.0,31.25,2.0,1.0,166.0,5.0,0.0,1.0
LIVE_BELIEF,HYBRID,Q09_HOSTILE,RESTRICTION_CHANGE,HIGH,4,VERBOSE_TYPED,12,0.0,1.0,7.0,2.0,0.0,1.0,2.0,0.0,0.0,0.0,44.0,2.0,1.0,167.0,5.0,0.0,1.0
LIVE_BELIEF,HYBRID,Q09_HOSTILE,RESTRICTION_CHANGE,HIGH,8,COMPACT_TYPED,12,0.5,6.0,6.0,3.0,0.0,1.0,2.5,0.5,0.0,0.0,35.5,3.0,1.0,164.0,8.5,0.0,1.5
LIVE_BELIEF,HYBRID,Q09_HOSTILE,RESTRICTION_CHANGE,HIGH,8,VERBOSE_TYPED,12,0.5,6.0,6.0,3.0,0.0,1.0,2.5,0.5,0.0,0.0,49.0,3.0,1.0,165.0,8.5,0.0,1.5
LIVE_BELIEF,HYBRID,Q09_HOSTILE,RESTRICTION_CHANGE,HIGH,12,COMPACT_TYPED,12,0.0,5.0,11.0,4.0,0.0,1.0,4.0,0.0,0.0,0.0,50.5,4.0,0.0,0.0,16.0,0.0,3.0
LIVE_BELIEF,HYBRID,Q09_HOSTILE,RESTRICTION_CHANGE,HIGH,12,VERBOSE_TYPED,12,0.0,5.0,11.0,4.0,0.0,1.0,4.0,0.0,0.0,0.0,64.0,4.0,0.0,0.0,16.0,0.0,3.0
LIVE_BELIEF,HYBRID,Q09_HOSTILE,RESTRICTION_CHANGE,LOW,4,COMPACT_TYPED,12,0.0,1.0,7.0,2.0,0.0,1.0,2.0,0.0,0.0,0.0,32.0,2.0,1.0,166.0,5.0,0.0,1.0
LIVE_BELIEF,HYBRID,Q09_HOSTILE,RESTRICTION_CHANGE,LOW,4,VERBOSE_TYPED,12,0.0,1.0,7.0,2.0,0.0,1.0,2.0,0.0,0.0,0.0,47.0,2.0,1.0,167.0,5.0,0.0,1.0
LIVE_BELIEF,HYBRID,Q09_HOSTILE,RESTRICTION_CHANGE,LOW,8,COMPACT_TYPED,12,0.41666667,5.5,6.5,3.0,0.0,1.0,2.58333333,0.41666667,0.0,0.0,36.08333333,3.0,0.83333333,136.66666667,9.08333333,0.0,1.58333333
LIVE_BELIEF,HYBRID,Q09_HOSTILE,RESTRICTION_CHANGE,LOW,8,VERBOSE_TYPED,12,0.41666667,5.5,6.5,3.0,0.0,1.0,2.58333333,0.41666667,0.0,0.0,48.83333333,3.0,0.83333333,137.5,9.08333333,0.0,1.58333333
LIVE_BELIEF,HYBRID,Q09_HOSTILE,RESTRICTION_CHANGE,LOW,12,COMPACT_TYPED,12,0.0,5.0,11.0,4.0,0.0,1.0,4.0,0.0,0.0,0.0,50.25,4.0,0.0,0.0,16.0,0.0,3.0
LIVE_BELIEF,HYBRID,Q09_HOSTILE,RESTRICTION_CHANGE,LOW,12,VERBOSE_TYPED,12,0.0,5.0,11.0,4.0,0.0,1.0,4.0,0.0,0.0,0.0,63.0,4.0,0.0,0.0,16.0,0.0,3.0
LIVE_BELIEF,PERIODIC_ONLY,Q00_CLEAN,AVAILABILITY_LOSS,HIGH,4,COMPACT_TYPED,12,0.0,1.0,7.0,2.0,0.0,1.0,2.0,0.0,0.0,0.0,27.0,2.0,0.0,0.0,8.0,0.0,0.0
LIVE_BELIEF,PERIODIC_ONLY,Q00_CLEAN,AVAILABILITY_LOSS,HIGH,4,VERBOSE_TYPED,12,0.0,1.0,7.0,2.0,0.0,1.0,2.0,0.0,0.0,0.0,30.0,2.0,0.0,0.0,8.0,0.0,0.0
LIVE_BELIEF,PERIODIC_ONLY,Q00_CLEAN,AVAILABILITY_LOSS,HIGH,8,COMPACT_TYPED,12,0.0,3.0,9.0,4.0,0.0,1.0,4.0,0.0,0.0,0.0,43.0,4.0,0.0,0.0,12.0,0.0,0.0
LIVE_BELIEF,PERIODIC_ONLY,Q00_CLEAN,AVAILABILITY_LOSS,HIGH,8,VERBOSE_TYPED,12,0.0,3.0,9.0,4.0,0.0,1.0,4.0,0.0,0.0,0.0,46.0,4.0,0.0,0.0,12.0,0.0,0.0
LIVE_BELIEF,PERIODIC_ONLY,Q00_CLEAN,AVAILABILITY_LOSS,HIGH,12,COMPACT_TYPED,12,1.0,16.0,0.0,5.0,0.0,1.0,4.0,1.0,0.0,0.0,32.0,5.0,1.0,167.0,10.0,0.0,0.0
LIVE_BELIEF,PERIODIC_ONLY,Q00_CLEAN,AVAILABILITY_LOSS,HIGH,12,VERBOSE_TYPED,12,1.0,16.0,0.0,5.0,0.0,1.0,4.0,1.0,0.0,0.0,35.0,5.0,1.0,168.0,10.0,0.0,0.0
LIVE_BELIEF,PERIODIC_ONLY,Q00_CLEAN,AVAILABILITY_LOSS,LOW,4,COMPACT_TYPED,12,0.0,1.0,7.0,2.0,0.0,1.0,2.0,0.0,0.0,0.0,27.0,2.0,0.0,0.0,8.0,0.0,0.0
LIVE_BELIEF,PERIODIC_ONLY,Q00_CLEAN,AVAILABILITY_LOSS,LOW,4,VERBOSE_TYPED,12,0.0,1.0,7.0,2.0,0.0,1.0,2.0,0.0,0.0,0.0,30.0,2.0,0.0,0.0,8.0,0.0,0.0
LIVE_BELIEF,PERIODIC_ONLY,Q00_CLEAN,AVAILABILITY_LOSS,LOW,8,COMPACT_TYPED,12,0.0,3.0,9.0,4.0,0.0,1.0,4.0,0.0,0.0,0.0,43.0,4.0,0.0,0.0,12.0,0.0,0.0
LIVE_BELIEF,PERIODIC_ONLY,Q00_CLEAN,AVAILABILITY_LOSS,LOW,8,VERBOSE_TYPED,12,0.0,3.0,9.0,4.0,0.0,1.0,4.0,0.0,0.0,0.0,46.0,4.0,0.0,0.0,12.0,0.0,0.0
LIVE_BELIEF,PERIODIC_ONLY,Q00_CLEAN,AVAILABILITY_LOSS,LOW,12,COMPACT_TYPED,12,1.0,16.0,0.0,5.0,0.0,1.0,4.0,1.0,0.0,0.0,32.0,5.0,1.0,167.0,10.0,0.0,0.0
LIVE_BELIEF,PERIODIC_ONLY,Q00_CLEAN,AVAILABILITY_LOSS,LOW,12,VERBOSE_TYPED,12,1.0,16.0,0.0,5.0,0.0,1.0,4.0,1.0,0.0,0.0,35.0,5.0,1.0,168.0,10.0,0.0,0.0
LIVE_BELIEF,PERIODIC_ONLY,Q00_CLEAN,CONTROL_FAILURE,HIGH,4,COMPACT_TYPED,12,1.0,5.0,3.0,2.0,0.0,1.0,2.0,0.0,0.0,0.0,19.0,2.0,0.0,0.0,8.0,0.0,0.0
LIVE_BELIEF,PERIODIC_ONLY,Q00_CLEAN,CONTROL_FAILURE,HIGH,4,VERBOSE_TYPED,12,1.0,5.0,3.0,2.0,0.0,1.0,2.0,0.0,0.0,0.0,22.0,2.0,0.0,0.0,8.0,0.0,0.0
LIVE_BELIEF,PERIODIC_ONLY,Q00_CLEAN,CONTROL_FAILURE,HIGH,8,COMPACT_TYPED,12,1.0,9.0,3.0,4.0,0.0,1.0,4.0,0.0,0.0,0.0,31.0,4.0,0.0,0.0,12.0,0.0,0.0
LIVE_BELIEF,PERIODIC_ONLY,Q00_CLEAN,CONTROL_FAILURE,HIGH,8,VERBOSE_TYPED,12,1.0,9.0,3.0,4.0,0.0,1.0,4.0,0.0,0.0,0.0,34.0,4.0,0.0,0.0,12.0,0.0,0.0
LIVE_BELIEF,PERIODIC_ONLY,Q00_CLEAN,CONTROL_FAILURE,HIGH,12,COMPACT_TYPED,12,1.0,13.0,3.0,5.0,0.0,1.0,5.0,0.0,0.0,0.0,38.0,5.0,1.0,166.0,10.0,0.0,0.0
LIVE_BELIEF,PERIODIC_ONLY,Q00_CLEAN,CONTROL_FAILURE,HIGH,12,VERBOSE_TYPED,12,1.0,13.0,3.0,5.0,0.0,1.0,5.0,0.0,0.0,0.0,41.0,5.0,1.0,167.0,10.0,0.0,0.0
LIVE_BELIEF,PERIODIC_ONLY,Q00_CLEAN,CONTROL_FAILURE,LOW,4,COMPACT_TYPED,12,1.0,6.0,2.0,2.0,0.0,1.0,2.0,0.0,0.0,0.0,17.0,2.0,0.0,0.0,8.0,0.0,0.0
LIVE_BELIEF,PERIODIC_ONLY,Q00_CLEAN,CONTROL_FAILURE,LOW,4,VERBOSE_TYPED,12,1.0,6.0,2.0,2.0,0.0,1.0,2.0,0.0,0.0,0.0,20.0,2.0,0.0,0.0,8.0,0.0,0.0
LIVE_BELIEF,PERIODIC_ONLY,Q00_CLEAN,CONTROL_FAILURE,LOW,8,COMPACT_TYPED,12,1.0,10.0,2.0,4.0,0.0,1.0,4.0,0.0,0.0,0.0,29.0,4.0,0.0,0.0,12.0,0.0,0.0
LIVE_BELIEF,PERIODIC_ONLY,Q00_CLEAN,CONTROL_FAILURE,LOW,8,VERBOSE_TYPED,12,1.0,10.0,2.0,4.0,0.0,1.0,4.0,0.0,0.0,0.0,32.0,4.0,0.0,0.0,12.0,0.0,0.0
LIVE_BELIEF,PERIODIC_ONLY,Q00_CLEAN,CONTROL_FAILURE,LOW,12,COMPACT_TYPED,12,1.0,14.0,2.0,5.0,0.0,1.0,5.0,0.0,0.0,0.0,36.0,5.0,1.0,166.0,10.0,0.0,0.0
LIVE_BELIEF,PERIODIC_ONLY,Q00_CLEAN,CONTROL_FAILURE,LOW,12,VERBOSE_TYPED,12,1.0,14.0,2.0,5.0,0.0,1.0,5.0,0.0,0.0,0.0,39.0,5.0,1.0,167.0,10.0,0.0,0.0
LIVE_BELIEF,PERIODIC_ONLY,Q00_CLEAN,POSE_SHIFT,HIGH,4,COMPACT_TYPED,12,0.0,1.0,7.0,2.0,0.0,1.0,2.0,0.0,0.0,0.0,27.0,2.0,0.0,0.0,8.0,0.0,0.0
LIVE_BELIEF,PERIODIC_ONLY,Q00_CLEAN,POSE_SHIFT,HIGH,4,VERBOSE_TYPED,12,0.0,1.0,7.0,2.0,0.0,1.0,2.0,0.0,0.0,0.0,30.0,2.0,0.0,0.0,8.0,0.0,0.0
LIVE_BELIEF,PERIODIC_ONLY,Q00_CLEAN,POSE_SHIFT,HIGH,8,COMPACT_TYPED,12,0.0,3.0,9.0,4.0,0.0,1.0,4.0,0.0,0.0,0.0,43.0,4.0,0.0,0.0,12.0,0.0,0.0
LIVE_BELIEF,PERIODIC_ONLY,Q00_CLEAN,POSE_SHIFT,HIGH,8,VERBOSE_TYPED,12,0.0,3.0,9.0,4.0,0.0,1.0,4.0,0.0,0.0,0.0,46.0,4.0,0.0,0.0,12.0,0.0,0.0
LIVE_BELIEF,PERIODIC_ONLY,Q00_CLEAN,POSE_SHIFT,HIGH,12,COMPACT_TYPED,12,1.0,16.0,0.0,5.0,0.0,1.0,4.0,0.0,0.0,0.0,32.0,5.0,1.0,161.0,10.0,0.0,0.0
LIVE_BELIEF,PERIODIC_ONLY,Q00_CLEAN,POSE_SHIFT,HIGH,12,VERBOSE_TYPED,12,1.0,16.0,0.0,5.0,0.0,1.0,4.0,0.0,0.0,0.0,35.0,5.0,1.0,162.0,10.0,0.0,0.0
LIVE_BELIEF,PERIODIC_ONLY,Q00_CLEAN,POSE_SHIFT,LOW,4,COMPACT_TYPED,12,0.0,1.0,7.0,2.0,0.0,1.0,2.0,0.0,0.0,0.0,27.0,2.0,0.0,0.0,8.0,0.0,0.0
LIVE_BELIEF,PERIODIC_ONLY,Q00_CLEAN,POSE_SHIFT,LOW,4,VERBOSE_TYPED,12,0.0,1.0,7.0,2.0,0.0,1.0,2.0,0.0,0.0,0.0,30.0,2.0,0.0,0.0,8.0,0.0,0.0
LIVE_BELIEF,PERIODIC_ONLY,Q00_CLEAN,POSE_SHIFT,LOW,8,COMPACT_TYPED,12,0.0,3.0,9.0,4.0,0.0,1.0,4.0,0.0,0.0,0.0,43.0,4.0,0.0,0.0,12.0,0.0,0.0
LIVE_BELIEF,PERIODIC_ONLY,Q00_CLEAN,POSE_SHIFT,LOW,8,VERBOSE_TYPED,12,0.0,3.0,9.0,4.0,0.0,1.0,4.0,0.0,0.0,0.0,46.0,4.0,0.0,0.0,12.0,0.0,0.0
LIVE_BELIEF,PERIODIC_ONLY,Q00_CLEAN,POSE_SHIFT,LOW,12,COMPACT_TYPED,12,1.0,16.0,0.0,5.0,0.0,1.0,4.0,0.0,0.0,0.0,32.0,5.0,1.0,161.0,10.0,0.0,0.0
LIVE_BELIEF,PERIODIC_ONLY,Q00_CLEAN,POSE_SHIFT,LOW,12,VERBOSE_TYPED,12,1.0,16.0,0.0,5.0,0.0,1.0,4.0,0.0,0.0,0.0,35.0,5.0,1.0,162.0,10.0,0.0,0.0
LIVE_BELIEF,PERIODIC_ONLY,Q00_CLEAN,RESTRICTION_CHANGE,HIGH,4,COMPACT_TYPED,12,0.0,1.0,7.0,2.0,0.0,1.0,2.0,0.0,0.0,0.0,27.0,2.0,0.0,0.0,8.0,0.0,0.0
LIVE_BELIEF,PERIODIC_ONLY,Q00_CLEAN,RESTRICTION_CHANGE,HIGH,4,VERBOSE_TYPED,12,0.0,1.0,7.0,2.0,0.0,1.0,2.0,0.0,0.0,0.0,30.0,2.0,0.0,0.0,8.0,0.0,0.0
LIVE_BELIEF,PERIODIC_ONLY,Q00_CLEAN,RESTRICTION_CHANGE,HIGH,8,COMPACT_TYPED,12,0.0,3.0,9.0,4.0,0.0,1.0,4.0,0.0,0.0,0.0,43.0,4.0,0.0,0.0,12.0,0.0,0.0
LIVE_BELIEF,PERIODIC_ONLY,Q00_CLEAN,RESTRICTION_CHANGE,HIGH,8,VERBOSE_TYPED,12,0.0,3.0,9.0,4.0,0.0,1.0,4.0,0.0,0.0,0.0,46.0,4.0,0.0,0.0,12.0,0.0,0.0
LIVE_BELIEF,PERIODIC_ONLY,Q00_CLEAN,RESTRICTION_CHANGE,HIGH,12,COMPACT_TYPED,12,1.0,16.0,0.0,5.0,0.0,1.0,4.0,1.0,0.0,0.0,32.0,5.0,1.0,164.0,10.0,0.0,0.0
LIVE_BELIEF,PERIODIC_ONLY,Q00_CLEAN,RESTRICTION_CHANGE,HIGH,12,VERBOSE_TYPED,12,1.0,16.0,0.0,5.0,0.0,1.0,4.0,1.0,0.0,0.0,35.0,5.0,1.0,165.0,10.0,0.0,0.0
LIVE_BELIEF,PERIODIC_ONLY,Q00_CLEAN,RESTRICTION_CHANGE,LOW,4,COMPACT_TYPED,12,0.0,1.0,7.0,2.0,0.0,1.0,2.0,0.0,0.0,0.0,27.0,2.0,0.0,0.0,8.0,0.0,0.0
LIVE_BELIEF,PERIODIC_ONLY,Q00_CLEAN,RESTRICTION_CHANGE,LOW,4,VERBOSE_TYPED,12,0.0,1.0,7.0,2.0,0.0,1.0,2.0,0.0,0.0,0.0,30.0,2.0,0.0,0.0,8.0,0.0,0.0
LIVE_BELIEF,PERIODIC_ONLY,Q00_CLEAN,RESTRICTION_CHANGE,LOW,8,COMPACT_TYPED,12,0.0,3.0,9.0,4.0,0.0,1.0,4.0,0.0,0.0,0.0,43.0,4.0,0.0,0.0,12.0,0.0,0.0
LIVE_BELIEF,PERIODIC_ONLY,Q00_CLEAN,RESTRICTION_CHANGE,LOW,8,VERBOSE_TYPED,12,0.0,3.0,9.0,4.0,0.0,1.0,4.0,0.0,0.0,0.0,46.0,4.0,0.0,0.0,12.0,0.0,0.0
LIVE_BELIEF,PERIODIC_ONLY,Q00_CLEAN,RESTRICTION_CHANGE,LOW,12,COMPACT_TYPED,12,1.0,16.0,0.0,5.0,0.0,1.0,4.0,1.0,0.0,0.0,32.0,5.0,1.0,164.0,10.0,0.0,0.0
LIVE_BELIEF,PERIODIC_ONLY,Q00_CLEAN,RESTRICTION_CHANGE,LOW,12,VERBOSE_TYPED,12,1.0,16.0,0.0,5.0,0.0,1.0,4.0,1.0,0.0,0.0,35.0,5.0,1.0,165.0,10.0,0.0,0.0
LIVE_BELIEF,PERIODIC_ONLY,Q01_RECALL75,AVAILABILITY_LOSS,HIGH,4,COMPACT_TYPED,12,0.0,1.0,7.0,2.0,0.0,1.0,2.0,0.0,0.0,0.0,26.58333333,2.0,0.0,0.0,8.0,0.0,0.0
LIVE_BELIEF,PERIODIC_ONLY,Q01_RECALL75,AVAILABILITY_LOSS,HIGH,4,VERBOSE_TYPED,12,0.0,1.0,7.0,2.0,0.0,1.0,2.0,0.0,0.0,0.0,28.33333333,2.0,0.0,0.0,8.0,0.0,0.0
LIVE_BELIEF,PERIODIC_ONLY,Q01_RECALL75,AVAILABILITY_LOSS,HIGH,8,COMPACT_TYPED,12,0.0,3.0,9.0,4.0,0.0,1.0,4.0,0.0,0.0,0.0,42.83333333,4.0,0.0,0.0,12.0,0.0,0.0
LIVE_BELIEF,PERIODIC_ONLY,Q01_RECALL75,AVAILABILITY_LOSS,HIGH,8,VERBOSE_TYPED,12,0.0,3.0,9.0,4.0,0.0,1.0,4.0,0.0,0.0,0.0,45.33333333,4.0,0.0,0.0,12.0,0.0,0.0
LIVE_BELIEF,PERIODIC_ONLY,Q01_RECALL75,AVAILABILITY_LOSS,HIGH,12,COMPACT_TYPED,12,0.66666667,12.33333333,3.66666667,5.0,0.0,1.0,4.33333333,0.66666667,0.0,0.0,38.66666667,5.0,0.66666667,111.33333333,12.0,0.0,0.0
LIVE_BELIEF,PERIODIC_ONLY,Q01_RECALL75,AVAILABILITY_LOSS,HIGH,12,VERBOSE_TYPED,12,0.66666667,12.33333333,3.66666667,5.0,0.0,1.0,4.33333333,0.66666667,0.0,0.0,40.66666667,5.0,0.66666667,112.0,12.0,0.0,0.0
LIVE_BELIEF,PERIODIC_ONLY,Q01_RECALL75,AVAILABILITY_LOSS,LOW,4,COMPACT_TYPED,12,0.0,1.0,7.0,2.0,0.0,1.0,2.0,0.0,0.0,0.0,26.66666667,2.0,0.0,0.0,8.0,0.0,0.0
LIVE_BELIEF,PERIODIC_ONLY,Q01_RECALL75,AVAILABILITY_LOSS,LOW,4,VERBOSE_TYPED,12,0.0,1.0,7.0,2.0,0.0,1.0,2.0,0.0,0.0,0.0,28.66666667,2.0,0.0,0.0,8.0,0.0,0.0
LIVE_BELIEF,PERIODIC_ONLY,Q01_RECALL75,AVAILABILITY_LOSS,LOW,8,COMPACT_TYPED,12,0.0,3.0,9.0,4.0,0.0,1.0,4.0,0.0,0.0,0.0,42.83333333,4.0,0.0,0.0,12.0,0.0,0.0
LIVE_BELIEF,PERIODIC_ONLY,Q01_RECALL75,AVAILABILITY_LOSS,LOW,8,VERBOSE_TYPED,12,0.0,3.0,9.0,4.0,0.0,1.0,4.0,0.0,0.0,0.0,45.33333333,4.0,0.0,0.0,12.0,0.0,0.0
LIVE_BELIEF,PERIODIC_ONLY,Q01_RECALL75,AVAILABILITY_LOSS,LOW,12,COMPACT_TYPED,12,0.83333333,14.16666667,1.83333333,5.0,0.0,1.0,4.16666667,0.83333333,0.0,0.0,35.33333333,5.0,0.83333333,139.16666667,11.0,0.0,0.0
LIVE_BELIEF,PERIODIC_ONLY,Q01_RECALL75,AVAILABILITY_LOSS,LOW,12,VERBOSE_TYPED,12,0.83333333,14.16666667,1.83333333,5.0,0.0,1.0,4.16666667,0.83333333,0.0,0.0,37.83333333,5.0,0.83333333,140.0,11.0,0.0,0.0
LIVE_BELIEF,PERIODIC_ONLY,Q01_RECALL75,CONTROL_FAILURE,HIGH,4,COMPACT_TYPED,12,1.0,5.0,3.0,2.0,0.0,1.0,2.0,0.0,0.0,0.0,18.66666667,2.0,0.0,0.0,8.0,0.0,0.0
LIVE_BELIEF,PERIODIC_ONLY,Q01_RECALL75,CONTROL_FAILURE,HIGH,4,VERBOSE_TYPED,12,1.0,5.0,3.0,2.0,0.0,1.0,2.0,0.0,0.0,0.0,20.66666667,2.0,0.0,0.0,8.0,0.0,0.0
LIVE_BELIEF,PERIODIC_ONLY,Q01_RECALL75,CONTROL_FAILURE,HIGH,8,COMPACT_TYPED,12,1.0,9.0,3.0,4.0,0.0,1.0,4.0,0.0,0.0,0.0,30.58333333,4.0,0.0,0.0,12.0,0.0,0.0
LIVE_BELIEF,PERIODIC_ONLY,Q01_RECALL75,CONTROL_FAILURE,HIGH,8,VERBOSE_TYPED,12,1.0,9.0,3.0,4.0,0.0,1.0,4.0,0.0,0.0,0.0,32.33333333,4.0,0.0,0.0,12.0,0.0,0.0
LIVE_BELIEF,PERIODIC_ONLY,Q01_RECALL75,CONTROL_FAILURE,HIGH,12,COMPACT_TYPED,12,1.0,13.0,3.0,5.0,0.0,1.0,5.0,0.0,0.0,0.0,37.66666667,5.0,0.83333333,138.33333333,11.0,0.0,0.0
LIVE_BELIEF,PERIODIC_ONLY,Q01_RECALL75,CONTROL_FAILURE,HIGH,12,VERBOSE_TYPED,12,1.0,13.0,3.0,5.0,0.0,1.0,5.0,0.0,0.0,0.0,40.16666667,5.0,0.83333333,139.16666667,11.0,0.0,0.0
LIVE_BELIEF,PERIODIC_ONLY,Q01_RECALL75,CONTROL_FAILURE,LOW,4,COMPACT_TYPED,12,1.0,6.0,2.0,2.0,0.0,1.0,2.0,0.0,0.0,0.0,16.91666667,2.0,0.0,0.0,8.0,0.0,0.0
LIVE_BELIEF,PERIODIC_ONLY,Q01_RECALL75,CONTROL_FAILURE,LOW,4,VERBOSE_TYPED,12,1.0,6.0,2.0,2.0,0.0,1.0,2.0,0.0,0.0,0.0,19.66666667,2.0,0.0,0.0,8.0,0.0,0.0
LIVE_BELIEF,PERIODIC_ONLY,Q01_RECALL75,CONTROL_FAILURE,LOW,8,COMPACT_TYPED,12,1.0,10.0,2.0,4.0,0.0,1.0,4.0,0.0,0.0,0.0,28.66666667,4.0,0.0,0.0,12.0,0.0,0.0
LIVE_BELIEF,PERIODIC_ONLY,Q01_RECALL75,CONTROL_FAILURE,LOW,8,VERBOSE_TYPED,12,1.0,10.0,2.0,4.0,0.0,1.0,4.0,0.0,0.0,0.0,30.66666667,4.0,0.0,0.0,12.0,0.0,0.0
LIVE_BELIEF,PERIODIC_ONLY,Q01_RECALL75,CONTROL_FAILURE,LOW,12,COMPACT_TYPED,12,1.0,14.0,2.0,5.0,0.0,1.0,5.0,0.0,0.0,0.0,35.66666667,5.0,0.83333333,138.33333333,11.0,0.0,0.0
LIVE_BELIEF,PERIODIC_ONLY,Q01_RECALL75,CONTROL_FAILURE,LOW,12,VERBOSE_TYPED,12,1.0,14.0,2.0,5.0,0.0,1.0,5.0,0.0,0.0,0.0,38.16666667,5.0,0.83333333,139.16666667,11.0,0.0,0.0
LIVE_BELIEF,PERIODIC_ONLY,Q01_RECALL75,POSE_SHIFT,HIGH,4,COMPACT_TYPED,12,0.0,1.0,7.0,2.0,0.0,1.0,2.0,0.0,0.0,0.0,26.66666667,2.0,0.0,0.0,8.0,0.0,0.0
LIVE_BELIEF,PERIODIC_ONLY,Q01_RECALL75,POSE_SHIFT,HIGH,4,VERBOSE_TYPED,12,0.0,1.0,7.0,2.0,0.0,1.0,2.0,0.0,0.0,0.0,28.66666667,2.0,0.0,0.0,8.0,0.0,0.0
LIVE_BELIEF,PERIODIC_ONLY,Q01_RECALL75,POSE_SHIFT,HIGH,8,COMPACT_TYPED,12,0.0,3.0,9.0,4.0,0.0,1.0,4.0,0.0,0.0,0.0,42.41666667,4.0,0.0,0.0,12.0,0.0,0.0
LIVE_BELIEF,PERIODIC_ONLY,Q01_RECALL75,POSE_SHIFT,HIGH,8,VERBOSE_TYPED,12,0.0,3.0,9.0,4.0,0.0,1.0,4.0,0.0,0.0,0.0,43.66666667,4.0,0.0,0.0,12.0,0.0,0.0
LIVE_BELIEF,PERIODIC_ONLY,Q01_RECALL75,POSE_SHIFT,HIGH,12,COMPACT_TYPED,12,0.66666667,12.33333333,3.66666667,5.0,0.0,1.0,4.33333333,0.0,0.0,0.0,38.66666667,5.0,0.66666667,107.33333333,12.0,0.0,0.0
LIVE_BELIEF,PERIODIC_ONLY,Q01_RECALL75,POSE_SHIFT,HIGH,12,VERBOSE_TYPED,12,0.66666667,12.33333333,3.66666667,5.0,0.0,1.0,4.33333333,0.0,0.0,0.0,40.66666667,5.0,0.66666667,108.0,12.0,0.0,0.0
LIVE_BELIEF,PERIODIC_ONLY,Q01_RECALL75,POSE_SHIFT,LOW,4,COMPACT_TYPED,12,0.0,1.0,7.0,2.0,0.0,1.0,2.0,0.0,0.0,0.0,26.66666667,2.0,0.0,0.0,8.0,0.0,0.0
LIVE_BELIEF,PERIODIC_ONLY,Q01_RECALL75,POSE_SHIFT,LOW,4,VERBOSE_TYPED,12,0.0,1.0,7.0,2.0,0.0,1.0,2.0,0.0,0.0,0.0,28.66666667,2.0,0.0,0.0,8.0,0.0,0.0
LIVE_BELIEF,PERIODIC_ONLY,Q01_RECALL75,POSE_SHIFT,LOW,8,COMPACT_TYPED,12,0.0,3.0,9.0,4.0,0.0,1.0,4.0,0.0,0.0,0.0,42.58333333,4.0,0.0,0.0,12.0,0.0,0.0
LIVE_BELIEF,PERIODIC_ONLY,Q01_RECALL75,POSE_SHIFT,LOW,8,VERBOSE_TYPED,12,0.0,3.0,9.0,4.0,0.0,1.0,4.0,0.0,0.0,0.0,44.33333333,4.0,0.0,0.0,12.0,0.0,0.0
LIVE_BELIEF,PERIODIC_ONLY,Q01_RECALL75,POSE_SHIFT,LOW,12,COMPACT_TYPED,12,0.66666667,12.33333333,3.66666667,5.0,0.0,1.0,4.33333333,0.0,0.0,0.0,38.66666667,5.0,0.66666667,107.33333333,12.0,0.0,0.0
LIVE_BELIEF,PERIODIC_ONLY,Q01_RECALL75,POSE_SHIFT,LOW,12,VERBOSE_TYPED,12,0.66666667,12.33333333,3.66666667,5.0,0.0,1.0,4.33333333,0.0,0.0,0.0,40.66666667,5.0,0.66666667,108.0,12.0,0.0,0.0
LIVE_BELIEF,PERIODIC_ONLY,Q01_RECALL75,RESTRICTION_CHANGE,HIGH,4,COMPACT_TYPED,12,0.0,1.0,7.0,2.0,0.0,1.0,2.0,0.0,0.0,0.0,26.75,2.0,0.0,0.0,8.0,0.0,0.0
LIVE_BELIEF,PERIODIC_ONLY,Q01_RECALL75,RESTRICTION_CHANGE,HIGH,4,VERBOSE_TYPED,12,0.0,1.0,7.0,2.0,0.0,1.0,2.0,0.0,0.0,0.0,29.0,2.0,0.0,0.0,8.0,0.0,0.0
LIVE_BELIEF,PERIODIC_ONLY,Q01_RECALL75,RESTRICTION_CHANGE,HIGH,8,COMPACT_TYPED,12,0.0,3.0,9.0,4.0,0.0,1.0,4.0,0.0,0.0,0.0,42.75,4.0,0.0,0.0,12.0,0.0,0.0
LIVE_BELIEF,PERIODIC_ONLY,Q01_RECALL75,RESTRICTION_CHANGE,HIGH,8,VERBOSE_TYPED,12,0.0,3.0,9.0,4.0,0.0,1.0,4.0,0.0,0.0,0.0,45.0,4.0,0.0,0.0,12.0,0.0,0.0
LIVE_BELIEF,PERIODIC_ONLY,Q01_RECALL75,RESTRICTION_CHANGE,HIGH,12,COMPACT_TYPED,12,0.83333333,14.16666667,1.83333333,5.0,0.0,1.0,4.16666667,0.83333333,0.0,0.0,35.33333333,5.0,0.83333333,136.66666667,11.0,0.0,0.0
LIVE_BELIEF,PERIODIC_ONLY,Q01_RECALL75,RESTRICTION_CHANGE,HIGH,12,VERBOSE_TYPED,12,0.83333333,14.16666667,1.83333333,5.0,0.0,1.0,4.16666667,0.83333333,0.0,0.0,37.83333333,5.0,0.83333333,137.5,11.0,0.0,0.0
LIVE_BELIEF,PERIODIC_ONLY,Q01_RECALL75,RESTRICTION_CHANGE,LOW,4,COMPACT_TYPED,12,0.0,1.0,7.0,2.0,0.0,1.0,2.0,0.0,0.0,0.0,26.83333333,2.0,0.0,0.0,8.0,0.0,0.0
LIVE_BELIEF,PERIODIC_ONLY,Q01_RECALL75,RESTRICTION_CHANGE,LOW,4,VERBOSE_TYPED,12,0.0,1.0,7.0,2.0,0.0,1.0,2.0,0.0,0.0,0.0,29.33333333,2.0,0.0,0.0,8.0,0.0,0.0
LIVE_BELIEF,PERIODIC_ONLY,Q01_RECALL75,RESTRICTION_CHANGE,LOW,8,COMPACT_TYPED,12,0.0,3.0,9.0,4.0,0.0,1.0,4.0,0.0,0.0,0.0,42.75,4.0,0.0,0.0,12.0,0.0,0.0
LIVE_BELIEF,PERIODIC_ONLY,Q01_RECALL75,RESTRICTION_CHANGE,LOW,8,VERBOSE_TYPED,12,0.0,3.0,9.0,4.0,0.0,1.0,4.0,0.0,0.0,0.0,45.0,4.0,0.0,0.0,12.0,0.0,0.0
LIVE_BELIEF,PERIODIC_ONLY,Q01_RECALL75,RESTRICTION_CHANGE,LOW,12,COMPACT_TYPED,12,0.75,13.25,2.75,5.0,0.0,1.0,4.25,0.75,0.0,0.0,37.0,5.0,0.75,123.0,11.5,0.0,0.0
LIVE_BELIEF,PERIODIC_ONLY,Q01_RECALL75,RESTRICTION_CHANGE,LOW,12,VERBOSE_TYPED,12,0.75,13.25,2.75,5.0,0.0,1.0,4.25,0.75,0.0,0.0,39.25,5.0,0.75,123.75,11.5,0.0,0.0
LIVE_BELIEF,PERIODIC_ONLY,Q02_RECALL50,AVAILABILITY_LOSS,HIGH,4,COMPACT_TYPED,12,0.0,1.0,7.0,2.0,0.0,1.0,2.0,0.0,0.0,0.0,26.5,2.0,0.0,0.0,8.0,0.0,0.0
LIVE_BELIEF,PERIODIC_ONLY,Q02_RECALL50,AVAILABILITY_LOSS,HIGH,4,VERBOSE_TYPED,12,0.0,1.0,7.0,2.0,0.0,1.0,2.0,0.0,0.0,0.0,28.0,2.0,0.0,0.0,8.0,0.0,0.0
LIVE_BELIEF,PERIODIC_ONLY,Q02_RECALL50,AVAILABILITY_LOSS,HIGH,8,COMPACT_TYPED,12,0.0,3.0,9.0,4.0,0.0,1.0,4.0,0.0,0.0,0.0,42.66666667,4.0,0.0,0.0,12.0,0.0,0.0
LIVE_BELIEF,PERIODIC_ONLY,Q02_RECALL50,AVAILABILITY_LOSS,HIGH,8,VERBOSE_TYPED,12,0.0,3.0,9.0,4.0,0.0,1.0,4.0,0.0,0.0,0.0,44.66666667,4.0,0.0,0.0,12.0,0.0,0.0
LIVE_BELIEF,PERIODIC_ONLY,Q02_RECALL50,AVAILABILITY_LOSS,HIGH,12,COMPACT_TYPED,12,0.41666667,9.58333333,6.41666667,5.0,0.0,1.0,4.58333333,0.41666667,0.0,0.0,43.66666667,5.0,0.41666667,69.58333333,13.5,0.0,0.0
LIVE_BELIEF,PERIODIC_ONLY,Q02_RECALL50,AVAILABILITY_LOSS,HIGH,12,VERBOSE_TYPED,12,0.41666667,9.58333333,6.41666667,5.0,0.0,1.0,4.58333333,0.41666667,0.0,0.0,44.91666667,5.0,0.41666667,70.0,13.5,0.0,0.0
LIVE_BELIEF,PERIODIC_ONLY,Q02_RECALL50,AVAILABILITY_LOSS,LOW,4,COMPACT_TYPED,12,0.0,1.0,7.0,2.0,0.0,1.0,2.0,0.0,0.0,0.0,26.33333333,2.0,0.0,0.0,8.0,0.0,0.0
LIVE_BELIEF,PERIODIC_ONLY,Q02_RECALL50,AVAILABILITY_LOSS,LOW,4,VERBOSE_TYPED,12,0.0,1.0,7.0,2.0,0.0,1.0,2.0,0.0,0.0,0.0,27.33333333,2.0,0.0,0.0,8.0,0.0,0.0
LIVE_BELIEF,PERIODIC_ONLY,Q02_RECALL50,AVAILABILITY_LOSS,LOW,8,COMPACT_TYPED,12,0.0,3.0,9.0,4.0,0.0,1.0,4.0,0.0,0.0,0.0,42.58333333,4.0,0.0,0.0,12.0,0.0,0.0
LIVE_BELIEF,PERIODIC_ONLY,Q02_RECALL50,AVAILABILITY_LOSS,LOW,8,VERBOSE_TYPED,12,0.0,3.0,9.0,4.0,0.0,1.0,4.0,0.0,0.0,0.0,44.33333333,4.0,0.0,0.0,12.0,0.0,0.0
LIVE_BELIEF,PERIODIC_ONLY,Q02_RECALL50,AVAILABILITY_LOSS,LOW,12,COMPACT_TYPED,12,0.66666667,12.33333333,3.66666667,5.0,0.0,1.0,4.33333333,0.66666667,0.0,0.0,38.66666667,5.0,0.66666667,111.33333333,12.0,0.0,0.0
LIVE_BELIEF,PERIODIC_ONLY,Q02_RECALL50,AVAILABILITY_LOSS,LOW,12,VERBOSE_TYPED,12,0.66666667,12.33333333,3.66666667,5.0,0.0,1.0,4.33333333,0.66666667,0.0,0.0,40.66666667,5.0,0.66666667,112.0,12.0,0.0,0.0
LIVE_BELIEF,PERIODIC_ONLY,Q02_RECALL50,CONTROL_FAILURE,HIGH,4,COMPACT_TYPED,12,1.0,5.0,3.0,2.0,0.0,1.0,2.0,0.0,0.0,0.0,18.5,2.0,0.0,0.0,8.0,0.0,0.0
LIVE_BELIEF,PERIODIC_ONLY,Q02_RECALL50,CONTROL_FAILURE,HIGH,4,VERBOSE_TYPED,12,1.0,5.0,3.0,2.0,0.0,1.0,2.0,0.0,0.0,0.0,20.0,2.0,0.0,0.0,8.0,0.0,0.0
LIVE_BELIEF,PERIODIC_ONLY,Q02_RECALL50,CONTROL_FAILURE,HIGH,8,COMPACT_TYPED,12,1.0,9.0,3.0,4.0,0.0,1.0,4.0,0.0,0.0,0.0,30.41666667,4.0,0.0,0.0,12.0,0.0,0.0
LIVE_BELIEF,PERIODIC_ONLY,Q02_RECALL50,CONTROL_FAILURE,HIGH,8,VERBOSE_TYPED,12,1.0,9.0,3.0,4.0,0.0,1.0,4.0,0.0,0.0,0.0,31.66666667,4.0,0.0,0.0,12.0,0.0,0.0
LIVE_BELIEF,PERIODIC_ONLY,Q02_RECALL50,CONTROL_FAILURE,HIGH,12,COMPACT_TYPED,12,1.0,13.0,3.0,5.0,0.0,1.0,5.0,0.0,0.0,0.0,37.16666667,5.0,0.58333333,96.83333333,12.5,0.0,0.0
LIVE_BELIEF,PERIODIC_ONLY,Q02_RECALL50,CONTROL_FAILURE,HIGH,12,VERBOSE_TYPED,12,1.0,13.0,3.0,5.0,0.0,1.0,5.0,0.0,0.0,0.0,38.91666667,5.0,0.58333333,97.41666667,12.5,0.0,0.0
LIVE_BELIEF,PERIODIC_ONLY,Q02_RECALL50,CONTROL_FAILURE,LOW,4,COMPACT_TYPED,12,1.0,6.0,2.0,2.0,0.0,1.0,2.0,0.0,0.0,0.0,16.83333333,2.0,0.0,0.0,8.0,0.0,0.0
LIVE_BELIEF,PERIODIC_ONLY,Q02_RECALL50,CONTROL_FAILURE,LOW,4,VERBOSE_TYPED,12,1.0,6.0,2.0,2.0,0.0,1.0,2.0,0.0,0.0,0.0,19.33333333,2.0,0.0,0.0,8.0,0.0,0.0
LIVE_BELIEF,PERIODIC_ONLY,Q02_RECALL50,CONTROL_FAILURE,LOW,8,COMPACT_TYPED,12,1.0,10.0,2.0,4.0,0.0,1.0,4.0,0.0,0.0,0.0,28.58333333,4.0,0.0,0.0,12.0,0.0,0.0
LIVE_BELIEF,PERIODIC_ONLY,Q02_RECALL50,CONTROL_FAILURE,LOW,8,VERBOSE_TYPED,12,1.0,10.0,2.0,4.0,0.0,1.0,4.0,0.0,0.0,0.0,30.33333333,4.0,0.0,0.0,12.0,0.0,0.0
LIVE_BELIEF,PERIODIC_ONLY,Q02_RECALL50,CONTROL_FAILURE,LOW,12,COMPACT_TYPED,12,1.0,14.0,2.0,5.0,0.0,1.0,5.0,0.0,0.0,0.0,34.66666667,5.0,0.33333333,55.33333333,14.0,0.0,0.0
LIVE_BELIEF,PERIODIC_ONLY,Q02_RECALL50,CONTROL_FAILURE,LOW,12,VERBOSE_TYPED,12,1.0,14.0,2.0,5.0,0.0,1.0,5.0,0.0,0.0,0.0,35.66666667,5.0,0.33333333,55.66666667,14.0,0.0,0.0
LIVE_BELIEF,PERIODIC_ONLY,Q02_RECALL50,POSE_SHIFT,HIGH,4,COMPACT_TYPED,12,0.0,1.0,7.0,2.0,0.0,1.0,2.0,0.0,0.0,0.0,26.33333333,2.0,0.0,0.0,8.0,0.0,0.0
LIVE_BELIEF,PERIODIC_ONLY,Q02_RECALL50,POSE_SHIFT,HIGH,4,VERBOSE_TYPED,12,0.0,1.0,7.0,2.0,0.0,1.0,2.0,0.0,0.0,0.0,27.33333333,2.0,0.0,0.0,8.0,0.0,0.0
LIVE_BELIEF,PERIODIC_ONLY,Q02_RECALL50,POSE_SHIFT,HIGH,8,COMPACT_TYPED,12,0.0,3.0,9.0,4.0,0.0,1.0,4.0,0.0,0.0,0.0,42.41666667,4.0,0.0,0.0,12.0,0.0,0.0
LIVE_BELIEF,PERIODIC_ONLY,Q02_RECALL50,POSE_SHIFT,HIGH,8,VERBOSE_TYPED,12,0.0,3.0,9.0,4.0,0.0,1.0,4.0,0.0,0.0,0.0,43.66666667,4.0,0.0,0.0,12.0,0.0,0.0
LIVE_BELIEF,PERIODIC_ONLY,Q02_RECALL50,POSE_SHIFT,HIGH,12,COMPACT_TYPED,12,0.5,10.5,5.5,5.0,0.0,1.0,4.5,0.0,0.0,0.0,42.0,5.0,0.5,80.5,13.0,0.0,0.0
LIVE_BELIEF,PERIODIC_ONLY,Q02_RECALL50,POSE_SHIFT,HIGH,12,VERBOSE_TYPED,12,0.5,10.5,5.5,5.0,0.0,1.0,4.5,0.0,0.0,0.0,43.5,5.0,0.5,81.0,13.0,0.0,0.0
LIVE_BELIEF,PERIODIC_ONLY,Q02_RECALL50,POSE_SHIFT,LOW,4,COMPACT_TYPED,12,0.0,1.0,7.0,2.0,0.0,1.0,2.0,0.0,0.0,0.0,26.58333333,2.0,0.0,0.0,8.0,0.0,0.0
LIVE_BELIEF,PERIODIC_ONLY,Q02_RECALL50,POSE_SHIFT,LOW,4,VERBOSE_TYPED,12,0.0,1.0,7.0,2.0,0.0,1.0,2.0,0.0,0.0,0.0,28.33333333,2.0,0.0,0.0,8.0,0.0,0.0
LIVE_BELIEF,PERIODIC_ONLY,Q02_RECALL50,POSE_SHIFT,LOW,8,COMPACT_TYPED,12,0.0,3.0,9.0,4.0,0.0,1.0,4.0,0.0,0.0,0.0,42.33333333,4.0,0.0,0.0,12.0,0.0,0.0
LIVE_BELIEF,PERIODIC_ONLY,Q02_RECALL50,POSE_SHIFT,LOW,8,VERBOSE_TYPED,12,0.0,3.0,9.0,4.0,0.0,1.0,4.0,0.0,0.0,0.0,43.33333333,4.0,0.0,0.0,12.0,0.0,0.0
LIVE_BELIEF,PERIODIC_ONLY,Q02_RECALL50,POSE_SHIFT,LOW,12,COMPACT_TYPED,12,0.33333333,8.66666667,7.33333333,5.0,0.0,1.0,4.66666667,0.0,0.0,0.0,45.33333333,5.0,0.33333333,53.66666667,14.0,0.0,0.0
LIVE_BELIEF,PERIODIC_ONLY,Q02_RECALL50,POSE_SHIFT,LOW,12,VERBOSE_TYPED,12,0.33333333,8.66666667,7.33333333,5.0,0.0,1.0,4.66666667,0.0,0.0,0.0,46.33333333,5.0,0.33333333,54.0,14.0,0.0,0.0
LIVE_BELIEF,PERIODIC_ONLY,Q02_RECALL50,RESTRICTION_CHANGE,HIGH,4,COMPACT_TYPED,12,0.0,1.0,7.0,2.0,0.0,1.0,2.0,0.0,0.0,0.0,26.41666667,2.0,0.0,0.0,8.0,0.0,0.0
LIVE_BELIEF,PERIODIC_ONLY,Q02_RECALL50,RESTRICTION_CHANGE,HIGH,4,VERBOSE_TYPED,12,0.0,1.0,7.0,2.0,0.0,1.0,2.0,0.0,0.0,0.0,27.66666667,2.0,0.0,0.0,8.0,0.0,0.0
LIVE_BELIEF,PERIODIC_ONLY,Q02_RECALL50,RESTRICTION_CHANGE,HIGH,8,COMPACT_TYPED,12,0.0,3.0,9.0,4.0,0.0,1.0,4.0,0.0,0.0,0.0,42.5,4.0,0.0,0.0,12.0,0.0,0.0
LIVE_BELIEF,PERIODIC_ONLY,Q02_RECALL50,RESTRICTION_CHANGE,HIGH,8,VERBOSE_TYPED,12,0.0,3.0,9.0,4.0,0.0,1.0,4.0,0.0,0.0,0.0,44.0,4.0,0.0,0.0,12.0,0.0,0.0
LIVE_BELIEF,PERIODIC_ONLY,Q02_RECALL50,RESTRICTION_CHANGE,HIGH,12,COMPACT_TYPED,12,0.5,10.5,5.5,5.0,0.0,1.0,4.5,0.5,0.0,0.0,42.0,5.0,0.5,82.0,13.0,0.0,0.0
LIVE_BELIEF,PERIODIC_ONLY,Q02_RECALL50,RESTRICTION_CHANGE,HIGH,12,VERBOSE_TYPED,12,0.5,10.5,5.5,5.0,0.0,1.0,4.5,0.5,0.0,0.0,43.5,5.0,0.5,82.5,13.0,0.0,0.0
LIVE_BELIEF,PERIODIC_ONLY,Q02_RECALL50,RESTRICTION_CHANGE,LOW,4,COMPACT_TYPED,12,0.0,1.0,7.0,2.0,0.0,1.0,2.0,0.0,0.0,0.0,26.66666667,2.0,0.0,0.0,8.0,0.0,0.0
LIVE_BELIEF,PERIODIC_ONLY,Q02_RECALL50,RESTRICTION_CHANGE,LOW,4,VERBOSE_TYPED,12,0.0,1.0,7.0,2.0,0.0,1.0,2.0,0.0,0.0,0.0,28.66666667,2.0,0.0,0.0,8.0,0.0,0.0
LIVE_BELIEF,PERIODIC_ONLY,Q02_RECALL50,RESTRICTION_CHANGE,LOW,8,COMPACT_TYPED,12,0.0,3.0,9.0,4.0,0.0,1.0,4.0,0.0,0.0,0.0,42.41666667,4.0,0.0,0.0,12.0,0.0,0.0
LIVE_BELIEF,PERIODIC_ONLY,Q02_RECALL50,RESTRICTION_CHANGE,LOW,8,VERBOSE_TYPED,12,0.0,3.0,9.0,4.0,0.0,1.0,4.0,0.0,0.0,0.0,43.66666667,4.0,0.0,0.0,12.0,0.0,0.0
LIVE_BELIEF,PERIODIC_ONLY,Q02_RECALL50,RESTRICTION_CHANGE,LOW,12,COMPACT_TYPED,12,0.41666667,9.58333333,6.41666667,5.0,0.0,1.0,4.58333333,0.41666667,0.0,0.0,43.66666667,5.0,0.41666667,68.33333333,13.5,0.0,0.0
LIVE_BELIEF,PERIODIC_ONLY,Q02_RECALL50,RESTRICTION_CHANGE,LOW,12,VERBOSE_TYPED,12,0.41666667,9.58333333,6.41666667,5.0,0.0,1.0,4.58333333,0.41666667,0.0,0.0,44.91666667,5.0,0.41666667,68.75,13.5,0.0,0.0
LIVE_BELIEF,PERIODIC_ONLY,Q03_RECALL25,AVAILABILITY_LOSS,HIGH,4,COMPACT_TYPED,12,0.0,1.0,7.0,2.0,0.0,1.0,2.0,0.0,0.0,0.0,26.16666667,2.0,0.0,0.0,8.0,0.0,0.0
LIVE_BELIEF,PERIODIC_ONLY,Q03_RECALL25,AVAILABILITY_LOSS,HIGH,4,VERBOSE_TYPED,12,0.0,1.0,7.0,2.0,0.0,1.0,2.0,0.0,0.0,0.0,26.66666667,2.0,0.0,0.0,8.0,0.0,0.0
LIVE_BELIEF,PERIODIC_ONLY,Q03_RECALL25,AVAILABILITY_LOSS,HIGH,8,COMPACT_TYPED,12,0.0,3.0,9.0,4.0,0.0,1.0,4.0,0.0,0.0,0.0,42.5,4.0,0.0,0.0,12.0,0.0,0.0
LIVE_BELIEF,PERIODIC_ONLY,Q03_RECALL25,AVAILABILITY_LOSS,HIGH,8,VERBOSE_TYPED,12,0.0,3.0,9.0,4.0,0.0,1.0,4.0,0.0,0.0,0.0,44.0,4.0,0.0,0.0,12.0,0.0,0.0
LIVE_BELIEF,PERIODIC_ONLY,Q03_RECALL25,AVAILABILITY_LOSS,HIGH,12,COMPACT_TYPED,12,0.25,7.75,8.25,5.0,0.0,1.0,4.75,0.25,0.0,0.0,47.0,5.0,0.25,41.75,14.5,0.0,0.0
LIVE_BELIEF,PERIODIC_ONLY,Q03_RECALL25,AVAILABILITY_LOSS,HIGH,12,VERBOSE_TYPED,12,0.25,7.75,8.25,5.0,0.0,1.0,4.75,0.25,0.0,0.0,47.75,5.0,0.25,42.0,14.5,0.0,0.0
LIVE_BELIEF,PERIODIC_ONLY,Q03_RECALL25,AVAILABILITY_LOSS,LOW,4,COMPACT_TYPED,12,0.0,1.0,7.0,2.0,0.0,1.0,2.0,0.0,0.0,0.0,26.0,2.0,0.0,0.0,8.0,0.0,0.0
LIVE_BELIEF,PERIODIC_ONLY,Q03_RECALL25,AVAILABILITY_LOSS,LOW,4,VERBOSE_TYPED,12,0.0,1.0,7.0,2.0,0.0,1.0,2.0,0.0,0.0,0.0,26.0,2.0,0.0,0.0,8.0,0.0,0.0
LIVE_BELIEF,PERIODIC_ONLY,Q03_RECALL25,AVAILABILITY_LOSS,LOW,8,COMPACT_TYPED,12,0.0,3.0,9.0,4.0,0.0,1.0,4.0,0.0,0.0,0.0,42.33333333,4.0,0.0,0.0,12.0,0.0,0.0
LIVE_BELIEF,PERIODIC_ONLY,Q03_RECALL25,AVAILABILITY_LOSS,LOW,8,VERBOSE_TYPED,12,0.0,3.0,9.0,4.0,0.0,1.0,4.0,0.0,0.0,0.0,43.33333333,4.0,0.0,0.0,12.0,0.0,0.0
LIVE_BELIEF,PERIODIC_ONLY,Q03_RECALL25,AVAILABILITY_LOSS,LOW,12,COMPACT_TYPED,12,0.25,7.75,8.25,5.0,0.0,1.0,4.75,0.25,0.0,0.0,47.0,5.0,0.25,41.75,14.5,0.0,0.0
LIVE_BELIEF,PERIODIC_ONLY,Q03_RECALL25,AVAILABILITY_LOSS,LOW,12,VERBOSE_TYPED,12,0.25,7.75,8.25,5.0,0.0,1.0,4.75,0.25,0.0,0.0,47.75,5.0,0.25,42.0,14.5,0.0,0.0
LIVE_BELIEF,PERIODIC_ONLY,Q03_RECALL25,CONTROL_FAILURE,HIGH,4,COMPACT_TYPED,12,1.0,5.0,3.0,2.0,0.0,1.0,2.0,0.0,0.0,0.0,18.41666667,2.0,0.0,0.0,8.0,0.0,0.0
LIVE_BELIEF,PERIODIC_ONLY,Q03_RECALL25,CONTROL_FAILURE,HIGH,4,VERBOSE_TYPED,12,1.0,5.0,3.0,2.0,0.0,1.0,2.0,0.0,0.0,0.0,19.66666667,2.0,0.0,0.0,8.0,0.0,0.0
LIVE_BELIEF,PERIODIC_ONLY,Q03_RECALL25,CONTROL_FAILURE,HIGH,8,COMPACT_TYPED,12,1.0,9.0,3.0,4.0,0.0,1.0,4.0,0.0,0.0,0.0,30.25,4.0,0.0,0.0,12.0,0.0,0.0
LIVE_BELIEF,PERIODIC_ONLY,Q03_RECALL25,CONTROL_FAILURE,HIGH,8,VERBOSE_TYPED,12,1.0,9.0,3.0,4.0,0.0,1.0,4.0,0.0,0.0,0.0,31.0,4.0,0.0,0.0,12.0,0.0,0.0
LIVE_BELIEF,PERIODIC_ONLY,Q03_RECALL25,CONTROL_FAILURE,HIGH,12,COMPACT_TYPED,12,1.0,13.0,3.0,5.0,0.0,1.0,5.0,0.0,0.0,0.0,36.0,5.0,0.0,0.0,16.0,0.0,0.0
LIVE_BELIEF,PERIODIC_ONLY,Q03_RECALL25,CONTROL_FAILURE,HIGH,12,VERBOSE_TYPED,12,1.0,13.0,3.0,5.0,0.0,1.0,5.0,0.0,0.0,0.0,36.0,5.0,0.0,0.0,16.0,0.0,0.0
LIVE_BELIEF,PERIODIC_ONLY,Q03_RECALL25,CONTROL_FAILURE,LOW,4,COMPACT_TYPED,12,1.0,6.0,2.0,2.0,0.0,1.0,2.0,0.0,0.0,0.0,16.41666667,2.0,0.0,0.0,8.0,0.0,0.0
LIVE_BELIEF,PERIODIC_ONLY,Q03_RECALL25,CONTROL_FAILURE,LOW,4,VERBOSE_TYPED,12,1.0,6.0,2.0,2.0,0.0,1.0,2.0,0.0,0.0,0.0,17.66666667,2.0,0.0,0.0,8.0,0.0,0.0
LIVE_BELIEF,PERIODIC_ONLY,Q03_RECALL25,CONTROL_FAILURE,LOW,8,COMPACT_TYPED,12,1.0,10.0,2.0,4.0,0.0,1.0,4.0,0.0,0.0,0.0,28.25,4.0,0.0,0.0,12.0,0.0,0.0
LIVE_BELIEF,PERIODIC_ONLY,Q03_RECALL25,CONTROL_FAILURE,LOW,8,VERBOSE_TYPED,12,1.0,10.0,2.0,4.0,0.0,1.0,4.0,0.0,0.0,0.0,29.0,4.0,0.0,0.0,12.0,0.0,0.0
LIVE_BELIEF,PERIODIC_ONLY,Q03_RECALL25,CONTROL_FAILURE,LOW,12,COMPACT_TYPED,12,1.0,14.0,2.0,5.0,0.0,1.0,5.0,0.0,0.0,0.0,34.5,5.0,0.25,41.5,14.5,0.0,0.0
LIVE_BELIEF,PERIODIC_ONLY,Q03_RECALL25,CONTROL_FAILURE,LOW,12,VERBOSE_TYPED,12,1.0,14.0,2.0,5.0,0.0,1.0,5.0,0.0,0.0,0.0,35.25,5.0,0.25,41.75,14.5,0.0,0.0
LIVE_BELIEF,PERIODIC_ONLY,Q03_RECALL25,POSE_SHIFT,HIGH,4,COMPACT_TYPED,12,0.0,1.0,7.0,2.0,0.0,1.0,2.0,0.0,0.0,0.0,26.25,2.0,0.0,0.0,8.0,0.0,0.0
LIVE_BELIEF,PERIODIC_ONLY,Q03_RECALL25,POSE_SHIFT,HIGH,4,VERBOSE_TYPED,12,0.0,1.0,7.0,2.0,0.0,1.0,2.0,0.0,0.0,0.0,27.0,2.0,0.0,0.0,8.0,0.0,0.0
LIVE_BELIEF,PERIODIC_ONLY,Q03_RECALL25,POSE_SHIFT,HIGH,8,COMPACT_TYPED,12,0.0,3.0,9.0,4.0,0.0,1.0,4.0,0.0,0.0,0.0,42.0,4.0,0.0,0.0,12.0,0.0,0.0
LIVE_BELIEF,PERIODIC_ONLY,Q03_RECALL25,POSE_SHIFT,HIGH,8,VERBOSE_TYPED,12,0.0,3.0,9.0,4.0,0.0,1.0,4.0,0.0,0.0,0.0,42.0,4.0,0.0,0.0,12.0,0.0,0.0
LIVE_BELIEF,PERIODIC_ONLY,Q03_RECALL25,POSE_SHIFT,HIGH,12,COMPACT_TYPED,12,0.16666667,6.83333333,9.16666667,5.0,0.0,1.0,4.83333333,0.0,0.0,0.0,48.66666667,5.0,0.16666667,26.83333333,15.0,0.0,0.0
LIVE_BELIEF,PERIODIC_ONLY,Q03_RECALL25,POSE_SHIFT,HIGH,12,VERBOSE_TYPED,12,0.16666667,6.83333333,9.16666667,5.0,0.0,1.0,4.83333333,0.0,0.0,0.0,49.16666667,5.0,0.16666667,27.0,15.0,0.0,0.0
LIVE_BELIEF,PERIODIC_ONLY,Q03_RECALL25,POSE_SHIFT,LOW,4,COMPACT_TYPED,12,0.0,1.0,7.0,2.0,0.0,1.0,2.0,0.0,0.0,0.0,26.41666667,2.0,0.0,0.0,8.0,0.0,0.0
LIVE_BELIEF,PERIODIC_ONLY,Q03_RECALL25,POSE_SHIFT,LOW,4,VERBOSE_TYPED,12,0.0,1.0,7.0,2.0,0.0,1.0,2.0,0.0,0.0,0.0,27.66666667,2.0,0.0,0.0,8.0,0.0,0.0
LIVE_BELIEF,PERIODIC_ONLY,Q03_RECALL25,POSE_SHIFT,LOW,8,COMPACT_TYPED,12,0.0,3.0,9.0,4.0,0.0,1.0,4.0,0.0,0.0,0.0,42.16666667,4.0,0.0,0.0,12.0,0.0,0.0
LIVE_BELIEF,PERIODIC_ONLY,Q03_RECALL25,POSE_SHIFT,LOW,8,VERBOSE_TYPED,12,0.0,3.0,9.0,4.0,0.0,1.0,4.0,0.0,0.0,0.0,42.66666667,4.0,0.0,0.0,12.0,0.0,0.0
LIVE_BELIEF,PERIODIC_ONLY,Q03_RECALL25,POSE_SHIFT,LOW,12,COMPACT_TYPED,12,0.16666667,6.83333333,9.16666667,5.0,0.0,1.0,4.83333333,0.0,0.0,0.0,48.66666667,5.0,0.16666667,26.83333333,15.0,0.0,0.0
LIVE_BELIEF,PERIODIC_ONLY,Q03_RECALL25,POSE_SHIFT,LOW,12,VERBOSE_TYPED,12,0.16666667,6.83333333,9.16666667,5.0,0.0,1.0,4.83333333,0.0,0.0,0.0,49.16666667,5.0,0.16666667,27.0,15.0,0.0,0.0
LIVE_BELIEF,PERIODIC_ONLY,Q03_RECALL25,RESTRICTION_CHANGE,HIGH,4,COMPACT_TYPED,12,0.0,1.0,7.0,2.0,0.0,1.0,2.0,0.0,0.0,0.0,26.25,2.0,0.0,0.0,8.0,0.0,0.0
LIVE_BELIEF,PERIODIC_ONLY,Q03_RECALL25,RESTRICTION_CHANGE,HIGH,4,VERBOSE_TYPED,12,0.0,1.0,7.0,2.0,0.0,1.0,2.0,0.0,0.0,0.0,27.0,2.0,0.0,0.0,8.0,0.0,0.0
LIVE_BELIEF,PERIODIC_ONLY,Q03_RECALL25,RESTRICTION_CHANGE,HIGH,8,COMPACT_TYPED,12,0.0,3.0,9.0,4.0,0.0,1.0,4.0,0.0,0.0,0.0,42.25,4.0,0.0,0.0,12.0,0.0,0.0
LIVE_BELIEF,PERIODIC_ONLY,Q03_RECALL25,RESTRICTION_CHANGE,HIGH,8,VERBOSE_TYPED,12,0.0,3.0,9.0,4.0,0.0,1.0,4.0,0.0,0.0,0.0,43.0,4.0,0.0,0.0,12.0,0.0,0.0
LIVE_BELIEF,PERIODIC_ONLY,Q03_RECALL25,RESTRICTION_CHANGE,HIGH,12,COMPACT_TYPED,12,0.16666667,6.83333333,9.16666667,5.0,0.0,1.0,4.83333333,0.16666667,0.0,0.0,48.66666667,5.0,0.16666667,27.33333333,15.0,0.0,0.0
LIVE_BELIEF,PERIODIC_ONLY,Q03_RECALL25,RESTRICTION_CHANGE,HIGH,12,VERBOSE_TYPED,12,0.16666667,6.83333333,9.16666667,5.0,0.0,1.0,4.83333333,0.16666667,0.0,0.0,49.16666667,5.0,0.16666667,27.5,15.0,0.0,0.0
LIVE_BELIEF,PERIODIC_ONLY,Q03_RECALL25,RESTRICTION_CHANGE,LOW,4,COMPACT_TYPED,12,0.0,1.0,7.0,2.0,0.0,1.0,2.0,0.0,0.0,0.0,26.16666667,2.0,0.0,0.0,8.0,0.0,0.0
LIVE_BELIEF,PERIODIC_ONLY,Q03_RECALL25,RESTRICTION_CHANGE,LOW,4,VERBOSE_TYPED,12,0.0,1.0,7.0,2.0,0.0,1.0,2.0,0.0,0.0,0.0,26.66666667,2.0,0.0,0.0,8.0,0.0,0.0
LIVE_BELIEF,PERIODIC_ONLY,Q03_RECALL25,RESTRICTION_CHANGE,LOW,8,COMPACT_TYPED,12,0.0,3.0,9.0,4.0,0.0,1.0,4.0,0.0,0.0,0.0,42.41666667,4.0,0.0,0.0,12.0,0.0,0.0
LIVE_BELIEF,PERIODIC_ONLY,Q03_RECALL25,RESTRICTION_CHANGE,LOW,8,VERBOSE_TYPED,12,0.0,3.0,9.0,4.0,0.0,1.0,4.0,0.0,0.0,0.0,43.66666667,4.0,0.0,0.0,12.0,0.0,0.0
LIVE_BELIEF,PERIODIC_ONLY,Q03_RECALL25,RESTRICTION_CHANGE,LOW,12,COMPACT_TYPED,12,0.16666667,6.83333333,9.16666667,5.0,0.0,1.0,4.83333333,0.16666667,0.0,0.0,48.66666667,5.0,0.16666667,27.33333333,15.0,0.0,0.0
LIVE_BELIEF,PERIODIC_ONLY,Q03_RECALL25,RESTRICTION_CHANGE,LOW,12,VERBOSE_TYPED,12,0.16666667,6.83333333,9.16666667,5.0,0.0,1.0,4.83333333,0.16666667,0.0,0.0,49.16666667,5.0,0.16666667,27.5,15.0,0.0,0.0
LIVE_BELIEF,PERIODIC_ONLY,Q04_DELAY1,AVAILABILITY_LOSS,HIGH,4,COMPACT_TYPED,12,1.0,7.0,1.0,2.0,0.0,1.0,1.0,1.0,0.0,0.0,16.0,2.0,1.0,167.0,5.0,0.0,0.0
LIVE_BELIEF,PERIODIC_ONLY,Q04_DELAY1,AVAILABILITY_LOSS,HIGH,4,VERBOSE_TYPED,12,1.0,7.0,1.0,2.0,0.0,1.0,1.0,1.0,0.0,0.0,19.0,2.0,1.0,168.0,5.0,0.0,0.0
LIVE_BELIEF,PERIODIC_ONLY,Q04_DELAY1,AVAILABILITY_LOSS,HIGH,8,COMPACT_TYPED,12,0.0,3.0,9.0,4.0,0.0,1.0,4.0,0.0,0.0,0.0,43.0,4.0,0.0,0.0,12.0,0.0,0.0
LIVE_BELIEF,PERIODIC_ONLY,Q04_DELAY1,AVAILABILITY_LOSS,HIGH,8,VERBOSE_TYPED,12,0.0,3.0,9.0,4.0,0.0,1.0,4.0,0.0,0.0,0.0,46.0,4.0,0.0,0.0,12.0,0.0,0.0
LIVE_BELIEF,PERIODIC_ONLY,Q04_DELAY1,AVAILABILITY_LOSS,HIGH,12,COMPACT_TYPED,12,0.0,5.0,11.0,5.0,0.0,1.0,5.0,0.0,0.0,0.0,53.0,5.0,0.0,0.0,16.0,0.0,0.0
LIVE_BELIEF,PERIODIC_ONLY,Q04_DELAY1,AVAILABILITY_LOSS,HIGH,12,VERBOSE_TYPED,12,0.0,5.0,11.0,5.0,0.0,1.0,5.0,0.0,0.0,0.0,56.0,5.0,0.0,0.0,16.0,0.0,0.0
LIVE_BELIEF,PERIODIC_ONLY,Q04_DELAY1,AVAILABILITY_LOSS,LOW,4,COMPACT_TYPED,12,1.0,7.0,1.0,2.0,0.0,1.0,1.0,1.0,0.0,0.0,16.0,2.0,1.0,167.0,5.0,0.0,0.0
LIVE_BELIEF,PERIODIC_ONLY,Q04_DELAY1,AVAILABILITY_LOSS,LOW,4,VERBOSE_TYPED,12,1.0,7.0,1.0,2.0,0.0,1.0,1.0,1.0,0.0,0.0,19.0,2.0,1.0,168.0,5.0,0.0,0.0
LIVE_BELIEF,PERIODIC_ONLY,Q04_DELAY1,AVAILABILITY_LOSS,LOW,8,COMPACT_TYPED,12,0.0,3.0,9.0,4.0,0.0,1.0,4.0,0.0,0.0,0.0,43.0,4.0,0.0,0.0,12.0,0.0,0.0
LIVE_BELIEF,PERIODIC_ONLY,Q04_DELAY1,AVAILABILITY_LOSS,LOW,8,VERBOSE_TYPED,12,0.0,3.0,9.0,4.0,0.0,1.0,4.0,0.0,0.0,0.0,46.0,4.0,0.0,0.0,12.0,0.0,0.0
LIVE_BELIEF,PERIODIC_ONLY,Q04_DELAY1,AVAILABILITY_LOSS,LOW,12,COMPACT_TYPED,12,0.0,5.0,11.0,5.0,0.0,1.0,5.0,0.0,0.0,0.0,53.0,5.0,0.0,0.0,16.0,0.0,0.0
LIVE_BELIEF,PERIODIC_ONLY,Q04_DELAY1,AVAILABILITY_LOSS,LOW,12,VERBOSE_TYPED,12,0.0,5.0,11.0,5.0,0.0,1.0,5.0,0.0,0.0,0.0,56.0,5.0,0.0,0.0,16.0,0.0,0.0
LIVE_BELIEF,PERIODIC_ONLY,Q04_DELAY1,CONTROL_FAILURE,HIGH,4,COMPACT_TYPED,12,1.0,5.0,3.0,2.0,0.0,1.0,2.0,0.0,0.0,0.0,20.0,2.0,1.0,166.0,5.0,0.0,0.0
LIVE_BELIEF,PERIODIC_ONLY,Q04_DELAY1,CONTROL_FAILURE,HIGH,4,VERBOSE_TYPED,12,1.0,5.0,3.0,2.0,0.0,1.0,2.0,0.0,0.0,0.0,23.0,2.0,1.0,167.0,5.0,0.0,0.0
LIVE_BELIEF,PERIODIC_ONLY,Q04_DELAY1,CONTROL_FAILURE,HIGH,8,COMPACT_TYPED,12,1.0,9.0,3.0,4.0,0.0,1.0,4.0,0.0,0.0,0.0,31.0,4.0,0.0,0.0,12.0,0.0,0.0
LIVE_BELIEF,PERIODIC_ONLY,Q04_DELAY1,CONTROL_FAILURE,HIGH,8,VERBOSE_TYPED,12,1.0,9.0,3.0,4.0,0.0,1.0,4.0,0.0,0.0,0.0,34.0,4.0,0.0,0.0,12.0,0.0,0.0
LIVE_BELIEF,PERIODIC_ONLY,Q04_DELAY1,CONTROL_FAILURE,HIGH,12,COMPACT_TYPED,12,1.0,13.0,3.0,5.0,0.0,1.0,5.0,0.0,0.0,0.0,37.0,5.0,0.0,0.0,16.0,0.0,0.0
LIVE_BELIEF,PERIODIC_ONLY,Q04_DELAY1,CONTROL_FAILURE,HIGH,12,VERBOSE_TYPED,12,1.0,13.0,3.0,5.0,0.0,1.0,5.0,0.0,0.0,0.0,40.0,5.0,0.0,0.0,16.0,0.0,0.0
LIVE_BELIEF,PERIODIC_ONLY,Q04_DELAY1,CONTROL_FAILURE,LOW,4,COMPACT_TYPED,12,1.0,6.0,2.0,2.0,0.0,1.0,2.0,0.0,0.0,0.0,18.0,2.0,1.0,166.0,5.0,0.0,0.0
LIVE_BELIEF,PERIODIC_ONLY,Q04_DELAY1,CONTROL_FAILURE,LOW,4,VERBOSE_TYPED,12,1.0,6.0,2.0,2.0,0.0,1.0,2.0,0.0,0.0,0.0,21.0,2.0,1.0,167.0,5.0,0.0,0.0
LIVE_BELIEF,PERIODIC_ONLY,Q04_DELAY1,CONTROL_FAILURE,LOW,8,COMPACT_TYPED,12,1.0,10.0,2.0,4.0,0.0,1.0,4.0,0.0,0.0,0.0,29.0,4.0,0.0,0.0,12.0,0.0,0.0
LIVE_BELIEF,PERIODIC_ONLY,Q04_DELAY1,CONTROL_FAILURE,LOW,8,VERBOSE_TYPED,12,1.0,10.0,2.0,4.0,0.0,1.0,4.0,0.0,0.0,0.0,32.0,4.0,0.0,0.0,12.0,0.0,0.0
LIVE_BELIEF,PERIODIC_ONLY,Q04_DELAY1,CONTROL_FAILURE,LOW,12,COMPACT_TYPED,12,1.0,14.0,2.0,5.0,0.0,1.0,5.0,0.0,0.0,0.0,35.0,5.0,0.0,0.0,16.0,0.0,0.0
LIVE_BELIEF,PERIODIC_ONLY,Q04_DELAY1,CONTROL_FAILURE,LOW,12,VERBOSE_TYPED,12,1.0,14.0,2.0,5.0,0.0,1.0,5.0,0.0,0.0,0.0,38.0,5.0,0.0,0.0,16.0,0.0,0.0
LIVE_BELIEF,PERIODIC_ONLY,Q04_DELAY1,POSE_SHIFT,HIGH,4,COMPACT_TYPED,12,1.0,7.0,1.0,2.0,0.0,1.0,1.0,0.0,0.0,0.0,16.0,2.0,1.0,161.0,5.0,0.0,0.0
LIVE_BELIEF,PERIODIC_ONLY,Q04_DELAY1,POSE_SHIFT,HIGH,4,VERBOSE_TYPED,12,1.0,7.0,1.0,2.0,0.0,1.0,1.0,0.0,0.0,0.0,19.0,2.0,1.0,162.0,5.0,0.0,0.0
LIVE_BELIEF,PERIODIC_ONLY,Q04_DELAY1,POSE_SHIFT,HIGH,8,COMPACT_TYPED,12,0.0,3.0,9.0,4.0,0.0,1.0,4.0,0.0,0.0,0.0,43.0,4.0,0.0,0.0,12.0,0.0,0.0
LIVE_BELIEF,PERIODIC_ONLY,Q04_DELAY1,POSE_SHIFT,HIGH,8,VERBOSE_TYPED,12,0.0,3.0,9.0,4.0,0.0,1.0,4.0,0.0,0.0,0.0,46.0,4.0,0.0,0.0,12.0,0.0,0.0
LIVE_BELIEF,PERIODIC_ONLY,Q04_DELAY1,POSE_SHIFT,HIGH,12,COMPACT_TYPED,12,0.0,5.0,11.0,5.0,0.0,1.0,5.0,0.0,0.0,0.0,53.0,5.0,0.0,0.0,16.0,0.0,0.0
LIVE_BELIEF,PERIODIC_ONLY,Q04_DELAY1,POSE_SHIFT,HIGH,12,VERBOSE_TYPED,12,0.0,5.0,11.0,5.0,0.0,1.0,5.0,0.0,0.0,0.0,56.0,5.0,0.0,0.0,16.0,0.0,0.0
LIVE_BELIEF,PERIODIC_ONLY,Q04_DELAY1,POSE_SHIFT,LOW,4,COMPACT_TYPED,12,1.0,7.0,1.0,2.0,0.0,1.0,1.0,0.0,0.0,0.0,16.0,2.0,1.0,161.0,5.0,0.0,0.0
LIVE_BELIEF,PERIODIC_ONLY,Q04_DELAY1,POSE_SHIFT,LOW,4,VERBOSE_TYPED,12,1.0,7.0,1.0,2.0,0.0,1.0,1.0,0.0,0.0,0.0,19.0,2.0,1.0,162.0,5.0,0.0,0.0
LIVE_BELIEF,PERIODIC_ONLY,Q04_DELAY1,POSE_SHIFT,LOW,8,COMPACT_TYPED,12,0.0,3.0,9.0,4.0,0.0,1.0,4.0,0.0,0.0,0.0,43.0,4.0,0.0,0.0,12.0,0.0,0.0
LIVE_BELIEF,PERIODIC_ONLY,Q04_DELAY1,POSE_SHIFT,LOW,8,VERBOSE_TYPED,12,0.0,3.0,9.0,4.0,0.0,1.0,4.0,0.0,0.0,0.0,46.0,4.0,0.0,0.0,12.0,0.0,0.0
LIVE_BELIEF,PERIODIC_ONLY,Q04_DELAY1,POSE_SHIFT,LOW,12,COMPACT_TYPED,12,0.0,5.0,11.0,5.0,0.0,1.0,5.0,0.0,0.0,0.0,53.0,5.0,0.0,0.0,16.0,0.0,0.0
LIVE_BELIEF,PERIODIC_ONLY,Q04_DELAY1,POSE_SHIFT,LOW,12,VERBOSE_TYPED,12,0.0,5.0,11.0,5.0,0.0,1.0,5.0,0.0,0.0,0.0,56.0,5.0,0.0,0.0,16.0,0.0,0.0
LIVE_BELIEF,PERIODIC_ONLY,Q04_DELAY1,RESTRICTION_CHANGE,HIGH,4,COMPACT_TYPED,12,1.0,7.0,1.0,2.0,0.0,1.0,1.0,1.0,0.0,0.0,16.0,2.0,1.0,164.0,5.0,0.0,0.0
LIVE_BELIEF,PERIODIC_ONLY,Q04_DELAY1,RESTRICTION_CHANGE,HIGH,4,VERBOSE_TYPED,12,1.0,7.0,1.0,2.0,0.0,1.0,1.0,1.0,0.0,0.0,19.0,2.0,1.0,165.0,5.0,0.0,0.0
LIVE_BELIEF,PERIODIC_ONLY,Q04_DELAY1,RESTRICTION_CHANGE,HIGH,8,COMPACT_TYPED,12,0.0,3.0,9.0,4.0,0.0,1.0,4.0,0.0,0.0,0.0,43.0,4.0,0.0,0.0,12.0,0.0,0.0
LIVE_BELIEF,PERIODIC_ONLY,Q04_DELAY1,RESTRICTION_CHANGE,HIGH,8,VERBOSE_TYPED,12,0.0,3.0,9.0,4.0,0.0,1.0,4.0,0.0,0.0,0.0,46.0,4.0,0.0,0.0,12.0,0.0,0.0
LIVE_BELIEF,PERIODIC_ONLY,Q04_DELAY1,RESTRICTION_CHANGE,HIGH,12,COMPACT_TYPED,12,0.0,5.0,11.0,5.0,0.0,1.0,5.0,0.0,0.0,0.0,53.0,5.0,0.0,0.0,16.0,0.0,0.0
LIVE_BELIEF,PERIODIC_ONLY,Q04_DELAY1,RESTRICTION_CHANGE,HIGH,12,VERBOSE_TYPED,12,0.0,5.0,11.0,5.0,0.0,1.0,5.0,0.0,0.0,0.0,56.0,5.0,0.0,0.0,16.0,0.0,0.0
LIVE_BELIEF,PERIODIC_ONLY,Q04_DELAY1,RESTRICTION_CHANGE,LOW,4,COMPACT_TYPED,12,1.0,7.0,1.0,2.0,0.0,1.0,1.0,1.0,0.0,0.0,16.0,2.0,1.0,164.0,5.0,0.0,0.0
LIVE_BELIEF,PERIODIC_ONLY,Q04_DELAY1,RESTRICTION_CHANGE,LOW,4,VERBOSE_TYPED,12,1.0,7.0,1.0,2.0,0.0,1.0,1.0,1.0,0.0,0.0,19.0,2.0,1.0,165.0,5.0,0.0,0.0
LIVE_BELIEF,PERIODIC_ONLY,Q04_DELAY1,RESTRICTION_CHANGE,LOW,8,COMPACT_TYPED,12,0.0,3.0,9.0,4.0,0.0,1.0,4.0,0.0,0.0,0.0,43.0,4.0,0.0,0.0,12.0,0.0,0.0
LIVE_BELIEF,PERIODIC_ONLY,Q04_DELAY1,RESTRICTION_CHANGE,LOW,8,VERBOSE_TYPED,12,0.0,3.0,9.0,4.0,0.0,1.0,4.0,0.0,0.0,0.0,46.0,4.0,0.0,0.0,12.0,0.0,0.0
LIVE_BELIEF,PERIODIC_ONLY,Q04_DELAY1,RESTRICTION_CHANGE,LOW,12,COMPACT_TYPED,12,0.0,5.0,11.0,5.0,0.0,1.0,5.0,0.0,0.0,0.0,53.0,5.0,0.0,0.0,16.0,0.0,0.0
LIVE_BELIEF,PERIODIC_ONLY,Q04_DELAY1,RESTRICTION_CHANGE,LOW,12,VERBOSE_TYPED,12,0.0,5.0,11.0,5.0,0.0,1.0,5.0,0.0,0.0,0.0,56.0,5.0,0.0,0.0,16.0,0.0,0.0
LIVE_BELIEF,PERIODIC_ONLY,Q05_DELAY3,AVAILABILITY_LOSS,HIGH,4,COMPACT_TYPED,12,0.0,1.0,7.0,2.0,0.0,1.0,2.0,0.0,0.0,0.0,27.0,2.0,0.0,0.0,8.0,0.0,0.0
LIVE_BELIEF,PERIODIC_ONLY,Q05_DELAY3,AVAILABILITY_LOSS,HIGH,4,VERBOSE_TYPED,12,0.0,1.0,7.0,2.0,0.0,1.0,2.0,0.0,0.0,0.0,30.0,2.0,0.0,0.0,8.0,0.0,0.0
LIVE_BELIEF,PERIODIC_ONLY,Q05_DELAY3,AVAILABILITY_LOSS,HIGH,8,COMPACT_TYPED,12,0.0,3.0,9.0,4.0,0.0,1.0,4.0,0.0,0.0,0.0,43.0,4.0,0.0,0.0,12.0,0.0,0.0
LIVE_BELIEF,PERIODIC_ONLY,Q05_DELAY3,AVAILABILITY_LOSS,HIGH,8,VERBOSE_TYPED,12,0.0,3.0,9.0,4.0,0.0,1.0,4.0,0.0,0.0,0.0,46.0,4.0,0.0,0.0,12.0,0.0,0.0
LIVE_BELIEF,PERIODIC_ONLY,Q05_DELAY3,AVAILABILITY_LOSS,HIGH,12,COMPACT_TYPED,12,1.0,13.0,3.0,5.0,0.0,1.0,4.0,1.0,0.0,0.0,38.0,5.0,1.0,167.0,7.0,0.0,0.0
LIVE_BELIEF,PERIODIC_ONLY,Q05_DELAY3,AVAILABILITY_LOSS,HIGH,12,VERBOSE_TYPED,12,1.0,13.0,3.0,5.0,0.0,1.0,4.0,1.0,0.0,0.0,41.0,5.0,1.0,168.0,7.0,0.0,0.0
LIVE_BELIEF,PERIODIC_ONLY,Q05_DELAY3,AVAILABILITY_LOSS,LOW,4,COMPACT_TYPED,12,0.0,1.0,7.0,2.0,0.0,1.0,2.0,0.0,0.0,0.0,27.0,2.0,0.0,0.0,8.0,0.0,0.0
LIVE_BELIEF,PERIODIC_ONLY,Q05_DELAY3,AVAILABILITY_LOSS,LOW,4,VERBOSE_TYPED,12,0.0,1.0,7.0,2.0,0.0,1.0,2.0,0.0,0.0,0.0,30.0,2.0,0.0,0.0,8.0,0.0,0.0
LIVE_BELIEF,PERIODIC_ONLY,Q05_DELAY3,AVAILABILITY_LOSS,LOW,8,COMPACT_TYPED,12,0.0,3.0,9.0,4.0,0.0,1.0,4.0,0.0,0.0,0.0,43.0,4.0,0.0,0.0,12.0,0.0,0.0
LIVE_BELIEF,PERIODIC_ONLY,Q05_DELAY3,AVAILABILITY_LOSS,LOW,8,VERBOSE_TYPED,12,0.0,3.0,9.0,4.0,0.0,1.0,4.0,0.0,0.0,0.0,46.0,4.0,0.0,0.0,12.0,0.0,0.0
LIVE_BELIEF,PERIODIC_ONLY,Q05_DELAY3,AVAILABILITY_LOSS,LOW,12,COMPACT_TYPED,12,1.0,13.0,3.0,5.0,0.0,1.0,4.0,1.0,0.0,0.0,38.0,5.0,1.0,167.0,7.0,0.0,0.0
LIVE_BELIEF,PERIODIC_ONLY,Q05_DELAY3,AVAILABILITY_LOSS,LOW,12,VERBOSE_TYPED,12,1.0,13.0,3.0,5.0,0.0,1.0,4.0,1.0,0.0,0.0,41.0,5.0,1.0,168.0,7.0,0.0,0.0
LIVE_BELIEF,PERIODIC_ONLY,Q05_DELAY3,CONTROL_FAILURE,HIGH,4,COMPACT_TYPED,12,1.0,5.0,3.0,2.0,0.0,1.0,2.0,0.0,0.0,0.0,19.0,2.0,0.0,0.0,8.0,0.0,0.0
LIVE_BELIEF,PERIODIC_ONLY,Q05_DELAY3,CONTROL_FAILURE,HIGH,4,VERBOSE_TYPED,12,1.0,5.0,3.0,2.0,0.0,1.0,2.0,0.0,0.0,0.0,22.0,2.0,0.0,0.0,8.0,0.0,0.0
LIVE_BELIEF,PERIODIC_ONLY,Q05_DELAY3,CONTROL_FAILURE,HIGH,8,COMPACT_TYPED,12,1.0,9.0,3.0,4.0,0.0,1.0,4.0,0.0,0.0,0.0,31.0,4.0,0.0,0.0,12.0,0.0,0.0
LIVE_BELIEF,PERIODIC_ONLY,Q05_DELAY3,CONTROL_FAILURE,HIGH,8,VERBOSE_TYPED,12,1.0,9.0,3.0,4.0,0.0,1.0,4.0,0.0,0.0,0.0,34.0,4.0,0.0,0.0,12.0,0.0,0.0
LIVE_BELIEF,PERIODIC_ONLY,Q05_DELAY3,CONTROL_FAILURE,HIGH,12,COMPACT_TYPED,12,1.0,13.0,3.0,5.0,0.0,1.0,5.0,0.0,0.0,0.0,38.0,5.0,1.0,166.0,7.0,0.0,0.0
LIVE_BELIEF,PERIODIC_ONLY,Q05_DELAY3,CONTROL_FAILURE,HIGH,12,VERBOSE_TYPED,12,1.0,13.0,3.0,5.0,0.0,1.0,5.0,0.0,0.0,0.0,41.0,5.0,1.0,167.0,7.0,0.0,0.0
LIVE_BELIEF,PERIODIC_ONLY,Q05_DELAY3,CONTROL_FAILURE,LOW,4,COMPACT_TYPED,12,1.0,6.0,2.0,2.0,0.0,1.0,2.0,0.0,0.0,0.0,17.0,2.0,0.0,0.0,8.0,0.0,0.0
LIVE_BELIEF,PERIODIC_ONLY,Q05_DELAY3,CONTROL_FAILURE,LOW,4,VERBOSE_TYPED,12,1.0,6.0,2.0,2.0,0.0,1.0,2.0,0.0,0.0,0.0,20.0,2.0,0.0,0.0,8.0,0.0,0.0
LIVE_BELIEF,PERIODIC_ONLY,Q05_DELAY3,CONTROL_FAILURE,LOW,8,COMPACT_TYPED,12,1.0,10.0,2.0,4.0,0.0,1.0,4.0,0.0,0.0,0.0,29.0,4.0,0.0,0.0,12.0,0.0,0.0
LIVE_BELIEF,PERIODIC_ONLY,Q05_DELAY3,CONTROL_FAILURE,LOW,8,VERBOSE_TYPED,12,1.0,10.0,2.0,4.0,0.0,1.0,4.0,0.0,0.0,0.0,32.0,4.0,0.0,0.0,12.0,0.0,0.0
LIVE_BELIEF,PERIODIC_ONLY,Q05_DELAY3,CONTROL_FAILURE,LOW,12,COMPACT_TYPED,12,1.0,14.0,2.0,5.0,0.0,1.0,5.0,0.0,0.0,0.0,36.0,5.0,1.0,166.0,7.0,0.0,0.0
LIVE_BELIEF,PERIODIC_ONLY,Q05_DELAY3,CONTROL_FAILURE,LOW,12,VERBOSE_TYPED,12,1.0,14.0,2.0,5.0,0.0,1.0,5.0,0.0,0.0,0.0,39.0,5.0,1.0,167.0,7.0,0.0,0.0
LIVE_BELIEF,PERIODIC_ONLY,Q05_DELAY3,POSE_SHIFT,HIGH,4,COMPACT_TYPED,12,0.0,1.0,7.0,2.0,0.0,1.0,2.0,0.0,0.0,0.0,27.0,2.0,0.0,0.0,8.0,0.0,0.0
LIVE_BELIEF,PERIODIC_ONLY,Q05_DELAY3,POSE_SHIFT,HIGH,4,VERBOSE_TYPED,12,0.0,1.0,7.0,2.0,0.0,1.0,2.0,0.0,0.0,0.0,30.0,2.0,0.0,0.0,8.0,0.0,0.0
LIVE_BELIEF,PERIODIC_ONLY,Q05_DELAY3,POSE_SHIFT,HIGH,8,COMPACT_TYPED,12,0.0,3.0,9.0,4.0,0.0,1.0,4.0,0.0,0.0,0.0,43.0,4.0,0.0,0.0,12.0,0.0,0.0
LIVE_BELIEF,PERIODIC_ONLY,Q05_DELAY3,POSE_SHIFT,HIGH,8,VERBOSE_TYPED,12,0.0,3.0,9.0,4.0,0.0,1.0,4.0,0.0,0.0,0.0,46.0,4.0,0.0,0.0,12.0,0.0,0.0
LIVE_BELIEF,PERIODIC_ONLY,Q05_DELAY3,POSE_SHIFT,HIGH,12,COMPACT_TYPED,12,1.0,13.0,3.0,5.0,0.0,1.0,4.0,0.0,0.0,0.0,38.0,5.0,1.0,161.0,7.0,0.0,0.0
LIVE_BELIEF,PERIODIC_ONLY,Q05_DELAY3,POSE_SHIFT,HIGH,12,VERBOSE_TYPED,12,1.0,13.0,3.0,5.0,0.0,1.0,4.0,0.0,0.0,0.0,41.0,5.0,1.0,162.0,7.0,0.0,0.0
LIVE_BELIEF,PERIODIC_ONLY,Q05_DELAY3,POSE_SHIFT,LOW,4,COMPACT_TYPED,12,0.0,1.0,7.0,2.0,0.0,1.0,2.0,0.0,0.0,0.0,27.0,2.0,0.0,0.0,8.0,0.0,0.0
LIVE_BELIEF,PERIODIC_ONLY,Q05_DELAY3,POSE_SHIFT,LOW,4,VERBOSE_TYPED,12,0.0,1.0,7.0,2.0,0.0,1.0,2.0,0.0,0.0,0.0,30.0,2.0,0.0,0.0,8.0,0.0,0.0
LIVE_BELIEF,PERIODIC_ONLY,Q05_DELAY3,POSE_SHIFT,LOW,8,COMPACT_TYPED,12,0.0,3.0,9.0,4.0,0.0,1.0,4.0,0.0,0.0,0.0,43.0,4.0,0.0,0.0,12.0,0.0,0.0
LIVE_BELIEF,PERIODIC_ONLY,Q05_DELAY3,POSE_SHIFT,LOW,8,VERBOSE_TYPED,12,0.0,3.0,9.0,4.0,0.0,1.0,4.0,0.0,0.0,0.0,46.0,4.0,0.0,0.0,12.0,0.0,0.0
LIVE_BELIEF,PERIODIC_ONLY,Q05_DELAY3,POSE_SHIFT,LOW,12,COMPACT_TYPED,12,1.0,13.0,3.0,5.0,0.0,1.0,4.0,0.0,0.0,0.0,38.0,5.0,1.0,161.0,7.0,0.0,0.0
LIVE_BELIEF,PERIODIC_ONLY,Q05_DELAY3,POSE_SHIFT,LOW,12,VERBOSE_TYPED,12,1.0,13.0,3.0,5.0,0.0,1.0,4.0,0.0,0.0,0.0,41.0,5.0,1.0,162.0,7.0,0.0,0.0
LIVE_BELIEF,PERIODIC_ONLY,Q05_DELAY3,RESTRICTION_CHANGE,HIGH,4,COMPACT_TYPED,12,0.0,1.0,7.0,2.0,0.0,1.0,2.0,0.0,0.0,0.0,27.0,2.0,0.0,0.0,8.0,0.0,0.0
LIVE_BELIEF,PERIODIC_ONLY,Q05_DELAY3,RESTRICTION_CHANGE,HIGH,4,VERBOSE_TYPED,12,0.0,1.0,7.0,2.0,0.0,1.0,2.0,0.0,0.0,0.0,30.0,2.0,0.0,0.0,8.0,0.0,0.0
LIVE_BELIEF,PERIODIC_ONLY,Q05_DELAY3,RESTRICTION_CHANGE,HIGH,8,COMPACT_TYPED,12,0.0,3.0,9.0,4.0,0.0,1.0,4.0,0.0,0.0,0.0,43.0,4.0,0.0,0.0,12.0,0.0,0.0
LIVE_BELIEF,PERIODIC_ONLY,Q05_DELAY3,RESTRICTION_CHANGE,HIGH,8,VERBOSE_TYPED,12,0.0,3.0,9.0,4.0,0.0,1.0,4.0,0.0,0.0,0.0,46.0,4.0,0.0,0.0,12.0,0.0,0.0
LIVE_BELIEF,PERIODIC_ONLY,Q05_DELAY3,RESTRICTION_CHANGE,HIGH,12,COMPACT_TYPED,12,1.0,13.0,3.0,5.0,0.0,1.0,4.0,1.0,0.0,0.0,38.0,5.0,1.0,164.0,7.0,0.0,0.0
LIVE_BELIEF,PERIODIC_ONLY,Q05_DELAY3,RESTRICTION_CHANGE,HIGH,12,VERBOSE_TYPED,12,1.0,13.0,3.0,5.0,0.0,1.0,4.0,1.0,0.0,0.0,41.0,5.0,1.0,165.0,7.0,0.0,0.0
LIVE_BELIEF,PERIODIC_ONLY,Q05_DELAY3,RESTRICTION_CHANGE,LOW,4,COMPACT_TYPED,12,0.0,1.0,7.0,2.0,0.0,1.0,2.0,0.0,0.0,0.0,27.0,2.0,0.0,0.0,8.0,0.0,0.0
LIVE_BELIEF,PERIODIC_ONLY,Q05_DELAY3,RESTRICTION_CHANGE,LOW,4,VERBOSE_TYPED,12,0.0,1.0,7.0,2.0,0.0,1.0,2.0,0.0,0.0,0.0,30.0,2.0,0.0,0.0,8.0,0.0,0.0
LIVE_BELIEF,PERIODIC_ONLY,Q05_DELAY3,RESTRICTION_CHANGE,LOW,8,COMPACT_TYPED,12,0.0,3.0,9.0,4.0,0.0,1.0,4.0,0.0,0.0,0.0,43.0,4.0,0.0,0.0,12.0,0.0,0.0
LIVE_BELIEF,PERIODIC_ONLY,Q05_DELAY3,RESTRICTION_CHANGE,LOW,8,VERBOSE_TYPED,12,0.0,3.0,9.0,4.0,0.0,1.0,4.0,0.0,0.0,0.0,46.0,4.0,0.0,0.0,12.0,0.0,0.0
LIVE_BELIEF,PERIODIC_ONLY,Q05_DELAY3,RESTRICTION_CHANGE,LOW,12,COMPACT_TYPED,12,1.0,13.0,3.0,5.0,0.0,1.0,4.0,1.0,0.0,0.0,38.0,5.0,1.0,164.0,7.0,0.0,0.0
LIVE_BELIEF,PERIODIC_ONLY,Q05_DELAY3,RESTRICTION_CHANGE,LOW,12,VERBOSE_TYPED,12,1.0,13.0,3.0,5.0,0.0,1.0,4.0,1.0,0.0,0.0,41.0,5.0,1.0,165.0,7.0,0.0,0.0
LIVE_BELIEF,PERIODIC_ONLY,Q06_FALSE3,AVAILABILITY_LOSS,HIGH,4,COMPACT_TYPED,12,0.0,1.0,7.0,2.0,0.0,1.0,2.0,0.0,0.0,0.0,31.0,2.0,1.0,166.0,5.0,0.0,0.0
LIVE_BELIEF,PERIODIC_ONLY,Q06_FALSE3,AVAILABILITY_LOSS,HIGH,4,VERBOSE_TYPED,12,0.0,1.0,7.0,2.0,0.0,1.0,2.0,0.0,0.0,0.0,43.0,2.0,1.0,167.0,5.0,0.0,0.0
LIVE_BELIEF,PERIODIC_ONLY,Q06_FALSE3,AVAILABILITY_LOSS,HIGH,8,COMPACT_TYPED,12,0.0,3.0,9.0,4.0,0.0,1.0,4.0,0.0,0.0,0.0,46.0,4.0,0.0,0.0,12.0,0.0,0.0
LIVE_BELIEF,PERIODIC_ONLY,Q06_FALSE3,AVAILABILITY_LOSS,HIGH,8,VERBOSE_TYPED,12,0.0,3.0,9.0,4.0,0.0,1.0,4.0,0.0,0.0,0.0,58.0,4.0,0.0,0.0,12.0,0.0,0.0
LIVE_BELIEF,PERIODIC_ONLY,Q06_FALSE3,AVAILABILITY_LOSS,HIGH,12,COMPACT_TYPED,12,1.0,16.0,0.0,5.0,0.0,1.0,4.0,1.0,0.0,0.0,37.0,5.0,3.0,499.0,10.0,0.0,0.0
LIVE_BELIEF,PERIODIC_ONLY,Q06_FALSE3,AVAILABILITY_LOSS,HIGH,12,VERBOSE_TYPED,12,1.0,16.0,0.0,5.0,0.0,1.0,4.0,1.0,0.0,0.0,49.0,5.0,3.0,502.0,10.0,0.0,0.0
LIVE_BELIEF,PERIODIC_ONLY,Q06_FALSE3,AVAILABILITY_LOSS,LOW,4,COMPACT_TYPED,12,0.0,1.0,7.0,2.0,0.0,1.0,2.0,0.0,0.0,0.0,31.0,2.0,1.0,166.0,5.0,0.0,0.0
LIVE_BELIEF,PERIODIC_ONLY,Q06_FALSE3,AVAILABILITY_LOSS,LOW,4,VERBOSE_TYPED,12,0.0,1.0,7.0,2.0,0.0,1.0,2.0,0.0,0.0,0.0,43.0,2.0,1.0,167.0,5.0,0.0,0.0
LIVE_BELIEF,PERIODIC_ONLY,Q06_FALSE3,AVAILABILITY_LOSS,LOW,8,COMPACT_TYPED,12,0.0,3.0,9.0,4.0,0.0,1.0,4.0,0.0,0.0,0.0,46.0,4.0,0.0,0.0,12.0,0.0,0.0
LIVE_BELIEF,PERIODIC_ONLY,Q06_FALSE3,AVAILABILITY_LOSS,LOW,8,VERBOSE_TYPED,12,0.0,3.0,9.0,4.0,0.0,1.0,4.0,0.0,0.0,0.0,58.0,4.0,0.0,0.0,12.0,0.0,0.0
LIVE_BELIEF,PERIODIC_ONLY,Q06_FALSE3,AVAILABILITY_LOSS,LOW,12,COMPACT_TYPED,12,1.0,16.0,0.0,5.0,0.0,1.0,4.0,1.0,0.0,0.0,37.0,5.0,3.0,499.0,10.0,0.0,0.0
LIVE_BELIEF,PERIODIC_ONLY,Q06_FALSE3,AVAILABILITY_LOSS,LOW,12,VERBOSE_TYPED,12,1.0,16.0,0.0,5.0,0.0,1.0,4.0,1.0,0.0,0.0,49.0,5.0,3.0,502.0,10.0,0.0,0.0
LIVE_BELIEF,PERIODIC_ONLY,Q06_FALSE3,CONTROL_FAILURE,HIGH,4,COMPACT_TYPED,12,1.0,5.0,3.0,2.0,0.0,1.0,2.0,0.0,0.0,0.0,23.0,2.0,1.0,166.0,5.0,0.0,0.0
LIVE_BELIEF,PERIODIC_ONLY,Q06_FALSE3,CONTROL_FAILURE,HIGH,4,VERBOSE_TYPED,12,1.0,5.0,3.0,2.0,0.0,1.0,2.0,0.0,0.0,0.0,35.0,2.0,1.0,167.0,5.0,0.0,0.0
LIVE_BELIEF,PERIODIC_ONLY,Q06_FALSE3,CONTROL_FAILURE,HIGH,8,COMPACT_TYPED,12,1.0,9.0,3.0,4.0,0.0,1.0,4.0,0.0,0.0,0.0,34.0,4.0,0.0,0.0,12.0,0.0,0.0
LIVE_BELIEF,PERIODIC_ONLY,Q06_FALSE3,CONTROL_FAILURE,HIGH,8,VERBOSE_TYPED,12,1.0,9.0,3.0,4.0,0.0,1.0,4.0,0.0,0.0,0.0,46.0,4.0,0.0,0.0,12.0,0.0,0.0
LIVE_BELIEF,PERIODIC_ONLY,Q06_FALSE3,CONTROL_FAILURE,HIGH,12,COMPACT_TYPED,12,1.0,13.0,3.0,5.0,0.0,1.0,5.0,0.0,0.0,0.0,43.0,5.0,3.0,498.0,10.0,0.0,0.0
LIVE_BELIEF,PERIODIC_ONLY,Q06_FALSE3,CONTROL_FAILURE,HIGH,12,VERBOSE_TYPED,12,1.0,13.0,3.0,5.0,0.0,1.0,5.0,0.0,0.0,0.0,55.0,5.0,3.0,501.0,10.0,0.0,0.0
LIVE_BELIEF,PERIODIC_ONLY,Q06_FALSE3,CONTROL_FAILURE,LOW,4,COMPACT_TYPED,12,1.0,6.0,2.0,2.0,0.0,1.0,2.0,0.0,0.0,0.0,21.0,2.0,1.0,166.0,5.0,0.0,0.0
LIVE_BELIEF,PERIODIC_ONLY,Q06_FALSE3,CONTROL_FAILURE,LOW,4,VERBOSE_TYPED,12,1.0,6.0,2.0,2.0,0.0,1.0,2.0,0.0,0.0,0.0,33.0,2.0,1.0,167.0,5.0,0.0,0.0
LIVE_BELIEF,PERIODIC_ONLY,Q06_FALSE3,CONTROL_FAILURE,LOW,8,COMPACT_TYPED,12,1.0,10.0,2.0,4.0,0.0,1.0,4.0,0.0,0.0,0.0,32.0,4.0,0.0,0.0,12.0,0.0,0.0
LIVE_BELIEF,PERIODIC_ONLY,Q06_FALSE3,CONTROL_FAILURE,LOW,8,VERBOSE_TYPED,12,1.0,10.0,2.0,4.0,0.0,1.0,4.0,0.0,0.0,0.0,44.0,4.0,0.0,0.0,12.0,0.0,0.0
LIVE_BELIEF,PERIODIC_ONLY,Q06_FALSE3,CONTROL_FAILURE,LOW,12,COMPACT_TYPED,12,1.0,14.0,2.0,5.0,0.0,1.0,5.0,0.0,0.0,0.0,41.0,5.0,3.0,498.0,10.0,0.0,0.0
LIVE_BELIEF,PERIODIC_ONLY,Q06_FALSE3,CONTROL_FAILURE,LOW,12,VERBOSE_TYPED,12,1.0,14.0,2.0,5.0,0.0,1.0,5.0,0.0,0.0,0.0,53.0,5.0,3.0,501.0,10.0,0.0,0.0
LIVE_BELIEF,PERIODIC_ONLY,Q06_FALSE3,POSE_SHIFT,HIGH,4,COMPACT_TYPED,12,0.0,1.0,7.0,2.0,0.0,1.0,2.0,0.0,0.0,0.0,31.0,2.0,1.0,166.0,5.0,0.0,0.0
LIVE_BELIEF,PERIODIC_ONLY,Q06_FALSE3,POSE_SHIFT,HIGH,4,VERBOSE_TYPED,12,0.0,1.0,7.0,2.0,0.0,1.0,2.0,0.0,0.0,0.0,43.0,2.0,1.0,167.0,5.0,0.0,0.0
LIVE_BELIEF,PERIODIC_ONLY,Q06_FALSE3,POSE_SHIFT,HIGH,8,COMPACT_TYPED,12,0.0,3.0,9.0,4.0,0.0,1.0,4.0,0.0,0.0,0.0,46.0,4.0,0.0,0.0,12.0,0.0,0.0
LIVE_BELIEF,PERIODIC_ONLY,Q06_FALSE3,POSE_SHIFT,HIGH,8,VERBOSE_TYPED,12,0.0,3.0,9.0,4.0,0.0,1.0,4.0,0.0,0.0,0.0,58.0,4.0,0.0,0.0,12.0,0.0,0.0
LIVE_BELIEF,PERIODIC_ONLY,Q06_FALSE3,POSE_SHIFT,HIGH,12,COMPACT_TYPED,12,1.0,16.0,0.0,5.0,0.0,1.0,4.0,0.0,0.0,0.0,37.0,5.0,3.0,493.0,10.0,0.0,0.0
LIVE_BELIEF,PERIODIC_ONLY,Q06_FALSE3,POSE_SHIFT,HIGH,12,VERBOSE_TYPED,12,1.0,16.0,0.0,5.0,0.0,1.0,4.0,0.0,0.0,0.0,49.0,5.0,3.0,496.0,10.0,0.0,0.0
LIVE_BELIEF,PERIODIC_ONLY,Q06_FALSE3,POSE_SHIFT,LOW,4,COMPACT_TYPED,12,0.0,1.0,7.0,2.0,0.0,1.0,2.0,0.0,0.0,0.0,31.0,2.0,1.0,166.0,5.0,0.0,0.0
LIVE_BELIEF,PERIODIC_ONLY,Q06_FALSE3,POSE_SHIFT,LOW,4,VERBOSE_TYPED,12,0.0,1.0,7.0,2.0,0.0,1.0,2.0,0.0,0.0,0.0,43.0,2.0,1.0,167.0,5.0,0.0,0.0
LIVE_BELIEF,PERIODIC_ONLY,Q06_FALSE3,POSE_SHIFT,LOW,8,COMPACT_TYPED,12,0.0,3.0,9.0,4.0,0.0,1.0,4.0,0.0,0.0,0.0,46.0,4.0,0.0,0.0,12.0,0.0,0.0
LIVE_BELIEF,PERIODIC_ONLY,Q06_FALSE3,POSE_SHIFT,LOW,8,VERBOSE_TYPED,12,0.0,3.0,9.0,4.0,0.0,1.0,4.0,0.0,0.0,0.0,58.0,4.0,0.0,0.0,12.0,0.0,0.0
LIVE_BELIEF,PERIODIC_ONLY,Q06_FALSE3,POSE_SHIFT,LOW,12,COMPACT_TYPED,12,1.0,16.0,0.0,5.0,0.0,1.0,4.0,0.0,0.0,0.0,37.0,5.0,3.0,493.0,10.0,0.0,0.0
LIVE_BELIEF,PERIODIC_ONLY,Q06_FALSE3,POSE_SHIFT,LOW,12,VERBOSE_TYPED,12,1.0,16.0,0.0,5.0,0.0,1.0,4.0,0.0,0.0,0.0,49.0,5.0,3.0,496.0,10.0,0.0,0.0
LIVE_BELIEF,PERIODIC_ONLY,Q06_FALSE3,RESTRICTION_CHANGE,HIGH,4,COMPACT_TYPED,12,0.0,1.0,7.0,2.0,0.0,1.0,2.0,0.0,0.0,0.0,31.0,2.0,1.0,166.0,5.0,0.0,0.0
LIVE_BELIEF,PERIODIC_ONLY,Q06_FALSE3,RESTRICTION_CHANGE,HIGH,4,VERBOSE_TYPED,12,0.0,1.0,7.0,2.0,0.0,1.0,2.0,0.0,0.0,0.0,43.0,2.0,1.0,167.0,5.0,0.0,0.0
LIVE_BELIEF,PERIODIC_ONLY,Q06_FALSE3,RESTRICTION_CHANGE,HIGH,8,COMPACT_TYPED,12,0.0,3.0,9.0,4.0,0.0,1.0,4.0,0.0,0.0,0.0,46.0,4.0,0.0,0.0,12.0,0.0,0.0
LIVE_BELIEF,PERIODIC_ONLY,Q06_FALSE3,RESTRICTION_CHANGE,HIGH,8,VERBOSE_TYPED,12,0.0,3.0,9.0,4.0,0.0,1.0,4.0,0.0,0.0,0.0,58.0,4.0,0.0,0.0,12.0,0.0,0.0
LIVE_BELIEF,PERIODIC_ONLY,Q06_FALSE3,RESTRICTION_CHANGE,HIGH,12,COMPACT_TYPED,12,1.0,16.0,0.0,5.0,0.0,1.0,4.0,1.0,0.0,0.0,37.0,5.0,3.0,496.0,10.0,0.0,0.0
LIVE_BELIEF,PERIODIC_ONLY,Q06_FALSE3,RESTRICTION_CHANGE,HIGH,12,VERBOSE_TYPED,12,1.0,16.0,0.0,5.0,0.0,1.0,4.0,1.0,0.0,0.0,49.0,5.0,3.0,499.0,10.0,0.0,0.0
LIVE_BELIEF,PERIODIC_ONLY,Q06_FALSE3,RESTRICTION_CHANGE,LOW,4,COMPACT_TYPED,12,0.0,1.0,7.0,2.0,0.0,1.0,2.0,0.0,0.0,0.0,31.0,2.0,1.0,166.0,5.0,0.0,0.0
LIVE_BELIEF,PERIODIC_ONLY,Q06_FALSE3,RESTRICTION_CHANGE,LOW,4,VERBOSE_TYPED,12,0.0,1.0,7.0,2.0,0.0,1.0,2.0,0.0,0.0,0.0,43.0,2.0,1.0,167.0,5.0,0.0,0.0
LIVE_BELIEF,PERIODIC_ONLY,Q06_FALSE3,RESTRICTION_CHANGE,LOW,8,COMPACT_TYPED,12,0.0,3.0,9.0,4.0,0.0,1.0,4.0,0.0,0.0,0.0,46.0,4.0,0.0,0.0,12.0,0.0,0.0
LIVE_BELIEF,PERIODIC_ONLY,Q06_FALSE3,RESTRICTION_CHANGE,LOW,8,VERBOSE_TYPED,12,0.0,3.0,9.0,4.0,0.0,1.0,4.0,0.0,0.0,0.0,58.0,4.0,0.0,0.0,12.0,0.0,0.0
LIVE_BELIEF,PERIODIC_ONLY,Q06_FALSE3,RESTRICTION_CHANGE,LOW,12,COMPACT_TYPED,12,1.0,16.0,0.0,5.0,0.0,1.0,4.0,1.0,0.0,0.0,37.0,5.0,3.0,496.0,10.0,0.0,0.0
LIVE_BELIEF,PERIODIC_ONLY,Q06_FALSE3,RESTRICTION_CHANGE,LOW,12,VERBOSE_TYPED,12,1.0,16.0,0.0,5.0,0.0,1.0,4.0,1.0,0.0,0.0,49.0,5.0,3.0,499.0,10.0,0.0,0.0
LIVE_BELIEF,PERIODIC_ONLY,Q07_DUP_OOO,AVAILABILITY_LOSS,HIGH,4,COMPACT_TYPED,12,1.0,7.0,1.0,2.0,0.0,1.0,1.0,1.0,0.0,0.0,19.0,2.0,2.0,334.0,5.0,0.0,0.0
LIVE_BELIEF,PERIODIC_ONLY,Q07_DUP_OOO,AVAILABILITY_LOSS,HIGH,4,VERBOSE_TYPED,12,1.0,7.0,1.0,2.0,0.0,1.0,1.0,1.0,0.0,0.0,28.0,2.0,2.0,336.0,5.0,0.0,0.0
LIVE_BELIEF,PERIODIC_ONLY,Q07_DUP_OOO,AVAILABILITY_LOSS,HIGH,8,COMPACT_TYPED,12,1.0,10.0,2.0,4.0,0.0,1.0,3.0,1.0,0.0,0.0,32.0,4.0,1.0,167.0,6.0,0.0,0.0
LIVE_BELIEF,PERIODIC_ONLY,Q07_DUP_OOO,AVAILABILITY_LOSS,HIGH,8,VERBOSE_TYPED,12,1.0,10.0,2.0,4.0,0.0,1.0,3.0,1.0,0.0,0.0,41.0,4.0,1.0,168.0,6.0,0.0,0.0
LIVE_BELIEF,PERIODIC_ONLY,Q07_DUP_OOO,AVAILABILITY_LOSS,HIGH,12,COMPACT_TYPED,12,0.0,5.0,11.0,5.0,0.0,1.0,5.0,0.0,0.0,0.0,55.0,5.0,0.0,0.0,16.0,0.0,0.0
LIVE_BELIEF,PERIODIC_ONLY,Q07_DUP_OOO,AVAILABILITY_LOSS,HIGH,12,VERBOSE_TYPED,12,0.0,5.0,11.0,5.0,0.0,1.0,5.0,0.0,0.0,0.0,64.0,5.0,0.0,0.0,16.0,0.0,0.0
LIVE_BELIEF,PERIODIC_ONLY,Q07_DUP_OOO,AVAILABILITY_LOSS,LOW,4,COMPACT_TYPED,12,1.0,7.0,1.0,2.0,0.0,1.0,1.0,1.0,0.0,0.0,19.0,2.0,2.0,334.0,5.0,0.0,0.0
LIVE_BELIEF,PERIODIC_ONLY,Q07_DUP_OOO,AVAILABILITY_LOSS,LOW,4,VERBOSE_TYPED,12,1.0,7.0,1.0,2.0,0.0,1.0,1.0,1.0,0.0,0.0,28.0,2.0,2.0,336.0,5.0,0.0,0.0
LIVE_BELIEF,PERIODIC_ONLY,Q07_DUP_OOO,AVAILABILITY_LOSS,LOW,8,COMPACT_TYPED,12,1.0,10.0,2.0,4.0,0.0,1.0,3.0,1.0,0.0,0.0,32.0,4.0,1.0,167.0,6.0,0.0,0.0
LIVE_BELIEF,PERIODIC_ONLY,Q07_DUP_OOO,AVAILABILITY_LOSS,LOW,8,VERBOSE_TYPED,12,1.0,10.0,2.0,4.0,0.0,1.0,3.0,1.0,0.0,0.0,41.0,4.0,1.0,168.0,6.0,0.0,0.0
LIVE_BELIEF,PERIODIC_ONLY,Q07_DUP_OOO,AVAILABILITY_LOSS,LOW,12,COMPACT_TYPED,12,0.0,5.0,11.0,5.0,0.0,1.0,5.0,0.0,0.0,0.0,55.0,5.0,0.0,0.0,16.0,0.0,0.0
LIVE_BELIEF,PERIODIC_ONLY,Q07_DUP_OOO,AVAILABILITY_LOSS,LOW,12,VERBOSE_TYPED,12,0.0,5.0,11.0,5.0,0.0,1.0,5.0,0.0,0.0,0.0,64.0,5.0,0.0,0.0,16.0,0.0,0.0
LIVE_BELIEF,PERIODIC_ONLY,Q07_DUP_OOO,CONTROL_FAILURE,HIGH,4,COMPACT_TYPED,12,1.0,5.0,3.0,2.0,0.0,1.0,2.0,0.0,0.0,0.0,23.0,2.0,2.0,332.0,5.0,0.0,0.0
LIVE_BELIEF,PERIODIC_ONLY,Q07_DUP_OOO,CONTROL_FAILURE,HIGH,4,VERBOSE_TYPED,12,1.0,5.0,3.0,2.0,0.0,1.0,2.0,0.0,0.0,0.0,32.0,2.0,2.0,334.0,5.0,0.0,0.0
LIVE_BELIEF,PERIODIC_ONLY,Q07_DUP_OOO,CONTROL_FAILURE,HIGH,8,COMPACT_TYPED,12,1.0,9.0,3.0,4.0,0.0,1.0,4.0,0.0,0.0,0.0,34.0,4.0,1.0,166.0,6.0,0.0,0.0
LIVE_BELIEF,PERIODIC_ONLY,Q07_DUP_OOO,CONTROL_FAILURE,HIGH,8,VERBOSE_TYPED,12,1.0,9.0,3.0,4.0,0.0,1.0,4.0,0.0,0.0,0.0,43.0,4.0,1.0,167.0,6.0,0.0,0.0
LIVE_BELIEF,PERIODIC_ONLY,Q07_DUP_OOO,CONTROL_FAILURE,HIGH,12,COMPACT_TYPED,12,1.0,13.0,3.0,5.0,0.0,1.0,5.0,0.0,0.0,0.0,39.0,5.0,0.0,0.0,16.0,0.0,0.0
LIVE_BELIEF,PERIODIC_ONLY,Q07_DUP_OOO,CONTROL_FAILURE,HIGH,12,VERBOSE_TYPED,12,1.0,13.0,3.0,5.0,0.0,1.0,5.0,0.0,0.0,0.0,48.0,5.0,0.0,0.0,16.0,0.0,0.0
LIVE_BELIEF,PERIODIC_ONLY,Q07_DUP_OOO,CONTROL_FAILURE,LOW,4,COMPACT_TYPED,12,1.0,6.0,2.0,2.0,0.0,1.0,2.0,0.0,0.0,0.0,21.0,2.0,2.0,332.0,5.0,0.0,0.0
LIVE_BELIEF,PERIODIC_ONLY,Q07_DUP_OOO,CONTROL_FAILURE,LOW,4,VERBOSE_TYPED,12,1.0,6.0,2.0,2.0,0.0,1.0,2.0,0.0,0.0,0.0,30.0,2.0,2.0,334.0,5.0,0.0,0.0
LIVE_BELIEF,PERIODIC_ONLY,Q07_DUP_OOO,CONTROL_FAILURE,LOW,8,COMPACT_TYPED,12,1.0,10.0,2.0,4.0,0.0,1.0,4.0,0.0,0.0,0.0,32.0,4.0,1.0,166.0,6.0,0.0,0.0
LIVE_BELIEF,PERIODIC_ONLY,Q07_DUP_OOO,CONTROL_FAILURE,LOW,8,VERBOSE_TYPED,12,1.0,10.0,2.0,4.0,0.0,1.0,4.0,0.0,0.0,0.0,41.0,4.0,1.0,167.0,6.0,0.0,0.0
LIVE_BELIEF,PERIODIC_ONLY,Q07_DUP_OOO,CONTROL_FAILURE,LOW,12,COMPACT_TYPED,12,1.0,14.0,2.0,5.0,0.0,1.0,5.0,0.0,0.0,0.0,37.0,5.0,0.0,0.0,16.0,0.0,0.0
LIVE_BELIEF,PERIODIC_ONLY,Q07_DUP_OOO,CONTROL_FAILURE,LOW,12,VERBOSE_TYPED,12,1.0,14.0,2.0,5.0,0.0,1.0,5.0,0.0,0.0,0.0,46.0,5.0,0.0,0.0,16.0,0.0,0.0
LIVE_BELIEF,PERIODIC_ONLY,Q07_DUP_OOO,POSE_SHIFT,HIGH,4,COMPACT_TYPED,12,1.0,7.0,1.0,2.0,0.0,1.0,1.0,0.0,0.0,0.0,19.0,2.0,2.0,322.0,5.0,0.0,0.0
LIVE_BELIEF,PERIODIC_ONLY,Q07_DUP_OOO,POSE_SHIFT,HIGH,4,VERBOSE_TYPED,12,1.0,7.0,1.0,2.0,0.0,1.0,1.0,0.0,0.0,0.0,28.0,2.0,2.0,324.0,5.0,0.0,0.0
LIVE_BELIEF,PERIODIC_ONLY,Q07_DUP_OOO,POSE_SHIFT,HIGH,8,COMPACT_TYPED,12,1.0,10.0,2.0,4.0,0.0,1.0,3.0,0.0,0.0,0.0,32.0,4.0,1.0,161.0,6.0,0.0,0.0
LIVE_BELIEF,PERIODIC_ONLY,Q07_DUP_OOO,POSE_SHIFT,HIGH,8,VERBOSE_TYPED,12,1.0,10.0,2.0,4.0,0.0,1.0,3.0,0.0,0.0,0.0,41.0,4.0,1.0,162.0,6.0,0.0,0.0
LIVE_BELIEF,PERIODIC_ONLY,Q07_DUP_OOO,POSE_SHIFT,HIGH,12,COMPACT_TYPED,12,0.0,5.0,11.0,5.0,0.0,1.0,5.0,0.0,0.0,0.0,55.0,5.0,0.0,0.0,16.0,0.0,0.0
LIVE_BELIEF,PERIODIC_ONLY,Q07_DUP_OOO,POSE_SHIFT,HIGH,12,VERBOSE_TYPED,12,0.0,5.0,11.0,5.0,0.0,1.0,5.0,0.0,0.0,0.0,64.0,5.0,0.0,0.0,16.0,0.0,0.0
LIVE_BELIEF,PERIODIC_ONLY,Q07_DUP_OOO,POSE_SHIFT,LOW,4,COMPACT_TYPED,12,1.0,7.0,1.0,2.0,0.0,1.0,1.0,0.0,0.0,0.0,19.0,2.0,2.0,322.0,5.0,0.0,0.0
LIVE_BELIEF,PERIODIC_ONLY,Q07_DUP_OOO,POSE_SHIFT,LOW,4,VERBOSE_TYPED,12,1.0,7.0,1.0,2.0,0.0,1.0,1.0,0.0,0.0,0.0,28.0,2.0,2.0,324.0,5.0,0.0,0.0
LIVE_BELIEF,PERIODIC_ONLY,Q07_DUP_OOO,POSE_SHIFT,LOW,8,COMPACT_TYPED,12,1.0,10.0,2.0,4.0,0.0,1.0,3.0,0.0,0.0,0.0,32.0,4.0,1.0,161.0,6.0,0.0,0.0
LIVE_BELIEF,PERIODIC_ONLY,Q07_DUP_OOO,POSE_SHIFT,LOW,8,VERBOSE_TYPED,12,1.0,10.0,2.0,4.0,0.0,1.0,3.0,0.0,0.0,0.0,41.0,4.0,1.0,162.0,6.0,0.0,0.0
LIVE_BELIEF,PERIODIC_ONLY,Q07_DUP_OOO,POSE_SHIFT,LOW,12,COMPACT_TYPED,12,0.0,5.0,11.0,5.0,0.0,1.0,5.0,0.0,0.0,0.0,55.0,5.0,0.0,0.0,16.0,0.0,0.0
LIVE_BELIEF,PERIODIC_ONLY,Q07_DUP_OOO,POSE_SHIFT,LOW,12,VERBOSE_TYPED,12,0.0,5.0,11.0,5.0,0.0,1.0,5.0,0.0,0.0,0.0,64.0,5.0,0.0,0.0,16.0,0.0,0.0
LIVE_BELIEF,PERIODIC_ONLY,Q07_DUP_OOO,RESTRICTION_CHANGE,HIGH,4,COMPACT_TYPED,12,1.0,7.0,1.0,2.0,0.0,1.0,1.0,1.0,0.0,0.0,19.0,2.0,2.0,328.0,5.0,0.0,0.0
LIVE_BELIEF,PERIODIC_ONLY,Q07_DUP_OOO,RESTRICTION_CHANGE,HIGH,4,VERBOSE_TYPED,12,1.0,7.0,1.0,2.0,0.0,1.0,1.0,1.0,0.0,0.0,28.0,2.0,2.0,330.0,5.0,0.0,0.0
LIVE_BELIEF,PERIODIC_ONLY,Q07_DUP_OOO,RESTRICTION_CHANGE,HIGH,8,COMPACT_TYPED,12,1.0,10.0,2.0,4.0,0.0,1.0,3.0,1.0,0.0,0.0,32.0,4.0,1.0,164.0,6.0,0.0,0.0
LIVE_BELIEF,PERIODIC_ONLY,Q07_DUP_OOO,RESTRICTION_CHANGE,HIGH,8,VERBOSE_TYPED,12,1.0,10.0,2.0,4.0,0.0,1.0,3.0,1.0,0.0,0.0,41.0,4.0,1.0,165.0,6.0,0.0,0.0
LIVE_BELIEF,PERIODIC_ONLY,Q07_DUP_OOO,RESTRICTION_CHANGE,HIGH,12,COMPACT_TYPED,12,0.0,5.0,11.0,5.0,0.0,1.0,5.0,0.0,0.0,0.0,55.0,5.0,0.0,0.0,16.0,0.0,0.0
LIVE_BELIEF,PERIODIC_ONLY,Q07_DUP_OOO,RESTRICTION_CHANGE,HIGH,12,VERBOSE_TYPED,12,0.0,5.0,11.0,5.0,0.0,1.0,5.0,0.0,0.0,0.0,64.0,5.0,0.0,0.0,16.0,0.0,0.0
LIVE_BELIEF,PERIODIC_ONLY,Q07_DUP_OOO,RESTRICTION_CHANGE,LOW,4,COMPACT_TYPED,12,1.0,7.0,1.0,2.0,0.0,1.0,1.0,1.0,0.0,0.0,19.0,2.0,2.0,328.0,5.0,0.0,0.0
LIVE_BELIEF,PERIODIC_ONLY,Q07_DUP_OOO,RESTRICTION_CHANGE,LOW,4,VERBOSE_TYPED,12,1.0,7.0,1.0,2.0,0.0,1.0,1.0,1.0,0.0,0.0,28.0,2.0,2.0,330.0,5.0,0.0,0.0
LIVE_BELIEF,PERIODIC_ONLY,Q07_DUP_OOO,RESTRICTION_CHANGE,LOW,8,COMPACT_TYPED,12,1.0,10.0,2.0,4.0,0.0,1.0,3.0,1.0,0.0,0.0,32.0,4.0,1.0,164.0,6.0,0.0,0.0
LIVE_BELIEF,PERIODIC_ONLY,Q07_DUP_OOO,RESTRICTION_CHANGE,LOW,8,VERBOSE_TYPED,12,1.0,10.0,2.0,4.0,0.0,1.0,3.0,1.0,0.0,0.0,41.0,4.0,1.0,165.0,6.0,0.0,0.0
LIVE_BELIEF,PERIODIC_ONLY,Q07_DUP_OOO,RESTRICTION_CHANGE,LOW,12,COMPACT_TYPED,12,0.0,5.0,11.0,5.0,0.0,1.0,5.0,0.0,0.0,0.0,55.0,5.0,0.0,0.0,16.0,0.0,0.0
LIVE_BELIEF,PERIODIC_ONLY,Q07_DUP_OOO,RESTRICTION_CHANGE,LOW,12,VERBOSE_TYPED,12,0.0,5.0,11.0,5.0,0.0,1.0,5.0,0.0,0.0,0.0,64.0,5.0,0.0,0.0,16.0,0.0,0.0
LIVE_BELIEF,PERIODIC_ONLY,Q08_GUARDED,AVAILABILITY_LOSS,HIGH,4,COMPACT_TYPED,12,0.58333333,4.5,3.5,2.0,0.0,1.0,1.41666667,0.58333333,0.0,0.0,21.75,2.0,0.58333333,97.41666667,6.25,0.0,0.0
LIVE_BELIEF,PERIODIC_ONLY,Q08_GUARDED,AVAILABILITY_LOSS,HIGH,4,VERBOSE_TYPED,12,0.58333333,4.5,3.5,2.0,0.0,1.0,1.41666667,0.58333333,0.0,0.0,28.25,2.0,0.58333333,98.0,6.25,0.0,0.0
LIVE_BELIEF,PERIODIC_ONLY,Q08_GUARDED,AVAILABILITY_LOSS,HIGH,8,COMPACT_TYPED,12,0.83333333,8.83333333,3.16666667,4.0,0.0,1.0,3.16666667,0.83333333,0.0,0.0,33.83333333,4.0,0.83333333,139.16666667,7.0,0.0,0.0
LIVE_BELIEF,PERIODIC_ONLY,Q08_GUARDED,AVAILABILITY_LOSS,HIGH,8,VERBOSE_TYPED,12,0.83333333,8.83333333,3.16666667,4.0,0.0,1.0,3.16666667,0.83333333,0.0,0.0,41.83333333,4.0,0.83333333,140.0,7.0,0.0,0.0
LIVE_BELIEF,PERIODIC_ONLY,Q08_GUARDED,AVAILABILITY_LOSS,HIGH,12,COMPACT_TYPED,12,0.0,5.0,11.0,5.0,0.0,1.0,5.0,0.0,0.0,0.0,55.33333333,5.0,1.0,166.0,10.0,0.0,0.0
LIVE_BELIEF,PERIODIC_ONLY,Q08_GUARDED,AVAILABILITY_LOSS,HIGH,12,VERBOSE_TYPED,12,0.0,5.0,11.0,5.0,0.0,1.0,5.0,0.0,0.0,0.0,62.33333333,5.0,1.0,167.0,10.0,0.0,0.0
LIVE_BELIEF,PERIODIC_ONLY,Q08_GUARDED,AVAILABILITY_LOSS,LOW,4,COMPACT_TYPED,12,0.66666667,5.0,3.0,2.0,0.0,1.0,1.33333333,0.66666667,0.0,0.0,21.0,2.0,0.66666667,111.33333333,6.0,0.0,0.0
LIVE_BELIEF,PERIODIC_ONLY,Q08_GUARDED,AVAILABILITY_LOSS,LOW,4,VERBOSE_TYPED,12,0.66666667,5.0,3.0,2.0,0.0,1.0,1.33333333,0.66666667,0.0,0.0,28.0,2.0,0.66666667,112.0,6.0,0.0,0.0
LIVE_BELIEF,PERIODIC_ONLY,Q08_GUARDED,AVAILABILITY_LOSS,LOW,8,COMPACT_TYPED,12,0.83333333,8.83333333,3.16666667,4.0,0.0,1.0,3.16666667,0.83333333,0.0,0.0,33.83333333,4.0,0.83333333,139.16666667,7.0,0.0,0.0
LIVE_BELIEF,PERIODIC_ONLY,Q08_GUARDED,AVAILABILITY_LOSS,LOW,8,VERBOSE_TYPED,12,0.83333333,8.83333333,3.16666667,4.0,0.0,1.0,3.16666667,0.83333333,0.0,0.0,41.83333333,4.0,0.83333333,140.0,7.0,0.0,0.0
LIVE_BELIEF,PERIODIC_ONLY,Q08_GUARDED,AVAILABILITY_LOSS,LOW,12,COMPACT_TYPED,12,0.0,5.0,11.0,5.0,0.0,1.0,5.0,0.0,0.0,0.0,55.66666667,5.0,1.0,166.0,10.0,0.0,0.0
LIVE_BELIEF,PERIODIC_ONLY,Q08_GUARDED,AVAILABILITY_LOSS,LOW,12,VERBOSE_TYPED,12,0.0,5.0,11.0,5.0,0.0,1.0,5.0,0.0,0.0,0.0,63.66666667,5.0,1.0,167.0,10.0,0.0,0.0
LIVE_BELIEF,PERIODIC_ONLY,Q08_GUARDED,CONTROL_FAILURE,HIGH,4,COMPACT_TYPED,12,1.0,5.0,3.0,2.0,0.0,1.0,2.0,0.0,0.0,0.0,21.0,2.0,0.66666667,110.66666667,6.0,0.0,0.0
LIVE_BELIEF,PERIODIC_ONLY,Q08_GUARDED,CONTROL_FAILURE,HIGH,4,VERBOSE_TYPED,12,1.0,5.0,3.0,2.0,0.0,1.0,2.0,0.0,0.0,0.0,28.0,2.0,0.66666667,111.33333333,6.0,0.0,0.0
LIVE_BELIEF,PERIODIC_ONLY,Q08_GUARDED,CONTROL_FAILURE,HIGH,8,COMPACT_TYPED,12,1.0,9.0,3.0,4.0,0.0,1.0,4.0,0.0,0.0,0.0,32.75,4.0,0.58333333,96.83333333,8.5,0.0,0.0
LIVE_BELIEF,PERIODIC_ONLY,Q08_GUARDED,CONTROL_FAILURE,HIGH,8,VERBOSE_TYPED,12,1.0,9.0,3.0,4.0,0.0,1.0,4.0,0.0,0.0,0.0,39.25,4.0,0.58333333,97.41666667,8.5,0.0,0.0
LIVE_BELIEF,PERIODIC_ONLY,Q08_GUARDED,CONTROL_FAILURE,HIGH,12,COMPACT_TYPED,12,1.0,13.0,3.0,5.0,0.0,1.0,5.0,0.0,0.0,0.0,39.66666667,5.0,1.0,166.0,10.0,0.0,0.0
LIVE_BELIEF,PERIODIC_ONLY,Q08_GUARDED,CONTROL_FAILURE,HIGH,12,VERBOSE_TYPED,12,1.0,13.0,3.0,5.0,0.0,1.0,5.0,0.0,0.0,0.0,47.66666667,5.0,1.0,167.0,10.0,0.0,0.0
LIVE_BELIEF,PERIODIC_ONLY,Q08_GUARDED,CONTROL_FAILURE,LOW,4,COMPACT_TYPED,12,1.0,6.0,2.0,2.0,0.0,1.0,2.0,0.0,0.0,0.0,19.75,2.0,0.91666667,152.16666667,5.25,0.0,0.0
LIVE_BELIEF,PERIODIC_ONLY,Q08_GUARDED,CONTROL_FAILURE,LOW,4,VERBOSE_TYPED,12,1.0,6.0,2.0,2.0,0.0,1.0,2.0,0.0,0.0,0.0,28.25,2.0,0.91666667,153.08333333,5.25,0.0,0.0
LIVE_BELIEF,PERIODIC_ONLY,Q08_GUARDED,CONTROL_FAILURE,LOW,8,COMPACT_TYPED,12,1.0,10.0,2.0,4.0,0.0,1.0,4.0,0.0,0.0,0.0,31.0,4.0,0.66666667,110.66666667,8.0,0.0,0.0
LIVE_BELIEF,PERIODIC_ONLY,Q08_GUARDED,CONTROL_FAILURE,LOW,8,VERBOSE_TYPED,12,1.0,10.0,2.0,4.0,0.0,1.0,4.0,0.0,0.0,0.0,38.0,4.0,0.66666667,111.33333333,8.0,0.0,0.0
LIVE_BELIEF,PERIODIC_ONLY,Q08_GUARDED,CONTROL_FAILURE,LOW,12,COMPACT_TYPED,12,1.0,14.0,2.0,5.0,0.0,1.0,5.0,0.0,0.0,0.0,37.66666667,5.0,1.0,166.0,10.0,0.0,0.0
LIVE_BELIEF,PERIODIC_ONLY,Q08_GUARDED,CONTROL_FAILURE,LOW,12,VERBOSE_TYPED,12,1.0,14.0,2.0,5.0,0.0,1.0,5.0,0.0,0.0,0.0,45.66666667,5.0,1.0,167.0,10.0,0.0,0.0
LIVE_BELIEF,PERIODIC_ONLY,Q08_GUARDED,POSE_SHIFT,HIGH,4,COMPACT_TYPED,12,0.66666667,5.0,3.0,2.0,0.0,1.0,1.33333333,0.0,0.0,0.0,21.0,2.0,0.66666667,107.33333333,6.0,0.0,0.0
LIVE_BELIEF,PERIODIC_ONLY,Q08_GUARDED,POSE_SHIFT,HIGH,4,VERBOSE_TYPED,12,0.66666667,5.0,3.0,2.0,0.0,1.0,1.33333333,0.0,0.0,0.0,28.0,2.0,0.66666667,108.0,6.0,0.0,0.0
LIVE_BELIEF,PERIODIC_ONLY,Q08_GUARDED,POSE_SHIFT,HIGH,8,COMPACT_TYPED,12,0.41666667,5.91666667,6.08333333,4.0,0.0,1.0,3.58333333,0.0,0.0,0.0,38.41666667,4.0,0.41666667,67.08333333,9.5,0.0,0.0
LIVE_BELIEF,PERIODIC_ONLY,Q08_GUARDED,POSE_SHIFT,HIGH,8,VERBOSE_TYPED,12,0.41666667,5.91666667,6.08333333,4.0,0.0,1.0,3.58333333,0.0,0.0,0.0,43.91666667,4.0,0.41666667,67.5,9.5,0.0,0.0
LIVE_BELIEF,PERIODIC_ONLY,Q08_GUARDED,POSE_SHIFT,HIGH,12,COMPACT_TYPED,12,0.0,5.0,11.0,5.0,0.0,1.0,5.0,0.0,0.0,0.0,55.33333333,5.0,1.0,166.0,10.0,0.0,0.0
LIVE_BELIEF,PERIODIC_ONLY,Q08_GUARDED,POSE_SHIFT,HIGH,12,VERBOSE_TYPED,12,0.0,5.0,11.0,5.0,0.0,1.0,5.0,0.0,0.0,0.0,62.33333333,5.0,1.0,167.0,10.0,0.0,0.0
LIVE_BELIEF,PERIODIC_ONLY,Q08_GUARDED,POSE_SHIFT,LOW,4,COMPACT_TYPED,12,0.66666667,5.0,3.0,2.0,0.0,1.0,1.33333333,0.0,0.0,0.0,21.0,2.0,0.66666667,107.33333333,6.0,0.0,0.0
LIVE_BELIEF,PERIODIC_ONLY,Q08_GUARDED,POSE_SHIFT,LOW,4,VERBOSE_TYPED,12,0.66666667,5.0,3.0,2.0,0.0,1.0,1.33333333,0.0,0.0,0.0,28.0,2.0,0.66666667,108.0,6.0,0.0,0.0
LIVE_BELIEF,PERIODIC_ONLY,Q08_GUARDED,POSE_SHIFT,LOW,8,COMPACT_TYPED,12,0.58333333,7.08333333,4.91666667,4.0,0.0,1.0,3.41666667,0.0,0.0,0.0,36.58333333,4.0,0.58333333,93.91666667,8.5,0.0,0.0
LIVE_BELIEF,PERIODIC_ONLY,Q08_GUARDED,POSE_SHIFT,LOW,8,VERBOSE_TYPED,12,0.58333333,7.08333333,4.91666667,4.0,0.0,1.0,3.41666667,0.0,0.0,0.0,43.08333333,4.0,0.58333333,94.5,8.5,0.0,0.0
LIVE_BELIEF,PERIODIC_ONLY,Q08_GUARDED,POSE_SHIFT,LOW,12,COMPACT_TYPED,12,0.0,5.0,11.0,5.0,0.0,1.0,5.0,0.0,0.0,0.0,55.33333333,5.0,1.0,166.0,10.0,0.0,0.0
LIVE_BELIEF,PERIODIC_ONLY,Q08_GUARDED,POSE_SHIFT,LOW,12,VERBOSE_TYPED,12,0.0,5.0,11.0,5.0,0.0,1.0,5.0,0.0,0.0,0.0,62.33333333,5.0,1.0,167.0,10.0,0.0,0.0
LIVE_BELIEF,PERIODIC_ONLY,Q08_GUARDED,RESTRICTION_CHANGE,HIGH,4,COMPACT_TYPED,12,0.75,5.5,2.5,2.0,0.0,1.0,1.25,0.75,0.0,0.0,20.25,2.0,0.75,123.0,5.75,0.0,0.0
LIVE_BELIEF,PERIODIC_ONLY,Q08_GUARDED,RESTRICTION_CHANGE,HIGH,4,VERBOSE_TYPED,12,0.75,5.5,2.5,2.0,0.0,1.0,1.25,0.75,0.0,0.0,27.75,2.0,0.75,123.75,5.75,0.0,0.0
LIVE_BELIEF,PERIODIC_ONLY,Q08_GUARDED,RESTRICTION_CHANGE,HIGH,8,COMPACT_TYPED,12,0.75,8.25,3.75,4.0,0.0,1.0,3.25,0.75,0.0,0.0,34.75,4.0,0.75,123.0,7.5,0.0,0.0
LIVE_BELIEF,PERIODIC_ONLY,Q08_GUARDED,RESTRICTION_CHANGE,HIGH,8,VERBOSE_TYPED,12,0.75,8.25,3.75,4.0,0.0,1.0,3.25,0.75,0.0,0.0,42.25,4.0,0.75,123.75,7.5,0.0,0.0
LIVE_BELIEF,PERIODIC_ONLY,Q08_GUARDED,RESTRICTION_CHANGE,HIGH,12,COMPACT_TYPED,12,0.0,5.0,11.0,5.0,0.0,1.0,5.0,0.0,0.0,0.0,55.66666667,5.0,1.0,166.0,10.0,0.0,0.0
LIVE_BELIEF,PERIODIC_ONLY,Q08_GUARDED,RESTRICTION_CHANGE,HIGH,12,VERBOSE_TYPED,12,0.0,5.0,11.0,5.0,0.0,1.0,5.0,0.0,0.0,0.0,63.66666667,5.0,1.0,167.0,10.0,0.0,0.0
LIVE_BELIEF,PERIODIC_ONLY,Q08_GUARDED,RESTRICTION_CHANGE,LOW,4,COMPACT_TYPED,12,0.83333333,6.0,2.0,2.0,0.0,1.0,1.16666667,0.83333333,0.0,0.0,19.5,2.0,0.83333333,136.66666667,5.5,0.0,0.0
LIVE_BELIEF,PERIODIC_ONLY,Q08_GUARDED,RESTRICTION_CHANGE,LOW,4,VERBOSE_TYPED,12,0.83333333,6.0,2.0,2.0,0.0,1.0,1.16666667,0.83333333,0.0,0.0,27.5,2.0,0.83333333,137.5,5.5,0.0,0.0
LIVE_BELIEF,PERIODIC_ONLY,Q08_GUARDED,RESTRICTION_CHANGE,LOW,8,COMPACT_TYPED,12,0.75,8.25,3.75,4.0,0.0,1.0,3.25,0.75,0.0,0.0,34.75,4.0,0.75,123.0,7.5,0.0,0.0
LIVE_BELIEF,PERIODIC_ONLY,Q08_GUARDED,RESTRICTION_CHANGE,LOW,8,VERBOSE_TYPED,12,0.75,8.25,3.75,4.0,0.0,1.0,3.25,0.75,0.0,0.0,42.25,4.0,0.75,123.75,7.5,0.0,0.0
LIVE_BELIEF,PERIODIC_ONLY,Q08_GUARDED,RESTRICTION_CHANGE,LOW,12,COMPACT_TYPED,12,0.0,5.0,11.0,5.0,0.0,1.0,5.0,0.0,0.0,0.0,55.5,5.0,1.0,166.0,10.0,0.0,0.0
LIVE_BELIEF,PERIODIC_ONLY,Q08_GUARDED,RESTRICTION_CHANGE,LOW,12,VERBOSE_TYPED,12,0.0,5.0,11.0,5.0,0.0,1.0,5.0,0.0,0.0,0.0,63.0,5.0,1.0,167.0,10.0,0.0,0.0
LIVE_BELIEF,PERIODIC_ONLY,Q09_HOSTILE,AVAILABILITY_LOSS,HIGH,4,COMPACT_TYPED,12,0.0,1.0,7.0,1.0,0.0,1.0,1.0,0.0,0.0,0.0,25.5,1.0,1.0,166.0,5.0,0.0,0.0
LIVE_BELIEF,PERIODIC_ONLY,Q09_HOSTILE,AVAILABILITY_LOSS,HIGH,4,VERBOSE_TYPED,12,0.0,1.0,7.0,1.0,0.0,1.0,1.0,0.0,0.0,0.0,39.0,1.0,1.0,167.0,5.0,0.0,0.0
LIVE_BELIEF,PERIODIC_ONLY,Q09_HOSTILE,AVAILABILITY_LOSS,HIGH,8,COMPACT_TYPED,12,0.0,3.0,9.0,2.0,0.0,1.0,2.0,0.0,0.0,0.0,35.0,2.0,0.0,0.0,12.0,0.0,0.0
LIVE_BELIEF,PERIODIC_ONLY,Q09_HOSTILE,AVAILABILITY_LOSS,HIGH,8,VERBOSE_TYPED,12,0.0,3.0,9.0,2.0,0.0,1.0,2.0,0.0,0.0,0.0,50.0,2.0,0.0,0.0,12.0,0.0,0.0
LIVE_BELIEF,PERIODIC_ONLY,Q09_HOSTILE,AVAILABILITY_LOSS,HIGH,12,COMPACT_TYPED,12,0.41666667,8.33333333,7.66666667,3.0,0.0,1.0,2.58333333,0.41666667,0.0,0.0,38.41666667,3.0,0.83333333,139.16666667,12.25,0.0,0.0
LIVE_BELIEF,PERIODIC_ONLY,Q09_HOSTILE,AVAILABILITY_LOSS,HIGH,12,VERBOSE_TYPED,12,0.41666667,8.33333333,7.66666667,3.0,0.0,1.0,2.58333333,0.41666667,0.0,0.0,51.16666667,3.0,0.83333333,140.0,12.25,0.0,0.0
LIVE_BELIEF,PERIODIC_ONLY,Q09_HOSTILE,AVAILABILITY_LOSS,LOW,4,COMPACT_TYPED,12,0.0,1.0,7.0,1.0,0.0,1.0,1.0,0.0,0.0,0.0,25.0,1.0,1.0,166.0,5.0,0.0,0.0
LIVE_BELIEF,PERIODIC_ONLY,Q09_HOSTILE,AVAILABILITY_LOSS,LOW,4,VERBOSE_TYPED,12,0.0,1.0,7.0,1.0,0.0,1.0,1.0,0.0,0.0,0.0,37.0,1.0,1.0,167.0,5.0,0.0,0.0
LIVE_BELIEF,PERIODIC_ONLY,Q09_HOSTILE,AVAILABILITY_LOSS,LOW,8,COMPACT_TYPED,12,0.0,3.0,9.0,2.0,0.0,1.0,2.0,0.0,0.0,0.0,34.75,2.0,0.0,0.0,12.0,0.0,0.0
LIVE_BELIEF,PERIODIC_ONLY,Q09_HOSTILE,AVAILABILITY_LOSS,LOW,8,VERBOSE_TYPED,12,0.0,3.0,9.0,2.0,0.0,1.0,2.0,0.0,0.0,0.0,49.0,2.0,0.0,0.0,12.0,0.0,0.0
LIVE_BELIEF,PERIODIC_ONLY,Q09_HOSTILE,AVAILABILITY_LOSS,LOW,12,COMPACT_TYPED,12,0.66666667,10.33333333,5.66666667,3.0,0.0,1.0,2.33333333,0.66666667,0.0,0.0,35.66666667,3.0,1.33333333,222.66666667,10.0,0.0,0.0
LIVE_BELIEF,PERIODIC_ONLY,Q09_HOSTILE,AVAILABILITY_LOSS,LOW,12,VERBOSE_TYPED,12,0.66666667,10.33333333,5.66666667,3.0,0.0,1.0,2.33333333,0.66666667,0.0,0.0,50.66666667,3.0,1.33333333,224.0,10.0,0.0,0.0
LIVE_BELIEF,PERIODIC_ONLY,Q09_HOSTILE,CONTROL_FAILURE,HIGH,4,COMPACT_TYPED,12,1.0,5.0,3.0,1.0,0.0,1.0,1.0,0.0,0.0,0.0,17.5,1.0,1.0,166.0,5.0,0.0,0.0
LIVE_BELIEF,PERIODIC_ONLY,Q09_HOSTILE,CONTROL_FAILURE,HIGH,4,VERBOSE_TYPED,12,1.0,5.0,3.0,1.0,0.0,1.0,1.0,0.0,0.0,0.0,31.0,1.0,1.0,167.0,5.0,0.0,0.0
LIVE_BELIEF,PERIODIC_ONLY,Q09_HOSTILE,CONTROL_FAILURE,HIGH,8,COMPACT_TYPED,12,1.0,9.0,3.0,2.0,0.0,1.0,2.0,0.0,0.0,0.0,22.25,2.0,0.0,0.0,12.0,0.0,0.0
LIVE_BELIEF,PERIODIC_ONLY,Q09_HOSTILE,CONTROL_FAILURE,HIGH,8,VERBOSE_TYPED,12,1.0,9.0,3.0,2.0,0.0,1.0,2.0,0.0,0.0,0.0,35.0,2.0,0.0,0.0,12.0,0.0,0.0
LIVE_BELIEF,PERIODIC_ONLY,Q09_HOSTILE,CONTROL_FAILURE,HIGH,12,COMPACT_TYPED,12,1.0,13.0,3.0,3.0,0.0,1.0,3.0,0.0,0.0,0.0,29.91666667,3.0,1.16666667,193.66666667,10.75,0.0,0.0
LIVE_BELIEF,PERIODIC_ONLY,Q09_HOSTILE,CONTROL_FAILURE,HIGH,12,VERBOSE_TYPED,12,1.0,13.0,3.0,3.0,0.0,1.0,3.0,0.0,0.0,0.0,44.16666667,3.0,1.16666667,194.83333333,10.75,0.0,0.0
LIVE_BELIEF,PERIODIC_ONLY,Q09_HOSTILE,CONTROL_FAILURE,LOW,4,COMPACT_TYPED,12,1.0,6.0,2.0,1.0,0.0,1.0,1.0,0.0,0.0,0.0,16.5,1.0,1.0,166.0,5.0,0.0,0.0
LIVE_BELIEF,PERIODIC_ONLY,Q09_HOSTILE,CONTROL_FAILURE,LOW,4,VERBOSE_TYPED,12,1.0,6.0,2.0,1.0,0.0,1.0,1.0,0.0,0.0,0.0,33.0,1.0,1.0,167.0,5.0,0.0,0.0
LIVE_BELIEF,PERIODIC_ONLY,Q09_HOSTILE,CONTROL_FAILURE,LOW,8,COMPACT_TYPED,12,1.0,10.0,2.0,2.0,0.0,1.0,2.0,0.0,0.0,0.0,20.75,2.0,0.0,0.0,12.0,0.0,0.0
LIVE_BELIEF,PERIODIC_ONLY,Q09_HOSTILE,CONTROL_FAILURE,LOW,8,VERBOSE_TYPED,12,1.0,10.0,2.0,2.0,0.0,1.0,2.0,0.0,0.0,0.0,35.0,2.0,0.0,0.0,12.0,0.0,0.0
LIVE_BELIEF,PERIODIC_ONLY,Q09_HOSTILE,CONTROL_FAILURE,LOW,12,COMPACT_TYPED,12,1.0,14.0,2.0,3.0,0.0,1.0,3.0,0.0,0.0,0.0,26.66666667,3.0,0.66666667,110.66666667,13.0,0.0,0.0
LIVE_BELIEF,PERIODIC_ONLY,Q09_HOSTILE,CONTROL_FAILURE,LOW,12,VERBOSE_TYPED,12,1.0,14.0,2.0,3.0,0.0,1.0,3.0,0.0,0.0,0.0,38.66666667,3.0,0.66666667,111.33333333,13.0,0.0,0.0
LIVE_BELIEF,PERIODIC_ONLY,Q09_HOSTILE,POSE_SHIFT,HIGH,4,COMPACT_TYPED,12,0.0,1.0,7.0,1.0,0.0,1.0,1.0,0.0,0.0,0.0,25.0,1.0,1.0,166.0,5.0,0.0,0.0
LIVE_BELIEF,PERIODIC_ONLY,Q09_HOSTILE,POSE_SHIFT,HIGH,4,VERBOSE_TYPED,12,0.0,1.0,7.0,1.0,0.0,1.0,1.0,0.0,0.0,0.0,37.0,1.0,1.0,167.0,5.0,0.0,0.0
LIVE_BELIEF,PERIODIC_ONLY,Q09_HOSTILE,POSE_SHIFT,HIGH,8,COMPACT_TYPED,12,0.0,3.0,9.0,2.0,0.0,1.0,2.0,0.0,0.0,0.0,34.25,2.0,0.0,0.0,12.0,0.0,0.0
LIVE_BELIEF,PERIODIC_ONLY,Q09_HOSTILE,POSE_SHIFT,HIGH,8,VERBOSE_TYPED,12,0.0,3.0,9.0,2.0,0.0,1.0,2.0,0.0,0.0,0.0,47.0,2.0,0.0,0.0,12.0,0.0,0.0
LIVE_BELIEF,PERIODIC_ONLY,Q09_HOSTILE,POSE_SHIFT,HIGH,12,COMPACT_TYPED,12,0.5,9.0,7.0,3.0,0.0,1.0,2.5,0.0,0.0,0.0,37.5,3.0,1.0,161.0,11.5,0.0,0.0
LIVE_BELIEF,PERIODIC_ONLY,Q09_HOSTILE,POSE_SHIFT,HIGH,12,VERBOSE_TYPED,12,0.5,9.0,7.0,3.0,0.0,1.0,2.5,0.0,0.0,0.0,51.0,3.0,1.0,162.0,11.5,0.0,0.0
LIVE_BELIEF,PERIODIC_ONLY,Q09_HOSTILE,POSE_SHIFT,LOW,4,COMPACT_TYPED,12,0.0,1.0,7.0,1.0,0.0,1.0,1.0,0.0,0.0,0.0,25.75,1.0,1.0,166.0,5.0,0.0,0.0
LIVE_BELIEF,PERIODIC_ONLY,Q09_HOSTILE,POSE_SHIFT,LOW,4,VERBOSE_TYPED,12,0.0,1.0,7.0,1.0,0.0,1.0,1.0,0.0,0.0,0.0,40.0,1.0,1.0,167.0,5.0,0.0,0.0
LIVE_BELIEF,PERIODIC_ONLY,Q09_HOSTILE,POSE_SHIFT,LOW,8,COMPACT_TYPED,12,0.0,3.0,9.0,2.0,0.0,1.0,2.0,0.0,0.0,0.0,34.0,2.0,0.0,0.0,12.0,0.0,0.0
LIVE_BELIEF,PERIODIC_ONLY,Q09_HOSTILE,POSE_SHIFT,LOW,8,VERBOSE_TYPED,12,0.0,3.0,9.0,2.0,0.0,1.0,2.0,0.0,0.0,0.0,46.0,2.0,0.0,0.0,12.0,0.0,0.0
LIVE_BELIEF,PERIODIC_ONLY,Q09_HOSTILE,POSE_SHIFT,LOW,12,COMPACT_TYPED,12,0.33333333,7.66666667,8.33333333,3.0,0.0,1.0,2.66666667,0.0,0.0,0.0,39.33333333,3.0,0.66666667,107.33333333,13.0,0.0,0.0
LIVE_BELIEF,PERIODIC_ONLY,Q09_HOSTILE,POSE_SHIFT,LOW,12,VERBOSE_TYPED,12,0.33333333,7.66666667,8.33333333,3.0,0.0,1.0,2.66666667,0.0,0.0,0.0,51.33333333,3.0,0.66666667,108.0,13.0,0.0,0.0
LIVE_BELIEF,PERIODIC_ONLY,Q09_HOSTILE,RESTRICTION_CHANGE,HIGH,4,COMPACT_TYPED,12,0.0,1.0,7.0,1.0,0.0,1.0,1.0,0.0,0.0,0.0,25.25,1.0,1.0,166.0,5.0,0.0,0.0
LIVE_BELIEF,PERIODIC_ONLY,Q09_HOSTILE,RESTRICTION_CHANGE,HIGH,4,VERBOSE_TYPED,12,0.0,1.0,7.0,1.0,0.0,1.0,1.0,0.0,0.0,0.0,38.0,1.0,1.0,167.0,5.0,0.0,0.0
LIVE_BELIEF,PERIODIC_ONLY,Q09_HOSTILE,RESTRICTION_CHANGE,HIGH,8,COMPACT_TYPED,12,0.0,3.0,9.0,2.0,0.0,1.0,2.0,0.0,0.0,0.0,34.5,2.0,0.0,0.0,12.0,0.0,0.0
LIVE_BELIEF,PERIODIC_ONLY,Q09_HOSTILE,RESTRICTION_CHANGE,HIGH,8,VERBOSE_TYPED,12,0.0,3.0,9.0,2.0,0.0,1.0,2.0,0.0,0.0,0.0,48.0,2.0,0.0,0.0,12.0,0.0,0.0
LIVE_BELIEF,PERIODIC_ONLY,Q09_HOSTILE,RESTRICTION_CHANGE,HIGH,12,COMPACT_TYPED,12,0.5,9.0,7.0,3.0,0.0,1.0,2.5,0.5,0.0,0.0,37.5,3.0,1.0,164.0,11.5,0.0,0.0
LIVE_BELIEF,PERIODIC_ONLY,Q09_HOSTILE,RESTRICTION_CHANGE,HIGH,12,VERBOSE_TYPED,12,0.5,9.0,7.0,3.0,0.0,1.0,2.5,0.5,0.0,0.0,51.0,3.0,1.0,165.0,11.5,0.0,0.0
LIVE_BELIEF,PERIODIC_ONLY,Q09_HOSTILE,RESTRICTION_CHANGE,LOW,4,COMPACT_TYPED,12,0.0,1.0,7.0,1.0,0.0,1.0,1.0,0.0,0.0,0.0,26.0,1.0,1.0,166.0,5.0,0.0,0.0
LIVE_BELIEF,PERIODIC_ONLY,Q09_HOSTILE,RESTRICTION_CHANGE,LOW,4,VERBOSE_TYPED,12,0.0,1.0,7.0,1.0,0.0,1.0,1.0,0.0,0.0,0.0,41.0,1.0,1.0,167.0,5.0,0.0,0.0
LIVE_BELIEF,PERIODIC_ONLY,Q09_HOSTILE,RESTRICTION_CHANGE,LOW,8,COMPACT_TYPED,12,0.0,3.0,9.0,2.0,0.0,1.0,2.0,0.0,0.0,0.0,34.25,2.0,0.0,0.0,12.0,0.0,0.0
LIVE_BELIEF,PERIODIC_ONLY,Q09_HOSTILE,RESTRICTION_CHANGE,LOW,8,VERBOSE_TYPED,12,0.0,3.0,9.0,2.0,0.0,1.0,2.0,0.0,0.0,0.0,47.0,2.0,0.0,0.0,12.0,0.0,0.0
LIVE_BELIEF,PERIODIC_ONLY,Q09_HOSTILE,RESTRICTION_CHANGE,LOW,12,COMPACT_TYPED,12,0.41666667,8.33333333,7.66666667,3.0,0.0,1.0,2.58333333,0.41666667,0.0,0.0,38.41666667,3.0,0.83333333,136.66666667,12.25,0.0,0.0
LIVE_BELIEF,PERIODIC_ONLY,Q09_HOSTILE,RESTRICTION_CHANGE,LOW,12,VERBOSE_TYPED,12,0.41666667,8.33333333,7.66666667,3.0,0.0,1.0,2.58333333,0.41666667,0.0,0.0,51.16666667,3.0,0.83333333,137.5,12.25,0.0,0.0
LIVE_EPISODIC,EVENT_DRIVEN,Q00_CLEAN,AVAILABILITY_LOSS,HIGH,4,COMPACT_TYPED,12,1.0,8.0,0.0,1.0,0.0,0.0,0.0,1.0,1.0,1.0,8.0,1.0,1.0,167.0,6.0,1.0,0.0
LIVE_EPISODIC,EVENT_DRIVEN,Q00_CLEAN,AVAILABILITY_LOSS,HIGH,4,VERBOSE_TYPED,12,1.0,8.0,0.0,1.0,0.0,0.0,0.0,1.0,1.0,1.0,11.0,1.0,1.0,168.0,6.0,1.0,0.0
LIVE_EPISODIC,EVENT_DRIVEN,Q00_CLEAN,AVAILABILITY_LOSS,HIGH,8,COMPACT_TYPED,12,1.0,12.0,0.0,1.0,0.0,0.0,0.0,1.0,1.0,1.0,8.0,1.0,1.0,167.0,8.0,1.0,0.0
LIVE_EPISODIC,EVENT_DRIVEN,Q00_CLEAN,AVAILABILITY_LOSS,HIGH,8,VERBOSE_TYPED,12,1.0,12.0,0.0,1.0,0.0,0.0,0.0,1.0,1.0,1.0,11.0,1.0,1.0,168.0,8.0,1.0,0.0
LIVE_EPISODIC,EVENT_DRIVEN,Q00_CLEAN,AVAILABILITY_LOSS,HIGH,12,COMPACT_TYPED,12,1.0,16.0,0.0,1.0,0.0,0.0,0.0,1.0,1.0,1.0,8.0,1.0,1.0,167.0,10.0,1.0,0.0
LIVE_EPISODIC,EVENT_DRIVEN,Q00_CLEAN,AVAILABILITY_LOSS,HIGH,12,VERBOSE_TYPED,12,1.0,16.0,0.0,1.0,0.0,0.0,0.0,1.0,1.0,1.0,11.0,1.0,1.0,168.0,10.0,1.0,0.0
LIVE_EPISODIC,EVENT_DRIVEN,Q00_CLEAN,AVAILABILITY_LOSS,LOW,4,COMPACT_TYPED,12,1.0,8.0,0.0,1.0,0.0,0.0,0.0,1.0,1.0,1.0,8.0,1.0,1.0,167.0,6.0,1.0,0.0
LIVE_EPISODIC,EVENT_DRIVEN,Q00_CLEAN,AVAILABILITY_LOSS,LOW,4,VERBOSE_TYPED,12,1.0,8.0,0.0,1.0,0.0,0.0,0.0,1.0,1.0,1.0,11.0,1.0,1.0,168.0,6.0,1.0,0.0
LIVE_EPISODIC,EVENT_DRIVEN,Q00_CLEAN,AVAILABILITY_LOSS,LOW,8,COMPACT_TYPED,12,1.0,12.0,0.0,1.0,0.0,0.0,0.0,1.0,1.0,1.0,8.0,1.0,1.0,167.0,8.0,1.0,0.0
LIVE_EPISODIC,EVENT_DRIVEN,Q00_CLEAN,AVAILABILITY_LOSS,LOW,8,VERBOSE_TYPED,12,1.0,12.0,0.0,1.0,0.0,0.0,0.0,1.0,1.0,1.0,11.0,1.0,1.0,168.0,8.0,1.0,0.0
LIVE_EPISODIC,EVENT_DRIVEN,Q00_CLEAN,AVAILABILITY_LOSS,LOW,12,COMPACT_TYPED,12,1.0,16.0,0.0,1.0,0.0,0.0,0.0,1.0,1.0,1.0,8.0,1.0,1.0,167.0,10.0,1.0,0.0
LIVE_EPISODIC,EVENT_DRIVEN,Q00_CLEAN,AVAILABILITY_LOSS,LOW,12,VERBOSE_TYPED,12,1.0,16.0,0.0,1.0,0.0,0.0,0.0,1.0,1.0,1.0,11.0,1.0,1.0,168.0,10.0,1.0,0.0
LIVE_EPISODIC,EVENT_DRIVEN,Q00_CLEAN,CONTROL_FAILURE,HIGH,4,COMPACT_TYPED,12,1.0,5.0,3.0,1.0,0.0,0.0,1.0,0.0,1.0,1.0,14.0,1.0,1.0,166.0,6.0,1.0,0.0
LIVE_EPISODIC,EVENT_DRIVEN,Q00_CLEAN,CONTROL_FAILURE,HIGH,4,VERBOSE_TYPED,12,1.0,5.0,3.0,1.0,0.0,0.0,1.0,0.0,1.0,1.0,17.0,1.0,1.0,167.0,6.0,1.0,0.0
LIVE_EPISODIC,EVENT_DRIVEN,Q00_CLEAN,CONTROL_FAILURE,HIGH,8,COMPACT_TYPED,12,1.0,9.0,3.0,1.0,0.0,0.0,1.0,0.0,1.0,1.0,14.0,1.0,1.0,166.0,8.0,1.0,0.0
LIVE_EPISODIC,EVENT_DRIVEN,Q00_CLEAN,CONTROL_FAILURE,HIGH,8,VERBOSE_TYPED,12,1.0,9.0,3.0,1.0,0.0,0.0,1.0,0.0,1.0,1.0,17.0,1.0,1.0,167.0,8.0,1.0,0.0
LIVE_EPISODIC,EVENT_DRIVEN,Q00_CLEAN,CONTROL_FAILURE,HIGH,12,COMPACT_TYPED,12,1.0,13.0,3.0,1.0,0.0,0.0,1.0,0.0,1.0,1.0,14.0,1.0,1.0,166.0,10.0,1.0,0.0
LIVE_EPISODIC,EVENT_DRIVEN,Q00_CLEAN,CONTROL_FAILURE,HIGH,12,VERBOSE_TYPED,12,1.0,13.0,3.0,1.0,0.0,0.0,1.0,0.0,1.0,1.0,17.0,1.0,1.0,167.0,10.0,1.0,0.0
LIVE_EPISODIC,EVENT_DRIVEN,Q00_CLEAN,CONTROL_FAILURE,LOW,4,COMPACT_TYPED,12,1.0,6.0,2.0,1.0,0.0,0.0,1.0,0.0,1.0,1.0,12.0,1.0,1.0,166.0,6.0,1.0,0.0
LIVE_EPISODIC,EVENT_DRIVEN,Q00_CLEAN,CONTROL_FAILURE,LOW,4,VERBOSE_TYPED,12,1.0,6.0,2.0,1.0,0.0,0.0,1.0,0.0,1.0,1.0,15.0,1.0,1.0,167.0,6.0,1.0,0.0
LIVE_EPISODIC,EVENT_DRIVEN,Q00_CLEAN,CONTROL_FAILURE,LOW,8,COMPACT_TYPED,12,1.0,10.0,2.0,1.0,0.0,0.0,1.0,0.0,1.0,1.0,12.0,1.0,1.0,166.0,8.0,1.0,0.0
LIVE_EPISODIC,EVENT_DRIVEN,Q00_CLEAN,CONTROL_FAILURE,LOW,8,VERBOSE_TYPED,12,1.0,10.0,2.0,1.0,0.0,0.0,1.0,0.0,1.0,1.0,15.0,1.0,1.0,167.0,8.0,1.0,0.0
LIVE_EPISODIC,EVENT_DRIVEN,Q00_CLEAN,CONTROL_FAILURE,LOW,12,COMPACT_TYPED,12,1.0,14.0,2.0,1.0,0.0,0.0,1.0,0.0,1.0,1.0,12.0,1.0,1.0,166.0,10.0,1.0,0.0
LIVE_EPISODIC,EVENT_DRIVEN,Q00_CLEAN,CONTROL_FAILURE,LOW,12,VERBOSE_TYPED,12,1.0,14.0,2.0,1.0,0.0,0.0,1.0,0.0,1.0,1.0,15.0,1.0,1.0,167.0,10.0,1.0,0.0
LIVE_EPISODIC,EVENT_DRIVEN,Q00_CLEAN,POSE_SHIFT,HIGH,4,COMPACT_TYPED,12,1.0,8.0,0.0,1.0,0.0,0.0,0.0,0.0,1.0,1.0,8.0,1.0,1.0,161.0,6.0,1.0,0.0
LIVE_EPISODIC,EVENT_DRIVEN,Q00_CLEAN,POSE_SHIFT,HIGH,4,VERBOSE_TYPED,12,1.0,8.0,0.0,1.0,0.0,0.0,0.0,0.0,1.0,1.0,11.0,1.0,1.0,162.0,6.0,1.0,0.0
LIVE_EPISODIC,EVENT_DRIVEN,Q00_CLEAN,POSE_SHIFT,HIGH,8,COMPACT_TYPED,12,1.0,12.0,0.0,1.0,0.0,0.0,0.0,0.0,1.0,1.0,8.0,1.0,1.0,161.0,8.0,1.0,0.0
LIVE_EPISODIC,EVENT_DRIVEN,Q00_CLEAN,POSE_SHIFT,HIGH,8,VERBOSE_TYPED,12,1.0,12.0,0.0,1.0,0.0,0.0,0.0,0.0,1.0,1.0,11.0,1.0,1.0,162.0,8.0,1.0,0.0
LIVE_EPISODIC,EVENT_DRIVEN,Q00_CLEAN,POSE_SHIFT,HIGH,12,COMPACT_TYPED,12,1.0,16.0,0.0,1.0,0.0,0.0,0.0,0.0,1.0,1.0,8.0,1.0,1.0,161.0,10.0,1.0,0.0
LIVE_EPISODIC,EVENT_DRIVEN,Q00_CLEAN,POSE_SHIFT,HIGH,12,VERBOSE_TYPED,12,1.0,16.0,0.0,1.0,0.0,0.0,0.0,0.0,1.0,1.0,11.0,1.0,1.0,162.0,10.0,1.0,0.0
LIVE_EPISODIC,EVENT_DRIVEN,Q00_CLEAN,POSE_SHIFT,LOW,4,COMPACT_TYPED,12,1.0,8.0,0.0,1.0,0.0,0.0,0.0,0.0,1.0,1.0,8.0,1.0,1.0,161.0,6.0,1.0,0.0
LIVE_EPISODIC,EVENT_DRIVEN,Q00_CLEAN,POSE_SHIFT,LOW,4,VERBOSE_TYPED,12,1.0,8.0,0.0,1.0,0.0,0.0,0.0,0.0,1.0,1.0,11.0,1.0,1.0,162.0,6.0,1.0,0.0
LIVE_EPISODIC,EVENT_DRIVEN,Q00_CLEAN,POSE_SHIFT,LOW,8,COMPACT_TYPED,12,1.0,12.0,0.0,1.0,0.0,0.0,0.0,0.0,1.0,1.0,8.0,1.0,1.0,161.0,8.0,1.0,0.0
LIVE_EPISODIC,EVENT_DRIVEN,Q00_CLEAN,POSE_SHIFT,LOW,8,VERBOSE_TYPED,12,1.0,12.0,0.0,1.0,0.0,0.0,0.0,0.0,1.0,1.0,11.0,1.0,1.0,162.0,8.0,1.0,0.0
LIVE_EPISODIC,EVENT_DRIVEN,Q00_CLEAN,POSE_SHIFT,LOW,12,COMPACT_TYPED,12,1.0,16.0,0.0,1.0,0.0,0.0,0.0,0.0,1.0,1.0,8.0,1.0,1.0,161.0,10.0,1.0,0.0
LIVE_EPISODIC,EVENT_DRIVEN,Q00_CLEAN,POSE_SHIFT,LOW,12,VERBOSE_TYPED,12,1.0,16.0,0.0,1.0,0.0,0.0,0.0,0.0,1.0,1.0,11.0,1.0,1.0,162.0,10.0,1.0,0.0
LIVE_EPISODIC,EVENT_DRIVEN,Q00_CLEAN,RESTRICTION_CHANGE,HIGH,4,COMPACT_TYPED,12,1.0,8.0,0.0,1.0,0.0,0.0,0.0,1.0,1.0,1.0,8.0,1.0,1.0,164.0,6.0,1.0,0.0
LIVE_EPISODIC,EVENT_DRIVEN,Q00_CLEAN,RESTRICTION_CHANGE,HIGH,4,VERBOSE_TYPED,12,1.0,8.0,0.0,1.0,0.0,0.0,0.0,1.0,1.0,1.0,11.0,1.0,1.0,165.0,6.0,1.0,0.0
LIVE_EPISODIC,EVENT_DRIVEN,Q00_CLEAN,RESTRICTION_CHANGE,HIGH,8,COMPACT_TYPED,12,1.0,12.0,0.0,1.0,0.0,0.0,0.0,1.0,1.0,1.0,8.0,1.0,1.0,164.0,8.0,1.0,0.0
LIVE_EPISODIC,EVENT_DRIVEN,Q00_CLEAN,RESTRICTION_CHANGE,HIGH,8,VERBOSE_TYPED,12,1.0,12.0,0.0,1.0,0.0,0.0,0.0,1.0,1.0,1.0,11.0,1.0,1.0,165.0,8.0,1.0,0.0
LIVE_EPISODIC,EVENT_DRIVEN,Q00_CLEAN,RESTRICTION_CHANGE,HIGH,12,COMPACT_TYPED,12,1.0,16.0,0.0,1.0,0.0,0.0,0.0,1.0,1.0,1.0,8.0,1.0,1.0,164.0,10.0,1.0,0.0
LIVE_EPISODIC,EVENT_DRIVEN,Q00_CLEAN,RESTRICTION_CHANGE,HIGH,12,VERBOSE_TYPED,12,1.0,16.0,0.0,1.0,0.0,0.0,0.0,1.0,1.0,1.0,11.0,1.0,1.0,165.0,10.0,1.0,0.0
LIVE_EPISODIC,EVENT_DRIVEN,Q00_CLEAN,RESTRICTION_CHANGE,LOW,4,COMPACT_TYPED,12,1.0,8.0,0.0,1.0,0.0,0.0,0.0,1.0,1.0,1.0,8.0,1.0,1.0,164.0,6.0,1.0,0.0
LIVE_EPISODIC,EVENT_DRIVEN,Q00_CLEAN,RESTRICTION_CHANGE,LOW,4,VERBOSE_TYPED,12,1.0,8.0,0.0,1.0,0.0,0.0,0.0,1.0,1.0,1.0,11.0,1.0,1.0,165.0,6.0,1.0,0.0
LIVE_EPISODIC,EVENT_DRIVEN,Q00_CLEAN,RESTRICTION_CHANGE,LOW,8,COMPACT_TYPED,12,1.0,12.0,0.0,1.0,0.0,0.0,0.0,1.0,1.0,1.0,8.0,1.0,1.0,164.0,8.0,1.0,0.0
LIVE_EPISODIC,EVENT_DRIVEN,Q00_CLEAN,RESTRICTION_CHANGE,LOW,8,VERBOSE_TYPED,12,1.0,12.0,0.0,1.0,0.0,0.0,0.0,1.0,1.0,1.0,11.0,1.0,1.0,165.0,8.0,1.0,0.0
LIVE_EPISODIC,EVENT_DRIVEN,Q00_CLEAN,RESTRICTION_CHANGE,LOW,12,COMPACT_TYPED,12,1.0,16.0,0.0,1.0,0.0,0.0,0.0,1.0,1.0,1.0,8.0,1.0,1.0,164.0,10.0,1.0,0.0
LIVE_EPISODIC,EVENT_DRIVEN,Q00_CLEAN,RESTRICTION_CHANGE,LOW,12,VERBOSE_TYPED,12,1.0,16.0,0.0,1.0,0.0,0.0,0.0,1.0,1.0,1.0,11.0,1.0,1.0,165.0,10.0,1.0,0.0
LIVE_EPISODIC,EVENT_DRIVEN,Q01_RECALL75,AVAILABILITY_LOSS,HIGH,4,COMPACT_TYPED,12,0.58333333,5.08333333,2.91666667,0.58333333,0.0,0.41666667,0.0,0.58333333,0.58333333,0.58333333,10.5,0.58333333,0.58333333,97.41666667,6.83333333,0.58333333,0.0
LIVE_EPISODIC,EVENT_DRIVEN,Q01_RECALL75,AVAILABILITY_LOSS,HIGH,4,VERBOSE_TYPED,12,0.58333333,5.08333333,2.91666667,0.58333333,0.0,0.41666667,0.0,0.58333333,0.58333333,0.58333333,12.25,0.58333333,0.58333333,98.0,6.83333333,0.58333333,0.0
LIVE_EPISODIC,EVENT_DRIVEN,Q01_RECALL75,AVAILABILITY_LOSS,HIGH,8,COMPACT_TYPED,12,0.83333333,10.5,1.5,0.83333333,0.0,0.16666667,0.0,0.83333333,0.83333333,0.83333333,9.66666667,0.83333333,0.83333333,139.16666667,8.66666667,0.83333333,0.0
LIVE_EPISODIC,EVENT_DRIVEN,Q01_RECALL75,AVAILABILITY_LOSS,HIGH,8,VERBOSE_TYPED,12,0.83333333,10.5,1.5,0.83333333,0.0,0.16666667,0.0,0.83333333,0.83333333,0.83333333,12.16666667,0.83333333,0.83333333,140.0,8.66666667,0.83333333,0.0
LIVE_EPISODIC,EVENT_DRIVEN,Q01_RECALL75,AVAILABILITY_LOSS,HIGH,12,COMPACT_TYPED,12,0.66666667,12.33333333,3.66666667,0.66666667,0.0,0.33333333,0.0,0.66666667,0.66666667,0.66666667,12.66666667,0.66666667,0.66666667,111.33333333,12.0,0.66666667,0.0
LIVE_EPISODIC,EVENT_DRIVEN,Q01_RECALL75,AVAILABILITY_LOSS,HIGH,12,VERBOSE_TYPED,12,0.66666667,12.33333333,3.66666667,0.66666667,0.0,0.33333333,0.0,0.66666667,0.66666667,0.66666667,14.66666667,0.66666667,0.66666667,112.0,12.0,0.66666667,0.0
LIVE_EPISODIC,EVENT_DRIVEN,Q01_RECALL75,AVAILABILITY_LOSS,LOW,4,COMPACT_TYPED,12,0.66666667,5.66666667,2.33333333,0.66666667,0.0,0.33333333,0.0,0.66666667,0.66666667,0.66666667,10.0,0.66666667,0.66666667,111.33333333,6.66666667,0.66666667,0.0
LIVE_EPISODIC,EVENT_DRIVEN,Q01_RECALL75,AVAILABILITY_LOSS,LOW,4,VERBOSE_TYPED,12,0.66666667,5.66666667,2.33333333,0.66666667,0.0,0.33333333,0.0,0.66666667,0.66666667,0.66666667,12.0,0.66666667,0.66666667,112.0,6.66666667,0.66666667,0.0
LIVE_EPISODIC,EVENT_DRIVEN,Q01_RECALL75,AVAILABILITY_LOSS,LOW,8,COMPACT_TYPED,12,0.83333333,10.5,1.5,0.83333333,0.0,0.16666667,0.0,0.83333333,0.83333333,0.83333333,9.66666667,0.83333333,0.83333333,139.16666667,8.66666667,0.83333333,0.0
LIVE_EPISODIC,EVENT_DRIVEN,Q01_RECALL75,AVAILABILITY_LOSS,LOW,8,VERBOSE_TYPED,12,0.83333333,10.5,1.5,0.83333333,0.0,0.16666667,0.0,0.83333333,0.83333333,0.83333333,12.16666667,0.83333333,0.83333333,140.0,8.66666667,0.83333333,0.0
LIVE_EPISODIC,EVENT_DRIVEN,Q01_RECALL75,AVAILABILITY_LOSS,LOW,12,COMPACT_TYPED,12,0.83333333,14.16666667,1.83333333,0.83333333,0.0,0.16666667,0.0,0.83333333,0.83333333,0.83333333,10.33333333,0.83333333,0.83333333,139.16666667,11.0,0.83333333,0.0
LIVE_EPISODIC,EVENT_DRIVEN,Q01_RECALL75,AVAILABILITY_LOSS,LOW,12,VERBOSE_TYPED,12,0.83333333,14.16666667,1.83333333,0.83333333,0.0,0.16666667,0.0,0.83333333,0.83333333,0.83333333,12.83333333,0.83333333,0.83333333,140.0,11.0,0.83333333,0.0
LIVE_EPISODIC,EVENT_DRIVEN,Q01_RECALL75,CONTROL_FAILURE,HIGH,4,COMPACT_TYPED,12,1.0,5.0,3.0,0.66666667,0.0,0.33333333,0.66666667,0.0,0.66666667,0.66666667,11.33333333,0.66666667,0.66666667,110.66666667,6.66666667,0.66666667,0.0
LIVE_EPISODIC,EVENT_DRIVEN,Q01_RECALL75,CONTROL_FAILURE,HIGH,4,VERBOSE_TYPED,12,1.0,5.0,3.0,0.66666667,0.0,0.33333333,0.66666667,0.0,0.66666667,0.66666667,13.33333333,0.66666667,0.66666667,111.33333333,6.66666667,0.66666667,0.0
LIVE_EPISODIC,EVENT_DRIVEN,Q01_RECALL75,CONTROL_FAILURE,HIGH,8,COMPACT_TYPED,12,1.0,9.0,3.0,0.58333333,0.0,0.41666667,0.58333333,0.0,0.58333333,0.58333333,10.66666667,0.58333333,0.58333333,96.83333333,9.66666667,0.58333333,0.0
LIVE_EPISODIC,EVENT_DRIVEN,Q01_RECALL75,CONTROL_FAILURE,HIGH,8,VERBOSE_TYPED,12,1.0,9.0,3.0,0.58333333,0.0,0.41666667,0.58333333,0.0,0.58333333,0.58333333,12.41666667,0.58333333,0.58333333,97.41666667,9.66666667,0.58333333,0.0
LIVE_EPISODIC,EVENT_DRIVEN,Q01_RECALL75,CONTROL_FAILURE,HIGH,12,COMPACT_TYPED,12,1.0,13.0,3.0,0.83333333,0.0,0.16666667,0.83333333,0.0,0.83333333,0.83333333,12.66666667,0.83333333,0.83333333,138.33333333,11.0,0.83333333,0.0
LIVE_EPISODIC,EVENT_DRIVEN,Q01_RECALL75,CONTROL_FAILURE,HIGH,12,VERBOSE_TYPED,12,1.0,13.0,3.0,0.83333333,0.0,0.16666667,0.83333333,0.0,0.83333333,0.83333333,15.16666667,0.83333333,0.83333333,139.16666667,11.0,0.83333333,0.0
LIVE_EPISODIC,EVENT_DRIVEN,Q01_RECALL75,CONTROL_FAILURE,LOW,4,COMPACT_TYPED,12,1.0,6.0,2.0,0.91666667,0.0,0.08333333,0.91666667,0.0,0.91666667,0.91666667,11.33333333,0.91666667,0.91666667,152.16666667,6.16666667,0.91666667,0.0
LIVE_EPISODIC,EVENT_DRIVEN,Q01_RECALL75,CONTROL_FAILURE,LOW,4,VERBOSE_TYPED,12,1.0,6.0,2.0,0.91666667,0.0,0.08333333,0.91666667,0.0,0.91666667,0.91666667,14.08333333,0.91666667,0.91666667,153.08333333,6.16666667,0.91666667,0.0
LIVE_EPISODIC,EVENT_DRIVEN,Q01_RECALL75,CONTROL_FAILURE,LOW,8,COMPACT_TYPED,12,1.0,10.0,2.0,0.66666667,0.0,0.33333333,0.66666667,0.0,0.66666667,0.66666667,9.33333333,0.66666667,0.66666667,110.66666667,9.33333333,0.66666667,0.0
LIVE_EPISODIC,EVENT_DRIVEN,Q01_RECALL75,CONTROL_FAILURE,LOW,8,VERBOSE_TYPED,12,1.0,10.0,2.0,0.66666667,0.0,0.33333333,0.66666667,0.0,0.66666667,0.66666667,11.33333333,0.66666667,0.66666667,111.33333333,9.33333333,0.66666667,0.0
LIVE_EPISODIC,EVENT_DRIVEN,Q01_RECALL75,CONTROL_FAILURE,LOW,12,COMPACT_TYPED,12,1.0,14.0,2.0,0.83333333,0.0,0.16666667,0.83333333,0.0,0.83333333,0.83333333,10.66666667,0.83333333,0.83333333,138.33333333,11.0,0.83333333,0.0
LIVE_EPISODIC,EVENT_DRIVEN,Q01_RECALL75,CONTROL_FAILURE,LOW,12,VERBOSE_TYPED,12,1.0,14.0,2.0,0.83333333,0.0,0.16666667,0.83333333,0.0,0.83333333,0.83333333,13.16666667,0.83333333,0.83333333,139.16666667,11.0,0.83333333,0.0
LIVE_EPISODIC,EVENT_DRIVEN,Q01_RECALL75,POSE_SHIFT,HIGH,4,COMPACT_TYPED,12,0.66666667,5.66666667,2.33333333,0.66666667,0.0,0.33333333,0.0,0.0,0.66666667,0.66666667,10.0,0.66666667,0.66666667,107.33333333,6.66666667,0.66666667,0.0
LIVE_EPISODIC,EVENT_DRIVEN,Q01_RECALL75,POSE_SHIFT,HIGH,4,VERBOSE_TYPED,12,0.66666667,5.66666667,2.33333333,0.66666667,0.0,0.33333333,0.0,0.0,0.66666667,0.66666667,12.0,0.66666667,0.66666667,108.0,6.66666667,0.66666667,0.0
LIVE_EPISODIC,EVENT_DRIVEN,Q01_RECALL75,POSE_SHIFT,HIGH,8,COMPACT_TYPED,12,0.41666667,6.75,5.25,0.41666667,0.0,0.58333333,0.0,0.0,0.41666667,0.41666667,13.83333333,0.41666667,0.41666667,67.08333333,10.33333333,0.41666667,0.0
LIVE_EPISODIC,EVENT_DRIVEN,Q01_RECALL75,POSE_SHIFT,HIGH,8,VERBOSE_TYPED,12,0.41666667,6.75,5.25,0.41666667,0.0,0.58333333,0.0,0.0,0.41666667,0.41666667,15.08333333,0.41666667,0.41666667,67.5,10.33333333,0.41666667,0.0
LIVE_EPISODIC,EVENT_DRIVEN,Q01_RECALL75,POSE_SHIFT,HIGH,12,COMPACT_TYPED,12,0.66666667,12.33333333,3.66666667,0.66666667,0.0,0.33333333,0.0,0.0,0.66666667,0.66666667,12.66666667,0.66666667,0.66666667,107.33333333,12.0,0.66666667,0.0
LIVE_EPISODIC,EVENT_DRIVEN,Q01_RECALL75,POSE_SHIFT,HIGH,12,VERBOSE_TYPED,12,0.66666667,12.33333333,3.66666667,0.66666667,0.0,0.33333333,0.0,0.0,0.66666667,0.66666667,14.66666667,0.66666667,0.66666667,108.0,12.0,0.66666667,0.0
LIVE_EPISODIC,EVENT_DRIVEN,Q01_RECALL75,POSE_SHIFT,LOW,4,COMPACT_TYPED,12,0.66666667,5.66666667,2.33333333,0.66666667,0.0,0.33333333,0.0,0.0,0.66666667,0.66666667,10.0,0.66666667,0.66666667,107.33333333,6.66666667,0.66666667,0.0
LIVE_EPISODIC,EVENT_DRIVEN,Q01_RECALL75,POSE_SHIFT,LOW,4,VERBOSE_TYPED,12,0.66666667,5.66666667,2.33333333,0.66666667,0.0,0.33333333,0.0,0.0,0.66666667,0.66666667,12.0,0.66666667,0.66666667,108.0,6.66666667,0.66666667,0.0
LIVE_EPISODIC,EVENT_DRIVEN,Q01_RECALL75,POSE_SHIFT,LOW,8,COMPACT_TYPED,12,0.58333333,8.25,3.75,0.58333333,0.0,0.41666667,0.0,0.0,0.58333333,0.58333333,12.16666667,0.58333333,0.58333333,93.91666667,9.66666667,0.58333333,0.0
LIVE_EPISODIC,EVENT_DRIVEN,Q01_RECALL75,POSE_SHIFT,LOW,8,VERBOSE_TYPED,12,0.58333333,8.25,3.75,0.58333333,0.0,0.41666667,0.0,0.0,0.58333333,0.58333333,13.91666667,0.58333333,0.58333333,94.5,9.66666667,0.58333333,0.0
LIVE_EPISODIC,EVENT_DRIVEN,Q01_RECALL75,POSE_SHIFT,LOW,12,COMPACT_TYPED,12,0.66666667,12.33333333,3.66666667,0.66666667,0.0,0.33333333,0.0,0.0,0.66666667,0.66666667,12.66666667,0.66666667,0.66666667,107.33333333,12.0,0.66666667,0.0
LIVE_EPISODIC,EVENT_DRIVEN,Q01_RECALL75,POSE_SHIFT,LOW,12,VERBOSE_TYPED,12,0.66666667,12.33333333,3.66666667,0.66666667,0.0,0.33333333,0.0,0.0,0.66666667,0.66666667,14.66666667,0.66666667,0.66666667,108.0,12.0,0.66666667,0.0
LIVE_EPISODIC,EVENT_DRIVEN,Q01_RECALL75,RESTRICTION_CHANGE,HIGH,4,COMPACT_TYPED,12,0.75,6.25,1.75,0.75,0.0,0.25,0.0,0.75,0.75,0.75,9.5,0.75,0.75,123.0,6.5,0.75,0.0
LIVE_EPISODIC,EVENT_DRIVEN,Q01_RECALL75,RESTRICTION_CHANGE,HIGH,4,VERBOSE_TYPED,12,0.75,6.25,1.75,0.75,0.0,0.25,0.0,0.75,0.75,0.75,11.75,0.75,0.75,123.75,6.5,0.75,0.0
LIVE_EPISODIC,EVENT_DRIVEN,Q01_RECALL75,RESTRICTION_CHANGE,HIGH,8,COMPACT_TYPED,12,0.75,9.75,2.25,0.75,0.0,0.25,0.0,0.75,0.75,0.75,10.5,0.75,0.75,123.0,9.0,0.75,0.0
LIVE_EPISODIC,EVENT_DRIVEN,Q01_RECALL75,RESTRICTION_CHANGE,HIGH,8,VERBOSE_TYPED,12,0.75,9.75,2.25,0.75,0.0,0.25,0.0,0.75,0.75,0.75,12.75,0.75,0.75,123.75,9.0,0.75,0.0
LIVE_EPISODIC,EVENT_DRIVEN,Q01_RECALL75,RESTRICTION_CHANGE,HIGH,12,COMPACT_TYPED,12,0.83333333,14.16666667,1.83333333,0.83333333,0.0,0.16666667,0.0,0.83333333,0.83333333,0.83333333,10.33333333,0.83333333,0.83333333,136.66666667,11.0,0.83333333,0.0
LIVE_EPISODIC,EVENT_DRIVEN,Q01_RECALL75,RESTRICTION_CHANGE,HIGH,12,VERBOSE_TYPED,12,0.83333333,14.16666667,1.83333333,0.83333333,0.0,0.16666667,0.0,0.83333333,0.83333333,0.83333333,12.83333333,0.83333333,0.83333333,137.5,11.0,0.83333333,0.0
LIVE_EPISODIC,EVENT_DRIVEN,Q01_RECALL75,RESTRICTION_CHANGE,LOW,4,COMPACT_TYPED,12,0.83333333,6.83333333,1.16666667,0.83333333,0.0,0.16666667,0.0,0.83333333,0.83333333,0.83333333,9.0,0.83333333,0.83333333,136.66666667,6.33333333,0.83333333,0.0
LIVE_EPISODIC,EVENT_DRIVEN,Q01_RECALL75,RESTRICTION_CHANGE,LOW,4,VERBOSE_TYPED,12,0.83333333,6.83333333,1.16666667,0.83333333,0.0,0.16666667,0.0,0.83333333,0.83333333,0.83333333,11.5,0.83333333,0.83333333,137.5,6.33333333,0.83333333,0.0
LIVE_EPISODIC,EVENT_DRIVEN,Q01_RECALL75,RESTRICTION_CHANGE,LOW,8,COMPACT_TYPED,12,0.75,9.75,2.25,0.75,0.0,0.25,0.0,0.75,0.75,0.75,10.5,0.75,0.75,123.0,9.0,0.75,0.0
LIVE_EPISODIC,EVENT_DRIVEN,Q01_RECALL75,RESTRICTION_CHANGE,LOW,8,VERBOSE_TYPED,12,0.75,9.75,2.25,0.75,0.0,0.25,0.0,0.75,0.75,0.75,12.75,0.75,0.75,123.75,9.0,0.75,0.0
LIVE_EPISODIC,EVENT_DRIVEN,Q01_RECALL75,RESTRICTION_CHANGE,LOW,12,COMPACT_TYPED,12,0.75,13.25,2.75,0.75,0.0,0.25,0.0,0.75,0.75,0.75,11.5,0.75,0.75,123.0,11.5,0.75,0.0
LIVE_EPISODIC,EVENT_DRIVEN,Q01_RECALL75,RESTRICTION_CHANGE,LOW,12,VERBOSE_TYPED,12,0.75,13.25,2.75,0.75,0.0,0.25,0.0,0.75,0.75,0.75,13.75,0.75,0.75,123.75,11.5,0.75,0.0
LIVE_EPISODIC,EVENT_DRIVEN,Q02_RECALL50,AVAILABILITY_LOSS,HIGH,4,COMPACT_TYPED,12,0.5,4.5,3.5,0.5,0.0,0.5,0.0,0.5,0.5,0.5,11.0,0.5,0.5,83.5,7.0,0.5,0.0
LIVE_EPISODIC,EVENT_DRIVEN,Q02_RECALL50,AVAILABILITY_LOSS,HIGH,4,VERBOSE_TYPED,12,0.5,4.5,3.5,0.5,0.0,0.5,0.0,0.5,0.5,0.5,12.5,0.5,0.5,84.0,7.0,0.5,0.0
LIVE_EPISODIC,EVENT_DRIVEN,Q02_RECALL50,AVAILABILITY_LOSS,HIGH,8,COMPACT_TYPED,12,0.66666667,9.0,3.0,0.66666667,0.0,0.33333333,0.0,0.66666667,0.66666667,0.66666667,11.33333333,0.66666667,0.66666667,111.33333333,9.33333333,0.66666667,0.0
LIVE_EPISODIC,EVENT_DRIVEN,Q02_RECALL50,AVAILABILITY_LOSS,HIGH,8,VERBOSE_TYPED,12,0.66666667,9.0,3.0,0.66666667,0.0,0.33333333,0.0,0.66666667,0.66666667,0.66666667,13.33333333,0.66666667,0.66666667,112.0,9.33333333,0.66666667,0.0
LIVE_EPISODIC,EVENT_DRIVEN,Q02_RECALL50,AVAILABILITY_LOSS,HIGH,12,COMPACT_TYPED,12,0.41666667,9.58333333,6.41666667,0.41666667,0.0,0.58333333,0.0,0.41666667,0.41666667,0.41666667,16.16666667,0.41666667,0.41666667,69.58333333,13.5,0.41666667,0.0
LIVE_EPISODIC,EVENT_DRIVEN,Q02_RECALL50,AVAILABILITY_LOSS,HIGH,12,VERBOSE_TYPED,12,0.41666667,9.58333333,6.41666667,0.41666667,0.0,0.58333333,0.0,0.41666667,0.41666667,0.41666667,17.41666667,0.41666667,0.41666667,70.0,13.5,0.41666667,0.0
LIVE_EPISODIC,EVENT_DRIVEN,Q02_RECALL50,AVAILABILITY_LOSS,LOW,4,COMPACT_TYPED,12,0.33333333,3.33333333,4.66666667,0.33333333,0.0,0.66666667,0.0,0.33333333,0.33333333,0.33333333,12.0,0.33333333,0.33333333,55.66666667,7.33333333,0.33333333,0.0
LIVE_EPISODIC,EVENT_DRIVEN,Q02_RECALL50,AVAILABILITY_LOSS,LOW,4,VERBOSE_TYPED,12,0.33333333,3.33333333,4.66666667,0.33333333,0.0,0.66666667,0.0,0.33333333,0.33333333,0.33333333,13.0,0.33333333,0.33333333,56.0,7.33333333,0.33333333,0.0
LIVE_EPISODIC,EVENT_DRIVEN,Q02_RECALL50,AVAILABILITY_LOSS,LOW,8,COMPACT_TYPED,12,0.58333333,8.25,3.75,0.58333333,0.0,0.41666667,0.0,0.58333333,0.58333333,0.58333333,12.16666667,0.58333333,0.58333333,97.41666667,9.66666667,0.58333333,0.0
LIVE_EPISODIC,EVENT_DRIVEN,Q02_RECALL50,AVAILABILITY_LOSS,LOW,8,VERBOSE_TYPED,12,0.58333333,8.25,3.75,0.58333333,0.0,0.41666667,0.0,0.58333333,0.58333333,0.58333333,13.91666667,0.58333333,0.58333333,98.0,9.66666667,0.58333333,0.0
LIVE_EPISODIC,EVENT_DRIVEN,Q02_RECALL50,AVAILABILITY_LOSS,LOW,12,COMPACT_TYPED,12,0.66666667,12.33333333,3.66666667,0.66666667,0.0,0.33333333,0.0,0.66666667,0.66666667,0.66666667,12.66666667,0.66666667,0.66666667,111.33333333,12.0,0.66666667,0.0
LIVE_EPISODIC,EVENT_DRIVEN,Q02_RECALL50,AVAILABILITY_LOSS,LOW,12,VERBOSE_TYPED,12,0.66666667,12.33333333,3.66666667,0.66666667,0.0,0.33333333,0.0,0.66666667,0.66666667,0.66666667,14.66666667,0.66666667,0.66666667,112.0,12.0,0.66666667,0.0
LIVE_EPISODIC,EVENT_DRIVEN,Q02_RECALL50,CONTROL_FAILURE,HIGH,4,COMPACT_TYPED,12,1.0,5.0,3.0,0.5,0.0,0.5,0.5,0.0,0.5,0.5,10.0,0.5,0.5,83.0,7.0,0.5,0.0
LIVE_EPISODIC,EVENT_DRIVEN,Q02_RECALL50,CONTROL_FAILURE,HIGH,4,VERBOSE_TYPED,12,1.0,5.0,3.0,0.5,0.0,0.5,0.5,0.0,0.5,0.5,11.5,0.5,0.5,83.5,7.0,0.5,0.0
LIVE_EPISODIC,EVENT_DRIVEN,Q02_RECALL50,CONTROL_FAILURE,HIGH,8,COMPACT_TYPED,12,1.0,9.0,3.0,0.41666667,0.0,0.58333333,0.41666667,0.0,0.41666667,0.41666667,9.33333333,0.41666667,0.41666667,69.16666667,10.33333333,0.41666667,0.0
LIVE_EPISODIC,EVENT_DRIVEN,Q02_RECALL50,CONTROL_FAILURE,HIGH,8,VERBOSE_TYPED,12,1.0,9.0,3.0,0.41666667,0.0,0.58333333,0.41666667,0.0,0.41666667,0.41666667,10.58333333,0.41666667,0.41666667,69.58333333,10.33333333,0.41666667,0.0
LIVE_EPISODIC,EVENT_DRIVEN,Q02_RECALL50,CONTROL_FAILURE,HIGH,12,COMPACT_TYPED,12,1.0,13.0,3.0,0.58333333,0.0,0.41666667,0.58333333,0.0,0.58333333,0.58333333,10.66666667,0.58333333,0.58333333,96.83333333,12.5,0.58333333,0.0
LIVE_EPISODIC,EVENT_DRIVEN,Q02_RECALL50,CONTROL_FAILURE,HIGH,12,VERBOSE_TYPED,12,1.0,13.0,3.0,0.58333333,0.0,0.41666667,0.58333333,0.0,0.58333333,0.58333333,12.41666667,0.58333333,0.58333333,97.41666667,12.5,0.58333333,0.0
LIVE_EPISODIC,EVENT_DRIVEN,Q02_RECALL50,CONTROL_FAILURE,LOW,4,COMPACT_TYPED,12,1.0,6.0,2.0,0.83333333,0.0,0.16666667,0.83333333,0.0,0.83333333,0.83333333,10.66666667,0.83333333,0.83333333,138.33333333,6.33333333,0.83333333,0.0
LIVE_EPISODIC,EVENT_DRIVEN,Q02_RECALL50,CONTROL_FAILURE,LOW,4,VERBOSE_TYPED,12,1.0,6.0,2.0,0.83333333,0.0,0.16666667,0.83333333,0.0,0.83333333,0.83333333,13.16666667,0.83333333,0.83333333,139.16666667,6.33333333,0.83333333,0.0
LIVE_EPISODIC,EVENT_DRIVEN,Q02_RECALL50,CONTROL_FAILURE,LOW,8,COMPACT_TYPED,12,1.0,10.0,2.0,0.58333333,0.0,0.41666667,0.58333333,0.0,0.58333333,0.58333333,8.66666667,0.58333333,0.58333333,96.83333333,9.66666667,0.58333333,0.0
LIVE_EPISODIC,EVENT_DRIVEN,Q02_RECALL50,CONTROL_FAILURE,LOW,8,VERBOSE_TYPED,12,1.0,10.0,2.0,0.58333333,0.0,0.41666667,0.58333333,0.0,0.58333333,0.58333333,10.41666667,0.58333333,0.58333333,97.41666667,9.66666667,0.58333333,0.0
LIVE_EPISODIC,EVENT_DRIVEN,Q02_RECALL50,CONTROL_FAILURE,LOW,12,COMPACT_TYPED,12,1.0,14.0,2.0,0.33333333,0.0,0.66666667,0.33333333,0.0,0.33333333,0.33333333,6.66666667,0.33333333,0.33333333,55.33333333,14.0,0.33333333,0.0
LIVE_EPISODIC,EVENT_DRIVEN,Q02_RECALL50,CONTROL_FAILURE,LOW,12,VERBOSE_TYPED,12,1.0,14.0,2.0,0.33333333,0.0,0.66666667,0.33333333,0.0,0.33333333,0.33333333,7.66666667,0.33333333,0.33333333,55.66666667,14.0,0.33333333,0.0
LIVE_EPISODIC,EVENT_DRIVEN,Q02_RECALL50,POSE_SHIFT,HIGH,4,COMPACT_TYPED,12,0.33333333,3.33333333,4.66666667,0.33333333,0.0,0.66666667,0.0,0.0,0.33333333,0.33333333,12.0,0.33333333,0.33333333,53.66666667,7.33333333,0.33333333,0.0
LIVE_EPISODIC,EVENT_DRIVEN,Q02_RECALL50,POSE_SHIFT,HIGH,4,VERBOSE_TYPED,12,0.33333333,3.33333333,4.66666667,0.33333333,0.0,0.66666667,0.0,0.0,0.33333333,0.33333333,13.0,0.33333333,0.33333333,54.0,7.33333333,0.33333333,0.0
LIVE_EPISODIC,EVENT_DRIVEN,Q02_RECALL50,POSE_SHIFT,HIGH,8,COMPACT_TYPED,12,0.41666667,6.75,5.25,0.41666667,0.0,0.58333333,0.0,0.0,0.41666667,0.41666667,13.83333333,0.41666667,0.41666667,67.08333333,10.33333333,0.41666667,0.0
LIVE_EPISODIC,EVENT_DRIVEN,Q02_RECALL50,POSE_SHIFT,HIGH,8,VERBOSE_TYPED,12,0.41666667,6.75,5.25,0.41666667,0.0,0.58333333,0.0,0.0,0.41666667,0.41666667,15.08333333,0.41666667,0.41666667,67.5,10.33333333,0.41666667,0.0
LIVE_EPISODIC,EVENT_DRIVEN,Q02_RECALL50,POSE_SHIFT,HIGH,12,COMPACT_TYPED,12,0.5,10.5,5.5,0.5,0.0,0.5,0.0,0.0,0.5,0.5,15.0,0.5,0.5,80.5,13.0,0.5,0.0
LIVE_EPISODIC,EVENT_DRIVEN,Q02_RECALL50,POSE_SHIFT,HIGH,12,VERBOSE_TYPED,12,0.5,10.5,5.5,0.5,0.0,0.5,0.0,0.0,0.5,0.5,16.5,0.5,0.5,81.0,13.0,0.5,0.0
LIVE_EPISODIC,EVENT_DRIVEN,Q02_RECALL50,POSE_SHIFT,LOW,4,COMPACT_TYPED,12,0.58333333,5.08333333,2.91666667,0.58333333,0.0,0.41666667,0.0,0.0,0.58333333,0.58333333,10.5,0.58333333,0.58333333,93.91666667,6.83333333,0.58333333,0.0
LIVE_EPISODIC,EVENT_DRIVEN,Q02_RECALL50,POSE_SHIFT,LOW,4,VERBOSE_TYPED,12,0.58333333,5.08333333,2.91666667,0.58333333,0.0,0.41666667,0.0,0.0,0.58333333,0.58333333,12.25,0.58333333,0.58333333,94.5,6.83333333,0.58333333,0.0
LIVE_EPISODIC,EVENT_DRIVEN,Q02_RECALL50,POSE_SHIFT,LOW,8,COMPACT_TYPED,12,0.33333333,6.0,6.0,0.33333333,0.0,0.66666667,0.0,0.0,0.33333333,0.33333333,14.66666667,0.33333333,0.33333333,53.66666667,10.66666667,0.33333333,0.0
LIVE_EPISODIC,EVENT_DRIVEN,Q02_RECALL50,POSE_SHIFT,LOW,8,VERBOSE_TYPED,12,0.33333333,6.0,6.0,0.33333333,0.0,0.66666667,0.0,0.0,0.33333333,0.33333333,15.66666667,0.33333333,0.33333333,54.0,10.66666667,0.33333333,0.0
LIVE_EPISODIC,EVENT_DRIVEN,Q02_RECALL50,POSE_SHIFT,LOW,12,COMPACT_TYPED,12,0.33333333,8.66666667,7.33333333,0.33333333,0.0,0.66666667,0.0,0.0,0.33333333,0.33333333,17.33333333,0.33333333,0.33333333,53.66666667,14.0,0.33333333,0.0
LIVE_EPISODIC,EVENT_DRIVEN,Q02_RECALL50,POSE_SHIFT,LOW,12,VERBOSE_TYPED,12,0.33333333,8.66666667,7.33333333,0.33333333,0.0,0.66666667,0.0,0.0,0.33333333,0.33333333,18.33333333,0.33333333,0.33333333,54.0,14.0,0.33333333,0.0
LIVE_EPISODIC,EVENT_DRIVEN,Q02_RECALL50,RESTRICTION_CHANGE,HIGH,4,COMPACT_TYPED,12,0.41666667,3.91666667,4.08333333,0.41666667,0.0,0.58333333,0.0,0.41666667,0.41666667,0.41666667,11.5,0.41666667,0.41666667,68.33333333,7.16666667,0.41666667,0.0
LIVE_EPISODIC,EVENT_DRIVEN,Q02_RECALL50,RESTRICTION_CHANGE,HIGH,4,VERBOSE_TYPED,12,0.41666667,3.91666667,4.08333333,0.41666667,0.0,0.58333333,0.0,0.41666667,0.41666667,0.41666667,12.75,0.41666667,0.41666667,68.75,7.16666667,0.41666667,0.0
LIVE_EPISODIC,EVENT_DRIVEN,Q02_RECALL50,RESTRICTION_CHANGE,HIGH,8,COMPACT_TYPED,12,0.5,7.5,4.5,0.5,0.0,0.5,0.0,0.5,0.5,0.5,13.0,0.5,0.5,82.0,10.0,0.5,0.0
LIVE_EPISODIC,EVENT_DRIVEN,Q02_RECALL50,RESTRICTION_CHANGE,HIGH,8,VERBOSE_TYPED,12,0.5,7.5,4.5,0.5,0.0,0.5,0.0,0.5,0.5,0.5,14.5,0.5,0.5,82.5,10.0,0.5,0.0
LIVE_EPISODIC,EVENT_DRIVEN,Q02_RECALL50,RESTRICTION_CHANGE,HIGH,12,COMPACT_TYPED,12,0.5,10.5,5.5,0.5,0.0,0.5,0.0,0.5,0.5,0.5,15.0,0.5,0.5,82.0,13.0,0.5,0.0
LIVE_EPISODIC,EVENT_DRIVEN,Q02_RECALL50,RESTRICTION_CHANGE,HIGH,12,VERBOSE_TYPED,12,0.5,10.5,5.5,0.5,0.0,0.5,0.0,0.5,0.5,0.5,16.5,0.5,0.5,82.5,13.0,0.5,0.0
LIVE_EPISODIC,EVENT_DRIVEN,Q02_RECALL50,RESTRICTION_CHANGE,LOW,4,COMPACT_TYPED,12,0.66666667,5.66666667,2.33333333,0.66666667,0.0,0.33333333,0.0,0.66666667,0.66666667,0.66666667,10.0,0.66666667,0.66666667,109.33333333,6.66666667,0.66666667,0.0
LIVE_EPISODIC,EVENT_DRIVEN,Q02_RECALL50,RESTRICTION_CHANGE,LOW,4,VERBOSE_TYPED,12,0.66666667,5.66666667,2.33333333,0.66666667,0.0,0.33333333,0.0,0.66666667,0.66666667,0.66666667,12.0,0.66666667,0.66666667,110.0,6.66666667,0.66666667,0.0
LIVE_EPISODIC,EVENT_DRIVEN,Q02_RECALL50,RESTRICTION_CHANGE,LOW,8,COMPACT_TYPED,12,0.41666667,6.75,5.25,0.41666667,0.0,0.58333333,0.0,0.41666667,0.41666667,0.41666667,13.83333333,0.41666667,0.41666667,68.33333333,10.33333333,0.41666667,0.0
LIVE_EPISODIC,EVENT_DRIVEN,Q02_RECALL50,RESTRICTION_CHANGE,LOW,8,VERBOSE_TYPED,12,0.41666667,6.75,5.25,0.41666667,0.0,0.58333333,0.0,0.41666667,0.41666667,0.41666667,15.08333333,0.41666667,0.41666667,68.75,10.33333333,0.41666667,0.0
LIVE_EPISODIC,EVENT_DRIVEN,Q02_RECALL50,RESTRICTION_CHANGE,LOW,12,COMPACT_TYPED,12,0.41666667,9.58333333,6.41666667,0.41666667,0.0,0.58333333,0.0,0.41666667,0.41666667,0.41666667,16.16666667,0.41666667,0.41666667,68.33333333,13.5,0.41666667,0.0
LIVE_EPISODIC,EVENT_DRIVEN,Q02_RECALL50,RESTRICTION_CHANGE,LOW,12,VERBOSE_TYPED,12,0.41666667,9.58333333,6.41666667,0.41666667,0.0,0.58333333,0.0,0.41666667,0.41666667,0.41666667,17.41666667,0.41666667,0.41666667,68.75,13.5,0.41666667,0.0
LIVE_EPISODIC,EVENT_DRIVEN,Q03_RECALL25,AVAILABILITY_LOSS,HIGH,4,COMPACT_TYPED,12,0.16666667,2.16666667,5.83333333,0.16666667,0.0,0.83333333,0.0,0.16666667,0.16666667,0.16666667,13.0,0.16666667,0.16666667,27.83333333,7.66666667,0.16666667,0.0
LIVE_EPISODIC,EVENT_DRIVEN,Q03_RECALL25,AVAILABILITY_LOSS,HIGH,4,VERBOSE_TYPED,12,0.16666667,2.16666667,5.83333333,0.16666667,0.0,0.83333333,0.0,0.16666667,0.16666667,0.16666667,13.5,0.16666667,0.16666667,28.0,7.66666667,0.16666667,0.0
LIVE_EPISODIC,EVENT_DRIVEN,Q03_RECALL25,AVAILABILITY_LOSS,HIGH,8,COMPACT_TYPED,12,0.5,7.5,4.5,0.5,0.0,0.5,0.0,0.5,0.5,0.5,13.0,0.5,0.5,83.5,10.0,0.5,0.0
LIVE_EPISODIC,EVENT_DRIVEN,Q03_RECALL25,AVAILABILITY_LOSS,HIGH,8,VERBOSE_TYPED,12,0.5,7.5,4.5,0.5,0.0,0.5,0.0,0.5,0.5,0.5,14.5,0.5,0.5,84.0,10.0,0.5,0.0
LIVE_EPISODIC,EVENT_DRIVEN,Q03_RECALL25,AVAILABILITY_LOSS,HIGH,12,COMPACT_TYPED,12,0.25,7.75,8.25,0.25,0.0,0.75,0.0,0.25,0.25,0.25,18.5,0.25,0.25,41.75,14.5,0.25,0.0
LIVE_EPISODIC,EVENT_DRIVEN,Q03_RECALL25,AVAILABILITY_LOSS,HIGH,12,VERBOSE_TYPED,12,0.25,7.75,8.25,0.25,0.0,0.75,0.0,0.25,0.25,0.25,19.25,0.25,0.25,42.0,14.5,0.25,0.0
LIVE_EPISODIC,EVENT_DRIVEN,Q03_RECALL25,AVAILABILITY_LOSS,LOW,4,COMPACT_TYPED,12,0.0,1.0,7.0,0.0,0.0,1.0,0.0,0.0,0.0,0.0,14.0,0.0,0.0,0.0,8.0,0.0,0.0
LIVE_EPISODIC,EVENT_DRIVEN,Q03_RECALL25,AVAILABILITY_LOSS,LOW,4,VERBOSE_TYPED,12,0.0,1.0,7.0,0.0,0.0,1.0,0.0,0.0,0.0,0.0,14.0,0.0,0.0,0.0,8.0,0.0,0.0
LIVE_EPISODIC,EVENT_DRIVEN,Q03_RECALL25,AVAILABILITY_LOSS,LOW,8,COMPACT_TYPED,12,0.33333333,6.0,6.0,0.33333333,0.0,0.66666667,0.0,0.33333333,0.33333333,0.33333333,14.66666667,0.33333333,0.33333333,55.66666667,10.66666667,0.33333333,0.0
LIVE_EPISODIC,EVENT_DRIVEN,Q03_RECALL25,AVAILABILITY_LOSS,LOW,8,VERBOSE_TYPED,12,0.33333333,6.0,6.0,0.33333333,0.0,0.66666667,0.0,0.33333333,0.33333333,0.33333333,15.66666667,0.33333333,0.33333333,56.0,10.66666667,0.33333333,0.0
LIVE_EPISODIC,EVENT_DRIVEN,Q03_RECALL25,AVAILABILITY_LOSS,LOW,12,COMPACT_TYPED,12,0.25,7.75,8.25,0.25,0.0,0.75,0.0,0.25,0.25,0.25,18.5,0.25,0.25,41.75,14.5,0.25,0.0
LIVE_EPISODIC,EVENT_DRIVEN,Q03_RECALL25,AVAILABILITY_LOSS,LOW,12,VERBOSE_TYPED,12,0.25,7.75,8.25,0.25,0.0,0.75,0.0,0.25,0.25,0.25,19.25,0.25,0.25,42.0,14.5,0.25,0.0
LIVE_EPISODIC,EVENT_DRIVEN,Q03_RECALL25,CONTROL_FAILURE,HIGH,4,COMPACT_TYPED,12,1.0,5.0,3.0,0.41666667,0.0,0.58333333,0.41666667,0.0,0.41666667,0.41666667,9.33333333,0.41666667,0.41666667,69.16666667,7.16666667,0.41666667,0.0
LIVE_EPISODIC,EVENT_DRIVEN,Q03_RECALL25,CONTROL_FAILURE,HIGH,4,VERBOSE_TYPED,12,1.0,5.0,3.0,0.41666667,0.0,0.58333333,0.41666667,0.0,0.41666667,0.41666667,10.58333333,0.41666667,0.41666667,69.58333333,7.16666667,0.41666667,0.0
LIVE_EPISODIC,EVENT_DRIVEN,Q03_RECALL25,CONTROL_FAILURE,HIGH,8,COMPACT_TYPED,12,1.0,9.0,3.0,0.25,0.0,0.75,0.25,0.0,0.25,0.25,8.0,0.25,0.25,41.5,11.0,0.25,0.0
LIVE_EPISODIC,EVENT_DRIVEN,Q03_RECALL25,CONTROL_FAILURE,HIGH,8,VERBOSE_TYPED,12,1.0,9.0,3.0,0.25,0.0,0.75,0.25,0.0,0.25,0.25,8.75,0.25,0.25,41.75,11.0,0.25,0.0
LIVE_EPISODIC,EVENT_DRIVEN,Q03_RECALL25,CONTROL_FAILURE,HIGH,12,COMPACT_TYPED,12,1.0,13.0,3.0,0.0,0.0,1.0,0.0,0.0,0.0,0.0,6.0,0.0,0.0,0.0,16.0,0.0,0.0
LIVE_EPISODIC,EVENT_DRIVEN,Q03_RECALL25,CONTROL_FAILURE,HIGH,12,VERBOSE_TYPED,12,1.0,13.0,3.0,0.0,0.0,1.0,0.0,0.0,0.0,0.0,6.0,0.0,0.0,0.0,16.0,0.0,0.0
LIVE_EPISODIC,EVENT_DRIVEN,Q03_RECALL25,CONTROL_FAILURE,LOW,4,COMPACT_TYPED,12,1.0,6.0,2.0,0.41666667,0.0,0.58333333,0.41666667,0.0,0.41666667,0.41666667,7.33333333,0.41666667,0.41666667,69.16666667,7.16666667,0.41666667,0.0
LIVE_EPISODIC,EVENT_DRIVEN,Q03_RECALL25,CONTROL_FAILURE,LOW,4,VERBOSE_TYPED,12,1.0,6.0,2.0,0.41666667,0.0,0.58333333,0.41666667,0.0,0.41666667,0.41666667,8.58333333,0.41666667,0.41666667,69.58333333,7.16666667,0.41666667,0.0
LIVE_EPISODIC,EVENT_DRIVEN,Q03_RECALL25,CONTROL_FAILURE,LOW,8,COMPACT_TYPED,12,1.0,10.0,2.0,0.25,0.0,0.75,0.25,0.0,0.25,0.25,6.0,0.25,0.25,41.5,11.0,0.25,0.0
LIVE_EPISODIC,EVENT_DRIVEN,Q03_RECALL25,CONTROL_FAILURE,LOW,8,VERBOSE_TYPED,12,1.0,10.0,2.0,0.25,0.0,0.75,0.25,0.0,0.25,0.25,6.75,0.25,0.25,41.75,11.0,0.25,0.0
LIVE_EPISODIC,EVENT_DRIVEN,Q03_RECALL25,CONTROL_FAILURE,LOW,12,COMPACT_TYPED,12,1.0,14.0,2.0,0.25,0.0,0.75,0.25,0.0,0.25,0.25,6.0,0.25,0.25,41.5,14.5,0.25,0.0
LIVE_EPISODIC,EVENT_DRIVEN,Q03_RECALL25,CONTROL_FAILURE,LOW,12,VERBOSE_TYPED,12,1.0,14.0,2.0,0.25,0.0,0.75,0.25,0.0,0.25,0.25,6.75,0.25,0.25,41.75,14.5,0.25,0.0
LIVE_EPISODIC,EVENT_DRIVEN,Q03_RECALL25,POSE_SHIFT,HIGH,4,COMPACT_TYPED,12,0.25,2.75,5.25,0.25,0.0,0.75,0.0,0.0,0.25,0.25,12.5,0.25,0.25,40.25,7.5,0.25,0.0
LIVE_EPISODIC,EVENT_DRIVEN,Q03_RECALL25,POSE_SHIFT,HIGH,4,VERBOSE_TYPED,12,0.25,2.75,5.25,0.25,0.0,0.75,0.0,0.0,0.25,0.25,13.25,0.25,0.25,40.5,7.5,0.25,0.0
LIVE_EPISODIC,EVENT_DRIVEN,Q03_RECALL25,POSE_SHIFT,HIGH,8,COMPACT_TYPED,12,0.0,3.0,9.0,0.0,0.0,1.0,0.0,0.0,0.0,0.0,18.0,0.0,0.0,0.0,12.0,0.0,0.0
LIVE_EPISODIC,EVENT_DRIVEN,Q03_RECALL25,POSE_SHIFT,HIGH,8,VERBOSE_TYPED,12,0.0,3.0,9.0,0.0,0.0,1.0,0.0,0.0,0.0,0.0,18.0,0.0,0.0,0.0,12.0,0.0,0.0
LIVE_EPISODIC,EVENT_DRIVEN,Q03_RECALL25,POSE_SHIFT,HIGH,12,COMPACT_TYPED,12,0.16666667,6.83333333,9.16666667,0.16666667,0.0,0.83333333,0.0,0.0,0.16666667,0.16666667,19.66666667,0.16666667,0.16666667,26.83333333,15.0,0.16666667,0.0
LIVE_EPISODIC,EVENT_DRIVEN,Q03_RECALL25,POSE_SHIFT,HIGH,12,VERBOSE_TYPED,12,0.16666667,6.83333333,9.16666667,0.16666667,0.0,0.83333333,0.0,0.0,0.16666667,0.16666667,20.16666667,0.16666667,0.16666667,27.0,15.0,0.16666667,0.0
LIVE_EPISODIC,EVENT_DRIVEN,Q03_RECALL25,POSE_SHIFT,LOW,4,COMPACT_TYPED,12,0.41666667,3.91666667,4.08333333,0.41666667,0.0,0.58333333,0.0,0.0,0.41666667,0.41666667,11.5,0.41666667,0.41666667,67.08333333,7.16666667,0.41666667,0.0
LIVE_EPISODIC,EVENT_DRIVEN,Q03_RECALL25,POSE_SHIFT,LOW,4,VERBOSE_TYPED,12,0.41666667,3.91666667,4.08333333,0.41666667,0.0,0.58333333,0.0,0.0,0.41666667,0.41666667,12.75,0.41666667,0.41666667,67.5,7.16666667,0.41666667,0.0
LIVE_EPISODIC,EVENT_DRIVEN,Q03_RECALL25,POSE_SHIFT,LOW,8,COMPACT_TYPED,12,0.16666667,4.5,7.5,0.16666667,0.0,0.83333333,0.0,0.0,0.16666667,0.16666667,16.33333333,0.16666667,0.16666667,26.83333333,11.33333333,0.16666667,0.0
LIVE_EPISODIC,EVENT_DRIVEN,Q03_RECALL25,POSE_SHIFT,LOW,8,VERBOSE_TYPED,12,0.16666667,4.5,7.5,0.16666667,0.0,0.83333333,0.0,0.0,0.16666667,0.16666667,16.83333333,0.16666667,0.16666667,27.0,11.33333333,0.16666667,0.0
LIVE_EPISODIC,EVENT_DRIVEN,Q03_RECALL25,POSE_SHIFT,LOW,12,COMPACT_TYPED,12,0.16666667,6.83333333,9.16666667,0.16666667,0.0,0.83333333,0.0,0.0,0.16666667,0.16666667,19.66666667,0.16666667,0.16666667,26.83333333,15.0,0.16666667,0.0
LIVE_EPISODIC,EVENT_DRIVEN,Q03_RECALL25,POSE_SHIFT,LOW,12,VERBOSE_TYPED,12,0.16666667,6.83333333,9.16666667,0.16666667,0.0,0.83333333,0.0,0.0,0.16666667,0.16666667,20.16666667,0.16666667,0.16666667,27.0,15.0,0.16666667,0.0
LIVE_EPISODIC,EVENT_DRIVEN,Q03_RECALL25,RESTRICTION_CHANGE,HIGH,4,COMPACT_TYPED,12,0.25,2.75,5.25,0.25,0.0,0.75,0.0,0.25,0.25,0.25,12.5,0.25,0.25,41.0,7.5,0.25,0.0
LIVE_EPISODIC,EVENT_DRIVEN,Q03_RECALL25,RESTRICTION_CHANGE,HIGH,4,VERBOSE_TYPED,12,0.25,2.75,5.25,0.25,0.0,0.75,0.0,0.25,0.25,0.25,13.25,0.25,0.25,41.25,7.5,0.25,0.0
LIVE_EPISODIC,EVENT_DRIVEN,Q03_RECALL25,RESTRICTION_CHANGE,HIGH,8,COMPACT_TYPED,12,0.25,5.25,6.75,0.25,0.0,0.75,0.0,0.25,0.25,0.25,15.5,0.25,0.25,41.0,11.0,0.25,0.0
LIVE_EPISODIC,EVENT_DRIVEN,Q03_RECALL25,RESTRICTION_CHANGE,HIGH,8,VERBOSE_TYPED,12,0.25,5.25,6.75,0.25,0.0,0.75,0.0,0.25,0.25,0.25,16.25,0.25,0.25,41.25,11.0,0.25,0.0
LIVE_EPISODIC,EVENT_DRIVEN,Q03_RECALL25,RESTRICTION_CHANGE,HIGH,12,COMPACT_TYPED,12,0.16666667,6.83333333,9.16666667,0.16666667,0.0,0.83333333,0.0,0.16666667,0.16666667,0.16666667,19.66666667,0.16666667,0.16666667,27.33333333,15.0,0.16666667,0.0
LIVE_EPISODIC,EVENT_DRIVEN,Q03_RECALL25,RESTRICTION_CHANGE,HIGH,12,VERBOSE_TYPED,12,0.16666667,6.83333333,9.16666667,0.16666667,0.0,0.83333333,0.0,0.16666667,0.16666667,0.16666667,20.16666667,0.16666667,0.16666667,27.5,15.0,0.16666667,0.0
LIVE_EPISODIC,EVENT_DRIVEN,Q03_RECALL25,RESTRICTION_CHANGE,LOW,4,COMPACT_TYPED,12,0.16666667,2.16666667,5.83333333,0.16666667,0.0,0.83333333,0.0,0.16666667,0.16666667,0.16666667,13.0,0.16666667,0.16666667,27.33333333,7.66666667,0.16666667,0.0
LIVE_EPISODIC,EVENT_DRIVEN,Q03_RECALL25,RESTRICTION_CHANGE,LOW,4,VERBOSE_TYPED,12,0.16666667,2.16666667,5.83333333,0.16666667,0.0,0.83333333,0.0,0.16666667,0.16666667,0.16666667,13.5,0.16666667,0.16666667,27.5,7.66666667,0.16666667,0.0
LIVE_EPISODIC,EVENT_DRIVEN,Q03_RECALL25,RESTRICTION_CHANGE,LOW,8,COMPACT_TYPED,12,0.41666667,6.75,5.25,0.41666667,0.0,0.58333333,0.0,0.41666667,0.41666667,0.41666667,13.83333333,0.41666667,0.41666667,68.33333333,10.33333333,0.41666667,0.0
LIVE_EPISODIC,EVENT_DRIVEN,Q03_RECALL25,RESTRICTION_CHANGE,LOW,8,VERBOSE_TYPED,12,0.41666667,6.75,5.25,0.41666667,0.0,0.58333333,0.0,0.41666667,0.41666667,0.41666667,15.08333333,0.41666667,0.41666667,68.75,10.33333333,0.41666667,0.0
LIVE_EPISODIC,EVENT_DRIVEN,Q03_RECALL25,RESTRICTION_CHANGE,LOW,12,COMPACT_TYPED,12,0.16666667,6.83333333,9.16666667,0.16666667,0.0,0.83333333,0.0,0.16666667,0.16666667,0.16666667,19.66666667,0.16666667,0.16666667,27.33333333,15.0,0.16666667,0.0
LIVE_EPISODIC,EVENT_DRIVEN,Q03_RECALL25,RESTRICTION_CHANGE,LOW,12,VERBOSE_TYPED,12,0.16666667,6.83333333,9.16666667,0.16666667,0.0,0.83333333,0.0,0.16666667,0.16666667,0.16666667,20.16666667,0.16666667,0.16666667,27.5,15.0,0.16666667,0.0
LIVE_EPISODIC,EVENT_DRIVEN,Q04_DELAY1,AVAILABILITY_LOSS,HIGH,4,COMPACT_TYPED,12,1.0,7.0,1.0,1.0,0.0,0.0,0.0,1.0,1.0,1.0,10.0,1.0,1.0,167.0,5.0,1.0,0.0
LIVE_EPISODIC,EVENT_DRIVEN,Q04_DELAY1,AVAILABILITY_LOSS,HIGH,4,VERBOSE_TYPED,12,1.0,7.0,1.0,1.0,0.0,0.0,0.0,1.0,1.0,1.0,13.0,1.0,1.0,168.0,5.0,1.0,0.0
LIVE_EPISODIC,EVENT_DRIVEN,Q04_DELAY1,AVAILABILITY_LOSS,HIGH,8,COMPACT_TYPED,12,1.0,11.0,1.0,1.0,0.0,0.0,0.0,1.0,1.0,1.0,10.0,1.0,1.0,167.0,7.0,1.0,0.0
LIVE_EPISODIC,EVENT_DRIVEN,Q04_DELAY1,AVAILABILITY_LOSS,HIGH,8,VERBOSE_TYPED,12,1.0,11.0,1.0,1.0,0.0,0.0,0.0,1.0,1.0,1.0,13.0,1.0,1.0,168.0,7.0,1.0,0.0
LIVE_EPISODIC,EVENT_DRIVEN,Q04_DELAY1,AVAILABILITY_LOSS,HIGH,12,COMPACT_TYPED,12,1.0,15.0,1.0,1.0,0.0,0.0,0.0,1.0,1.0,1.0,10.0,1.0,1.0,167.0,9.0,1.0,0.0
LIVE_EPISODIC,EVENT_DRIVEN,Q04_DELAY1,AVAILABILITY_LOSS,HIGH,12,VERBOSE_TYPED,12,1.0,15.0,1.0,1.0,0.0,0.0,0.0,1.0,1.0,1.0,13.0,1.0,1.0,168.0,9.0,1.0,0.0
LIVE_EPISODIC,EVENT_DRIVEN,Q04_DELAY1,AVAILABILITY_LOSS,LOW,4,COMPACT_TYPED,12,1.0,7.0,1.0,1.0,0.0,0.0,0.0,1.0,1.0,1.0,10.0,1.0,1.0,167.0,5.0,1.0,0.0
LIVE_EPISODIC,EVENT_DRIVEN,Q04_DELAY1,AVAILABILITY_LOSS,LOW,4,VERBOSE_TYPED,12,1.0,7.0,1.0,1.0,0.0,0.0,0.0,1.0,1.0,1.0,13.0,1.0,1.0,168.0,5.0,1.0,0.0
LIVE_EPISODIC,EVENT_DRIVEN,Q04_DELAY1,AVAILABILITY_LOSS,LOW,8,COMPACT_TYPED,12,1.0,11.0,1.0,1.0,0.0,0.0,0.0,1.0,1.0,1.0,10.0,1.0,1.0,167.0,7.0,1.0,0.0
LIVE_EPISODIC,EVENT_DRIVEN,Q04_DELAY1,AVAILABILITY_LOSS,LOW,8,VERBOSE_TYPED,12,1.0,11.0,1.0,1.0,0.0,0.0,0.0,1.0,1.0,1.0,13.0,1.0,1.0,168.0,7.0,1.0,0.0
LIVE_EPISODIC,EVENT_DRIVEN,Q04_DELAY1,AVAILABILITY_LOSS,LOW,12,COMPACT_TYPED,12,1.0,15.0,1.0,1.0,0.0,0.0,0.0,1.0,1.0,1.0,10.0,1.0,1.0,167.0,9.0,1.0,0.0
LIVE_EPISODIC,EVENT_DRIVEN,Q04_DELAY1,AVAILABILITY_LOSS,LOW,12,VERBOSE_TYPED,12,1.0,15.0,1.0,1.0,0.0,0.0,0.0,1.0,1.0,1.0,13.0,1.0,1.0,168.0,9.0,1.0,0.0
LIVE_EPISODIC,EVENT_DRIVEN,Q04_DELAY1,CONTROL_FAILURE,HIGH,4,COMPACT_TYPED,12,1.0,5.0,3.0,1.0,0.0,0.0,1.0,0.0,1.0,1.0,14.0,1.0,1.0,166.0,5.0,1.0,0.0
LIVE_EPISODIC,EVENT_DRIVEN,Q04_DELAY1,CONTROL_FAILURE,HIGH,4,VERBOSE_TYPED,12,1.0,5.0,3.0,1.0,0.0,0.0,1.0,0.0,1.0,1.0,17.0,1.0,1.0,167.0,5.0,1.0,0.0
LIVE_EPISODIC,EVENT_DRIVEN,Q04_DELAY1,CONTROL_FAILURE,HIGH,8,COMPACT_TYPED,12,1.0,9.0,3.0,1.0,0.0,0.0,1.0,0.0,1.0,1.0,14.0,1.0,1.0,166.0,7.0,1.0,0.0
LIVE_EPISODIC,EVENT_DRIVEN,Q04_DELAY1,CONTROL_FAILURE,HIGH,8,VERBOSE_TYPED,12,1.0,9.0,3.0,1.0,0.0,0.0,1.0,0.0,1.0,1.0,17.0,1.0,1.0,167.0,7.0,1.0,0.0
LIVE_EPISODIC,EVENT_DRIVEN,Q04_DELAY1,CONTROL_FAILURE,HIGH,12,COMPACT_TYPED,12,1.0,13.0,3.0,1.0,0.0,0.0,1.0,0.0,1.0,1.0,14.0,1.0,1.0,166.0,9.0,1.0,0.0
LIVE_EPISODIC,EVENT_DRIVEN,Q04_DELAY1,CONTROL_FAILURE,HIGH,12,VERBOSE_TYPED,12,1.0,13.0,3.0,1.0,0.0,0.0,1.0,0.0,1.0,1.0,17.0,1.0,1.0,167.0,9.0,1.0,0.0
LIVE_EPISODIC,EVENT_DRIVEN,Q04_DELAY1,CONTROL_FAILURE,LOW,4,COMPACT_TYPED,12,1.0,6.0,2.0,1.0,0.0,0.0,1.0,0.0,1.0,1.0,12.0,1.0,1.0,166.0,5.0,1.0,0.0
LIVE_EPISODIC,EVENT_DRIVEN,Q04_DELAY1,CONTROL_FAILURE,LOW,4,VERBOSE_TYPED,12,1.0,6.0,2.0,1.0,0.0,0.0,1.0,0.0,1.0,1.0,15.0,1.0,1.0,167.0,5.0,1.0,0.0
LIVE_EPISODIC,EVENT_DRIVEN,Q04_DELAY1,CONTROL_FAILURE,LOW,8,COMPACT_TYPED,12,1.0,10.0,2.0,1.0,0.0,0.0,1.0,0.0,1.0,1.0,12.0,1.0,1.0,166.0,7.0,1.0,0.0
LIVE_EPISODIC,EVENT_DRIVEN,Q04_DELAY1,CONTROL_FAILURE,LOW,8,VERBOSE_TYPED,12,1.0,10.0,2.0,1.0,0.0,0.0,1.0,0.0,1.0,1.0,15.0,1.0,1.0,167.0,7.0,1.0,0.0
LIVE_EPISODIC,EVENT_DRIVEN,Q04_DELAY1,CONTROL_FAILURE,LOW,12,COMPACT_TYPED,12,1.0,14.0,2.0,1.0,0.0,0.0,1.0,0.0,1.0,1.0,12.0,1.0,1.0,166.0,9.0,1.0,0.0
LIVE_EPISODIC,EVENT_DRIVEN,Q04_DELAY1,CONTROL_FAILURE,LOW,12,VERBOSE_TYPED,12,1.0,14.0,2.0,1.0,0.0,0.0,1.0,0.0,1.0,1.0,15.0,1.0,1.0,167.0,9.0,1.0,0.0
LIVE_EPISODIC,EVENT_DRIVEN,Q04_DELAY1,POSE_SHIFT,HIGH,4,COMPACT_TYPED,12,1.0,7.0,1.0,1.0,0.0,0.0,0.0,0.0,1.0,1.0,10.0,1.0,1.0,161.0,5.0,1.0,0.0
LIVE_EPISODIC,EVENT_DRIVEN,Q04_DELAY1,POSE_SHIFT,HIGH,4,VERBOSE_TYPED,12,1.0,7.0,1.0,1.0,0.0,0.0,0.0,0.0,1.0,1.0,13.0,1.0,1.0,162.0,5.0,1.0,0.0
LIVE_EPISODIC,EVENT_DRIVEN,Q04_DELAY1,POSE_SHIFT,HIGH,8,COMPACT_TYPED,12,1.0,11.0,1.0,1.0,0.0,0.0,0.0,0.0,1.0,1.0,10.0,1.0,1.0,161.0,7.0,1.0,0.0
LIVE_EPISODIC,EVENT_DRIVEN,Q04_DELAY1,POSE_SHIFT,HIGH,8,VERBOSE_TYPED,12,1.0,11.0,1.0,1.0,0.0,0.0,0.0,0.0,1.0,1.0,13.0,1.0,1.0,162.0,7.0,1.0,0.0
LIVE_EPISODIC,EVENT_DRIVEN,Q04_DELAY1,POSE_SHIFT,HIGH,12,COMPACT_TYPED,12,1.0,15.0,1.0,1.0,0.0,0.0,0.0,0.0,1.0,1.0,10.0,1.0,1.0,161.0,9.0,1.0,0.0
LIVE_EPISODIC,EVENT_DRIVEN,Q04_DELAY1,POSE_SHIFT,HIGH,12,VERBOSE_TYPED,12,1.0,15.0,1.0,1.0,0.0,0.0,0.0,0.0,1.0,1.0,13.0,1.0,1.0,162.0,9.0,1.0,0.0
LIVE_EPISODIC,EVENT_DRIVEN,Q04_DELAY1,POSE_SHIFT,LOW,4,COMPACT_TYPED,12,1.0,7.0,1.0,1.0,0.0,0.0,0.0,0.0,1.0,1.0,10.0,1.0,1.0,161.0,5.0,1.0,0.0
LIVE_EPISODIC,EVENT_DRIVEN,Q04_DELAY1,POSE_SHIFT,LOW,4,VERBOSE_TYPED,12,1.0,7.0,1.0,1.0,0.0,0.0,0.0,0.0,1.0,1.0,13.0,1.0,1.0,162.0,5.0,1.0,0.0
LIVE_EPISODIC,EVENT_DRIVEN,Q04_DELAY1,POSE_SHIFT,LOW,8,COMPACT_TYPED,12,1.0,11.0,1.0,1.0,0.0,0.0,0.0,0.0,1.0,1.0,10.0,1.0,1.0,161.0,7.0,1.0,0.0
LIVE_EPISODIC,EVENT_DRIVEN,Q04_DELAY1,POSE_SHIFT,LOW,8,VERBOSE_TYPED,12,1.0,11.0,1.0,1.0,0.0,0.0,0.0,0.0,1.0,1.0,13.0,1.0,1.0,162.0,7.0,1.0,0.0
LIVE_EPISODIC,EVENT_DRIVEN,Q04_DELAY1,POSE_SHIFT,LOW,12,COMPACT_TYPED,12,1.0,15.0,1.0,1.0,0.0,0.0,0.0,0.0,1.0,1.0,10.0,1.0,1.0,161.0,9.0,1.0,0.0
LIVE_EPISODIC,EVENT_DRIVEN,Q04_DELAY1,POSE_SHIFT,LOW,12,VERBOSE_TYPED,12,1.0,15.0,1.0,1.0,0.0,0.0,0.0,0.0,1.0,1.0,13.0,1.0,1.0,162.0,9.0,1.0,0.0
LIVE_EPISODIC,EVENT_DRIVEN,Q04_DELAY1,RESTRICTION_CHANGE,HIGH,4,COMPACT_TYPED,12,1.0,7.0,1.0,1.0,0.0,0.0,0.0,1.0,1.0,1.0,10.0,1.0,1.0,164.0,5.0,1.0,0.0
LIVE_EPISODIC,EVENT_DRIVEN,Q04_DELAY1,RESTRICTION_CHANGE,HIGH,4,VERBOSE_TYPED,12,1.0,7.0,1.0,1.0,0.0,0.0,0.0,1.0,1.0,1.0,13.0,1.0,1.0,165.0,5.0,1.0,0.0
LIVE_EPISODIC,EVENT_DRIVEN,Q04_DELAY1,RESTRICTION_CHANGE,HIGH,8,COMPACT_TYPED,12,1.0,11.0,1.0,1.0,0.0,0.0,0.0,1.0,1.0,1.0,10.0,1.0,1.0,164.0,7.0,1.0,0.0
LIVE_EPISODIC,EVENT_DRIVEN,Q04_DELAY1,RESTRICTION_CHANGE,HIGH,8,VERBOSE_TYPED,12,1.0,11.0,1.0,1.0,0.0,0.0,0.0,1.0,1.0,1.0,13.0,1.0,1.0,165.0,7.0,1.0,0.0
LIVE_EPISODIC,EVENT_DRIVEN,Q04_DELAY1,RESTRICTION_CHANGE,HIGH,12,COMPACT_TYPED,12,1.0,15.0,1.0,1.0,0.0,0.0,0.0,1.0,1.0,1.0,10.0,1.0,1.0,164.0,9.0,1.0,0.0
LIVE_EPISODIC,EVENT_DRIVEN,Q04_DELAY1,RESTRICTION_CHANGE,HIGH,12,VERBOSE_TYPED,12,1.0,15.0,1.0,1.0,0.0,0.0,0.0,1.0,1.0,1.0,13.0,1.0,1.0,165.0,9.0,1.0,0.0
LIVE_EPISODIC,EVENT_DRIVEN,Q04_DELAY1,RESTRICTION_CHANGE,LOW,4,COMPACT_TYPED,12,1.0,7.0,1.0,1.0,0.0,0.0,0.0,1.0,1.0,1.0,10.0,1.0,1.0,164.0,5.0,1.0,0.0
LIVE_EPISODIC,EVENT_DRIVEN,Q04_DELAY1,RESTRICTION_CHANGE,LOW,4,VERBOSE_TYPED,12,1.0,7.0,1.0,1.0,0.0,0.0,0.0,1.0,1.0,1.0,13.0,1.0,1.0,165.0,5.0,1.0,0.0
LIVE_EPISODIC,EVENT_DRIVEN,Q04_DELAY1,RESTRICTION_CHANGE,LOW,8,COMPACT_TYPED,12,1.0,11.0,1.0,1.0,0.0,0.0,0.0,1.0,1.0,1.0,10.0,1.0,1.0,164.0,7.0,1.0,0.0
LIVE_EPISODIC,EVENT_DRIVEN,Q04_DELAY1,RESTRICTION_CHANGE,LOW,8,VERBOSE_TYPED,12,1.0,11.0,1.0,1.0,0.0,0.0,0.0,1.0,1.0,1.0,13.0,1.0,1.0,165.0,7.0,1.0,0.0
LIVE_EPISODIC,EVENT_DRIVEN,Q04_DELAY1,RESTRICTION_CHANGE,LOW,12,COMPACT_TYPED,12,1.0,15.0,1.0,1.0,0.0,0.0,0.0,1.0,1.0,1.0,10.0,1.0,1.0,164.0,9.0,1.0,0.0
LIVE_EPISODIC,EVENT_DRIVEN,Q04_DELAY1,RESTRICTION_CHANGE,LOW,12,VERBOSE_TYPED,12,1.0,15.0,1.0,1.0,0.0,0.0,0.0,1.0,1.0,1.0,13.0,1.0,1.0,165.0,9.0,1.0,0.0
LIVE_EPISODIC,EVENT_DRIVEN,Q05_DELAY3,AVAILABILITY_LOSS,HIGH,4,COMPACT_TYPED,12,1.0,5.0,3.0,1.0,0.0,1.0,0.0,1.0,1.0,1.0,14.0,1.0,1.0,167.0,3.0,1.0,0.0
LIVE_EPISODIC,EVENT_DRIVEN,Q05_DELAY3,AVAILABILITY_LOSS,HIGH,4,VERBOSE_TYPED,12,1.0,5.0,3.0,1.0,0.0,1.0,0.0,1.0,1.0,1.0,17.0,1.0,1.0,168.0,3.0,1.0,0.0
LIVE_EPISODIC,EVENT_DRIVEN,Q05_DELAY3,AVAILABILITY_LOSS,HIGH,8,COMPACT_TYPED,12,1.0,9.0,3.0,1.0,0.0,1.0,0.0,1.0,1.0,1.0,14.0,1.0,1.0,167.0,5.0,1.0,0.0
LIVE_EPISODIC,EVENT_DRIVEN,Q05_DELAY3,AVAILABILITY_LOSS,HIGH,8,VERBOSE_TYPED,12,1.0,9.0,3.0,1.0,0.0,1.0,0.0,1.0,1.0,1.0,17.0,1.0,1.0,168.0,5.0,1.0,0.0
LIVE_EPISODIC,EVENT_DRIVEN,Q05_DELAY3,AVAILABILITY_LOSS,HIGH,12,COMPACT_TYPED,12,1.0,13.0,3.0,1.0,0.0,1.0,0.0,1.0,1.0,1.0,14.0,1.0,1.0,167.0,7.0,1.0,0.0
LIVE_EPISODIC,EVENT_DRIVEN,Q05_DELAY3,AVAILABILITY_LOSS,HIGH,12,VERBOSE_TYPED,12,1.0,13.0,3.0,1.0,0.0,1.0,0.0,1.0,1.0,1.0,17.0,1.0,1.0,168.0,7.0,1.0,0.0
LIVE_EPISODIC,EVENT_DRIVEN,Q05_DELAY3,AVAILABILITY_LOSS,LOW,4,COMPACT_TYPED,12,1.0,5.0,3.0,1.0,0.0,1.0,0.0,1.0,1.0,1.0,14.0,1.0,1.0,167.0,3.0,1.0,0.0
LIVE_EPISODIC,EVENT_DRIVEN,Q05_DELAY3,AVAILABILITY_LOSS,LOW,4,VERBOSE_TYPED,12,1.0,5.0,3.0,1.0,0.0,1.0,0.0,1.0,1.0,1.0,17.0,1.0,1.0,168.0,3.0,1.0,0.0
LIVE_EPISODIC,EVENT_DRIVEN,Q05_DELAY3,AVAILABILITY_LOSS,LOW,8,COMPACT_TYPED,12,1.0,9.0,3.0,1.0,0.0,1.0,0.0,1.0,1.0,1.0,14.0,1.0,1.0,167.0,5.0,1.0,0.0
LIVE_EPISODIC,EVENT_DRIVEN,Q05_DELAY3,AVAILABILITY_LOSS,LOW,8,VERBOSE_TYPED,12,1.0,9.0,3.0,1.0,0.0,1.0,0.0,1.0,1.0,1.0,17.0,1.0,1.0,168.0,5.0,1.0,0.0
LIVE_EPISODIC,EVENT_DRIVEN,Q05_DELAY3,AVAILABILITY_LOSS,LOW,12,COMPACT_TYPED,12,1.0,13.0,3.0,1.0,0.0,1.0,0.0,1.0,1.0,1.0,14.0,1.0,1.0,167.0,7.0,1.0,0.0
LIVE_EPISODIC,EVENT_DRIVEN,Q05_DELAY3,AVAILABILITY_LOSS,LOW,12,VERBOSE_TYPED,12,1.0,13.0,3.0,1.0,0.0,1.0,0.0,1.0,1.0,1.0,17.0,1.0,1.0,168.0,7.0,1.0,0.0
LIVE_EPISODIC,EVENT_DRIVEN,Q05_DELAY3,CONTROL_FAILURE,HIGH,4,COMPACT_TYPED,12,1.0,5.0,3.0,1.0,0.0,1.0,0.0,1.0,1.0,1.0,14.0,1.0,1.0,166.0,3.0,1.0,0.0
LIVE_EPISODIC,EVENT_DRIVEN,Q05_DELAY3,CONTROL_FAILURE,HIGH,4,VERBOSE_TYPED,12,1.0,5.0,3.0,1.0,0.0,1.0,0.0,1.0,1.0,1.0,17.0,1.0,1.0,167.0,3.0,1.0,0.0
LIVE_EPISODIC,EVENT_DRIVEN,Q05_DELAY3,CONTROL_FAILURE,HIGH,8,COMPACT_TYPED,12,1.0,9.0,3.0,1.0,0.0,1.0,0.0,1.0,1.0,1.0,14.0,1.0,1.0,166.0,5.0,1.0,0.0
LIVE_EPISODIC,EVENT_DRIVEN,Q05_DELAY3,CONTROL_FAILURE,HIGH,8,VERBOSE_TYPED,12,1.0,9.0,3.0,1.0,0.0,1.0,0.0,1.0,1.0,1.0,17.0,1.0,1.0,167.0,5.0,1.0,0.0
LIVE_EPISODIC,EVENT_DRIVEN,Q05_DELAY3,CONTROL_FAILURE,HIGH,12,COMPACT_TYPED,12,1.0,13.0,3.0,1.0,0.0,1.0,0.0,1.0,1.0,1.0,14.0,1.0,1.0,166.0,7.0,1.0,0.0
LIVE_EPISODIC,EVENT_DRIVEN,Q05_DELAY3,CONTROL_FAILURE,HIGH,12,VERBOSE_TYPED,12,1.0,13.0,3.0,1.0,0.0,1.0,0.0,1.0,1.0,1.0,17.0,1.0,1.0,167.0,7.0,1.0,0.0
LIVE_EPISODIC,EVENT_DRIVEN,Q05_DELAY3,CONTROL_FAILURE,LOW,4,COMPACT_TYPED,12,1.0,6.0,2.0,1.0,0.0,1.0,0.0,1.0,1.0,1.0,12.0,1.0,1.0,166.0,3.0,1.0,0.0
LIVE_EPISODIC,EVENT_DRIVEN,Q05_DELAY3,CONTROL_FAILURE,LOW,4,VERBOSE_TYPED,12,1.0,6.0,2.0,1.0,0.0,1.0,0.0,1.0,1.0,1.0,15.0,1.0,1.0,167.0,3.0,1.0,0.0
LIVE_EPISODIC,EVENT_DRIVEN,Q05_DELAY3,CONTROL_FAILURE,LOW,8,COMPACT_TYPED,12,1.0,10.0,2.0,1.0,0.0,1.0,0.0,1.0,1.0,1.0,12.0,1.0,1.0,166.0,5.0,1.0,0.0
LIVE_EPISODIC,EVENT_DRIVEN,Q05_DELAY3,CONTROL_FAILURE,LOW,8,VERBOSE_TYPED,12,1.0,10.0,2.0,1.0,0.0,1.0,0.0,1.0,1.0,1.0,15.0,1.0,1.0,167.0,5.0,1.0,0.0
LIVE_EPISODIC,EVENT_DRIVEN,Q05_DELAY3,CONTROL_FAILURE,LOW,12,COMPACT_TYPED,12,1.0,14.0,2.0,1.0,0.0,1.0,0.0,1.0,1.0,1.0,12.0,1.0,1.0,166.0,7.0,1.0,0.0
LIVE_EPISODIC,EVENT_DRIVEN,Q05_DELAY3,CONTROL_FAILURE,LOW,12,VERBOSE_TYPED,12,1.0,14.0,2.0,1.0,0.0,1.0,0.0,1.0,1.0,1.0,15.0,1.0,1.0,167.0,7.0,1.0,0.0
LIVE_EPISODIC,EVENT_DRIVEN,Q05_DELAY3,POSE_SHIFT,HIGH,4,COMPACT_TYPED,12,1.0,5.0,3.0,1.0,0.0,1.0,0.0,1.0,1.0,1.0,14.0,1.0,1.0,161.0,3.0,1.0,0.0
LIVE_EPISODIC,EVENT_DRIVEN,Q05_DELAY3,POSE_SHIFT,HIGH,4,VERBOSE_TYPED,12,1.0,5.0,3.0,1.0,0.0,1.0,0.0,1.0,1.0,1.0,17.0,1.0,1.0,162.0,3.0,1.0,0.0
LIVE_EPISODIC,EVENT_DRIVEN,Q05_DELAY3,POSE_SHIFT,HIGH,8,COMPACT_TYPED,12,1.0,9.0,3.0,1.0,0.0,1.0,0.0,1.0,1.0,1.0,14.0,1.0,1.0,161.0,5.0,1.0,0.0
LIVE_EPISODIC,EVENT_DRIVEN,Q05_DELAY3,POSE_SHIFT,HIGH,8,VERBOSE_TYPED,12,1.0,9.0,3.0,1.0,0.0,1.0,0.0,1.0,1.0,1.0,17.0,1.0,1.0,162.0,5.0,1.0,0.0
LIVE_EPISODIC,EVENT_DRIVEN,Q05_DELAY3,POSE_SHIFT,HIGH,12,COMPACT_TYPED,12,1.0,13.0,3.0,1.0,0.0,1.0,0.0,1.0,1.0,1.0,14.0,1.0,1.0,161.0,7.0,1.0,0.0
LIVE_EPISODIC,EVENT_DRIVEN,Q05_DELAY3,POSE_SHIFT,HIGH,12,VERBOSE_TYPED,12,1.0,13.0,3.0,1.0,0.0,1.0,0.0,1.0,1.0,1.0,17.0,1.0,1.0,162.0,7.0,1.0,0.0
LIVE_EPISODIC,EVENT_DRIVEN,Q05_DELAY3,POSE_SHIFT,LOW,4,COMPACT_TYPED,12,1.0,5.0,3.0,1.0,0.0,1.0,0.0,1.0,1.0,1.0,14.0,1.0,1.0,161.0,3.0,1.0,0.0
LIVE_EPISODIC,EVENT_DRIVEN,Q05_DELAY3,POSE_SHIFT,LOW,4,VERBOSE_TYPED,12,1.0,5.0,3.0,1.0,0.0,1.0,0.0,1.0,1.0,1.0,17.0,1.0,1.0,162.0,3.0,1.0,0.0
LIVE_EPISODIC,EVENT_DRIVEN,Q05_DELAY3,POSE_SHIFT,LOW,8,COMPACT_TYPED,12,1.0,9.0,3.0,1.0,0.0,1.0,0.0,1.0,1.0,1.0,14.0,1.0,1.0,161.0,5.0,1.0,0.0
LIVE_EPISODIC,EVENT_DRIVEN,Q05_DELAY3,POSE_SHIFT,LOW,8,VERBOSE_TYPED,12,1.0,9.0,3.0,1.0,0.0,1.0,0.0,1.0,1.0,1.0,17.0,1.0,1.0,162.0,5.0,1.0,0.0
LIVE_EPISODIC,EVENT_DRIVEN,Q05_DELAY3,POSE_SHIFT,LOW,12,COMPACT_TYPED,12,1.0,13.0,3.0,1.0,0.0,1.0,0.0,1.0,1.0,1.0,14.0,1.0,1.0,161.0,7.0,1.0,0.0
LIVE_EPISODIC,EVENT_DRIVEN,Q05_DELAY3,POSE_SHIFT,LOW,12,VERBOSE_TYPED,12,1.0,13.0,3.0,1.0,0.0,1.0,0.0,1.0,1.0,1.0,17.0,1.0,1.0,162.0,7.0,1.0,0.0
LIVE_EPISODIC,EVENT_DRIVEN,Q05_DELAY3,RESTRICTION_CHANGE,HIGH,4,COMPACT_TYPED,12,1.0,5.0,3.0,1.0,0.0,1.0,0.0,1.0,1.0,1.0,14.0,1.0,1.0,164.0,3.0,1.0,0.0
LIVE_EPISODIC,EVENT_DRIVEN,Q05_DELAY3,RESTRICTION_CHANGE,HIGH,4,VERBOSE_TYPED,12,1.0,5.0,3.0,1.0,0.0,1.0,0.0,1.0,1.0,1.0,17.0,1.0,1.0,165.0,3.0,1.0,0.0
LIVE_EPISODIC,EVENT_DRIVEN,Q05_DELAY3,RESTRICTION_CHANGE,HIGH,8,COMPACT_TYPED,12,1.0,9.0,3.0,1.0,0.0,1.0,0.0,1.0,1.0,1.0,14.0,1.0,1.0,164.0,5.0,1.0,0.0
LIVE_EPISODIC,EVENT_DRIVEN,Q05_DELAY3,RESTRICTION_CHANGE,HIGH,8,VERBOSE_TYPED,12,1.0,9.0,3.0,1.0,0.0,1.0,0.0,1.0,1.0,1.0,17.0,1.0,1.0,165.0,5.0,1.0,0.0
LIVE_EPISODIC,EVENT_DRIVEN,Q05_DELAY3,RESTRICTION_CHANGE,HIGH,12,COMPACT_TYPED,12,1.0,13.0,3.0,1.0,0.0,1.0,0.0,1.0,1.0,1.0,14.0,1.0,1.0,164.0,7.0,1.0,0.0
LIVE_EPISODIC,EVENT_DRIVEN,Q05_DELAY3,RESTRICTION_CHANGE,HIGH,12,VERBOSE_TYPED,12,1.0,13.0,3.0,1.0,0.0,1.0,0.0,1.0,1.0,1.0,17.0,1.0,1.0,165.0,7.0,1.0,0.0
LIVE_EPISODIC,EVENT_DRIVEN,Q05_DELAY3,RESTRICTION_CHANGE,LOW,4,COMPACT_TYPED,12,1.0,5.0,3.0,1.0,0.0,1.0,0.0,1.0,1.0,1.0,14.0,1.0,1.0,164.0,3.0,1.0,0.0
LIVE_EPISODIC,EVENT_DRIVEN,Q05_DELAY3,RESTRICTION_CHANGE,LOW,4,VERBOSE_TYPED,12,1.0,5.0,3.0,1.0,0.0,1.0,0.0,1.0,1.0,1.0,17.0,1.0,1.0,165.0,3.0,1.0,0.0
LIVE_EPISODIC,EVENT_DRIVEN,Q05_DELAY3,RESTRICTION_CHANGE,LOW,8,COMPACT_TYPED,12,1.0,9.0,3.0,1.0,0.0,1.0,0.0,1.0,1.0,1.0,14.0,1.0,1.0,164.0,5.0,1.0,0.0
LIVE_EPISODIC,EVENT_DRIVEN,Q05_DELAY3,RESTRICTION_CHANGE,LOW,8,VERBOSE_TYPED,12,1.0,9.0,3.0,1.0,0.0,1.0,0.0,1.0,1.0,1.0,17.0,1.0,1.0,165.0,5.0,1.0,0.0
LIVE_EPISODIC,EVENT_DRIVEN,Q05_DELAY3,RESTRICTION_CHANGE,LOW,12,COMPACT_TYPED,12,1.0,13.0,3.0,1.0,0.0,1.0,0.0,1.0,1.0,1.0,14.0,1.0,1.0,164.0,7.0,1.0,0.0
LIVE_EPISODIC,EVENT_DRIVEN,Q05_DELAY3,RESTRICTION_CHANGE,LOW,12,VERBOSE_TYPED,12,1.0,13.0,3.0,1.0,0.0,1.0,0.0,1.0,1.0,1.0,17.0,1.0,1.0,165.0,7.0,1.0,0.0
LIVE_EPISODIC,EVENT_DRIVEN,Q06_FALSE3,AVAILABILITY_LOSS,HIGH,4,COMPACT_TYPED,12,1.0,8.0,0.0,2.0,1.0,0.0,1.0,1.0,0.5,1.0,20.0,2.0,4.0,665.0,5.0,2.0,0.0
LIVE_EPISODIC,EVENT_DRIVEN,Q06_FALSE3,AVAILABILITY_LOSS,HIGH,4,VERBOSE_TYPED,12,1.0,8.0,0.0,2.0,1.0,0.0,1.0,1.0,0.5,1.0,32.0,2.0,4.0,669.0,5.0,2.0,0.0
LIVE_EPISODIC,EVENT_DRIVEN,Q06_FALSE3,AVAILABILITY_LOSS,HIGH,8,COMPACT_TYPED,12,1.0,12.0,0.0,2.0,1.0,0.0,1.0,1.0,0.5,1.0,20.0,2.0,4.0,665.0,7.0,2.0,0.0
LIVE_EPISODIC,EVENT_DRIVEN,Q06_FALSE3,AVAILABILITY_LOSS,HIGH,8,VERBOSE_TYPED,12,1.0,12.0,0.0,2.0,1.0,0.0,1.0,1.0,0.5,1.0,32.0,2.0,4.0,669.0,7.0,2.0,0.0
LIVE_EPISODIC,EVENT_DRIVEN,Q06_FALSE3,AVAILABILITY_LOSS,HIGH,12,COMPACT_TYPED,12,1.0,16.0,0.0,2.0,1.0,0.0,1.0,1.0,0.5,1.0,20.0,2.0,4.0,665.0,9.0,2.0,0.0
LIVE_EPISODIC,EVENT_DRIVEN,Q06_FALSE3,AVAILABILITY_LOSS,HIGH,12,VERBOSE_TYPED,12,1.0,16.0,0.0,2.0,1.0,0.0,1.0,1.0,0.5,1.0,32.0,2.0,4.0,669.0,9.0,2.0,0.0
LIVE_EPISODIC,EVENT_DRIVEN,Q06_FALSE3,AVAILABILITY_LOSS,LOW,4,COMPACT_TYPED,12,1.0,8.0,0.0,2.0,1.0,0.0,1.0,1.0,0.5,1.0,20.0,2.0,4.0,665.0,5.0,2.0,0.0
LIVE_EPISODIC,EVENT_DRIVEN,Q06_FALSE3,AVAILABILITY_LOSS,LOW,4,VERBOSE_TYPED,12,1.0,8.0,0.0,2.0,1.0,0.0,1.0,1.0,0.5,1.0,32.0,2.0,4.0,669.0,5.0,2.0,0.0
LIVE_EPISODIC,EVENT_DRIVEN,Q06_FALSE3,AVAILABILITY_LOSS,LOW,8,COMPACT_TYPED,12,1.0,12.0,0.0,2.0,1.0,0.0,1.0,1.0,0.5,1.0,20.0,2.0,4.0,665.0,7.0,2.0,0.0
LIVE_EPISODIC,EVENT_DRIVEN,Q06_FALSE3,AVAILABILITY_LOSS,LOW,8,VERBOSE_TYPED,12,1.0,12.0,0.0,2.0,1.0,0.0,1.0,1.0,0.5,1.0,32.0,2.0,4.0,669.0,7.0,2.0,0.0
LIVE_EPISODIC,EVENT_DRIVEN,Q06_FALSE3,AVAILABILITY_LOSS,LOW,12,COMPACT_TYPED,12,1.0,16.0,0.0,2.0,1.0,0.0,1.0,1.0,0.5,1.0,20.0,2.0,4.0,665.0,9.0,2.0,0.0
LIVE_EPISODIC,EVENT_DRIVEN,Q06_FALSE3,AVAILABILITY_LOSS,LOW,12,VERBOSE_TYPED,12,1.0,16.0,0.0,2.0,1.0,0.0,1.0,1.0,0.5,1.0,32.0,2.0,4.0,669.0,9.0,2.0,0.0
LIVE_EPISODIC,EVENT_DRIVEN,Q06_FALSE3,CONTROL_FAILURE,HIGH,4,COMPACT_TYPED,12,1.0,5.0,3.0,2.0,1.0,0.0,2.0,0.0,0.5,1.0,26.0,2.0,4.0,664.0,5.0,2.0,0.0
LIVE_EPISODIC,EVENT_DRIVEN,Q06_FALSE3,CONTROL_FAILURE,HIGH,4,VERBOSE_TYPED,12,1.0,5.0,3.0,2.0,1.0,0.0,2.0,0.0,0.5,1.0,38.0,2.0,4.0,668.0,5.0,2.0,0.0
LIVE_EPISODIC,EVENT_DRIVEN,Q06_FALSE3,CONTROL_FAILURE,HIGH,8,COMPACT_TYPED,12,1.0,9.0,3.0,2.0,1.0,0.0,2.0,0.0,0.5,1.0,26.0,2.0,4.0,664.0,7.0,2.0,0.0
LIVE_EPISODIC,EVENT_DRIVEN,Q06_FALSE3,CONTROL_FAILURE,HIGH,8,VERBOSE_TYPED,12,1.0,9.0,3.0,2.0,1.0,0.0,2.0,0.0,0.5,1.0,38.0,2.0,4.0,668.0,7.0,2.0,0.0
LIVE_EPISODIC,EVENT_DRIVEN,Q06_FALSE3,CONTROL_FAILURE,HIGH,12,COMPACT_TYPED,12,1.0,13.0,3.0,2.0,1.0,0.0,2.0,0.0,0.5,1.0,26.0,2.0,4.0,664.0,9.0,2.0,0.0
LIVE_EPISODIC,EVENT_DRIVEN,Q06_FALSE3,CONTROL_FAILURE,HIGH,12,VERBOSE_TYPED,12,1.0,13.0,3.0,2.0,1.0,0.0,2.0,0.0,0.5,1.0,38.0,2.0,4.0,668.0,9.0,2.0,0.0
LIVE_EPISODIC,EVENT_DRIVEN,Q06_FALSE3,CONTROL_FAILURE,LOW,4,COMPACT_TYPED,12,1.0,6.0,2.0,2.0,1.0,0.0,2.0,0.0,0.5,1.0,24.0,2.0,4.0,664.0,5.0,2.0,0.0
LIVE_EPISODIC,EVENT_DRIVEN,Q06_FALSE3,CONTROL_FAILURE,LOW,4,VERBOSE_TYPED,12,1.0,6.0,2.0,2.0,1.0,0.0,2.0,0.0,0.5,1.0,36.0,2.0,4.0,668.0,5.0,2.0,0.0
LIVE_EPISODIC,EVENT_DRIVEN,Q06_FALSE3,CONTROL_FAILURE,LOW,8,COMPACT_TYPED,12,1.0,10.0,2.0,2.0,1.0,0.0,2.0,0.0,0.5,1.0,24.0,2.0,4.0,664.0,7.0,2.0,0.0
LIVE_EPISODIC,EVENT_DRIVEN,Q06_FALSE3,CONTROL_FAILURE,LOW,8,VERBOSE_TYPED,12,1.0,10.0,2.0,2.0,1.0,0.0,2.0,0.0,0.5,1.0,36.0,2.0,4.0,668.0,7.0,2.0,0.0
LIVE_EPISODIC,EVENT_DRIVEN,Q06_FALSE3,CONTROL_FAILURE,LOW,12,COMPACT_TYPED,12,1.0,14.0,2.0,2.0,1.0,0.0,2.0,0.0,0.5,1.0,24.0,2.0,4.0,664.0,9.0,2.0,0.0
LIVE_EPISODIC,EVENT_DRIVEN,Q06_FALSE3,CONTROL_FAILURE,LOW,12,VERBOSE_TYPED,12,1.0,14.0,2.0,2.0,1.0,0.0,2.0,0.0,0.5,1.0,36.0,2.0,4.0,668.0,9.0,2.0,0.0
LIVE_EPISODIC,EVENT_DRIVEN,Q06_FALSE3,POSE_SHIFT,HIGH,4,COMPACT_TYPED,12,1.0,8.0,0.0,2.0,1.0,0.0,1.0,0.0,0.5,1.0,20.0,2.0,4.0,659.0,5.0,2.0,0.0
LIVE_EPISODIC,EVENT_DRIVEN,Q06_FALSE3,POSE_SHIFT,HIGH,4,VERBOSE_TYPED,12,1.0,8.0,0.0,2.0,1.0,0.0,1.0,0.0,0.5,1.0,32.0,2.0,4.0,663.0,5.0,2.0,0.0
LIVE_EPISODIC,EVENT_DRIVEN,Q06_FALSE3,POSE_SHIFT,HIGH,8,COMPACT_TYPED,12,1.0,12.0,0.0,2.0,1.0,0.0,1.0,0.0,0.5,1.0,20.0,2.0,4.0,659.0,7.0,2.0,0.0
LIVE_EPISODIC,EVENT_DRIVEN,Q06_FALSE3,POSE_SHIFT,HIGH,8,VERBOSE_TYPED,12,1.0,12.0,0.0,2.0,1.0,0.0,1.0,0.0,0.5,1.0,32.0,2.0,4.0,663.0,7.0,2.0,0.0
LIVE_EPISODIC,EVENT_DRIVEN,Q06_FALSE3,POSE_SHIFT,HIGH,12,COMPACT_TYPED,12,1.0,16.0,0.0,2.0,1.0,0.0,1.0,0.0,0.5,1.0,20.0,2.0,4.0,659.0,9.0,2.0,0.0
LIVE_EPISODIC,EVENT_DRIVEN,Q06_FALSE3,POSE_SHIFT,HIGH,12,VERBOSE_TYPED,12,1.0,16.0,0.0,2.0,1.0,0.0,1.0,0.0,0.5,1.0,32.0,2.0,4.0,663.0,9.0,2.0,0.0
LIVE_EPISODIC,EVENT_DRIVEN,Q06_FALSE3,POSE_SHIFT,LOW,4,COMPACT_TYPED,12,1.0,8.0,0.0,2.0,1.0,0.0,1.0,0.0,0.5,1.0,20.0,2.0,4.0,659.0,5.0,2.0,0.0
LIVE_EPISODIC,EVENT_DRIVEN,Q06_FALSE3,POSE_SHIFT,LOW,4,VERBOSE_TYPED,12,1.0,8.0,0.0,2.0,1.0,0.0,1.0,0.0,0.5,1.0,32.0,2.0,4.0,663.0,5.0,2.0,0.0
LIVE_EPISODIC,EVENT_DRIVEN,Q06_FALSE3,POSE_SHIFT,LOW,8,COMPACT_TYPED,12,1.0,12.0,0.0,2.0,1.0,0.0,1.0,0.0,0.5,1.0,20.0,2.0,4.0,659.0,7.0,2.0,0.0
LIVE_EPISODIC,EVENT_DRIVEN,Q06_FALSE3,POSE_SHIFT,LOW,8,VERBOSE_TYPED,12,1.0,12.0,0.0,2.0,1.0,0.0,1.0,0.0,0.5,1.0,32.0,2.0,4.0,663.0,7.0,2.0,0.0
LIVE_EPISODIC,EVENT_DRIVEN,Q06_FALSE3,POSE_SHIFT,LOW,12,COMPACT_TYPED,12,1.0,16.0,0.0,2.0,1.0,0.0,1.0,0.0,0.5,1.0,20.0,2.0,4.0,659.0,9.0,2.0,0.0
LIVE_EPISODIC,EVENT_DRIVEN,Q06_FALSE3,POSE_SHIFT,LOW,12,VERBOSE_TYPED,12,1.0,16.0,0.0,2.0,1.0,0.0,1.0,0.0,0.5,1.0,32.0,2.0,4.0,663.0,9.0,2.0,0.0
LIVE_EPISODIC,EVENT_DRIVEN,Q06_FALSE3,RESTRICTION_CHANGE,HIGH,4,COMPACT_TYPED,12,1.0,8.0,0.0,2.0,1.0,0.0,1.0,1.0,0.5,1.0,20.0,2.0,4.0,662.0,5.0,2.0,0.0
LIVE_EPISODIC,EVENT_DRIVEN,Q06_FALSE3,RESTRICTION_CHANGE,HIGH,4,VERBOSE_TYPED,12,1.0,8.0,0.0,2.0,1.0,0.0,1.0,1.0,0.5,1.0,32.0,2.0,4.0,666.0,5.0,2.0,0.0
LIVE_EPISODIC,EVENT_DRIVEN,Q06_FALSE3,RESTRICTION_CHANGE,HIGH,8,COMPACT_TYPED,12,1.0,12.0,0.0,2.0,1.0,0.0,1.0,1.0,0.5,1.0,20.0,2.0,4.0,662.0,7.0,2.0,0.0
LIVE_EPISODIC,EVENT_DRIVEN,Q06_FALSE3,RESTRICTION_CHANGE,HIGH,8,VERBOSE_TYPED,12,1.0,12.0,0.0,2.0,1.0,0.0,1.0,1.0,0.5,1.0,32.0,2.0,4.0,666.0,7.0,2.0,0.0
LIVE_EPISODIC,EVENT_DRIVEN,Q06_FALSE3,RESTRICTION_CHANGE,HIGH,12,COMPACT_TYPED,12,1.0,16.0,0.0,2.0,1.0,0.0,1.0,1.0,0.5,1.0,20.0,2.0,4.0,662.0,9.0,2.0,0.0
LIVE_EPISODIC,EVENT_DRIVEN,Q06_FALSE3,RESTRICTION_CHANGE,HIGH,12,VERBOSE_TYPED,12,1.0,16.0,0.0,2.0,1.0,0.0,1.0,1.0,0.5,1.0,32.0,2.0,4.0,666.0,9.0,2.0,0.0
LIVE_EPISODIC,EVENT_DRIVEN,Q06_FALSE3,RESTRICTION_CHANGE,LOW,4,COMPACT_TYPED,12,1.0,8.0,0.0,2.0,1.0,0.0,1.0,1.0,0.5,1.0,20.0,2.0,4.0,662.0,5.0,2.0,0.0
LIVE_EPISODIC,EVENT_DRIVEN,Q06_FALSE3,RESTRICTION_CHANGE,LOW,4,VERBOSE_TYPED,12,1.0,8.0,0.0,2.0,1.0,0.0,1.0,1.0,0.5,1.0,32.0,2.0,4.0,666.0,5.0,2.0,0.0
LIVE_EPISODIC,EVENT_DRIVEN,Q06_FALSE3,RESTRICTION_CHANGE,LOW,8,COMPACT_TYPED,12,1.0,12.0,0.0,2.0,1.0,0.0,1.0,1.0,0.5,1.0,20.0,2.0,4.0,662.0,7.0,2.0,0.0
LIVE_EPISODIC,EVENT_DRIVEN,Q06_FALSE3,RESTRICTION_CHANGE,LOW,8,VERBOSE_TYPED,12,1.0,12.0,0.0,2.0,1.0,0.0,1.0,1.0,0.5,1.0,32.0,2.0,4.0,666.0,7.0,2.0,0.0
LIVE_EPISODIC,EVENT_DRIVEN,Q06_FALSE3,RESTRICTION_CHANGE,LOW,12,COMPACT_TYPED,12,1.0,16.0,0.0,2.0,1.0,0.0,1.0,1.0,0.5,1.0,20.0,2.0,4.0,662.0,9.0,2.0,0.0
LIVE_EPISODIC,EVENT_DRIVEN,Q06_FALSE3,RESTRICTION_CHANGE,LOW,12,VERBOSE_TYPED,12,1.0,16.0,0.0,2.0,1.0,0.0,1.0,1.0,0.5,1.0,32.0,2.0,4.0,666.0,9.0,2.0,0.0
LIVE_EPISODIC,EVENT_DRIVEN,Q07_DUP_OOO,AVAILABILITY_LOSS,HIGH,4,COMPACT_TYPED,12,1.0,7.0,1.0,2.0,0.0,0.0,1.0,1.0,1.0,1.0,20.0,2.0,3.0,501.0,4.0,2.0,0.0
LIVE_EPISODIC,EVENT_DRIVEN,Q07_DUP_OOO,AVAILABILITY_LOSS,HIGH,4,VERBOSE_TYPED,12,1.0,7.0,1.0,2.0,0.0,0.0,1.0,1.0,1.0,1.0,29.0,2.0,3.0,504.0,4.0,2.0,0.0
LIVE_EPISODIC,EVENT_DRIVEN,Q07_DUP_OOO,AVAILABILITY_LOSS,HIGH,8,COMPACT_TYPED,12,1.0,11.0,1.0,2.0,0.0,0.0,1.0,1.0,1.0,1.0,20.0,2.0,3.0,501.0,6.0,2.0,0.0
LIVE_EPISODIC,EVENT_DRIVEN,Q07_DUP_OOO,AVAILABILITY_LOSS,HIGH,8,VERBOSE_TYPED,12,1.0,11.0,1.0,2.0,0.0,0.0,1.0,1.0,1.0,1.0,29.0,2.0,3.0,504.0,6.0,2.0,0.0
LIVE_EPISODIC,EVENT_DRIVEN,Q07_DUP_OOO,AVAILABILITY_LOSS,HIGH,12,COMPACT_TYPED,12,1.0,15.0,1.0,2.0,0.0,0.0,1.0,1.0,1.0,1.0,20.0,2.0,3.0,501.0,8.0,2.0,0.0
LIVE_EPISODIC,EVENT_DRIVEN,Q07_DUP_OOO,AVAILABILITY_LOSS,HIGH,12,VERBOSE_TYPED,12,1.0,15.0,1.0,2.0,0.0,0.0,1.0,1.0,1.0,1.0,29.0,2.0,3.0,504.0,8.0,2.0,0.0
LIVE_EPISODIC,EVENT_DRIVEN,Q07_DUP_OOO,AVAILABILITY_LOSS,LOW,4,COMPACT_TYPED,12,1.0,7.0,1.0,2.0,0.0,0.0,1.0,1.0,1.0,1.0,20.0,2.0,3.0,501.0,4.0,2.0,0.0
LIVE_EPISODIC,EVENT_DRIVEN,Q07_DUP_OOO,AVAILABILITY_LOSS,LOW,4,VERBOSE_TYPED,12,1.0,7.0,1.0,2.0,0.0,0.0,1.0,1.0,1.0,1.0,29.0,2.0,3.0,504.0,4.0,2.0,0.0
LIVE_EPISODIC,EVENT_DRIVEN,Q07_DUP_OOO,AVAILABILITY_LOSS,LOW,8,COMPACT_TYPED,12,1.0,11.0,1.0,2.0,0.0,0.0,1.0,1.0,1.0,1.0,20.0,2.0,3.0,501.0,6.0,2.0,0.0
LIVE_EPISODIC,EVENT_DRIVEN,Q07_DUP_OOO,AVAILABILITY_LOSS,LOW,8,VERBOSE_TYPED,12,1.0,11.0,1.0,2.0,0.0,0.0,1.0,1.0,1.0,1.0,29.0,2.0,3.0,504.0,6.0,2.0,0.0
LIVE_EPISODIC,EVENT_DRIVEN,Q07_DUP_OOO,AVAILABILITY_LOSS,LOW,12,COMPACT_TYPED,12,1.0,15.0,1.0,2.0,0.0,0.0,1.0,1.0,1.0,1.0,20.0,2.0,3.0,501.0,8.0,2.0,0.0
LIVE_EPISODIC,EVENT_DRIVEN,Q07_DUP_OOO,AVAILABILITY_LOSS,LOW,12,VERBOSE_TYPED,12,1.0,15.0,1.0,2.0,0.0,0.0,1.0,1.0,1.0,1.0,29.0,2.0,3.0,504.0,8.0,2.0,0.0
LIVE_EPISODIC,EVENT_DRIVEN,Q07_DUP_OOO,CONTROL_FAILURE,HIGH,4,COMPACT_TYPED,12,1.0,6.0,2.0,2.0,0.0,0.0,1.0,1.0,1.0,1.0,22.0,2.0,3.0,498.0,4.0,2.0,0.0
LIVE_EPISODIC,EVENT_DRIVEN,Q07_DUP_OOO,CONTROL_FAILURE,HIGH,4,VERBOSE_TYPED,12,1.0,6.0,2.0,2.0,0.0,0.0,1.0,1.0,1.0,1.0,31.0,2.0,3.0,501.0,4.0,2.0,0.0
LIVE_EPISODIC,EVENT_DRIVEN,Q07_DUP_OOO,CONTROL_FAILURE,HIGH,8,COMPACT_TYPED,12,1.0,10.0,2.0,2.0,0.0,0.0,1.0,1.0,1.0,1.0,22.0,2.0,3.0,498.0,6.0,2.0,0.0
LIVE_EPISODIC,EVENT_DRIVEN,Q07_DUP_OOO,CONTROL_FAILURE,HIGH,8,VERBOSE_TYPED,12,1.0,10.0,2.0,2.0,0.0,0.0,1.0,1.0,1.0,1.0,31.0,2.0,3.0,501.0,6.0,2.0,0.0
LIVE_EPISODIC,EVENT_DRIVEN,Q07_DUP_OOO,CONTROL_FAILURE,HIGH,12,COMPACT_TYPED,12,1.0,14.0,2.0,2.0,0.0,0.0,1.0,1.0,1.0,1.0,22.0,2.0,3.0,498.0,8.0,2.0,0.0
LIVE_EPISODIC,EVENT_DRIVEN,Q07_DUP_OOO,CONTROL_FAILURE,HIGH,12,VERBOSE_TYPED,12,1.0,14.0,2.0,2.0,0.0,0.0,1.0,1.0,1.0,1.0,31.0,2.0,3.0,501.0,8.0,2.0,0.0
LIVE_EPISODIC,EVENT_DRIVEN,Q07_DUP_OOO,CONTROL_FAILURE,LOW,4,COMPACT_TYPED,12,1.0,6.0,2.0,2.0,0.0,0.0,1.0,1.0,1.0,1.0,22.0,2.0,3.0,498.0,4.0,2.0,0.0
LIVE_EPISODIC,EVENT_DRIVEN,Q07_DUP_OOO,CONTROL_FAILURE,LOW,4,VERBOSE_TYPED,12,1.0,6.0,2.0,2.0,0.0,0.0,1.0,1.0,1.0,1.0,31.0,2.0,3.0,501.0,4.0,2.0,0.0
LIVE_EPISODIC,EVENT_DRIVEN,Q07_DUP_OOO,CONTROL_FAILURE,LOW,8,COMPACT_TYPED,12,1.0,10.0,2.0,2.0,0.0,0.0,1.0,1.0,1.0,1.0,22.0,2.0,3.0,498.0,6.0,2.0,0.0
LIVE_EPISODIC,EVENT_DRIVEN,Q07_DUP_OOO,CONTROL_FAILURE,LOW,8,VERBOSE_TYPED,12,1.0,10.0,2.0,2.0,0.0,0.0,1.0,1.0,1.0,1.0,31.0,2.0,3.0,501.0,6.0,2.0,0.0
LIVE_EPISODIC,EVENT_DRIVEN,Q07_DUP_OOO,CONTROL_FAILURE,LOW,12,COMPACT_TYPED,12,1.0,14.0,2.0,2.0,0.0,0.0,1.0,1.0,1.0,1.0,22.0,2.0,3.0,498.0,8.0,2.0,0.0
LIVE_EPISODIC,EVENT_DRIVEN,Q07_DUP_OOO,CONTROL_FAILURE,LOW,12,VERBOSE_TYPED,12,1.0,14.0,2.0,2.0,0.0,0.0,1.0,1.0,1.0,1.0,31.0,2.0,3.0,501.0,8.0,2.0,0.0
LIVE_EPISODIC,EVENT_DRIVEN,Q07_DUP_OOO,POSE_SHIFT,HIGH,4,COMPACT_TYPED,12,1.0,7.0,1.0,2.0,0.0,0.0,1.0,0.0,1.0,1.0,20.0,2.0,3.0,483.0,4.0,2.0,0.0
LIVE_EPISODIC,EVENT_DRIVEN,Q07_DUP_OOO,POSE_SHIFT,HIGH,4,VERBOSE_TYPED,12,1.0,7.0,1.0,2.0,0.0,0.0,1.0,0.0,1.0,1.0,29.0,2.0,3.0,486.0,4.0,2.0,0.0
LIVE_EPISODIC,EVENT_DRIVEN,Q07_DUP_OOO,POSE_SHIFT,HIGH,8,COMPACT_TYPED,12,1.0,11.0,1.0,2.0,0.0,0.0,1.0,0.0,1.0,1.0,20.0,2.0,3.0,483.0,6.0,2.0,0.0
LIVE_EPISODIC,EVENT_DRIVEN,Q07_DUP_OOO,POSE_SHIFT,HIGH,8,VERBOSE_TYPED,12,1.0,11.0,1.0,2.0,0.0,0.0,1.0,0.0,1.0,1.0,29.0,2.0,3.0,486.0,6.0,2.0,0.0
LIVE_EPISODIC,EVENT_DRIVEN,Q07_DUP_OOO,POSE_SHIFT,HIGH,12,COMPACT_TYPED,12,1.0,15.0,1.0,2.0,0.0,0.0,1.0,0.0,1.0,1.0,20.0,2.0,3.0,483.0,8.0,2.0,0.0
LIVE_EPISODIC,EVENT_DRIVEN,Q07_DUP_OOO,POSE_SHIFT,HIGH,12,VERBOSE_TYPED,12,1.0,15.0,1.0,2.0,0.0,0.0,1.0,0.0,1.0,1.0,29.0,2.0,3.0,486.0,8.0,2.0,0.0
LIVE_EPISODIC,EVENT_DRIVEN,Q07_DUP_OOO,POSE_SHIFT,LOW,4,COMPACT_TYPED,12,1.0,7.0,1.0,2.0,0.0,0.0,1.0,0.0,1.0,1.0,20.0,2.0,3.0,483.0,4.0,2.0,0.0
LIVE_EPISODIC,EVENT_DRIVEN,Q07_DUP_OOO,POSE_SHIFT,LOW,4,VERBOSE_TYPED,12,1.0,7.0,1.0,2.0,0.0,0.0,1.0,0.0,1.0,1.0,29.0,2.0,3.0,486.0,4.0,2.0,0.0
LIVE_EPISODIC,EVENT_DRIVEN,Q07_DUP_OOO,POSE_SHIFT,LOW,8,COMPACT_TYPED,12,1.0,11.0,1.0,2.0,0.0,0.0,1.0,0.0,1.0,1.0,20.0,2.0,3.0,483.0,6.0,2.0,0.0
LIVE_EPISODIC,EVENT_DRIVEN,Q07_DUP_OOO,POSE_SHIFT,LOW,8,VERBOSE_TYPED,12,1.0,11.0,1.0,2.0,0.0,0.0,1.0,0.0,1.0,1.0,29.0,2.0,3.0,486.0,6.0,2.0,0.0
LIVE_EPISODIC,EVENT_DRIVEN,Q07_DUP_OOO,POSE_SHIFT,LOW,12,COMPACT_TYPED,12,1.0,15.0,1.0,2.0,0.0,0.0,1.0,0.0,1.0,1.0,20.0,2.0,3.0,483.0,8.0,2.0,0.0
LIVE_EPISODIC,EVENT_DRIVEN,Q07_DUP_OOO,POSE_SHIFT,LOW,12,VERBOSE_TYPED,12,1.0,15.0,1.0,2.0,0.0,0.0,1.0,0.0,1.0,1.0,29.0,2.0,3.0,486.0,8.0,2.0,0.0
LIVE_EPISODIC,EVENT_DRIVEN,Q07_DUP_OOO,RESTRICTION_CHANGE,HIGH,4,COMPACT_TYPED,12,1.0,7.0,1.0,2.0,0.0,0.0,1.0,1.0,1.0,1.0,20.0,2.0,3.0,492.0,4.0,2.0,0.0
LIVE_EPISODIC,EVENT_DRIVEN,Q07_DUP_OOO,RESTRICTION_CHANGE,HIGH,4,VERBOSE_TYPED,12,1.0,7.0,1.0,2.0,0.0,0.0,1.0,1.0,1.0,1.0,29.0,2.0,3.0,495.0,4.0,2.0,0.0
LIVE_EPISODIC,EVENT_DRIVEN,Q07_DUP_OOO,RESTRICTION_CHANGE,HIGH,8,COMPACT_TYPED,12,1.0,11.0,1.0,2.0,0.0,0.0,1.0,1.0,1.0,1.0,20.0,2.0,3.0,492.0,6.0,2.0,0.0
LIVE_EPISODIC,EVENT_DRIVEN,Q07_DUP_OOO,RESTRICTION_CHANGE,HIGH,8,VERBOSE_TYPED,12,1.0,11.0,1.0,2.0,0.0,0.0,1.0,1.0,1.0,1.0,29.0,2.0,3.0,495.0,6.0,2.0,0.0
LIVE_EPISODIC,EVENT_DRIVEN,Q07_DUP_OOO,RESTRICTION_CHANGE,HIGH,12,COMPACT_TYPED,12,1.0,15.0,1.0,2.0,0.0,0.0,1.0,1.0,1.0,1.0,20.0,2.0,3.0,492.0,8.0,2.0,0.0
LIVE_EPISODIC,EVENT_DRIVEN,Q07_DUP_OOO,RESTRICTION_CHANGE,HIGH,12,VERBOSE_TYPED,12,1.0,15.0,1.0,2.0,0.0,0.0,1.0,1.0,1.0,1.0,29.0,2.0,3.0,495.0,8.0,2.0,0.0
LIVE_EPISODIC,EVENT_DRIVEN,Q07_DUP_OOO,RESTRICTION_CHANGE,LOW,4,COMPACT_TYPED,12,1.0,7.0,1.0,2.0,0.0,0.0,1.0,1.0,1.0,1.0,20.0,2.0,3.0,492.0,4.0,2.0,0.0
LIVE_EPISODIC,EVENT_DRIVEN,Q07_DUP_OOO,RESTRICTION_CHANGE,LOW,4,VERBOSE_TYPED,12,1.0,7.0,1.0,2.0,0.0,0.0,1.0,1.0,1.0,1.0,29.0,2.0,3.0,495.0,4.0,2.0,0.0
LIVE_EPISODIC,EVENT_DRIVEN,Q07_DUP_OOO,RESTRICTION_CHANGE,LOW,8,COMPACT_TYPED,12,1.0,11.0,1.0,2.0,0.0,0.0,1.0,1.0,1.0,1.0,20.0,2.0,3.0,492.0,6.0,2.0,0.0
LIVE_EPISODIC,EVENT_DRIVEN,Q07_DUP_OOO,RESTRICTION_CHANGE,LOW,8,VERBOSE_TYPED,12,1.0,11.0,1.0,2.0,0.0,0.0,1.0,1.0,1.0,1.0,29.0,2.0,3.0,495.0,6.0,2.0,0.0
LIVE_EPISODIC,EVENT_DRIVEN,Q07_DUP_OOO,RESTRICTION_CHANGE,LOW,12,COMPACT_TYPED,12,1.0,15.0,1.0,2.0,0.0,0.0,1.0,1.0,1.0,1.0,20.0,2.0,3.0,492.0,8.0,2.0,0.0
LIVE_EPISODIC,EVENT_DRIVEN,Q07_DUP_OOO,RESTRICTION_CHANGE,LOW,12,VERBOSE_TYPED,12,1.0,15.0,1.0,2.0,0.0,0.0,1.0,1.0,1.0,1.0,29.0,2.0,3.0,495.0,8.0,2.0,0.0
LIVE_EPISODIC,EVENT_DRIVEN,Q08_GUARDED,AVAILABILITY_LOSS,HIGH,4,COMPACT_TYPED,12,0.58333333,3.91666667,4.08333333,1.58333333,1.0,0.0,1.0,0.58333333,0.29166667,0.58333333,21.41666667,1.58333333,1.58333333,263.41666667,4.83333333,1.58333333,0.0
LIVE_EPISODIC,EVENT_DRIVEN,Q08_GUARDED,AVAILABILITY_LOSS,HIGH,4,VERBOSE_TYPED,12,0.58333333,3.91666667,4.08333333,1.58333333,1.0,0.0,1.0,0.58333333,0.29166667,0.58333333,27.91666667,1.58333333,1.58333333,265.0,4.83333333,1.58333333,0.0
LIVE_EPISODIC,EVENT_DRIVEN,Q08_GUARDED,AVAILABILITY_LOSS,HIGH,8,COMPACT_TYPED,12,0.83333333,8.83333333,3.16666667,1.83333333,1.0,0.0,1.0,0.83333333,0.41666667,0.83333333,21.83333333,1.83333333,1.83333333,305.16666667,6.33333333,1.83333333,0.0
LIVE_EPISODIC,EVENT_DRIVEN,Q08_GUARDED,AVAILABILITY_LOSS,HIGH,8,VERBOSE_TYPED,12,0.83333333,8.83333333,3.16666667,1.83333333,1.0,0.0,1.0,0.83333333,0.41666667,0.83333333,29.83333333,1.83333333,1.83333333,307.0,6.33333333,1.83333333,0.0
LIVE_EPISODIC,EVENT_DRIVEN,Q08_GUARDED,AVAILABILITY_LOSS,HIGH,12,COMPACT_TYPED,12,0.66666667,11.0,5.0,1.66666667,1.0,0.0,1.0,0.66666667,0.33333333,0.66666667,24.0,1.66666667,1.66666667,277.33333333,8.66666667,1.66666667,0.0
LIVE_EPISODIC,EVENT_DRIVEN,Q08_GUARDED,AVAILABILITY_LOSS,HIGH,12,VERBOSE_TYPED,12,0.66666667,11.0,5.0,1.66666667,1.0,0.0,1.0,0.66666667,0.33333333,0.66666667,31.0,1.66666667,1.66666667,279.0,8.66666667,1.66666667,0.0
LIVE_EPISODIC,EVENT_DRIVEN,Q08_GUARDED,AVAILABILITY_LOSS,LOW,4,COMPACT_TYPED,12,0.66666667,4.33333333,3.66666667,1.66666667,1.0,0.0,1.0,0.66666667,0.33333333,0.66666667,21.33333333,1.66666667,1.66666667,277.33333333,4.66666667,1.66666667,0.0
LIVE_EPISODIC,EVENT_DRIVEN,Q08_GUARDED,AVAILABILITY_LOSS,LOW,4,VERBOSE_TYPED,12,0.66666667,4.33333333,3.66666667,1.66666667,1.0,0.0,1.0,0.66666667,0.33333333,0.66666667,28.33333333,1.66666667,1.66666667,279.0,4.66666667,1.66666667,0.0
LIVE_EPISODIC,EVENT_DRIVEN,Q08_GUARDED,AVAILABILITY_LOSS,LOW,8,COMPACT_TYPED,12,0.83333333,8.83333333,3.16666667,1.83333333,1.0,0.0,1.0,0.83333333,0.41666667,0.83333333,21.83333333,1.83333333,1.83333333,305.16666667,6.33333333,1.83333333,0.0
LIVE_EPISODIC,EVENT_DRIVEN,Q08_GUARDED,AVAILABILITY_LOSS,LOW,8,VERBOSE_TYPED,12,0.83333333,8.83333333,3.16666667,1.83333333,1.0,0.0,1.0,0.83333333,0.41666667,0.83333333,29.83333333,1.83333333,1.83333333,307.0,6.33333333,1.83333333,0.0
LIVE_EPISODIC,EVENT_DRIVEN,Q08_GUARDED,AVAILABILITY_LOSS,LOW,12,COMPACT_TYPED,12,0.83333333,12.5,3.5,1.83333333,1.0,0.0,1.0,0.83333333,0.41666667,0.83333333,22.5,1.83333333,1.83333333,305.16666667,8.33333333,1.83333333,0.0
LIVE_EPISODIC,EVENT_DRIVEN,Q08_GUARDED,AVAILABILITY_LOSS,LOW,12,VERBOSE_TYPED,12,0.83333333,12.5,3.5,1.83333333,1.0,0.0,1.0,0.83333333,0.41666667,0.83333333,30.5,1.83333333,1.83333333,307.0,8.33333333,1.83333333,0.0
LIVE_EPISODIC,EVENT_DRIVEN,Q08_GUARDED,CONTROL_FAILURE,HIGH,4,COMPACT_TYPED,12,1.0,5.66666667,2.33333333,1.66666667,1.0,0.0,1.0,0.66666667,0.33333333,0.66666667,18.66666667,1.66666667,1.66666667,276.66666667,4.66666667,1.66666667,0.0
LIVE_EPISODIC,EVENT_DRIVEN,Q08_GUARDED,CONTROL_FAILURE,HIGH,4,VERBOSE_TYPED,12,1.0,5.66666667,2.33333333,1.66666667,1.0,0.0,1.0,0.66666667,0.33333333,0.66666667,25.66666667,1.66666667,1.66666667,278.33333333,4.66666667,1.66666667,0.0
LIVE_EPISODIC,EVENT_DRIVEN,Q08_GUARDED,CONTROL_FAILURE,HIGH,8,COMPACT_TYPED,12,1.0,9.58333333,2.41666667,1.58333333,1.0,0.0,1.0,0.58333333,0.29166667,0.58333333,18.08333333,1.58333333,1.58333333,262.83333333,6.83333333,1.58333333,0.0
LIVE_EPISODIC,EVENT_DRIVEN,Q08_GUARDED,CONTROL_FAILURE,HIGH,8,VERBOSE_TYPED,12,1.0,9.58333333,2.41666667,1.58333333,1.0,0.0,1.0,0.58333333,0.29166667,0.58333333,24.58333333,1.58333333,1.58333333,264.41666667,6.83333333,1.58333333,0.0
LIVE_EPISODIC,EVENT_DRIVEN,Q08_GUARDED,CONTROL_FAILURE,HIGH,12,COMPACT_TYPED,12,1.0,13.83333333,2.16666667,1.83333333,1.0,0.0,1.0,0.83333333,0.41666667,0.83333333,19.83333333,1.83333333,1.83333333,304.33333333,8.33333333,1.83333333,0.0
LIVE_EPISODIC,EVENT_DRIVEN,Q08_GUARDED,CONTROL_FAILURE,HIGH,12,VERBOSE_TYPED,12,1.0,13.83333333,2.16666667,1.83333333,1.0,0.0,1.0,0.83333333,0.41666667,0.83333333,27.83333333,1.83333333,1.83333333,306.16666667,8.33333333,1.83333333,0.0
LIVE_EPISODIC,EVENT_DRIVEN,Q08_GUARDED,CONTROL_FAILURE,LOW,4,COMPACT_TYPED,12,1.0,6.0,2.0,1.91666667,1.0,0.0,1.0,0.91666667,0.45833333,0.91666667,20.25,1.91666667,1.91666667,318.16666667,4.16666667,1.91666667,0.0
LIVE_EPISODIC,EVENT_DRIVEN,Q08_GUARDED,CONTROL_FAILURE,LOW,4,VERBOSE_TYPED,12,1.0,6.0,2.0,1.91666667,1.0,0.0,1.0,0.91666667,0.45833333,0.91666667,28.75,1.91666667,1.91666667,320.08333333,4.16666667,1.91666667,0.0
LIVE_EPISODIC,EVENT_DRIVEN,Q08_GUARDED,CONTROL_FAILURE,LOW,8,COMPACT_TYPED,12,1.0,10.0,2.0,1.66666667,1.0,0.0,1.0,0.66666667,0.33333333,0.66666667,18.0,1.66666667,1.66666667,276.66666667,6.66666667,1.66666667,0.0
LIVE_EPISODIC,EVENT_DRIVEN,Q08_GUARDED,CONTROL_FAILURE,LOW,8,VERBOSE_TYPED,12,1.0,10.0,2.0,1.66666667,1.0,0.0,1.0,0.66666667,0.33333333,0.66666667,25.0,1.66666667,1.66666667,278.33333333,6.66666667,1.66666667,0.0
LIVE_EPISODIC,EVENT_DRIVEN,Q08_GUARDED,CONTROL_FAILURE,LOW,12,COMPACT_TYPED,12,1.0,14.0,2.0,1.83333333,1.0,0.0,1.0,0.83333333,0.41666667,0.83333333,19.5,1.83333333,1.83333333,304.33333333,8.33333333,1.83333333,0.0
LIVE_EPISODIC,EVENT_DRIVEN,Q08_GUARDED,CONTROL_FAILURE,LOW,12,VERBOSE_TYPED,12,1.0,14.0,2.0,1.83333333,1.0,0.0,1.0,0.83333333,0.41666667,0.83333333,27.5,1.83333333,1.83333333,306.16666667,8.33333333,1.83333333,0.0
LIVE_EPISODIC,EVENT_DRIVEN,Q08_GUARDED,POSE_SHIFT,HIGH,4,COMPACT_TYPED,12,0.66666667,4.33333333,3.66666667,1.66666667,1.0,0.0,1.0,0.66666667,0.33333333,0.66666667,21.33333333,1.66666667,1.66666667,273.33333333,4.66666667,1.66666667,0.0
LIVE_EPISODIC,EVENT_DRIVEN,Q08_GUARDED,POSE_SHIFT,HIGH,4,VERBOSE_TYPED,12,0.66666667,4.33333333,3.66666667,1.66666667,1.0,0.0,1.0,0.66666667,0.33333333,0.66666667,28.33333333,1.66666667,1.66666667,275.0,4.66666667,1.66666667,0.0
LIVE_EPISODIC,EVENT_DRIVEN,Q08_GUARDED,POSE_SHIFT,HIGH,8,COMPACT_TYPED,12,0.41666667,5.91666667,6.08333333,1.41666667,1.0,0.0,1.0,0.41666667,0.20833333,0.41666667,23.91666667,1.41666667,1.41666667,233.08333333,7.16666667,1.41666667,0.0
LIVE_EPISODIC,EVENT_DRIVEN,Q08_GUARDED,POSE_SHIFT,HIGH,8,VERBOSE_TYPED,12,0.41666667,5.91666667,6.08333333,1.41666667,1.0,0.0,1.0,0.41666667,0.20833333,0.41666667,29.41666667,1.41666667,1.41666667,234.5,7.16666667,1.41666667,0.0
LIVE_EPISODIC,EVENT_DRIVEN,Q08_GUARDED,POSE_SHIFT,HIGH,12,COMPACT_TYPED,12,0.66666667,11.0,5.0,1.66666667,1.0,0.0,1.0,0.66666667,0.33333333,0.66666667,24.0,1.66666667,1.66666667,273.33333333,8.66666667,1.66666667,0.0
LIVE_EPISODIC,EVENT_DRIVEN,Q08_GUARDED,POSE_SHIFT,HIGH,12,VERBOSE_TYPED,12,0.66666667,11.0,5.0,1.66666667,1.0,0.0,1.0,0.66666667,0.33333333,0.66666667,31.0,1.66666667,1.66666667,275.0,8.66666667,1.66666667,0.0
LIVE_EPISODIC,EVENT_DRIVEN,Q08_GUARDED,POSE_SHIFT,LOW,4,COMPACT_TYPED,12,0.66666667,4.33333333,3.66666667,1.66666667,1.0,0.0,1.0,0.66666667,0.33333333,0.66666667,21.33333333,1.66666667,1.66666667,273.33333333,4.66666667,1.66666667,0.0
LIVE_EPISODIC,EVENT_DRIVEN,Q08_GUARDED,POSE_SHIFT,LOW,4,VERBOSE_TYPED,12,0.66666667,4.33333333,3.66666667,1.66666667,1.0,0.0,1.0,0.66666667,0.33333333,0.66666667,28.33333333,1.66666667,1.66666667,275.0,4.66666667,1.66666667,0.0
LIVE_EPISODIC,EVENT_DRIVEN,Q08_GUARDED,POSE_SHIFT,LOW,8,COMPACT_TYPED,12,0.58333333,7.08333333,4.91666667,1.58333333,1.0,0.0,1.0,0.58333333,0.29166667,0.58333333,23.08333333,1.58333333,1.58333333,259.91666667,6.83333333,1.58333333,0.0
LIVE_EPISODIC,EVENT_DRIVEN,Q08_GUARDED,POSE_SHIFT,LOW,8,VERBOSE_TYPED,12,0.58333333,7.08333333,4.91666667,1.58333333,1.0,0.0,1.0,0.58333333,0.29166667,0.58333333,29.58333333,1.58333333,1.58333333,261.5,6.83333333,1.58333333,0.0
LIVE_EPISODIC,EVENT_DRIVEN,Q08_GUARDED,POSE_SHIFT,LOW,12,COMPACT_TYPED,12,0.66666667,11.0,5.0,1.66666667,1.0,0.0,1.0,0.66666667,0.33333333,0.66666667,24.0,1.66666667,1.66666667,273.33333333,8.66666667,1.66666667,0.0
LIVE_EPISODIC,EVENT_DRIVEN,Q08_GUARDED,POSE_SHIFT,LOW,12,VERBOSE_TYPED,12,0.66666667,11.0,5.0,1.66666667,1.0,0.0,1.0,0.66666667,0.33333333,0.66666667,31.0,1.66666667,1.66666667,275.0,8.66666667,1.66666667,0.0
LIVE_EPISODIC,EVENT_DRIVEN,Q08_GUARDED,RESTRICTION_CHANGE,HIGH,4,COMPACT_TYPED,12,0.75,4.75,3.25,1.75,1.0,0.0,1.0,0.75,0.375,0.75,21.25,1.75,1.75,289.0,4.5,1.75,0.0
LIVE_EPISODIC,EVENT_DRIVEN,Q08_GUARDED,RESTRICTION_CHANGE,HIGH,4,VERBOSE_TYPED,12,0.75,4.75,3.25,1.75,1.0,0.0,1.0,0.75,0.375,0.75,28.75,1.75,1.75,290.75,4.5,1.75,0.0
LIVE_EPISODIC,EVENT_DRIVEN,Q08_GUARDED,RESTRICTION_CHANGE,HIGH,8,COMPACT_TYPED,12,0.75,8.25,3.75,1.75,1.0,0.0,1.0,0.75,0.375,0.75,22.25,1.75,1.75,289.0,6.5,1.75,0.0
LIVE_EPISODIC,EVENT_DRIVEN,Q08_GUARDED,RESTRICTION_CHANGE,HIGH,8,VERBOSE_TYPED,12,0.75,8.25,3.75,1.75,1.0,0.0,1.0,0.75,0.375,0.75,29.75,1.75,1.75,290.75,6.5,1.75,0.0
LIVE_EPISODIC,EVENT_DRIVEN,Q08_GUARDED,RESTRICTION_CHANGE,HIGH,12,COMPACT_TYPED,12,0.83333333,12.5,3.5,1.83333333,1.0,0.0,1.0,0.83333333,0.41666667,0.83333333,22.5,1.83333333,1.83333333,302.66666667,8.33333333,1.83333333,0.0
LIVE_EPISODIC,EVENT_DRIVEN,Q08_GUARDED,RESTRICTION_CHANGE,HIGH,12,VERBOSE_TYPED,12,0.83333333,12.5,3.5,1.83333333,1.0,0.0,1.0,0.83333333,0.41666667,0.83333333,30.5,1.83333333,1.83333333,304.5,8.33333333,1.83333333,0.0
LIVE_EPISODIC,EVENT_DRIVEN,Q08_GUARDED,RESTRICTION_CHANGE,LOW,4,COMPACT_TYPED,12,0.83333333,5.16666667,2.83333333,1.83333333,1.0,0.0,1.0,0.83333333,0.41666667,0.83333333,21.16666667,1.83333333,1.83333333,302.66666667,4.33333333,1.83333333,0.0
LIVE_EPISODIC,EVENT_DRIVEN,Q08_GUARDED,RESTRICTION_CHANGE,LOW,4,VERBOSE_TYPED,12,0.83333333,5.16666667,2.83333333,1.83333333,1.0,0.0,1.0,0.83333333,0.41666667,0.83333333,29.16666667,1.83333333,1.83333333,304.5,4.33333333,1.83333333,0.0
LIVE_EPISODIC,EVENT_DRIVEN,Q08_GUARDED,RESTRICTION_CHANGE,LOW,8,COMPACT_TYPED,12,0.75,8.25,3.75,1.75,1.0,0.0,1.0,0.75,0.375,0.75,22.25,1.75,1.75,289.0,6.5,1.75,0.0
LIVE_EPISODIC,EVENT_DRIVEN,Q08_GUARDED,RESTRICTION_CHANGE,LOW,8,VERBOSE_TYPED,12,0.75,8.25,3.75,1.75,1.0,0.0,1.0,0.75,0.375,0.75,29.75,1.75,1.75,290.75,6.5,1.75,0.0
LIVE_EPISODIC,EVENT_DRIVEN,Q08_GUARDED,RESTRICTION_CHANGE,LOW,12,COMPACT_TYPED,12,0.75,11.75,4.25,1.75,1.0,0.0,1.0,0.75,0.375,0.75,23.25,1.75,1.75,289.0,8.5,1.75,0.0
LIVE_EPISODIC,EVENT_DRIVEN,Q08_GUARDED,RESTRICTION_CHANGE,LOW,12,VERBOSE_TYPED,12,0.75,11.75,4.25,1.75,1.0,0.0,1.0,0.75,0.375,0.75,30.75,1.75,1.75,290.75,8.5,1.75,0.0
LIVE_EPISODIC,EVENT_DRIVEN,Q09_HOSTILE,AVAILABILITY_LOSS,HIGH,4,COMPACT_TYPED,12,0.5,2.5,5.5,1.5,1.0,0.0,1.0,0.5,0.25,0.5,27.0,1.5,2.5,415.5,4.0,1.5,0.0
LIVE_EPISODIC,EVENT_DRIVEN,Q09_HOSTILE,AVAILABILITY_LOSS,HIGH,4,VERBOSE_TYPED,12,0.5,2.5,5.5,1.5,1.0,0.0,1.0,0.5,0.25,0.5,40.5,1.5,2.5,418.0,4.0,1.5,0.0
LIVE_EPISODIC,EVENT_DRIVEN,Q09_HOSTILE,AVAILABILITY_LOSS,HIGH,8,COMPACT_TYPED,12,0.66666667,6.33333333,5.66666667,1.66666667,1.0,0.0,1.0,0.66666667,0.33333333,0.66666667,29.0,1.66666667,2.66666667,443.33333333,5.33333333,1.66666667,0.0
LIVE_EPISODIC,EVENT_DRIVEN,Q09_HOSTILE,AVAILABILITY_LOSS,HIGH,8,VERBOSE_TYPED,12,0.66666667,6.33333333,5.66666667,1.66666667,1.0,0.0,1.0,0.66666667,0.33333333,0.66666667,44.0,1.66666667,2.66666667,446.0,5.33333333,1.66666667,0.0
LIVE_EPISODIC,EVENT_DRIVEN,Q09_HOSTILE,AVAILABILITY_LOSS,HIGH,12,COMPACT_TYPED,12,0.41666667,7.91666667,8.08333333,1.41666667,1.0,0.0,1.0,0.41666667,0.20833333,0.41666667,31.33333333,1.41666667,2.41666667,402.0,8.33333333,1.41666667,0.0
LIVE_EPISODIC,EVENT_DRIVEN,Q09_HOSTILE,AVAILABILITY_LOSS,HIGH,12,VERBOSE_TYPED,12,0.41666667,7.91666667,8.08333333,1.41666667,1.0,0.0,1.0,0.41666667,0.20833333,0.41666667,44.08333333,1.41666667,2.41666667,404.41666667,8.33333333,1.41666667,0.0
LIVE_EPISODIC,EVENT_DRIVEN,Q09_HOSTILE,AVAILABILITY_LOSS,LOW,4,COMPACT_TYPED,12,0.33333333,2.0,6.0,1.33333333,1.0,0.0,1.0,0.33333333,0.16666667,0.33333333,26.33333333,1.33333333,2.33333333,387.66666667,4.66666667,1.33333333,0.0
LIVE_EPISODIC,EVENT_DRIVEN,Q09_HOSTILE,AVAILABILITY_LOSS,LOW,4,VERBOSE_TYPED,12,0.33333333,2.0,6.0,1.33333333,1.0,0.0,1.0,0.33333333,0.16666667,0.33333333,38.33333333,1.33333333,2.33333333,390.0,4.66666667,1.33333333,0.0
LIVE_EPISODIC,EVENT_DRIVEN,Q09_HOSTILE,AVAILABILITY_LOSS,LOW,8,COMPACT_TYPED,12,0.58333333,5.91666667,6.08333333,1.58333333,1.0,0.0,1.0,0.58333333,0.29166667,0.58333333,29.0,1.58333333,2.58333333,429.41666667,5.66666667,1.58333333,0.0
LIVE_EPISODIC,EVENT_DRIVEN,Q09_HOSTILE,AVAILABILITY_LOSS,LOW,8,VERBOSE_TYPED,12,0.58333333,5.91666667,6.08333333,1.58333333,1.0,0.0,1.0,0.58333333,0.29166667,0.58333333,43.25,1.58333333,2.58333333,432.0,5.66666667,1.58333333,0.0
LIVE_EPISODIC,EVENT_DRIVEN,Q09_HOSTILE,AVAILABILITY_LOSS,LOW,12,COMPACT_TYPED,12,0.66666667,9.66666667,6.33333333,1.66666667,1.0,0.0,1.0,0.66666667,0.33333333,0.66666667,30.33333333,1.66666667,2.66666667,444.0,7.33333333,1.66666667,0.0
LIVE_EPISODIC,EVENT_DRIVEN,Q09_HOSTILE,AVAILABILITY_LOSS,LOW,12,VERBOSE_TYPED,12,0.66666667,9.66666667,6.33333333,1.66666667,1.0,0.0,1.0,0.66666667,0.33333333,0.66666667,45.33333333,1.66666667,2.66666667,446.66666667,7.33333333,1.66666667,0.0
LIVE_EPISODIC,EVENT_DRIVEN,Q09_HOSTILE,CONTROL_FAILURE,HIGH,4,COMPACT_TYPED,12,1.0,5.0,3.0,1.5,1.0,0.0,1.0,0.5,0.25,0.5,22.0,1.5,2.5,415.0,4.0,1.5,0.0
LIVE_EPISODIC,EVENT_DRIVEN,Q09_HOSTILE,CONTROL_FAILURE,HIGH,4,VERBOSE_TYPED,12,1.0,5.0,3.0,1.5,1.0,0.0,1.0,0.5,0.25,0.5,35.5,1.5,2.5,417.5,4.0,1.5,0.0
LIVE_EPISODIC,EVENT_DRIVEN,Q09_HOSTILE,CONTROL_FAILURE,HIGH,8,COMPACT_TYPED,12,1.0,9.0,3.0,1.41666667,1.0,0.0,1.0,0.41666667,0.20833333,0.41666667,21.16666667,1.41666667,2.41666667,401.16666667,6.33333333,1.41666667,0.0
LIVE_EPISODIC,EVENT_DRIVEN,Q09_HOSTILE,CONTROL_FAILURE,HIGH,8,VERBOSE_TYPED,12,1.0,9.0,3.0,1.41666667,1.0,0.0,1.0,0.41666667,0.20833333,0.41666667,33.91666667,1.41666667,2.41666667,403.58333333,6.33333333,1.41666667,0.0
LIVE_EPISODIC,EVENT_DRIVEN,Q09_HOSTILE,CONTROL_FAILURE,HIGH,12,COMPACT_TYPED,12,1.0,13.0,3.0,1.58333333,1.0,0.0,1.0,0.58333333,0.29166667,0.58333333,22.83333333,1.58333333,2.58333333,429.41666667,7.66666667,1.58333333,0.0
LIVE_EPISODIC,EVENT_DRIVEN,Q09_HOSTILE,CONTROL_FAILURE,HIGH,12,VERBOSE_TYPED,12,1.0,13.0,3.0,1.58333333,1.0,0.0,1.0,0.58333333,0.29166667,0.58333333,37.08333333,1.58333333,2.58333333,432.0,7.66666667,1.58333333,0.0
LIVE_EPISODIC,EVENT_DRIVEN,Q09_HOSTILE,CONTROL_FAILURE,LOW,4,COMPACT_TYPED,12,1.0,6.0,2.0,1.83333333,1.0,0.0,1.0,0.83333333,0.41666667,0.83333333,23.33333333,1.83333333,2.83333333,470.33333333,2.66666667,1.83333333,0.0
LIVE_EPISODIC,EVENT_DRIVEN,Q09_HOSTILE,CONTROL_FAILURE,LOW,4,VERBOSE_TYPED,12,1.0,6.0,2.0,1.83333333,1.0,0.0,1.0,0.83333333,0.41666667,0.83333333,39.83333333,1.83333333,2.83333333,473.16666667,2.66666667,1.83333333,0.0
LIVE_EPISODIC,EVENT_DRIVEN,Q09_HOSTILE,CONTROL_FAILURE,LOW,8,COMPACT_TYPED,12,1.0,10.0,2.0,1.58333333,1.0,0.0,1.0,0.58333333,0.29166667,0.58333333,20.83333333,1.58333333,2.58333333,428.83333333,5.66666667,1.58333333,0.0
LIVE_EPISODIC,EVENT_DRIVEN,Q09_HOSTILE,CONTROL_FAILURE,LOW,8,VERBOSE_TYPED,12,1.0,10.0,2.0,1.58333333,1.0,0.0,1.0,0.58333333,0.29166667,0.58333333,35.08333333,1.58333333,2.58333333,431.41666667,5.66666667,1.58333333,0.0
LIVE_EPISODIC,EVENT_DRIVEN,Q09_HOSTILE,CONTROL_FAILURE,LOW,12,COMPACT_TYPED,12,1.0,14.0,2.0,1.33333333,1.0,0.0,1.0,0.33333333,0.16666667,0.33333333,18.33333333,1.33333333,2.33333333,387.66666667,8.66666667,1.33333333,0.0
LIVE_EPISODIC,EVENT_DRIVEN,Q09_HOSTILE,CONTROL_FAILURE,LOW,12,VERBOSE_TYPED,12,1.0,14.0,2.0,1.33333333,1.0,0.0,1.0,0.33333333,0.16666667,0.33333333,30.33333333,1.33333333,2.33333333,390.0,8.66666667,1.33333333,0.0
LIVE_EPISODIC,EVENT_DRIVEN,Q09_HOSTILE,POSE_SHIFT,HIGH,4,COMPACT_TYPED,12,0.33333333,2.0,6.0,1.33333333,1.0,0.0,1.0,0.33333333,0.16666667,0.33333333,26.33333333,1.33333333,2.33333333,385.66666667,4.66666667,1.33333333,0.0
LIVE_EPISODIC,EVENT_DRIVEN,Q09_HOSTILE,POSE_SHIFT,HIGH,4,VERBOSE_TYPED,12,0.33333333,2.0,6.0,1.33333333,1.0,0.0,1.0,0.33333333,0.16666667,0.33333333,38.33333333,1.33333333,2.33333333,388.0,4.66666667,1.33333333,0.0
LIVE_EPISODIC,EVENT_DRIVEN,Q09_HOSTILE,POSE_SHIFT,HIGH,8,COMPACT_TYPED,12,0.41666667,5.08333333,6.91666667,1.41666667,1.0,0.0,1.0,0.41666667,0.20833333,0.41666667,29.0,1.41666667,2.41666667,399.08333333,6.33333333,1.41666667,0.0
LIVE_EPISODIC,EVENT_DRIVEN,Q09_HOSTILE,POSE_SHIFT,HIGH,8,VERBOSE_TYPED,12,0.41666667,5.08333333,6.91666667,1.41666667,1.0,0.0,1.0,0.41666667,0.20833333,0.41666667,41.75,1.41666667,2.41666667,401.5,6.33333333,1.41666667,0.0
LIVE_EPISODIC,EVENT_DRIVEN,Q09_HOSTILE,POSE_SHIFT,HIGH,12,COMPACT_TYPED,12,0.5,8.5,7.5,1.5,1.0,0.0,1.0,0.5,0.25,0.5,31.0,1.5,2.5,413.0,8.0,1.5,0.0
LIVE_EPISODIC,EVENT_DRIVEN,Q09_HOSTILE,POSE_SHIFT,HIGH,12,VERBOSE_TYPED,12,0.5,8.5,7.5,1.5,1.0,0.0,1.0,0.5,0.25,0.5,44.5,1.5,2.5,415.5,8.0,1.5,0.0
LIVE_EPISODIC,EVENT_DRIVEN,Q09_HOSTILE,POSE_SHIFT,LOW,4,COMPACT_TYPED,12,0.58333333,2.75,5.25,1.58333333,1.0,0.0,1.0,0.58333333,0.29166667,0.58333333,27.33333333,1.58333333,2.58333333,425.91666667,3.66666667,1.58333333,0.0
LIVE_EPISODIC,EVENT_DRIVEN,Q09_HOSTILE,POSE_SHIFT,LOW,4,VERBOSE_TYPED,12,0.58333333,2.75,5.25,1.58333333,1.0,0.0,1.0,0.58333333,0.29166667,0.58333333,41.58333333,1.58333333,2.58333333,428.5,3.66666667,1.58333333,0.0
LIVE_EPISODIC,EVENT_DRIVEN,Q09_HOSTILE,POSE_SHIFT,LOW,8,COMPACT_TYPED,12,0.33333333,4.66666667,7.33333333,1.33333333,1.0,0.0,1.0,0.33333333,0.16666667,0.33333333,29.0,1.33333333,2.33333333,385.66666667,6.66666667,1.33333333,0.0
LIVE_EPISODIC,EVENT_DRIVEN,Q09_HOSTILE,POSE_SHIFT,LOW,8,VERBOSE_TYPED,12,0.33333333,4.66666667,7.33333333,1.33333333,1.0,0.0,1.0,0.33333333,0.16666667,0.33333333,41.0,1.33333333,2.33333333,388.0,6.66666667,1.33333333,0.0
LIVE_EPISODIC,EVENT_DRIVEN,Q09_HOSTILE,POSE_SHIFT,LOW,12,COMPACT_TYPED,12,0.33333333,7.33333333,8.66666667,1.33333333,1.0,0.0,1.0,0.33333333,0.16666667,0.33333333,31.66666667,1.33333333,2.33333333,386.0,8.66666667,1.33333333,0.0
LIVE_EPISODIC,EVENT_DRIVEN,Q09_HOSTILE,POSE_SHIFT,LOW,12,VERBOSE_TYPED,12,0.33333333,7.33333333,8.66666667,1.33333333,1.0,0.0,1.0,0.33333333,0.16666667,0.33333333,43.66666667,1.33333333,2.33333333,388.33333333,8.66666667,1.33333333,0.0
LIVE_EPISODIC,EVENT_DRIVEN,Q09_HOSTILE,RESTRICTION_CHANGE,HIGH,4,COMPACT_TYPED,12,0.41666667,2.25,5.75,1.41666667,1.0,0.0,1.0,0.41666667,0.20833333,0.41666667,26.66666667,1.41666667,2.41666667,400.33333333,4.33333333,1.41666667,0.0
LIVE_EPISODIC,EVENT_DRIVEN,Q09_HOSTILE,RESTRICTION_CHANGE,HIGH,4,VERBOSE_TYPED,12,0.41666667,2.25,5.75,1.41666667,1.0,0.0,1.0,0.41666667,0.20833333,0.41666667,39.41666667,1.41666667,2.41666667,402.75,4.33333333,1.41666667,0.0
LIVE_EPISODIC,EVENT_DRIVEN,Q09_HOSTILE,RESTRICTION_CHANGE,HIGH,8,COMPACT_TYPED,12,0.5,5.5,6.5,1.5,1.0,0.0,1.0,0.5,0.25,0.5,29.0,1.5,2.5,414.0,6.0,1.5,0.0
LIVE_EPISODIC,EVENT_DRIVEN,Q09_HOSTILE,RESTRICTION_CHANGE,HIGH,8,VERBOSE_TYPED,12,0.5,5.5,6.5,1.5,1.0,0.0,1.0,0.5,0.25,0.5,42.5,1.5,2.5,416.5,6.0,1.5,0.0
LIVE_EPISODIC,EVENT_DRIVEN,Q09_HOSTILE,RESTRICTION_CHANGE,HIGH,12,COMPACT_TYPED,12,0.5,8.5,7.5,1.5,1.0,0.0,1.0,0.5,0.25,0.5,31.0,1.5,2.5,414.5,8.0,1.5,0.0
LIVE_EPISODIC,EVENT_DRIVEN,Q09_HOSTILE,RESTRICTION_CHANGE,HIGH,12,VERBOSE_TYPED,12,0.5,8.5,7.5,1.5,1.0,0.0,1.0,0.5,0.25,0.5,44.5,1.5,2.5,417.0,8.0,1.5,0.0
LIVE_EPISODIC,EVENT_DRIVEN,Q09_HOSTILE,RESTRICTION_CHANGE,LOW,4,COMPACT_TYPED,12,0.66666667,3.0,5.0,1.66666667,1.0,0.0,1.0,0.66666667,0.33333333,0.66666667,27.66666667,1.66666667,2.66666667,441.33333333,3.33333333,1.66666667,0.0
LIVE_EPISODIC,EVENT_DRIVEN,Q09_HOSTILE,RESTRICTION_CHANGE,LOW,4,VERBOSE_TYPED,12,0.66666667,3.0,5.0,1.66666667,1.0,0.0,1.0,0.66666667,0.33333333,0.66666667,42.66666667,1.66666667,2.66666667,444.0,3.33333333,1.66666667,0.0
LIVE_EPISODIC,EVENT_DRIVEN,Q09_HOSTILE,RESTRICTION_CHANGE,LOW,8,COMPACT_TYPED,12,0.41666667,5.08333333,6.91666667,1.41666667,1.0,0.0,1.0,0.41666667,0.20833333,0.41666667,29.0,1.41666667,2.41666667,400.33333333,6.33333333,1.41666667,0.0
LIVE_EPISODIC,EVENT_DRIVEN,Q09_HOSTILE,RESTRICTION_CHANGE,LOW,8,VERBOSE_TYPED,12,0.41666667,5.08333333,6.91666667,1.41666667,1.0,0.0,1.0,0.41666667,0.20833333,0.41666667,41.75,1.41666667,2.41666667,402.75,6.33333333,1.41666667,0.0
LIVE_EPISODIC,EVENT_DRIVEN,Q09_HOSTILE,RESTRICTION_CHANGE,LOW,12,COMPACT_TYPED,12,0.41666667,7.91666667,8.08333333,1.41666667,1.0,0.0,1.0,0.41666667,0.20833333,0.41666667,31.33333333,1.41666667,2.41666667,400.75,8.33333333,1.41666667,0.0
LIVE_EPISODIC,EVENT_DRIVEN,Q09_HOSTILE,RESTRICTION_CHANGE,LOW,12,VERBOSE_TYPED,12,0.41666667,7.91666667,8.08333333,1.41666667,1.0,0.0,1.0,0.41666667,0.20833333,0.41666667,44.08333333,1.41666667,2.41666667,403.16666667,8.33333333,1.41666667,0.0
LIVE_EPISODIC,FAILURE_THRESHOLD,Q00_CLEAN,AVAILABILITY_LOSS,HIGH,4,COMPACT_TYPED,12,1.0,6.0,2.0,1.0,0.0,1.0,0.0,1.0,0.0,0.0,11.0,1.0,0.0,0.0,8.0,0.0,1.0
LIVE_EPISODIC,FAILURE_THRESHOLD,Q00_CLEAN,AVAILABILITY_LOSS,HIGH,4,VERBOSE_TYPED,12,1.0,6.0,2.0,1.0,0.0,1.0,0.0,1.0,0.0,0.0,14.0,1.0,0.0,0.0,8.0,0.0,1.0
LIVE_EPISODIC,FAILURE_THRESHOLD,Q00_CLEAN,AVAILABILITY_LOSS,HIGH,8,COMPACT_TYPED,12,1.0,10.0,2.0,1.0,0.0,1.0,0.0,1.0,0.0,0.0,11.0,1.0,0.0,0.0,12.0,0.0,1.0
LIVE_EPISODIC,FAILURE_THRESHOLD,Q00_CLEAN,AVAILABILITY_LOSS,HIGH,8,VERBOSE_TYPED,12,1.0,10.0,2.0,1.0,0.0,1.0,0.0,1.0,0.0,0.0,14.0,1.0,0.0,0.0,12.0,0.0,1.0
LIVE_EPISODIC,FAILURE_THRESHOLD,Q00_CLEAN,AVAILABILITY_LOSS,HIGH,12,COMPACT_TYPED,12,1.0,14.0,2.0,1.0,0.0,1.0,0.0,1.0,0.0,0.0,11.0,1.0,0.0,0.0,16.0,0.0,1.0
LIVE_EPISODIC,FAILURE_THRESHOLD,Q00_CLEAN,AVAILABILITY_LOSS,HIGH,12,VERBOSE_TYPED,12,1.0,14.0,2.0,1.0,0.0,1.0,0.0,1.0,0.0,0.0,14.0,1.0,0.0,0.0,16.0,0.0,1.0
LIVE_EPISODIC,FAILURE_THRESHOLD,Q00_CLEAN,AVAILABILITY_LOSS,LOW,4,COMPACT_TYPED,12,1.0,6.0,2.0,1.0,0.0,1.0,0.0,1.0,0.0,0.0,11.0,1.0,0.0,0.0,8.0,0.0,1.0
LIVE_EPISODIC,FAILURE_THRESHOLD,Q00_CLEAN,AVAILABILITY_LOSS,LOW,4,VERBOSE_TYPED,12,1.0,6.0,2.0,1.0,0.0,1.0,0.0,1.0,0.0,0.0,14.0,1.0,0.0,0.0,8.0,0.0,1.0
LIVE_EPISODIC,FAILURE_THRESHOLD,Q00_CLEAN,AVAILABILITY_LOSS,LOW,8,COMPACT_TYPED,12,1.0,10.0,2.0,1.0,0.0,1.0,0.0,1.0,0.0,0.0,11.0,1.0,0.0,0.0,12.0,0.0,1.0
LIVE_EPISODIC,FAILURE_THRESHOLD,Q00_CLEAN,AVAILABILITY_LOSS,LOW,8,VERBOSE_TYPED,12,1.0,10.0,2.0,1.0,0.0,1.0,0.0,1.0,0.0,0.0,14.0,1.0,0.0,0.0,12.0,0.0,1.0
LIVE_EPISODIC,FAILURE_THRESHOLD,Q00_CLEAN,AVAILABILITY_LOSS,LOW,12,COMPACT_TYPED,12,1.0,14.0,2.0,1.0,0.0,1.0,0.0,1.0,0.0,0.0,11.0,1.0,0.0,0.0,16.0,0.0,1.0
LIVE_EPISODIC,FAILURE_THRESHOLD,Q00_CLEAN,AVAILABILITY_LOSS,LOW,12,VERBOSE_TYPED,12,1.0,14.0,2.0,1.0,0.0,1.0,0.0,1.0,0.0,0.0,14.0,1.0,0.0,0.0,16.0,0.0,1.0
LIVE_EPISODIC,FAILURE_THRESHOLD,Q00_CLEAN,CONTROL_FAILURE,HIGH,4,COMPACT_TYPED,12,1.0,6.0,2.0,1.0,0.0,1.0,0.0,1.0,0.0,0.0,11.0,1.0,0.0,0.0,8.0,0.0,1.0
LIVE_EPISODIC,FAILURE_THRESHOLD,Q00_CLEAN,CONTROL_FAILURE,HIGH,4,VERBOSE_TYPED,12,1.0,6.0,2.0,1.0,0.0,1.0,0.0,1.0,0.0,0.0,14.0,1.0,0.0,0.0,8.0,0.0,1.0
LIVE_EPISODIC,FAILURE_THRESHOLD,Q00_CLEAN,CONTROL_FAILURE,HIGH,8,COMPACT_TYPED,12,1.0,10.0,2.0,1.0,0.0,1.0,0.0,1.0,0.0,0.0,11.0,1.0,0.0,0.0,12.0,0.0,1.0
LIVE_EPISODIC,FAILURE_THRESHOLD,Q00_CLEAN,CONTROL_FAILURE,HIGH,8,VERBOSE_TYPED,12,1.0,10.0,2.0,1.0,0.0,1.0,0.0,1.0,0.0,0.0,14.0,1.0,0.0,0.0,12.0,0.0,1.0
LIVE_EPISODIC,FAILURE_THRESHOLD,Q00_CLEAN,CONTROL_FAILURE,HIGH,12,COMPACT_TYPED,12,1.0,14.0,2.0,1.0,0.0,1.0,0.0,1.0,0.0,0.0,11.0,1.0,0.0,0.0,16.0,0.0,1.0
LIVE_EPISODIC,FAILURE_THRESHOLD,Q00_CLEAN,CONTROL_FAILURE,HIGH,12,VERBOSE_TYPED,12,1.0,14.0,2.0,1.0,0.0,1.0,0.0,1.0,0.0,0.0,14.0,1.0,0.0,0.0,16.0,0.0,1.0
LIVE_EPISODIC,FAILURE_THRESHOLD,Q00_CLEAN,CONTROL_FAILURE,LOW,4,COMPACT_TYPED,12,1.0,6.0,2.0,1.0,0.0,1.0,0.0,1.0,0.0,0.0,11.0,1.0,0.0,0.0,8.0,0.0,1.0
LIVE_EPISODIC,FAILURE_THRESHOLD,Q00_CLEAN,CONTROL_FAILURE,LOW,4,VERBOSE_TYPED,12,1.0,6.0,2.0,1.0,0.0,1.0,0.0,1.0,0.0,0.0,14.0,1.0,0.0,0.0,8.0,0.0,1.0
LIVE_EPISODIC,FAILURE_THRESHOLD,Q00_CLEAN,CONTROL_FAILURE,LOW,8,COMPACT_TYPED,12,1.0,10.0,2.0,1.0,0.0,1.0,0.0,1.0,0.0,0.0,11.0,1.0,0.0,0.0,12.0,0.0,1.0
LIVE_EPISODIC,FAILURE_THRESHOLD,Q00_CLEAN,CONTROL_FAILURE,LOW,8,VERBOSE_TYPED,12,1.0,10.0,2.0,1.0,0.0,1.0,0.0,1.0,0.0,0.0,14.0,1.0,0.0,0.0,12.0,0.0,1.0
LIVE_EPISODIC,FAILURE_THRESHOLD,Q00_CLEAN,CONTROL_FAILURE,LOW,12,COMPACT_TYPED,12,1.0,14.0,2.0,1.0,0.0,1.0,0.0,1.0,0.0,0.0,11.0,1.0,0.0,0.0,16.0,0.0,1.0
LIVE_EPISODIC,FAILURE_THRESHOLD,Q00_CLEAN,CONTROL_FAILURE,LOW,12,VERBOSE_TYPED,12,1.0,14.0,2.0,1.0,0.0,1.0,0.0,1.0,0.0,0.0,14.0,1.0,0.0,0.0,16.0,0.0,1.0
LIVE_EPISODIC,FAILURE_THRESHOLD,Q00_CLEAN,POSE_SHIFT,HIGH,4,COMPACT_TYPED,12,1.0,6.0,2.0,1.0,0.0,1.0,0.0,1.0,0.0,0.0,11.0,1.0,0.0,0.0,8.0,0.0,1.0
LIVE_EPISODIC,FAILURE_THRESHOLD,Q00_CLEAN,POSE_SHIFT,HIGH,4,VERBOSE_TYPED,12,1.0,6.0,2.0,1.0,0.0,1.0,0.0,1.0,0.0,0.0,14.0,1.0,0.0,0.0,8.0,0.0,1.0
LIVE_EPISODIC,FAILURE_THRESHOLD,Q00_CLEAN,POSE_SHIFT,HIGH,8,COMPACT_TYPED,12,1.0,10.0,2.0,1.0,0.0,1.0,0.0,1.0,0.0,0.0,11.0,1.0,0.0,0.0,12.0,0.0,1.0
LIVE_EPISODIC,FAILURE_THRESHOLD,Q00_CLEAN,POSE_SHIFT,HIGH,8,VERBOSE_TYPED,12,1.0,10.0,2.0,1.0,0.0,1.0,0.0,1.0,0.0,0.0,14.0,1.0,0.0,0.0,12.0,0.0,1.0
LIVE_EPISODIC,FAILURE_THRESHOLD,Q00_CLEAN,POSE_SHIFT,HIGH,12,COMPACT_TYPED,12,1.0,14.0,2.0,1.0,0.0,1.0,0.0,1.0,0.0,0.0,11.0,1.0,0.0,0.0,16.0,0.0,1.0
LIVE_EPISODIC,FAILURE_THRESHOLD,Q00_CLEAN,POSE_SHIFT,HIGH,12,VERBOSE_TYPED,12,1.0,14.0,2.0,1.0,0.0,1.0,0.0,1.0,0.0,0.0,14.0,1.0,0.0,0.0,16.0,0.0,1.0
LIVE_EPISODIC,FAILURE_THRESHOLD,Q00_CLEAN,POSE_SHIFT,LOW,4,COMPACT_TYPED,12,1.0,6.0,2.0,1.0,0.0,1.0,0.0,1.0,0.0,0.0,11.0,1.0,0.0,0.0,8.0,0.0,1.0
LIVE_EPISODIC,FAILURE_THRESHOLD,Q00_CLEAN,POSE_SHIFT,LOW,4,VERBOSE_TYPED,12,1.0,6.0,2.0,1.0,0.0,1.0,0.0,1.0,0.0,0.0,14.0,1.0,0.0,0.0,8.0,0.0,1.0
LIVE_EPISODIC,FAILURE_THRESHOLD,Q00_CLEAN,POSE_SHIFT,LOW,8,COMPACT_TYPED,12,1.0,10.0,2.0,1.0,0.0,1.0,0.0,1.0,0.0,0.0,11.0,1.0,0.0,0.0,12.0,0.0,1.0
LIVE_EPISODIC,FAILURE_THRESHOLD,Q00_CLEAN,POSE_SHIFT,LOW,8,VERBOSE_TYPED,12,1.0,10.0,2.0,1.0,0.0,1.0,0.0,1.0,0.0,0.0,14.0,1.0,0.0,0.0,12.0,0.0,1.0
LIVE_EPISODIC,FAILURE_THRESHOLD,Q00_CLEAN,POSE_SHIFT,LOW,12,COMPACT_TYPED,12,1.0,14.0,2.0,1.0,0.0,1.0,0.0,1.0,0.0,0.0,11.0,1.0,0.0,0.0,16.0,0.0,1.0
LIVE_EPISODIC,FAILURE_THRESHOLD,Q00_CLEAN,POSE_SHIFT,LOW,12,VERBOSE_TYPED,12,1.0,14.0,2.0,1.0,0.0,1.0,0.0,1.0,0.0,0.0,14.0,1.0,0.0,0.0,16.0,0.0,1.0
LIVE_EPISODIC,FAILURE_THRESHOLD,Q00_CLEAN,RESTRICTION_CHANGE,HIGH,4,COMPACT_TYPED,12,1.0,6.0,2.0,1.0,0.0,1.0,0.0,1.0,0.0,0.0,11.0,1.0,0.0,0.0,8.0,0.0,1.0
LIVE_EPISODIC,FAILURE_THRESHOLD,Q00_CLEAN,RESTRICTION_CHANGE,HIGH,4,VERBOSE_TYPED,12,1.0,6.0,2.0,1.0,0.0,1.0,0.0,1.0,0.0,0.0,14.0,1.0,0.0,0.0,8.0,0.0,1.0
LIVE_EPISODIC,FAILURE_THRESHOLD,Q00_CLEAN,RESTRICTION_CHANGE,HIGH,8,COMPACT_TYPED,12,1.0,10.0,2.0,1.0,0.0,1.0,0.0,1.0,0.0,0.0,11.0,1.0,0.0,0.0,12.0,0.0,1.0
LIVE_EPISODIC,FAILURE_THRESHOLD,Q00_CLEAN,RESTRICTION_CHANGE,HIGH,8,VERBOSE_TYPED,12,1.0,10.0,2.0,1.0,0.0,1.0,0.0,1.0,0.0,0.0,14.0,1.0,0.0,0.0,12.0,0.0,1.0
LIVE_EPISODIC,FAILURE_THRESHOLD,Q00_CLEAN,RESTRICTION_CHANGE,HIGH,12,COMPACT_TYPED,12,1.0,14.0,2.0,1.0,0.0,1.0,0.0,1.0,0.0,0.0,11.0,1.0,0.0,0.0,16.0,0.0,1.0
LIVE_EPISODIC,FAILURE_THRESHOLD,Q00_CLEAN,RESTRICTION_CHANGE,HIGH,12,VERBOSE_TYPED,12,1.0,14.0,2.0,1.0,0.0,1.0,0.0,1.0,0.0,0.0,14.0,1.0,0.0,0.0,16.0,0.0,1.0
LIVE_EPISODIC,FAILURE_THRESHOLD,Q00_CLEAN,RESTRICTION_CHANGE,LOW,4,COMPACT_TYPED,12,1.0,6.0,2.0,1.0,0.0,1.0,0.0,1.0,0.0,0.0,11.0,1.0,0.0,0.0,8.0,0.0,1.0
LIVE_EPISODIC,FAILURE_THRESHOLD,Q00_CLEAN,RESTRICTION_CHANGE,LOW,4,VERBOSE_TYPED,12,1.0,6.0,2.0,1.0,0.0,1.0,0.0,1.0,0.0,0.0,14.0,1.0,0.0,0.0,8.0,0.0,1.0
LIVE_EPISODIC,FAILURE_THRESHOLD,Q00_CLEAN,RESTRICTION_CHANGE,LOW,8,COMPACT_TYPED,12,1.0,10.0,2.0,1.0,0.0,1.0,0.0,1.0,0.0,0.0,11.0,1.0,0.0,0.0,12.0,0.0,1.0
LIVE_EPISODIC,FAILURE_THRESHOLD,Q00_CLEAN,RESTRICTION_CHANGE,LOW,8,VERBOSE_TYPED,12,1.0,10.0,2.0,1.0,0.0,1.0,0.0,1.0,0.0,0.0,14.0,1.0,0.0,0.0,12.0,0.0,1.0
LIVE_EPISODIC,FAILURE_THRESHOLD,Q00_CLEAN,RESTRICTION_CHANGE,LOW,12,COMPACT_TYPED,12,1.0,14.0,2.0,1.0,0.0,1.0,0.0,1.0,0.0,0.0,11.0,1.0,0.0,0.0,16.0,0.0,1.0
LIVE_EPISODIC,FAILURE_THRESHOLD,Q00_CLEAN,RESTRICTION_CHANGE,LOW,12,VERBOSE_TYPED,12,1.0,14.0,2.0,1.0,0.0,1.0,0.0,1.0,0.0,0.0,14.0,1.0,0.0,0.0,16.0,0.0,1.0
LIVE_EPISODIC,FAILURE_THRESHOLD,Q01_RECALL75,AVAILABILITY_LOSS,HIGH,4,COMPACT_TYPED,12,1.0,6.0,2.0,1.0,0.0,1.0,0.0,1.0,0.0,0.0,10.58333333,1.0,0.0,0.0,8.0,0.0,1.0
LIVE_EPISODIC,FAILURE_THRESHOLD,Q01_RECALL75,AVAILABILITY_LOSS,HIGH,4,VERBOSE_TYPED,12,1.0,6.0,2.0,1.0,0.0,1.0,0.0,1.0,0.0,0.0,12.33333333,1.0,0.0,0.0,8.0,0.0,1.0
LIVE_EPISODIC,FAILURE_THRESHOLD,Q01_RECALL75,AVAILABILITY_LOSS,HIGH,8,COMPACT_TYPED,12,1.0,10.0,2.0,1.0,0.0,1.0,0.0,1.0,0.0,0.0,10.83333333,1.0,0.0,0.0,12.0,0.0,1.0
LIVE_EPISODIC,FAILURE_THRESHOLD,Q01_RECALL75,AVAILABILITY_LOSS,HIGH,8,VERBOSE_TYPED,12,1.0,10.0,2.0,1.0,0.0,1.0,0.0,1.0,0.0,0.0,13.33333333,1.0,0.0,0.0,12.0,0.0,1.0
LIVE_EPISODIC,FAILURE_THRESHOLD,Q01_RECALL75,AVAILABILITY_LOSS,HIGH,12,COMPACT_TYPED,12,1.0,14.0,2.0,1.0,0.0,1.0,0.0,1.0,0.0,0.0,10.66666667,1.0,0.0,0.0,16.0,0.0,1.0
LIVE_EPISODIC,FAILURE_THRESHOLD,Q01_RECALL75,AVAILABILITY_LOSS,HIGH,12,VERBOSE_TYPED,12,1.0,14.0,2.0,1.0,0.0,1.0,0.0,1.0,0.0,0.0,12.66666667,1.0,0.0,0.0,16.0,0.0,1.0
LIVE_EPISODIC,FAILURE_THRESHOLD,Q01_RECALL75,AVAILABILITY_LOSS,LOW,4,COMPACT_TYPED,12,1.0,6.0,2.0,1.0,0.0,1.0,0.0,1.0,0.0,0.0,10.66666667,1.0,0.0,0.0,8.0,0.0,1.0
LIVE_EPISODIC,FAILURE_THRESHOLD,Q01_RECALL75,AVAILABILITY_LOSS,LOW,4,VERBOSE_TYPED,12,1.0,6.0,2.0,1.0,0.0,1.0,0.0,1.0,0.0,0.0,12.66666667,1.0,0.0,0.0,8.0,0.0,1.0
LIVE_EPISODIC,FAILURE_THRESHOLD,Q01_RECALL75,AVAILABILITY_LOSS,LOW,8,COMPACT_TYPED,12,1.0,10.0,2.0,1.0,0.0,1.0,0.0,1.0,0.0,0.0,10.83333333,1.0,0.0,0.0,12.0,0.0,1.0
LIVE_EPISODIC,FAILURE_THRESHOLD,Q01_RECALL75,AVAILABILITY_LOSS,LOW,8,VERBOSE_TYPED,12,1.0,10.0,2.0,1.0,0.0,1.0,0.0,1.0,0.0,0.0,13.33333333,1.0,0.0,0.0,12.0,0.0,1.0
LIVE_EPISODIC,FAILURE_THRESHOLD,Q01_RECALL75,AVAILABILITY_LOSS,LOW,12,COMPACT_TYPED,12,1.0,14.0,2.0,1.0,0.0,1.0,0.0,1.0,0.0,0.0,10.83333333,1.0,0.0,0.0,16.0,0.0,1.0
LIVE_EPISODIC,FAILURE_THRESHOLD,Q01_RECALL75,AVAILABILITY_LOSS,LOW,12,VERBOSE_TYPED,12,1.0,14.0,2.0,1.0,0.0,1.0,0.0,1.0,0.0,0.0,13.33333333,1.0,0.0,0.0,16.0,0.0,1.0
LIVE_EPISODIC,FAILURE_THRESHOLD,Q01_RECALL75,CONTROL_FAILURE,HIGH,4,COMPACT_TYPED,12,1.0,6.0,2.0,1.0,0.0,1.0,0.0,1.0,0.0,0.0,10.66666667,1.0,0.0,0.0,8.0,0.0,1.0
LIVE_EPISODIC,FAILURE_THRESHOLD,Q01_RECALL75,CONTROL_FAILURE,HIGH,4,VERBOSE_TYPED,12,1.0,6.0,2.0,1.0,0.0,1.0,0.0,1.0,0.0,0.0,12.66666667,1.0,0.0,0.0,8.0,0.0,1.0
LIVE_EPISODIC,FAILURE_THRESHOLD,Q01_RECALL75,CONTROL_FAILURE,HIGH,8,COMPACT_TYPED,12,1.0,10.0,2.0,1.0,0.0,1.0,0.0,1.0,0.0,0.0,10.58333333,1.0,0.0,0.0,12.0,0.0,1.0
LIVE_EPISODIC,FAILURE_THRESHOLD,Q01_RECALL75,CONTROL_FAILURE,HIGH,8,VERBOSE_TYPED,12,1.0,10.0,2.0,1.0,0.0,1.0,0.0,1.0,0.0,0.0,12.33333333,1.0,0.0,0.0,12.0,0.0,1.0
LIVE_EPISODIC,FAILURE_THRESHOLD,Q01_RECALL75,CONTROL_FAILURE,HIGH,12,COMPACT_TYPED,12,1.0,14.0,2.0,1.0,0.0,1.0,0.0,1.0,0.0,0.0,10.83333333,1.0,0.0,0.0,16.0,0.0,1.0
LIVE_EPISODIC,FAILURE_THRESHOLD,Q01_RECALL75,CONTROL_FAILURE,HIGH,12,VERBOSE_TYPED,12,1.0,14.0,2.0,1.0,0.0,1.0,0.0,1.0,0.0,0.0,13.33333333,1.0,0.0,0.0,16.0,0.0,1.0
LIVE_EPISODIC,FAILURE_THRESHOLD,Q01_RECALL75,CONTROL_FAILURE,LOW,4,COMPACT_TYPED,12,1.0,6.0,2.0,1.0,0.0,1.0,0.0,1.0,0.0,0.0,10.91666667,1.0,0.0,0.0,8.0,0.0,1.0
LIVE_EPISODIC,FAILURE_THRESHOLD,Q01_RECALL75,CONTROL_FAILURE,LOW,4,VERBOSE_TYPED,12,1.0,6.0,2.0,1.0,0.0,1.0,0.0,1.0,0.0,0.0,13.66666667,1.0,0.0,0.0,8.0,0.0,1.0
LIVE_EPISODIC,FAILURE_THRESHOLD,Q01_RECALL75,CONTROL_FAILURE,LOW,8,COMPACT_TYPED,12,1.0,10.0,2.0,1.0,0.0,1.0,0.0,1.0,0.0,0.0,10.66666667,1.0,0.0,0.0,12.0,0.0,1.0
LIVE_EPISODIC,FAILURE_THRESHOLD,Q01_RECALL75,CONTROL_FAILURE,LOW,8,VERBOSE_TYPED,12,1.0,10.0,2.0,1.0,0.0,1.0,0.0,1.0,0.0,0.0,12.66666667,1.0,0.0,0.0,12.0,0.0,1.0
LIVE_EPISODIC,FAILURE_THRESHOLD,Q01_RECALL75,CONTROL_FAILURE,LOW,12,COMPACT_TYPED,12,1.0,14.0,2.0,1.0,0.0,1.0,0.0,1.0,0.0,0.0,10.83333333,1.0,0.0,0.0,16.0,0.0,1.0
LIVE_EPISODIC,FAILURE_THRESHOLD,Q01_RECALL75,CONTROL_FAILURE,LOW,12,VERBOSE_TYPED,12,1.0,14.0,2.0,1.0,0.0,1.0,0.0,1.0,0.0,0.0,13.33333333,1.0,0.0,0.0,16.0,0.0,1.0
LIVE_EPISODIC,FAILURE_THRESHOLD,Q01_RECALL75,POSE_SHIFT,HIGH,4,COMPACT_TYPED,12,1.0,6.0,2.0,1.0,0.0,1.0,0.0,1.0,0.0,0.0,10.66666667,1.0,0.0,0.0,8.0,0.0,1.0
LIVE_EPISODIC,FAILURE_THRESHOLD,Q01_RECALL75,POSE_SHIFT,HIGH,4,VERBOSE_TYPED,12,1.0,6.0,2.0,1.0,0.0,1.0,0.0,1.0,0.0,0.0,12.66666667,1.0,0.0,0.0,8.0,0.0,1.0
LIVE_EPISODIC,FAILURE_THRESHOLD,Q01_RECALL75,POSE_SHIFT,HIGH,8,COMPACT_TYPED,12,1.0,10.0,2.0,1.0,0.0,1.0,0.0,1.0,0.0,0.0,10.41666667,1.0,0.0,0.0,12.0,0.0,1.0
LIVE_EPISODIC,FAILURE_THRESHOLD,Q01_RECALL75,POSE_SHIFT,HIGH,8,VERBOSE_TYPED,12,1.0,10.0,2.0,1.0,0.0,1.0,0.0,1.0,0.0,0.0,11.66666667,1.0,0.0,0.0,12.0,0.0,1.0
LIVE_EPISODIC,FAILURE_THRESHOLD,Q01_RECALL75,POSE_SHIFT,HIGH,12,COMPACT_TYPED,12,1.0,14.0,2.0,1.0,0.0,1.0,0.0,1.0,0.0,0.0,10.66666667,1.0,0.0,0.0,16.0,0.0,1.0
LIVE_EPISODIC,FAILURE_THRESHOLD,Q01_RECALL75,POSE_SHIFT,HIGH,12,VERBOSE_TYPED,12,1.0,14.0,2.0,1.0,0.0,1.0,0.0,1.0,0.0,0.0,12.66666667,1.0,0.0,0.0,16.0,0.0,1.0
LIVE_EPISODIC,FAILURE_THRESHOLD,Q01_RECALL75,POSE_SHIFT,LOW,4,COMPACT_TYPED,12,1.0,6.0,2.0,1.0,0.0,1.0,0.0,1.0,0.0,0.0,10.66666667,1.0,0.0,0.0,8.0,0.0,1.0
LIVE_EPISODIC,FAILURE_THRESHOLD,Q01_RECALL75,POSE_SHIFT,LOW,4,VERBOSE_TYPED,12,1.0,6.0,2.0,1.0,0.0,1.0,0.0,1.0,0.0,0.0,12.66666667,1.0,0.0,0.0,8.0,0.0,1.0
LIVE_EPISODIC,FAILURE_THRESHOLD,Q01_RECALL75,POSE_SHIFT,LOW,8,COMPACT_TYPED,12,1.0,10.0,2.0,1.0,0.0,1.0,0.0,1.0,0.0,0.0,10.58333333,1.0,0.0,0.0,12.0,0.0,1.0
LIVE_EPISODIC,FAILURE_THRESHOLD,Q01_RECALL75,POSE_SHIFT,LOW,8,VERBOSE_TYPED,12,1.0,10.0,2.0,1.0,0.0,1.0,0.0,1.0,0.0,0.0,12.33333333,1.0,0.0,0.0,12.0,0.0,1.0
LIVE_EPISODIC,FAILURE_THRESHOLD,Q01_RECALL75,POSE_SHIFT,LOW,12,COMPACT_TYPED,12,1.0,14.0,2.0,1.0,0.0,1.0,0.0,1.0,0.0,0.0,10.66666667,1.0,0.0,0.0,16.0,0.0,1.0
LIVE_EPISODIC,FAILURE_THRESHOLD,Q01_RECALL75,POSE_SHIFT,LOW,12,VERBOSE_TYPED,12,1.0,14.0,2.0,1.0,0.0,1.0,0.0,1.0,0.0,0.0,12.66666667,1.0,0.0,0.0,16.0,0.0,1.0
LIVE_EPISODIC,FAILURE_THRESHOLD,Q01_RECALL75,RESTRICTION_CHANGE,HIGH,4,COMPACT_TYPED,12,1.0,6.0,2.0,1.0,0.0,1.0,0.0,1.0,0.0,0.0,10.75,1.0,0.0,0.0,8.0,0.0,1.0
LIVE_EPISODIC,FAILURE_THRESHOLD,Q01_RECALL75,RESTRICTION_CHANGE,HIGH,4,VERBOSE_TYPED,12,1.0,6.0,2.0,1.0,0.0,1.0,0.0,1.0,0.0,0.0,13.0,1.0,0.0,0.0,8.0,0.0,1.0
LIVE_EPISODIC,FAILURE_THRESHOLD,Q01_RECALL75,RESTRICTION_CHANGE,HIGH,8,COMPACT_TYPED,12,1.0,10.0,2.0,1.0,0.0,1.0,0.0,1.0,0.0,0.0,10.75,1.0,0.0,0.0,12.0,0.0,1.0
LIVE_EPISODIC,FAILURE_THRESHOLD,Q01_RECALL75,RESTRICTION_CHANGE,HIGH,8,VERBOSE_TYPED,12,1.0,10.0,2.0,1.0,0.0,1.0,0.0,1.0,0.0,0.0,13.0,1.0,0.0,0.0,12.0,0.0,1.0
LIVE_EPISODIC,FAILURE_THRESHOLD,Q01_RECALL75,RESTRICTION_CHANGE,HIGH,12,COMPACT_TYPED,12,1.0,14.0,2.0,1.0,0.0,1.0,0.0,1.0,0.0,0.0,10.83333333,1.0,0.0,0.0,16.0,0.0,1.0
LIVE_EPISODIC,FAILURE_THRESHOLD,Q01_RECALL75,RESTRICTION_CHANGE,HIGH,12,VERBOSE_TYPED,12,1.0,14.0,2.0,1.0,0.0,1.0,0.0,1.0,0.0,0.0,13.33333333,1.0,0.0,0.0,16.0,0.0,1.0
LIVE_EPISODIC,FAILURE_THRESHOLD,Q01_RECALL75,RESTRICTION_CHANGE,LOW,4,COMPACT_TYPED,12,1.0,6.0,2.0,1.0,0.0,1.0,0.0,1.0,0.0,0.0,10.83333333,1.0,0.0,0.0,8.0,0.0,1.0
LIVE_EPISODIC,FAILURE_THRESHOLD,Q01_RECALL75,RESTRICTION_CHANGE,LOW,4,VERBOSE_TYPED,12,1.0,6.0,2.0,1.0,0.0,1.0,0.0,1.0,0.0,0.0,13.33333333,1.0,0.0,0.0,8.0,0.0,1.0
LIVE_EPISODIC,FAILURE_THRESHOLD,Q01_RECALL75,RESTRICTION_CHANGE,LOW,8,COMPACT_TYPED,12,1.0,10.0,2.0,1.0,0.0,1.0,0.0,1.0,0.0,0.0,10.75,1.0,0.0,0.0,12.0,0.0,1.0
LIVE_EPISODIC,FAILURE_THRESHOLD,Q01_RECALL75,RESTRICTION_CHANGE,LOW,8,VERBOSE_TYPED,12,1.0,10.0,2.0,1.0,0.0,1.0,0.0,1.0,0.0,0.0,13.0,1.0,0.0,0.0,12.0,0.0,1.0
LIVE_EPISODIC,FAILURE_THRESHOLD,Q01_RECALL75,RESTRICTION_CHANGE,LOW,12,COMPACT_TYPED,12,1.0,14.0,2.0,1.0,0.0,1.0,0.0,1.0,0.0,0.0,10.75,1.0,0.0,0.0,16.0,0.0,1.0
LIVE_EPISODIC,FAILURE_THRESHOLD,Q01_RECALL75,RESTRICTION_CHANGE,LOW,12,VERBOSE_TYPED,12,1.0,14.0,2.0,1.0,0.0,1.0,0.0,1.0,0.0,0.0,13.0,1.0,0.0,0.0,16.0,0.0,1.0
LIVE_EPISODIC,FAILURE_THRESHOLD,Q02_RECALL50,AVAILABILITY_LOSS,HIGH,4,COMPACT_TYPED,12,1.0,6.0,2.0,1.0,0.0,1.0,0.0,1.0,0.0,0.0,10.5,1.0,0.0,0.0,8.0,0.0,1.0
LIVE_EPISODIC,FAILURE_THRESHOLD,Q02_RECALL50,AVAILABILITY_LOSS,HIGH,4,VERBOSE_TYPED,12,1.0,6.0,2.0,1.0,0.0,1.0,0.0,1.0,0.0,0.0,12.0,1.0,0.0,0.0,8.0,0.0,1.0
LIVE_EPISODIC,FAILURE_THRESHOLD,Q02_RECALL50,AVAILABILITY_LOSS,HIGH,8,COMPACT_TYPED,12,1.0,10.0,2.0,1.0,0.0,1.0,0.0,1.0,0.0,0.0,10.66666667,1.0,0.0,0.0,12.0,0.0,1.0
LIVE_EPISODIC,FAILURE_THRESHOLD,Q02_RECALL50,AVAILABILITY_LOSS,HIGH,8,VERBOSE_TYPED,12,1.0,10.0,2.0,1.0,0.0,1.0,0.0,1.0,0.0,0.0,12.66666667,1.0,0.0,0.0,12.0,0.0,1.0
LIVE_EPISODIC,FAILURE_THRESHOLD,Q02_RECALL50,AVAILABILITY_LOSS,HIGH,12,COMPACT_TYPED,12,1.0,14.0,2.0,1.0,0.0,1.0,0.0,1.0,0.0,0.0,10.41666667,1.0,0.0,0.0,16.0,0.0,1.0
LIVE_EPISODIC,FAILURE_THRESHOLD,Q02_RECALL50,AVAILABILITY_LOSS,HIGH,12,VERBOSE_TYPED,12,1.0,14.0,2.0,1.0,0.0,1.0,0.0,1.0,0.0,0.0,11.66666667,1.0,0.0,0.0,16.0,0.0,1.0
LIVE_EPISODIC,FAILURE_THRESHOLD,Q02_RECALL50,AVAILABILITY_LOSS,LOW,4,COMPACT_TYPED,12,1.0,6.0,2.0,1.0,0.0,1.0,0.0,1.0,0.0,0.0,10.33333333,1.0,0.0,0.0,8.0,0.0,1.0
LIVE_EPISODIC,FAILURE_THRESHOLD,Q02_RECALL50,AVAILABILITY_LOSS,LOW,4,VERBOSE_TYPED,12,1.0,6.0,2.0,1.0,0.0,1.0,0.0,1.0,0.0,0.0,11.33333333,1.0,0.0,0.0,8.0,0.0,1.0
LIVE_EPISODIC,FAILURE_THRESHOLD,Q02_RECALL50,AVAILABILITY_LOSS,LOW,8,COMPACT_TYPED,12,1.0,10.0,2.0,1.0,0.0,1.0,0.0,1.0,0.0,0.0,10.58333333,1.0,0.0,0.0,12.0,0.0,1.0
LIVE_EPISODIC,FAILURE_THRESHOLD,Q02_RECALL50,AVAILABILITY_LOSS,LOW,8,VERBOSE_TYPED,12,1.0,10.0,2.0,1.0,0.0,1.0,0.0,1.0,0.0,0.0,12.33333333,1.0,0.0,0.0,12.0,0.0,1.0
LIVE_EPISODIC,FAILURE_THRESHOLD,Q02_RECALL50,AVAILABILITY_LOSS,LOW,12,COMPACT_TYPED,12,1.0,14.0,2.0,1.0,0.0,1.0,0.0,1.0,0.0,0.0,10.66666667,1.0,0.0,0.0,16.0,0.0,1.0
LIVE_EPISODIC,FAILURE_THRESHOLD,Q02_RECALL50,AVAILABILITY_LOSS,LOW,12,VERBOSE_TYPED,12,1.0,14.0,2.0,1.0,0.0,1.0,0.0,1.0,0.0,0.0,12.66666667,1.0,0.0,0.0,16.0,0.0,1.0
LIVE_EPISODIC,FAILURE_THRESHOLD,Q02_RECALL50,CONTROL_FAILURE,HIGH,4,COMPACT_TYPED,12,1.0,6.0,2.0,1.0,0.0,1.0,0.0,1.0,0.0,0.0,10.5,1.0,0.0,0.0,8.0,0.0,1.0
LIVE_EPISODIC,FAILURE_THRESHOLD,Q02_RECALL50,CONTROL_FAILURE,HIGH,4,VERBOSE_TYPED,12,1.0,6.0,2.0,1.0,0.0,1.0,0.0,1.0,0.0,0.0,12.0,1.0,0.0,0.0,8.0,0.0,1.0
LIVE_EPISODIC,FAILURE_THRESHOLD,Q02_RECALL50,CONTROL_FAILURE,HIGH,8,COMPACT_TYPED,12,1.0,10.0,2.0,1.0,0.0,1.0,0.0,1.0,0.0,0.0,10.41666667,1.0,0.0,0.0,12.0,0.0,1.0
LIVE_EPISODIC,FAILURE_THRESHOLD,Q02_RECALL50,CONTROL_FAILURE,HIGH,8,VERBOSE_TYPED,12,1.0,10.0,2.0,1.0,0.0,1.0,0.0,1.0,0.0,0.0,11.66666667,1.0,0.0,0.0,12.0,0.0,1.0
LIVE_EPISODIC,FAILURE_THRESHOLD,Q02_RECALL50,CONTROL_FAILURE,HIGH,12,COMPACT_TYPED,12,1.0,14.0,2.0,1.0,0.0,1.0,0.0,1.0,0.0,0.0,10.58333333,1.0,0.0,0.0,16.0,0.0,1.0
LIVE_EPISODIC,FAILURE_THRESHOLD,Q02_RECALL50,CONTROL_FAILURE,HIGH,12,VERBOSE_TYPED,12,1.0,14.0,2.0,1.0,0.0,1.0,0.0,1.0,0.0,0.0,12.33333333,1.0,0.0,0.0,16.0,0.0,1.0
LIVE_EPISODIC,FAILURE_THRESHOLD,Q02_RECALL50,CONTROL_FAILURE,LOW,4,COMPACT_TYPED,12,1.0,6.0,2.0,1.0,0.0,1.0,0.0,1.0,0.0,0.0,10.83333333,1.0,0.0,0.0,8.0,0.0,1.0
LIVE_EPISODIC,FAILURE_THRESHOLD,Q02_RECALL50,CONTROL_FAILURE,LOW,4,VERBOSE_TYPED,12,1.0,6.0,2.0,1.0,0.0,1.0,0.0,1.0,0.0,0.0,13.33333333,1.0,0.0,0.0,8.0,0.0,1.0
LIVE_EPISODIC,FAILURE_THRESHOLD,Q02_RECALL50,CONTROL_FAILURE,LOW,8,COMPACT_TYPED,12,1.0,10.0,2.0,1.0,0.0,1.0,0.0,1.0,0.0,0.0,10.58333333,1.0,0.0,0.0,12.0,0.0,1.0
LIVE_EPISODIC,FAILURE_THRESHOLD,Q02_RECALL50,CONTROL_FAILURE,LOW,8,VERBOSE_TYPED,12,1.0,10.0,2.0,1.0,0.0,1.0,0.0,1.0,0.0,0.0,12.33333333,1.0,0.0,0.0,12.0,0.0,1.0
LIVE_EPISODIC,FAILURE_THRESHOLD,Q02_RECALL50,CONTROL_FAILURE,LOW,12,COMPACT_TYPED,12,1.0,14.0,2.0,1.0,0.0,1.0,0.0,1.0,0.0,0.0,10.33333333,1.0,0.0,0.0,16.0,0.0,1.0
LIVE_EPISODIC,FAILURE_THRESHOLD,Q02_RECALL50,CONTROL_FAILURE,LOW,12,VERBOSE_TYPED,12,1.0,14.0,2.0,1.0,0.0,1.0,0.0,1.0,0.0,0.0,11.33333333,1.0,0.0,0.0,16.0,0.0,1.0
LIVE_EPISODIC,FAILURE_THRESHOLD,Q02_RECALL50,POSE_SHIFT,HIGH,4,COMPACT_TYPED,12,1.0,6.0,2.0,1.0,0.0,1.0,0.0,1.0,0.0,0.0,10.33333333,1.0,0.0,0.0,8.0,0.0,1.0
LIVE_EPISODIC,FAILURE_THRESHOLD,Q02_RECALL50,POSE_SHIFT,HIGH,4,VERBOSE_TYPED,12,1.0,6.0,2.0,1.0,0.0,1.0,0.0,1.0,0.0,0.0,11.33333333,1.0,0.0,0.0,8.0,0.0,1.0
LIVE_EPISODIC,FAILURE_THRESHOLD,Q02_RECALL50,POSE_SHIFT,HIGH,8,COMPACT_TYPED,12,1.0,10.0,2.0,1.0,0.0,1.0,0.0,1.0,0.0,0.0,10.41666667,1.0,0.0,0.0,12.0,0.0,1.0
LIVE_EPISODIC,FAILURE_THRESHOLD,Q02_RECALL50,POSE_SHIFT,HIGH,8,VERBOSE_TYPED,12,1.0,10.0,2.0,1.0,0.0,1.0,0.0,1.0,0.0,0.0,11.66666667,1.0,0.0,0.0,12.0,0.0,1.0
LIVE_EPISODIC,FAILURE_THRESHOLD,Q02_RECALL50,POSE_SHIFT,HIGH,12,COMPACT_TYPED,12,1.0,14.0,2.0,1.0,0.0,1.0,0.0,1.0,0.0,0.0,10.5,1.0,0.0,0.0,16.0,0.0,1.0
LIVE_EPISODIC,FAILURE_THRESHOLD,Q02_RECALL50,POSE_SHIFT,HIGH,12,VERBOSE_TYPED,12,1.0,14.0,2.0,1.0,0.0,1.0,0.0,1.0,0.0,0.0,12.0,1.0,0.0,0.0,16.0,0.0,1.0
LIVE_EPISODIC,FAILURE_THRESHOLD,Q02_RECALL50,POSE_SHIFT,LOW,4,COMPACT_TYPED,12,1.0,6.0,2.0,1.0,0.0,1.0,0.0,1.0,0.0,0.0,10.58333333,1.0,0.0,0.0,8.0,0.0,1.0
LIVE_EPISODIC,FAILURE_THRESHOLD,Q02_RECALL50,POSE_SHIFT,LOW,4,VERBOSE_TYPED,12,1.0,6.0,2.0,1.0,0.0,1.0,0.0,1.0,0.0,0.0,12.33333333,1.0,0.0,0.0,8.0,0.0,1.0
LIVE_EPISODIC,FAILURE_THRESHOLD,Q02_RECALL50,POSE_SHIFT,LOW,8,COMPACT_TYPED,12,1.0,10.0,2.0,1.0,0.0,1.0,0.0,1.0,0.0,0.0,10.33333333,1.0,0.0,0.0,12.0,0.0,1.0
LIVE_EPISODIC,FAILURE_THRESHOLD,Q02_RECALL50,POSE_SHIFT,LOW,8,VERBOSE_TYPED,12,1.0,10.0,2.0,1.0,0.0,1.0,0.0,1.0,0.0,0.0,11.33333333,1.0,0.0,0.0,12.0,0.0,1.0
LIVE_EPISODIC,FAILURE_THRESHOLD,Q02_RECALL50,POSE_SHIFT,LOW,12,COMPACT_TYPED,12,1.0,14.0,2.0,1.0,0.0,1.0,0.0,1.0,0.0,0.0,10.33333333,1.0,0.0,0.0,16.0,0.0,1.0
LIVE_EPISODIC,FAILURE_THRESHOLD,Q02_RECALL50,POSE_SHIFT,LOW,12,VERBOSE_TYPED,12,1.0,14.0,2.0,1.0,0.0,1.0,0.0,1.0,0.0,0.0,11.33333333,1.0,0.0,0.0,16.0,0.0,1.0
LIVE_EPISODIC,FAILURE_THRESHOLD,Q02_RECALL50,RESTRICTION_CHANGE,HIGH,4,COMPACT_TYPED,12,1.0,6.0,2.0,1.0,0.0,1.0,0.0,1.0,0.0,0.0,10.41666667,1.0,0.0,0.0,8.0,0.0,1.0
LIVE_EPISODIC,FAILURE_THRESHOLD,Q02_RECALL50,RESTRICTION_CHANGE,HIGH,4,VERBOSE_TYPED,12,1.0,6.0,2.0,1.0,0.0,1.0,0.0,1.0,0.0,0.0,11.66666667,1.0,0.0,0.0,8.0,0.0,1.0
LIVE_EPISODIC,FAILURE_THRESHOLD,Q02_RECALL50,RESTRICTION_CHANGE,HIGH,8,COMPACT_TYPED,12,1.0,10.0,2.0,1.0,0.0,1.0,0.0,1.0,0.0,0.0,10.5,1.0,0.0,0.0,12.0,0.0,1.0
LIVE_EPISODIC,FAILURE_THRESHOLD,Q02_RECALL50,RESTRICTION_CHANGE,HIGH,8,VERBOSE_TYPED,12,1.0,10.0,2.0,1.0,0.0,1.0,0.0,1.0,0.0,0.0,12.0,1.0,0.0,0.0,12.0,0.0,1.0
LIVE_EPISODIC,FAILURE_THRESHOLD,Q02_RECALL50,RESTRICTION_CHANGE,HIGH,12,COMPACT_TYPED,12,1.0,14.0,2.0,1.0,0.0,1.0,0.0,1.0,0.0,0.0,10.5,1.0,0.0,0.0,16.0,0.0,1.0
LIVE_EPISODIC,FAILURE_THRESHOLD,Q02_RECALL50,RESTRICTION_CHANGE,HIGH,12,VERBOSE_TYPED,12,1.0,14.0,2.0,1.0,0.0,1.0,0.0,1.0,0.0,0.0,12.0,1.0,0.0,0.0,16.0,0.0,1.0
LIVE_EPISODIC,FAILURE_THRESHOLD,Q02_RECALL50,RESTRICTION_CHANGE,LOW,4,COMPACT_TYPED,12,1.0,6.0,2.0,1.0,0.0,1.0,0.0,1.0,0.0,0.0,10.66666667,1.0,0.0,0.0,8.0,0.0,1.0
LIVE_EPISODIC,FAILURE_THRESHOLD,Q02_RECALL50,RESTRICTION_CHANGE,LOW,4,VERBOSE_TYPED,12,1.0,6.0,2.0,1.0,0.0,1.0,0.0,1.0,0.0,0.0,12.66666667,1.0,0.0,0.0,8.0,0.0,1.0
LIVE_EPISODIC,FAILURE_THRESHOLD,Q02_RECALL50,RESTRICTION_CHANGE,LOW,8,COMPACT_TYPED,12,1.0,10.0,2.0,1.0,0.0,1.0,0.0,1.0,0.0,0.0,10.41666667,1.0,0.0,0.0,12.0,0.0,1.0
LIVE_EPISODIC,FAILURE_THRESHOLD,Q02_RECALL50,RESTRICTION_CHANGE,LOW,8,VERBOSE_TYPED,12,1.0,10.0,2.0,1.0,0.0,1.0,0.0,1.0,0.0,0.0,11.66666667,1.0,0.0,0.0,12.0,0.0,1.0
LIVE_EPISODIC,FAILURE_THRESHOLD,Q02_RECALL50,RESTRICTION_CHANGE,LOW,12,COMPACT_TYPED,12,1.0,14.0,2.0,1.0,0.0,1.0,0.0,1.0,0.0,0.0,10.41666667,1.0,0.0,0.0,16.0,0.0,1.0
LIVE_EPISODIC,FAILURE_THRESHOLD,Q02_RECALL50,RESTRICTION_CHANGE,LOW,12,VERBOSE_TYPED,12,1.0,14.0,2.0,1.0,0.0,1.0,0.0,1.0,0.0,0.0,11.66666667,1.0,0.0,0.0,16.0,0.0,1.0
LIVE_EPISODIC,FAILURE_THRESHOLD,Q03_RECALL25,AVAILABILITY_LOSS,HIGH,4,COMPACT_TYPED,12,1.0,6.0,2.0,1.0,0.0,1.0,0.0,1.0,0.0,0.0,10.16666667,1.0,0.0,0.0,8.0,0.0,1.0
LIVE_EPISODIC,FAILURE_THRESHOLD,Q03_RECALL25,AVAILABILITY_LOSS,HIGH,4,VERBOSE_TYPED,12,1.0,6.0,2.0,1.0,0.0,1.0,0.0,1.0,0.0,0.0,10.66666667,1.0,0.0,0.0,8.0,0.0,1.0
LIVE_EPISODIC,FAILURE_THRESHOLD,Q03_RECALL25,AVAILABILITY_LOSS,HIGH,8,COMPACT_TYPED,12,1.0,10.0,2.0,1.0,0.0,1.0,0.0,1.0,0.0,0.0,10.5,1.0,0.0,0.0,12.0,0.0,1.0
LIVE_EPISODIC,FAILURE_THRESHOLD,Q03_RECALL25,AVAILABILITY_LOSS,HIGH,8,VERBOSE_TYPED,12,1.0,10.0,2.0,1.0,0.0,1.0,0.0,1.0,0.0,0.0,12.0,1.0,0.0,0.0,12.0,0.0,1.0
LIVE_EPISODIC,FAILURE_THRESHOLD,Q03_RECALL25,AVAILABILITY_LOSS,HIGH,12,COMPACT_TYPED,12,1.0,14.0,2.0,1.0,0.0,1.0,0.0,1.0,0.0,0.0,10.25,1.0,0.0,0.0,16.0,0.0,1.0
LIVE_EPISODIC,FAILURE_THRESHOLD,Q03_RECALL25,AVAILABILITY_LOSS,HIGH,12,VERBOSE_TYPED,12,1.0,14.0,2.0,1.0,0.0,1.0,0.0,1.0,0.0,0.0,11.0,1.0,0.0,0.0,16.0,0.0,1.0
LIVE_EPISODIC,FAILURE_THRESHOLD,Q03_RECALL25,AVAILABILITY_LOSS,LOW,4,COMPACT_TYPED,12,1.0,6.0,2.0,1.0,0.0,1.0,0.0,1.0,0.0,0.0,10.0,1.0,0.0,0.0,8.0,0.0,1.0
LIVE_EPISODIC,FAILURE_THRESHOLD,Q03_RECALL25,AVAILABILITY_LOSS,LOW,4,VERBOSE_TYPED,12,1.0,6.0,2.0,1.0,0.0,1.0,0.0,1.0,0.0,0.0,10.0,1.0,0.0,0.0,8.0,0.0,1.0
LIVE_EPISODIC,FAILURE_THRESHOLD,Q03_RECALL25,AVAILABILITY_LOSS,LOW,8,COMPACT_TYPED,12,1.0,10.0,2.0,1.0,0.0,1.0,0.0,1.0,0.0,0.0,10.33333333,1.0,0.0,0.0,12.0,0.0,1.0
LIVE_EPISODIC,FAILURE_THRESHOLD,Q03_RECALL25,AVAILABILITY_LOSS,LOW,8,VERBOSE_TYPED,12,1.0,10.0,2.0,1.0,0.0,1.0,0.0,1.0,0.0,0.0,11.33333333,1.0,0.0,0.0,12.0,0.0,1.0
LIVE_EPISODIC,FAILURE_THRESHOLD,Q03_RECALL25,AVAILABILITY_LOSS,LOW,12,COMPACT_TYPED,12,1.0,14.0,2.0,1.0,0.0,1.0,0.0,1.0,0.0,0.0,10.25,1.0,0.0,0.0,16.0,0.0,1.0
LIVE_EPISODIC,FAILURE_THRESHOLD,Q03_RECALL25,AVAILABILITY_LOSS,LOW,12,VERBOSE_TYPED,12,1.0,14.0,2.0,1.0,0.0,1.0,0.0,1.0,0.0,0.0,11.0,1.0,0.0,0.0,16.0,0.0,1.0
LIVE_EPISODIC,FAILURE_THRESHOLD,Q03_RECALL25,CONTROL_FAILURE,HIGH,4,COMPACT_TYPED,12,1.0,6.0,2.0,1.0,0.0,1.0,0.0,1.0,0.0,0.0,10.41666667,1.0,0.0,0.0,8.0,0.0,1.0
LIVE_EPISODIC,FAILURE_THRESHOLD,Q03_RECALL25,CONTROL_FAILURE,HIGH,4,VERBOSE_TYPED,12,1.0,6.0,2.0,1.0,0.0,1.0,0.0,1.0,0.0,0.0,11.66666667,1.0,0.0,0.0,8.0,0.0,1.0
LIVE_EPISODIC,FAILURE_THRESHOLD,Q03_RECALL25,CONTROL_FAILURE,HIGH,8,COMPACT_TYPED,12,1.0,10.0,2.0,1.0,0.0,1.0,0.0,1.0,0.0,0.0,10.25,1.0,0.0,0.0,12.0,0.0,1.0
LIVE_EPISODIC,FAILURE_THRESHOLD,Q03_RECALL25,CONTROL_FAILURE,HIGH,8,VERBOSE_TYPED,12,1.0,10.0,2.0,1.0,0.0,1.0,0.0,1.0,0.0,0.0,11.0,1.0,0.0,0.0,12.0,0.0,1.0
LIVE_EPISODIC,FAILURE_THRESHOLD,Q03_RECALL25,CONTROL_FAILURE,HIGH,12,COMPACT_TYPED,12,1.0,14.0,2.0,1.0,0.0,1.0,0.0,1.0,0.0,0.0,10.0,1.0,0.0,0.0,16.0,0.0,1.0
LIVE_EPISODIC,FAILURE_THRESHOLD,Q03_RECALL25,CONTROL_FAILURE,HIGH,12,VERBOSE_TYPED,12,1.0,14.0,2.0,1.0,0.0,1.0,0.0,1.0,0.0,0.0,10.0,1.0,0.0,0.0,16.0,0.0,1.0
LIVE_EPISODIC,FAILURE_THRESHOLD,Q03_RECALL25,CONTROL_FAILURE,LOW,4,COMPACT_TYPED,12,1.0,6.0,2.0,1.0,0.0,1.0,0.0,1.0,0.0,0.0,10.41666667,1.0,0.0,0.0,8.0,0.0,1.0
LIVE_EPISODIC,FAILURE_THRESHOLD,Q03_RECALL25,CONTROL_FAILURE,LOW,4,VERBOSE_TYPED,12,1.0,6.0,2.0,1.0,0.0,1.0,0.0,1.0,0.0,0.0,11.66666667,1.0,0.0,0.0,8.0,0.0,1.0
LIVE_EPISODIC,FAILURE_THRESHOLD,Q03_RECALL25,CONTROL_FAILURE,LOW,8,COMPACT_TYPED,12,1.0,10.0,2.0,1.0,0.0,1.0,0.0,1.0,0.0,0.0,10.25,1.0,0.0,0.0,12.0,0.0,1.0
LIVE_EPISODIC,FAILURE_THRESHOLD,Q03_RECALL25,CONTROL_FAILURE,LOW,8,VERBOSE_TYPED,12,1.0,10.0,2.0,1.0,0.0,1.0,0.0,1.0,0.0,0.0,11.0,1.0,0.0,0.0,12.0,0.0,1.0
LIVE_EPISODIC,FAILURE_THRESHOLD,Q03_RECALL25,CONTROL_FAILURE,LOW,12,COMPACT_TYPED,12,1.0,14.0,2.0,1.0,0.0,1.0,0.0,1.0,0.0,0.0,10.25,1.0,0.0,0.0,16.0,0.0,1.0
LIVE_EPISODIC,FAILURE_THRESHOLD,Q03_RECALL25,CONTROL_FAILURE,LOW,12,VERBOSE_TYPED,12,1.0,14.0,2.0,1.0,0.0,1.0,0.0,1.0,0.0,0.0,11.0,1.0,0.0,0.0,16.0,0.0,1.0
LIVE_EPISODIC,FAILURE_THRESHOLD,Q03_RECALL25,POSE_SHIFT,HIGH,4,COMPACT_TYPED,12,1.0,6.0,2.0,1.0,0.0,1.0,0.0,1.0,0.0,0.0,10.25,1.0,0.0,0.0,8.0,0.0,1.0
LIVE_EPISODIC,FAILURE_THRESHOLD,Q03_RECALL25,POSE_SHIFT,HIGH,4,VERBOSE_TYPED,12,1.0,6.0,2.0,1.0,0.0,1.0,0.0,1.0,0.0,0.0,11.0,1.0,0.0,0.0,8.0,0.0,1.0
LIVE_EPISODIC,FAILURE_THRESHOLD,Q03_RECALL25,POSE_SHIFT,HIGH,8,COMPACT_TYPED,12,1.0,10.0,2.0,1.0,0.0,1.0,0.0,1.0,0.0,0.0,10.0,1.0,0.0,0.0,12.0,0.0,1.0
LIVE_EPISODIC,FAILURE_THRESHOLD,Q03_RECALL25,POSE_SHIFT,HIGH,8,VERBOSE_TYPED,12,1.0,10.0,2.0,1.0,0.0,1.0,0.0,1.0,0.0,0.0,10.0,1.0,0.0,0.0,12.0,0.0,1.0
LIVE_EPISODIC,FAILURE_THRESHOLD,Q03_RECALL25,POSE_SHIFT,HIGH,12,COMPACT_TYPED,12,1.0,14.0,2.0,1.0,0.0,1.0,0.0,1.0,0.0,0.0,10.16666667,1.0,0.0,0.0,16.0,0.0,1.0
LIVE_EPISODIC,FAILURE_THRESHOLD,Q03_RECALL25,POSE_SHIFT,HIGH,12,VERBOSE_TYPED,12,1.0,14.0,2.0,1.0,0.0,1.0,0.0,1.0,0.0,0.0,10.66666667,1.0,0.0,0.0,16.0,0.0,1.0
LIVE_EPISODIC,FAILURE_THRESHOLD,Q03_RECALL25,POSE_SHIFT,LOW,4,COMPACT_TYPED,12,1.0,6.0,2.0,1.0,0.0,1.0,0.0,1.0,0.0,0.0,10.41666667,1.0,0.0,0.0,8.0,0.0,1.0
LIVE_EPISODIC,FAILURE_THRESHOLD,Q03_RECALL25,POSE_SHIFT,LOW,4,VERBOSE_TYPED,12,1.0,6.0,2.0,1.0,0.0,1.0,0.0,1.0,0.0,0.0,11.66666667,1.0,0.0,0.0,8.0,0.0,1.0
LIVE_EPISODIC,FAILURE_THRESHOLD,Q03_RECALL25,POSE_SHIFT,LOW,8,COMPACT_TYPED,12,1.0,10.0,2.0,1.0,0.0,1.0,0.0,1.0,0.0,0.0,10.16666667,1.0,0.0,0.0,12.0,0.0,1.0
LIVE_EPISODIC,FAILURE_THRESHOLD,Q03_RECALL25,POSE_SHIFT,LOW,8,VERBOSE_TYPED,12,1.0,10.0,2.0,1.0,0.0,1.0,0.0,1.0,0.0,0.0,10.66666667,1.0,0.0,0.0,12.0,0.0,1.0
LIVE_EPISODIC,FAILURE_THRESHOLD,Q03_RECALL25,POSE_SHIFT,LOW,12,COMPACT_TYPED,12,1.0,14.0,2.0,1.0,0.0,1.0,0.0,1.0,0.0,0.0,10.16666667,1.0,0.0,0.0,16.0,0.0,1.0
LIVE_EPISODIC,FAILURE_THRESHOLD,Q03_RECALL25,POSE_SHIFT,LOW,12,VERBOSE_TYPED,12,1.0,14.0,2.0,1.0,0.0,1.0,0.0,1.0,0.0,0.0,10.66666667,1.0,0.0,0.0,16.0,0.0,1.0
LIVE_EPISODIC,FAILURE_THRESHOLD,Q03_RECALL25,RESTRICTION_CHANGE,HIGH,4,COMPACT_TYPED,12,1.0,6.0,2.0,1.0,0.0,1.0,0.0,1.0,0.0,0.0,10.25,1.0,0.0,0.0,8.0,0.0,1.0
LIVE_EPISODIC,FAILURE_THRESHOLD,Q03_RECALL25,RESTRICTION_CHANGE,HIGH,4,VERBOSE_TYPED,12,1.0,6.0,2.0,1.0,0.0,1.0,0.0,1.0,0.0,0.0,11.0,1.0,0.0,0.0,8.0,0.0,1.0
LIVE_EPISODIC,FAILURE_THRESHOLD,Q03_RECALL25,RESTRICTION_CHANGE,HIGH,8,COMPACT_TYPED,12,1.0,10.0,2.0,1.0,0.0,1.0,0.0,1.0,0.0,0.0,10.25,1.0,0.0,0.0,12.0,0.0,1.0
LIVE_EPISODIC,FAILURE_THRESHOLD,Q03_RECALL25,RESTRICTION_CHANGE,HIGH,8,VERBOSE_TYPED,12,1.0,10.0,2.0,1.0,0.0,1.0,0.0,1.0,0.0,0.0,11.0,1.0,0.0,0.0,12.0,0.0,1.0
LIVE_EPISODIC,FAILURE_THRESHOLD,Q03_RECALL25,RESTRICTION_CHANGE,HIGH,12,COMPACT_TYPED,12,1.0,14.0,2.0,1.0,0.0,1.0,0.0,1.0,0.0,0.0,10.16666667,1.0,0.0,0.0,16.0,0.0,1.0
LIVE_EPISODIC,FAILURE_THRESHOLD,Q03_RECALL25,RESTRICTION_CHANGE,HIGH,12,VERBOSE_TYPED,12,1.0,14.0,2.0,1.0,0.0,1.0,0.0,1.0,0.0,0.0,10.66666667,1.0,0.0,0.0,16.0,0.0,1.0
LIVE_EPISODIC,FAILURE_THRESHOLD,Q03_RECALL25,RESTRICTION_CHANGE,LOW,4,COMPACT_TYPED,12,1.0,6.0,2.0,1.0,0.0,1.0,0.0,1.0,0.0,0.0,10.16666667,1.0,0.0,0.0,8.0,0.0,1.0
LIVE_EPISODIC,FAILURE_THRESHOLD,Q03_RECALL25,RESTRICTION_CHANGE,LOW,4,VERBOSE_TYPED,12,1.0,6.0,2.0,1.0,0.0,1.0,0.0,1.0,0.0,0.0,10.66666667,1.0,0.0,0.0,8.0,0.0,1.0
LIVE_EPISODIC,FAILURE_THRESHOLD,Q03_RECALL25,RESTRICTION_CHANGE,LOW,8,COMPACT_TYPED,12,1.0,10.0,2.0,1.0,0.0,1.0,0.0,1.0,0.0,0.0,10.41666667,1.0,0.0,0.0,12.0,0.0,1.0
LIVE_EPISODIC,FAILURE_THRESHOLD,Q03_RECALL25,RESTRICTION_CHANGE,LOW,8,VERBOSE_TYPED,12,1.0,10.0,2.0,1.0,0.0,1.0,0.0,1.0,0.0,0.0,11.66666667,1.0,0.0,0.0,12.0,0.0,1.0
LIVE_EPISODIC,FAILURE_THRESHOLD,Q03_RECALL25,RESTRICTION_CHANGE,LOW,12,COMPACT_TYPED,12,1.0,14.0,2.0,1.0,0.0,1.0,0.0,1.0,0.0,0.0,10.16666667,1.0,0.0,0.0,16.0,0.0,1.0
LIVE_EPISODIC,FAILURE_THRESHOLD,Q03_RECALL25,RESTRICTION_CHANGE,LOW,12,VERBOSE_TYPED,12,1.0,14.0,2.0,1.0,0.0,1.0,0.0,1.0,0.0,0.0,10.66666667,1.0,0.0,0.0,16.0,0.0,1.0
LIVE_EPISODIC,FAILURE_THRESHOLD,Q04_DELAY1,AVAILABILITY_LOSS,HIGH,4,COMPACT_TYPED,12,1.0,6.0,2.0,1.0,0.0,1.0,0.0,1.0,0.0,0.0,11.0,1.0,0.0,0.0,8.0,0.0,1.0
LIVE_EPISODIC,FAILURE_THRESHOLD,Q04_DELAY1,AVAILABILITY_LOSS,HIGH,4,VERBOSE_TYPED,12,1.0,6.0,2.0,1.0,0.0,1.0,0.0,1.0,0.0,0.0,14.0,1.0,0.0,0.0,8.0,0.0,1.0
LIVE_EPISODIC,FAILURE_THRESHOLD,Q04_DELAY1,AVAILABILITY_LOSS,HIGH,8,COMPACT_TYPED,12,1.0,10.0,2.0,1.0,0.0,1.0,0.0,1.0,0.0,0.0,11.0,1.0,0.0,0.0,12.0,0.0,1.0
LIVE_EPISODIC,FAILURE_THRESHOLD,Q04_DELAY1,AVAILABILITY_LOSS,HIGH,8,VERBOSE_TYPED,12,1.0,10.0,2.0,1.0,0.0,1.0,0.0,1.0,0.0,0.0,14.0,1.0,0.0,0.0,12.0,0.0,1.0
LIVE_EPISODIC,FAILURE_THRESHOLD,Q04_DELAY1,AVAILABILITY_LOSS,HIGH,12,COMPACT_TYPED,12,1.0,14.0,2.0,1.0,0.0,1.0,0.0,1.0,0.0,0.0,11.0,1.0,0.0,0.0,16.0,0.0,1.0
LIVE_EPISODIC,FAILURE_THRESHOLD,Q04_DELAY1,AVAILABILITY_LOSS,HIGH,12,VERBOSE_TYPED,12,1.0,14.0,2.0,1.0,0.0,1.0,0.0,1.0,0.0,0.0,14.0,1.0,0.0,0.0,16.0,0.0,1.0
LIVE_EPISODIC,FAILURE_THRESHOLD,Q04_DELAY1,AVAILABILITY_LOSS,LOW,4,COMPACT_TYPED,12,1.0,6.0,2.0,1.0,0.0,1.0,0.0,1.0,0.0,0.0,11.0,1.0,0.0,0.0,8.0,0.0,1.0
LIVE_EPISODIC,FAILURE_THRESHOLD,Q04_DELAY1,AVAILABILITY_LOSS,LOW,4,VERBOSE_TYPED,12,1.0,6.0,2.0,1.0,0.0,1.0,0.0,1.0,0.0,0.0,14.0,1.0,0.0,0.0,8.0,0.0,1.0
LIVE_EPISODIC,FAILURE_THRESHOLD,Q04_DELAY1,AVAILABILITY_LOSS,LOW,8,COMPACT_TYPED,12,1.0,10.0,2.0,1.0,0.0,1.0,0.0,1.0,0.0,0.0,11.0,1.0,0.0,0.0,12.0,0.0,1.0
LIVE_EPISODIC,FAILURE_THRESHOLD,Q04_DELAY1,AVAILABILITY_LOSS,LOW,8,VERBOSE_TYPED,12,1.0,10.0,2.0,1.0,0.0,1.0,0.0,1.0,0.0,0.0,14.0,1.0,0.0,0.0,12.0,0.0,1.0
LIVE_EPISODIC,FAILURE_THRESHOLD,Q04_DELAY1,AVAILABILITY_LOSS,LOW,12,COMPACT_TYPED,12,1.0,14.0,2.0,1.0,0.0,1.0,0.0,1.0,0.0,0.0,11.0,1.0,0.0,0.0,16.0,0.0,1.0
LIVE_EPISODIC,FAILURE_THRESHOLD,Q04_DELAY1,AVAILABILITY_LOSS,LOW,12,VERBOSE_TYPED,12,1.0,14.0,2.0,1.0,0.0,1.0,0.0,1.0,0.0,0.0,14.0,1.0,0.0,0.0,16.0,0.0,1.0
LIVE_EPISODIC,FAILURE_THRESHOLD,Q04_DELAY1,CONTROL_FAILURE,HIGH,4,COMPACT_TYPED,12,1.0,6.0,2.0,1.0,0.0,1.0,0.0,1.0,0.0,0.0,11.0,1.0,0.0,0.0,8.0,0.0,1.0
LIVE_EPISODIC,FAILURE_THRESHOLD,Q04_DELAY1,CONTROL_FAILURE,HIGH,4,VERBOSE_TYPED,12,1.0,6.0,2.0,1.0,0.0,1.0,0.0,1.0,0.0,0.0,14.0,1.0,0.0,0.0,8.0,0.0,1.0
LIVE_EPISODIC,FAILURE_THRESHOLD,Q04_DELAY1,CONTROL_FAILURE,HIGH,8,COMPACT_TYPED,12,1.0,10.0,2.0,1.0,0.0,1.0,0.0,1.0,0.0,0.0,11.0,1.0,0.0,0.0,12.0,0.0,1.0
LIVE_EPISODIC,FAILURE_THRESHOLD,Q04_DELAY1,CONTROL_FAILURE,HIGH,8,VERBOSE_TYPED,12,1.0,10.0,2.0,1.0,0.0,1.0,0.0,1.0,0.0,0.0,14.0,1.0,0.0,0.0,12.0,0.0,1.0
LIVE_EPISODIC,FAILURE_THRESHOLD,Q04_DELAY1,CONTROL_FAILURE,HIGH,12,COMPACT_TYPED,12,1.0,14.0,2.0,1.0,0.0,1.0,0.0,1.0,0.0,0.0,11.0,1.0,0.0,0.0,16.0,0.0,1.0
LIVE_EPISODIC,FAILURE_THRESHOLD,Q04_DELAY1,CONTROL_FAILURE,HIGH,12,VERBOSE_TYPED,12,1.0,14.0,2.0,1.0,0.0,1.0,0.0,1.0,0.0,0.0,14.0,1.0,0.0,0.0,16.0,0.0,1.0
LIVE_EPISODIC,FAILURE_THRESHOLD,Q04_DELAY1,CONTROL_FAILURE,LOW,4,COMPACT_TYPED,12,1.0,6.0,2.0,1.0,0.0,1.0,0.0,1.0,0.0,0.0,11.0,1.0,0.0,0.0,8.0,0.0,1.0
LIVE_EPISODIC,FAILURE_THRESHOLD,Q04_DELAY1,CONTROL_FAILURE,LOW,4,VERBOSE_TYPED,12,1.0,6.0,2.0,1.0,0.0,1.0,0.0,1.0,0.0,0.0,14.0,1.0,0.0,0.0,8.0,0.0,1.0
LIVE_EPISODIC,FAILURE_THRESHOLD,Q04_DELAY1,CONTROL_FAILURE,LOW,8,COMPACT_TYPED,12,1.0,10.0,2.0,1.0,0.0,1.0,0.0,1.0,0.0,0.0,11.0,1.0,0.0,0.0,12.0,0.0,1.0
LIVE_EPISODIC,FAILURE_THRESHOLD,Q04_DELAY1,CONTROL_FAILURE,LOW,8,VERBOSE_TYPED,12,1.0,10.0,2.0,1.0,0.0,1.0,0.0,1.0,0.0,0.0,14.0,1.0,0.0,0.0,12.0,0.0,1.0
LIVE_EPISODIC,FAILURE_THRESHOLD,Q04_DELAY1,CONTROL_FAILURE,LOW,12,COMPACT_TYPED,12,1.0,14.0,2.0,1.0,0.0,1.0,0.0,1.0,0.0,0.0,11.0,1.0,0.0,0.0,16.0,0.0,1.0
LIVE_EPISODIC,FAILURE_THRESHOLD,Q04_DELAY1,CONTROL_FAILURE,LOW,12,VERBOSE_TYPED,12,1.0,14.0,2.0,1.0,0.0,1.0,0.0,1.0,0.0,0.0,14.0,1.0,0.0,0.0,16.0,0.0,1.0
LIVE_EPISODIC,FAILURE_THRESHOLD,Q04_DELAY1,POSE_SHIFT,HIGH,4,COMPACT_TYPED,12,1.0,6.0,2.0,1.0,0.0,1.0,0.0,1.0,0.0,0.0,11.0,1.0,0.0,0.0,8.0,0.0,1.0
LIVE_EPISODIC,FAILURE_THRESHOLD,Q04_DELAY1,POSE_SHIFT,HIGH,4,VERBOSE_TYPED,12,1.0,6.0,2.0,1.0,0.0,1.0,0.0,1.0,0.0,0.0,14.0,1.0,0.0,0.0,8.0,0.0,1.0
LIVE_EPISODIC,FAILURE_THRESHOLD,Q04_DELAY1,POSE_SHIFT,HIGH,8,COMPACT_TYPED,12,1.0,10.0,2.0,1.0,0.0,1.0,0.0,1.0,0.0,0.0,11.0,1.0,0.0,0.0,12.0,0.0,1.0
LIVE_EPISODIC,FAILURE_THRESHOLD,Q04_DELAY1,POSE_SHIFT,HIGH,8,VERBOSE_TYPED,12,1.0,10.0,2.0,1.0,0.0,1.0,0.0,1.0,0.0,0.0,14.0,1.0,0.0,0.0,12.0,0.0,1.0
LIVE_EPISODIC,FAILURE_THRESHOLD,Q04_DELAY1,POSE_SHIFT,HIGH,12,COMPACT_TYPED,12,1.0,14.0,2.0,1.0,0.0,1.0,0.0,1.0,0.0,0.0,11.0,1.0,0.0,0.0,16.0,0.0,1.0
LIVE_EPISODIC,FAILURE_THRESHOLD,Q04_DELAY1,POSE_SHIFT,HIGH,12,VERBOSE_TYPED,12,1.0,14.0,2.0,1.0,0.0,1.0,0.0,1.0,0.0,0.0,14.0,1.0,0.0,0.0,16.0,0.0,1.0
LIVE_EPISODIC,FAILURE_THRESHOLD,Q04_DELAY1,POSE_SHIFT,LOW,4,COMPACT_TYPED,12,1.0,6.0,2.0,1.0,0.0,1.0,0.0,1.0,0.0,0.0,11.0,1.0,0.0,0.0,8.0,0.0,1.0
LIVE_EPISODIC,FAILURE_THRESHOLD,Q04_DELAY1,POSE_SHIFT,LOW,4,VERBOSE_TYPED,12,1.0,6.0,2.0,1.0,0.0,1.0,0.0,1.0,0.0,0.0,14.0,1.0,0.0,0.0,8.0,0.0,1.0
LIVE_EPISODIC,FAILURE_THRESHOLD,Q04_DELAY1,POSE_SHIFT,LOW,8,COMPACT_TYPED,12,1.0,10.0,2.0,1.0,0.0,1.0,0.0,1.0,0.0,0.0,11.0,1.0,0.0,0.0,12.0,0.0,1.0
LIVE_EPISODIC,FAILURE_THRESHOLD,Q04_DELAY1,POSE_SHIFT,LOW,8,VERBOSE_TYPED,12,1.0,10.0,2.0,1.0,0.0,1.0,0.0,1.0,0.0,0.0,14.0,1.0,0.0,0.0,12.0,0.0,1.0
LIVE_EPISODIC,FAILURE_THRESHOLD,Q04_DELAY1,POSE_SHIFT,LOW,12,COMPACT_TYPED,12,1.0,14.0,2.0,1.0,0.0,1.0,0.0,1.0,0.0,0.0,11.0,1.0,0.0,0.0,16.0,0.0,1.0
LIVE_EPISODIC,FAILURE_THRESHOLD,Q04_DELAY1,POSE_SHIFT,LOW,12,VERBOSE_TYPED,12,1.0,14.0,2.0,1.0,0.0,1.0,0.0,1.0,0.0,0.0,14.0,1.0,0.0,0.0,16.0,0.0,1.0
LIVE_EPISODIC,FAILURE_THRESHOLD,Q04_DELAY1,RESTRICTION_CHANGE,HIGH,4,COMPACT_TYPED,12,1.0,6.0,2.0,1.0,0.0,1.0,0.0,1.0,0.0,0.0,11.0,1.0,0.0,0.0,8.0,0.0,1.0
LIVE_EPISODIC,FAILURE_THRESHOLD,Q04_DELAY1,RESTRICTION_CHANGE,HIGH,4,VERBOSE_TYPED,12,1.0,6.0,2.0,1.0,0.0,1.0,0.0,1.0,0.0,0.0,14.0,1.0,0.0,0.0,8.0,0.0,1.0
LIVE_EPISODIC,FAILURE_THRESHOLD,Q04_DELAY1,RESTRICTION_CHANGE,HIGH,8,COMPACT_TYPED,12,1.0,10.0,2.0,1.0,0.0,1.0,0.0,1.0,0.0,0.0,11.0,1.0,0.0,0.0,12.0,0.0,1.0
LIVE_EPISODIC,FAILURE_THRESHOLD,Q04_DELAY1,RESTRICTION_CHANGE,HIGH,8,VERBOSE_TYPED,12,1.0,10.0,2.0,1.0,0.0,1.0,0.0,1.0,0.0,0.0,14.0,1.0,0.0,0.0,12.0,0.0,1.0
LIVE_EPISODIC,FAILURE_THRESHOLD,Q04_DELAY1,RESTRICTION_CHANGE,HIGH,12,COMPACT_TYPED,12,1.0,14.0,2.0,1.0,0.0,1.0,0.0,1.0,0.0,0.0,11.0,1.0,0.0,0.0,16.0,0.0,1.0
LIVE_EPISODIC,FAILURE_THRESHOLD,Q04_DELAY1,RESTRICTION_CHANGE,HIGH,12,VERBOSE_TYPED,12,1.0,14.0,2.0,1.0,0.0,1.0,0.0,1.0,0.0,0.0,14.0,1.0,0.0,0.0,16.0,0.0,1.0
LIVE_EPISODIC,FAILURE_THRESHOLD,Q04_DELAY1,RESTRICTION_CHANGE,LOW,4,COMPACT_TYPED,12,1.0,6.0,2.0,1.0,0.0,1.0,0.0,1.0,0.0,0.0,11.0,1.0,0.0,0.0,8.0,0.0,1.0
LIVE_EPISODIC,FAILURE_THRESHOLD,Q04_DELAY1,RESTRICTION_CHANGE,LOW,4,VERBOSE_TYPED,12,1.0,6.0,2.0,1.0,0.0,1.0,0.0,1.0,0.0,0.0,14.0,1.0,0.0,0.0,8.0,0.0,1.0
LIVE_EPISODIC,FAILURE_THRESHOLD,Q04_DELAY1,RESTRICTION_CHANGE,LOW,8,COMPACT_TYPED,12,1.0,10.0,2.0,1.0,0.0,1.0,0.0,1.0,0.0,0.0,11.0,1.0,0.0,0.0,12.0,0.0,1.0
LIVE_EPISODIC,FAILURE_THRESHOLD,Q04_DELAY1,RESTRICTION_CHANGE,LOW,8,VERBOSE_TYPED,12,1.0,10.0,2.0,1.0,0.0,1.0,0.0,1.0,0.0,0.0,14.0,1.0,0.0,0.0,12.0,0.0,1.0
LIVE_EPISODIC,FAILURE_THRESHOLD,Q04_DELAY1,RESTRICTION_CHANGE,LOW,12,COMPACT_TYPED,12,1.0,14.0,2.0,1.0,0.0,1.0,0.0,1.0,0.0,0.0,11.0,1.0,0.0,0.0,16.0,0.0,1.0
LIVE_EPISODIC,FAILURE_THRESHOLD,Q04_DELAY1,RESTRICTION_CHANGE,LOW,12,VERBOSE_TYPED,12,1.0,14.0,2.0,1.0,0.0,1.0,0.0,1.0,0.0,0.0,14.0,1.0,0.0,0.0,16.0,0.0,1.0
LIVE_EPISODIC,FAILURE_THRESHOLD,Q05_DELAY3,AVAILABILITY_LOSS,HIGH,4,COMPACT_TYPED,12,1.0,6.0,2.0,1.0,0.0,1.0,0.0,1.0,0.0,0.0,11.0,1.0,0.0,0.0,8.0,0.0,1.0
LIVE_EPISODIC,FAILURE_THRESHOLD,Q05_DELAY3,AVAILABILITY_LOSS,HIGH,4,VERBOSE_TYPED,12,1.0,6.0,2.0,1.0,0.0,1.0,0.0,1.0,0.0,0.0,14.0,1.0,0.0,0.0,8.0,0.0,1.0
LIVE_EPISODIC,FAILURE_THRESHOLD,Q05_DELAY3,AVAILABILITY_LOSS,HIGH,8,COMPACT_TYPED,12,1.0,10.0,2.0,1.0,0.0,1.0,0.0,1.0,0.0,0.0,11.0,1.0,0.0,0.0,12.0,0.0,1.0
LIVE_EPISODIC,FAILURE_THRESHOLD,Q05_DELAY3,AVAILABILITY_LOSS,HIGH,8,VERBOSE_TYPED,12,1.0,10.0,2.0,1.0,0.0,1.0,0.0,1.0,0.0,0.0,14.0,1.0,0.0,0.0,12.0,0.0,1.0
LIVE_EPISODIC,FAILURE_THRESHOLD,Q05_DELAY3,AVAILABILITY_LOSS,HIGH,12,COMPACT_TYPED,12,1.0,14.0,2.0,1.0,0.0,1.0,0.0,1.0,0.0,0.0,11.0,1.0,0.0,0.0,16.0,0.0,1.0
LIVE_EPISODIC,FAILURE_THRESHOLD,Q05_DELAY3,AVAILABILITY_LOSS,HIGH,12,VERBOSE_TYPED,12,1.0,14.0,2.0,1.0,0.0,1.0,0.0,1.0,0.0,0.0,14.0,1.0,0.0,0.0,16.0,0.0,1.0
LIVE_EPISODIC,FAILURE_THRESHOLD,Q05_DELAY3,AVAILABILITY_LOSS,LOW,4,COMPACT_TYPED,12,1.0,6.0,2.0,1.0,0.0,1.0,0.0,1.0,0.0,0.0,11.0,1.0,0.0,0.0,8.0,0.0,1.0
LIVE_EPISODIC,FAILURE_THRESHOLD,Q05_DELAY3,AVAILABILITY_LOSS,LOW,4,VERBOSE_TYPED,12,1.0,6.0,2.0,1.0,0.0,1.0,0.0,1.0,0.0,0.0,14.0,1.0,0.0,0.0,8.0,0.0,1.0
LIVE_EPISODIC,FAILURE_THRESHOLD,Q05_DELAY3,AVAILABILITY_LOSS,LOW,8,COMPACT_TYPED,12,1.0,10.0,2.0,1.0,0.0,1.0,0.0,1.0,0.0,0.0,11.0,1.0,0.0,0.0,12.0,0.0,1.0
LIVE_EPISODIC,FAILURE_THRESHOLD,Q05_DELAY3,AVAILABILITY_LOSS,LOW,8,VERBOSE_TYPED,12,1.0,10.0,2.0,1.0,0.0,1.0,0.0,1.0,0.0,0.0,14.0,1.0,0.0,0.0,12.0,0.0,1.0
LIVE_EPISODIC,FAILURE_THRESHOLD,Q05_DELAY3,AVAILABILITY_LOSS,LOW,12,COMPACT_TYPED,12,1.0,14.0,2.0,1.0,0.0,1.0,0.0,1.0,0.0,0.0,11.0,1.0,0.0,0.0,16.0,0.0,1.0
LIVE_EPISODIC,FAILURE_THRESHOLD,Q05_DELAY3,AVAILABILITY_LOSS,LOW,12,VERBOSE_TYPED,12,1.0,14.0,2.0,1.0,0.0,1.0,0.0,1.0,0.0,0.0,14.0,1.0,0.0,0.0,16.0,0.0,1.0
LIVE_EPISODIC,FAILURE_THRESHOLD,Q05_DELAY3,CONTROL_FAILURE,HIGH,4,COMPACT_TYPED,12,1.0,6.0,2.0,1.0,0.0,1.0,0.0,1.0,0.0,0.0,11.0,1.0,0.0,0.0,8.0,0.0,1.0
LIVE_EPISODIC,FAILURE_THRESHOLD,Q05_DELAY3,CONTROL_FAILURE,HIGH,4,VERBOSE_TYPED,12,1.0,6.0,2.0,1.0,0.0,1.0,0.0,1.0,0.0,0.0,14.0,1.0,0.0,0.0,8.0,0.0,1.0
LIVE_EPISODIC,FAILURE_THRESHOLD,Q05_DELAY3,CONTROL_FAILURE,HIGH,8,COMPACT_TYPED,12,1.0,10.0,2.0,1.0,0.0,1.0,0.0,1.0,0.0,0.0,11.0,1.0,0.0,0.0,12.0,0.0,1.0
LIVE_EPISODIC,FAILURE_THRESHOLD,Q05_DELAY3,CONTROL_FAILURE,HIGH,8,VERBOSE_TYPED,12,1.0,10.0,2.0,1.0,0.0,1.0,0.0,1.0,0.0,0.0,14.0,1.0,0.0,0.0,12.0,0.0,1.0
LIVE_EPISODIC,FAILURE_THRESHOLD,Q05_DELAY3,CONTROL_FAILURE,HIGH,12,COMPACT_TYPED,12,1.0,14.0,2.0,1.0,0.0,1.0,0.0,1.0,0.0,0.0,11.0,1.0,0.0,0.0,16.0,0.0,1.0
LIVE_EPISODIC,FAILURE_THRESHOLD,Q05_DELAY3,CONTROL_FAILURE,HIGH,12,VERBOSE_TYPED,12,1.0,14.0,2.0,1.0,0.0,1.0,0.0,1.0,0.0,0.0,14.0,1.0,0.0,0.0,16.0,0.0,1.0
LIVE_EPISODIC,FAILURE_THRESHOLD,Q05_DELAY3,CONTROL_FAILURE,LOW,4,COMPACT_TYPED,12,1.0,6.0,2.0,1.0,0.0,1.0,0.0,1.0,0.0,0.0,11.0,1.0,0.0,0.0,8.0,0.0,1.0
LIVE_EPISODIC,FAILURE_THRESHOLD,Q05_DELAY3,CONTROL_FAILURE,LOW,4,VERBOSE_TYPED,12,1.0,6.0,2.0,1.0,0.0,1.0,0.0,1.0,0.0,0.0,14.0,1.0,0.0,0.0,8.0,0.0,1.0
LIVE_EPISODIC,FAILURE_THRESHOLD,Q05_DELAY3,CONTROL_FAILURE,LOW,8,COMPACT_TYPED,12,1.0,10.0,2.0,1.0,0.0,1.0,0.0,1.0,0.0,0.0,11.0,1.0,0.0,0.0,12.0,0.0,1.0
LIVE_EPISODIC,FAILURE_THRESHOLD,Q05_DELAY3,CONTROL_FAILURE,LOW,8,VERBOSE_TYPED,12,1.0,10.0,2.0,1.0,0.0,1.0,0.0,1.0,0.0,0.0,14.0,1.0,0.0,0.0,12.0,0.0,1.0
LIVE_EPISODIC,FAILURE_THRESHOLD,Q05_DELAY3,CONTROL_FAILURE,LOW,12,COMPACT_TYPED,12,1.0,14.0,2.0,1.0,0.0,1.0,0.0,1.0,0.0,0.0,11.0,1.0,0.0,0.0,16.0,0.0,1.0
LIVE_EPISODIC,FAILURE_THRESHOLD,Q05_DELAY3,CONTROL_FAILURE,LOW,12,VERBOSE_TYPED,12,1.0,14.0,2.0,1.0,0.0,1.0,0.0,1.0,0.0,0.0,14.0,1.0,0.0,0.0,16.0,0.0,1.0
LIVE_EPISODIC,FAILURE_THRESHOLD,Q05_DELAY3,POSE_SHIFT,HIGH,4,COMPACT_TYPED,12,1.0,6.0,2.0,1.0,0.0,1.0,0.0,1.0,0.0,0.0,11.0,1.0,0.0,0.0,8.0,0.0,1.0
LIVE_EPISODIC,FAILURE_THRESHOLD,Q05_DELAY3,POSE_SHIFT,HIGH,4,VERBOSE_TYPED,12,1.0,6.0,2.0,1.0,0.0,1.0,0.0,1.0,0.0,0.0,14.0,1.0,0.0,0.0,8.0,0.0,1.0
LIVE_EPISODIC,FAILURE_THRESHOLD,Q05_DELAY3,POSE_SHIFT,HIGH,8,COMPACT_TYPED,12,1.0,10.0,2.0,1.0,0.0,1.0,0.0,1.0,0.0,0.0,11.0,1.0,0.0,0.0,12.0,0.0,1.0
LIVE_EPISODIC,FAILURE_THRESHOLD,Q05_DELAY3,POSE_SHIFT,HIGH,8,VERBOSE_TYPED,12,1.0,10.0,2.0,1.0,0.0,1.0,0.0,1.0,0.0,0.0,14.0,1.0,0.0,0.0,12.0,0.0,1.0
LIVE_EPISODIC,FAILURE_THRESHOLD,Q05_DELAY3,POSE_SHIFT,HIGH,12,COMPACT_TYPED,12,1.0,14.0,2.0,1.0,0.0,1.0,0.0,1.0,0.0,0.0,11.0,1.0,0.0,0.0,16.0,0.0,1.0
LIVE_EPISODIC,FAILURE_THRESHOLD,Q05_DELAY3,POSE_SHIFT,HIGH,12,VERBOSE_TYPED,12,1.0,14.0,2.0,1.0,0.0,1.0,0.0,1.0,0.0,0.0,14.0,1.0,0.0,0.0,16.0,0.0,1.0
LIVE_EPISODIC,FAILURE_THRESHOLD,Q05_DELAY3,POSE_SHIFT,LOW,4,COMPACT_TYPED,12,1.0,6.0,2.0,1.0,0.0,1.0,0.0,1.0,0.0,0.0,11.0,1.0,0.0,0.0,8.0,0.0,1.0
LIVE_EPISODIC,FAILURE_THRESHOLD,Q05_DELAY3,POSE_SHIFT,LOW,4,VERBOSE_TYPED,12,1.0,6.0,2.0,1.0,0.0,1.0,0.0,1.0,0.0,0.0,14.0,1.0,0.0,0.0,8.0,0.0,1.0
LIVE_EPISODIC,FAILURE_THRESHOLD,Q05_DELAY3,POSE_SHIFT,LOW,8,COMPACT_TYPED,12,1.0,10.0,2.0,1.0,0.0,1.0,0.0,1.0,0.0,0.0,11.0,1.0,0.0,0.0,12.0,0.0,1.0
LIVE_EPISODIC,FAILURE_THRESHOLD,Q05_DELAY3,POSE_SHIFT,LOW,8,VERBOSE_TYPED,12,1.0,10.0,2.0,1.0,0.0,1.0,0.0,1.0,0.0,0.0,14.0,1.0,0.0,0.0,12.0,0.0,1.0
LIVE_EPISODIC,FAILURE_THRESHOLD,Q05_DELAY3,POSE_SHIFT,LOW,12,COMPACT_TYPED,12,1.0,14.0,2.0,1.0,0.0,1.0,0.0,1.0,0.0,0.0,11.0,1.0,0.0,0.0,16.0,0.0,1.0
LIVE_EPISODIC,FAILURE_THRESHOLD,Q05_DELAY3,POSE_SHIFT,LOW,12,VERBOSE_TYPED,12,1.0,14.0,2.0,1.0,0.0,1.0,0.0,1.0,0.0,0.0,14.0,1.0,0.0,0.0,16.0,0.0,1.0
LIVE_EPISODIC,FAILURE_THRESHOLD,Q05_DELAY3,RESTRICTION_CHANGE,HIGH,4,COMPACT_TYPED,12,1.0,6.0,2.0,1.0,0.0,1.0,0.0,1.0,0.0,0.0,11.0,1.0,0.0,0.0,8.0,0.0,1.0
LIVE_EPISODIC,FAILURE_THRESHOLD,Q05_DELAY3,RESTRICTION_CHANGE,HIGH,4,VERBOSE_TYPED,12,1.0,6.0,2.0,1.0,0.0,1.0,0.0,1.0,0.0,0.0,14.0,1.0,0.0,0.0,8.0,0.0,1.0
LIVE_EPISODIC,FAILURE_THRESHOLD,Q05_DELAY3,RESTRICTION_CHANGE,HIGH,8,COMPACT_TYPED,12,1.0,10.0,2.0,1.0,0.0,1.0,0.0,1.0,0.0,0.0,11.0,1.0,0.0,0.0,12.0,0.0,1.0
LIVE_EPISODIC,FAILURE_THRESHOLD,Q05_DELAY3,RESTRICTION_CHANGE,HIGH,8,VERBOSE_TYPED,12,1.0,10.0,2.0,1.0,0.0,1.0,0.0,1.0,0.0,0.0,14.0,1.0,0.0,0.0,12.0,0.0,1.0
LIVE_EPISODIC,FAILURE_THRESHOLD,Q05_DELAY3,RESTRICTION_CHANGE,HIGH,12,COMPACT_TYPED,12,1.0,14.0,2.0,1.0,0.0,1.0,0.0,1.0,0.0,0.0,11.0,1.0,0.0,0.0,16.0,0.0,1.0
LIVE_EPISODIC,FAILURE_THRESHOLD,Q05_DELAY3,RESTRICTION_CHANGE,HIGH,12,VERBOSE_TYPED,12,1.0,14.0,2.0,1.0,0.0,1.0,0.0,1.0,0.0,0.0,14.0,1.0,0.0,0.0,16.0,0.0,1.0
LIVE_EPISODIC,FAILURE_THRESHOLD,Q05_DELAY3,RESTRICTION_CHANGE,LOW,4,COMPACT_TYPED,12,1.0,6.0,2.0,1.0,0.0,1.0,0.0,1.0,0.0,0.0,11.0,1.0,0.0,0.0,8.0,0.0,1.0
LIVE_EPISODIC,FAILURE_THRESHOLD,Q05_DELAY3,RESTRICTION_CHANGE,LOW,4,VERBOSE_TYPED,12,1.0,6.0,2.0,1.0,0.0,1.0,0.0,1.0,0.0,0.0,14.0,1.0,0.0,0.0,8.0,0.0,1.0
LIVE_EPISODIC,FAILURE_THRESHOLD,Q05_DELAY3,RESTRICTION_CHANGE,LOW,8,COMPACT_TYPED,12,1.0,10.0,2.0,1.0,0.0,1.0,0.0,1.0,0.0,0.0,11.0,1.0,0.0,0.0,12.0,0.0,1.0
LIVE_EPISODIC,FAILURE_THRESHOLD,Q05_DELAY3,RESTRICTION_CHANGE,LOW,8,VERBOSE_TYPED,12,1.0,10.0,2.0,1.0,0.0,1.0,0.0,1.0,0.0,0.0,14.0,1.0,0.0,0.0,12.0,0.0,1.0
LIVE_EPISODIC,FAILURE_THRESHOLD,Q05_DELAY3,RESTRICTION_CHANGE,LOW,12,COMPACT_TYPED,12,1.0,14.0,2.0,1.0,0.0,1.0,0.0,1.0,0.0,0.0,11.0,1.0,0.0,0.0,16.0,0.0,1.0
LIVE_EPISODIC,FAILURE_THRESHOLD,Q05_DELAY3,RESTRICTION_CHANGE,LOW,12,VERBOSE_TYPED,12,1.0,14.0,2.0,1.0,0.0,1.0,0.0,1.0,0.0,0.0,14.0,1.0,0.0,0.0,16.0,0.0,1.0
LIVE_EPISODIC,FAILURE_THRESHOLD,Q06_FALSE3,AVAILABILITY_LOSS,HIGH,4,COMPACT_TYPED,12,1.0,6.0,2.0,1.0,0.0,1.0,0.0,1.0,0.0,0.0,14.0,1.0,0.0,0.0,8.0,0.0,1.0
LIVE_EPISODIC,FAILURE_THRESHOLD,Q06_FALSE3,AVAILABILITY_LOSS,HIGH,4,VERBOSE_TYPED,12,1.0,6.0,2.0,1.0,0.0,1.0,0.0,1.0,0.0,0.0,26.0,1.0,0.0,0.0,8.0,0.0,1.0
LIVE_EPISODIC,FAILURE_THRESHOLD,Q06_FALSE3,AVAILABILITY_LOSS,HIGH,8,COMPACT_TYPED,12,1.0,10.0,2.0,1.0,0.0,1.0,0.0,1.0,0.0,0.0,14.0,1.0,0.0,0.0,12.0,0.0,1.0
LIVE_EPISODIC,FAILURE_THRESHOLD,Q06_FALSE3,AVAILABILITY_LOSS,HIGH,8,VERBOSE_TYPED,12,1.0,10.0,2.0,1.0,0.0,1.0,0.0,1.0,0.0,0.0,26.0,1.0,0.0,0.0,12.0,0.0,1.0
LIVE_EPISODIC,FAILURE_THRESHOLD,Q06_FALSE3,AVAILABILITY_LOSS,HIGH,12,COMPACT_TYPED,12,1.0,14.0,2.0,1.0,0.0,1.0,0.0,1.0,0.0,0.0,14.0,1.0,0.0,0.0,16.0,0.0,1.0
LIVE_EPISODIC,FAILURE_THRESHOLD,Q06_FALSE3,AVAILABILITY_LOSS,HIGH,12,VERBOSE_TYPED,12,1.0,14.0,2.0,1.0,0.0,1.0,0.0,1.0,0.0,0.0,26.0,1.0,0.0,0.0,16.0,0.0,1.0
LIVE_EPISODIC,FAILURE_THRESHOLD,Q06_FALSE3,AVAILABILITY_LOSS,LOW,4,COMPACT_TYPED,12,1.0,6.0,2.0,1.0,0.0,1.0,0.0,1.0,0.0,0.0,14.0,1.0,0.0,0.0,8.0,0.0,1.0
LIVE_EPISODIC,FAILURE_THRESHOLD,Q06_FALSE3,AVAILABILITY_LOSS,LOW,4,VERBOSE_TYPED,12,1.0,6.0,2.0,1.0,0.0,1.0,0.0,1.0,0.0,0.0,26.0,1.0,0.0,0.0,8.0,0.0,1.0
LIVE_EPISODIC,FAILURE_THRESHOLD,Q06_FALSE3,AVAILABILITY_LOSS,LOW,8,COMPACT_TYPED,12,1.0,10.0,2.0,1.0,0.0,1.0,0.0,1.0,0.0,0.0,14.0,1.0,0.0,0.0,12.0,0.0,1.0
LIVE_EPISODIC,FAILURE_THRESHOLD,Q06_FALSE3,AVAILABILITY_LOSS,LOW,8,VERBOSE_TYPED,12,1.0,10.0,2.0,1.0,0.0,1.0,0.0,1.0,0.0,0.0,26.0,1.0,0.0,0.0,12.0,0.0,1.0
LIVE_EPISODIC,FAILURE_THRESHOLD,Q06_FALSE3,AVAILABILITY_LOSS,LOW,12,COMPACT_TYPED,12,1.0,14.0,2.0,1.0,0.0,1.0,0.0,1.0,0.0,0.0,14.0,1.0,0.0,0.0,16.0,0.0,1.0
LIVE_EPISODIC,FAILURE_THRESHOLD,Q06_FALSE3,AVAILABILITY_LOSS,LOW,12,VERBOSE_TYPED,12,1.0,14.0,2.0,1.0,0.0,1.0,0.0,1.0,0.0,0.0,26.0,1.0,0.0,0.0,16.0,0.0,1.0
LIVE_EPISODIC,FAILURE_THRESHOLD,Q06_FALSE3,CONTROL_FAILURE,HIGH,4,COMPACT_TYPED,12,1.0,6.0,2.0,1.0,0.0,1.0,0.0,1.0,0.0,0.0,14.0,1.0,0.0,0.0,8.0,0.0,1.0
LIVE_EPISODIC,FAILURE_THRESHOLD,Q06_FALSE3,CONTROL_FAILURE,HIGH,4,VERBOSE_TYPED,12,1.0,6.0,2.0,1.0,0.0,1.0,0.0,1.0,0.0,0.0,26.0,1.0,0.0,0.0,8.0,0.0,1.0
LIVE_EPISODIC,FAILURE_THRESHOLD,Q06_FALSE3,CONTROL_FAILURE,HIGH,8,COMPACT_TYPED,12,1.0,10.0,2.0,1.0,0.0,1.0,0.0,1.0,0.0,0.0,14.0,1.0,0.0,0.0,12.0,0.0,1.0
LIVE_EPISODIC,FAILURE_THRESHOLD,Q06_FALSE3,CONTROL_FAILURE,HIGH,8,VERBOSE_TYPED,12,1.0,10.0,2.0,1.0,0.0,1.0,0.0,1.0,0.0,0.0,26.0,1.0,0.0,0.0,12.0,0.0,1.0
LIVE_EPISODIC,FAILURE_THRESHOLD,Q06_FALSE3,CONTROL_FAILURE,HIGH,12,COMPACT_TYPED,12,1.0,14.0,2.0,1.0,0.0,1.0,0.0,1.0,0.0,0.0,14.0,1.0,0.0,0.0,16.0,0.0,1.0
LIVE_EPISODIC,FAILURE_THRESHOLD,Q06_FALSE3,CONTROL_FAILURE,HIGH,12,VERBOSE_TYPED,12,1.0,14.0,2.0,1.0,0.0,1.0,0.0,1.0,0.0,0.0,26.0,1.0,0.0,0.0,16.0,0.0,1.0
LIVE_EPISODIC,FAILURE_THRESHOLD,Q06_FALSE3,CONTROL_FAILURE,LOW,4,COMPACT_TYPED,12,1.0,6.0,2.0,1.0,0.0,1.0,0.0,1.0,0.0,0.0,14.0,1.0,0.0,0.0,8.0,0.0,1.0
LIVE_EPISODIC,FAILURE_THRESHOLD,Q06_FALSE3,CONTROL_FAILURE,LOW,4,VERBOSE_TYPED,12,1.0,6.0,2.0,1.0,0.0,1.0,0.0,1.0,0.0,0.0,26.0,1.0,0.0,0.0,8.0,0.0,1.0
LIVE_EPISODIC,FAILURE_THRESHOLD,Q06_FALSE3,CONTROL_FAILURE,LOW,8,COMPACT_TYPED,12,1.0,10.0,2.0,1.0,0.0,1.0,0.0,1.0,0.0,0.0,14.0,1.0,0.0,0.0,12.0,0.0,1.0
LIVE_EPISODIC,FAILURE_THRESHOLD,Q06_FALSE3,CONTROL_FAILURE,LOW,8,VERBOSE_TYPED,12,1.0,10.0,2.0,1.0,0.0,1.0,0.0,1.0,0.0,0.0,26.0,1.0,0.0,0.0,12.0,0.0,1.0
LIVE_EPISODIC,FAILURE_THRESHOLD,Q06_FALSE3,CONTROL_FAILURE,LOW,12,COMPACT_TYPED,12,1.0,14.0,2.0,1.0,0.0,1.0,0.0,1.0,0.0,0.0,14.0,1.0,0.0,0.0,16.0,0.0,1.0
LIVE_EPISODIC,FAILURE_THRESHOLD,Q06_FALSE3,CONTROL_FAILURE,LOW,12,VERBOSE_TYPED,12,1.0,14.0,2.0,1.0,0.0,1.0,0.0,1.0,0.0,0.0,26.0,1.0,0.0,0.0,16.0,0.0,1.0
LIVE_EPISODIC,FAILURE_THRESHOLD,Q06_FALSE3,POSE_SHIFT,HIGH,4,COMPACT_TYPED,12,1.0,6.0,2.0,1.0,0.0,1.0,0.0,1.0,0.0,0.0,14.0,1.0,0.0,0.0,8.0,0.0,1.0
LIVE_EPISODIC,FAILURE_THRESHOLD,Q06_FALSE3,POSE_SHIFT,HIGH,4,VERBOSE_TYPED,12,1.0,6.0,2.0,1.0,0.0,1.0,0.0,1.0,0.0,0.0,26.0,1.0,0.0,0.0,8.0,0.0,1.0
LIVE_EPISODIC,FAILURE_THRESHOLD,Q06_FALSE3,POSE_SHIFT,HIGH,8,COMPACT_TYPED,12,1.0,10.0,2.0,1.0,0.0,1.0,0.0,1.0,0.0,0.0,14.0,1.0,0.0,0.0,12.0,0.0,1.0
LIVE_EPISODIC,FAILURE_THRESHOLD,Q06_FALSE3,POSE_SHIFT,HIGH,8,VERBOSE_TYPED,12,1.0,10.0,2.0,1.0,0.0,1.0,0.0,1.0,0.0,0.0,26.0,1.0,0.0,0.0,12.0,0.0,1.0
LIVE_EPISODIC,FAILURE_THRESHOLD,Q06_FALSE3,POSE_SHIFT,HIGH,12,COMPACT_TYPED,12,1.0,14.0,2.0,1.0,0.0,1.0,0.0,1.0,0.0,0.0,14.0,1.0,0.0,0.0,16.0,0.0,1.0
LIVE_EPISODIC,FAILURE_THRESHOLD,Q06_FALSE3,POSE_SHIFT,HIGH,12,VERBOSE_TYPED,12,1.0,14.0,2.0,1.0,0.0,1.0,0.0,1.0,0.0,0.0,26.0,1.0,0.0,0.0,16.0,0.0,1.0
LIVE_EPISODIC,FAILURE_THRESHOLD,Q06_FALSE3,POSE_SHIFT,LOW,4,COMPACT_TYPED,12,1.0,6.0,2.0,1.0,0.0,1.0,0.0,1.0,0.0,0.0,14.0,1.0,0.0,0.0,8.0,0.0,1.0
LIVE_EPISODIC,FAILURE_THRESHOLD,Q06_FALSE3,POSE_SHIFT,LOW,4,VERBOSE_TYPED,12,1.0,6.0,2.0,1.0,0.0,1.0,0.0,1.0,0.0,0.0,26.0,1.0,0.0,0.0,8.0,0.0,1.0
LIVE_EPISODIC,FAILURE_THRESHOLD,Q06_FALSE3,POSE_SHIFT,LOW,8,COMPACT_TYPED,12,1.0,10.0,2.0,1.0,0.0,1.0,0.0,1.0,0.0,0.0,14.0,1.0,0.0,0.0,12.0,0.0,1.0
LIVE_EPISODIC,FAILURE_THRESHOLD,Q06_FALSE3,POSE_SHIFT,LOW,8,VERBOSE_TYPED,12,1.0,10.0,2.0,1.0,0.0,1.0,0.0,1.0,0.0,0.0,26.0,1.0,0.0,0.0,12.0,0.0,1.0
LIVE_EPISODIC,FAILURE_THRESHOLD,Q06_FALSE3,POSE_SHIFT,LOW,12,COMPACT_TYPED,12,1.0,14.0,2.0,1.0,0.0,1.0,0.0,1.0,0.0,0.0,14.0,1.0,0.0,0.0,16.0,0.0,1.0
LIVE_EPISODIC,FAILURE_THRESHOLD,Q06_FALSE3,POSE_SHIFT,LOW,12,VERBOSE_TYPED,12,1.0,14.0,2.0,1.0,0.0,1.0,0.0,1.0,0.0,0.0,26.0,1.0,0.0,0.0,16.0,0.0,1.0
LIVE_EPISODIC,FAILURE_THRESHOLD,Q06_FALSE3,RESTRICTION_CHANGE,HIGH,4,COMPACT_TYPED,12,1.0,6.0,2.0,1.0,0.0,1.0,0.0,1.0,0.0,0.0,14.0,1.0,0.0,0.0,8.0,0.0,1.0
LIVE_EPISODIC,FAILURE_THRESHOLD,Q06_FALSE3,RESTRICTION_CHANGE,HIGH,4,VERBOSE_TYPED,12,1.0,6.0,2.0,1.0,0.0,1.0,0.0,1.0,0.0,0.0,26.0,1.0,0.0,0.0,8.0,0.0,1.0
LIVE_EPISODIC,FAILURE_THRESHOLD,Q06_FALSE3,RESTRICTION_CHANGE,HIGH,8,COMPACT_TYPED,12,1.0,10.0,2.0,1.0,0.0,1.0,0.0,1.0,0.0,0.0,14.0,1.0,0.0,0.0,12.0,0.0,1.0
LIVE_EPISODIC,FAILURE_THRESHOLD,Q06_FALSE3,RESTRICTION_CHANGE,HIGH,8,VERBOSE_TYPED,12,1.0,10.0,2.0,1.0,0.0,1.0,0.0,1.0,0.0,0.0,26.0,1.0,0.0,0.0,12.0,0.0,1.0
LIVE_EPISODIC,FAILURE_THRESHOLD,Q06_FALSE3,RESTRICTION_CHANGE,HIGH,12,COMPACT_TYPED,12,1.0,14.0,2.0,1.0,0.0,1.0,0.0,1.0,0.0,0.0,14.0,1.0,0.0,0.0,16.0,0.0,1.0
LIVE_EPISODIC,FAILURE_THRESHOLD,Q06_FALSE3,RESTRICTION_CHANGE,HIGH,12,VERBOSE_TYPED,12,1.0,14.0,2.0,1.0,0.0,1.0,0.0,1.0,0.0,0.0,26.0,1.0,0.0,0.0,16.0,0.0,1.0
LIVE_EPISODIC,FAILURE_THRESHOLD,Q06_FALSE3,RESTRICTION_CHANGE,LOW,4,COMPACT_TYPED,12,1.0,6.0,2.0,1.0,0.0,1.0,0.0,1.0,0.0,0.0,14.0,1.0,0.0,0.0,8.0,0.0,1.0
LIVE_EPISODIC,FAILURE_THRESHOLD,Q06_FALSE3,RESTRICTION_CHANGE,LOW,4,VERBOSE_TYPED,12,1.0,6.0,2.0,1.0,0.0,1.0,0.0,1.0,0.0,0.0,26.0,1.0,0.0,0.0,8.0,0.0,1.0
LIVE_EPISODIC,FAILURE_THRESHOLD,Q06_FALSE3,RESTRICTION_CHANGE,LOW,8,COMPACT_TYPED,12,1.0,10.0,2.0,1.0,0.0,1.0,0.0,1.0,0.0,0.0,14.0,1.0,0.0,0.0,12.0,0.0,1.0
LIVE_EPISODIC,FAILURE_THRESHOLD,Q06_FALSE3,RESTRICTION_CHANGE,LOW,8,VERBOSE_TYPED,12,1.0,10.0,2.0,1.0,0.0,1.0,0.0,1.0,0.0,0.0,26.0,1.0,0.0,0.0,12.0,0.0,1.0
LIVE_EPISODIC,FAILURE_THRESHOLD,Q06_FALSE3,RESTRICTION_CHANGE,LOW,12,COMPACT_TYPED,12,1.0,14.0,2.0,1.0,0.0,1.0,0.0,1.0,0.0,0.0,14.0,1.0,0.0,0.0,16.0,0.0,1.0
LIVE_EPISODIC,FAILURE_THRESHOLD,Q06_FALSE3,RESTRICTION_CHANGE,LOW,12,VERBOSE_TYPED,12,1.0,14.0,2.0,1.0,0.0,1.0,0.0,1.0,0.0,0.0,26.0,1.0,0.0,0.0,16.0,0.0,1.0
LIVE_EPISODIC,FAILURE_THRESHOLD,Q07_DUP_OOO,AVAILABILITY_LOSS,HIGH,4,COMPACT_TYPED,12,1.0,6.0,2.0,1.0,0.0,1.0,0.0,1.0,0.0,0.0,14.0,1.0,1.0,167.0,4.0,0.0,1.0
LIVE_EPISODIC,FAILURE_THRESHOLD,Q07_DUP_OOO,AVAILABILITY_LOSS,HIGH,4,VERBOSE_TYPED,12,1.0,6.0,2.0,1.0,0.0,1.0,0.0,1.0,0.0,0.0,23.0,1.0,1.0,168.0,4.0,0.0,1.0
LIVE_EPISODIC,FAILURE_THRESHOLD,Q07_DUP_OOO,AVAILABILITY_LOSS,HIGH,8,COMPACT_TYPED,12,1.0,10.0,2.0,1.0,0.0,1.0,0.0,1.0,0.0,0.0,14.0,1.0,1.0,167.0,6.0,0.0,1.0
LIVE_EPISODIC,FAILURE_THRESHOLD,Q07_DUP_OOO,AVAILABILITY_LOSS,HIGH,8,VERBOSE_TYPED,12,1.0,10.0,2.0,1.0,0.0,1.0,0.0,1.0,0.0,0.0,23.0,1.0,1.0,168.0,6.0,0.0,1.0
LIVE_EPISODIC,FAILURE_THRESHOLD,Q07_DUP_OOO,AVAILABILITY_LOSS,HIGH,12,COMPACT_TYPED,12,1.0,14.0,2.0,1.0,0.0,1.0,0.0,1.0,0.0,0.0,14.0,1.0,1.0,167.0,8.0,0.0,1.0
LIVE_EPISODIC,FAILURE_THRESHOLD,Q07_DUP_OOO,AVAILABILITY_LOSS,HIGH,12,VERBOSE_TYPED,12,1.0,14.0,2.0,1.0,0.0,1.0,0.0,1.0,0.0,0.0,23.0,1.0,1.0,168.0,8.0,0.0,1.0
LIVE_EPISODIC,FAILURE_THRESHOLD,Q07_DUP_OOO,AVAILABILITY_LOSS,LOW,4,COMPACT_TYPED,12,1.0,6.0,2.0,1.0,0.0,1.0,0.0,1.0,0.0,0.0,14.0,1.0,1.0,167.0,4.0,0.0,1.0
LIVE_EPISODIC,FAILURE_THRESHOLD,Q07_DUP_OOO,AVAILABILITY_LOSS,LOW,4,VERBOSE_TYPED,12,1.0,6.0,2.0,1.0,0.0,1.0,0.0,1.0,0.0,0.0,23.0,1.0,1.0,168.0,4.0,0.0,1.0
LIVE_EPISODIC,FAILURE_THRESHOLD,Q07_DUP_OOO,AVAILABILITY_LOSS,LOW,8,COMPACT_TYPED,12,1.0,10.0,2.0,1.0,0.0,1.0,0.0,1.0,0.0,0.0,14.0,1.0,1.0,167.0,6.0,0.0,1.0
LIVE_EPISODIC,FAILURE_THRESHOLD,Q07_DUP_OOO,AVAILABILITY_LOSS,LOW,8,VERBOSE_TYPED,12,1.0,10.0,2.0,1.0,0.0,1.0,0.0,1.0,0.0,0.0,23.0,1.0,1.0,168.0,6.0,0.0,1.0
LIVE_EPISODIC,FAILURE_THRESHOLD,Q07_DUP_OOO,AVAILABILITY_LOSS,LOW,12,COMPACT_TYPED,12,1.0,14.0,2.0,1.0,0.0,1.0,0.0,1.0,0.0,0.0,14.0,1.0,1.0,167.0,8.0,0.0,1.0
LIVE_EPISODIC,FAILURE_THRESHOLD,Q07_DUP_OOO,AVAILABILITY_LOSS,LOW,12,VERBOSE_TYPED,12,1.0,14.0,2.0,1.0,0.0,1.0,0.0,1.0,0.0,0.0,23.0,1.0,1.0,168.0,8.0,0.0,1.0
LIVE_EPISODIC,FAILURE_THRESHOLD,Q07_DUP_OOO,CONTROL_FAILURE,HIGH,4,COMPACT_TYPED,12,1.0,6.0,2.0,1.0,0.0,1.0,0.0,1.0,0.0,0.0,14.0,1.0,1.0,166.0,4.0,0.0,1.0
LIVE_EPISODIC,FAILURE_THRESHOLD,Q07_DUP_OOO,CONTROL_FAILURE,HIGH,4,VERBOSE_TYPED,12,1.0,6.0,2.0,1.0,0.0,1.0,0.0,1.0,0.0,0.0,23.0,1.0,1.0,167.0,4.0,0.0,1.0
LIVE_EPISODIC,FAILURE_THRESHOLD,Q07_DUP_OOO,CONTROL_FAILURE,HIGH,8,COMPACT_TYPED,12,1.0,10.0,2.0,1.0,0.0,1.0,0.0,1.0,0.0,0.0,14.0,1.0,1.0,166.0,6.0,0.0,1.0
LIVE_EPISODIC,FAILURE_THRESHOLD,Q07_DUP_OOO,CONTROL_FAILURE,HIGH,8,VERBOSE_TYPED,12,1.0,10.0,2.0,1.0,0.0,1.0,0.0,1.0,0.0,0.0,23.0,1.0,1.0,167.0,6.0,0.0,1.0
LIVE_EPISODIC,FAILURE_THRESHOLD,Q07_DUP_OOO,CONTROL_FAILURE,HIGH,12,COMPACT_TYPED,12,1.0,14.0,2.0,1.0,0.0,1.0,0.0,1.0,0.0,0.0,14.0,1.0,1.0,166.0,8.0,0.0,1.0
LIVE_EPISODIC,FAILURE_THRESHOLD,Q07_DUP_OOO,CONTROL_FAILURE,HIGH,12,VERBOSE_TYPED,12,1.0,14.0,2.0,1.0,0.0,1.0,0.0,1.0,0.0,0.0,23.0,1.0,1.0,167.0,8.0,0.0,1.0
LIVE_EPISODIC,FAILURE_THRESHOLD,Q07_DUP_OOO,CONTROL_FAILURE,LOW,4,COMPACT_TYPED,12,1.0,6.0,2.0,1.0,0.0,1.0,0.0,1.0,0.0,0.0,14.0,1.0,1.0,166.0,4.0,0.0,1.0
LIVE_EPISODIC,FAILURE_THRESHOLD,Q07_DUP_OOO,CONTROL_FAILURE,LOW,4,VERBOSE_TYPED,12,1.0,6.0,2.0,1.0,0.0,1.0,0.0,1.0,0.0,0.0,23.0,1.0,1.0,167.0,4.0,0.0,1.0
LIVE_EPISODIC,FAILURE_THRESHOLD,Q07_DUP_OOO,CONTROL_FAILURE,LOW,8,COMPACT_TYPED,12,1.0,10.0,2.0,1.0,0.0,1.0,0.0,1.0,0.0,0.0,14.0,1.0,1.0,166.0,6.0,0.0,1.0
LIVE_EPISODIC,FAILURE_THRESHOLD,Q07_DUP_OOO,CONTROL_FAILURE,LOW,8,VERBOSE_TYPED,12,1.0,10.0,2.0,1.0,0.0,1.0,0.0,1.0,0.0,0.0,23.0,1.0,1.0,167.0,6.0,0.0,1.0
LIVE_EPISODIC,FAILURE_THRESHOLD,Q07_DUP_OOO,CONTROL_FAILURE,LOW,12,COMPACT_TYPED,12,1.0,14.0,2.0,1.0,0.0,1.0,0.0,1.0,0.0,0.0,14.0,1.0,1.0,166.0,8.0,0.0,1.0
LIVE_EPISODIC,FAILURE_THRESHOLD,Q07_DUP_OOO,CONTROL_FAILURE,LOW,12,VERBOSE_TYPED,12,1.0,14.0,2.0,1.0,0.0,1.0,0.0,1.0,0.0,0.0,23.0,1.0,1.0,167.0,8.0,0.0,1.0
LIVE_EPISODIC,FAILURE_THRESHOLD,Q07_DUP_OOO,POSE_SHIFT,HIGH,4,COMPACT_TYPED,12,1.0,6.0,2.0,1.0,0.0,1.0,0.0,1.0,0.0,0.0,14.0,1.0,1.0,161.0,4.0,0.0,1.0
LIVE_EPISODIC,FAILURE_THRESHOLD,Q07_DUP_OOO,POSE_SHIFT,HIGH,4,VERBOSE_TYPED,12,1.0,6.0,2.0,1.0,0.0,1.0,0.0,1.0,0.0,0.0,23.0,1.0,1.0,162.0,4.0,0.0,1.0
LIVE_EPISODIC,FAILURE_THRESHOLD,Q07_DUP_OOO,POSE_SHIFT,HIGH,8,COMPACT_TYPED,12,1.0,10.0,2.0,1.0,0.0,1.0,0.0,1.0,0.0,0.0,14.0,1.0,1.0,161.0,6.0,0.0,1.0
LIVE_EPISODIC,FAILURE_THRESHOLD,Q07_DUP_OOO,POSE_SHIFT,HIGH,8,VERBOSE_TYPED,12,1.0,10.0,2.0,1.0,0.0,1.0,0.0,1.0,0.0,0.0,23.0,1.0,1.0,162.0,6.0,0.0,1.0
LIVE_EPISODIC,FAILURE_THRESHOLD,Q07_DUP_OOO,POSE_SHIFT,HIGH,12,COMPACT_TYPED,12,1.0,14.0,2.0,1.0,0.0,1.0,0.0,1.0,0.0,0.0,14.0,1.0,1.0,161.0,8.0,0.0,1.0
LIVE_EPISODIC,FAILURE_THRESHOLD,Q07_DUP_OOO,POSE_SHIFT,HIGH,12,VERBOSE_TYPED,12,1.0,14.0,2.0,1.0,0.0,1.0,0.0,1.0,0.0,0.0,23.0,1.0,1.0,162.0,8.0,0.0,1.0
LIVE_EPISODIC,FAILURE_THRESHOLD,Q07_DUP_OOO,POSE_SHIFT,LOW,4,COMPACT_TYPED,12,1.0,6.0,2.0,1.0,0.0,1.0,0.0,1.0,0.0,0.0,14.0,1.0,1.0,161.0,4.0,0.0,1.0
LIVE_EPISODIC,FAILURE_THRESHOLD,Q07_DUP_OOO,POSE_SHIFT,LOW,4,VERBOSE_TYPED,12,1.0,6.0,2.0,1.0,0.0,1.0,0.0,1.0,0.0,0.0,23.0,1.0,1.0,162.0,4.0,0.0,1.0
LIVE_EPISODIC,FAILURE_THRESHOLD,Q07_DUP_OOO,POSE_SHIFT,LOW,8,COMPACT_TYPED,12,1.0,10.0,2.0,1.0,0.0,1.0,0.0,1.0,0.0,0.0,14.0,1.0,1.0,161.0,6.0,0.0,1.0
LIVE_EPISODIC,FAILURE_THRESHOLD,Q07_DUP_OOO,POSE_SHIFT,LOW,8,VERBOSE_TYPED,12,1.0,10.0,2.0,1.0,0.0,1.0,0.0,1.0,0.0,0.0,23.0,1.0,1.0,162.0,6.0,0.0,1.0
LIVE_EPISODIC,FAILURE_THRESHOLD,Q07_DUP_OOO,POSE_SHIFT,LOW,12,COMPACT_TYPED,12,1.0,14.0,2.0,1.0,0.0,1.0,0.0,1.0,0.0,0.0,14.0,1.0,1.0,161.0,8.0,0.0,1.0
LIVE_EPISODIC,FAILURE_THRESHOLD,Q07_DUP_OOO,POSE_SHIFT,LOW,12,VERBOSE_TYPED,12,1.0,14.0,2.0,1.0,0.0,1.0,0.0,1.0,0.0,0.0,23.0,1.0,1.0,162.0,8.0,0.0,1.0
LIVE_EPISODIC,FAILURE_THRESHOLD,Q07_DUP_OOO,RESTRICTION_CHANGE,HIGH,4,COMPACT_TYPED,12,1.0,6.0,2.0,1.0,0.0,1.0,0.0,1.0,0.0,0.0,14.0,1.0,1.0,164.0,4.0,0.0,1.0
LIVE_EPISODIC,FAILURE_THRESHOLD,Q07_DUP_OOO,RESTRICTION_CHANGE,HIGH,4,VERBOSE_TYPED,12,1.0,6.0,2.0,1.0,0.0,1.0,0.0,1.0,0.0,0.0,23.0,1.0,1.0,165.0,4.0,0.0,1.0
LIVE_EPISODIC,FAILURE_THRESHOLD,Q07_DUP_OOO,RESTRICTION_CHANGE,HIGH,8,COMPACT_TYPED,12,1.0,10.0,2.0,1.0,0.0,1.0,0.0,1.0,0.0,0.0,14.0,1.0,1.0,164.0,6.0,0.0,1.0
LIVE_EPISODIC,FAILURE_THRESHOLD,Q07_DUP_OOO,RESTRICTION_CHANGE,HIGH,8,VERBOSE_TYPED,12,1.0,10.0,2.0,1.0,0.0,1.0,0.0,1.0,0.0,0.0,23.0,1.0,1.0,165.0,6.0,0.0,1.0
LIVE_EPISODIC,FAILURE_THRESHOLD,Q07_DUP_OOO,RESTRICTION_CHANGE,HIGH,12,COMPACT_TYPED,12,1.0,14.0,2.0,1.0,0.0,1.0,0.0,1.0,0.0,0.0,14.0,1.0,1.0,164.0,8.0,0.0,1.0
LIVE_EPISODIC,FAILURE_THRESHOLD,Q07_DUP_OOO,RESTRICTION_CHANGE,HIGH,12,VERBOSE_TYPED,12,1.0,14.0,2.0,1.0,0.0,1.0,0.0,1.0,0.0,0.0,23.0,1.0,1.0,165.0,8.0,0.0,1.0
LIVE_EPISODIC,FAILURE_THRESHOLD,Q07_DUP_OOO,RESTRICTION_CHANGE,LOW,4,COMPACT_TYPED,12,1.0,6.0,2.0,1.0,0.0,1.0,0.0,1.0,0.0,0.0,14.0,1.0,1.0,164.0,4.0,0.0,1.0
LIVE_EPISODIC,FAILURE_THRESHOLD,Q07_DUP_OOO,RESTRICTION_CHANGE,LOW,4,VERBOSE_TYPED,12,1.0,6.0,2.0,1.0,0.0,1.0,0.0,1.0,0.0,0.0,23.0,1.0,1.0,165.0,4.0,0.0,1.0
LIVE_EPISODIC,FAILURE_THRESHOLD,Q07_DUP_OOO,RESTRICTION_CHANGE,LOW,8,COMPACT_TYPED,12,1.0,10.0,2.0,1.0,0.0,1.0,0.0,1.0,0.0,0.0,14.0,1.0,1.0,164.0,6.0,0.0,1.0
LIVE_EPISODIC,FAILURE_THRESHOLD,Q07_DUP_OOO,RESTRICTION_CHANGE,LOW,8,VERBOSE_TYPED,12,1.0,10.0,2.0,1.0,0.0,1.0,0.0,1.0,0.0,0.0,23.0,1.0,1.0,165.0,6.0,0.0,1.0
LIVE_EPISODIC,FAILURE_THRESHOLD,Q07_DUP_OOO,RESTRICTION_CHANGE,LOW,12,COMPACT_TYPED,12,1.0,14.0,2.0,1.0,0.0,1.0,0.0,1.0,0.0,0.0,14.0,1.0,1.0,164.0,8.0,0.0,1.0
LIVE_EPISODIC,FAILURE_THRESHOLD,Q07_DUP_OOO,RESTRICTION_CHANGE,LOW,12,VERBOSE_TYPED,12,1.0,14.0,2.0,1.0,0.0,1.0,0.0,1.0,0.0,0.0,23.0,1.0,1.0,165.0,8.0,0.0,1.0
LIVE_EPISODIC,FAILURE_THRESHOLD,Q08_GUARDED,AVAILABILITY_LOSS,HIGH,4,COMPACT_TYPED,12,1.0,6.0,2.0,1.0,0.0,1.0,0.0,1.0,0.0,0.0,12.75,1.0,0.58333333,97.41666667,5.66666667,0.0,1.0
LIVE_EPISODIC,FAILURE_THRESHOLD,Q08_GUARDED,AVAILABILITY_LOSS,HIGH,4,VERBOSE_TYPED,12,1.0,6.0,2.0,1.0,0.0,1.0,0.0,1.0,0.0,0.0,19.25,1.0,0.58333333,98.0,5.66666667,0.0,1.0
LIVE_EPISODIC,FAILURE_THRESHOLD,Q08_GUARDED,AVAILABILITY_LOSS,HIGH,8,COMPACT_TYPED,12,1.0,10.0,2.0,1.0,0.0,1.0,0.0,1.0,0.0,0.0,13.5,1.0,0.83333333,139.16666667,7.0,0.0,1.0
LIVE_EPISODIC,FAILURE_THRESHOLD,Q08_GUARDED,AVAILABILITY_LOSS,HIGH,8,VERBOSE_TYPED,12,1.0,10.0,2.0,1.0,0.0,1.0,0.0,1.0,0.0,0.0,21.5,1.0,0.83333333,140.0,7.0,0.0,1.0
LIVE_EPISODIC,FAILURE_THRESHOLD,Q08_GUARDED,AVAILABILITY_LOSS,HIGH,12,COMPACT_TYPED,12,1.0,14.0,2.0,1.0,0.0,1.0,0.0,1.0,0.0,0.0,13.0,1.0,0.66666667,111.33333333,10.66666667,0.0,1.0
LIVE_EPISODIC,FAILURE_THRESHOLD,Q08_GUARDED,AVAILABILITY_LOSS,HIGH,12,VERBOSE_TYPED,12,1.0,14.0,2.0,1.0,0.0,1.0,0.0,1.0,0.0,0.0,20.0,1.0,0.66666667,112.0,10.66666667,0.0,1.0
LIVE_EPISODIC,FAILURE_THRESHOLD,Q08_GUARDED,AVAILABILITY_LOSS,LOW,4,COMPACT_TYPED,12,1.0,6.0,2.0,1.0,0.0,1.0,0.0,1.0,0.0,0.0,13.0,1.0,0.66666667,111.33333333,5.33333333,0.0,1.0
LIVE_EPISODIC,FAILURE_THRESHOLD,Q08_GUARDED,AVAILABILITY_LOSS,LOW,4,VERBOSE_TYPED,12,1.0,6.0,2.0,1.0,0.0,1.0,0.0,1.0,0.0,0.0,20.0,1.0,0.66666667,112.0,5.33333333,0.0,1.0
LIVE_EPISODIC,FAILURE_THRESHOLD,Q08_GUARDED,AVAILABILITY_LOSS,LOW,8,COMPACT_TYPED,12,1.0,10.0,2.0,1.0,0.0,1.0,0.0,1.0,0.0,0.0,13.5,1.0,0.83333333,139.16666667,7.0,0.0,1.0
LIVE_EPISODIC,FAILURE_THRESHOLD,Q08_GUARDED,AVAILABILITY_LOSS,LOW,8,VERBOSE_TYPED,12,1.0,10.0,2.0,1.0,0.0,1.0,0.0,1.0,0.0,0.0,21.5,1.0,0.83333333,140.0,7.0,0.0,1.0
LIVE_EPISODIC,FAILURE_THRESHOLD,Q08_GUARDED,AVAILABILITY_LOSS,LOW,12,COMPACT_TYPED,12,1.0,14.0,2.0,1.0,0.0,1.0,0.0,1.0,0.0,0.0,13.5,1.0,0.83333333,139.16666667,9.33333333,0.0,1.0
LIVE_EPISODIC,FAILURE_THRESHOLD,Q08_GUARDED,AVAILABILITY_LOSS,LOW,12,VERBOSE_TYPED,12,1.0,14.0,2.0,1.0,0.0,1.0,0.0,1.0,0.0,0.0,21.5,1.0,0.83333333,140.0,9.33333333,0.0,1.0
LIVE_EPISODIC,FAILURE_THRESHOLD,Q08_GUARDED,CONTROL_FAILURE,HIGH,4,COMPACT_TYPED,12,1.0,6.0,2.0,1.0,0.0,1.0,0.0,1.0,0.0,0.0,13.0,1.0,0.66666667,110.66666667,5.33333333,0.0,1.0
LIVE_EPISODIC,FAILURE_THRESHOLD,Q08_GUARDED,CONTROL_FAILURE,HIGH,4,VERBOSE_TYPED,12,1.0,6.0,2.0,1.0,0.0,1.0,0.0,1.0,0.0,0.0,20.0,1.0,0.66666667,111.33333333,5.33333333,0.0,1.0
LIVE_EPISODIC,FAILURE_THRESHOLD,Q08_GUARDED,CONTROL_FAILURE,HIGH,8,COMPACT_TYPED,12,1.0,10.0,2.0,1.0,0.0,1.0,0.0,1.0,0.0,0.0,12.75,1.0,0.58333333,96.83333333,8.5,0.0,1.0
LIVE_EPISODIC,FAILURE_THRESHOLD,Q08_GUARDED,CONTROL_FAILURE,HIGH,8,VERBOSE_TYPED,12,1.0,10.0,2.0,1.0,0.0,1.0,0.0,1.0,0.0,0.0,19.25,1.0,0.58333333,97.41666667,8.5,0.0,1.0
LIVE_EPISODIC,FAILURE_THRESHOLD,Q08_GUARDED,CONTROL_FAILURE,HIGH,12,COMPACT_TYPED,12,1.0,14.0,2.0,1.0,0.0,1.0,0.0,1.0,0.0,0.0,13.5,1.0,0.83333333,138.33333333,9.33333333,0.0,1.0
LIVE_EPISODIC,FAILURE_THRESHOLD,Q08_GUARDED,CONTROL_FAILURE,HIGH,12,VERBOSE_TYPED,12,1.0,14.0,2.0,1.0,0.0,1.0,0.0,1.0,0.0,0.0,21.5,1.0,0.83333333,139.16666667,9.33333333,0.0,1.0
LIVE_EPISODIC,FAILURE_THRESHOLD,Q08_GUARDED,CONTROL_FAILURE,LOW,4,COMPACT_TYPED,12,1.0,6.0,2.0,1.0,0.0,1.0,0.0,1.0,0.0,0.0,13.75,1.0,0.91666667,152.16666667,4.33333333,0.0,1.0
LIVE_EPISODIC,FAILURE_THRESHOLD,Q08_GUARDED,CONTROL_FAILURE,LOW,4,VERBOSE_TYPED,12,1.0,6.0,2.0,1.0,0.0,1.0,0.0,1.0,0.0,0.0,22.25,1.0,0.91666667,153.08333333,4.33333333,0.0,1.0
LIVE_EPISODIC,FAILURE_THRESHOLD,Q08_GUARDED,CONTROL_FAILURE,LOW,8,COMPACT_TYPED,12,1.0,10.0,2.0,1.0,0.0,1.0,0.0,1.0,0.0,0.0,13.0,1.0,0.66666667,110.66666667,8.0,0.0,1.0
LIVE_EPISODIC,FAILURE_THRESHOLD,Q08_GUARDED,CONTROL_FAILURE,LOW,8,VERBOSE_TYPED,12,1.0,10.0,2.0,1.0,0.0,1.0,0.0,1.0,0.0,0.0,20.0,1.0,0.66666667,111.33333333,8.0,0.0,1.0
LIVE_EPISODIC,FAILURE_THRESHOLD,Q08_GUARDED,CONTROL_FAILURE,LOW,12,COMPACT_TYPED,12,1.0,14.0,2.0,1.0,0.0,1.0,0.0,1.0,0.0,0.0,13.5,1.0,0.83333333,138.33333333,9.33333333,0.0,1.0
LIVE_EPISODIC,FAILURE_THRESHOLD,Q08_GUARDED,CONTROL_FAILURE,LOW,12,VERBOSE_TYPED,12,1.0,14.0,2.0,1.0,0.0,1.0,0.0,1.0,0.0,0.0,21.5,1.0,0.83333333,139.16666667,9.33333333,0.0,1.0
LIVE_EPISODIC,FAILURE_THRESHOLD,Q08_GUARDED,POSE_SHIFT,HIGH,4,COMPACT_TYPED,12,1.0,6.0,2.0,1.0,0.0,1.0,0.0,1.0,0.0,0.0,13.0,1.0,0.66666667,107.33333333,5.33333333,0.0,1.0
LIVE_EPISODIC,FAILURE_THRESHOLD,Q08_GUARDED,POSE_SHIFT,HIGH,4,VERBOSE_TYPED,12,1.0,6.0,2.0,1.0,0.0,1.0,0.0,1.0,0.0,0.0,20.0,1.0,0.66666667,108.0,5.33333333,0.0,1.0
LIVE_EPISODIC,FAILURE_THRESHOLD,Q08_GUARDED,POSE_SHIFT,HIGH,8,COMPACT_TYPED,12,1.0,10.0,2.0,1.0,0.0,1.0,0.0,1.0,0.0,0.0,12.25,1.0,0.41666667,67.08333333,9.5,0.0,1.0
LIVE_EPISODIC,FAILURE_THRESHOLD,Q08_GUARDED,POSE_SHIFT,HIGH,8,VERBOSE_TYPED,12,1.0,10.0,2.0,1.0,0.0,1.0,0.0,1.0,0.0,0.0,17.75,1.0,0.41666667,67.5,9.5,0.0,1.0
LIVE_EPISODIC,FAILURE_THRESHOLD,Q08_GUARDED,POSE_SHIFT,HIGH,12,COMPACT_TYPED,12,1.0,14.0,2.0,1.0,0.0,1.0,0.0,1.0,0.0,0.0,13.0,1.0,0.66666667,107.33333333,10.66666667,0.0,1.0
LIVE_EPISODIC,FAILURE_THRESHOLD,Q08_GUARDED,POSE_SHIFT,HIGH,12,VERBOSE_TYPED,12,1.0,14.0,2.0,1.0,0.0,1.0,0.0,1.0,0.0,0.0,20.0,1.0,0.66666667,108.0,10.66666667,0.0,1.0
LIVE_EPISODIC,FAILURE_THRESHOLD,Q08_GUARDED,POSE_SHIFT,LOW,4,COMPACT_TYPED,12,1.0,6.0,2.0,1.0,0.0,1.0,0.0,1.0,0.0,0.0,13.0,1.0,0.66666667,107.33333333,5.33333333,0.0,1.0
LIVE_EPISODIC,FAILURE_THRESHOLD,Q08_GUARDED,POSE_SHIFT,LOW,4,VERBOSE_TYPED,12,1.0,6.0,2.0,1.0,0.0,1.0,0.0,1.0,0.0,0.0,20.0,1.0,0.66666667,108.0,5.33333333,0.0,1.0
LIVE_EPISODIC,FAILURE_THRESHOLD,Q08_GUARDED,POSE_SHIFT,LOW,8,COMPACT_TYPED,12,1.0,10.0,2.0,1.0,0.0,1.0,0.0,1.0,0.0,0.0,12.75,1.0,0.58333333,93.91666667,8.5,0.0,1.0
LIVE_EPISODIC,FAILURE_THRESHOLD,Q08_GUARDED,POSE_SHIFT,LOW,8,VERBOSE_TYPED,12,1.0,10.0,2.0,1.0,0.0,1.0,0.0,1.0,0.0,0.0,19.25,1.0,0.58333333,94.5,8.5,0.0,1.0
LIVE_EPISODIC,FAILURE_THRESHOLD,Q08_GUARDED,POSE_SHIFT,LOW,12,COMPACT_TYPED,12,1.0,14.0,2.0,1.0,0.0,1.0,0.0,1.0,0.0,0.0,13.0,1.0,0.66666667,107.33333333,10.66666667,0.0,1.0
LIVE_EPISODIC,FAILURE_THRESHOLD,Q08_GUARDED,POSE_SHIFT,LOW,12,VERBOSE_TYPED,12,1.0,14.0,2.0,1.0,0.0,1.0,0.0,1.0,0.0,0.0,20.0,1.0,0.66666667,108.0,10.66666667,0.0,1.0
LIVE_EPISODIC,FAILURE_THRESHOLD,Q08_GUARDED,RESTRICTION_CHANGE,HIGH,4,COMPACT_TYPED,12,1.0,6.0,2.0,1.0,0.0,1.0,0.0,1.0,0.0,0.0,13.25,1.0,0.75,123.0,5.0,0.0,1.0
LIVE_EPISODIC,FAILURE_THRESHOLD,Q08_GUARDED,RESTRICTION_CHANGE,HIGH,4,VERBOSE_TYPED,12,1.0,6.0,2.0,1.0,0.0,1.0,0.0,1.0,0.0,0.0,20.75,1.0,0.75,123.75,5.0,0.0,1.0
LIVE_EPISODIC,FAILURE_THRESHOLD,Q08_GUARDED,RESTRICTION_CHANGE,HIGH,8,COMPACT_TYPED,12,1.0,10.0,2.0,1.0,0.0,1.0,0.0,1.0,0.0,0.0,13.25,1.0,0.75,123.0,7.5,0.0,1.0
LIVE_EPISODIC,FAILURE_THRESHOLD,Q08_GUARDED,RESTRICTION_CHANGE,HIGH,8,VERBOSE_TYPED,12,1.0,10.0,2.0,1.0,0.0,1.0,0.0,1.0,0.0,0.0,20.75,1.0,0.75,123.75,7.5,0.0,1.0
LIVE_EPISODIC,FAILURE_THRESHOLD,Q08_GUARDED,RESTRICTION_CHANGE,HIGH,12,COMPACT_TYPED,12,1.0,14.0,2.0,1.0,0.0,1.0,0.0,1.0,0.0,0.0,13.5,1.0,0.83333333,136.66666667,9.33333333,0.0,1.0
LIVE_EPISODIC,FAILURE_THRESHOLD,Q08_GUARDED,RESTRICTION_CHANGE,HIGH,12,VERBOSE_TYPED,12,1.0,14.0,2.0,1.0,0.0,1.0,0.0,1.0,0.0,0.0,21.5,1.0,0.83333333,137.5,9.33333333,0.0,1.0
LIVE_EPISODIC,FAILURE_THRESHOLD,Q08_GUARDED,RESTRICTION_CHANGE,LOW,4,COMPACT_TYPED,12,1.0,6.0,2.0,1.0,0.0,1.0,0.0,1.0,0.0,0.0,13.5,1.0,0.83333333,136.66666667,4.66666667,0.0,1.0
LIVE_EPISODIC,FAILURE_THRESHOLD,Q08_GUARDED,RESTRICTION_CHANGE,LOW,4,VERBOSE_TYPED,12,1.0,6.0,2.0,1.0,0.0,1.0,0.0,1.0,0.0,0.0,21.5,1.0,0.83333333,137.5,4.66666667,0.0,1.0
LIVE_EPISODIC,FAILURE_THRESHOLD,Q08_GUARDED,RESTRICTION_CHANGE,LOW,8,COMPACT_TYPED,12,1.0,10.0,2.0,1.0,0.0,1.0,0.0,1.0,0.0,0.0,13.25,1.0,0.75,123.0,7.5,0.0,1.0
LIVE_EPISODIC,FAILURE_THRESHOLD,Q08_GUARDED,RESTRICTION_CHANGE,LOW,8,VERBOSE_TYPED,12,1.0,10.0,2.0,1.0,0.0,1.0,0.0,1.0,0.0,0.0,20.75,1.0,0.75,123.75,7.5,0.0,1.0
LIVE_EPISODIC,FAILURE_THRESHOLD,Q08_GUARDED,RESTRICTION_CHANGE,LOW,12,COMPACT_TYPED,12,1.0,14.0,2.0,1.0,0.0,1.0,0.0,1.0,0.0,0.0,13.25,1.0,0.75,123.0,10.0,0.0,1.0
LIVE_EPISODIC,FAILURE_THRESHOLD,Q08_GUARDED,RESTRICTION_CHANGE,LOW,12,VERBOSE_TYPED,12,1.0,14.0,2.0,1.0,0.0,1.0,0.0,1.0,0.0,0.0,20.75,1.0,0.75,123.75,10.0,0.0,1.0
LIVE_EPISODIC,FAILURE_THRESHOLD,Q09_HOSTILE,AVAILABILITY_LOSS,HIGH,4,COMPACT_TYPED,12,1.0,6.0,2.0,1.0,0.0,1.0,0.0,1.0,0.0,0.0,14.5,1.0,0.0,0.0,8.0,0.0,1.0
LIVE_EPISODIC,FAILURE_THRESHOLD,Q09_HOSTILE,AVAILABILITY_LOSS,HIGH,4,VERBOSE_TYPED,12,1.0,6.0,2.0,1.0,0.0,1.0,0.0,1.0,0.0,0.0,28.0,1.0,0.0,0.0,8.0,0.0,1.0
LIVE_EPISODIC,FAILURE_THRESHOLD,Q09_HOSTILE,AVAILABILITY_LOSS,HIGH,8,COMPACT_TYPED,12,1.0,10.0,2.0,1.0,0.0,1.0,0.0,1.0,0.0,0.0,15.0,1.0,0.0,0.0,12.0,0.0,1.0
LIVE_EPISODIC,FAILURE_THRESHOLD,Q09_HOSTILE,AVAILABILITY_LOSS,HIGH,8,VERBOSE_TYPED,12,1.0,10.0,2.0,1.0,0.0,1.0,0.0,1.0,0.0,0.0,30.0,1.0,0.0,0.0,12.0,0.0,1.0
LIVE_EPISODIC,FAILURE_THRESHOLD,Q09_HOSTILE,AVAILABILITY_LOSS,HIGH,12,COMPACT_TYPED,12,1.0,14.0,2.0,1.0,0.0,1.0,0.0,1.0,0.0,0.0,14.25,1.0,0.0,0.0,16.0,0.0,1.0
LIVE_EPISODIC,FAILURE_THRESHOLD,Q09_HOSTILE,AVAILABILITY_LOSS,HIGH,12,VERBOSE_TYPED,12,1.0,14.0,2.0,1.0,0.0,1.0,0.0,1.0,0.0,0.0,27.0,1.0,0.0,0.0,16.0,0.0,1.0
LIVE_EPISODIC,FAILURE_THRESHOLD,Q09_HOSTILE,AVAILABILITY_LOSS,LOW,4,COMPACT_TYPED,12,1.0,6.0,2.0,1.0,0.0,1.0,0.0,1.0,0.0,0.0,14.0,1.0,0.0,0.0,8.0,0.0,1.0
LIVE_EPISODIC,FAILURE_THRESHOLD,Q09_HOSTILE,AVAILABILITY_LOSS,LOW,4,VERBOSE_TYPED,12,1.0,6.0,2.0,1.0,0.0,1.0,0.0,1.0,0.0,0.0,26.0,1.0,0.0,0.0,8.0,0.0,1.0
LIVE_EPISODIC,FAILURE_THRESHOLD,Q09_HOSTILE,AVAILABILITY_LOSS,LOW,8,COMPACT_TYPED,12,1.0,10.0,2.0,1.0,0.0,1.0,0.0,1.0,0.0,0.0,14.75,1.0,0.0,0.0,12.0,0.0,1.0
LIVE_EPISODIC,FAILURE_THRESHOLD,Q09_HOSTILE,AVAILABILITY_LOSS,LOW,8,VERBOSE_TYPED,12,1.0,10.0,2.0,1.0,0.0,1.0,0.0,1.0,0.0,0.0,29.0,1.0,0.0,0.0,12.0,0.0,1.0
LIVE_EPISODIC,FAILURE_THRESHOLD,Q09_HOSTILE,AVAILABILITY_LOSS,LOW,12,COMPACT_TYPED,12,1.0,14.0,2.0,1.0,0.0,1.0,0.0,1.0,0.0,0.0,15.0,1.0,0.0,0.0,16.0,0.0,1.0
LIVE_EPISODIC,FAILURE_THRESHOLD,Q09_HOSTILE,AVAILABILITY_LOSS,LOW,12,VERBOSE_TYPED,12,1.0,14.0,2.0,1.0,0.0,1.0,0.0,1.0,0.0,0.0,30.0,1.0,0.0,0.0,16.0,0.0,1.0
LIVE_EPISODIC,FAILURE_THRESHOLD,Q09_HOSTILE,CONTROL_FAILURE,HIGH,4,COMPACT_TYPED,12,1.0,6.0,2.0,1.0,0.0,1.0,0.0,1.0,0.0,0.0,14.5,1.0,0.0,0.0,8.0,0.0,1.0
LIVE_EPISODIC,FAILURE_THRESHOLD,Q09_HOSTILE,CONTROL_FAILURE,HIGH,4,VERBOSE_TYPED,12,1.0,6.0,2.0,1.0,0.0,1.0,0.0,1.0,0.0,0.0,28.0,1.0,0.0,0.0,8.0,0.0,1.0
LIVE_EPISODIC,FAILURE_THRESHOLD,Q09_HOSTILE,CONTROL_FAILURE,HIGH,8,COMPACT_TYPED,12,1.0,10.0,2.0,1.0,0.0,1.0,0.0,1.0,0.0,0.0,14.25,1.0,0.0,0.0,12.0,0.0,1.0
LIVE_EPISODIC,FAILURE_THRESHOLD,Q09_HOSTILE,CONTROL_FAILURE,HIGH,8,VERBOSE_TYPED,12,1.0,10.0,2.0,1.0,0.0,1.0,0.0,1.0,0.0,0.0,27.0,1.0,0.0,0.0,12.0,0.0,1.0
LIVE_EPISODIC,FAILURE_THRESHOLD,Q09_HOSTILE,CONTROL_FAILURE,HIGH,12,COMPACT_TYPED,12,1.0,14.0,2.0,1.0,0.0,1.0,0.0,1.0,0.0,0.0,14.75,1.0,0.0,0.0,16.0,0.0,1.0
LIVE_EPISODIC,FAILURE_THRESHOLD,Q09_HOSTILE,CONTROL_FAILURE,HIGH,12,VERBOSE_TYPED,12,1.0,14.0,2.0,1.0,0.0,1.0,0.0,1.0,0.0,0.0,29.0,1.0,0.0,0.0,16.0,0.0,1.0
LIVE_EPISODIC,FAILURE_THRESHOLD,Q09_HOSTILE,CONTROL_FAILURE,LOW,4,COMPACT_TYPED,12,1.0,6.0,2.0,1.0,0.0,1.0,0.0,1.0,0.0,0.0,15.5,1.0,0.0,0.0,8.0,0.0,1.0
LIVE_EPISODIC,FAILURE_THRESHOLD,Q09_HOSTILE,CONTROL_FAILURE,LOW,4,VERBOSE_TYPED,12,1.0,6.0,2.0,1.0,0.0,1.0,0.0,1.0,0.0,0.0,32.0,1.0,0.0,0.0,8.0,0.0,1.0
LIVE_EPISODIC,FAILURE_THRESHOLD,Q09_HOSTILE,CONTROL_FAILURE,LOW,8,COMPACT_TYPED,12,1.0,10.0,2.0,1.0,0.0,1.0,0.0,1.0,0.0,0.0,14.75,1.0,0.0,0.0,12.0,0.0,1.0
LIVE_EPISODIC,FAILURE_THRESHOLD,Q09_HOSTILE,CONTROL_FAILURE,LOW,8,VERBOSE_TYPED,12,1.0,10.0,2.0,1.0,0.0,1.0,0.0,1.0,0.0,0.0,29.0,1.0,0.0,0.0,12.0,0.0,1.0
LIVE_EPISODIC,FAILURE_THRESHOLD,Q09_HOSTILE,CONTROL_FAILURE,LOW,12,COMPACT_TYPED,12,1.0,14.0,2.0,1.0,0.0,1.0,0.0,1.0,0.0,0.0,14.0,1.0,0.0,0.0,16.0,0.0,1.0
LIVE_EPISODIC,FAILURE_THRESHOLD,Q09_HOSTILE,CONTROL_FAILURE,LOW,12,VERBOSE_TYPED,12,1.0,14.0,2.0,1.0,0.0,1.0,0.0,1.0,0.0,0.0,26.0,1.0,0.0,0.0,16.0,0.0,1.0
LIVE_EPISODIC,FAILURE_THRESHOLD,Q09_HOSTILE,POSE_SHIFT,HIGH,4,COMPACT_TYPED,12,1.0,6.0,2.0,1.0,0.0,1.0,0.0,1.0,0.0,0.0,14.0,1.0,0.0,0.0,8.0,0.0,1.0
LIVE_EPISODIC,FAILURE_THRESHOLD,Q09_HOSTILE,POSE_SHIFT,HIGH,4,VERBOSE_TYPED,12,1.0,6.0,2.0,1.0,0.0,1.0,0.0,1.0,0.0,0.0,26.0,1.0,0.0,0.0,8.0,0.0,1.0
LIVE_EPISODIC,FAILURE_THRESHOLD,Q09_HOSTILE,POSE_SHIFT,HIGH,8,COMPACT_TYPED,12,1.0,10.0,2.0,1.0,0.0,1.0,0.0,1.0,0.0,0.0,14.25,1.0,0.0,0.0,12.0,0.0,1.0
LIVE_EPISODIC,FAILURE_THRESHOLD,Q09_HOSTILE,POSE_SHIFT,HIGH,8,VERBOSE_TYPED,12,1.0,10.0,2.0,1.0,0.0,1.0,0.0,1.0,0.0,0.0,27.0,1.0,0.0,0.0,12.0,0.0,1.0
LIVE_EPISODIC,FAILURE_THRESHOLD,Q09_HOSTILE,POSE_SHIFT,HIGH,12,COMPACT_TYPED,12,1.0,14.0,2.0,1.0,0.0,1.0,0.0,1.0,0.0,0.0,14.5,1.0,0.0,0.0,16.0,0.0,1.0
LIVE_EPISODIC,FAILURE_THRESHOLD,Q09_HOSTILE,POSE_SHIFT,HIGH,12,VERBOSE_TYPED,12,1.0,14.0,2.0,1.0,0.0,1.0,0.0,1.0,0.0,0.0,28.0,1.0,0.0,0.0,16.0,0.0,1.0
LIVE_EPISODIC,FAILURE_THRESHOLD,Q09_HOSTILE,POSE_SHIFT,LOW,4,COMPACT_TYPED,12,1.0,6.0,2.0,1.0,0.0,1.0,0.0,1.0,0.0,0.0,14.75,1.0,0.0,0.0,8.0,0.0,1.0
LIVE_EPISODIC,FAILURE_THRESHOLD,Q09_HOSTILE,POSE_SHIFT,LOW,4,VERBOSE_TYPED,12,1.0,6.0,2.0,1.0,0.0,1.0,0.0,1.0,0.0,0.0,29.0,1.0,0.0,0.0,8.0,0.0,1.0
LIVE_EPISODIC,FAILURE_THRESHOLD,Q09_HOSTILE,POSE_SHIFT,LOW,8,COMPACT_TYPED,12,1.0,10.0,2.0,1.0,0.0,1.0,0.0,1.0,0.0,0.0,14.0,1.0,0.0,0.0,12.0,0.0,1.0
LIVE_EPISODIC,FAILURE_THRESHOLD,Q09_HOSTILE,POSE_SHIFT,LOW,8,VERBOSE_TYPED,12,1.0,10.0,2.0,1.0,0.0,1.0,0.0,1.0,0.0,0.0,26.0,1.0,0.0,0.0,12.0,0.0,1.0
LIVE_EPISODIC,FAILURE_THRESHOLD,Q09_HOSTILE,POSE_SHIFT,LOW,12,COMPACT_TYPED,12,1.0,14.0,2.0,1.0,0.0,1.0,0.0,1.0,0.0,0.0,14.0,1.0,0.0,0.0,16.0,0.0,1.0
LIVE_EPISODIC,FAILURE_THRESHOLD,Q09_HOSTILE,POSE_SHIFT,LOW,12,VERBOSE_TYPED,12,1.0,14.0,2.0,1.0,0.0,1.0,0.0,1.0,0.0,0.0,26.0,1.0,0.0,0.0,16.0,0.0,1.0
LIVE_EPISODIC,FAILURE_THRESHOLD,Q09_HOSTILE,RESTRICTION_CHANGE,HIGH,4,COMPACT_TYPED,12,1.0,6.0,2.0,1.0,0.0,1.0,0.0,1.0,0.0,0.0,14.25,1.0,0.0,0.0,8.0,0.0,1.0
LIVE_EPISODIC,FAILURE_THRESHOLD,Q09_HOSTILE,RESTRICTION_CHANGE,HIGH,4,VERBOSE_TYPED,12,1.0,6.0,2.0,1.0,0.0,1.0,0.0,1.0,0.0,0.0,27.0,1.0,0.0,0.0,8.0,0.0,1.0
LIVE_EPISODIC,FAILURE_THRESHOLD,Q09_HOSTILE,RESTRICTION_CHANGE,HIGH,8,COMPACT_TYPED,12,1.0,10.0,2.0,1.0,0.0,1.0,0.0,1.0,0.0,0.0,14.5,1.0,0.0,0.0,12.0,0.0,1.0
LIVE_EPISODIC,FAILURE_THRESHOLD,Q09_HOSTILE,RESTRICTION_CHANGE,HIGH,8,VERBOSE_TYPED,12,1.0,10.0,2.0,1.0,0.0,1.0,0.0,1.0,0.0,0.0,28.0,1.0,0.0,0.0,12.0,0.0,1.0
LIVE_EPISODIC,FAILURE_THRESHOLD,Q09_HOSTILE,RESTRICTION_CHANGE,HIGH,12,COMPACT_TYPED,12,1.0,14.0,2.0,1.0,0.0,1.0,0.0,1.0,0.0,0.0,14.5,1.0,0.0,0.0,16.0,0.0,1.0
LIVE_EPISODIC,FAILURE_THRESHOLD,Q09_HOSTILE,RESTRICTION_CHANGE,HIGH,12,VERBOSE_TYPED,12,1.0,14.0,2.0,1.0,0.0,1.0,0.0,1.0,0.0,0.0,28.0,1.0,0.0,0.0,16.0,0.0,1.0
LIVE_EPISODIC,FAILURE_THRESHOLD,Q09_HOSTILE,RESTRICTION_CHANGE,LOW,4,COMPACT_TYPED,12,1.0,6.0,2.0,1.0,0.0,1.0,0.0,1.0,0.0,0.0,15.0,1.0,0.0,0.0,8.0,0.0,1.0
LIVE_EPISODIC,FAILURE_THRESHOLD,Q09_HOSTILE,RESTRICTION_CHANGE,LOW,4,VERBOSE_TYPED,12,1.0,6.0,2.0,1.0,0.0,1.0,0.0,1.0,0.0,0.0,30.0,1.0,0.0,0.0,8.0,0.0,1.0
LIVE_EPISODIC,FAILURE_THRESHOLD,Q09_HOSTILE,RESTRICTION_CHANGE,LOW,8,COMPACT_TYPED,12,1.0,10.0,2.0,1.0,0.0,1.0,0.0,1.0,0.0,0.0,14.25,1.0,0.0,0.0,12.0,0.0,1.0
LIVE_EPISODIC,FAILURE_THRESHOLD,Q09_HOSTILE,RESTRICTION_CHANGE,LOW,8,VERBOSE_TYPED,12,1.0,10.0,2.0,1.0,0.0,1.0,0.0,1.0,0.0,0.0,27.0,1.0,0.0,0.0,12.0,0.0,1.0
LIVE_EPISODIC,FAILURE_THRESHOLD,Q09_HOSTILE,RESTRICTION_CHANGE,LOW,12,COMPACT_TYPED,12,1.0,14.0,2.0,1.0,0.0,1.0,0.0,1.0,0.0,0.0,14.25,1.0,0.0,0.0,16.0,0.0,1.0
LIVE_EPISODIC,FAILURE_THRESHOLD,Q09_HOSTILE,RESTRICTION_CHANGE,LOW,12,VERBOSE_TYPED,12,1.0,14.0,2.0,1.0,0.0,1.0,0.0,1.0,0.0,0.0,27.0,1.0,0.0,0.0,16.0,0.0,1.0
LIVE_EPISODIC,HYBRID,Q00_CLEAN,AVAILABILITY_LOSS,HIGH,4,COMPACT_TYPED,12,1.0,8.0,0.0,3.0,0.0,0.0,2.0,1.0,1.0,1.0,20.0,3.0,1.0,167.0,6.0,1.0,0.0
LIVE_EPISODIC,HYBRID,Q00_CLEAN,AVAILABILITY_LOSS,HIGH,4,VERBOSE_TYPED,12,1.0,8.0,0.0,3.0,0.0,0.0,2.0,1.0,1.0,1.0,23.0,3.0,1.0,168.0,6.0,1.0,0.0
LIVE_EPISODIC,HYBRID,Q00_CLEAN,AVAILABILITY_LOSS,HIGH,8,COMPACT_TYPED,12,1.0,12.0,0.0,5.0,0.0,0.0,4.0,1.0,1.0,1.0,32.0,5.0,1.0,167.0,8.0,1.0,0.0
LIVE_EPISODIC,HYBRID,Q00_CLEAN,AVAILABILITY_LOSS,HIGH,8,VERBOSE_TYPED,12,1.0,12.0,0.0,5.0,0.0,0.0,4.0,1.0,1.0,1.0,35.0,5.0,1.0,168.0,8.0,1.0,0.0
LIVE_EPISODIC,HYBRID,Q00_CLEAN,AVAILABILITY_LOSS,HIGH,12,COMPACT_TYPED,12,1.0,16.0,0.0,5.0,0.0,0.0,4.0,1.0,1.0,1.0,32.0,5.0,1.0,167.0,10.0,1.0,0.0
LIVE_EPISODIC,HYBRID,Q00_CLEAN,AVAILABILITY_LOSS,HIGH,12,VERBOSE_TYPED,12,1.0,16.0,0.0,5.0,0.0,0.0,4.0,1.0,1.0,1.0,35.0,5.0,1.0,168.0,10.0,1.0,0.0
LIVE_EPISODIC,HYBRID,Q00_CLEAN,AVAILABILITY_LOSS,LOW,4,COMPACT_TYPED,12,1.0,8.0,0.0,3.0,0.0,0.0,2.0,1.0,1.0,1.0,20.0,3.0,1.0,167.0,6.0,1.0,0.0
LIVE_EPISODIC,HYBRID,Q00_CLEAN,AVAILABILITY_LOSS,LOW,4,VERBOSE_TYPED,12,1.0,8.0,0.0,3.0,0.0,0.0,2.0,1.0,1.0,1.0,23.0,3.0,1.0,168.0,6.0,1.0,0.0
LIVE_EPISODIC,HYBRID,Q00_CLEAN,AVAILABILITY_LOSS,LOW,8,COMPACT_TYPED,12,1.0,12.0,0.0,5.0,0.0,0.0,4.0,1.0,1.0,1.0,32.0,5.0,1.0,167.0,8.0,1.0,0.0
LIVE_EPISODIC,HYBRID,Q00_CLEAN,AVAILABILITY_LOSS,LOW,8,VERBOSE_TYPED,12,1.0,12.0,0.0,5.0,0.0,0.0,4.0,1.0,1.0,1.0,35.0,5.0,1.0,168.0,8.0,1.0,0.0
LIVE_EPISODIC,HYBRID,Q00_CLEAN,AVAILABILITY_LOSS,LOW,12,COMPACT_TYPED,12,1.0,16.0,0.0,5.0,0.0,0.0,4.0,1.0,1.0,1.0,32.0,5.0,1.0,167.0,10.0,1.0,0.0
LIVE_EPISODIC,HYBRID,Q00_CLEAN,AVAILABILITY_LOSS,LOW,12,VERBOSE_TYPED,12,1.0,16.0,0.0,5.0,0.0,0.0,4.0,1.0,1.0,1.0,35.0,5.0,1.0,168.0,10.0,1.0,0.0
LIVE_EPISODIC,HYBRID,Q00_CLEAN,CONTROL_FAILURE,HIGH,4,COMPACT_TYPED,12,1.0,6.0,2.0,4.0,0.0,0.0,3.0,1.0,1.0,1.0,30.0,4.0,1.0,166.0,6.0,1.0,1.0
LIVE_EPISODIC,HYBRID,Q00_CLEAN,CONTROL_FAILURE,HIGH,4,VERBOSE_TYPED,12,1.0,6.0,2.0,4.0,0.0,0.0,3.0,1.0,1.0,1.0,33.0,4.0,1.0,167.0,6.0,1.0,1.0
LIVE_EPISODIC,HYBRID,Q00_CLEAN,CONTROL_FAILURE,HIGH,8,COMPACT_TYPED,12,1.0,10.0,2.0,5.0,0.0,0.0,4.0,1.0,1.0,1.0,36.0,5.0,1.0,166.0,8.0,1.0,1.0
LIVE_EPISODIC,HYBRID,Q00_CLEAN,CONTROL_FAILURE,HIGH,8,VERBOSE_TYPED,12,1.0,10.0,2.0,5.0,0.0,0.0,4.0,1.0,1.0,1.0,39.0,5.0,1.0,167.0,8.0,1.0,1.0
LIVE_EPISODIC,HYBRID,Q00_CLEAN,CONTROL_FAILURE,HIGH,12,COMPACT_TYPED,12,1.0,14.0,2.0,6.0,0.0,0.0,5.0,1.0,1.0,1.0,42.0,6.0,1.0,166.0,10.0,1.0,1.0
LIVE_EPISODIC,HYBRID,Q00_CLEAN,CONTROL_FAILURE,HIGH,12,VERBOSE_TYPED,12,1.0,14.0,2.0,6.0,0.0,0.0,5.0,1.0,1.0,1.0,45.0,6.0,1.0,167.0,10.0,1.0,1.0
LIVE_EPISODIC,HYBRID,Q00_CLEAN,CONTROL_FAILURE,LOW,4,COMPACT_TYPED,12,1.0,6.0,2.0,4.0,0.0,0.0,3.0,1.0,1.0,1.0,30.0,4.0,1.0,166.0,6.0,1.0,1.0
LIVE_EPISODIC,HYBRID,Q00_CLEAN,CONTROL_FAILURE,LOW,4,VERBOSE_TYPED,12,1.0,6.0,2.0,4.0,0.0,0.0,3.0,1.0,1.0,1.0,33.0,4.0,1.0,167.0,6.0,1.0,1.0
LIVE_EPISODIC,HYBRID,Q00_CLEAN,CONTROL_FAILURE,LOW,8,COMPACT_TYPED,12,1.0,10.0,2.0,5.0,0.0,0.0,4.0,1.0,1.0,1.0,36.0,5.0,1.0,166.0,8.0,1.0,1.0
LIVE_EPISODIC,HYBRID,Q00_CLEAN,CONTROL_FAILURE,LOW,8,VERBOSE_TYPED,12,1.0,10.0,2.0,5.0,0.0,0.0,4.0,1.0,1.0,1.0,39.0,5.0,1.0,167.0,8.0,1.0,1.0
LIVE_EPISODIC,HYBRID,Q00_CLEAN,CONTROL_FAILURE,LOW,12,COMPACT_TYPED,12,1.0,14.0,2.0,6.0,0.0,0.0,5.0,1.0,1.0,1.0,42.0,6.0,1.0,166.0,10.0,1.0,1.0
LIVE_EPISODIC,HYBRID,Q00_CLEAN,CONTROL_FAILURE,LOW,12,VERBOSE_TYPED,12,1.0,14.0,2.0,6.0,0.0,0.0,5.0,1.0,1.0,1.0,45.0,6.0,1.0,167.0,10.0,1.0,1.0
LIVE_EPISODIC,HYBRID,Q00_CLEAN,POSE_SHIFT,HIGH,4,COMPACT_TYPED,12,1.0,8.0,0.0,3.0,0.0,0.0,2.0,0.0,1.0,1.0,20.0,3.0,1.0,161.0,6.0,1.0,0.0
LIVE_EPISODIC,HYBRID,Q00_CLEAN,POSE_SHIFT,HIGH,4,VERBOSE_TYPED,12,1.0,8.0,0.0,3.0,0.0,0.0,2.0,0.0,1.0,1.0,23.0,3.0,1.0,162.0,6.0,1.0,0.0
LIVE_EPISODIC,HYBRID,Q00_CLEAN,POSE_SHIFT,HIGH,8,COMPACT_TYPED,12,1.0,12.0,0.0,5.0,0.0,0.0,4.0,0.0,1.0,1.0,32.0,5.0,1.0,161.0,8.0,1.0,0.0
LIVE_EPISODIC,HYBRID,Q00_CLEAN,POSE_SHIFT,HIGH,8,VERBOSE_TYPED,12,1.0,12.0,0.0,5.0,0.0,0.0,4.0,0.0,1.0,1.0,35.0,5.0,1.0,162.0,8.0,1.0,0.0
LIVE_EPISODIC,HYBRID,Q00_CLEAN,POSE_SHIFT,HIGH,12,COMPACT_TYPED,12,1.0,16.0,0.0,5.0,0.0,0.0,4.0,0.0,1.0,1.0,32.0,5.0,1.0,161.0,10.0,1.0,0.0
LIVE_EPISODIC,HYBRID,Q00_CLEAN,POSE_SHIFT,HIGH,12,VERBOSE_TYPED,12,1.0,16.0,0.0,5.0,0.0,0.0,4.0,0.0,1.0,1.0,35.0,5.0,1.0,162.0,10.0,1.0,0.0
LIVE_EPISODIC,HYBRID,Q00_CLEAN,POSE_SHIFT,LOW,4,COMPACT_TYPED,12,1.0,8.0,0.0,3.0,0.0,0.0,2.0,0.0,1.0,1.0,20.0,3.0,1.0,161.0,6.0,1.0,0.0
LIVE_EPISODIC,HYBRID,Q00_CLEAN,POSE_SHIFT,LOW,4,VERBOSE_TYPED,12,1.0,8.0,0.0,3.0,0.0,0.0,2.0,0.0,1.0,1.0,23.0,3.0,1.0,162.0,6.0,1.0,0.0
LIVE_EPISODIC,HYBRID,Q00_CLEAN,POSE_SHIFT,LOW,8,COMPACT_TYPED,12,1.0,12.0,0.0,5.0,0.0,0.0,4.0,0.0,1.0,1.0,32.0,5.0,1.0,161.0,8.0,1.0,0.0
LIVE_EPISODIC,HYBRID,Q00_CLEAN,POSE_SHIFT,LOW,8,VERBOSE_TYPED,12,1.0,12.0,0.0,5.0,0.0,0.0,4.0,0.0,1.0,1.0,35.0,5.0,1.0,162.0,8.0,1.0,0.0
LIVE_EPISODIC,HYBRID,Q00_CLEAN,POSE_SHIFT,LOW,12,COMPACT_TYPED,12,1.0,16.0,0.0,5.0,0.0,0.0,4.0,0.0,1.0,1.0,32.0,5.0,1.0,161.0,10.0,1.0,0.0
LIVE_EPISODIC,HYBRID,Q00_CLEAN,POSE_SHIFT,LOW,12,VERBOSE_TYPED,12,1.0,16.0,0.0,5.0,0.0,0.0,4.0,0.0,1.0,1.0,35.0,5.0,1.0,162.0,10.0,1.0,0.0
LIVE_EPISODIC,HYBRID,Q00_CLEAN,RESTRICTION_CHANGE,HIGH,4,COMPACT_TYPED,12,1.0,8.0,0.0,3.0,0.0,0.0,2.0,1.0,1.0,1.0,20.0,3.0,1.0,164.0,6.0,1.0,0.0
LIVE_EPISODIC,HYBRID,Q00_CLEAN,RESTRICTION_CHANGE,HIGH,4,VERBOSE_TYPED,12,1.0,8.0,0.0,3.0,0.0,0.0,2.0,1.0,1.0,1.0,23.0,3.0,1.0,165.0,6.0,1.0,0.0
LIVE_EPISODIC,HYBRID,Q00_CLEAN,RESTRICTION_CHANGE,HIGH,8,COMPACT_TYPED,12,1.0,12.0,0.0,5.0,0.0,0.0,4.0,1.0,1.0,1.0,32.0,5.0,1.0,164.0,8.0,1.0,0.0
LIVE_EPISODIC,HYBRID,Q00_CLEAN,RESTRICTION_CHANGE,HIGH,8,VERBOSE_TYPED,12,1.0,12.0,0.0,5.0,0.0,0.0,4.0,1.0,1.0,1.0,35.0,5.0,1.0,165.0,8.0,1.0,0.0
LIVE_EPISODIC,HYBRID,Q00_CLEAN,RESTRICTION_CHANGE,HIGH,12,COMPACT_TYPED,12,1.0,16.0,0.0,5.0,0.0,0.0,4.0,1.0,1.0,1.0,32.0,5.0,1.0,164.0,10.0,1.0,0.0
LIVE_EPISODIC,HYBRID,Q00_CLEAN,RESTRICTION_CHANGE,HIGH,12,VERBOSE_TYPED,12,1.0,16.0,0.0,5.0,0.0,0.0,4.0,1.0,1.0,1.0,35.0,5.0,1.0,165.0,10.0,1.0,0.0
LIVE_EPISODIC,HYBRID,Q00_CLEAN,RESTRICTION_CHANGE,LOW,4,COMPACT_TYPED,12,1.0,8.0,0.0,3.0,0.0,0.0,2.0,1.0,1.0,1.0,20.0,3.0,1.0,164.0,6.0,1.0,0.0
LIVE_EPISODIC,HYBRID,Q00_CLEAN,RESTRICTION_CHANGE,LOW,4,VERBOSE_TYPED,12,1.0,8.0,0.0,3.0,0.0,0.0,2.0,1.0,1.0,1.0,23.0,3.0,1.0,165.0,6.0,1.0,0.0
LIVE_EPISODIC,HYBRID,Q00_CLEAN,RESTRICTION_CHANGE,LOW,8,COMPACT_TYPED,12,1.0,12.0,0.0,5.0,0.0,0.0,4.0,1.0,1.0,1.0,32.0,5.0,1.0,164.0,8.0,1.0,0.0
LIVE_EPISODIC,HYBRID,Q00_CLEAN,RESTRICTION_CHANGE,LOW,8,VERBOSE_TYPED,12,1.0,12.0,0.0,5.0,0.0,0.0,4.0,1.0,1.0,1.0,35.0,5.0,1.0,165.0,8.0,1.0,0.0
LIVE_EPISODIC,HYBRID,Q00_CLEAN,RESTRICTION_CHANGE,LOW,12,COMPACT_TYPED,12,1.0,16.0,0.0,5.0,0.0,0.0,4.0,1.0,1.0,1.0,32.0,5.0,1.0,164.0,10.0,1.0,0.0
LIVE_EPISODIC,HYBRID,Q00_CLEAN,RESTRICTION_CHANGE,LOW,12,VERBOSE_TYPED,12,1.0,16.0,0.0,5.0,0.0,0.0,4.0,1.0,1.0,1.0,35.0,5.0,1.0,165.0,10.0,1.0,0.0
LIVE_EPISODIC,HYBRID,Q01_RECALL75,AVAILABILITY_LOSS,HIGH,4,COMPACT_TYPED,12,1.0,7.16666667,0.83333333,3.0,0.0,0.41666667,2.0,1.0,0.58333333,0.58333333,20.83333333,3.0,0.58333333,97.41666667,6.83333333,0.58333333,0.41666667
LIVE_EPISODIC,HYBRID,Q01_RECALL75,AVAILABILITY_LOSS,HIGH,4,VERBOSE_TYPED,12,1.0,7.16666667,0.83333333,3.0,0.0,0.41666667,2.0,1.0,0.58333333,0.58333333,22.58333333,3.0,0.58333333,98.0,6.83333333,0.58333333,0.41666667
LIVE_EPISODIC,HYBRID,Q01_RECALL75,AVAILABILITY_LOSS,HIGH,8,COMPACT_TYPED,12,1.0,11.66666667,0.33333333,4.83333333,0.0,0.16666667,3.83333333,1.0,0.83333333,0.83333333,31.33333333,4.83333333,0.83333333,139.16666667,8.66666667,0.83333333,0.16666667
LIVE_EPISODIC,HYBRID,Q01_RECALL75,AVAILABILITY_LOSS,HIGH,8,VERBOSE_TYPED,12,1.0,11.66666667,0.33333333,4.83333333,0.0,0.16666667,3.83333333,1.0,0.83333333,0.83333333,33.83333333,4.83333333,0.83333333,140.0,8.66666667,0.83333333,0.16666667
LIVE_EPISODIC,HYBRID,Q01_RECALL75,AVAILABILITY_LOSS,HIGH,12,COMPACT_TYPED,12,1.0,15.33333333,0.66666667,5.33333333,0.0,0.33333333,4.33333333,1.0,0.66666667,0.66666667,34.66666667,5.33333333,0.66666667,111.33333333,12.0,0.66666667,0.33333333
LIVE_EPISODIC,HYBRID,Q01_RECALL75,AVAILABILITY_LOSS,HIGH,12,VERBOSE_TYPED,12,1.0,15.33333333,0.66666667,5.33333333,0.0,0.33333333,4.33333333,1.0,0.66666667,0.66666667,36.66666667,5.33333333,0.66666667,112.0,12.0,0.66666667,0.33333333
LIVE_EPISODIC,HYBRID,Q01_RECALL75,AVAILABILITY_LOSS,LOW,4,COMPACT_TYPED,12,1.0,7.33333333,0.66666667,3.0,0.0,0.33333333,2.0,1.0,0.66666667,0.66666667,20.66666667,3.0,0.66666667,111.33333333,6.66666667,0.66666667,0.33333333
LIVE_EPISODIC,HYBRID,Q01_RECALL75,AVAILABILITY_LOSS,LOW,4,VERBOSE_TYPED,12,1.0,7.33333333,0.66666667,3.0,0.0,0.33333333,2.0,1.0,0.66666667,0.66666667,22.66666667,3.0,0.66666667,112.0,6.66666667,0.66666667,0.33333333
LIVE_EPISODIC,HYBRID,Q01_RECALL75,AVAILABILITY_LOSS,LOW,8,COMPACT_TYPED,12,1.0,11.66666667,0.33333333,4.83333333,0.0,0.16666667,3.83333333,1.0,0.83333333,0.83333333,31.33333333,4.83333333,0.83333333,139.16666667,8.66666667,0.83333333,0.16666667
LIVE_EPISODIC,HYBRID,Q01_RECALL75,AVAILABILITY_LOSS,LOW,8,VERBOSE_TYPED,12,1.0,11.66666667,0.33333333,4.83333333,0.0,0.16666667,3.83333333,1.0,0.83333333,0.83333333,33.83333333,4.83333333,0.83333333,140.0,8.66666667,0.83333333,0.16666667
LIVE_EPISODIC,HYBRID,Q01_RECALL75,AVAILABILITY_LOSS,LOW,12,COMPACT_TYPED,12,1.0,15.66666667,0.33333333,5.16666667,0.0,0.16666667,4.16666667,1.0,0.83333333,0.83333333,33.33333333,5.16666667,0.83333333,139.16666667,11.0,0.83333333,0.16666667
LIVE_EPISODIC,HYBRID,Q01_RECALL75,AVAILABILITY_LOSS,LOW,12,VERBOSE_TYPED,12,1.0,15.66666667,0.33333333,5.16666667,0.0,0.16666667,4.16666667,1.0,0.83333333,0.83333333,35.83333333,5.16666667,0.83333333,140.0,11.0,0.83333333,0.16666667
LIVE_EPISODIC,HYBRID,Q01_RECALL75,CONTROL_FAILURE,HIGH,4,COMPACT_TYPED,12,1.0,6.0,2.0,3.66666667,0.0,0.33333333,2.66666667,1.0,0.66666667,0.66666667,27.33333333,3.66666667,0.66666667,110.66666667,6.66666667,0.66666667,1.0
LIVE_EPISODIC,HYBRID,Q01_RECALL75,CONTROL_FAILURE,HIGH,4,VERBOSE_TYPED,12,1.0,6.0,2.0,3.66666667,0.0,0.33333333,2.66666667,1.0,0.66666667,0.66666667,29.33333333,3.66666667,0.66666667,111.33333333,6.66666667,0.66666667,1.0
LIVE_EPISODIC,HYBRID,Q01_RECALL75,CONTROL_FAILURE,HIGH,8,COMPACT_TYPED,12,1.0,10.0,2.0,4.58333333,0.0,0.41666667,3.58333333,1.0,0.58333333,0.58333333,32.66666667,4.58333333,0.58333333,96.83333333,9.66666667,0.58333333,1.0
LIVE_EPISODIC,HYBRID,Q01_RECALL75,CONTROL_FAILURE,HIGH,8,VERBOSE_TYPED,12,1.0,10.0,2.0,4.58333333,0.0,0.41666667,3.58333333,1.0,0.58333333,0.58333333,34.41666667,4.58333333,0.58333333,97.41666667,9.66666667,0.58333333,1.0
LIVE_EPISODIC,HYBRID,Q01_RECALL75,CONTROL_FAILURE,HIGH,12,COMPACT_TYPED,12,1.0,14.0,2.0,6.0,0.0,0.16666667,5.0,1.0,0.83333333,0.83333333,41.66666667,6.0,0.83333333,138.33333333,11.0,0.83333333,1.0
LIVE_EPISODIC,HYBRID,Q01_RECALL75,CONTROL_FAILURE,HIGH,12,VERBOSE_TYPED,12,1.0,14.0,2.0,6.0,0.0,0.16666667,5.0,1.0,0.83333333,0.83333333,44.16666667,6.0,0.83333333,139.16666667,11.0,0.83333333,1.0
LIVE_EPISODIC,HYBRID,Q01_RECALL75,CONTROL_FAILURE,LOW,4,COMPACT_TYPED,12,1.0,6.0,2.0,3.91666667,0.0,0.08333333,2.91666667,1.0,0.91666667,0.91666667,29.33333333,3.91666667,0.91666667,152.16666667,6.16666667,0.91666667,1.0
LIVE_EPISODIC,HYBRID,Q01_RECALL75,CONTROL_FAILURE,LOW,4,VERBOSE_TYPED,12,1.0,6.0,2.0,3.91666667,0.0,0.08333333,2.91666667,1.0,0.91666667,0.91666667,32.08333333,3.91666667,0.91666667,153.08333333,6.16666667,0.91666667,1.0
LIVE_EPISODIC,HYBRID,Q01_RECALL75,CONTROL_FAILURE,LOW,8,COMPACT_TYPED,12,1.0,10.0,2.0,4.66666667,0.0,0.33333333,3.66666667,1.0,0.66666667,0.66666667,33.33333333,4.66666667,0.66666667,110.66666667,9.33333333,0.66666667,1.0
LIVE_EPISODIC,HYBRID,Q01_RECALL75,CONTROL_FAILURE,LOW,8,VERBOSE_TYPED,12,1.0,10.0,2.0,4.66666667,0.0,0.33333333,3.66666667,1.0,0.66666667,0.66666667,35.33333333,4.66666667,0.66666667,111.33333333,9.33333333,0.66666667,1.0
LIVE_EPISODIC,HYBRID,Q01_RECALL75,CONTROL_FAILURE,LOW,12,COMPACT_TYPED,12,1.0,14.0,2.0,6.0,0.0,0.16666667,5.0,1.0,0.83333333,0.83333333,41.66666667,6.0,0.83333333,138.33333333,11.0,0.83333333,1.0
LIVE_EPISODIC,HYBRID,Q01_RECALL75,CONTROL_FAILURE,LOW,12,VERBOSE_TYPED,12,1.0,14.0,2.0,6.0,0.0,0.16666667,5.0,1.0,0.83333333,0.83333333,44.16666667,6.0,0.83333333,139.16666667,11.0,0.83333333,1.0
LIVE_EPISODIC,HYBRID,Q01_RECALL75,POSE_SHIFT,HIGH,4,COMPACT_TYPED,12,1.0,7.33333333,0.66666667,3.0,0.0,0.33333333,2.0,0.33333333,0.66666667,0.66666667,20.66666667,3.0,0.66666667,107.33333333,6.66666667,0.66666667,0.33333333
LIVE_EPISODIC,HYBRID,Q01_RECALL75,POSE_SHIFT,HIGH,4,VERBOSE_TYPED,12,1.0,7.33333333,0.66666667,3.0,0.0,0.33333333,2.0,0.33333333,0.66666667,0.66666667,22.66666667,3.0,0.66666667,108.0,6.66666667,0.66666667,0.33333333
LIVE_EPISODIC,HYBRID,Q01_RECALL75,POSE_SHIFT,HIGH,8,COMPACT_TYPED,12,1.0,10.83333333,1.16666667,4.41666667,0.0,0.58333333,3.41666667,0.58333333,0.41666667,0.41666667,29.66666667,4.41666667,0.41666667,67.08333333,10.33333333,0.41666667,0.58333333
LIVE_EPISODIC,HYBRID,Q01_RECALL75,POSE_SHIFT,HIGH,8,VERBOSE_TYPED,12,1.0,10.83333333,1.16666667,4.41666667,0.0,0.58333333,3.41666667,0.58333333,0.41666667,0.41666667,30.91666667,4.41666667,0.41666667,67.5,10.33333333,0.41666667,0.58333333
LIVE_EPISODIC,HYBRID,Q01_RECALL75,POSE_SHIFT,HIGH,12,COMPACT_TYPED,12,1.0,15.33333333,0.66666667,5.33333333,0.0,0.33333333,4.33333333,0.33333333,0.66666667,0.66666667,34.66666667,5.33333333,0.66666667,107.33333333,12.0,0.66666667,0.33333333
LIVE_EPISODIC,HYBRID,Q01_RECALL75,POSE_SHIFT,HIGH,12,VERBOSE_TYPED,12,1.0,15.33333333,0.66666667,5.33333333,0.0,0.33333333,4.33333333,0.33333333,0.66666667,0.66666667,36.66666667,5.33333333,0.66666667,108.0,12.0,0.66666667,0.33333333
LIVE_EPISODIC,HYBRID,Q01_RECALL75,POSE_SHIFT,LOW,4,COMPACT_TYPED,12,1.0,7.33333333,0.66666667,3.0,0.0,0.33333333,2.0,0.33333333,0.66666667,0.66666667,20.66666667,3.0,0.66666667,107.33333333,6.66666667,0.66666667,0.33333333
LIVE_EPISODIC,HYBRID,Q01_RECALL75,POSE_SHIFT,LOW,4,VERBOSE_TYPED,12,1.0,7.33333333,0.66666667,3.0,0.0,0.33333333,2.0,0.33333333,0.66666667,0.66666667,22.66666667,3.0,0.66666667,108.0,6.66666667,0.66666667,0.33333333
LIVE_EPISODIC,HYBRID,Q01_RECALL75,POSE_SHIFT,LOW,8,COMPACT_TYPED,12,1.0,11.16666667,0.83333333,4.58333333,0.0,0.41666667,3.58333333,0.41666667,0.58333333,0.58333333,30.33333333,4.58333333,0.58333333,93.91666667,9.66666667,0.58333333,0.41666667
LIVE_EPISODIC,HYBRID,Q01_RECALL75,POSE_SHIFT,LOW,8,VERBOSE_TYPED,12,1.0,11.16666667,0.83333333,4.58333333,0.0,0.41666667,3.58333333,0.41666667,0.58333333,0.58333333,32.08333333,4.58333333,0.58333333,94.5,9.66666667,0.58333333,0.41666667
LIVE_EPISODIC,HYBRID,Q01_RECALL75,POSE_SHIFT,LOW,12,COMPACT_TYPED,12,1.0,15.33333333,0.66666667,5.33333333,0.0,0.33333333,4.33333333,0.33333333,0.66666667,0.66666667,34.66666667,5.33333333,0.66666667,107.33333333,12.0,0.66666667,0.33333333
LIVE_EPISODIC,HYBRID,Q01_RECALL75,POSE_SHIFT,LOW,12,VERBOSE_TYPED,12,1.0,15.33333333,0.66666667,5.33333333,0.0,0.33333333,4.33333333,0.33333333,0.66666667,0.66666667,36.66666667,5.33333333,0.66666667,108.0,12.0,0.66666667,0.33333333
LIVE_EPISODIC,HYBRID,Q01_RECALL75,RESTRICTION_CHANGE,HIGH,4,COMPACT_TYPED,12,1.0,7.5,0.5,3.0,0.0,0.25,2.0,1.0,0.75,0.75,20.5,3.0,0.75,123.0,6.5,0.75,0.25
LIVE_EPISODIC,HYBRID,Q01_RECALL75,RESTRICTION_CHANGE,HIGH,4,VERBOSE_TYPED,12,1.0,7.5,0.5,3.0,0.0,0.25,2.0,1.0,0.75,0.75,22.75,3.0,0.75,123.75,6.5,0.75,0.25
LIVE_EPISODIC,HYBRID,Q01_RECALL75,RESTRICTION_CHANGE,HIGH,8,COMPACT_TYPED,12,1.0,11.5,0.5,4.75,0.0,0.25,3.75,1.0,0.75,0.75,31.0,4.75,0.75,123.0,9.0,0.75,0.25
LIVE_EPISODIC,HYBRID,Q01_RECALL75,RESTRICTION_CHANGE,HIGH,8,VERBOSE_TYPED,12,1.0,11.5,0.5,4.75,0.0,0.25,3.75,1.0,0.75,0.75,33.25,4.75,0.75,123.75,9.0,0.75,0.25
LIVE_EPISODIC,HYBRID,Q01_RECALL75,RESTRICTION_CHANGE,HIGH,12,COMPACT_TYPED,12,1.0,15.66666667,0.33333333,5.16666667,0.0,0.16666667,4.16666667,1.0,0.83333333,0.83333333,33.33333333,5.16666667,0.83333333,136.66666667,11.0,0.83333333,0.16666667
LIVE_EPISODIC,HYBRID,Q01_RECALL75,RESTRICTION_CHANGE,HIGH,12,VERBOSE_TYPED,12,1.0,15.66666667,0.33333333,5.16666667,0.0,0.16666667,4.16666667,1.0,0.83333333,0.83333333,35.83333333,5.16666667,0.83333333,137.5,11.0,0.83333333,0.16666667
LIVE_EPISODIC,HYBRID,Q01_RECALL75,RESTRICTION_CHANGE,LOW,4,COMPACT_TYPED,12,1.0,7.66666667,0.33333333,3.0,0.0,0.16666667,2.0,1.0,0.83333333,0.83333333,20.33333333,3.0,0.83333333,136.66666667,6.33333333,0.83333333,0.16666667
LIVE_EPISODIC,HYBRID,Q01_RECALL75,RESTRICTION_CHANGE,LOW,4,VERBOSE_TYPED,12,1.0,7.66666667,0.33333333,3.0,0.0,0.16666667,2.0,1.0,0.83333333,0.83333333,22.83333333,3.0,0.83333333,137.5,6.33333333,0.83333333,0.16666667
LIVE_EPISODIC,HYBRID,Q01_RECALL75,RESTRICTION_CHANGE,LOW,8,COMPACT_TYPED,12,1.0,11.5,0.5,4.75,0.0,0.25,3.75,1.0,0.75,0.75,31.0,4.75,0.75,123.0,9.0,0.75,0.25
LIVE_EPISODIC,HYBRID,Q01_RECALL75,RESTRICTION_CHANGE,LOW,8,VERBOSE_TYPED,12,1.0,11.5,0.5,4.75,0.0,0.25,3.75,1.0,0.75,0.75,33.25,4.75,0.75,123.75,9.0,0.75,0.25
LIVE_EPISODIC,HYBRID,Q01_RECALL75,RESTRICTION_CHANGE,LOW,12,COMPACT_TYPED,12,1.0,15.5,0.5,5.25,0.0,0.25,4.25,1.0,0.75,0.75,34.0,5.25,0.75,123.0,11.5,0.75,0.25
LIVE_EPISODIC,HYBRID,Q01_RECALL75,RESTRICTION_CHANGE,LOW,12,VERBOSE_TYPED,12,1.0,15.5,0.5,5.25,0.0,0.25,4.25,1.0,0.75,0.75,36.25,5.25,0.75,123.75,11.5,0.75,0.25
LIVE_EPISODIC,HYBRID,Q02_RECALL50,AVAILABILITY_LOSS,HIGH,4,COMPACT_TYPED,12,1.0,7.0,1.0,3.0,0.0,0.5,2.0,1.0,0.5,0.5,21.0,3.0,0.5,83.5,7.0,0.5,0.5
LIVE_EPISODIC,HYBRID,Q02_RECALL50,AVAILABILITY_LOSS,HIGH,4,VERBOSE_TYPED,12,1.0,7.0,1.0,3.0,0.0,0.5,2.0,1.0,0.5,0.5,22.5,3.0,0.5,84.0,7.0,0.5,0.5
LIVE_EPISODIC,HYBRID,Q02_RECALL50,AVAILABILITY_LOSS,HIGH,8,COMPACT_TYPED,12,1.0,11.33333333,0.66666667,4.66666667,0.0,0.33333333,3.66666667,1.0,0.66666667,0.66666667,30.66666667,4.66666667,0.66666667,111.33333333,9.33333333,0.66666667,0.33333333
LIVE_EPISODIC,HYBRID,Q02_RECALL50,AVAILABILITY_LOSS,HIGH,8,VERBOSE_TYPED,12,1.0,11.33333333,0.66666667,4.66666667,0.0,0.33333333,3.66666667,1.0,0.66666667,0.66666667,32.66666667,4.66666667,0.66666667,112.0,9.33333333,0.66666667,0.33333333
LIVE_EPISODIC,HYBRID,Q02_RECALL50,AVAILABILITY_LOSS,HIGH,12,COMPACT_TYPED,12,1.0,14.83333333,1.16666667,5.58333333,0.0,0.58333333,4.58333333,1.0,0.41666667,0.41666667,36.66666667,5.58333333,0.41666667,69.58333333,13.5,0.41666667,0.58333333
LIVE_EPISODIC,HYBRID,Q02_RECALL50,AVAILABILITY_LOSS,HIGH,12,VERBOSE_TYPED,12,1.0,14.83333333,1.16666667,5.58333333,0.0,0.58333333,4.58333333,1.0,0.41666667,0.41666667,37.91666667,5.58333333,0.41666667,70.0,13.5,0.41666667,0.58333333
LIVE_EPISODIC,HYBRID,Q02_RECALL50,AVAILABILITY_LOSS,LOW,4,COMPACT_TYPED,12,1.0,6.66666667,1.33333333,3.0,0.0,0.66666667,2.0,1.0,0.33333333,0.33333333,21.33333333,3.0,0.33333333,55.66666667,7.33333333,0.33333333,0.66666667
LIVE_EPISODIC,HYBRID,Q02_RECALL50,AVAILABILITY_LOSS,LOW,4,VERBOSE_TYPED,12,1.0,6.66666667,1.33333333,3.0,0.0,0.66666667,2.0,1.0,0.33333333,0.33333333,22.33333333,3.0,0.33333333,56.0,7.33333333,0.33333333,0.66666667
LIVE_EPISODIC,HYBRID,Q02_RECALL50,AVAILABILITY_LOSS,LOW,8,COMPACT_TYPED,12,1.0,11.16666667,0.83333333,4.58333333,0.0,0.41666667,3.58333333,1.0,0.58333333,0.58333333,30.33333333,4.58333333,0.58333333,97.41666667,9.66666667,0.58333333,0.41666667
LIVE_EPISODIC,HYBRID,Q02_RECALL50,AVAILABILITY_LOSS,LOW,8,VERBOSE_TYPED,12,1.0,11.16666667,0.83333333,4.58333333,0.0,0.41666667,3.58333333,1.0,0.58333333,0.58333333,32.08333333,4.58333333,0.58333333,98.0,9.66666667,0.58333333,0.41666667
LIVE_EPISODIC,HYBRID,Q02_RECALL50,AVAILABILITY_LOSS,LOW,12,COMPACT_TYPED,12,1.0,15.33333333,0.66666667,5.33333333,0.0,0.33333333,4.33333333,1.0,0.66666667,0.66666667,34.66666667,5.33333333,0.66666667,111.33333333,12.0,0.66666667,0.33333333
LIVE_EPISODIC,HYBRID,Q02_RECALL50,AVAILABILITY_LOSS,LOW,12,VERBOSE_TYPED,12,1.0,15.33333333,0.66666667,5.33333333,0.0,0.33333333,4.33333333,1.0,0.66666667,0.66666667,36.66666667,5.33333333,0.66666667,112.0,12.0,0.66666667,0.33333333
LIVE_EPISODIC,HYBRID,Q02_RECALL50,CONTROL_FAILURE,HIGH,4,COMPACT_TYPED,12,1.0,6.0,2.0,3.5,0.0,0.5,2.5,1.0,0.5,0.5,26.0,3.5,0.5,83.0,7.0,0.5,1.0
LIVE_EPISODIC,HYBRID,Q02_RECALL50,CONTROL_FAILURE,HIGH,4,VERBOSE_TYPED,12,1.0,6.0,2.0,3.5,0.0,0.5,2.5,1.0,0.5,0.5,27.5,3.5,0.5,83.5,7.0,0.5,1.0
LIVE_EPISODIC,HYBRID,Q02_RECALL50,CONTROL_FAILURE,HIGH,8,COMPACT_TYPED,12,1.0,10.0,2.0,4.41666667,0.0,0.58333333,3.41666667,1.0,0.41666667,0.41666667,31.33333333,4.41666667,0.41666667,69.16666667,10.33333333,0.41666667,1.0
LIVE_EPISODIC,HYBRID,Q02_RECALL50,CONTROL_FAILURE,HIGH,8,VERBOSE_TYPED,12,1.0,10.0,2.0,4.41666667,0.0,0.58333333,3.41666667,1.0,0.41666667,0.41666667,32.58333333,4.41666667,0.41666667,69.58333333,10.33333333,0.41666667,1.0
LIVE_EPISODIC,HYBRID,Q02_RECALL50,CONTROL_FAILURE,HIGH,12,COMPACT_TYPED,12,1.0,14.0,2.0,6.0,0.0,0.41666667,5.0,1.0,0.58333333,0.58333333,41.16666667,6.0,0.58333333,96.83333333,12.5,0.58333333,1.0
LIVE_EPISODIC,HYBRID,Q02_RECALL50,CONTROL_FAILURE,HIGH,12,VERBOSE_TYPED,12,1.0,14.0,2.0,6.0,0.0,0.41666667,5.0,1.0,0.58333333,0.58333333,42.91666667,6.0,0.58333333,97.41666667,12.5,0.58333333,1.0
LIVE_EPISODIC,HYBRID,Q02_RECALL50,CONTROL_FAILURE,LOW,4,COMPACT_TYPED,12,1.0,6.0,2.0,3.83333333,0.0,0.16666667,2.83333333,1.0,0.83333333,0.83333333,28.66666667,3.83333333,0.83333333,138.33333333,6.33333333,0.83333333,1.0
LIVE_EPISODIC,HYBRID,Q02_RECALL50,CONTROL_FAILURE,LOW,4,VERBOSE_TYPED,12,1.0,6.0,2.0,3.83333333,0.0,0.16666667,2.83333333,1.0,0.83333333,0.83333333,31.16666667,3.83333333,0.83333333,139.16666667,6.33333333,0.83333333,1.0
LIVE_EPISODIC,HYBRID,Q02_RECALL50,CONTROL_FAILURE,LOW,8,COMPACT_TYPED,12,1.0,10.0,2.0,4.58333333,0.0,0.41666667,3.58333333,1.0,0.58333333,0.58333333,32.66666667,4.58333333,0.58333333,96.83333333,9.66666667,0.58333333,1.0
LIVE_EPISODIC,HYBRID,Q02_RECALL50,CONTROL_FAILURE,LOW,8,VERBOSE_TYPED,12,1.0,10.0,2.0,4.58333333,0.0,0.41666667,3.58333333,1.0,0.58333333,0.58333333,34.41666667,4.58333333,0.58333333,97.41666667,9.66666667,0.58333333,1.0
LIVE_EPISODIC,HYBRID,Q02_RECALL50,CONTROL_FAILURE,LOW,12,COMPACT_TYPED,12,1.0,14.0,2.0,6.0,0.0,0.66666667,5.0,1.0,0.33333333,0.33333333,40.66666667,6.0,0.33333333,55.33333333,14.0,0.33333333,1.0
LIVE_EPISODIC,HYBRID,Q02_RECALL50,CONTROL_FAILURE,LOW,12,VERBOSE_TYPED,12,1.0,14.0,2.0,6.0,0.0,0.66666667,5.0,1.0,0.33333333,0.33333333,41.66666667,6.0,0.33333333,55.66666667,14.0,0.33333333,1.0
LIVE_EPISODIC,HYBRID,Q02_RECALL50,POSE_SHIFT,HIGH,4,COMPACT_TYPED,12,1.0,6.66666667,1.33333333,3.0,0.0,0.66666667,2.0,0.66666667,0.33333333,0.33333333,21.33333333,3.0,0.33333333,53.66666667,7.33333333,0.33333333,0.66666667
LIVE_EPISODIC,HYBRID,Q02_RECALL50,POSE_SHIFT,HIGH,4,VERBOSE_TYPED,12,1.0,6.66666667,1.33333333,3.0,0.0,0.66666667,2.0,0.66666667,0.33333333,0.33333333,22.33333333,3.0,0.33333333,54.0,7.33333333,0.33333333,0.66666667
LIVE_EPISODIC,HYBRID,Q02_RECALL50,POSE_SHIFT,HIGH,8,COMPACT_TYPED,12,1.0,10.83333333,1.16666667,4.41666667,0.0,0.58333333,3.41666667,0.58333333,0.41666667,0.41666667,29.66666667,4.41666667,0.41666667,67.08333333,10.33333333,0.41666667,0.58333333
LIVE_EPISODIC,HYBRID,Q02_RECALL50,POSE_SHIFT,HIGH,8,VERBOSE_TYPED,12,1.0,10.83333333,1.16666667,4.41666667,0.0,0.58333333,3.41666667,0.58333333,0.41666667,0.41666667,30.91666667,4.41666667,0.41666667,67.5,10.33333333,0.41666667,0.58333333
LIVE_EPISODIC,HYBRID,Q02_RECALL50,POSE_SHIFT,HIGH,12,COMPACT_TYPED,12,1.0,15.0,1.0,5.5,0.0,0.5,4.5,0.5,0.5,0.5,36.0,5.5,0.5,80.5,13.0,0.5,0.5
LIVE_EPISODIC,HYBRID,Q02_RECALL50,POSE_SHIFT,HIGH,12,VERBOSE_TYPED,12,1.0,15.0,1.0,5.5,0.0,0.5,4.5,0.5,0.5,0.5,37.5,5.5,0.5,81.0,13.0,0.5,0.5
LIVE_EPISODIC,HYBRID,Q02_RECALL50,POSE_SHIFT,LOW,4,COMPACT_TYPED,12,1.0,7.16666667,0.83333333,3.0,0.0,0.41666667,2.0,0.41666667,0.58333333,0.58333333,20.83333333,3.0,0.58333333,93.91666667,6.83333333,0.58333333,0.41666667
LIVE_EPISODIC,HYBRID,Q02_RECALL50,POSE_SHIFT,LOW,4,VERBOSE_TYPED,12,1.0,7.16666667,0.83333333,3.0,0.0,0.41666667,2.0,0.41666667,0.58333333,0.58333333,22.58333333,3.0,0.58333333,94.5,6.83333333,0.58333333,0.41666667
LIVE_EPISODIC,HYBRID,Q02_RECALL50,POSE_SHIFT,LOW,8,COMPACT_TYPED,12,1.0,10.66666667,1.33333333,4.33333333,0.0,0.66666667,3.33333333,0.66666667,0.33333333,0.33333333,29.33333333,4.33333333,0.33333333,53.66666667,10.66666667,0.33333333,0.66666667
LIVE_EPISODIC,HYBRID,Q02_RECALL50,POSE_SHIFT,LOW,8,VERBOSE_TYPED,12,1.0,10.66666667,1.33333333,4.33333333,0.0,0.66666667,3.33333333,0.66666667,0.33333333,0.33333333,30.33333333,4.33333333,0.33333333,54.0,10.66666667,0.33333333,0.66666667
LIVE_EPISODIC,HYBRID,Q02_RECALL50,POSE_SHIFT,LOW,12,COMPACT_TYPED,12,1.0,14.66666667,1.33333333,5.66666667,0.0,0.66666667,4.66666667,0.66666667,0.33333333,0.33333333,37.33333333,5.66666667,0.33333333,53.66666667,14.0,0.33333333,0.66666667
LIVE_EPISODIC,HYBRID,Q02_RECALL50,POSE_SHIFT,LOW,12,VERBOSE_TYPED,12,1.0,14.66666667,1.33333333,5.66666667,0.0,0.66666667,4.66666667,0.66666667,0.33333333,0.33333333,38.33333333,5.66666667,0.33333333,54.0,14.0,0.33333333,0.66666667
LIVE_EPISODIC,HYBRID,Q02_RECALL50,RESTRICTION_CHANGE,HIGH,4,COMPACT_TYPED,12,1.0,6.83333333,1.16666667,3.0,0.0,0.58333333,2.0,1.0,0.41666667,0.41666667,21.16666667,3.0,0.41666667,68.33333333,7.16666667,0.41666667,0.58333333
LIVE_EPISODIC,HYBRID,Q02_RECALL50,RESTRICTION_CHANGE,HIGH,4,VERBOSE_TYPED,12,1.0,6.83333333,1.16666667,3.0,0.0,0.58333333,2.0,1.0,0.41666667,0.41666667,22.41666667,3.0,0.41666667,68.75,7.16666667,0.41666667,0.58333333
LIVE_EPISODIC,HYBRID,Q02_RECALL50,RESTRICTION_CHANGE,HIGH,8,COMPACT_TYPED,12,1.0,11.0,1.0,4.5,0.0,0.5,3.5,1.0,0.5,0.5,30.0,4.5,0.5,82.0,10.0,0.5,0.5
LIVE_EPISODIC,HYBRID,Q02_RECALL50,RESTRICTION_CHANGE,HIGH,8,VERBOSE_TYPED,12,1.0,11.0,1.0,4.5,0.0,0.5,3.5,1.0,0.5,0.5,31.5,4.5,0.5,82.5,10.0,0.5,0.5
LIVE_EPISODIC,HYBRID,Q02_RECALL50,RESTRICTION_CHANGE,HIGH,12,COMPACT_TYPED,12,1.0,15.0,1.0,5.5,0.0,0.5,4.5,1.0,0.5,0.5,36.0,5.5,0.5,82.0,13.0,0.5,0.5
LIVE_EPISODIC,HYBRID,Q02_RECALL50,RESTRICTION_CHANGE,HIGH,12,VERBOSE_TYPED,12,1.0,15.0,1.0,5.5,0.0,0.5,4.5,1.0,0.5,0.5,37.5,5.5,0.5,82.5,13.0,0.5,0.5
LIVE_EPISODIC,HYBRID,Q02_RECALL50,RESTRICTION_CHANGE,LOW,4,COMPACT_TYPED,12,1.0,7.33333333,0.66666667,3.0,0.0,0.33333333,2.0,1.0,0.66666667,0.66666667,20.66666667,3.0,0.66666667,109.33333333,6.66666667,0.66666667,0.33333333
LIVE_EPISODIC,HYBRID,Q02_RECALL50,RESTRICTION_CHANGE,LOW,4,VERBOSE_TYPED,12,1.0,7.33333333,0.66666667,3.0,0.0,0.33333333,2.0,1.0,0.66666667,0.66666667,22.66666667,3.0,0.66666667,110.0,6.66666667,0.66666667,0.33333333
LIVE_EPISODIC,HYBRID,Q02_RECALL50,RESTRICTION_CHANGE,LOW,8,COMPACT_TYPED,12,1.0,10.83333333,1.16666667,4.41666667,0.0,0.58333333,3.41666667,1.0,0.41666667,0.41666667,29.66666667,4.41666667,0.41666667,68.33333333,10.33333333,0.41666667,0.58333333
LIVE_EPISODIC,HYBRID,Q02_RECALL50,RESTRICTION_CHANGE,LOW,8,VERBOSE_TYPED,12,1.0,10.83333333,1.16666667,4.41666667,0.0,0.58333333,3.41666667,1.0,0.41666667,0.41666667,30.91666667,4.41666667,0.41666667,68.75,10.33333333,0.41666667,0.58333333
LIVE_EPISODIC,HYBRID,Q02_RECALL50,RESTRICTION_CHANGE,LOW,12,COMPACT_TYPED,12,1.0,14.83333333,1.16666667,5.58333333,0.0,0.58333333,4.58333333,1.0,0.41666667,0.41666667,36.66666667,5.58333333,0.41666667,68.33333333,13.5,0.41666667,0.58333333
LIVE_EPISODIC,HYBRID,Q02_RECALL50,RESTRICTION_CHANGE,LOW,12,VERBOSE_TYPED,12,1.0,14.83333333,1.16666667,5.58333333,0.0,0.58333333,4.58333333,1.0,0.41666667,0.41666667,37.91666667,5.58333333,0.41666667,68.75,13.5,0.41666667,0.58333333
LIVE_EPISODIC,HYBRID,Q03_RECALL25,AVAILABILITY_LOSS,HIGH,4,COMPACT_TYPED,12,1.0,6.33333333,1.66666667,3.0,0.0,0.83333333,2.0,1.0,0.16666667,0.16666667,21.66666667,3.0,0.16666667,27.83333333,7.66666667,0.16666667,0.83333333
LIVE_EPISODIC,HYBRID,Q03_RECALL25,AVAILABILITY_LOSS,HIGH,4,VERBOSE_TYPED,12,1.0,6.33333333,1.66666667,3.0,0.0,0.83333333,2.0,1.0,0.16666667,0.16666667,22.16666667,3.0,0.16666667,28.0,7.66666667,0.16666667,0.83333333
LIVE_EPISODIC,HYBRID,Q03_RECALL25,AVAILABILITY_LOSS,HIGH,8,COMPACT_TYPED,12,1.0,11.0,1.0,4.5,0.0,0.5,3.5,1.0,0.5,0.5,30.0,4.5,0.5,83.5,10.0,0.5,0.5
LIVE_EPISODIC,HYBRID,Q03_RECALL25,AVAILABILITY_LOSS,HIGH,8,VERBOSE_TYPED,12,1.0,11.0,1.0,4.5,0.0,0.5,3.5,1.0,0.5,0.5,31.5,4.5,0.5,84.0,10.0,0.5,0.5
LIVE_EPISODIC,HYBRID,Q03_RECALL25,AVAILABILITY_LOSS,HIGH,12,COMPACT_TYPED,12,1.0,14.5,1.5,5.75,0.0,0.75,4.75,1.0,0.25,0.25,38.0,5.75,0.25,41.75,14.5,0.25,0.75
LIVE_EPISODIC,HYBRID,Q03_RECALL25,AVAILABILITY_LOSS,HIGH,12,VERBOSE_TYPED,12,1.0,14.5,1.5,5.75,0.0,0.75,4.75,1.0,0.25,0.25,38.75,5.75,0.25,42.0,14.5,0.25,0.75
LIVE_EPISODIC,HYBRID,Q03_RECALL25,AVAILABILITY_LOSS,LOW,4,COMPACT_TYPED,12,1.0,6.0,2.0,3.0,0.0,1.0,2.0,1.0,0.0,0.0,22.0,3.0,0.0,0.0,8.0,0.0,1.0
LIVE_EPISODIC,HYBRID,Q03_RECALL25,AVAILABILITY_LOSS,LOW,4,VERBOSE_TYPED,12,1.0,6.0,2.0,3.0,0.0,1.0,2.0,1.0,0.0,0.0,22.0,3.0,0.0,0.0,8.0,0.0,1.0
LIVE_EPISODIC,HYBRID,Q03_RECALL25,AVAILABILITY_LOSS,LOW,8,COMPACT_TYPED,12,1.0,10.66666667,1.33333333,4.33333333,0.0,0.66666667,3.33333333,1.0,0.33333333,0.33333333,29.33333333,4.33333333,0.33333333,55.66666667,10.66666667,0.33333333,0.66666667
LIVE_EPISODIC,HYBRID,Q03_RECALL25,AVAILABILITY_LOSS,LOW,8,VERBOSE_TYPED,12,1.0,10.66666667,1.33333333,4.33333333,0.0,0.66666667,3.33333333,1.0,0.33333333,0.33333333,30.33333333,4.33333333,0.33333333,56.0,10.66666667,0.33333333,0.66666667
LIVE_EPISODIC,HYBRID,Q03_RECALL25,AVAILABILITY_LOSS,LOW,12,COMPACT_TYPED,12,1.0,14.5,1.5,5.75,0.0,0.75,4.75,1.0,0.25,0.25,38.0,5.75,0.25,41.75,14.5,0.25,0.75
LIVE_EPISODIC,HYBRID,Q03_RECALL25,AVAILABILITY_LOSS,LOW,12,VERBOSE_TYPED,12,1.0,14.5,1.5,5.75,0.0,0.75,4.75,1.0,0.25,0.25,38.75,5.75,0.25,42.0,14.5,0.25,0.75
LIVE_EPISODIC,HYBRID,Q03_RECALL25,CONTROL_FAILURE,HIGH,4,COMPACT_TYPED,12,1.0,6.0,2.0,3.41666667,0.0,0.58333333,2.41666667,1.0,0.41666667,0.41666667,25.33333333,3.41666667,0.41666667,69.16666667,7.16666667,0.41666667,1.0
LIVE_EPISODIC,HYBRID,Q03_RECALL25,CONTROL_FAILURE,HIGH,4,VERBOSE_TYPED,12,1.0,6.0,2.0,3.41666667,0.0,0.58333333,2.41666667,1.0,0.41666667,0.41666667,26.58333333,3.41666667,0.41666667,69.58333333,7.16666667,0.41666667,1.0
LIVE_EPISODIC,HYBRID,Q03_RECALL25,CONTROL_FAILURE,HIGH,8,COMPACT_TYPED,12,1.0,10.0,2.0,4.25,0.0,0.75,3.25,1.0,0.25,0.25,30.0,4.25,0.25,41.5,11.0,0.25,1.0
LIVE_EPISODIC,HYBRID,Q03_RECALL25,CONTROL_FAILURE,HIGH,8,VERBOSE_TYPED,12,1.0,10.0,2.0,4.25,0.0,0.75,3.25,1.0,0.25,0.25,30.75,4.25,0.25,41.75,11.0,0.25,1.0
LIVE_EPISODIC,HYBRID,Q03_RECALL25,CONTROL_FAILURE,HIGH,12,COMPACT_TYPED,12,1.0,14.0,2.0,6.0,0.0,1.0,5.0,1.0,0.0,0.0,40.0,6.0,0.0,0.0,16.0,0.0,1.0
LIVE_EPISODIC,HYBRID,Q03_RECALL25,CONTROL_FAILURE,HIGH,12,VERBOSE_TYPED,12,1.0,14.0,2.0,6.0,0.0,1.0,5.0,1.0,0.0,0.0,40.0,6.0,0.0,0.0,16.0,0.0,1.0
LIVE_EPISODIC,HYBRID,Q03_RECALL25,CONTROL_FAILURE,LOW,4,COMPACT_TYPED,12,1.0,6.0,2.0,3.41666667,0.0,0.58333333,2.41666667,1.0,0.41666667,0.41666667,25.33333333,3.41666667,0.41666667,69.16666667,7.16666667,0.41666667,1.0
LIVE_EPISODIC,HYBRID,Q03_RECALL25,CONTROL_FAILURE,LOW,4,VERBOSE_TYPED,12,1.0,6.0,2.0,3.41666667,0.0,0.58333333,2.41666667,1.0,0.41666667,0.41666667,26.58333333,3.41666667,0.41666667,69.58333333,7.16666667,0.41666667,1.0
LIVE_EPISODIC,HYBRID,Q03_RECALL25,CONTROL_FAILURE,LOW,8,COMPACT_TYPED,12,1.0,10.0,2.0,4.25,0.0,0.75,3.25,1.0,0.25,0.25,30.0,4.25,0.25,41.5,11.0,0.25,1.0
LIVE_EPISODIC,HYBRID,Q03_RECALL25,CONTROL_FAILURE,LOW,8,VERBOSE_TYPED,12,1.0,10.0,2.0,4.25,0.0,0.75,3.25,1.0,0.25,0.25,30.75,4.25,0.25,41.75,11.0,0.25,1.0
LIVE_EPISODIC,HYBRID,Q03_RECALL25,CONTROL_FAILURE,LOW,12,COMPACT_TYPED,12,1.0,14.0,2.0,6.0,0.0,0.75,5.0,1.0,0.25,0.25,40.5,6.0,0.25,41.5,14.5,0.25,1.0
LIVE_EPISODIC,HYBRID,Q03_RECALL25,CONTROL_FAILURE,LOW,12,VERBOSE_TYPED,12,1.0,14.0,2.0,6.0,0.0,0.75,5.0,1.0,0.25,0.25,41.25,6.0,0.25,41.75,14.5,0.25,1.0
LIVE_EPISODIC,HYBRID,Q03_RECALL25,POSE_SHIFT,HIGH,4,COMPACT_TYPED,12,1.0,6.5,1.5,3.0,0.0,0.75,2.0,0.75,0.25,0.25,21.5,3.0,0.25,40.25,7.5,0.25,0.75
LIVE_EPISODIC,HYBRID,Q03_RECALL25,POSE_SHIFT,HIGH,4,VERBOSE_TYPED,12,1.0,6.5,1.5,3.0,0.0,0.75,2.0,0.75,0.25,0.25,22.25,3.0,0.25,40.5,7.5,0.25,0.75
LIVE_EPISODIC,HYBRID,Q03_RECALL25,POSE_SHIFT,HIGH,8,COMPACT_TYPED,12,1.0,10.0,2.0,4.0,0.0,1.0,3.0,1.0,0.0,0.0,28.0,4.0,0.0,0.0,12.0,0.0,1.0
LIVE_EPISODIC,HYBRID,Q03_RECALL25,POSE_SHIFT,HIGH,8,VERBOSE_TYPED,12,1.0,10.0,2.0,4.0,0.0,1.0,3.0,1.0,0.0,0.0,28.0,4.0,0.0,0.0,12.0,0.0,1.0
LIVE_EPISODIC,HYBRID,Q03_RECALL25,POSE_SHIFT,HIGH,12,COMPACT_TYPED,12,1.0,14.33333333,1.66666667,5.83333333,0.0,0.83333333,4.83333333,0.83333333,0.16666667,0.16666667,38.66666667,5.83333333,0.16666667,26.83333333,15.0,0.16666667,0.83333333
LIVE_EPISODIC,HYBRID,Q03_RECALL25,POSE_SHIFT,HIGH,12,VERBOSE_TYPED,12,1.0,14.33333333,1.66666667,5.83333333,0.0,0.83333333,4.83333333,0.83333333,0.16666667,0.16666667,39.16666667,5.83333333,0.16666667,27.0,15.0,0.16666667,0.83333333
LIVE_EPISODIC,HYBRID,Q03_RECALL25,POSE_SHIFT,LOW,4,COMPACT_TYPED,12,1.0,6.83333333,1.16666667,3.0,0.0,0.58333333,2.0,0.58333333,0.41666667,0.41666667,21.16666667,3.0,0.41666667,67.08333333,7.16666667,0.41666667,0.58333333
LIVE_EPISODIC,HYBRID,Q03_RECALL25,POSE_SHIFT,LOW,4,VERBOSE_TYPED,12,1.0,6.83333333,1.16666667,3.0,0.0,0.58333333,2.0,0.58333333,0.41666667,0.41666667,22.41666667,3.0,0.41666667,67.5,7.16666667,0.41666667,0.58333333
LIVE_EPISODIC,HYBRID,Q03_RECALL25,POSE_SHIFT,LOW,8,COMPACT_TYPED,12,1.0,10.33333333,1.66666667,4.16666667,0.0,0.83333333,3.16666667,0.83333333,0.16666667,0.16666667,28.66666667,4.16666667,0.16666667,26.83333333,11.33333333,0.16666667,0.83333333
LIVE_EPISODIC,HYBRID,Q03_RECALL25,POSE_SHIFT,LOW,8,VERBOSE_TYPED,12,1.0,10.33333333,1.66666667,4.16666667,0.0,0.83333333,3.16666667,0.83333333,0.16666667,0.16666667,29.16666667,4.16666667,0.16666667,27.0,11.33333333,0.16666667,0.83333333
LIVE_EPISODIC,HYBRID,Q03_RECALL25,POSE_SHIFT,LOW,12,COMPACT_TYPED,12,1.0,14.33333333,1.66666667,5.83333333,0.0,0.83333333,4.83333333,0.83333333,0.16666667,0.16666667,38.66666667,5.83333333,0.16666667,26.83333333,15.0,0.16666667,0.83333333
LIVE_EPISODIC,HYBRID,Q03_RECALL25,POSE_SHIFT,LOW,12,VERBOSE_TYPED,12,1.0,14.33333333,1.66666667,5.83333333,0.0,0.83333333,4.83333333,0.83333333,0.16666667,0.16666667,39.16666667,5.83333333,0.16666667,27.0,15.0,0.16666667,0.83333333
LIVE_EPISODIC,HYBRID,Q03_RECALL25,RESTRICTION_CHANGE,HIGH,4,COMPACT_TYPED,12,1.0,6.5,1.5,3.0,0.0,0.75,2.0,1.0,0.25,0.25,21.5,3.0,0.25,41.0,7.5,0.25,0.75
LIVE_EPISODIC,HYBRID,Q03_RECALL25,RESTRICTION_CHANGE,HIGH,4,VERBOSE_TYPED,12,1.0,6.5,1.5,3.0,0.0,0.75,2.0,1.0,0.25,0.25,22.25,3.0,0.25,41.25,7.5,0.25,0.75
LIVE_EPISODIC,HYBRID,Q03_RECALL25,RESTRICTION_CHANGE,HIGH,8,COMPACT_TYPED,12,1.0,10.5,1.5,4.25,0.0,0.75,3.25,1.0,0.25,0.25,29.0,4.25,0.25,41.0,11.0,0.25,0.75
LIVE_EPISODIC,HYBRID,Q03_RECALL25,RESTRICTION_CHANGE,HIGH,8,VERBOSE_TYPED,12,1.0,10.5,1.5,4.25,0.0,0.75,3.25,1.0,0.25,0.25,29.75,4.25,0.25,41.25,11.0,0.25,0.75
LIVE_EPISODIC,HYBRID,Q03_RECALL25,RESTRICTION_CHANGE,HIGH,12,COMPACT_TYPED,12,1.0,14.33333333,1.66666667,5.83333333,0.0,0.83333333,4.83333333,1.0,0.16666667,0.16666667,38.66666667,5.83333333,0.16666667,27.33333333,15.0,0.16666667,0.83333333
LIVE_EPISODIC,HYBRID,Q03_RECALL25,RESTRICTION_CHANGE,HIGH,12,VERBOSE_TYPED,12,1.0,14.33333333,1.66666667,5.83333333,0.0,0.83333333,4.83333333,1.0,0.16666667,0.16666667,39.16666667,5.83333333,0.16666667,27.5,15.0,0.16666667,0.83333333
LIVE_EPISODIC,HYBRID,Q03_RECALL25,RESTRICTION_CHANGE,LOW,4,COMPACT_TYPED,12,1.0,6.33333333,1.66666667,3.0,0.0,0.83333333,2.0,1.0,0.16666667,0.16666667,21.66666667,3.0,0.16666667,27.33333333,7.66666667,0.16666667,0.83333333
LIVE_EPISODIC,HYBRID,Q03_RECALL25,RESTRICTION_CHANGE,LOW,4,VERBOSE_TYPED,12,1.0,6.33333333,1.66666667,3.0,0.0,0.83333333,2.0,1.0,0.16666667,0.16666667,22.16666667,3.0,0.16666667,27.5,7.66666667,0.16666667,0.83333333
LIVE_EPISODIC,HYBRID,Q03_RECALL25,RESTRICTION_CHANGE,LOW,8,COMPACT_TYPED,12,1.0,10.83333333,1.16666667,4.41666667,0.0,0.58333333,3.41666667,1.0,0.41666667,0.41666667,29.66666667,4.41666667,0.41666667,68.33333333,10.33333333,0.41666667,0.58333333
LIVE_EPISODIC,HYBRID,Q03_RECALL25,RESTRICTION_CHANGE,LOW,8,VERBOSE_TYPED,12,1.0,10.83333333,1.16666667,4.41666667,0.0,0.58333333,3.41666667,1.0,0.41666667,0.41666667,30.91666667,4.41666667,0.41666667,68.75,10.33333333,0.41666667,0.58333333
LIVE_EPISODIC,HYBRID,Q03_RECALL25,RESTRICTION_CHANGE,LOW,12,COMPACT_TYPED,12,1.0,14.33333333,1.66666667,5.83333333,0.0,0.83333333,4.83333333,1.0,0.16666667,0.16666667,38.66666667,5.83333333,0.16666667,27.33333333,15.0,0.16666667,0.83333333
LIVE_EPISODIC,HYBRID,Q03_RECALL25,RESTRICTION_CHANGE,LOW,12,VERBOSE_TYPED,12,1.0,14.33333333,1.66666667,5.83333333,0.0,0.83333333,4.83333333,1.0,0.16666667,0.16666667,39.16666667,5.83333333,0.16666667,27.5,15.0,0.16666667,0.83333333
LIVE_EPISODIC,HYBRID,Q04_DELAY1,AVAILABILITY_LOSS,HIGH,4,COMPACT_TYPED,12,1.0,7.0,1.0,2.0,0.0,0.0,1.0,1.0,1.0,1.0,16.0,2.0,1.0,167.0,5.0,1.0,0.0
LIVE_EPISODIC,HYBRID,Q04_DELAY1,AVAILABILITY_LOSS,HIGH,4,VERBOSE_TYPED,12,1.0,7.0,1.0,2.0,0.0,0.0,1.0,1.0,1.0,1.0,19.0,2.0,1.0,168.0,5.0,1.0,0.0
LIVE_EPISODIC,HYBRID,Q04_DELAY1,AVAILABILITY_LOSS,HIGH,8,COMPACT_TYPED,12,1.0,11.0,1.0,5.0,0.0,0.0,4.0,1.0,1.0,1.0,34.0,5.0,1.0,167.0,7.0,1.0,0.0
LIVE_EPISODIC,HYBRID,Q04_DELAY1,AVAILABILITY_LOSS,HIGH,8,VERBOSE_TYPED,12,1.0,11.0,1.0,5.0,0.0,0.0,4.0,1.0,1.0,1.0,37.0,5.0,1.0,168.0,7.0,1.0,0.0
LIVE_EPISODIC,HYBRID,Q04_DELAY1,AVAILABILITY_LOSS,HIGH,12,COMPACT_TYPED,12,1.0,15.0,1.0,6.0,0.0,0.0,5.0,1.0,1.0,1.0,40.0,6.0,1.0,167.0,9.0,1.0,0.0
LIVE_EPISODIC,HYBRID,Q04_DELAY1,AVAILABILITY_LOSS,HIGH,12,VERBOSE_TYPED,12,1.0,15.0,1.0,6.0,0.0,0.0,5.0,1.0,1.0,1.0,43.0,6.0,1.0,168.0,9.0,1.0,0.0
LIVE_EPISODIC,HYBRID,Q04_DELAY1,AVAILABILITY_LOSS,LOW,4,COMPACT_TYPED,12,1.0,7.0,1.0,2.0,0.0,0.0,1.0,1.0,1.0,1.0,16.0,2.0,1.0,167.0,5.0,1.0,0.0
LIVE_EPISODIC,HYBRID,Q04_DELAY1,AVAILABILITY_LOSS,LOW,4,VERBOSE_TYPED,12,1.0,7.0,1.0,2.0,0.0,0.0,1.0,1.0,1.0,1.0,19.0,2.0,1.0,168.0,5.0,1.0,0.0
LIVE_EPISODIC,HYBRID,Q04_DELAY1,AVAILABILITY_LOSS,LOW,8,COMPACT_TYPED,12,1.0,11.0,1.0,5.0,0.0,0.0,4.0,1.0,1.0,1.0,34.0,5.0,1.0,167.0,7.0,1.0,0.0
LIVE_EPISODIC,HYBRID,Q04_DELAY1,AVAILABILITY_LOSS,LOW,8,VERBOSE_TYPED,12,1.0,11.0,1.0,5.0,0.0,0.0,4.0,1.0,1.0,1.0,37.0,5.0,1.0,168.0,7.0,1.0,0.0
LIVE_EPISODIC,HYBRID,Q04_DELAY1,AVAILABILITY_LOSS,LOW,12,COMPACT_TYPED,12,1.0,15.0,1.0,6.0,0.0,0.0,5.0,1.0,1.0,1.0,40.0,6.0,1.0,167.0,9.0,1.0,0.0
LIVE_EPISODIC,HYBRID,Q04_DELAY1,AVAILABILITY_LOSS,LOW,12,VERBOSE_TYPED,12,1.0,15.0,1.0,6.0,0.0,0.0,5.0,1.0,1.0,1.0,43.0,6.0,1.0,168.0,9.0,1.0,0.0
LIVE_EPISODIC,HYBRID,Q04_DELAY1,CONTROL_FAILURE,HIGH,4,COMPACT_TYPED,12,1.0,6.0,2.0,3.0,0.0,0.0,2.0,1.0,1.0,1.0,24.0,3.0,1.0,166.0,5.0,1.0,1.0
LIVE_EPISODIC,HYBRID,Q04_DELAY1,CONTROL_FAILURE,HIGH,4,VERBOSE_TYPED,12,1.0,6.0,2.0,3.0,0.0,0.0,2.0,1.0,1.0,1.0,27.0,3.0,1.0,167.0,5.0,1.0,1.0
LIVE_EPISODIC,HYBRID,Q04_DELAY1,CONTROL_FAILURE,HIGH,8,COMPACT_TYPED,12,1.0,10.0,2.0,5.0,0.0,0.0,4.0,1.0,1.0,1.0,36.0,5.0,1.0,166.0,7.0,1.0,1.0
LIVE_EPISODIC,HYBRID,Q04_DELAY1,CONTROL_FAILURE,HIGH,8,VERBOSE_TYPED,12,1.0,10.0,2.0,5.0,0.0,0.0,4.0,1.0,1.0,1.0,39.0,5.0,1.0,167.0,7.0,1.0,1.0
LIVE_EPISODIC,HYBRID,Q04_DELAY1,CONTROL_FAILURE,HIGH,12,COMPACT_TYPED,12,1.0,14.0,2.0,7.0,0.0,0.0,6.0,1.0,1.0,1.0,48.0,7.0,1.0,166.0,9.0,1.0,1.0
LIVE_EPISODIC,HYBRID,Q04_DELAY1,CONTROL_FAILURE,HIGH,12,VERBOSE_TYPED,12,1.0,14.0,2.0,7.0,0.0,0.0,6.0,1.0,1.0,1.0,51.0,7.0,1.0,167.0,9.0,1.0,1.0
LIVE_EPISODIC,HYBRID,Q04_DELAY1,CONTROL_FAILURE,LOW,4,COMPACT_TYPED,12,1.0,6.0,2.0,3.0,0.0,0.0,2.0,1.0,1.0,1.0,24.0,3.0,1.0,166.0,5.0,1.0,1.0
LIVE_EPISODIC,HYBRID,Q04_DELAY1,CONTROL_FAILURE,LOW,4,VERBOSE_TYPED,12,1.0,6.0,2.0,3.0,0.0,0.0,2.0,1.0,1.0,1.0,27.0,3.0,1.0,167.0,5.0,1.0,1.0
LIVE_EPISODIC,HYBRID,Q04_DELAY1,CONTROL_FAILURE,LOW,8,COMPACT_TYPED,12,1.0,10.0,2.0,5.0,0.0,0.0,4.0,1.0,1.0,1.0,36.0,5.0,1.0,166.0,7.0,1.0,1.0
LIVE_EPISODIC,HYBRID,Q04_DELAY1,CONTROL_FAILURE,LOW,8,VERBOSE_TYPED,12,1.0,10.0,2.0,5.0,0.0,0.0,4.0,1.0,1.0,1.0,39.0,5.0,1.0,167.0,7.0,1.0,1.0
LIVE_EPISODIC,HYBRID,Q04_DELAY1,CONTROL_FAILURE,LOW,12,COMPACT_TYPED,12,1.0,14.0,2.0,7.0,0.0,0.0,6.0,1.0,1.0,1.0,48.0,7.0,1.0,166.0,9.0,1.0,1.0
LIVE_EPISODIC,HYBRID,Q04_DELAY1,CONTROL_FAILURE,LOW,12,VERBOSE_TYPED,12,1.0,14.0,2.0,7.0,0.0,0.0,6.0,1.0,1.0,1.0,51.0,7.0,1.0,167.0,9.0,1.0,1.0
LIVE_EPISODIC,HYBRID,Q04_DELAY1,POSE_SHIFT,HIGH,4,COMPACT_TYPED,12,1.0,7.0,1.0,2.0,0.0,0.0,1.0,0.0,1.0,1.0,16.0,2.0,1.0,161.0,5.0,1.0,0.0
LIVE_EPISODIC,HYBRID,Q04_DELAY1,POSE_SHIFT,HIGH,4,VERBOSE_TYPED,12,1.0,7.0,1.0,2.0,0.0,0.0,1.0,0.0,1.0,1.0,19.0,2.0,1.0,162.0,5.0,1.0,0.0
LIVE_EPISODIC,HYBRID,Q04_DELAY1,POSE_SHIFT,HIGH,8,COMPACT_TYPED,12,1.0,11.0,1.0,5.0,0.0,0.0,4.0,0.0,1.0,1.0,34.0,5.0,1.0,161.0,7.0,1.0,0.0
LIVE_EPISODIC,HYBRID,Q04_DELAY1,POSE_SHIFT,HIGH,8,VERBOSE_TYPED,12,1.0,11.0,1.0,5.0,0.0,0.0,4.0,0.0,1.0,1.0,37.0,5.0,1.0,162.0,7.0,1.0,0.0
LIVE_EPISODIC,HYBRID,Q04_DELAY1,POSE_SHIFT,HIGH,12,COMPACT_TYPED,12,1.0,15.0,1.0,6.0,0.0,0.0,5.0,0.0,1.0,1.0,40.0,6.0,1.0,161.0,9.0,1.0,0.0
LIVE_EPISODIC,HYBRID,Q04_DELAY1,POSE_SHIFT,HIGH,12,VERBOSE_TYPED,12,1.0,15.0,1.0,6.0,0.0,0.0,5.0,0.0,1.0,1.0,43.0,6.0,1.0,162.0,9.0,1.0,0.0
LIVE_EPISODIC,HYBRID,Q04_DELAY1,POSE_SHIFT,LOW,4,COMPACT_TYPED,12,1.0,7.0,1.0,2.0,0.0,0.0,1.0,0.0,1.0,1.0,16.0,2.0,1.0,161.0,5.0,1.0,0.0
LIVE_EPISODIC,HYBRID,Q04_DELAY1,POSE_SHIFT,LOW,4,VERBOSE_TYPED,12,1.0,7.0,1.0,2.0,0.0,0.0,1.0,0.0,1.0,1.0,19.0,2.0,1.0,162.0,5.0,1.0,0.0
LIVE_EPISODIC,HYBRID,Q04_DELAY1,POSE_SHIFT,LOW,8,COMPACT_TYPED,12,1.0,11.0,1.0,5.0,0.0,0.0,4.0,0.0,1.0,1.0,34.0,5.0,1.0,161.0,7.0,1.0,0.0
LIVE_EPISODIC,HYBRID,Q04_DELAY1,POSE_SHIFT,LOW,8,VERBOSE_TYPED,12,1.0,11.0,1.0,5.0,0.0,0.0,4.0,0.0,1.0,1.0,37.0,5.0,1.0,162.0,7.0,1.0,0.0
LIVE_EPISODIC,HYBRID,Q04_DELAY1,POSE_SHIFT,LOW,12,COMPACT_TYPED,12,1.0,15.0,1.0,6.0,0.0,0.0,5.0,0.0,1.0,1.0,40.0,6.0,1.0,161.0,9.0,1.0,0.0
LIVE_EPISODIC,HYBRID,Q04_DELAY1,POSE_SHIFT,LOW,12,VERBOSE_TYPED,12,1.0,15.0,1.0,6.0,0.0,0.0,5.0,0.0,1.0,1.0,43.0,6.0,1.0,162.0,9.0,1.0,0.0
LIVE_EPISODIC,HYBRID,Q04_DELAY1,RESTRICTION_CHANGE,HIGH,4,COMPACT_TYPED,12,1.0,7.0,1.0,2.0,0.0,0.0,1.0,1.0,1.0,1.0,16.0,2.0,1.0,164.0,5.0,1.0,0.0
LIVE_EPISODIC,HYBRID,Q04_DELAY1,RESTRICTION_CHANGE,HIGH,4,VERBOSE_TYPED,12,1.0,7.0,1.0,2.0,0.0,0.0,1.0,1.0,1.0,1.0,19.0,2.0,1.0,165.0,5.0,1.0,0.0
LIVE_EPISODIC,HYBRID,Q04_DELAY1,RESTRICTION_CHANGE,HIGH,8,COMPACT_TYPED,12,1.0,11.0,1.0,5.0,0.0,0.0,4.0,1.0,1.0,1.0,34.0,5.0,1.0,164.0,7.0,1.0,0.0
LIVE_EPISODIC,HYBRID,Q04_DELAY1,RESTRICTION_CHANGE,HIGH,8,VERBOSE_TYPED,12,1.0,11.0,1.0,5.0,0.0,0.0,4.0,1.0,1.0,1.0,37.0,5.0,1.0,165.0,7.0,1.0,0.0
LIVE_EPISODIC,HYBRID,Q04_DELAY1,RESTRICTION_CHANGE,HIGH,12,COMPACT_TYPED,12,1.0,15.0,1.0,6.0,0.0,0.0,5.0,1.0,1.0,1.0,40.0,6.0,1.0,164.0,9.0,1.0,0.0
LIVE_EPISODIC,HYBRID,Q04_DELAY1,RESTRICTION_CHANGE,HIGH,12,VERBOSE_TYPED,12,1.0,15.0,1.0,6.0,0.0,0.0,5.0,1.0,1.0,1.0,43.0,6.0,1.0,165.0,9.0,1.0,0.0
LIVE_EPISODIC,HYBRID,Q04_DELAY1,RESTRICTION_CHANGE,LOW,4,COMPACT_TYPED,12,1.0,7.0,1.0,2.0,0.0,0.0,1.0,1.0,1.0,1.0,16.0,2.0,1.0,164.0,5.0,1.0,0.0
LIVE_EPISODIC,HYBRID,Q04_DELAY1,RESTRICTION_CHANGE,LOW,4,VERBOSE_TYPED,12,1.0,7.0,1.0,2.0,0.0,0.0,1.0,1.0,1.0,1.0,19.0,2.0,1.0,165.0,5.0,1.0,0.0
LIVE_EPISODIC,HYBRID,Q04_DELAY1,RESTRICTION_CHANGE,LOW,8,COMPACT_TYPED,12,1.0,11.0,1.0,5.0,0.0,0.0,4.0,1.0,1.0,1.0,34.0,5.0,1.0,164.0,7.0,1.0,0.0
LIVE_EPISODIC,HYBRID,Q04_DELAY1,RESTRICTION_CHANGE,LOW,8,VERBOSE_TYPED,12,1.0,11.0,1.0,5.0,0.0,0.0,4.0,1.0,1.0,1.0,37.0,5.0,1.0,165.0,7.0,1.0,0.0
LIVE_EPISODIC,HYBRID,Q04_DELAY1,RESTRICTION_CHANGE,LOW,12,COMPACT_TYPED,12,1.0,15.0,1.0,6.0,0.0,0.0,5.0,1.0,1.0,1.0,40.0,6.0,1.0,164.0,9.0,1.0,0.0
LIVE_EPISODIC,HYBRID,Q04_DELAY1,RESTRICTION_CHANGE,LOW,12,VERBOSE_TYPED,12,1.0,15.0,1.0,6.0,0.0,0.0,5.0,1.0,1.0,1.0,43.0,6.0,1.0,165.0,9.0,1.0,0.0
LIVE_EPISODIC,HYBRID,Q05_DELAY3,AVAILABILITY_LOSS,HIGH,4,COMPACT_TYPED,12,1.0,6.0,2.0,4.0,0.0,1.0,3.0,1.0,1.0,1.0,30.0,4.0,1.0,167.0,3.0,1.0,1.0
LIVE_EPISODIC,HYBRID,Q05_DELAY3,AVAILABILITY_LOSS,HIGH,4,VERBOSE_TYPED,12,1.0,6.0,2.0,4.0,0.0,1.0,3.0,1.0,1.0,1.0,33.0,4.0,1.0,168.0,3.0,1.0,1.0
LIVE_EPISODIC,HYBRID,Q05_DELAY3,AVAILABILITY_LOSS,HIGH,8,COMPACT_TYPED,12,1.0,10.0,2.0,5.0,0.0,1.0,4.0,1.0,1.0,1.0,36.0,5.0,1.0,167.0,5.0,1.0,1.0
LIVE_EPISODIC,HYBRID,Q05_DELAY3,AVAILABILITY_LOSS,HIGH,8,VERBOSE_TYPED,12,1.0,10.0,2.0,5.0,0.0,1.0,4.0,1.0,1.0,1.0,39.0,5.0,1.0,168.0,5.0,1.0,1.0
LIVE_EPISODIC,HYBRID,Q05_DELAY3,AVAILABILITY_LOSS,HIGH,12,COMPACT_TYPED,12,1.0,14.0,2.0,6.0,0.0,1.0,5.0,1.0,1.0,1.0,42.0,6.0,1.0,167.0,7.0,1.0,1.0
LIVE_EPISODIC,HYBRID,Q05_DELAY3,AVAILABILITY_LOSS,HIGH,12,VERBOSE_TYPED,12,1.0,14.0,2.0,6.0,0.0,1.0,5.0,1.0,1.0,1.0,45.0,6.0,1.0,168.0,7.0,1.0,1.0
LIVE_EPISODIC,HYBRID,Q05_DELAY3,AVAILABILITY_LOSS,LOW,4,COMPACT_TYPED,12,1.0,6.0,2.0,4.0,0.0,1.0,3.0,1.0,1.0,1.0,30.0,4.0,1.0,167.0,3.0,1.0,1.0
LIVE_EPISODIC,HYBRID,Q05_DELAY3,AVAILABILITY_LOSS,LOW,4,VERBOSE_TYPED,12,1.0,6.0,2.0,4.0,0.0,1.0,3.0,1.0,1.0,1.0,33.0,4.0,1.0,168.0,3.0,1.0,1.0
LIVE_EPISODIC,HYBRID,Q05_DELAY3,AVAILABILITY_LOSS,LOW,8,COMPACT_TYPED,12,1.0,10.0,2.0,5.0,0.0,1.0,4.0,1.0,1.0,1.0,36.0,5.0,1.0,167.0,5.0,1.0,1.0
LIVE_EPISODIC,HYBRID,Q05_DELAY3,AVAILABILITY_LOSS,LOW,8,VERBOSE_TYPED,12,1.0,10.0,2.0,5.0,0.0,1.0,4.0,1.0,1.0,1.0,39.0,5.0,1.0,168.0,5.0,1.0,1.0
LIVE_EPISODIC,HYBRID,Q05_DELAY3,AVAILABILITY_LOSS,LOW,12,COMPACT_TYPED,12,1.0,14.0,2.0,6.0,0.0,1.0,5.0,1.0,1.0,1.0,42.0,6.0,1.0,167.0,7.0,1.0,1.0
LIVE_EPISODIC,HYBRID,Q05_DELAY3,AVAILABILITY_LOSS,LOW,12,VERBOSE_TYPED,12,1.0,14.0,2.0,6.0,0.0,1.0,5.0,1.0,1.0,1.0,45.0,6.0,1.0,168.0,7.0,1.0,1.0
LIVE_EPISODIC,HYBRID,Q05_DELAY3,CONTROL_FAILURE,HIGH,4,COMPACT_TYPED,12,1.0,6.0,2.0,4.0,0.0,1.0,3.0,1.0,1.0,1.0,30.0,4.0,1.0,166.0,3.0,1.0,1.0
LIVE_EPISODIC,HYBRID,Q05_DELAY3,CONTROL_FAILURE,HIGH,4,VERBOSE_TYPED,12,1.0,6.0,2.0,4.0,0.0,1.0,3.0,1.0,1.0,1.0,33.0,4.0,1.0,167.0,3.0,1.0,1.0
LIVE_EPISODIC,HYBRID,Q05_DELAY3,CONTROL_FAILURE,HIGH,8,COMPACT_TYPED,12,1.0,10.0,2.0,5.0,0.0,1.0,4.0,1.0,1.0,1.0,36.0,5.0,1.0,166.0,5.0,1.0,1.0
LIVE_EPISODIC,HYBRID,Q05_DELAY3,CONTROL_FAILURE,HIGH,8,VERBOSE_TYPED,12,1.0,10.0,2.0,5.0,0.0,1.0,4.0,1.0,1.0,1.0,39.0,5.0,1.0,167.0,5.0,1.0,1.0
LIVE_EPISODIC,HYBRID,Q05_DELAY3,CONTROL_FAILURE,HIGH,12,COMPACT_TYPED,12,1.0,14.0,2.0,6.0,0.0,1.0,5.0,1.0,1.0,1.0,42.0,6.0,1.0,166.0,7.0,1.0,1.0
LIVE_EPISODIC,HYBRID,Q05_DELAY3,CONTROL_FAILURE,HIGH,12,VERBOSE_TYPED,12,1.0,14.0,2.0,6.0,0.0,1.0,5.0,1.0,1.0,1.0,45.0,6.0,1.0,167.0,7.0,1.0,1.0
LIVE_EPISODIC,HYBRID,Q05_DELAY3,CONTROL_FAILURE,LOW,4,COMPACT_TYPED,12,1.0,6.0,2.0,4.0,0.0,1.0,3.0,1.0,1.0,1.0,30.0,4.0,1.0,166.0,3.0,1.0,1.0
LIVE_EPISODIC,HYBRID,Q05_DELAY3,CONTROL_FAILURE,LOW,4,VERBOSE_TYPED,12,1.0,6.0,2.0,4.0,0.0,1.0,3.0,1.0,1.0,1.0,33.0,4.0,1.0,167.0,3.0,1.0,1.0
LIVE_EPISODIC,HYBRID,Q05_DELAY3,CONTROL_FAILURE,LOW,8,COMPACT_TYPED,12,1.0,10.0,2.0,5.0,0.0,1.0,4.0,1.0,1.0,1.0,36.0,5.0,1.0,166.0,5.0,1.0,1.0
LIVE_EPISODIC,HYBRID,Q05_DELAY3,CONTROL_FAILURE,LOW,8,VERBOSE_TYPED,12,1.0,10.0,2.0,5.0,0.0,1.0,4.0,1.0,1.0,1.0,39.0,5.0,1.0,167.0,5.0,1.0,1.0
LIVE_EPISODIC,HYBRID,Q05_DELAY3,CONTROL_FAILURE,LOW,12,COMPACT_TYPED,12,1.0,14.0,2.0,6.0,0.0,1.0,5.0,1.0,1.0,1.0,42.0,6.0,1.0,166.0,7.0,1.0,1.0
LIVE_EPISODIC,HYBRID,Q05_DELAY3,CONTROL_FAILURE,LOW,12,VERBOSE_TYPED,12,1.0,14.0,2.0,6.0,0.0,1.0,5.0,1.0,1.0,1.0,45.0,6.0,1.0,167.0,7.0,1.0,1.0
LIVE_EPISODIC,HYBRID,Q05_DELAY3,POSE_SHIFT,HIGH,4,COMPACT_TYPED,12,1.0,6.0,2.0,4.0,0.0,1.0,3.0,1.0,1.0,1.0,30.0,4.0,1.0,161.0,3.0,1.0,1.0
LIVE_EPISODIC,HYBRID,Q05_DELAY3,POSE_SHIFT,HIGH,4,VERBOSE_TYPED,12,1.0,6.0,2.0,4.0,0.0,1.0,3.0,1.0,1.0,1.0,33.0,4.0,1.0,162.0,3.0,1.0,1.0
LIVE_EPISODIC,HYBRID,Q05_DELAY3,POSE_SHIFT,HIGH,8,COMPACT_TYPED,12,1.0,10.0,2.0,5.0,0.0,1.0,4.0,1.0,1.0,1.0,36.0,5.0,1.0,161.0,5.0,1.0,1.0
LIVE_EPISODIC,HYBRID,Q05_DELAY3,POSE_SHIFT,HIGH,8,VERBOSE_TYPED,12,1.0,10.0,2.0,5.0,0.0,1.0,4.0,1.0,1.0,1.0,39.0,5.0,1.0,162.0,5.0,1.0,1.0
LIVE_EPISODIC,HYBRID,Q05_DELAY3,POSE_SHIFT,HIGH,12,COMPACT_TYPED,12,1.0,14.0,2.0,6.0,0.0,1.0,5.0,1.0,1.0,1.0,42.0,6.0,1.0,161.0,7.0,1.0,1.0
LIVE_EPISODIC,HYBRID,Q05_DELAY3,POSE_SHIFT,HIGH,12,VERBOSE_TYPED,12,1.0,14.0,2.0,6.0,0.0,1.0,5.0,1.0,1.0,1.0,45.0,6.0,1.0,162.0,7.0,1.0,1.0
LIVE_EPISODIC,HYBRID,Q05_DELAY3,POSE_SHIFT,LOW,4,COMPACT_TYPED,12,1.0,6.0,2.0,4.0,0.0,1.0,3.0,1.0,1.0,1.0,30.0,4.0,1.0,161.0,3.0,1.0,1.0
LIVE_EPISODIC,HYBRID,Q05_DELAY3,POSE_SHIFT,LOW,4,VERBOSE_TYPED,12,1.0,6.0,2.0,4.0,0.0,1.0,3.0,1.0,1.0,1.0,33.0,4.0,1.0,162.0,3.0,1.0,1.0
LIVE_EPISODIC,HYBRID,Q05_DELAY3,POSE_SHIFT,LOW,8,COMPACT_TYPED,12,1.0,10.0,2.0,5.0,0.0,1.0,4.0,1.0,1.0,1.0,36.0,5.0,1.0,161.0,5.0,1.0,1.0
LIVE_EPISODIC,HYBRID,Q05_DELAY3,POSE_SHIFT,LOW,8,VERBOSE_TYPED,12,1.0,10.0,2.0,5.0,0.0,1.0,4.0,1.0,1.0,1.0,39.0,5.0,1.0,162.0,5.0,1.0,1.0
LIVE_EPISODIC,HYBRID,Q05_DELAY3,POSE_SHIFT,LOW,12,COMPACT_TYPED,12,1.0,14.0,2.0,6.0,0.0,1.0,5.0,1.0,1.0,1.0,42.0,6.0,1.0,161.0,7.0,1.0,1.0
LIVE_EPISODIC,HYBRID,Q05_DELAY3,POSE_SHIFT,LOW,12,VERBOSE_TYPED,12,1.0,14.0,2.0,6.0,0.0,1.0,5.0,1.0,1.0,1.0,45.0,6.0,1.0,162.0,7.0,1.0,1.0
LIVE_EPISODIC,HYBRID,Q05_DELAY3,RESTRICTION_CHANGE,HIGH,4,COMPACT_TYPED,12,1.0,6.0,2.0,4.0,0.0,1.0,3.0,1.0,1.0,1.0,30.0,4.0,1.0,164.0,3.0,1.0,1.0
LIVE_EPISODIC,HYBRID,Q05_DELAY3,RESTRICTION_CHANGE,HIGH,4,VERBOSE_TYPED,12,1.0,6.0,2.0,4.0,0.0,1.0,3.0,1.0,1.0,1.0,33.0,4.0,1.0,165.0,3.0,1.0,1.0
LIVE_EPISODIC,HYBRID,Q05_DELAY3,RESTRICTION_CHANGE,HIGH,8,COMPACT_TYPED,12,1.0,10.0,2.0,5.0,0.0,1.0,4.0,1.0,1.0,1.0,36.0,5.0,1.0,164.0,5.0,1.0,1.0
LIVE_EPISODIC,HYBRID,Q05_DELAY3,RESTRICTION_CHANGE,HIGH,8,VERBOSE_TYPED,12,1.0,10.0,2.0,5.0,0.0,1.0,4.0,1.0,1.0,1.0,39.0,5.0,1.0,165.0,5.0,1.0,1.0
LIVE_EPISODIC,HYBRID,Q05_DELAY3,RESTRICTION_CHANGE,HIGH,12,COMPACT_TYPED,12,1.0,14.0,2.0,6.0,0.0,1.0,5.0,1.0,1.0,1.0,42.0,6.0,1.0,164.0,7.0,1.0,1.0
LIVE_EPISODIC,HYBRID,Q05_DELAY3,RESTRICTION_CHANGE,HIGH,12,VERBOSE_TYPED,12,1.0,14.0,2.0,6.0,0.0,1.0,5.0,1.0,1.0,1.0,45.0,6.0,1.0,165.0,7.0,1.0,1.0
LIVE_EPISODIC,HYBRID,Q05_DELAY3,RESTRICTION_CHANGE,LOW,4,COMPACT_TYPED,12,1.0,6.0,2.0,4.0,0.0,1.0,3.0,1.0,1.0,1.0,30.0,4.0,1.0,164.0,3.0,1.0,1.0
LIVE_EPISODIC,HYBRID,Q05_DELAY3,RESTRICTION_CHANGE,LOW,4,VERBOSE_TYPED,12,1.0,6.0,2.0,4.0,0.0,1.0,3.0,1.0,1.0,1.0,33.0,4.0,1.0,165.0,3.0,1.0,1.0
LIVE_EPISODIC,HYBRID,Q05_DELAY3,RESTRICTION_CHANGE,LOW,8,COMPACT_TYPED,12,1.0,10.0,2.0,5.0,0.0,1.0,4.0,1.0,1.0,1.0,36.0,5.0,1.0,164.0,5.0,1.0,1.0
LIVE_EPISODIC,HYBRID,Q05_DELAY3,RESTRICTION_CHANGE,LOW,8,VERBOSE_TYPED,12,1.0,10.0,2.0,5.0,0.0,1.0,4.0,1.0,1.0,1.0,39.0,5.0,1.0,165.0,5.0,1.0,1.0
LIVE_EPISODIC,HYBRID,Q05_DELAY3,RESTRICTION_CHANGE,LOW,12,COMPACT_TYPED,12,1.0,14.0,2.0,6.0,0.0,1.0,5.0,1.0,1.0,1.0,42.0,6.0,1.0,164.0,7.0,1.0,1.0
LIVE_EPISODIC,HYBRID,Q05_DELAY3,RESTRICTION_CHANGE,LOW,12,VERBOSE_TYPED,12,1.0,14.0,2.0,6.0,0.0,1.0,5.0,1.0,1.0,1.0,45.0,6.0,1.0,165.0,7.0,1.0,1.0
LIVE_EPISODIC,HYBRID,Q06_FALSE3,AVAILABILITY_LOSS,HIGH,4,COMPACT_TYPED,12,1.0,8.0,0.0,3.0,1.0,0.0,2.0,1.0,0.5,1.0,26.0,3.0,4.0,665.0,5.0,2.0,0.0
LIVE_EPISODIC,HYBRID,Q06_FALSE3,AVAILABILITY_LOSS,HIGH,4,VERBOSE_TYPED,12,1.0,8.0,0.0,3.0,1.0,0.0,2.0,1.0,0.5,1.0,38.0,3.0,4.0,669.0,5.0,2.0,0.0
LIVE_EPISODIC,HYBRID,Q06_FALSE3,AVAILABILITY_LOSS,HIGH,8,COMPACT_TYPED,12,1.0,12.0,0.0,6.0,1.0,0.0,5.0,1.0,0.5,1.0,44.0,6.0,4.0,665.0,7.0,2.0,0.0
LIVE_EPISODIC,HYBRID,Q06_FALSE3,AVAILABILITY_LOSS,HIGH,8,VERBOSE_TYPED,12,1.0,12.0,0.0,6.0,1.0,0.0,5.0,1.0,0.5,1.0,56.0,6.0,4.0,669.0,7.0,2.0,0.0
LIVE_EPISODIC,HYBRID,Q06_FALSE3,AVAILABILITY_LOSS,HIGH,12,COMPACT_TYPED,12,1.0,16.0,0.0,6.0,1.0,0.0,5.0,1.0,0.5,1.0,44.0,6.0,4.0,665.0,9.0,2.0,0.0
LIVE_EPISODIC,HYBRID,Q06_FALSE3,AVAILABILITY_LOSS,HIGH,12,VERBOSE_TYPED,12,1.0,16.0,0.0,6.0,1.0,0.0,5.0,1.0,0.5,1.0,56.0,6.0,4.0,669.0,9.0,2.0,0.0
LIVE_EPISODIC,HYBRID,Q06_FALSE3,AVAILABILITY_LOSS,LOW,4,COMPACT_TYPED,12,1.0,8.0,0.0,3.0,1.0,0.0,2.0,1.0,0.5,1.0,26.0,3.0,4.0,665.0,5.0,2.0,0.0
LIVE_EPISODIC,HYBRID,Q06_FALSE3,AVAILABILITY_LOSS,LOW,4,VERBOSE_TYPED,12,1.0,8.0,0.0,3.0,1.0,0.0,2.0,1.0,0.5,1.0,38.0,3.0,4.0,669.0,5.0,2.0,0.0
LIVE_EPISODIC,HYBRID,Q06_FALSE3,AVAILABILITY_LOSS,LOW,8,COMPACT_TYPED,12,1.0,12.0,0.0,6.0,1.0,0.0,5.0,1.0,0.5,1.0,44.0,6.0,4.0,665.0,7.0,2.0,0.0
LIVE_EPISODIC,HYBRID,Q06_FALSE3,AVAILABILITY_LOSS,LOW,8,VERBOSE_TYPED,12,1.0,12.0,0.0,6.0,1.0,0.0,5.0,1.0,0.5,1.0,56.0,6.0,4.0,669.0,7.0,2.0,0.0
LIVE_EPISODIC,HYBRID,Q06_FALSE3,AVAILABILITY_LOSS,LOW,12,COMPACT_TYPED,12,1.0,16.0,0.0,6.0,1.0,0.0,5.0,1.0,0.5,1.0,44.0,6.0,4.0,665.0,9.0,2.0,0.0
LIVE_EPISODIC,HYBRID,Q06_FALSE3,AVAILABILITY_LOSS,LOW,12,VERBOSE_TYPED,12,1.0,16.0,0.0,6.0,1.0,0.0,5.0,1.0,0.5,1.0,56.0,6.0,4.0,669.0,9.0,2.0,0.0
LIVE_EPISODIC,HYBRID,Q06_FALSE3,CONTROL_FAILURE,HIGH,4,COMPACT_TYPED,12,1.0,6.0,2.0,4.0,1.0,0.0,3.0,1.0,0.5,1.0,36.0,4.0,4.0,664.0,5.0,2.0,1.0
LIVE_EPISODIC,HYBRID,Q06_FALSE3,CONTROL_FAILURE,HIGH,4,VERBOSE_TYPED,12,1.0,6.0,2.0,4.0,1.0,0.0,3.0,1.0,0.5,1.0,48.0,4.0,4.0,668.0,5.0,2.0,1.0
LIVE_EPISODIC,HYBRID,Q06_FALSE3,CONTROL_FAILURE,HIGH,8,COMPACT_TYPED,12,1.0,10.0,2.0,6.0,1.0,0.0,5.0,1.0,0.5,1.0,48.0,6.0,4.0,664.0,7.0,2.0,1.0
LIVE_EPISODIC,HYBRID,Q06_FALSE3,CONTROL_FAILURE,HIGH,8,VERBOSE_TYPED,12,1.0,10.0,2.0,6.0,1.0,0.0,5.0,1.0,0.5,1.0,60.0,6.0,4.0,668.0,7.0,2.0,1.0
LIVE_EPISODIC,HYBRID,Q06_FALSE3,CONTROL_FAILURE,HIGH,12,COMPACT_TYPED,12,1.0,14.0,2.0,7.0,1.0,0.0,6.0,1.0,0.5,1.0,54.0,7.0,4.0,664.0,9.0,2.0,1.0
LIVE_EPISODIC,HYBRID,Q06_FALSE3,CONTROL_FAILURE,HIGH,12,VERBOSE_TYPED,12,1.0,14.0,2.0,7.0,1.0,0.0,6.0,1.0,0.5,1.0,66.0,7.0,4.0,668.0,9.0,2.0,1.0
LIVE_EPISODIC,HYBRID,Q06_FALSE3,CONTROL_FAILURE,LOW,4,COMPACT_TYPED,12,1.0,6.0,2.0,4.0,1.0,0.0,3.0,1.0,0.5,1.0,36.0,4.0,4.0,664.0,5.0,2.0,1.0
LIVE_EPISODIC,HYBRID,Q06_FALSE3,CONTROL_FAILURE,LOW,4,VERBOSE_TYPED,12,1.0,6.0,2.0,4.0,1.0,0.0,3.0,1.0,0.5,1.0,48.0,4.0,4.0,668.0,5.0,2.0,1.0
LIVE_EPISODIC,HYBRID,Q06_FALSE3,CONTROL_FAILURE,LOW,8,COMPACT_TYPED,12,1.0,10.0,2.0,6.0,1.0,0.0,5.0,1.0,0.5,1.0,48.0,6.0,4.0,664.0,7.0,2.0,1.0
LIVE_EPISODIC,HYBRID,Q06_FALSE3,CONTROL_FAILURE,LOW,8,VERBOSE_TYPED,12,1.0,10.0,2.0,6.0,1.0,0.0,5.0,1.0,0.5,1.0,60.0,6.0,4.0,668.0,7.0,2.0,1.0
LIVE_EPISODIC,HYBRID,Q06_FALSE3,CONTROL_FAILURE,LOW,12,COMPACT_TYPED,12,1.0,14.0,2.0,7.0,1.0,0.0,6.0,1.0,0.5,1.0,54.0,7.0,4.0,664.0,9.0,2.0,1.0
LIVE_EPISODIC,HYBRID,Q06_FALSE3,CONTROL_FAILURE,LOW,12,VERBOSE_TYPED,12,1.0,14.0,2.0,7.0,1.0,0.0,6.0,1.0,0.5,1.0,66.0,7.0,4.0,668.0,9.0,2.0,1.0
LIVE_EPISODIC,HYBRID,Q06_FALSE3,POSE_SHIFT,HIGH,4,COMPACT_TYPED,12,1.0,8.0,0.0,3.0,1.0,0.0,2.0,0.0,0.5,1.0,26.0,3.0,4.0,659.0,5.0,2.0,0.0
LIVE_EPISODIC,HYBRID,Q06_FALSE3,POSE_SHIFT,HIGH,4,VERBOSE_TYPED,12,1.0,8.0,0.0,3.0,1.0,0.0,2.0,0.0,0.5,1.0,38.0,3.0,4.0,663.0,5.0,2.0,0.0
LIVE_EPISODIC,HYBRID,Q06_FALSE3,POSE_SHIFT,HIGH,8,COMPACT_TYPED,12,1.0,12.0,0.0,6.0,1.0,0.0,5.0,0.0,0.5,1.0,44.0,6.0,4.0,659.0,7.0,2.0,0.0
LIVE_EPISODIC,HYBRID,Q06_FALSE3,POSE_SHIFT,HIGH,8,VERBOSE_TYPED,12,1.0,12.0,0.0,6.0,1.0,0.0,5.0,0.0,0.5,1.0,56.0,6.0,4.0,663.0,7.0,2.0,0.0
LIVE_EPISODIC,HYBRID,Q06_FALSE3,POSE_SHIFT,HIGH,12,COMPACT_TYPED,12,1.0,16.0,0.0,6.0,1.0,0.0,5.0,0.0,0.5,1.0,44.0,6.0,4.0,659.0,9.0,2.0,0.0
LIVE_EPISODIC,HYBRID,Q06_FALSE3,POSE_SHIFT,HIGH,12,VERBOSE_TYPED,12,1.0,16.0,0.0,6.0,1.0,0.0,5.0,0.0,0.5,1.0,56.0,6.0,4.0,663.0,9.0,2.0,0.0
LIVE_EPISODIC,HYBRID,Q06_FALSE3,POSE_SHIFT,LOW,4,COMPACT_TYPED,12,1.0,8.0,0.0,3.0,1.0,0.0,2.0,0.0,0.5,1.0,26.0,3.0,4.0,659.0,5.0,2.0,0.0
LIVE_EPISODIC,HYBRID,Q06_FALSE3,POSE_SHIFT,LOW,4,VERBOSE_TYPED,12,1.0,8.0,0.0,3.0,1.0,0.0,2.0,0.0,0.5,1.0,38.0,3.0,4.0,663.0,5.0,2.0,0.0
LIVE_EPISODIC,HYBRID,Q06_FALSE3,POSE_SHIFT,LOW,8,COMPACT_TYPED,12,1.0,12.0,0.0,6.0,1.0,0.0,5.0,0.0,0.5,1.0,44.0,6.0,4.0,659.0,7.0,2.0,0.0
LIVE_EPISODIC,HYBRID,Q06_FALSE3,POSE_SHIFT,LOW,8,VERBOSE_TYPED,12,1.0,12.0,0.0,6.0,1.0,0.0,5.0,0.0,0.5,1.0,56.0,6.0,4.0,663.0,7.0,2.0,0.0
LIVE_EPISODIC,HYBRID,Q06_FALSE3,POSE_SHIFT,LOW,12,COMPACT_TYPED,12,1.0,16.0,0.0,6.0,1.0,0.0,5.0,0.0,0.5,1.0,44.0,6.0,4.0,659.0,9.0,2.0,0.0
LIVE_EPISODIC,HYBRID,Q06_FALSE3,POSE_SHIFT,LOW,12,VERBOSE_TYPED,12,1.0,16.0,0.0,6.0,1.0,0.0,5.0,0.0,0.5,1.0,56.0,6.0,4.0,663.0,9.0,2.0,0.0
LIVE_EPISODIC,HYBRID,Q06_FALSE3,RESTRICTION_CHANGE,HIGH,4,COMPACT_TYPED,12,1.0,8.0,0.0,3.0,1.0,0.0,2.0,1.0,0.5,1.0,26.0,3.0,4.0,662.0,5.0,2.0,0.0
LIVE_EPISODIC,HYBRID,Q06_FALSE3,RESTRICTION_CHANGE,HIGH,4,VERBOSE_TYPED,12,1.0,8.0,0.0,3.0,1.0,0.0,2.0,1.0,0.5,1.0,38.0,3.0,4.0,666.0,5.0,2.0,0.0
LIVE_EPISODIC,HYBRID,Q06_FALSE3,RESTRICTION_CHANGE,HIGH,8,COMPACT_TYPED,12,1.0,12.0,0.0,6.0,1.0,0.0,5.0,1.0,0.5,1.0,44.0,6.0,4.0,662.0,7.0,2.0,0.0
LIVE_EPISODIC,HYBRID,Q06_FALSE3,RESTRICTION_CHANGE,HIGH,8,VERBOSE_TYPED,12,1.0,12.0,0.0,6.0,1.0,0.0,5.0,1.0,0.5,1.0,56.0,6.0,4.0,666.0,7.0,2.0,0.0
LIVE_EPISODIC,HYBRID,Q06_FALSE3,RESTRICTION_CHANGE,HIGH,12,COMPACT_TYPED,12,1.0,16.0,0.0,6.0,1.0,0.0,5.0,1.0,0.5,1.0,44.0,6.0,4.0,662.0,9.0,2.0,0.0
LIVE_EPISODIC,HYBRID,Q06_FALSE3,RESTRICTION_CHANGE,HIGH,12,VERBOSE_TYPED,12,1.0,16.0,0.0,6.0,1.0,0.0,5.0,1.0,0.5,1.0,56.0,6.0,4.0,666.0,9.0,2.0,0.0
LIVE_EPISODIC,HYBRID,Q06_FALSE3,RESTRICTION_CHANGE,LOW,4,COMPACT_TYPED,12,1.0,8.0,0.0,3.0,1.0,0.0,2.0,1.0,0.5,1.0,26.0,3.0,4.0,662.0,5.0,2.0,0.0
LIVE_EPISODIC,HYBRID,Q06_FALSE3,RESTRICTION_CHANGE,LOW,4,VERBOSE_TYPED,12,1.0,8.0,0.0,3.0,1.0,0.0,2.0,1.0,0.5,1.0,38.0,3.0,4.0,666.0,5.0,2.0,0.0
LIVE_EPISODIC,HYBRID,Q06_FALSE3,RESTRICTION_CHANGE,LOW,8,COMPACT_TYPED,12,1.0,12.0,0.0,6.0,1.0,0.0,5.0,1.0,0.5,1.0,44.0,6.0,4.0,662.0,7.0,2.0,0.0
LIVE_EPISODIC,HYBRID,Q06_FALSE3,RESTRICTION_CHANGE,LOW,8,VERBOSE_TYPED,12,1.0,12.0,0.0,6.0,1.0,0.0,5.0,1.0,0.5,1.0,56.0,6.0,4.0,666.0,7.0,2.0,0.0
LIVE_EPISODIC,HYBRID,Q06_FALSE3,RESTRICTION_CHANGE,LOW,12,COMPACT_TYPED,12,1.0,16.0,0.0,6.0,1.0,0.0,5.0,1.0,0.5,1.0,44.0,6.0,4.0,662.0,9.0,2.0,0.0
LIVE_EPISODIC,HYBRID,Q06_FALSE3,RESTRICTION_CHANGE,LOW,12,VERBOSE_TYPED,12,1.0,16.0,0.0,6.0,1.0,0.0,5.0,1.0,0.5,1.0,56.0,6.0,4.0,666.0,9.0,2.0,0.0
LIVE_EPISODIC,HYBRID,Q07_DUP_OOO,AVAILABILITY_LOSS,HIGH,4,COMPACT_TYPED,12,1.0,7.0,1.0,3.0,0.0,0.0,2.0,1.0,1.0,1.0,26.0,3.0,3.0,501.0,4.0,2.0,0.0
LIVE_EPISODIC,HYBRID,Q07_DUP_OOO,AVAILABILITY_LOSS,HIGH,4,VERBOSE_TYPED,12,1.0,7.0,1.0,3.0,0.0,0.0,2.0,1.0,1.0,1.0,35.0,3.0,3.0,504.0,4.0,2.0,0.0
LIVE_EPISODIC,HYBRID,Q07_DUP_OOO,AVAILABILITY_LOSS,HIGH,8,COMPACT_TYPED,12,1.0,11.0,1.0,5.0,0.0,0.0,4.0,1.0,1.0,1.0,38.0,5.0,3.0,501.0,6.0,2.0,0.0
LIVE_EPISODIC,HYBRID,Q07_DUP_OOO,AVAILABILITY_LOSS,HIGH,8,VERBOSE_TYPED,12,1.0,11.0,1.0,5.0,0.0,0.0,4.0,1.0,1.0,1.0,47.0,5.0,3.0,504.0,6.0,2.0,0.0
LIVE_EPISODIC,HYBRID,Q07_DUP_OOO,AVAILABILITY_LOSS,HIGH,12,COMPACT_TYPED,12,1.0,15.0,1.0,7.0,0.0,0.0,6.0,1.0,1.0,1.0,50.0,7.0,3.0,501.0,8.0,2.0,0.0
LIVE_EPISODIC,HYBRID,Q07_DUP_OOO,AVAILABILITY_LOSS,HIGH,12,VERBOSE_TYPED,12,1.0,15.0,1.0,7.0,0.0,0.0,6.0,1.0,1.0,1.0,59.0,7.0,3.0,504.0,8.0,2.0,0.0
LIVE_EPISODIC,HYBRID,Q07_DUP_OOO,AVAILABILITY_LOSS,LOW,4,COMPACT_TYPED,12,1.0,7.0,1.0,3.0,0.0,0.0,2.0,1.0,1.0,1.0,26.0,3.0,3.0,501.0,4.0,2.0,0.0
LIVE_EPISODIC,HYBRID,Q07_DUP_OOO,AVAILABILITY_LOSS,LOW,4,VERBOSE_TYPED,12,1.0,7.0,1.0,3.0,0.0,0.0,2.0,1.0,1.0,1.0,35.0,3.0,3.0,504.0,4.0,2.0,0.0
LIVE_EPISODIC,HYBRID,Q07_DUP_OOO,AVAILABILITY_LOSS,LOW,8,COMPACT_TYPED,12,1.0,11.0,1.0,5.0,0.0,0.0,4.0,1.0,1.0,1.0,38.0,5.0,3.0,501.0,6.0,2.0,0.0
LIVE_EPISODIC,HYBRID,Q07_DUP_OOO,AVAILABILITY_LOSS,LOW,8,VERBOSE_TYPED,12,1.0,11.0,1.0,5.0,0.0,0.0,4.0,1.0,1.0,1.0,47.0,5.0,3.0,504.0,6.0,2.0,0.0
LIVE_EPISODIC,HYBRID,Q07_DUP_OOO,AVAILABILITY_LOSS,LOW,12,COMPACT_TYPED,12,1.0,15.0,1.0,7.0,0.0,0.0,6.0,1.0,1.0,1.0,50.0,7.0,3.0,501.0,8.0,2.0,0.0
LIVE_EPISODIC,HYBRID,Q07_DUP_OOO,AVAILABILITY_LOSS,LOW,12,VERBOSE_TYPED,12,1.0,15.0,1.0,7.0,0.0,0.0,6.0,1.0,1.0,1.0,59.0,7.0,3.0,504.0,8.0,2.0,0.0
LIVE_EPISODIC,HYBRID,Q07_DUP_OOO,CONTROL_FAILURE,HIGH,4,COMPACT_TYPED,12,1.0,6.0,2.0,3.0,0.0,0.0,2.0,1.0,1.0,1.0,28.0,3.0,3.0,498.0,4.0,2.0,0.0
LIVE_EPISODIC,HYBRID,Q07_DUP_OOO,CONTROL_FAILURE,HIGH,4,VERBOSE_TYPED,12,1.0,6.0,2.0,3.0,0.0,0.0,2.0,1.0,1.0,1.0,37.0,3.0,3.0,501.0,4.0,2.0,0.0
LIVE_EPISODIC,HYBRID,Q07_DUP_OOO,CONTROL_FAILURE,HIGH,8,COMPACT_TYPED,12,1.0,10.0,2.0,5.0,0.0,0.0,4.0,1.0,1.0,1.0,40.0,5.0,3.0,498.0,6.0,2.0,0.0
LIVE_EPISODIC,HYBRID,Q07_DUP_OOO,CONTROL_FAILURE,HIGH,8,VERBOSE_TYPED,12,1.0,10.0,2.0,5.0,0.0,0.0,4.0,1.0,1.0,1.0,49.0,5.0,3.0,501.0,6.0,2.0,0.0
LIVE_EPISODIC,HYBRID,Q07_DUP_OOO,CONTROL_FAILURE,HIGH,12,COMPACT_TYPED,12,1.0,14.0,2.0,7.0,0.0,0.0,6.0,1.0,1.0,1.0,52.0,7.0,3.0,498.0,8.0,2.0,0.0
LIVE_EPISODIC,HYBRID,Q07_DUP_OOO,CONTROL_FAILURE,HIGH,12,VERBOSE_TYPED,12,1.0,14.0,2.0,7.0,0.0,0.0,6.0,1.0,1.0,1.0,61.0,7.0,3.0,501.0,8.0,2.0,0.0
LIVE_EPISODIC,HYBRID,Q07_DUP_OOO,CONTROL_FAILURE,LOW,4,COMPACT_TYPED,12,1.0,6.0,2.0,3.0,0.0,0.0,2.0,1.0,1.0,1.0,28.0,3.0,3.0,498.0,4.0,2.0,0.0
LIVE_EPISODIC,HYBRID,Q07_DUP_OOO,CONTROL_FAILURE,LOW,4,VERBOSE_TYPED,12,1.0,6.0,2.0,3.0,0.0,0.0,2.0,1.0,1.0,1.0,37.0,3.0,3.0,501.0,4.0,2.0,0.0
LIVE_EPISODIC,HYBRID,Q07_DUP_OOO,CONTROL_FAILURE,LOW,8,COMPACT_TYPED,12,1.0,10.0,2.0,5.0,0.0,0.0,4.0,1.0,1.0,1.0,40.0,5.0,3.0,498.0,6.0,2.0,0.0
LIVE_EPISODIC,HYBRID,Q07_DUP_OOO,CONTROL_FAILURE,LOW,8,VERBOSE_TYPED,12,1.0,10.0,2.0,5.0,0.0,0.0,4.0,1.0,1.0,1.0,49.0,5.0,3.0,501.0,6.0,2.0,0.0
LIVE_EPISODIC,HYBRID,Q07_DUP_OOO,CONTROL_FAILURE,LOW,12,COMPACT_TYPED,12,1.0,14.0,2.0,7.0,0.0,0.0,6.0,1.0,1.0,1.0,52.0,7.0,3.0,498.0,8.0,2.0,0.0
LIVE_EPISODIC,HYBRID,Q07_DUP_OOO,CONTROL_FAILURE,LOW,12,VERBOSE_TYPED,12,1.0,14.0,2.0,7.0,0.0,0.0,6.0,1.0,1.0,1.0,61.0,7.0,3.0,501.0,8.0,2.0,0.0
LIVE_EPISODIC,HYBRID,Q07_DUP_OOO,POSE_SHIFT,HIGH,4,COMPACT_TYPED,12,1.0,7.0,1.0,3.0,0.0,0.0,2.0,0.0,1.0,1.0,26.0,3.0,3.0,483.0,4.0,2.0,0.0
LIVE_EPISODIC,HYBRID,Q07_DUP_OOO,POSE_SHIFT,HIGH,4,VERBOSE_TYPED,12,1.0,7.0,1.0,3.0,0.0,0.0,2.0,0.0,1.0,1.0,35.0,3.0,3.0,486.0,4.0,2.0,0.0
LIVE_EPISODIC,HYBRID,Q07_DUP_OOO,POSE_SHIFT,HIGH,8,COMPACT_TYPED,12,1.0,11.0,1.0,5.0,0.0,0.0,4.0,0.0,1.0,1.0,38.0,5.0,3.0,483.0,6.0,2.0,0.0
LIVE_EPISODIC,HYBRID,Q07_DUP_OOO,POSE_SHIFT,HIGH,8,VERBOSE_TYPED,12,1.0,11.0,1.0,5.0,0.0,0.0,4.0,0.0,1.0,1.0,47.0,5.0,3.0,486.0,6.0,2.0,0.0
LIVE_EPISODIC,HYBRID,Q07_DUP_OOO,POSE_SHIFT,HIGH,12,COMPACT_TYPED,12,1.0,15.0,1.0,7.0,0.0,0.0,6.0,0.0,1.0,1.0,50.0,7.0,3.0,483.0,8.0,2.0,0.0
LIVE_EPISODIC,HYBRID,Q07_DUP_OOO,POSE_SHIFT,HIGH,12,VERBOSE_TYPED,12,1.0,15.0,1.0,7.0,0.0,0.0,6.0,0.0,1.0,1.0,59.0,7.0,3.0,486.0,8.0,2.0,0.0
LIVE_EPISODIC,HYBRID,Q07_DUP_OOO,POSE_SHIFT,LOW,4,COMPACT_TYPED,12,1.0,7.0,1.0,3.0,0.0,0.0,2.0,0.0,1.0,1.0,26.0,3.0,3.0,483.0,4.0,2.0,0.0
LIVE_EPISODIC,HYBRID,Q07_DUP_OOO,POSE_SHIFT,LOW,4,VERBOSE_TYPED,12,1.0,7.0,1.0,3.0,0.0,0.0,2.0,0.0,1.0,1.0,35.0,3.0,3.0,486.0,4.0,2.0,0.0
LIVE_EPISODIC,HYBRID,Q07_DUP_OOO,POSE_SHIFT,LOW,8,COMPACT_TYPED,12,1.0,11.0,1.0,5.0,0.0,0.0,4.0,0.0,1.0,1.0,38.0,5.0,3.0,483.0,6.0,2.0,0.0
LIVE_EPISODIC,HYBRID,Q07_DUP_OOO,POSE_SHIFT,LOW,8,VERBOSE_TYPED,12,1.0,11.0,1.0,5.0,0.0,0.0,4.0,0.0,1.0,1.0,47.0,5.0,3.0,486.0,6.0,2.0,0.0
LIVE_EPISODIC,HYBRID,Q07_DUP_OOO,POSE_SHIFT,LOW,12,COMPACT_TYPED,12,1.0,15.0,1.0,7.0,0.0,0.0,6.0,0.0,1.0,1.0,50.0,7.0,3.0,483.0,8.0,2.0,0.0
LIVE_EPISODIC,HYBRID,Q07_DUP_OOO,POSE_SHIFT,LOW,12,VERBOSE_TYPED,12,1.0,15.0,1.0,7.0,0.0,0.0,6.0,0.0,1.0,1.0,59.0,7.0,3.0,486.0,8.0,2.0,0.0
LIVE_EPISODIC,HYBRID,Q07_DUP_OOO,RESTRICTION_CHANGE,HIGH,4,COMPACT_TYPED,12,1.0,7.0,1.0,3.0,0.0,0.0,2.0,1.0,1.0,1.0,26.0,3.0,3.0,492.0,4.0,2.0,0.0
LIVE_EPISODIC,HYBRID,Q07_DUP_OOO,RESTRICTION_CHANGE,HIGH,4,VERBOSE_TYPED,12,1.0,7.0,1.0,3.0,0.0,0.0,2.0,1.0,1.0,1.0,35.0,3.0,3.0,495.0,4.0,2.0,0.0
LIVE_EPISODIC,HYBRID,Q07_DUP_OOO,RESTRICTION_CHANGE,HIGH,8,COMPACT_TYPED,12,1.0,11.0,1.0,5.0,0.0,0.0,4.0,1.0,1.0,1.0,38.0,5.0,3.0,492.0,6.0,2.0,0.0
LIVE_EPISODIC,HYBRID,Q07_DUP_OOO,RESTRICTION_CHANGE,HIGH,8,VERBOSE_TYPED,12,1.0,11.0,1.0,5.0,0.0,0.0,4.0,1.0,1.0,1.0,47.0,5.0,3.0,495.0,6.0,2.0,0.0
LIVE_EPISODIC,HYBRID,Q07_DUP_OOO,RESTRICTION_CHANGE,HIGH,12,COMPACT_TYPED,12,1.0,15.0,1.0,7.0,0.0,0.0,6.0,1.0,1.0,1.0,50.0,7.0,3.0,492.0,8.0,2.0,0.0
LIVE_EPISODIC,HYBRID,Q07_DUP_OOO,RESTRICTION_CHANGE,HIGH,12,VERBOSE_TYPED,12,1.0,15.0,1.0,7.0,0.0,0.0,6.0,1.0,1.0,1.0,59.0,7.0,3.0,495.0,8.0,2.0,0.0
LIVE_EPISODIC,HYBRID,Q07_DUP_OOO,RESTRICTION_CHANGE,LOW,4,COMPACT_TYPED,12,1.0,7.0,1.0,3.0,0.0,0.0,2.0,1.0,1.0,1.0,26.0,3.0,3.0,492.0,4.0,2.0,0.0
LIVE_EPISODIC,HYBRID,Q07_DUP_OOO,RESTRICTION_CHANGE,LOW,4,VERBOSE_TYPED,12,1.0,7.0,1.0,3.0,0.0,0.0,2.0,1.0,1.0,1.0,35.0,3.0,3.0,495.0,4.0,2.0,0.0
LIVE_EPISODIC,HYBRID,Q07_DUP_OOO,RESTRICTION_CHANGE,LOW,8,COMPACT_TYPED,12,1.0,11.0,1.0,5.0,0.0,0.0,4.0,1.0,1.0,1.0,38.0,5.0,3.0,492.0,6.0,2.0,0.0
LIVE_EPISODIC,HYBRID,Q07_DUP_OOO,RESTRICTION_CHANGE,LOW,8,VERBOSE_TYPED,12,1.0,11.0,1.0,5.0,0.0,0.0,4.0,1.0,1.0,1.0,47.0,5.0,3.0,495.0,6.0,2.0,0.0
LIVE_EPISODIC,HYBRID,Q07_DUP_OOO,RESTRICTION_CHANGE,LOW,12,COMPACT_TYPED,12,1.0,15.0,1.0,7.0,0.0,0.0,6.0,1.0,1.0,1.0,50.0,7.0,3.0,492.0,8.0,2.0,0.0
LIVE_EPISODIC,HYBRID,Q07_DUP_OOO,RESTRICTION_CHANGE,LOW,12,VERBOSE_TYPED,12,1.0,15.0,1.0,7.0,0.0,0.0,6.0,1.0,1.0,1.0,59.0,7.0,3.0,495.0,8.0,2.0,0.0
LIVE_EPISODIC,HYBRID,Q08_GUARDED,AVAILABILITY_LOSS,HIGH,4,COMPACT_TYPED,12,1.0,6.16666667,1.83333333,2.0,0.0,0.41666667,1.0,1.0,0.58333333,0.58333333,18.41666667,2.0,0.58333333,97.41666667,6.25,0.58333333,0.41666667
LIVE_EPISODIC,HYBRID,Q08_GUARDED,AVAILABILITY_LOSS,HIGH,4,VERBOSE_TYPED,12,1.0,6.16666667,1.83333333,2.0,0.0,0.41666667,1.0,1.0,0.58333333,0.58333333,24.91666667,2.0,0.58333333,98.0,6.25,0.58333333,0.41666667
LIVE_EPISODIC,HYBRID,Q08_GUARDED,AVAILABILITY_LOSS,HIGH,8,COMPACT_TYPED,12,1.0,10.83333333,1.16666667,4.0,0.0,0.16666667,3.0,1.0,0.83333333,0.83333333,29.83333333,4.0,0.83333333,139.16666667,7.83333333,0.83333333,0.16666667
LIVE_EPISODIC,HYBRID,Q08_GUARDED,AVAILABILITY_LOSS,HIGH,8,VERBOSE_TYPED,12,1.0,10.83333333,1.16666667,4.0,0.0,0.16666667,3.0,1.0,0.83333333,0.83333333,37.83333333,4.0,0.83333333,140.0,7.83333333,0.83333333,0.16666667
LIVE_EPISODIC,HYBRID,Q08_GUARDED,AVAILABILITY_LOSS,HIGH,12,COMPACT_TYPED,12,1.0,14.0,2.0,5.0,0.0,0.33333333,4.0,1.0,0.66666667,0.66666667,38.0,5.0,1.66666667,277.33333333,8.66666667,0.66666667,0.33333333
LIVE_EPISODIC,HYBRID,Q08_GUARDED,AVAILABILITY_LOSS,HIGH,12,VERBOSE_TYPED,12,1.0,14.0,2.0,5.0,0.0,0.33333333,4.0,1.0,0.66666667,0.66666667,45.0,5.0,1.66666667,279.0,8.66666667,0.66666667,0.33333333
LIVE_EPISODIC,HYBRID,Q08_GUARDED,AVAILABILITY_LOSS,LOW,4,COMPACT_TYPED,12,1.0,6.33333333,1.66666667,2.0,0.0,0.33333333,1.0,1.0,0.66666667,0.66666667,18.33333333,2.0,0.66666667,111.33333333,6.0,0.66666667,0.33333333
LIVE_EPISODIC,HYBRID,Q08_GUARDED,AVAILABILITY_LOSS,LOW,4,VERBOSE_TYPED,12,1.0,6.33333333,1.66666667,2.0,0.0,0.33333333,1.0,1.0,0.66666667,0.66666667,25.33333333,2.0,0.66666667,112.0,6.0,0.66666667,0.33333333
LIVE_EPISODIC,HYBRID,Q08_GUARDED,AVAILABILITY_LOSS,LOW,8,COMPACT_TYPED,12,1.0,10.83333333,1.16666667,4.0,0.0,0.16666667,3.0,1.0,0.83333333,0.83333333,29.83333333,4.0,0.83333333,139.16666667,7.83333333,0.83333333,0.16666667
LIVE_EPISODIC,HYBRID,Q08_GUARDED,AVAILABILITY_LOSS,LOW,8,VERBOSE_TYPED,12,1.0,10.83333333,1.16666667,4.0,0.0,0.16666667,3.0,1.0,0.83333333,0.83333333,37.83333333,4.0,0.83333333,140.0,7.83333333,0.83333333,0.16666667
LIVE_EPISODIC,HYBRID,Q08_GUARDED,AVAILABILITY_LOSS,LOW,12,COMPACT_TYPED,12,1.0,14.0,2.0,5.0,0.0,0.16666667,4.0,1.0,0.83333333,0.83333333,38.5,5.0,1.83333333,305.16666667,8.33333333,0.83333333,0.16666667
LIVE_EPISODIC,HYBRID,Q08_GUARDED,AVAILABILITY_LOSS,LOW,12,VERBOSE_TYPED,12,1.0,14.0,2.0,5.0,0.0,0.16666667,4.0,1.0,0.83333333,0.83333333,46.5,5.0,1.83333333,307.0,8.33333333,0.83333333,0.16666667
LIVE_EPISODIC,HYBRID,Q08_GUARDED,CONTROL_FAILURE,HIGH,4,COMPACT_TYPED,12,1.0,5.0,3.0,2.0,0.0,0.33333333,1.0,1.0,0.66666667,0.66666667,21.0,2.0,0.66666667,110.66666667,6.0,0.66666667,1.0
LIVE_EPISODIC,HYBRID,Q08_GUARDED,CONTROL_FAILURE,HIGH,4,VERBOSE_TYPED,12,1.0,5.0,3.0,2.0,0.0,0.33333333,1.0,1.0,0.66666667,0.66666667,28.0,2.0,0.66666667,111.33333333,6.0,0.66666667,1.0
LIVE_EPISODIC,HYBRID,Q08_GUARDED,CONTROL_FAILURE,HIGH,8,COMPACT_TYPED,12,1.0,9.41666667,2.58333333,4.58333333,0.0,0.41666667,3.58333333,1.0,0.58333333,0.58333333,35.41666667,4.58333333,0.58333333,96.83333333,9.08333333,0.58333333,1.0
LIVE_EPISODIC,HYBRID,Q08_GUARDED,CONTROL_FAILURE,HIGH,8,VERBOSE_TYPED,12,1.0,9.41666667,2.58333333,4.58333333,0.0,0.41666667,3.58333333,1.0,0.58333333,0.58333333,41.91666667,4.58333333,0.58333333,97.41666667,9.08333333,0.58333333,1.0
LIVE_EPISODIC,HYBRID,Q08_GUARDED,CONTROL_FAILURE,HIGH,12,COMPACT_TYPED,12,1.0,14.0,2.0,5.0,0.0,0.16666667,4.0,1.0,0.83333333,0.83333333,38.5,5.0,1.83333333,304.33333333,8.33333333,0.83333333,0.16666667
LIVE_EPISODIC,HYBRID,Q08_GUARDED,CONTROL_FAILURE,HIGH,12,VERBOSE_TYPED,12,1.0,14.0,2.0,5.0,0.0,0.16666667,4.0,1.0,0.83333333,0.83333333,46.5,5.0,1.83333333,306.16666667,8.33333333,0.83333333,0.16666667
LIVE_EPISODIC,HYBRID,Q08_GUARDED,CONTROL_FAILURE,LOW,4,COMPACT_TYPED,12,1.0,6.0,2.0,2.0,0.0,0.08333333,1.0,1.0,0.91666667,0.91666667,19.75,2.0,0.91666667,152.16666667,5.25,0.91666667,0.0
LIVE_EPISODIC,HYBRID,Q08_GUARDED,CONTROL_FAILURE,LOW,4,VERBOSE_TYPED,12,1.0,6.0,2.0,2.0,0.0,0.08333333,1.0,1.0,0.91666667,0.91666667,28.25,2.0,0.91666667,153.08333333,5.25,0.91666667,0.0
LIVE_EPISODIC,HYBRID,Q08_GUARDED,CONTROL_FAILURE,LOW,8,COMPACT_TYPED,12,1.0,10.0,2.0,4.0,0.0,0.33333333,3.0,1.0,0.66666667,0.66666667,31.0,4.0,0.66666667,110.66666667,8.66666667,0.66666667,0.33333333
LIVE_EPISODIC,HYBRID,Q08_GUARDED,CONTROL_FAILURE,LOW,8,VERBOSE_TYPED,12,1.0,10.0,2.0,4.0,0.0,0.33333333,3.0,1.0,0.66666667,0.66666667,38.0,4.0,0.66666667,111.33333333,8.66666667,0.66666667,0.33333333
LIVE_EPISODIC,HYBRID,Q08_GUARDED,CONTROL_FAILURE,LOW,12,COMPACT_TYPED,12,1.0,14.0,2.0,5.0,0.0,0.16666667,4.0,1.0,0.83333333,0.83333333,38.5,5.0,1.83333333,304.33333333,8.33333333,0.83333333,0.16666667
LIVE_EPISODIC,HYBRID,Q08_GUARDED,CONTROL_FAILURE,LOW,12,VERBOSE_TYPED,12,1.0,14.0,2.0,5.0,0.0,0.16666667,4.0,1.0,0.83333333,0.83333333,46.5,5.0,1.83333333,306.16666667,8.33333333,0.83333333,0.16666667
LIVE_EPISODIC,HYBRID,Q08_GUARDED,POSE_SHIFT,HIGH,4,COMPACT_TYPED,12,1.0,6.33333333,1.66666667,2.0,0.0,0.33333333,1.0,0.33333333,0.66666667,0.66666667,18.33333333,2.0,0.66666667,107.33333333,6.0,0.66666667,0.33333333
LIVE_EPISODIC,HYBRID,Q08_GUARDED,POSE_SHIFT,HIGH,4,VERBOSE_TYPED,12,1.0,6.33333333,1.66666667,2.0,0.0,0.33333333,1.0,0.33333333,0.66666667,0.66666667,25.33333333,2.0,0.66666667,108.0,6.0,0.66666667,0.33333333
LIVE_EPISODIC,HYBRID,Q08_GUARDED,POSE_SHIFT,HIGH,8,COMPACT_TYPED,12,1.0,10.41666667,1.58333333,4.0,0.0,0.58333333,3.0,0.58333333,0.41666667,0.41666667,29.41666667,4.0,0.41666667,67.08333333,9.91666667,0.41666667,0.58333333
LIVE_EPISODIC,HYBRID,Q08_GUARDED,POSE_SHIFT,HIGH,8,VERBOSE_TYPED,12,1.0,10.41666667,1.58333333,4.0,0.0,0.58333333,3.0,0.58333333,0.41666667,0.41666667,34.91666667,4.0,0.41666667,67.5,9.91666667,0.41666667,0.58333333
LIVE_EPISODIC,HYBRID,Q08_GUARDED,POSE_SHIFT,HIGH,12,COMPACT_TYPED,12,1.0,14.0,2.0,5.0,0.0,0.33333333,4.0,1.0,0.66666667,0.66666667,38.0,5.0,1.66666667,273.33333333,8.66666667,0.66666667,0.33333333
LIVE_EPISODIC,HYBRID,Q08_GUARDED,POSE_SHIFT,HIGH,12,VERBOSE_TYPED,12,1.0,14.0,2.0,5.0,0.0,0.33333333,4.0,1.0,0.66666667,0.66666667,45.0,5.0,1.66666667,275.0,8.66666667,0.66666667,0.33333333
LIVE_EPISODIC,HYBRID,Q08_GUARDED,POSE_SHIFT,LOW,4,COMPACT_TYPED,12,1.0,6.33333333,1.66666667,2.0,0.0,0.33333333,1.0,0.33333333,0.66666667,0.66666667,18.33333333,2.0,0.66666667,107.33333333,6.0,0.66666667,0.33333333
LIVE_EPISODIC,HYBRID,Q08_GUARDED,POSE_SHIFT,LOW,4,VERBOSE_TYPED,12,1.0,6.33333333,1.66666667,2.0,0.0,0.33333333,1.0,0.33333333,0.66666667,0.66666667,25.33333333,2.0,0.66666667,108.0,6.0,0.66666667,0.33333333
LIVE_EPISODIC,HYBRID,Q08_GUARDED,POSE_SHIFT,LOW,8,COMPACT_TYPED,12,1.0,10.58333333,1.41666667,4.0,0.0,0.41666667,3.0,0.41666667,0.58333333,0.58333333,29.58333333,4.0,0.58333333,93.91666667,9.08333333,0.58333333,0.41666667
LIVE_EPISODIC,HYBRID,Q08_GUARDED,POSE_SHIFT,LOW,8,VERBOSE_TYPED,12,1.0,10.58333333,1.41666667,4.0,0.0,0.41666667,3.0,0.41666667,0.58333333,0.58333333,36.08333333,4.0,0.58333333,94.5,9.08333333,0.58333333,0.41666667
LIVE_EPISODIC,HYBRID,Q08_GUARDED,POSE_SHIFT,LOW,12,COMPACT_TYPED,12,1.0,14.0,2.0,5.0,0.0,0.33333333,4.0,1.0,0.66666667,0.66666667,38.0,5.0,1.66666667,273.33333333,8.66666667,0.66666667,0.33333333
LIVE_EPISODIC,HYBRID,Q08_GUARDED,POSE_SHIFT,LOW,12,VERBOSE_TYPED,12,1.0,14.0,2.0,5.0,0.0,0.33333333,4.0,1.0,0.66666667,0.66666667,45.0,5.0,1.66666667,275.0,8.66666667,0.66666667,0.33333333
LIVE_EPISODIC,HYBRID,Q08_GUARDED,RESTRICTION_CHANGE,HIGH,4,COMPACT_TYPED,12,1.0,6.5,1.5,2.0,0.0,0.25,1.0,1.0,0.75,0.75,18.25,2.0,0.75,123.0,5.75,0.75,0.25
LIVE_EPISODIC,HYBRID,Q08_GUARDED,RESTRICTION_CHANGE,HIGH,4,VERBOSE_TYPED,12,1.0,6.5,1.5,2.0,0.0,0.25,1.0,1.0,0.75,0.75,25.75,2.0,0.75,123.75,5.75,0.75,0.25
LIVE_EPISODIC,HYBRID,Q08_GUARDED,RESTRICTION_CHANGE,HIGH,8,COMPACT_TYPED,12,1.0,10.75,1.25,4.0,0.0,0.25,3.0,1.0,0.75,0.75,29.75,4.0,0.75,123.0,8.25,0.75,0.25
LIVE_EPISODIC,HYBRID,Q08_GUARDED,RESTRICTION_CHANGE,HIGH,8,VERBOSE_TYPED,12,1.0,10.75,1.25,4.0,0.0,0.25,3.0,1.0,0.75,0.75,37.25,4.0,0.75,123.75,8.25,0.75,0.25
LIVE_EPISODIC,HYBRID,Q08_GUARDED,RESTRICTION_CHANGE,HIGH,12,COMPACT_TYPED,12,1.0,14.0,2.0,5.0,0.0,0.16666667,4.0,1.0,0.83333333,0.83333333,38.5,5.0,1.83333333,302.66666667,8.33333333,0.83333333,0.16666667
LIVE_EPISODIC,HYBRID,Q08_GUARDED,RESTRICTION_CHANGE,HIGH,12,VERBOSE_TYPED,12,1.0,14.0,2.0,5.0,0.0,0.16666667,4.0,1.0,0.83333333,0.83333333,46.5,5.0,1.83333333,304.5,8.33333333,0.83333333,0.16666667
LIVE_EPISODIC,HYBRID,Q08_GUARDED,RESTRICTION_CHANGE,LOW,4,COMPACT_TYPED,12,1.0,6.66666667,1.33333333,2.0,0.0,0.16666667,1.0,1.0,0.83333333,0.83333333,18.16666667,2.0,0.83333333,136.66666667,5.5,0.83333333,0.16666667
LIVE_EPISODIC,HYBRID,Q08_GUARDED,RESTRICTION_CHANGE,LOW,4,VERBOSE_TYPED,12,1.0,6.66666667,1.33333333,2.0,0.0,0.16666667,1.0,1.0,0.83333333,0.83333333,26.16666667,2.0,0.83333333,137.5,5.5,0.83333333,0.16666667
LIVE_EPISODIC,HYBRID,Q08_GUARDED,RESTRICTION_CHANGE,LOW,8,COMPACT_TYPED,12,1.0,10.75,1.25,4.0,0.0,0.25,3.0,1.0,0.75,0.75,29.75,4.0,0.75,123.0,8.25,0.75,0.25
LIVE_EPISODIC,HYBRID,Q08_GUARDED,RESTRICTION_CHANGE,LOW,8,VERBOSE_TYPED,12,1.0,10.75,1.25,4.0,0.0,0.25,3.0,1.0,0.75,0.75,37.25,4.0,0.75,123.75,8.25,0.75,0.25
LIVE_EPISODIC,HYBRID,Q08_GUARDED,RESTRICTION_CHANGE,LOW,12,COMPACT_TYPED,12,1.0,14.0,2.0,5.0,0.0,0.25,4.0,1.0,0.75,0.75,38.25,5.0,1.75,289.0,8.5,0.75,0.25
LIVE_EPISODIC,HYBRID,Q08_GUARDED,RESTRICTION_CHANGE,LOW,12,VERBOSE_TYPED,12,1.0,14.0,2.0,5.0,0.0,0.25,4.0,1.0,0.75,0.75,45.75,5.0,1.75,290.75,8.5,0.75,0.25
LIVE_EPISODIC,HYBRID,Q09_HOSTILE,AVAILABILITY_LOSS,HIGH,4,COMPACT_TYPED,12,0.0,3.0,5.0,2.0,0.0,1.0,1.0,1.0,0.0,0.0,27.5,2.0,1.0,166.0,5.0,0.0,1.0
LIVE_EPISODIC,HYBRID,Q09_HOSTILE,AVAILABILITY_LOSS,HIGH,4,VERBOSE_TYPED,12,0.0,3.0,5.0,2.0,0.0,1.0,1.0,1.0,0.0,0.0,41.0,2.0,1.0,167.0,5.0,0.0,1.0
LIVE_EPISODIC,HYBRID,Q09_HOSTILE,AVAILABILITY_LOSS,HIGH,8,COMPACT_TYPED,12,1.0,9.0,3.0,3.0,0.0,1.0,2.0,1.0,0.0,0.0,30.33333333,3.0,1.33333333,222.66666667,7.33333333,0.0,1.0
LIVE_EPISODIC,HYBRID,Q09_HOSTILE,AVAILABILITY_LOSS,HIGH,8,VERBOSE_TYPED,12,1.0,9.0,3.0,3.0,0.0,1.0,2.0,1.0,0.0,0.0,45.33333333,3.0,1.33333333,224.0,7.33333333,0.0,1.0
LIVE_EPISODIC,HYBRID,Q09_HOSTILE,AVAILABILITY_LOSS,HIGH,12,COMPACT_TYPED,12,1.0,14.0,2.0,3.0,0.0,1.0,2.0,1.0,0.0,0.0,26.25,3.0,0.0,0.0,16.0,0.0,1.0
LIVE_EPISODIC,HYBRID,Q09_HOSTILE,AVAILABILITY_LOSS,HIGH,12,VERBOSE_TYPED,12,1.0,14.0,2.0,3.0,0.0,1.0,2.0,1.0,0.0,0.0,39.0,3.0,0.0,0.0,16.0,0.0,1.0
LIVE_EPISODIC,HYBRID,Q09_HOSTILE,AVAILABILITY_LOSS,LOW,4,COMPACT_TYPED,12,0.0,3.0,5.0,2.0,0.0,1.0,1.0,1.0,0.0,0.0,27.0,2.0,1.0,166.0,5.0,0.0,1.0
LIVE_EPISODIC,HYBRID,Q09_HOSTILE,AVAILABILITY_LOSS,LOW,4,VERBOSE_TYPED,12,0.0,3.0,5.0,2.0,0.0,1.0,1.0,1.0,0.0,0.0,39.0,2.0,1.0,167.0,5.0,0.0,1.0
LIVE_EPISODIC,HYBRID,Q09_HOSTILE,AVAILABILITY_LOSS,LOW,8,COMPACT_TYPED,12,1.0,9.0,3.0,3.0,0.0,1.0,2.0,1.0,0.0,0.0,29.91666667,3.0,1.16666667,194.83333333,7.91666667,0.0,1.0
LIVE_EPISODIC,HYBRID,Q09_HOSTILE,AVAILABILITY_LOSS,LOW,8,VERBOSE_TYPED,12,1.0,9.0,3.0,3.0,0.0,1.0,2.0,1.0,0.0,0.0,44.16666667,3.0,1.16666667,196.0,7.91666667,0.0,1.0
LIVE_EPISODIC,HYBRID,Q09_HOSTILE,AVAILABILITY_LOSS,LOW,12,COMPACT_TYPED,12,1.0,14.0,2.0,3.0,0.0,1.0,2.0,1.0,0.0,0.0,27.0,3.0,0.0,0.0,16.0,0.0,1.0
LIVE_EPISODIC,HYBRID,Q09_HOSTILE,AVAILABILITY_LOSS,LOW,12,VERBOSE_TYPED,12,1.0,14.0,2.0,3.0,0.0,1.0,2.0,1.0,0.0,0.0,42.0,3.0,0.0,0.0,16.0,0.0,1.0
LIVE_EPISODIC,HYBRID,Q09_HOSTILE,CONTROL_FAILURE,HIGH,4,COMPACT_TYPED,12,1.0,5.0,3.0,1.0,0.0,1.0,1.0,0.0,0.0,0.0,17.5,1.0,1.0,166.0,5.0,0.0,0.0
LIVE_EPISODIC,HYBRID,Q09_HOSTILE,CONTROL_FAILURE,HIGH,4,VERBOSE_TYPED,12,1.0,5.0,3.0,1.0,0.0,1.0,1.0,0.0,0.0,0.0,31.0,1.0,1.0,167.0,5.0,0.0,0.0
LIVE_EPISODIC,HYBRID,Q09_HOSTILE,CONTROL_FAILURE,HIGH,8,COMPACT_TYPED,12,1.0,9.0,3.0,3.0,0.0,1.0,2.0,1.0,0.0,0.0,29.08333333,3.0,0.83333333,138.33333333,9.08333333,0.0,1.0
LIVE_EPISODIC,HYBRID,Q09_HOSTILE,CONTROL_FAILURE,HIGH,8,VERBOSE_TYPED,12,1.0,9.0,3.0,3.0,0.0,1.0,2.0,1.0,0.0,0.0,41.83333333,3.0,0.83333333,139.16666667,9.08333333,0.0,1.0
LIVE_EPISODIC,HYBRID,Q09_HOSTILE,CONTROL_FAILURE,HIGH,12,COMPACT_TYPED,12,1.0,14.0,2.0,3.0,0.0,1.0,2.0,1.0,0.0,0.0,26.75,3.0,0.0,0.0,16.0,0.0,1.0
LIVE_EPISODIC,HYBRID,Q09_HOSTILE,CONTROL_FAILURE,HIGH,12,VERBOSE_TYPED,12,1.0,14.0,2.0,3.0,0.0,1.0,2.0,1.0,0.0,0.0,41.0,3.0,0.0,0.0,16.0,0.0,1.0
LIVE_EPISODIC,HYBRID,Q09_HOSTILE,CONTROL_FAILURE,LOW,4,COMPACT_TYPED,12,1.0,6.0,2.0,1.0,0.0,1.0,1.0,0.0,0.0,0.0,16.5,1.0,1.0,166.0,5.0,0.0,0.0
LIVE_EPISODIC,HYBRID,Q09_HOSTILE,CONTROL_FAILURE,LOW,4,VERBOSE_TYPED,12,1.0,6.0,2.0,1.0,0.0,1.0,1.0,0.0,0.0,0.0,33.0,1.0,1.0,167.0,5.0,0.0,0.0
LIVE_EPISODIC,HYBRID,Q09_HOSTILE,CONTROL_FAILURE,LOW,8,COMPACT_TYPED,12,1.0,10.0,2.0,2.0,0.0,1.0,1.0,1.0,0.0,0.0,20.75,2.0,0.0,0.0,12.0,0.0,0.0
LIVE_EPISODIC,HYBRID,Q09_HOSTILE,CONTROL_FAILURE,LOW,8,VERBOSE_TYPED,12,1.0,10.0,2.0,2.0,0.0,1.0,1.0,1.0,0.0,0.0,35.0,2.0,0.0,0.0,12.0,0.0,0.0
LIVE_EPISODIC,HYBRID,Q09_HOSTILE,CONTROL_FAILURE,LOW,12,COMPACT_TYPED,12,1.0,14.0,2.0,3.0,0.0,1.0,2.0,1.0,0.0,0.0,26.0,3.0,0.0,0.0,16.0,0.0,1.0
LIVE_EPISODIC,HYBRID,Q09_HOSTILE,CONTROL_FAILURE,LOW,12,VERBOSE_TYPED,12,1.0,14.0,2.0,3.0,0.0,1.0,2.0,1.0,0.0,0.0,38.0,3.0,0.0,0.0,16.0,0.0,1.0
LIVE_EPISODIC,HYBRID,Q09_HOSTILE,POSE_SHIFT,HIGH,4,COMPACT_TYPED,12,0.0,3.0,5.0,2.0,0.0,1.0,1.0,1.0,0.0,0.0,27.0,2.0,1.0,166.0,5.0,0.0,1.0
LIVE_EPISODIC,HYBRID,Q09_HOSTILE,POSE_SHIFT,HIGH,4,VERBOSE_TYPED,12,0.0,3.0,5.0,2.0,0.0,1.0,1.0,1.0,0.0,0.0,39.0,2.0,1.0,167.0,5.0,0.0,1.0
LIVE_EPISODIC,HYBRID,Q09_HOSTILE,POSE_SHIFT,HIGH,8,COMPACT_TYPED,12,1.0,9.0,3.0,3.0,0.0,1.0,2.0,1.0,0.0,0.0,29.08333333,3.0,0.83333333,134.16666667,9.08333333,0.0,1.0
LIVE_EPISODIC,HYBRID,Q09_HOSTILE,POSE_SHIFT,HIGH,8,VERBOSE_TYPED,12,1.0,9.0,3.0,3.0,0.0,1.0,2.0,1.0,0.0,0.0,41.83333333,3.0,0.83333333,135.0,9.08333333,0.0,1.0
LIVE_EPISODIC,HYBRID,Q09_HOSTILE,POSE_SHIFT,HIGH,12,COMPACT_TYPED,12,1.0,14.0,2.0,3.0,0.0,1.0,2.0,1.0,0.0,0.0,26.5,3.0,0.0,0.0,16.0,0.0,1.0
LIVE_EPISODIC,HYBRID,Q09_HOSTILE,POSE_SHIFT,HIGH,12,VERBOSE_TYPED,12,1.0,14.0,2.0,3.0,0.0,1.0,2.0,1.0,0.0,0.0,40.0,3.0,0.0,0.0,16.0,0.0,1.0
LIVE_EPISODIC,HYBRID,Q09_HOSTILE,POSE_SHIFT,LOW,4,COMPACT_TYPED,12,0.0,3.0,5.0,2.0,0.0,1.0,1.0,1.0,0.0,0.0,27.75,2.0,1.0,166.0,5.0,0.0,1.0
LIVE_EPISODIC,HYBRID,Q09_HOSTILE,POSE_SHIFT,LOW,4,VERBOSE_TYPED,12,0.0,3.0,5.0,2.0,0.0,1.0,1.0,1.0,0.0,0.0,42.0,2.0,1.0,167.0,5.0,0.0,1.0
LIVE_EPISODIC,HYBRID,Q09_HOSTILE,POSE_SHIFT,LOW,8,COMPACT_TYPED,12,1.0,9.0,3.0,3.0,0.0,1.0,2.0,1.0,0.0,0.0,28.66666667,3.0,0.66666667,107.33333333,9.66666667,0.0,1.0
LIVE_EPISODIC,HYBRID,Q09_HOSTILE,POSE_SHIFT,LOW,8,VERBOSE_TYPED,12,1.0,9.0,3.0,3.0,0.0,1.0,2.0,1.0,0.0,0.0,40.66666667,3.0,0.66666667,108.0,9.66666667,0.0,1.0
LIVE_EPISODIC,HYBRID,Q09_HOSTILE,POSE_SHIFT,LOW,12,COMPACT_TYPED,12,1.0,14.0,2.0,3.0,0.0,1.0,2.0,1.0,0.0,0.0,26.0,3.0,0.0,0.0,16.0,0.0,1.0
LIVE_EPISODIC,HYBRID,Q09_HOSTILE,POSE_SHIFT,LOW,12,VERBOSE_TYPED,12,1.0,14.0,2.0,3.0,0.0,1.0,2.0,1.0,0.0,0.0,38.0,3.0,0.0,0.0,16.0,0.0,1.0
LIVE_EPISODIC,HYBRID,Q09_HOSTILE,RESTRICTION_CHANGE,HIGH,4,COMPACT_TYPED,12,0.0,3.0,5.0,2.0,0.0,1.0,1.0,1.0,0.0,0.0,27.25,2.0,1.0,166.0,5.0,0.0,1.0
LIVE_EPISODIC,HYBRID,Q09_HOSTILE,RESTRICTION_CHANGE,HIGH,4,VERBOSE_TYPED,12,0.0,3.0,5.0,2.0,0.0,1.0,1.0,1.0,0.0,0.0,40.0,2.0,1.0,167.0,5.0,0.0,1.0
LIVE_EPISODIC,HYBRID,Q09_HOSTILE,RESTRICTION_CHANGE,HIGH,8,COMPACT_TYPED,12,1.0,9.0,3.0,3.0,0.0,1.0,2.0,1.0,0.0,0.0,29.5,3.0,1.0,164.0,8.5,0.0,1.0
LIVE_EPISODIC,HYBRID,Q09_HOSTILE,RESTRICTION_CHANGE,HIGH,8,VERBOSE_TYPED,12,1.0,9.0,3.0,3.0,0.0,1.0,2.0,1.0,0.0,0.0,43.0,3.0,1.0,165.0,8.5,0.0,1.0
LIVE_EPISODIC,HYBRID,Q09_HOSTILE,RESTRICTION_CHANGE,HIGH,12,COMPACT_TYPED,12,1.0,14.0,2.0,3.0,0.0,1.0,2.0,1.0,0.0,0.0,26.5,3.0,0.0,0.0,16.0,0.0,1.0
LIVE_EPISODIC,HYBRID,Q09_HOSTILE,RESTRICTION_CHANGE,HIGH,12,VERBOSE_TYPED,12,1.0,14.0,2.0,3.0,0.0,1.0,2.0,1.0,0.0,0.0,40.0,3.0,0.0,0.0,16.0,0.0,1.0
LIVE_EPISODIC,HYBRID,Q09_HOSTILE,RESTRICTION_CHANGE,LOW,4,COMPACT_TYPED,12,0.0,3.0,5.0,2.0,0.0,1.0,1.0,1.0,0.0,0.0,28.0,2.0,1.0,166.0,5.0,0.0,1.0
LIVE_EPISODIC,HYBRID,Q09_HOSTILE,RESTRICTION_CHANGE,LOW,4,VERBOSE_TYPED,12,0.0,3.0,5.0,2.0,0.0,1.0,1.0,1.0,0.0,0.0,43.0,2.0,1.0,167.0,5.0,0.0,1.0
LIVE_EPISODIC,HYBRID,Q09_HOSTILE,RESTRICTION_CHANGE,LOW,8,COMPACT_TYPED,12,1.0,9.0,3.0,3.0,0.0,1.0,2.0,1.0,0.0,0.0,29.08333333,3.0,0.83333333,136.66666667,9.08333333,0.0,1.0
LIVE_EPISODIC,HYBRID,Q09_HOSTILE,RESTRICTION_CHANGE,LOW,8,VERBOSE_TYPED,12,1.0,9.0,3.0,3.0,0.0,1.0,2.0,1.0,0.0,0.0,41.83333333,3.0,0.83333333,137.5,9.08333333,0.0,1.0
LIVE_EPISODIC,HYBRID,Q09_HOSTILE,RESTRICTION_CHANGE,LOW,12,COMPACT_TYPED,12,1.0,14.0,2.0,3.0,0.0,1.0,2.0,1.0,0.0,0.0,26.25,3.0,0.0,0.0,16.0,0.0,1.0
LIVE_EPISODIC,HYBRID,Q09_HOSTILE,RESTRICTION_CHANGE,LOW,12,VERBOSE_TYPED,12,1.0,14.0,2.0,3.0,0.0,1.0,2.0,1.0,0.0,0.0,39.0,3.0,0.0,0.0,16.0,0.0,1.0
LIVE_EPISODIC,PERIODIC_ONLY,Q00_CLEAN,AVAILABILITY_LOSS,HIGH,4,COMPACT_TYPED,12,1.0,4.0,4.0,2.0,0.0,1.0,1.0,1.0,0.0,0.0,21.0,2.0,0.0,0.0,8.0,0.0,0.0
LIVE_EPISODIC,PERIODIC_ONLY,Q00_CLEAN,AVAILABILITY_LOSS,HIGH,4,VERBOSE_TYPED,12,1.0,4.0,4.0,2.0,0.0,1.0,1.0,1.0,0.0,0.0,24.0,2.0,0.0,0.0,8.0,0.0,0.0
LIVE_EPISODIC,PERIODIC_ONLY,Q00_CLEAN,AVAILABILITY_LOSS,HIGH,8,COMPACT_TYPED,12,1.0,10.0,2.0,4.0,0.0,1.0,3.0,1.0,0.0,0.0,29.0,4.0,0.0,0.0,12.0,0.0,0.0
LIVE_EPISODIC,PERIODIC_ONLY,Q00_CLEAN,AVAILABILITY_LOSS,HIGH,8,VERBOSE_TYPED,12,1.0,10.0,2.0,4.0,0.0,1.0,3.0,1.0,0.0,0.0,32.0,4.0,0.0,0.0,12.0,0.0,0.0
LIVE_EPISODIC,PERIODIC_ONLY,Q00_CLEAN,AVAILABILITY_LOSS,HIGH,12,COMPACT_TYPED,12,1.0,16.0,0.0,5.0,0.0,1.0,4.0,1.0,0.0,0.0,32.0,5.0,1.0,167.0,10.0,0.0,0.0
LIVE_EPISODIC,PERIODIC_ONLY,Q00_CLEAN,AVAILABILITY_LOSS,HIGH,12,VERBOSE_TYPED,12,1.0,16.0,0.0,5.0,0.0,1.0,4.0,1.0,0.0,0.0,35.0,5.0,1.0,168.0,10.0,0.0,0.0
LIVE_EPISODIC,PERIODIC_ONLY,Q00_CLEAN,AVAILABILITY_LOSS,LOW,4,COMPACT_TYPED,12,1.0,4.0,4.0,2.0,0.0,1.0,1.0,1.0,0.0,0.0,21.0,2.0,0.0,0.0,8.0,0.0,0.0
LIVE_EPISODIC,PERIODIC_ONLY,Q00_CLEAN,AVAILABILITY_LOSS,LOW,4,VERBOSE_TYPED,12,1.0,4.0,4.0,2.0,0.0,1.0,1.0,1.0,0.0,0.0,24.0,2.0,0.0,0.0,8.0,0.0,0.0
LIVE_EPISODIC,PERIODIC_ONLY,Q00_CLEAN,AVAILABILITY_LOSS,LOW,8,COMPACT_TYPED,12,1.0,10.0,2.0,4.0,0.0,1.0,3.0,1.0,0.0,0.0,29.0,4.0,0.0,0.0,12.0,0.0,0.0
LIVE_EPISODIC,PERIODIC_ONLY,Q00_CLEAN,AVAILABILITY_LOSS,LOW,8,VERBOSE_TYPED,12,1.0,10.0,2.0,4.0,0.0,1.0,3.0,1.0,0.0,0.0,32.0,4.0,0.0,0.0,12.0,0.0,0.0
LIVE_EPISODIC,PERIODIC_ONLY,Q00_CLEAN,AVAILABILITY_LOSS,LOW,12,COMPACT_TYPED,12,1.0,16.0,0.0,5.0,0.0,1.0,4.0,1.0,0.0,0.0,32.0,5.0,1.0,167.0,10.0,0.0,0.0
LIVE_EPISODIC,PERIODIC_ONLY,Q00_CLEAN,AVAILABILITY_LOSS,LOW,12,VERBOSE_TYPED,12,1.0,16.0,0.0,5.0,0.0,1.0,4.0,1.0,0.0,0.0,35.0,5.0,1.0,168.0,10.0,0.0,0.0
LIVE_EPISODIC,PERIODIC_ONLY,Q00_CLEAN,CONTROL_FAILURE,HIGH,4,COMPACT_TYPED,12,1.0,5.0,3.0,2.0,0.0,1.0,1.0,1.0,0.0,0.0,19.0,2.0,0.0,0.0,8.0,0.0,0.0
LIVE_EPISODIC,PERIODIC_ONLY,Q00_CLEAN,CONTROL_FAILURE,HIGH,4,VERBOSE_TYPED,12,1.0,5.0,3.0,2.0,0.0,1.0,1.0,1.0,0.0,0.0,22.0,2.0,0.0,0.0,8.0,0.0,0.0
LIVE_EPISODIC,PERIODIC_ONLY,Q00_CLEAN,CONTROL_FAILURE,HIGH,8,COMPACT_TYPED,12,1.0,10.0,2.0,4.0,0.0,1.0,3.0,1.0,0.0,0.0,29.0,4.0,0.0,0.0,12.0,0.0,0.0
LIVE_EPISODIC,PERIODIC_ONLY,Q00_CLEAN,CONTROL_FAILURE,HIGH,8,VERBOSE_TYPED,12,1.0,10.0,2.0,4.0,0.0,1.0,3.0,1.0,0.0,0.0,32.0,4.0,0.0,0.0,12.0,0.0,0.0
LIVE_EPISODIC,PERIODIC_ONLY,Q00_CLEAN,CONTROL_FAILURE,HIGH,12,COMPACT_TYPED,12,1.0,13.0,3.0,5.0,0.0,1.0,4.0,1.0,0.0,0.0,38.0,5.0,1.0,166.0,10.0,0.0,0.0
LIVE_EPISODIC,PERIODIC_ONLY,Q00_CLEAN,CONTROL_FAILURE,HIGH,12,VERBOSE_TYPED,12,1.0,13.0,3.0,5.0,0.0,1.0,4.0,1.0,0.0,0.0,41.0,5.0,1.0,167.0,10.0,0.0,0.0
LIVE_EPISODIC,PERIODIC_ONLY,Q00_CLEAN,CONTROL_FAILURE,LOW,4,COMPACT_TYPED,12,1.0,6.0,2.0,2.0,0.0,1.0,1.0,1.0,0.0,0.0,17.0,2.0,0.0,0.0,8.0,0.0,0.0
LIVE_EPISODIC,PERIODIC_ONLY,Q00_CLEAN,CONTROL_FAILURE,LOW,4,VERBOSE_TYPED,12,1.0,6.0,2.0,2.0,0.0,1.0,1.0,1.0,0.0,0.0,20.0,2.0,0.0,0.0,8.0,0.0,0.0
LIVE_EPISODIC,PERIODIC_ONLY,Q00_CLEAN,CONTROL_FAILURE,LOW,8,COMPACT_TYPED,12,1.0,10.0,2.0,4.0,0.0,1.0,3.0,1.0,0.0,0.0,29.0,4.0,0.0,0.0,12.0,0.0,0.0
LIVE_EPISODIC,PERIODIC_ONLY,Q00_CLEAN,CONTROL_FAILURE,LOW,8,VERBOSE_TYPED,12,1.0,10.0,2.0,4.0,0.0,1.0,3.0,1.0,0.0,0.0,32.0,4.0,0.0,0.0,12.0,0.0,0.0
LIVE_EPISODIC,PERIODIC_ONLY,Q00_CLEAN,CONTROL_FAILURE,LOW,12,COMPACT_TYPED,12,1.0,14.0,2.0,5.0,0.0,1.0,4.0,1.0,0.0,0.0,36.0,5.0,1.0,166.0,10.0,0.0,0.0
LIVE_EPISODIC,PERIODIC_ONLY,Q00_CLEAN,CONTROL_FAILURE,LOW,12,VERBOSE_TYPED,12,1.0,14.0,2.0,5.0,0.0,1.0,4.0,1.0,0.0,0.0,39.0,5.0,1.0,167.0,10.0,0.0,0.0
LIVE_EPISODIC,PERIODIC_ONLY,Q00_CLEAN,POSE_SHIFT,HIGH,4,COMPACT_TYPED,12,1.0,4.0,4.0,2.0,0.0,1.0,1.0,1.0,0.0,0.0,21.0,2.0,0.0,0.0,8.0,0.0,0.0
LIVE_EPISODIC,PERIODIC_ONLY,Q00_CLEAN,POSE_SHIFT,HIGH,4,VERBOSE_TYPED,12,1.0,4.0,4.0,2.0,0.0,1.0,1.0,1.0,0.0,0.0,24.0,2.0,0.0,0.0,8.0,0.0,0.0
LIVE_EPISODIC,PERIODIC_ONLY,Q00_CLEAN,POSE_SHIFT,HIGH,8,COMPACT_TYPED,12,1.0,10.0,2.0,4.0,0.0,1.0,3.0,1.0,0.0,0.0,29.0,4.0,0.0,0.0,12.0,0.0,0.0
LIVE_EPISODIC,PERIODIC_ONLY,Q00_CLEAN,POSE_SHIFT,HIGH,8,VERBOSE_TYPED,12,1.0,10.0,2.0,4.0,0.0,1.0,3.0,1.0,0.0,0.0,32.0,4.0,0.0,0.0,12.0,0.0,0.0
LIVE_EPISODIC,PERIODIC_ONLY,Q00_CLEAN,POSE_SHIFT,HIGH,12,COMPACT_TYPED,12,1.0,16.0,0.0,5.0,0.0,1.0,4.0,0.0,0.0,0.0,32.0,5.0,1.0,161.0,10.0,0.0,0.0
LIVE_EPISODIC,PERIODIC_ONLY,Q00_CLEAN,POSE_SHIFT,HIGH,12,VERBOSE_TYPED,12,1.0,16.0,0.0,5.0,0.0,1.0,4.0,0.0,0.0,0.0,35.0,5.0,1.0,162.0,10.0,0.0,0.0
LIVE_EPISODIC,PERIODIC_ONLY,Q00_CLEAN,POSE_SHIFT,LOW,4,COMPACT_TYPED,12,1.0,4.0,4.0,2.0,0.0,1.0,1.0,1.0,0.0,0.0,21.0,2.0,0.0,0.0,8.0,0.0,0.0
LIVE_EPISODIC,PERIODIC_ONLY,Q00_CLEAN,POSE_SHIFT,LOW,4,VERBOSE_TYPED,12,1.0,4.0,4.0,2.0,0.0,1.0,1.0,1.0,0.0,0.0,24.0,2.0,0.0,0.0,8.0,0.0,0.0
LIVE_EPISODIC,PERIODIC_ONLY,Q00_CLEAN,POSE_SHIFT,LOW,8,COMPACT_TYPED,12,1.0,10.0,2.0,4.0,0.0,1.0,3.0,1.0,0.0,0.0,29.0,4.0,0.0,0.0,12.0,0.0,0.0
LIVE_EPISODIC,PERIODIC_ONLY,Q00_CLEAN,POSE_SHIFT,LOW,8,VERBOSE_TYPED,12,1.0,10.0,2.0,4.0,0.0,1.0,3.0,1.0,0.0,0.0,32.0,4.0,0.0,0.0,12.0,0.0,0.0
LIVE_EPISODIC,PERIODIC_ONLY,Q00_CLEAN,POSE_SHIFT,LOW,12,COMPACT_TYPED,12,1.0,16.0,0.0,5.0,0.0,1.0,4.0,0.0,0.0,0.0,32.0,5.0,1.0,161.0,10.0,0.0,0.0
LIVE_EPISODIC,PERIODIC_ONLY,Q00_CLEAN,POSE_SHIFT,LOW,12,VERBOSE_TYPED,12,1.0,16.0,0.0,5.0,0.0,1.0,4.0,0.0,0.0,0.0,35.0,5.0,1.0,162.0,10.0,0.0,0.0
LIVE_EPISODIC,PERIODIC_ONLY,Q00_CLEAN,RESTRICTION_CHANGE,HIGH,4,COMPACT_TYPED,12,1.0,4.0,4.0,2.0,0.0,1.0,1.0,1.0,0.0,0.0,21.0,2.0,0.0,0.0,8.0,0.0,0.0
LIVE_EPISODIC,PERIODIC_ONLY,Q00_CLEAN,RESTRICTION_CHANGE,HIGH,4,VERBOSE_TYPED,12,1.0,4.0,4.0,2.0,0.0,1.0,1.0,1.0,0.0,0.0,24.0,2.0,0.0,0.0,8.0,0.0,0.0
LIVE_EPISODIC,PERIODIC_ONLY,Q00_CLEAN,RESTRICTION_CHANGE,HIGH,8,COMPACT_TYPED,12,1.0,10.0,2.0,4.0,0.0,1.0,3.0,1.0,0.0,0.0,29.0,4.0,0.0,0.0,12.0,0.0,0.0
LIVE_EPISODIC,PERIODIC_ONLY,Q00_CLEAN,RESTRICTION_CHANGE,HIGH,8,VERBOSE_TYPED,12,1.0,10.0,2.0,4.0,0.0,1.0,3.0,1.0,0.0,0.0,32.0,4.0,0.0,0.0,12.0,0.0,0.0
LIVE_EPISODIC,PERIODIC_ONLY,Q00_CLEAN,RESTRICTION_CHANGE,HIGH,12,COMPACT_TYPED,12,1.0,16.0,0.0,5.0,0.0,1.0,4.0,1.0,0.0,0.0,32.0,5.0,1.0,164.0,10.0,0.0,0.0
LIVE_EPISODIC,PERIODIC_ONLY,Q00_CLEAN,RESTRICTION_CHANGE,HIGH,12,VERBOSE_TYPED,12,1.0,16.0,0.0,5.0,0.0,1.0,4.0,1.0,0.0,0.0,35.0,5.0,1.0,165.0,10.0,0.0,0.0
LIVE_EPISODIC,PERIODIC_ONLY,Q00_CLEAN,RESTRICTION_CHANGE,LOW,4,COMPACT_TYPED,12,1.0,4.0,4.0,2.0,0.0,1.0,1.0,1.0,0.0,0.0,21.0,2.0,0.0,0.0,8.0,0.0,0.0
LIVE_EPISODIC,PERIODIC_ONLY,Q00_CLEAN,RESTRICTION_CHANGE,LOW,4,VERBOSE_TYPED,12,1.0,4.0,4.0,2.0,0.0,1.0,1.0,1.0,0.0,0.0,24.0,2.0,0.0,0.0,8.0,0.0,0.0
LIVE_EPISODIC,PERIODIC_ONLY,Q00_CLEAN,RESTRICTION_CHANGE,LOW,8,COMPACT_TYPED,12,1.0,10.0,2.0,4.0,0.0,1.0,3.0,1.0,0.0,0.0,29.0,4.0,0.0,0.0,12.0,0.0,0.0
LIVE_EPISODIC,PERIODIC_ONLY,Q00_CLEAN,RESTRICTION_CHANGE,LOW,8,VERBOSE_TYPED,12,1.0,10.0,2.0,4.0,0.0,1.0,3.0,1.0,0.0,0.0,32.0,4.0,0.0,0.0,12.0,0.0,0.0
LIVE_EPISODIC,PERIODIC_ONLY,Q00_CLEAN,RESTRICTION_CHANGE,LOW,12,COMPACT_TYPED,12,1.0,16.0,0.0,5.0,0.0,1.0,4.0,1.0,0.0,0.0,32.0,5.0,1.0,164.0,10.0,0.0,0.0
LIVE_EPISODIC,PERIODIC_ONLY,Q00_CLEAN,RESTRICTION_CHANGE,LOW,12,VERBOSE_TYPED,12,1.0,16.0,0.0,5.0,0.0,1.0,4.0,1.0,0.0,0.0,35.0,5.0,1.0,165.0,10.0,0.0,0.0
LIVE_EPISODIC,PERIODIC_ONLY,Q01_RECALL75,AVAILABILITY_LOSS,HIGH,4,COMPACT_TYPED,12,1.0,4.0,4.0,2.0,0.0,1.0,1.0,1.0,0.0,0.0,20.58333333,2.0,0.0,0.0,8.0,0.0,0.0
LIVE_EPISODIC,PERIODIC_ONLY,Q01_RECALL75,AVAILABILITY_LOSS,HIGH,4,VERBOSE_TYPED,12,1.0,4.0,4.0,2.0,0.0,1.0,1.0,1.0,0.0,0.0,22.33333333,2.0,0.0,0.0,8.0,0.0,0.0
LIVE_EPISODIC,PERIODIC_ONLY,Q01_RECALL75,AVAILABILITY_LOSS,HIGH,8,COMPACT_TYPED,12,1.0,10.0,2.0,4.0,0.0,1.0,3.0,1.0,0.0,0.0,28.83333333,4.0,0.0,0.0,12.0,0.0,0.0
LIVE_EPISODIC,PERIODIC_ONLY,Q01_RECALL75,AVAILABILITY_LOSS,HIGH,8,VERBOSE_TYPED,12,1.0,10.0,2.0,4.0,0.0,1.0,3.0,1.0,0.0,0.0,31.33333333,4.0,0.0,0.0,12.0,0.0,0.0
LIVE_EPISODIC,PERIODIC_ONLY,Q01_RECALL75,AVAILABILITY_LOSS,HIGH,12,COMPACT_TYPED,12,1.0,15.0,1.0,5.0,0.0,1.0,4.0,1.0,0.0,0.0,33.33333333,5.0,0.66666667,111.33333333,12.0,0.0,0.0
LIVE_EPISODIC,PERIODIC_ONLY,Q01_RECALL75,AVAILABILITY_LOSS,HIGH,12,VERBOSE_TYPED,12,1.0,15.0,1.0,5.0,0.0,1.0,4.0,1.0,0.0,0.0,35.33333333,5.0,0.66666667,112.0,12.0,0.0,0.0
LIVE_EPISODIC,PERIODIC_ONLY,Q01_RECALL75,AVAILABILITY_LOSS,LOW,4,COMPACT_TYPED,12,1.0,4.0,4.0,2.0,0.0,1.0,1.0,1.0,0.0,0.0,20.66666667,2.0,0.0,0.0,8.0,0.0,0.0
LIVE_EPISODIC,PERIODIC_ONLY,Q01_RECALL75,AVAILABILITY_LOSS,LOW,4,VERBOSE_TYPED,12,1.0,4.0,4.0,2.0,0.0,1.0,1.0,1.0,0.0,0.0,22.66666667,2.0,0.0,0.0,8.0,0.0,0.0
LIVE_EPISODIC,PERIODIC_ONLY,Q01_RECALL75,AVAILABILITY_LOSS,LOW,8,COMPACT_TYPED,12,1.0,10.0,2.0,4.0,0.0,1.0,3.0,1.0,0.0,0.0,28.83333333,4.0,0.0,0.0,12.0,0.0,0.0
LIVE_EPISODIC,PERIODIC_ONLY,Q01_RECALL75,AVAILABILITY_LOSS,LOW,8,VERBOSE_TYPED,12,1.0,10.0,2.0,4.0,0.0,1.0,3.0,1.0,0.0,0.0,31.33333333,4.0,0.0,0.0,12.0,0.0,0.0
LIVE_EPISODIC,PERIODIC_ONLY,Q01_RECALL75,AVAILABILITY_LOSS,LOW,12,COMPACT_TYPED,12,1.0,15.5,0.5,5.0,0.0,1.0,4.0,1.0,0.0,0.0,32.66666667,5.0,0.83333333,139.16666667,11.0,0.0,0.0
LIVE_EPISODIC,PERIODIC_ONLY,Q01_RECALL75,AVAILABILITY_LOSS,LOW,12,VERBOSE_TYPED,12,1.0,15.5,0.5,5.0,0.0,1.0,4.0,1.0,0.0,0.0,35.16666667,5.0,0.83333333,140.0,11.0,0.0,0.0
LIVE_EPISODIC,PERIODIC_ONLY,Q01_RECALL75,CONTROL_FAILURE,HIGH,4,COMPACT_TYPED,12,1.0,5.0,3.0,2.0,0.0,1.0,1.0,1.0,0.0,0.0,18.66666667,2.0,0.0,0.0,8.0,0.0,0.0
LIVE_EPISODIC,PERIODIC_ONLY,Q01_RECALL75,CONTROL_FAILURE,HIGH,4,VERBOSE_TYPED,12,1.0,5.0,3.0,2.0,0.0,1.0,1.0,1.0,0.0,0.0,20.66666667,2.0,0.0,0.0,8.0,0.0,0.0
LIVE_EPISODIC,PERIODIC_ONLY,Q01_RECALL75,CONTROL_FAILURE,HIGH,8,COMPACT_TYPED,12,1.0,10.0,2.0,4.0,0.0,1.0,3.0,1.0,0.0,0.0,28.58333333,4.0,0.0,0.0,12.0,0.0,0.0
LIVE_EPISODIC,PERIODIC_ONLY,Q01_RECALL75,CONTROL_FAILURE,HIGH,8,VERBOSE_TYPED,12,1.0,10.0,2.0,4.0,0.0,1.0,3.0,1.0,0.0,0.0,30.33333333,4.0,0.0,0.0,12.0,0.0,0.0
LIVE_EPISODIC,PERIODIC_ONLY,Q01_RECALL75,CONTROL_FAILURE,HIGH,12,COMPACT_TYPED,12,1.0,13.0,3.0,5.0,0.0,1.0,4.0,1.0,0.0,0.0,37.66666667,5.0,0.83333333,138.33333333,11.0,0.0,0.0
LIVE_EPISODIC,PERIODIC_ONLY,Q01_RECALL75,CONTROL_FAILURE,HIGH,12,VERBOSE_TYPED,12,1.0,13.0,3.0,5.0,0.0,1.0,4.0,1.0,0.0,0.0,40.16666667,5.0,0.83333333,139.16666667,11.0,0.0,0.0
LIVE_EPISODIC,PERIODIC_ONLY,Q01_RECALL75,CONTROL_FAILURE,LOW,4,COMPACT_TYPED,12,1.0,6.0,2.0,2.0,0.0,1.0,1.0,1.0,0.0,0.0,16.91666667,2.0,0.0,0.0,8.0,0.0,0.0
LIVE_EPISODIC,PERIODIC_ONLY,Q01_RECALL75,CONTROL_FAILURE,LOW,4,VERBOSE_TYPED,12,1.0,6.0,2.0,2.0,0.0,1.0,1.0,1.0,0.0,0.0,19.66666667,2.0,0.0,0.0,8.0,0.0,0.0
LIVE_EPISODIC,PERIODIC_ONLY,Q01_RECALL75,CONTROL_FAILURE,LOW,8,COMPACT_TYPED,12,1.0,10.0,2.0,4.0,0.0,1.0,3.0,1.0,0.0,0.0,28.66666667,4.0,0.0,0.0,12.0,0.0,0.0
LIVE_EPISODIC,PERIODIC_ONLY,Q01_RECALL75,CONTROL_FAILURE,LOW,8,VERBOSE_TYPED,12,1.0,10.0,2.0,4.0,0.0,1.0,3.0,1.0,0.0,0.0,30.66666667,4.0,0.0,0.0,12.0,0.0,0.0
LIVE_EPISODIC,PERIODIC_ONLY,Q01_RECALL75,CONTROL_FAILURE,LOW,12,COMPACT_TYPED,12,1.0,14.0,2.0,5.0,0.0,1.0,4.0,1.0,0.0,0.0,35.66666667,5.0,0.83333333,138.33333333,11.0,0.0,0.0
LIVE_EPISODIC,PERIODIC_ONLY,Q01_RECALL75,CONTROL_FAILURE,LOW,12,VERBOSE_TYPED,12,1.0,14.0,2.0,5.0,0.0,1.0,4.0,1.0,0.0,0.0,38.16666667,5.0,0.83333333,139.16666667,11.0,0.0,0.0
LIVE_EPISODIC,PERIODIC_ONLY,Q01_RECALL75,POSE_SHIFT,HIGH,4,COMPACT_TYPED,12,1.0,4.0,4.0,2.0,0.0,1.0,1.0,1.0,0.0,0.0,20.66666667,2.0,0.0,0.0,8.0,0.0,0.0
LIVE_EPISODIC,PERIODIC_ONLY,Q01_RECALL75,POSE_SHIFT,HIGH,4,VERBOSE_TYPED,12,1.0,4.0,4.0,2.0,0.0,1.0,1.0,1.0,0.0,0.0,22.66666667,2.0,0.0,0.0,8.0,0.0,0.0
LIVE_EPISODIC,PERIODIC_ONLY,Q01_RECALL75,POSE_SHIFT,HIGH,8,COMPACT_TYPED,12,1.0,10.0,2.0,4.0,0.0,1.0,3.0,1.0,0.0,0.0,28.41666667,4.0,0.0,0.0,12.0,0.0,0.0
LIVE_EPISODIC,PERIODIC_ONLY,Q01_RECALL75,POSE_SHIFT,HIGH,8,VERBOSE_TYPED,12,1.0,10.0,2.0,4.0,0.0,1.0,3.0,1.0,0.0,0.0,29.66666667,4.0,0.0,0.0,12.0,0.0,0.0
LIVE_EPISODIC,PERIODIC_ONLY,Q01_RECALL75,POSE_SHIFT,HIGH,12,COMPACT_TYPED,12,1.0,15.0,1.0,5.0,0.0,1.0,4.0,0.33333333,0.0,0.0,33.33333333,5.0,0.66666667,107.33333333,12.0,0.0,0.0
LIVE_EPISODIC,PERIODIC_ONLY,Q01_RECALL75,POSE_SHIFT,HIGH,12,VERBOSE_TYPED,12,1.0,15.0,1.0,5.0,0.0,1.0,4.0,0.33333333,0.0,0.0,35.33333333,5.0,0.66666667,108.0,12.0,0.0,0.0
LIVE_EPISODIC,PERIODIC_ONLY,Q01_RECALL75,POSE_SHIFT,LOW,4,COMPACT_TYPED,12,1.0,4.0,4.0,2.0,0.0,1.0,1.0,1.0,0.0,0.0,20.66666667,2.0,0.0,0.0,8.0,0.0,0.0
LIVE_EPISODIC,PERIODIC_ONLY,Q01_RECALL75,POSE_SHIFT,LOW,4,VERBOSE_TYPED,12,1.0,4.0,4.0,2.0,0.0,1.0,1.0,1.0,0.0,0.0,22.66666667,2.0,0.0,0.0,8.0,0.0,0.0
LIVE_EPISODIC,PERIODIC_ONLY,Q01_RECALL75,POSE_SHIFT,LOW,8,COMPACT_TYPED,12,1.0,10.0,2.0,4.0,0.0,1.0,3.0,1.0,0.0,0.0,28.58333333,4.0,0.0,0.0,12.0,0.0,0.0
LIVE_EPISODIC,PERIODIC_ONLY,Q01_RECALL75,POSE_SHIFT,LOW,8,VERBOSE_TYPED,12,1.0,10.0,2.0,4.0,0.0,1.0,3.0,1.0,0.0,0.0,30.33333333,4.0,0.0,0.0,12.0,0.0,0.0
LIVE_EPISODIC,PERIODIC_ONLY,Q01_RECALL75,POSE_SHIFT,LOW,12,COMPACT_TYPED,12,1.0,15.0,1.0,5.0,0.0,1.0,4.0,0.33333333,0.0,0.0,33.33333333,5.0,0.66666667,107.33333333,12.0,0.0,0.0
LIVE_EPISODIC,PERIODIC_ONLY,Q01_RECALL75,POSE_SHIFT,LOW,12,VERBOSE_TYPED,12,1.0,15.0,1.0,5.0,0.0,1.0,4.0,0.33333333,0.0,0.0,35.33333333,5.0,0.66666667,108.0,12.0,0.0,0.0
LIVE_EPISODIC,PERIODIC_ONLY,Q01_RECALL75,RESTRICTION_CHANGE,HIGH,4,COMPACT_TYPED,12,1.0,4.0,4.0,2.0,0.0,1.0,1.0,1.0,0.0,0.0,20.75,2.0,0.0,0.0,8.0,0.0,0.0
LIVE_EPISODIC,PERIODIC_ONLY,Q01_RECALL75,RESTRICTION_CHANGE,HIGH,4,VERBOSE_TYPED,12,1.0,4.0,4.0,2.0,0.0,1.0,1.0,1.0,0.0,0.0,23.0,2.0,0.0,0.0,8.0,0.0,0.0
LIVE_EPISODIC,PERIODIC_ONLY,Q01_RECALL75,RESTRICTION_CHANGE,HIGH,8,COMPACT_TYPED,12,1.0,10.0,2.0,4.0,0.0,1.0,3.0,1.0,0.0,0.0,28.75,4.0,0.0,0.0,12.0,0.0,0.0
LIVE_EPISODIC,PERIODIC_ONLY,Q01_RECALL75,RESTRICTION_CHANGE,HIGH,8,VERBOSE_TYPED,12,1.0,10.0,2.0,4.0,0.0,1.0,3.0,1.0,0.0,0.0,31.0,4.0,0.0,0.0,12.0,0.0,0.0
LIVE_EPISODIC,PERIODIC_ONLY,Q01_RECALL75,RESTRICTION_CHANGE,HIGH,12,COMPACT_TYPED,12,1.0,15.5,0.5,5.0,0.0,1.0,4.0,1.0,0.0,0.0,32.66666667,5.0,0.83333333,136.66666667,11.0,0.0,0.0
LIVE_EPISODIC,PERIODIC_ONLY,Q01_RECALL75,RESTRICTION_CHANGE,HIGH,12,VERBOSE_TYPED,12,1.0,15.5,0.5,5.0,0.0,1.0,4.0,1.0,0.0,0.0,35.16666667,5.0,0.83333333,137.5,11.0,0.0,0.0
LIVE_EPISODIC,PERIODIC_ONLY,Q01_RECALL75,RESTRICTION_CHANGE,LOW,4,COMPACT_TYPED,12,1.0,4.0,4.0,2.0,0.0,1.0,1.0,1.0,0.0,0.0,20.83333333,2.0,0.0,0.0,8.0,0.0,0.0
LIVE_EPISODIC,PERIODIC_ONLY,Q01_RECALL75,RESTRICTION_CHANGE,LOW,4,VERBOSE_TYPED,12,1.0,4.0,4.0,2.0,0.0,1.0,1.0,1.0,0.0,0.0,23.33333333,2.0,0.0,0.0,8.0,0.0,0.0
LIVE_EPISODIC,PERIODIC_ONLY,Q01_RECALL75,RESTRICTION_CHANGE,LOW,8,COMPACT_TYPED,12,1.0,10.0,2.0,4.0,0.0,1.0,3.0,1.0,0.0,0.0,28.75,4.0,0.0,0.0,12.0,0.0,0.0
LIVE_EPISODIC,PERIODIC_ONLY,Q01_RECALL75,RESTRICTION_CHANGE,LOW,8,VERBOSE_TYPED,12,1.0,10.0,2.0,4.0,0.0,1.0,3.0,1.0,0.0,0.0,31.0,4.0,0.0,0.0,12.0,0.0,0.0
LIVE_EPISODIC,PERIODIC_ONLY,Q01_RECALL75,RESTRICTION_CHANGE,LOW,12,COMPACT_TYPED,12,1.0,15.25,0.75,5.0,0.0,1.0,4.0,1.0,0.0,0.0,33.0,5.0,0.75,123.0,11.5,0.0,0.0
LIVE_EPISODIC,PERIODIC_ONLY,Q01_RECALL75,RESTRICTION_CHANGE,LOW,12,VERBOSE_TYPED,12,1.0,15.25,0.75,5.0,0.0,1.0,4.0,1.0,0.0,0.0,35.25,5.0,0.75,123.75,11.5,0.0,0.0
LIVE_EPISODIC,PERIODIC_ONLY,Q02_RECALL50,AVAILABILITY_LOSS,HIGH,4,COMPACT_TYPED,12,1.0,4.0,4.0,2.0,0.0,1.0,1.0,1.0,0.0,0.0,20.5,2.0,0.0,0.0,8.0,0.0,0.0
LIVE_EPISODIC,PERIODIC_ONLY,Q02_RECALL50,AVAILABILITY_LOSS,HIGH,4,VERBOSE_TYPED,12,1.0,4.0,4.0,2.0,0.0,1.0,1.0,1.0,0.0,0.0,22.0,2.0,0.0,0.0,8.0,0.0,0.0
LIVE_EPISODIC,PERIODIC_ONLY,Q02_RECALL50,AVAILABILITY_LOSS,HIGH,8,COMPACT_TYPED,12,1.0,10.0,2.0,4.0,0.0,1.0,3.0,1.0,0.0,0.0,28.66666667,4.0,0.0,0.0,12.0,0.0,0.0
LIVE_EPISODIC,PERIODIC_ONLY,Q02_RECALL50,AVAILABILITY_LOSS,HIGH,8,VERBOSE_TYPED,12,1.0,10.0,2.0,4.0,0.0,1.0,3.0,1.0,0.0,0.0,30.66666667,4.0,0.0,0.0,12.0,0.0,0.0
LIVE_EPISODIC,PERIODIC_ONLY,Q02_RECALL50,AVAILABILITY_LOSS,HIGH,12,COMPACT_TYPED,12,1.0,14.25,1.75,5.0,0.0,1.0,4.0,1.0,0.0,0.0,34.33333333,5.0,0.41666667,69.58333333,13.5,0.0,0.0
LIVE_EPISODIC,PERIODIC_ONLY,Q02_RECALL50,AVAILABILITY_LOSS,HIGH,12,VERBOSE_TYPED,12,1.0,14.25,1.75,5.0,0.0,1.0,4.0,1.0,0.0,0.0,35.58333333,5.0,0.41666667,70.0,13.5,0.0,0.0
LIVE_EPISODIC,PERIODIC_ONLY,Q02_RECALL50,AVAILABILITY_LOSS,LOW,4,COMPACT_TYPED,12,1.0,4.0,4.0,2.0,0.0,1.0,1.0,1.0,0.0,0.0,20.33333333,2.0,0.0,0.0,8.0,0.0,0.0
LIVE_EPISODIC,PERIODIC_ONLY,Q02_RECALL50,AVAILABILITY_LOSS,LOW,4,VERBOSE_TYPED,12,1.0,4.0,4.0,2.0,0.0,1.0,1.0,1.0,0.0,0.0,21.33333333,2.0,0.0,0.0,8.0,0.0,0.0
LIVE_EPISODIC,PERIODIC_ONLY,Q02_RECALL50,AVAILABILITY_LOSS,LOW,8,COMPACT_TYPED,12,1.0,10.0,2.0,4.0,0.0,1.0,3.0,1.0,0.0,0.0,28.58333333,4.0,0.0,0.0,12.0,0.0,0.0
LIVE_EPISODIC,PERIODIC_ONLY,Q02_RECALL50,AVAILABILITY_LOSS,LOW,8,VERBOSE_TYPED,12,1.0,10.0,2.0,4.0,0.0,1.0,3.0,1.0,0.0,0.0,30.33333333,4.0,0.0,0.0,12.0,0.0,0.0
LIVE_EPISODIC,PERIODIC_ONLY,Q02_RECALL50,AVAILABILITY_LOSS,LOW,12,COMPACT_TYPED,12,1.0,15.0,1.0,5.0,0.0,1.0,4.0,1.0,0.0,0.0,33.33333333,5.0,0.66666667,111.33333333,12.0,0.0,0.0
LIVE_EPISODIC,PERIODIC_ONLY,Q02_RECALL50,AVAILABILITY_LOSS,LOW,12,VERBOSE_TYPED,12,1.0,15.0,1.0,5.0,0.0,1.0,4.0,1.0,0.0,0.0,35.33333333,5.0,0.66666667,112.0,12.0,0.0,0.0
LIVE_EPISODIC,PERIODIC_ONLY,Q02_RECALL50,CONTROL_FAILURE,HIGH,4,COMPACT_TYPED,12,1.0,5.0,3.0,2.0,0.0,1.0,1.0,1.0,0.0,0.0,18.5,2.0,0.0,0.0,8.0,0.0,0.0
LIVE_EPISODIC,PERIODIC_ONLY,Q02_RECALL50,CONTROL_FAILURE,HIGH,4,VERBOSE_TYPED,12,1.0,5.0,3.0,2.0,0.0,1.0,1.0,1.0,0.0,0.0,20.0,2.0,0.0,0.0,8.0,0.0,0.0
LIVE_EPISODIC,PERIODIC_ONLY,Q02_RECALL50,CONTROL_FAILURE,HIGH,8,COMPACT_TYPED,12,1.0,10.0,2.0,4.0,0.0,1.0,3.0,1.0,0.0,0.0,28.41666667,4.0,0.0,0.0,12.0,0.0,0.0
LIVE_EPISODIC,PERIODIC_ONLY,Q02_RECALL50,CONTROL_FAILURE,HIGH,8,VERBOSE_TYPED,12,1.0,10.0,2.0,4.0,0.0,1.0,3.0,1.0,0.0,0.0,29.66666667,4.0,0.0,0.0,12.0,0.0,0.0
LIVE_EPISODIC,PERIODIC_ONLY,Q02_RECALL50,CONTROL_FAILURE,HIGH,12,COMPACT_TYPED,12,1.0,13.0,3.0,5.0,0.0,1.0,4.0,1.0,0.0,0.0,37.16666667,5.0,0.58333333,96.83333333,12.5,0.0,0.0
LIVE_EPISODIC,PERIODIC_ONLY,Q02_RECALL50,CONTROL_FAILURE,HIGH,12,VERBOSE_TYPED,12,1.0,13.0,3.0,5.0,0.0,1.0,4.0,1.0,0.0,0.0,38.91666667,5.0,0.58333333,97.41666667,12.5,0.0,0.0
LIVE_EPISODIC,PERIODIC_ONLY,Q02_RECALL50,CONTROL_FAILURE,LOW,4,COMPACT_TYPED,12,1.0,6.0,2.0,2.0,0.0,1.0,1.0,1.0,0.0,0.0,16.83333333,2.0,0.0,0.0,8.0,0.0,0.0
LIVE_EPISODIC,PERIODIC_ONLY,Q02_RECALL50,CONTROL_FAILURE,LOW,4,VERBOSE_TYPED,12,1.0,6.0,2.0,2.0,0.0,1.0,1.0,1.0,0.0,0.0,19.33333333,2.0,0.0,0.0,8.0,0.0,0.0
LIVE_EPISODIC,PERIODIC_ONLY,Q02_RECALL50,CONTROL_FAILURE,LOW,8,COMPACT_TYPED,12,1.0,10.0,2.0,4.0,0.0,1.0,3.0,1.0,0.0,0.0,28.58333333,4.0,0.0,0.0,12.0,0.0,0.0
LIVE_EPISODIC,PERIODIC_ONLY,Q02_RECALL50,CONTROL_FAILURE,LOW,8,VERBOSE_TYPED,12,1.0,10.0,2.0,4.0,0.0,1.0,3.0,1.0,0.0,0.0,30.33333333,4.0,0.0,0.0,12.0,0.0,0.0
LIVE_EPISODIC,PERIODIC_ONLY,Q02_RECALL50,CONTROL_FAILURE,LOW,12,COMPACT_TYPED,12,1.0,14.0,2.0,5.0,0.0,1.0,4.0,1.0,0.0,0.0,34.66666667,5.0,0.33333333,55.33333333,14.0,0.0,0.0
LIVE_EPISODIC,PERIODIC_ONLY,Q02_RECALL50,CONTROL_FAILURE,LOW,12,VERBOSE_TYPED,12,1.0,14.0,2.0,5.0,0.0,1.0,4.0,1.0,0.0,0.0,35.66666667,5.0,0.33333333,55.66666667,14.0,0.0,0.0
LIVE_EPISODIC,PERIODIC_ONLY,Q02_RECALL50,POSE_SHIFT,HIGH,4,COMPACT_TYPED,12,1.0,4.0,4.0,2.0,0.0,1.0,1.0,1.0,0.0,0.0,20.33333333,2.0,0.0,0.0,8.0,0.0,0.0
LIVE_EPISODIC,PERIODIC_ONLY,Q02_RECALL50,POSE_SHIFT,HIGH,4,VERBOSE_TYPED,12,1.0,4.0,4.0,2.0,0.0,1.0,1.0,1.0,0.0,0.0,21.33333333,2.0,0.0,0.0,8.0,0.0,0.0
LIVE_EPISODIC,PERIODIC_ONLY,Q02_RECALL50,POSE_SHIFT,HIGH,8,COMPACT_TYPED,12,1.0,10.0,2.0,4.0,0.0,1.0,3.0,1.0,0.0,0.0,28.41666667,4.0,0.0,0.0,12.0,0.0,0.0
LIVE_EPISODIC,PERIODIC_ONLY,Q02_RECALL50,POSE_SHIFT,HIGH,8,VERBOSE_TYPED,12,1.0,10.0,2.0,4.0,0.0,1.0,3.0,1.0,0.0,0.0,29.66666667,4.0,0.0,0.0,12.0,0.0,0.0
LIVE_EPISODIC,PERIODIC_ONLY,Q02_RECALL50,POSE_SHIFT,HIGH,12,COMPACT_TYPED,12,1.0,14.5,1.5,5.0,0.0,1.0,4.0,0.5,0.0,0.0,34.0,5.0,0.5,80.5,13.0,0.0,0.0
LIVE_EPISODIC,PERIODIC_ONLY,Q02_RECALL50,POSE_SHIFT,HIGH,12,VERBOSE_TYPED,12,1.0,14.5,1.5,5.0,0.0,1.0,4.0,0.5,0.0,0.0,35.5,5.0,0.5,81.0,13.0,0.0,0.0
LIVE_EPISODIC,PERIODIC_ONLY,Q02_RECALL50,POSE_SHIFT,LOW,4,COMPACT_TYPED,12,1.0,4.0,4.0,2.0,0.0,1.0,1.0,1.0,0.0,0.0,20.58333333,2.0,0.0,0.0,8.0,0.0,0.0
LIVE_EPISODIC,PERIODIC_ONLY,Q02_RECALL50,POSE_SHIFT,LOW,4,VERBOSE_TYPED,12,1.0,4.0,4.0,2.0,0.0,1.0,1.0,1.0,0.0,0.0,22.33333333,2.0,0.0,0.0,8.0,0.0,0.0
LIVE_EPISODIC,PERIODIC_ONLY,Q02_RECALL50,POSE_SHIFT,LOW,8,COMPACT_TYPED,12,1.0,10.0,2.0,4.0,0.0,1.0,3.0,1.0,0.0,0.0,28.33333333,4.0,0.0,0.0,12.0,0.0,0.0
LIVE_EPISODIC,PERIODIC_ONLY,Q02_RECALL50,POSE_SHIFT,LOW,8,VERBOSE_TYPED,12,1.0,10.0,2.0,4.0,0.0,1.0,3.0,1.0,0.0,0.0,29.33333333,4.0,0.0,0.0,12.0,0.0,0.0
LIVE_EPISODIC,PERIODIC_ONLY,Q02_RECALL50,POSE_SHIFT,LOW,12,COMPACT_TYPED,12,1.0,14.0,2.0,5.0,0.0,1.0,4.0,0.66666667,0.0,0.0,34.66666667,5.0,0.33333333,53.66666667,14.0,0.0,0.0
LIVE_EPISODIC,PERIODIC_ONLY,Q02_RECALL50,POSE_SHIFT,LOW,12,VERBOSE_TYPED,12,1.0,14.0,2.0,5.0,0.0,1.0,4.0,0.66666667,0.0,0.0,35.66666667,5.0,0.33333333,54.0,14.0,0.0,0.0
LIVE_EPISODIC,PERIODIC_ONLY,Q02_RECALL50,RESTRICTION_CHANGE,HIGH,4,COMPACT_TYPED,12,1.0,4.0,4.0,2.0,0.0,1.0,1.0,1.0,0.0,0.0,20.41666667,2.0,0.0,0.0,8.0,0.0,0.0
LIVE_EPISODIC,PERIODIC_ONLY,Q02_RECALL50,RESTRICTION_CHANGE,HIGH,4,VERBOSE_TYPED,12,1.0,4.0,4.0,2.0,0.0,1.0,1.0,1.0,0.0,0.0,21.66666667,2.0,0.0,0.0,8.0,0.0,0.0
LIVE_EPISODIC,PERIODIC_ONLY,Q02_RECALL50,RESTRICTION_CHANGE,HIGH,8,COMPACT_TYPED,12,1.0,10.0,2.0,4.0,0.0,1.0,3.0,1.0,0.0,0.0,28.5,4.0,0.0,0.0,12.0,0.0,0.0
LIVE_EPISODIC,PERIODIC_ONLY,Q02_RECALL50,RESTRICTION_CHANGE,HIGH,8,VERBOSE_TYPED,12,1.0,10.0,2.0,4.0,0.0,1.0,3.0,1.0,0.0,0.0,30.0,4.0,0.0,0.0,12.0,0.0,0.0
LIVE_EPISODIC,PERIODIC_ONLY,Q02_RECALL50,RESTRICTION_CHANGE,HIGH,12,COMPACT_TYPED,12,1.0,14.5,1.5,5.0,0.0,1.0,4.0,1.0,0.0,0.0,34.0,5.0,0.5,82.0,13.0,0.0,0.0
LIVE_EPISODIC,PERIODIC_ONLY,Q02_RECALL50,RESTRICTION_CHANGE,HIGH,12,VERBOSE_TYPED,12,1.0,14.5,1.5,5.0,0.0,1.0,4.0,1.0,0.0,0.0,35.5,5.0,0.5,82.5,13.0,0.0,0.0
LIVE_EPISODIC,PERIODIC_ONLY,Q02_RECALL50,RESTRICTION_CHANGE,LOW,4,COMPACT_TYPED,12,1.0,4.0,4.0,2.0,0.0,1.0,1.0,1.0,0.0,0.0,20.66666667,2.0,0.0,0.0,8.0,0.0,0.0
LIVE_EPISODIC,PERIODIC_ONLY,Q02_RECALL50,RESTRICTION_CHANGE,LOW,4,VERBOSE_TYPED,12,1.0,4.0,4.0,2.0,0.0,1.0,1.0,1.0,0.0,0.0,22.66666667,2.0,0.0,0.0,8.0,0.0,0.0
LIVE_EPISODIC,PERIODIC_ONLY,Q02_RECALL50,RESTRICTION_CHANGE,LOW,8,COMPACT_TYPED,12,1.0,10.0,2.0,4.0,0.0,1.0,3.0,1.0,0.0,0.0,28.41666667,4.0,0.0,0.0,12.0,0.0,0.0
LIVE_EPISODIC,PERIODIC_ONLY,Q02_RECALL50,RESTRICTION_CHANGE,LOW,8,VERBOSE_TYPED,12,1.0,10.0,2.0,4.0,0.0,1.0,3.0,1.0,0.0,0.0,29.66666667,4.0,0.0,0.0,12.0,0.0,0.0
LIVE_EPISODIC,PERIODIC_ONLY,Q02_RECALL50,RESTRICTION_CHANGE,LOW,12,COMPACT_TYPED,12,1.0,14.25,1.75,5.0,0.0,1.0,4.0,1.0,0.0,0.0,34.33333333,5.0,0.41666667,68.33333333,13.5,0.0,0.0
LIVE_EPISODIC,PERIODIC_ONLY,Q02_RECALL50,RESTRICTION_CHANGE,LOW,12,VERBOSE_TYPED,12,1.0,14.25,1.75,5.0,0.0,1.0,4.0,1.0,0.0,0.0,35.58333333,5.0,0.41666667,68.75,13.5,0.0,0.0
LIVE_EPISODIC,PERIODIC_ONLY,Q03_RECALL25,AVAILABILITY_LOSS,HIGH,4,COMPACT_TYPED,12,1.0,4.0,4.0,2.0,0.0,1.0,1.0,1.0,0.0,0.0,20.16666667,2.0,0.0,0.0,8.0,0.0,0.0
LIVE_EPISODIC,PERIODIC_ONLY,Q03_RECALL25,AVAILABILITY_LOSS,HIGH,4,VERBOSE_TYPED,12,1.0,4.0,4.0,2.0,0.0,1.0,1.0,1.0,0.0,0.0,20.66666667,2.0,0.0,0.0,8.0,0.0,0.0
LIVE_EPISODIC,PERIODIC_ONLY,Q03_RECALL25,AVAILABILITY_LOSS,HIGH,8,COMPACT_TYPED,12,1.0,10.0,2.0,4.0,0.0,1.0,3.0,1.0,0.0,0.0,28.5,4.0,0.0,0.0,12.0,0.0,0.0
LIVE_EPISODIC,PERIODIC_ONLY,Q03_RECALL25,AVAILABILITY_LOSS,HIGH,8,VERBOSE_TYPED,12,1.0,10.0,2.0,4.0,0.0,1.0,3.0,1.0,0.0,0.0,30.0,4.0,0.0,0.0,12.0,0.0,0.0
LIVE_EPISODIC,PERIODIC_ONLY,Q03_RECALL25,AVAILABILITY_LOSS,HIGH,12,COMPACT_TYPED,12,1.0,13.75,2.25,5.0,0.0,1.0,4.0,1.0,0.0,0.0,35.0,5.0,0.25,41.75,14.5,0.0,0.0
LIVE_EPISODIC,PERIODIC_ONLY,Q03_RECALL25,AVAILABILITY_LOSS,HIGH,12,VERBOSE_TYPED,12,1.0,13.75,2.25,5.0,0.0,1.0,4.0,1.0,0.0,0.0,35.75,5.0,0.25,42.0,14.5,0.0,0.0
LIVE_EPISODIC,PERIODIC_ONLY,Q03_RECALL25,AVAILABILITY_LOSS,LOW,4,COMPACT_TYPED,12,1.0,4.0,4.0,2.0,0.0,1.0,1.0,1.0,0.0,0.0,20.0,2.0,0.0,0.0,8.0,0.0,0.0
LIVE_EPISODIC,PERIODIC_ONLY,Q03_RECALL25,AVAILABILITY_LOSS,LOW,4,VERBOSE_TYPED,12,1.0,4.0,4.0,2.0,0.0,1.0,1.0,1.0,0.0,0.0,20.0,2.0,0.0,0.0,8.0,0.0,0.0
LIVE_EPISODIC,PERIODIC_ONLY,Q03_RECALL25,AVAILABILITY_LOSS,LOW,8,COMPACT_TYPED,12,1.0,10.0,2.0,4.0,0.0,1.0,3.0,1.0,0.0,0.0,28.33333333,4.0,0.0,0.0,12.0,0.0,0.0
LIVE_EPISODIC,PERIODIC_ONLY,Q03_RECALL25,AVAILABILITY_LOSS,LOW,8,VERBOSE_TYPED,12,1.0,10.0,2.0,4.0,0.0,1.0,3.0,1.0,0.0,0.0,29.33333333,4.0,0.0,0.0,12.0,0.0,0.0
LIVE_EPISODIC,PERIODIC_ONLY,Q03_RECALL25,AVAILABILITY_LOSS,LOW,12,COMPACT_TYPED,12,1.0,13.75,2.25,5.0,0.0,1.0,4.0,1.0,0.0,0.0,35.0,5.0,0.25,41.75,14.5,0.0,0.0
LIVE_EPISODIC,PERIODIC_ONLY,Q03_RECALL25,AVAILABILITY_LOSS,LOW,12,VERBOSE_TYPED,12,1.0,13.75,2.25,5.0,0.0,1.0,4.0,1.0,0.0,0.0,35.75,5.0,0.25,42.0,14.5,0.0,0.0
LIVE_EPISODIC,PERIODIC_ONLY,Q03_RECALL25,CONTROL_FAILURE,HIGH,4,COMPACT_TYPED,12,1.0,5.0,3.0,2.0,0.0,1.0,1.0,1.0,0.0,0.0,18.41666667,2.0,0.0,0.0,8.0,0.0,0.0
LIVE_EPISODIC,PERIODIC_ONLY,Q03_RECALL25,CONTROL_FAILURE,HIGH,4,VERBOSE_TYPED,12,1.0,5.0,3.0,2.0,0.0,1.0,1.0,1.0,0.0,0.0,19.66666667,2.0,0.0,0.0,8.0,0.0,0.0
LIVE_EPISODIC,PERIODIC_ONLY,Q03_RECALL25,CONTROL_FAILURE,HIGH,8,COMPACT_TYPED,12,1.0,10.0,2.0,4.0,0.0,1.0,3.0,1.0,0.0,0.0,28.25,4.0,0.0,0.0,12.0,0.0,0.0
LIVE_EPISODIC,PERIODIC_ONLY,Q03_RECALL25,CONTROL_FAILURE,HIGH,8,VERBOSE_TYPED,12,1.0,10.0,2.0,4.0,0.0,1.0,3.0,1.0,0.0,0.0,29.0,4.0,0.0,0.0,12.0,0.0,0.0
LIVE_EPISODIC,PERIODIC_ONLY,Q03_RECALL25,CONTROL_FAILURE,HIGH,12,COMPACT_TYPED,12,1.0,13.0,3.0,5.0,0.0,1.0,4.0,1.0,0.0,0.0,36.0,5.0,0.0,0.0,16.0,0.0,0.0
LIVE_EPISODIC,PERIODIC_ONLY,Q03_RECALL25,CONTROL_FAILURE,HIGH,12,VERBOSE_TYPED,12,1.0,13.0,3.0,5.0,0.0,1.0,4.0,1.0,0.0,0.0,36.0,5.0,0.0,0.0,16.0,0.0,0.0
LIVE_EPISODIC,PERIODIC_ONLY,Q03_RECALL25,CONTROL_FAILURE,LOW,4,COMPACT_TYPED,12,1.0,6.0,2.0,2.0,0.0,1.0,1.0,1.0,0.0,0.0,16.41666667,2.0,0.0,0.0,8.0,0.0,0.0
LIVE_EPISODIC,PERIODIC_ONLY,Q03_RECALL25,CONTROL_FAILURE,LOW,4,VERBOSE_TYPED,12,1.0,6.0,2.0,2.0,0.0,1.0,1.0,1.0,0.0,0.0,17.66666667,2.0,0.0,0.0,8.0,0.0,0.0
LIVE_EPISODIC,PERIODIC_ONLY,Q03_RECALL25,CONTROL_FAILURE,LOW,8,COMPACT_TYPED,12,1.0,10.0,2.0,4.0,0.0,1.0,3.0,1.0,0.0,0.0,28.25,4.0,0.0,0.0,12.0,0.0,0.0
LIVE_EPISODIC,PERIODIC_ONLY,Q03_RECALL25,CONTROL_FAILURE,LOW,8,VERBOSE_TYPED,12,1.0,10.0,2.0,4.0,0.0,1.0,3.0,1.0,0.0,0.0,29.0,4.0,0.0,0.0,12.0,0.0,0.0
LIVE_EPISODIC,PERIODIC_ONLY,Q03_RECALL25,CONTROL_FAILURE,LOW,12,COMPACT_TYPED,12,1.0,14.0,2.0,5.0,0.0,1.0,4.0,1.0,0.0,0.0,34.5,5.0,0.25,41.5,14.5,0.0,0.0
LIVE_EPISODIC,PERIODIC_ONLY,Q03_RECALL25,CONTROL_FAILURE,LOW,12,VERBOSE_TYPED,12,1.0,14.0,2.0,5.0,0.0,1.0,4.0,1.0,0.0,0.0,35.25,5.0,0.25,41.75,14.5,0.0,0.0
LIVE_EPISODIC,PERIODIC_ONLY,Q03_RECALL25,POSE_SHIFT,HIGH,4,COMPACT_TYPED,12,1.0,4.0,4.0,2.0,0.0,1.0,1.0,1.0,0.0,0.0,20.25,2.0,0.0,0.0,8.0,0.0,0.0
LIVE_EPISODIC,PERIODIC_ONLY,Q03_RECALL25,POSE_SHIFT,HIGH,4,VERBOSE_TYPED,12,1.0,4.0,4.0,2.0,0.0,1.0,1.0,1.0,0.0,0.0,21.0,2.0,0.0,0.0,8.0,0.0,0.0
LIVE_EPISODIC,PERIODIC_ONLY,Q03_RECALL25,POSE_SHIFT,HIGH,8,COMPACT_TYPED,12,1.0,10.0,2.0,4.0,0.0,1.0,3.0,1.0,0.0,0.0,28.0,4.0,0.0,0.0,12.0,0.0,0.0
LIVE_EPISODIC,PERIODIC_ONLY,Q03_RECALL25,POSE_SHIFT,HIGH,8,VERBOSE_TYPED,12,1.0,10.0,2.0,4.0,0.0,1.0,3.0,1.0,0.0,0.0,28.0,4.0,0.0,0.0,12.0,0.0,0.0
LIVE_EPISODIC,PERIODIC_ONLY,Q03_RECALL25,POSE_SHIFT,HIGH,12,COMPACT_TYPED,12,1.0,13.5,2.5,5.0,0.0,1.0,4.0,0.83333333,0.0,0.0,35.33333333,5.0,0.16666667,26.83333333,15.0,0.0,0.0
LIVE_EPISODIC,PERIODIC_ONLY,Q03_RECALL25,POSE_SHIFT,HIGH,12,VERBOSE_TYPED,12,1.0,13.5,2.5,5.0,0.0,1.0,4.0,0.83333333,0.0,0.0,35.83333333,5.0,0.16666667,27.0,15.0,0.0,0.0
LIVE_EPISODIC,PERIODIC_ONLY,Q03_RECALL25,POSE_SHIFT,LOW,4,COMPACT_TYPED,12,1.0,4.0,4.0,2.0,0.0,1.0,1.0,1.0,0.0,0.0,20.41666667,2.0,0.0,0.0,8.0,0.0,0.0
LIVE_EPISODIC,PERIODIC_ONLY,Q03_RECALL25,POSE_SHIFT,LOW,4,VERBOSE_TYPED,12,1.0,4.0,4.0,2.0,0.0,1.0,1.0,1.0,0.0,0.0,21.66666667,2.0,0.0,0.0,8.0,0.0,0.0
LIVE_EPISODIC,PERIODIC_ONLY,Q03_RECALL25,POSE_SHIFT,LOW,8,COMPACT_TYPED,12,1.0,10.0,2.0,4.0,0.0,1.0,3.0,1.0,0.0,0.0,28.16666667,4.0,0.0,0.0,12.0,0.0,0.0
LIVE_EPISODIC,PERIODIC_ONLY,Q03_RECALL25,POSE_SHIFT,LOW,8,VERBOSE_TYPED,12,1.0,10.0,2.0,4.0,0.0,1.0,3.0,1.0,0.0,0.0,28.66666667,4.0,0.0,0.0,12.0,0.0,0.0
LIVE_EPISODIC,PERIODIC_ONLY,Q03_RECALL25,POSE_SHIFT,LOW,12,COMPACT_TYPED,12,1.0,13.5,2.5,5.0,0.0,1.0,4.0,0.83333333,0.0,0.0,35.33333333,5.0,0.16666667,26.83333333,15.0,0.0,0.0
LIVE_EPISODIC,PERIODIC_ONLY,Q03_RECALL25,POSE_SHIFT,LOW,12,VERBOSE_TYPED,12,1.0,13.5,2.5,5.0,0.0,1.0,4.0,0.83333333,0.0,0.0,35.83333333,5.0,0.16666667,27.0,15.0,0.0,0.0
LIVE_EPISODIC,PERIODIC_ONLY,Q03_RECALL25,RESTRICTION_CHANGE,HIGH,4,COMPACT_TYPED,12,1.0,4.0,4.0,2.0,0.0,1.0,1.0,1.0,0.0,0.0,20.25,2.0,0.0,0.0,8.0,0.0,0.0
LIVE_EPISODIC,PERIODIC_ONLY,Q03_RECALL25,RESTRICTION_CHANGE,HIGH,4,VERBOSE_TYPED,12,1.0,4.0,4.0,2.0,0.0,1.0,1.0,1.0,0.0,0.0,21.0,2.0,0.0,0.0,8.0,0.0,0.0
LIVE_EPISODIC,PERIODIC_ONLY,Q03_RECALL25,RESTRICTION_CHANGE,HIGH,8,COMPACT_TYPED,12,1.0,10.0,2.0,4.0,0.0,1.0,3.0,1.0,0.0,0.0,28.25,4.0,0.0,0.0,12.0,0.0,0.0
LIVE_EPISODIC,PERIODIC_ONLY,Q03_RECALL25,RESTRICTION_CHANGE,HIGH,8,VERBOSE_TYPED,12,1.0,10.0,2.0,4.0,0.0,1.0,3.0,1.0,0.0,0.0,29.0,4.0,0.0,0.0,12.0,0.0,0.0
LIVE_EPISODIC,PERIODIC_ONLY,Q03_RECALL25,RESTRICTION_CHANGE,HIGH,12,COMPACT_TYPED,12,1.0,13.5,2.5,5.0,0.0,1.0,4.0,1.0,0.0,0.0,35.33333333,5.0,0.16666667,27.33333333,15.0,0.0,0.0
LIVE_EPISODIC,PERIODIC_ONLY,Q03_RECALL25,RESTRICTION_CHANGE,HIGH,12,VERBOSE_TYPED,12,1.0,13.5,2.5,5.0,0.0,1.0,4.0,1.0,0.0,0.0,35.83333333,5.0,0.16666667,27.5,15.0,0.0,0.0
LIVE_EPISODIC,PERIODIC_ONLY,Q03_RECALL25,RESTRICTION_CHANGE,LOW,4,COMPACT_TYPED,12,1.0,4.0,4.0,2.0,0.0,1.0,1.0,1.0,0.0,0.0,20.16666667,2.0,0.0,0.0,8.0,0.0,0.0
LIVE_EPISODIC,PERIODIC_ONLY,Q03_RECALL25,RESTRICTION_CHANGE,LOW,4,VERBOSE_TYPED,12,1.0,4.0,4.0,2.0,0.0,1.0,1.0,1.0,0.0,0.0,20.66666667,2.0,0.0,0.0,8.0,0.0,0.0
LIVE_EPISODIC,PERIODIC_ONLY,Q03_RECALL25,RESTRICTION_CHANGE,LOW,8,COMPACT_TYPED,12,1.0,10.0,2.0,4.0,0.0,1.0,3.0,1.0,0.0,0.0,28.41666667,4.0,0.0,0.0,12.0,0.0,0.0
LIVE_EPISODIC,PERIODIC_ONLY,Q03_RECALL25,RESTRICTION_CHANGE,LOW,8,VERBOSE_TYPED,12,1.0,10.0,2.0,4.0,0.0,1.0,3.0,1.0,0.0,0.0,29.66666667,4.0,0.0,0.0,12.0,0.0,0.0
LIVE_EPISODIC,PERIODIC_ONLY,Q03_RECALL25,RESTRICTION_CHANGE,LOW,12,COMPACT_TYPED,12,1.0,13.5,2.5,5.0,0.0,1.0,4.0,1.0,0.0,0.0,35.33333333,5.0,0.16666667,27.33333333,15.0,0.0,0.0
LIVE_EPISODIC,PERIODIC_ONLY,Q03_RECALL25,RESTRICTION_CHANGE,LOW,12,VERBOSE_TYPED,12,1.0,13.5,2.5,5.0,0.0,1.0,4.0,1.0,0.0,0.0,35.83333333,5.0,0.16666667,27.5,15.0,0.0,0.0
LIVE_EPISODIC,PERIODIC_ONLY,Q04_DELAY1,AVAILABILITY_LOSS,HIGH,4,COMPACT_TYPED,12,1.0,7.0,1.0,2.0,0.0,1.0,1.0,1.0,0.0,0.0,16.0,2.0,1.0,167.0,5.0,0.0,0.0
LIVE_EPISODIC,PERIODIC_ONLY,Q04_DELAY1,AVAILABILITY_LOSS,HIGH,4,VERBOSE_TYPED,12,1.0,7.0,1.0,2.0,0.0,1.0,1.0,1.0,0.0,0.0,19.0,2.0,1.0,168.0,5.0,0.0,0.0
LIVE_EPISODIC,PERIODIC_ONLY,Q04_DELAY1,AVAILABILITY_LOSS,HIGH,8,COMPACT_TYPED,12,1.0,10.0,2.0,4.0,0.0,1.0,3.0,1.0,0.0,0.0,29.0,4.0,0.0,0.0,12.0,0.0,0.0
LIVE_EPISODIC,PERIODIC_ONLY,Q04_DELAY1,AVAILABILITY_LOSS,HIGH,8,VERBOSE_TYPED,12,1.0,10.0,2.0,4.0,0.0,1.0,3.0,1.0,0.0,0.0,32.0,4.0,0.0,0.0,12.0,0.0,0.0
LIVE_EPISODIC,PERIODIC_ONLY,Q04_DELAY1,AVAILABILITY_LOSS,HIGH,12,COMPACT_TYPED,12,1.0,13.0,3.0,5.0,0.0,1.0,4.0,1.0,0.0,0.0,37.0,5.0,0.0,0.0,16.0,0.0,0.0
LIVE_EPISODIC,PERIODIC_ONLY,Q04_DELAY1,AVAILABILITY_LOSS,HIGH,12,VERBOSE_TYPED,12,1.0,13.0,3.0,5.0,0.0,1.0,4.0,1.0,0.0,0.0,40.0,5.0,0.0,0.0,16.0,0.0,0.0
LIVE_EPISODIC,PERIODIC_ONLY,Q04_DELAY1,AVAILABILITY_LOSS,LOW,4,COMPACT_TYPED,12,1.0,7.0,1.0,2.0,0.0,1.0,1.0,1.0,0.0,0.0,16.0,2.0,1.0,167.0,5.0,0.0,0.0
LIVE_EPISODIC,PERIODIC_ONLY,Q04_DELAY1,AVAILABILITY_LOSS,LOW,4,VERBOSE_TYPED,12,1.0,7.0,1.0,2.0,0.0,1.0,1.0,1.0,0.0,0.0,19.0,2.0,1.0,168.0,5.0,0.0,0.0
LIVE_EPISODIC,PERIODIC_ONLY,Q04_DELAY1,AVAILABILITY_LOSS,LOW,8,COMPACT_TYPED,12,1.0,10.0,2.0,4.0,0.0,1.0,3.0,1.0,0.0,0.0,29.0,4.0,0.0,0.0,12.0,0.0,0.0
LIVE_EPISODIC,PERIODIC_ONLY,Q04_DELAY1,AVAILABILITY_LOSS,LOW,8,VERBOSE_TYPED,12,1.0,10.0,2.0,4.0,0.0,1.0,3.0,1.0,0.0,0.0,32.0,4.0,0.0,0.0,12.0,0.0,0.0
LIVE_EPISODIC,PERIODIC_ONLY,Q04_DELAY1,AVAILABILITY_LOSS,LOW,12,COMPACT_TYPED,12,1.0,13.0,3.0,5.0,0.0,1.0,4.0,1.0,0.0,0.0,37.0,5.0,0.0,0.0,16.0,0.0,0.0
LIVE_EPISODIC,PERIODIC_ONLY,Q04_DELAY1,AVAILABILITY_LOSS,LOW,12,VERBOSE_TYPED,12,1.0,13.0,3.0,5.0,0.0,1.0,4.0,1.0,0.0,0.0,40.0,5.0,0.0,0.0,16.0,0.0,0.0
LIVE_EPISODIC,PERIODIC_ONLY,Q04_DELAY1,CONTROL_FAILURE,HIGH,4,COMPACT_TYPED,12,1.0,5.0,3.0,2.0,0.0,1.0,1.0,1.0,0.0,0.0,20.0,2.0,1.0,166.0,5.0,0.0,0.0
LIVE_EPISODIC,PERIODIC_ONLY,Q04_DELAY1,CONTROL_FAILURE,HIGH,4,VERBOSE_TYPED,12,1.0,5.0,3.0,2.0,0.0,1.0,1.0,1.0,0.0,0.0,23.0,2.0,1.0,167.0,5.0,0.0,0.0
LIVE_EPISODIC,PERIODIC_ONLY,Q04_DELAY1,CONTROL_FAILURE,HIGH,8,COMPACT_TYPED,12,1.0,10.0,2.0,4.0,0.0,1.0,3.0,1.0,0.0,0.0,29.0,4.0,0.0,0.0,12.0,0.0,0.0
LIVE_EPISODIC,PERIODIC_ONLY,Q04_DELAY1,CONTROL_FAILURE,HIGH,8,VERBOSE_TYPED,12,1.0,10.0,2.0,4.0,0.0,1.0,3.0,1.0,0.0,0.0,32.0,4.0,0.0,0.0,12.0,0.0,0.0
LIVE_EPISODIC,PERIODIC_ONLY,Q04_DELAY1,CONTROL_FAILURE,HIGH,12,COMPACT_TYPED,12,1.0,13.0,3.0,5.0,0.0,1.0,4.0,1.0,0.0,0.0,37.0,5.0,0.0,0.0,16.0,0.0,0.0
LIVE_EPISODIC,PERIODIC_ONLY,Q04_DELAY1,CONTROL_FAILURE,HIGH,12,VERBOSE_TYPED,12,1.0,13.0,3.0,5.0,0.0,1.0,4.0,1.0,0.0,0.0,40.0,5.0,0.0,0.0,16.0,0.0,0.0
LIVE_EPISODIC,PERIODIC_ONLY,Q04_DELAY1,CONTROL_FAILURE,LOW,4,COMPACT_TYPED,12,1.0,6.0,2.0,2.0,0.0,1.0,1.0,1.0,0.0,0.0,18.0,2.0,1.0,166.0,5.0,0.0,0.0
LIVE_EPISODIC,PERIODIC_ONLY,Q04_DELAY1,CONTROL_FAILURE,LOW,4,VERBOSE_TYPED,12,1.0,6.0,2.0,2.0,0.0,1.0,1.0,1.0,0.0,0.0,21.0,2.0,1.0,167.0,5.0,0.0,0.0
LIVE_EPISODIC,PERIODIC_ONLY,Q04_DELAY1,CONTROL_FAILURE,LOW,8,COMPACT_TYPED,12,1.0,10.0,2.0,4.0,0.0,1.0,3.0,1.0,0.0,0.0,29.0,4.0,0.0,0.0,12.0,0.0,0.0
LIVE_EPISODIC,PERIODIC_ONLY,Q04_DELAY1,CONTROL_FAILURE,LOW,8,VERBOSE_TYPED,12,1.0,10.0,2.0,4.0,0.0,1.0,3.0,1.0,0.0,0.0,32.0,4.0,0.0,0.0,12.0,0.0,0.0
LIVE_EPISODIC,PERIODIC_ONLY,Q04_DELAY1,CONTROL_FAILURE,LOW,12,COMPACT_TYPED,12,1.0,14.0,2.0,5.0,0.0,1.0,4.0,1.0,0.0,0.0,35.0,5.0,0.0,0.0,16.0,0.0,0.0
LIVE_EPISODIC,PERIODIC_ONLY,Q04_DELAY1,CONTROL_FAILURE,LOW,12,VERBOSE_TYPED,12,1.0,14.0,2.0,5.0,0.0,1.0,4.0,1.0,0.0,0.0,38.0,5.0,0.0,0.0,16.0,0.0,0.0
LIVE_EPISODIC,PERIODIC_ONLY,Q04_DELAY1,POSE_SHIFT,HIGH,4,COMPACT_TYPED,12,1.0,7.0,1.0,2.0,0.0,1.0,1.0,0.0,0.0,0.0,16.0,2.0,1.0,161.0,5.0,0.0,0.0
LIVE_EPISODIC,PERIODIC_ONLY,Q04_DELAY1,POSE_SHIFT,HIGH,4,VERBOSE_TYPED,12,1.0,7.0,1.0,2.0,0.0,1.0,1.0,0.0,0.0,0.0,19.0,2.0,1.0,162.0,5.0,0.0,0.0
LIVE_EPISODIC,PERIODIC_ONLY,Q04_DELAY1,POSE_SHIFT,HIGH,8,COMPACT_TYPED,12,1.0,10.0,2.0,4.0,0.0,1.0,3.0,1.0,0.0,0.0,29.0,4.0,0.0,0.0,12.0,0.0,0.0
LIVE_EPISODIC,PERIODIC_ONLY,Q04_DELAY1,POSE_SHIFT,HIGH,8,VERBOSE_TYPED,12,1.0,10.0,2.0,4.0,0.0,1.0,3.0,1.0,0.0,0.0,32.0,4.0,0.0,0.0,12.0,0.0,0.0
LIVE_EPISODIC,PERIODIC_ONLY,Q04_DELAY1,POSE_SHIFT,HIGH,12,COMPACT_TYPED,12,1.0,13.0,3.0,5.0,0.0,1.0,4.0,1.0,0.0,0.0,37.0,5.0,0.0,0.0,16.0,0.0,0.0
LIVE_EPISODIC,PERIODIC_ONLY,Q04_DELAY1,POSE_SHIFT,HIGH,12,VERBOSE_TYPED,12,1.0,13.0,3.0,5.0,0.0,1.0,4.0,1.0,0.0,0.0,40.0,5.0,0.0,0.0,16.0,0.0,0.0
LIVE_EPISODIC,PERIODIC_ONLY,Q04_DELAY1,POSE_SHIFT,LOW,4,COMPACT_TYPED,12,1.0,7.0,1.0,2.0,0.0,1.0,1.0,0.0,0.0,0.0,16.0,2.0,1.0,161.0,5.0,0.0,0.0
LIVE_EPISODIC,PERIODIC_ONLY,Q04_DELAY1,POSE_SHIFT,LOW,4,VERBOSE_TYPED,12,1.0,7.0,1.0,2.0,0.0,1.0,1.0,0.0,0.0,0.0,19.0,2.0,1.0,162.0,5.0,0.0,0.0
LIVE_EPISODIC,PERIODIC_ONLY,Q04_DELAY1,POSE_SHIFT,LOW,8,COMPACT_TYPED,12,1.0,10.0,2.0,4.0,0.0,1.0,3.0,1.0,0.0,0.0,29.0,4.0,0.0,0.0,12.0,0.0,0.0
LIVE_EPISODIC,PERIODIC_ONLY,Q04_DELAY1,POSE_SHIFT,LOW,8,VERBOSE_TYPED,12,1.0,10.0,2.0,4.0,0.0,1.0,3.0,1.0,0.0,0.0,32.0,4.0,0.0,0.0,12.0,0.0,0.0
LIVE_EPISODIC,PERIODIC_ONLY,Q04_DELAY1,POSE_SHIFT,LOW,12,COMPACT_TYPED,12,1.0,13.0,3.0,5.0,0.0,1.0,4.0,1.0,0.0,0.0,37.0,5.0,0.0,0.0,16.0,0.0,0.0
LIVE_EPISODIC,PERIODIC_ONLY,Q04_DELAY1,POSE_SHIFT,LOW,12,VERBOSE_TYPED,12,1.0,13.0,3.0,5.0,0.0,1.0,4.0,1.0,0.0,0.0,40.0,5.0,0.0,0.0,16.0,0.0,0.0
LIVE_EPISODIC,PERIODIC_ONLY,Q04_DELAY1,RESTRICTION_CHANGE,HIGH,4,COMPACT_TYPED,12,1.0,7.0,1.0,2.0,0.0,1.0,1.0,1.0,0.0,0.0,16.0,2.0,1.0,164.0,5.0,0.0,0.0
LIVE_EPISODIC,PERIODIC_ONLY,Q04_DELAY1,RESTRICTION_CHANGE,HIGH,4,VERBOSE_TYPED,12,1.0,7.0,1.0,2.0,0.0,1.0,1.0,1.0,0.0,0.0,19.0,2.0,1.0,165.0,5.0,0.0,0.0
LIVE_EPISODIC,PERIODIC_ONLY,Q04_DELAY1,RESTRICTION_CHANGE,HIGH,8,COMPACT_TYPED,12,1.0,10.0,2.0,4.0,0.0,1.0,3.0,1.0,0.0,0.0,29.0,4.0,0.0,0.0,12.0,0.0,0.0
LIVE_EPISODIC,PERIODIC_ONLY,Q04_DELAY1,RESTRICTION_CHANGE,HIGH,8,VERBOSE_TYPED,12,1.0,10.0,2.0,4.0,0.0,1.0,3.0,1.0,0.0,0.0,32.0,4.0,0.0,0.0,12.0,0.0,0.0
LIVE_EPISODIC,PERIODIC_ONLY,Q04_DELAY1,RESTRICTION_CHANGE,HIGH,12,COMPACT_TYPED,12,1.0,13.0,3.0,5.0,0.0,1.0,4.0,1.0,0.0,0.0,37.0,5.0,0.0,0.0,16.0,0.0,0.0
LIVE_EPISODIC,PERIODIC_ONLY,Q04_DELAY1,RESTRICTION_CHANGE,HIGH,12,VERBOSE_TYPED,12,1.0,13.0,3.0,5.0,0.0,1.0,4.0,1.0,0.0,0.0,40.0,5.0,0.0,0.0,16.0,0.0,0.0
LIVE_EPISODIC,PERIODIC_ONLY,Q04_DELAY1,RESTRICTION_CHANGE,LOW,4,COMPACT_TYPED,12,1.0,7.0,1.0,2.0,0.0,1.0,1.0,1.0,0.0,0.0,16.0,2.0,1.0,164.0,5.0,0.0,0.0
LIVE_EPISODIC,PERIODIC_ONLY,Q04_DELAY1,RESTRICTION_CHANGE,LOW,4,VERBOSE_TYPED,12,1.0,7.0,1.0,2.0,0.0,1.0,1.0,1.0,0.0,0.0,19.0,2.0,1.0,165.0,5.0,0.0,0.0
LIVE_EPISODIC,PERIODIC_ONLY,Q04_DELAY1,RESTRICTION_CHANGE,LOW,8,COMPACT_TYPED,12,1.0,10.0,2.0,4.0,0.0,1.0,3.0,1.0,0.0,0.0,29.0,4.0,0.0,0.0,12.0,0.0,0.0
LIVE_EPISODIC,PERIODIC_ONLY,Q04_DELAY1,RESTRICTION_CHANGE,LOW,8,VERBOSE_TYPED,12,1.0,10.0,2.0,4.0,0.0,1.0,3.0,1.0,0.0,0.0,32.0,4.0,0.0,0.0,12.0,0.0,0.0
LIVE_EPISODIC,PERIODIC_ONLY,Q04_DELAY1,RESTRICTION_CHANGE,LOW,12,COMPACT_TYPED,12,1.0,13.0,3.0,5.0,0.0,1.0,4.0,1.0,0.0,0.0,37.0,5.0,0.0,0.0,16.0,0.0,0.0
LIVE_EPISODIC,PERIODIC_ONLY,Q04_DELAY1,RESTRICTION_CHANGE,LOW,12,VERBOSE_TYPED,12,1.0,13.0,3.0,5.0,0.0,1.0,4.0,1.0,0.0,0.0,40.0,5.0,0.0,0.0,16.0,0.0,0.0
LIVE_EPISODIC,PERIODIC_ONLY,Q05_DELAY3,AVAILABILITY_LOSS,HIGH,4,COMPACT_TYPED,12,1.0,4.0,4.0,2.0,0.0,1.0,1.0,1.0,0.0,0.0,21.0,2.0,0.0,0.0,8.0,0.0,0.0
LIVE_EPISODIC,PERIODIC_ONLY,Q05_DELAY3,AVAILABILITY_LOSS,HIGH,4,VERBOSE_TYPED,12,1.0,4.0,4.0,2.0,0.0,1.0,1.0,1.0,0.0,0.0,24.0,2.0,0.0,0.0,8.0,0.0,0.0
LIVE_EPISODIC,PERIODIC_ONLY,Q05_DELAY3,AVAILABILITY_LOSS,HIGH,8,COMPACT_TYPED,12,1.0,10.0,2.0,4.0,0.0,1.0,3.0,1.0,0.0,0.0,29.0,4.0,0.0,0.0,12.0,0.0,0.0
LIVE_EPISODIC,PERIODIC_ONLY,Q05_DELAY3,AVAILABILITY_LOSS,HIGH,8,VERBOSE_TYPED,12,1.0,10.0,2.0,4.0,0.0,1.0,3.0,1.0,0.0,0.0,32.0,4.0,0.0,0.0,12.0,0.0,0.0
LIVE_EPISODIC,PERIODIC_ONLY,Q05_DELAY3,AVAILABILITY_LOSS,HIGH,12,COMPACT_TYPED,12,1.0,13.0,3.0,5.0,0.0,1.0,4.0,1.0,0.0,0.0,38.0,5.0,1.0,167.0,7.0,0.0,0.0
LIVE_EPISODIC,PERIODIC_ONLY,Q05_DELAY3,AVAILABILITY_LOSS,HIGH,12,VERBOSE_TYPED,12,1.0,13.0,3.0,5.0,0.0,1.0,4.0,1.0,0.0,0.0,41.0,5.0,1.0,168.0,7.0,0.0,0.0
LIVE_EPISODIC,PERIODIC_ONLY,Q05_DELAY3,AVAILABILITY_LOSS,LOW,4,COMPACT_TYPED,12,1.0,4.0,4.0,2.0,0.0,1.0,1.0,1.0,0.0,0.0,21.0,2.0,0.0,0.0,8.0,0.0,0.0
LIVE_EPISODIC,PERIODIC_ONLY,Q05_DELAY3,AVAILABILITY_LOSS,LOW,4,VERBOSE_TYPED,12,1.0,4.0,4.0,2.0,0.0,1.0,1.0,1.0,0.0,0.0,24.0,2.0,0.0,0.0,8.0,0.0,0.0
LIVE_EPISODIC,PERIODIC_ONLY,Q05_DELAY3,AVAILABILITY_LOSS,LOW,8,COMPACT_TYPED,12,1.0,10.0,2.0,4.0,0.0,1.0,3.0,1.0,0.0,0.0,29.0,4.0,0.0,0.0,12.0,0.0,0.0
LIVE_EPISODIC,PERIODIC_ONLY,Q05_DELAY3,AVAILABILITY_LOSS,LOW,8,VERBOSE_TYPED,12,1.0,10.0,2.0,4.0,0.0,1.0,3.0,1.0,0.0,0.0,32.0,4.0,0.0,0.0,12.0,0.0,0.0
LIVE_EPISODIC,PERIODIC_ONLY,Q05_DELAY3,AVAILABILITY_LOSS,LOW,12,COMPACT_TYPED,12,1.0,13.0,3.0,5.0,0.0,1.0,4.0,1.0,0.0,0.0,38.0,5.0,1.0,167.0,7.0,0.0,0.0
LIVE_EPISODIC,PERIODIC_ONLY,Q05_DELAY3,AVAILABILITY_LOSS,LOW,12,VERBOSE_TYPED,12,1.0,13.0,3.0,5.0,0.0,1.0,4.0,1.0,0.0,0.0,41.0,5.0,1.0,168.0,7.0,0.0,0.0
LIVE_EPISODIC,PERIODIC_ONLY,Q05_DELAY3,CONTROL_FAILURE,HIGH,4,COMPACT_TYPED,12,1.0,5.0,3.0,2.0,0.0,1.0,1.0,1.0,0.0,0.0,19.0,2.0,0.0,0.0,8.0,0.0,0.0
LIVE_EPISODIC,PERIODIC_ONLY,Q05_DELAY3,CONTROL_FAILURE,HIGH,4,VERBOSE_TYPED,12,1.0,5.0,3.0,2.0,0.0,1.0,1.0,1.0,0.0,0.0,22.0,2.0,0.0,0.0,8.0,0.0,0.0
LIVE_EPISODIC,PERIODIC_ONLY,Q05_DELAY3,CONTROL_FAILURE,HIGH,8,COMPACT_TYPED,12,1.0,10.0,2.0,4.0,0.0,1.0,3.0,1.0,0.0,0.0,29.0,4.0,0.0,0.0,12.0,0.0,0.0
LIVE_EPISODIC,PERIODIC_ONLY,Q05_DELAY3,CONTROL_FAILURE,HIGH,8,VERBOSE_TYPED,12,1.0,10.0,2.0,4.0,0.0,1.0,3.0,1.0,0.0,0.0,32.0,4.0,0.0,0.0,12.0,0.0,0.0
LIVE_EPISODIC,PERIODIC_ONLY,Q05_DELAY3,CONTROL_FAILURE,HIGH,12,COMPACT_TYPED,12,1.0,13.0,3.0,5.0,0.0,1.0,4.0,1.0,0.0,0.0,38.0,5.0,1.0,166.0,7.0,0.0,0.0
LIVE_EPISODIC,PERIODIC_ONLY,Q05_DELAY3,CONTROL_FAILURE,HIGH,12,VERBOSE_TYPED,12,1.0,13.0,3.0,5.0,0.0,1.0,4.0,1.0,0.0,0.0,41.0,5.0,1.0,167.0,7.0,0.0,0.0
LIVE_EPISODIC,PERIODIC_ONLY,Q05_DELAY3,CONTROL_FAILURE,LOW,4,COMPACT_TYPED,12,1.0,6.0,2.0,2.0,0.0,1.0,1.0,1.0,0.0,0.0,17.0,2.0,0.0,0.0,8.0,0.0,0.0
LIVE_EPISODIC,PERIODIC_ONLY,Q05_DELAY3,CONTROL_FAILURE,LOW,4,VERBOSE_TYPED,12,1.0,6.0,2.0,2.0,0.0,1.0,1.0,1.0,0.0,0.0,20.0,2.0,0.0,0.0,8.0,0.0,0.0
LIVE_EPISODIC,PERIODIC_ONLY,Q05_DELAY3,CONTROL_FAILURE,LOW,8,COMPACT_TYPED,12,1.0,10.0,2.0,4.0,0.0,1.0,3.0,1.0,0.0,0.0,29.0,4.0,0.0,0.0,12.0,0.0,0.0
LIVE_EPISODIC,PERIODIC_ONLY,Q05_DELAY3,CONTROL_FAILURE,LOW,8,VERBOSE_TYPED,12,1.0,10.0,2.0,4.0,0.0,1.0,3.0,1.0,0.0,0.0,32.0,4.0,0.0,0.0,12.0,0.0,0.0
LIVE_EPISODIC,PERIODIC_ONLY,Q05_DELAY3,CONTROL_FAILURE,LOW,12,COMPACT_TYPED,12,1.0,14.0,2.0,5.0,0.0,1.0,4.0,1.0,0.0,0.0,36.0,5.0,1.0,166.0,7.0,0.0,0.0
LIVE_EPISODIC,PERIODIC_ONLY,Q05_DELAY3,CONTROL_FAILURE,LOW,12,VERBOSE_TYPED,12,1.0,14.0,2.0,5.0,0.0,1.0,4.0,1.0,0.0,0.0,39.0,5.0,1.0,167.0,7.0,0.0,0.0
LIVE_EPISODIC,PERIODIC_ONLY,Q05_DELAY3,POSE_SHIFT,HIGH,4,COMPACT_TYPED,12,1.0,4.0,4.0,2.0,0.0,1.0,1.0,1.0,0.0,0.0,21.0,2.0,0.0,0.0,8.0,0.0,0.0
LIVE_EPISODIC,PERIODIC_ONLY,Q05_DELAY3,POSE_SHIFT,HIGH,4,VERBOSE_TYPED,12,1.0,4.0,4.0,2.0,0.0,1.0,1.0,1.0,0.0,0.0,24.0,2.0,0.0,0.0,8.0,0.0,0.0
LIVE_EPISODIC,PERIODIC_ONLY,Q05_DELAY3,POSE_SHIFT,HIGH,8,COMPACT_TYPED,12,1.0,10.0,2.0,4.0,0.0,1.0,3.0,1.0,0.0,0.0,29.0,4.0,0.0,0.0,12.0,0.0,0.0
LIVE_EPISODIC,PERIODIC_ONLY,Q05_DELAY3,POSE_SHIFT,HIGH,8,VERBOSE_TYPED,12,1.0,10.0,2.0,4.0,0.0,1.0,3.0,1.0,0.0,0.0,32.0,4.0,0.0,0.0,12.0,0.0,0.0
LIVE_EPISODIC,PERIODIC_ONLY,Q05_DELAY3,POSE_SHIFT,HIGH,12,COMPACT_TYPED,12,1.0,13.0,3.0,5.0,0.0,1.0,4.0,1.0,0.0,0.0,38.0,5.0,1.0,161.0,7.0,0.0,0.0
LIVE_EPISODIC,PERIODIC_ONLY,Q05_DELAY3,POSE_SHIFT,HIGH,12,VERBOSE_TYPED,12,1.0,13.0,3.0,5.0,0.0,1.0,4.0,1.0,0.0,0.0,41.0,5.0,1.0,162.0,7.0,0.0,0.0
LIVE_EPISODIC,PERIODIC_ONLY,Q05_DELAY3,POSE_SHIFT,LOW,4,COMPACT_TYPED,12,1.0,4.0,4.0,2.0,0.0,1.0,1.0,1.0,0.0,0.0,21.0,2.0,0.0,0.0,8.0,0.0,0.0
LIVE_EPISODIC,PERIODIC_ONLY,Q05_DELAY3,POSE_SHIFT,LOW,4,VERBOSE_TYPED,12,1.0,4.0,4.0,2.0,0.0,1.0,1.0,1.0,0.0,0.0,24.0,2.0,0.0,0.0,8.0,0.0,0.0
LIVE_EPISODIC,PERIODIC_ONLY,Q05_DELAY3,POSE_SHIFT,LOW,8,COMPACT_TYPED,12,1.0,10.0,2.0,4.0,0.0,1.0,3.0,1.0,0.0,0.0,29.0,4.0,0.0,0.0,12.0,0.0,0.0
LIVE_EPISODIC,PERIODIC_ONLY,Q05_DELAY3,POSE_SHIFT,LOW,8,VERBOSE_TYPED,12,1.0,10.0,2.0,4.0,0.0,1.0,3.0,1.0,0.0,0.0,32.0,4.0,0.0,0.0,12.0,0.0,0.0
LIVE_EPISODIC,PERIODIC_ONLY,Q05_DELAY3,POSE_SHIFT,LOW,12,COMPACT_TYPED,12,1.0,13.0,3.0,5.0,0.0,1.0,4.0,1.0,0.0,0.0,38.0,5.0,1.0,161.0,7.0,0.0,0.0
LIVE_EPISODIC,PERIODIC_ONLY,Q05_DELAY3,POSE_SHIFT,LOW,12,VERBOSE_TYPED,12,1.0,13.0,3.0,5.0,0.0,1.0,4.0,1.0,0.0,0.0,41.0,5.0,1.0,162.0,7.0,0.0,0.0
LIVE_EPISODIC,PERIODIC_ONLY,Q05_DELAY3,RESTRICTION_CHANGE,HIGH,4,COMPACT_TYPED,12,1.0,4.0,4.0,2.0,0.0,1.0,1.0,1.0,0.0,0.0,21.0,2.0,0.0,0.0,8.0,0.0,0.0
LIVE_EPISODIC,PERIODIC_ONLY,Q05_DELAY3,RESTRICTION_CHANGE,HIGH,4,VERBOSE_TYPED,12,1.0,4.0,4.0,2.0,0.0,1.0,1.0,1.0,0.0,0.0,24.0,2.0,0.0,0.0,8.0,0.0,0.0
LIVE_EPISODIC,PERIODIC_ONLY,Q05_DELAY3,RESTRICTION_CHANGE,HIGH,8,COMPACT_TYPED,12,1.0,10.0,2.0,4.0,0.0,1.0,3.0,1.0,0.0,0.0,29.0,4.0,0.0,0.0,12.0,0.0,0.0
LIVE_EPISODIC,PERIODIC_ONLY,Q05_DELAY3,RESTRICTION_CHANGE,HIGH,8,VERBOSE_TYPED,12,1.0,10.0,2.0,4.0,0.0,1.0,3.0,1.0,0.0,0.0,32.0,4.0,0.0,0.0,12.0,0.0,0.0
LIVE_EPISODIC,PERIODIC_ONLY,Q05_DELAY3,RESTRICTION_CHANGE,HIGH,12,COMPACT_TYPED,12,1.0,13.0,3.0,5.0,0.0,1.0,4.0,1.0,0.0,0.0,38.0,5.0,1.0,164.0,7.0,0.0,0.0
LIVE_EPISODIC,PERIODIC_ONLY,Q05_DELAY3,RESTRICTION_CHANGE,HIGH,12,VERBOSE_TYPED,12,1.0,13.0,3.0,5.0,0.0,1.0,4.0,1.0,0.0,0.0,41.0,5.0,1.0,165.0,7.0,0.0,0.0
LIVE_EPISODIC,PERIODIC_ONLY,Q05_DELAY3,RESTRICTION_CHANGE,LOW,4,COMPACT_TYPED,12,1.0,4.0,4.0,2.0,0.0,1.0,1.0,1.0,0.0,0.0,21.0,2.0,0.0,0.0,8.0,0.0,0.0
LIVE_EPISODIC,PERIODIC_ONLY,Q05_DELAY3,RESTRICTION_CHANGE,LOW,4,VERBOSE_TYPED,12,1.0,4.0,4.0,2.0,0.0,1.0,1.0,1.0,0.0,0.0,24.0,2.0,0.0,0.0,8.0,0.0,0.0
LIVE_EPISODIC,PERIODIC_ONLY,Q05_DELAY3,RESTRICTION_CHANGE,LOW,8,COMPACT_TYPED,12,1.0,10.0,2.0,4.0,0.0,1.0,3.0,1.0,0.0,0.0,29.0,4.0,0.0,0.0,12.0,0.0,0.0
LIVE_EPISODIC,PERIODIC_ONLY,Q05_DELAY3,RESTRICTION_CHANGE,LOW,8,VERBOSE_TYPED,12,1.0,10.0,2.0,4.0,0.0,1.0,3.0,1.0,0.0,0.0,32.0,4.0,0.0,0.0,12.0,0.0,0.0
LIVE_EPISODIC,PERIODIC_ONLY,Q05_DELAY3,RESTRICTION_CHANGE,LOW,12,COMPACT_TYPED,12,1.0,13.0,3.0,5.0,0.0,1.0,4.0,1.0,0.0,0.0,38.0,5.0,1.0,164.0,7.0,0.0,0.0
LIVE_EPISODIC,PERIODIC_ONLY,Q05_DELAY3,RESTRICTION_CHANGE,LOW,12,VERBOSE_TYPED,12,1.0,13.0,3.0,5.0,0.0,1.0,4.0,1.0,0.0,0.0,41.0,5.0,1.0,165.0,7.0,0.0,0.0
LIVE_EPISODIC,PERIODIC_ONLY,Q06_FALSE3,AVAILABILITY_LOSS,HIGH,4,COMPACT_TYPED,12,1.0,4.0,4.0,2.0,0.0,1.0,1.0,1.0,0.0,0.0,25.0,2.0,1.0,166.0,5.0,0.0,0.0
LIVE_EPISODIC,PERIODIC_ONLY,Q06_FALSE3,AVAILABILITY_LOSS,HIGH,4,VERBOSE_TYPED,12,1.0,4.0,4.0,2.0,0.0,1.0,1.0,1.0,0.0,0.0,37.0,2.0,1.0,167.0,5.0,0.0,0.0
LIVE_EPISODIC,PERIODIC_ONLY,Q06_FALSE3,AVAILABILITY_LOSS,HIGH,8,COMPACT_TYPED,12,1.0,10.0,2.0,4.0,0.0,1.0,3.0,1.0,0.0,0.0,32.0,4.0,0.0,0.0,12.0,0.0,0.0
LIVE_EPISODIC,PERIODIC_ONLY,Q06_FALSE3,AVAILABILITY_LOSS,HIGH,8,VERBOSE_TYPED,12,1.0,10.0,2.0,4.0,0.0,1.0,3.0,1.0,0.0,0.0,44.0,4.0,0.0,0.0,12.0,0.0,0.0
LIVE_EPISODIC,PERIODIC_ONLY,Q06_FALSE3,AVAILABILITY_LOSS,HIGH,12,COMPACT_TYPED,12,1.0,16.0,0.0,5.0,0.0,1.0,4.0,1.0,0.0,0.0,37.0,5.0,3.0,499.0,10.0,0.0,0.0
LIVE_EPISODIC,PERIODIC_ONLY,Q06_FALSE3,AVAILABILITY_LOSS,HIGH,12,VERBOSE_TYPED,12,1.0,16.0,0.0,5.0,0.0,1.0,4.0,1.0,0.0,0.0,49.0,5.0,3.0,502.0,10.0,0.0,0.0
LIVE_EPISODIC,PERIODIC_ONLY,Q06_FALSE3,AVAILABILITY_LOSS,LOW,4,COMPACT_TYPED,12,1.0,4.0,4.0,2.0,0.0,1.0,1.0,1.0,0.0,0.0,25.0,2.0,1.0,166.0,5.0,0.0,0.0
LIVE_EPISODIC,PERIODIC_ONLY,Q06_FALSE3,AVAILABILITY_LOSS,LOW,4,VERBOSE_TYPED,12,1.0,4.0,4.0,2.0,0.0,1.0,1.0,1.0,0.0,0.0,37.0,2.0,1.0,167.0,5.0,0.0,0.0
LIVE_EPISODIC,PERIODIC_ONLY,Q06_FALSE3,AVAILABILITY_LOSS,LOW,8,COMPACT_TYPED,12,1.0,10.0,2.0,4.0,0.0,1.0,3.0,1.0,0.0,0.0,32.0,4.0,0.0,0.0,12.0,0.0,0.0
LIVE_EPISODIC,PERIODIC_ONLY,Q06_FALSE3,AVAILABILITY_LOSS,LOW,8,VERBOSE_TYPED,12,1.0,10.0,2.0,4.0,0.0,1.0,3.0,1.0,0.0,0.0,44.0,4.0,0.0,0.0,12.0,0.0,0.0
LIVE_EPISODIC,PERIODIC_ONLY,Q06_FALSE3,AVAILABILITY_LOSS,LOW,12,COMPACT_TYPED,12,1.0,16.0,0.0,5.0,0.0,1.0,4.0,1.0,0.0,0.0,37.0,5.0,3.0,499.0,10.0,0.0,0.0
LIVE_EPISODIC,PERIODIC_ONLY,Q06_FALSE3,AVAILABILITY_LOSS,LOW,12,VERBOSE_TYPED,12,1.0,16.0,0.0,5.0,0.0,1.0,4.0,1.0,0.0,0.0,49.0,5.0,3.0,502.0,10.0,0.0,0.0
LIVE_EPISODIC,PERIODIC_ONLY,Q06_FALSE3,CONTROL_FAILURE,HIGH,4,COMPACT_TYPED,12,1.0,5.0,3.0,2.0,0.0,1.0,1.0,1.0,0.0,0.0,23.0,2.0,1.0,166.0,5.0,0.0,0.0
LIVE_EPISODIC,PERIODIC_ONLY,Q06_FALSE3,CONTROL_FAILURE,HIGH,4,VERBOSE_TYPED,12,1.0,5.0,3.0,2.0,0.0,1.0,1.0,1.0,0.0,0.0,35.0,2.0,1.0,167.0,5.0,0.0,0.0
LIVE_EPISODIC,PERIODIC_ONLY,Q06_FALSE3,CONTROL_FAILURE,HIGH,8,COMPACT_TYPED,12,1.0,10.0,2.0,4.0,0.0,1.0,3.0,1.0,0.0,0.0,32.0,4.0,0.0,0.0,12.0,0.0,0.0
LIVE_EPISODIC,PERIODIC_ONLY,Q06_FALSE3,CONTROL_FAILURE,HIGH,8,VERBOSE_TYPED,12,1.0,10.0,2.0,4.0,0.0,1.0,3.0,1.0,0.0,0.0,44.0,4.0,0.0,0.0,12.0,0.0,0.0
LIVE_EPISODIC,PERIODIC_ONLY,Q06_FALSE3,CONTROL_FAILURE,HIGH,12,COMPACT_TYPED,12,1.0,13.0,3.0,5.0,0.0,1.0,4.0,1.0,0.0,0.0,43.0,5.0,3.0,498.0,10.0,0.0,0.0
LIVE_EPISODIC,PERIODIC_ONLY,Q06_FALSE3,CONTROL_FAILURE,HIGH,12,VERBOSE_TYPED,12,1.0,13.0,3.0,5.0,0.0,1.0,4.0,1.0,0.0,0.0,55.0,5.0,3.0,501.0,10.0,0.0,0.0
LIVE_EPISODIC,PERIODIC_ONLY,Q06_FALSE3,CONTROL_FAILURE,LOW,4,COMPACT_TYPED,12,1.0,6.0,2.0,2.0,0.0,1.0,1.0,1.0,0.0,0.0,21.0,2.0,1.0,166.0,5.0,0.0,0.0
LIVE_EPISODIC,PERIODIC_ONLY,Q06_FALSE3,CONTROL_FAILURE,LOW,4,VERBOSE_TYPED,12,1.0,6.0,2.0,2.0,0.0,1.0,1.0,1.0,0.0,0.0,33.0,2.0,1.0,167.0,5.0,0.0,0.0
LIVE_EPISODIC,PERIODIC_ONLY,Q06_FALSE3,CONTROL_FAILURE,LOW,8,COMPACT_TYPED,12,1.0,10.0,2.0,4.0,0.0,1.0,3.0,1.0,0.0,0.0,32.0,4.0,0.0,0.0,12.0,0.0,0.0
LIVE_EPISODIC,PERIODIC_ONLY,Q06_FALSE3,CONTROL_FAILURE,LOW,8,VERBOSE_TYPED,12,1.0,10.0,2.0,4.0,0.0,1.0,3.0,1.0,0.0,0.0,44.0,4.0,0.0,0.0,12.0,0.0,0.0
LIVE_EPISODIC,PERIODIC_ONLY,Q06_FALSE3,CONTROL_FAILURE,LOW,12,COMPACT_TYPED,12,1.0,14.0,2.0,5.0,0.0,1.0,4.0,1.0,0.0,0.0,41.0,5.0,3.0,498.0,10.0,0.0,0.0
LIVE_EPISODIC,PERIODIC_ONLY,Q06_FALSE3,CONTROL_FAILURE,LOW,12,VERBOSE_TYPED,12,1.0,14.0,2.0,5.0,0.0,1.0,4.0,1.0,0.0,0.0,53.0,5.0,3.0,501.0,10.0,0.0,0.0
LIVE_EPISODIC,PERIODIC_ONLY,Q06_FALSE3,POSE_SHIFT,HIGH,4,COMPACT_TYPED,12,1.0,4.0,4.0,2.0,0.0,1.0,1.0,1.0,0.0,0.0,25.0,2.0,1.0,166.0,5.0,0.0,0.0
LIVE_EPISODIC,PERIODIC_ONLY,Q06_FALSE3,POSE_SHIFT,HIGH,4,VERBOSE_TYPED,12,1.0,4.0,4.0,2.0,0.0,1.0,1.0,1.0,0.0,0.0,37.0,2.0,1.0,167.0,5.0,0.0,0.0
LIVE_EPISODIC,PERIODIC_ONLY,Q06_FALSE3,POSE_SHIFT,HIGH,8,COMPACT_TYPED,12,1.0,10.0,2.0,4.0,0.0,1.0,3.0,1.0,0.0,0.0,32.0,4.0,0.0,0.0,12.0,0.0,0.0
LIVE_EPISODIC,PERIODIC_ONLY,Q06_FALSE3,POSE_SHIFT,HIGH,8,VERBOSE_TYPED,12,1.0,10.0,2.0,4.0,0.0,1.0,3.0,1.0,0.0,0.0,44.0,4.0,0.0,0.0,12.0,0.0,0.0
LIVE_EPISODIC,PERIODIC_ONLY,Q06_FALSE3,POSE_SHIFT,HIGH,12,COMPACT_TYPED,12,1.0,16.0,0.0,5.0,0.0,1.0,4.0,0.0,0.0,0.0,37.0,5.0,3.0,493.0,10.0,0.0,0.0
LIVE_EPISODIC,PERIODIC_ONLY,Q06_FALSE3,POSE_SHIFT,HIGH,12,VERBOSE_TYPED,12,1.0,16.0,0.0,5.0,0.0,1.0,4.0,0.0,0.0,0.0,49.0,5.0,3.0,496.0,10.0,0.0,0.0
LIVE_EPISODIC,PERIODIC_ONLY,Q06_FALSE3,POSE_SHIFT,LOW,4,COMPACT_TYPED,12,1.0,4.0,4.0,2.0,0.0,1.0,1.0,1.0,0.0,0.0,25.0,2.0,1.0,166.0,5.0,0.0,0.0
LIVE_EPISODIC,PERIODIC_ONLY,Q06_FALSE3,POSE_SHIFT,LOW,4,VERBOSE_TYPED,12,1.0,4.0,4.0,2.0,0.0,1.0,1.0,1.0,0.0,0.0,37.0,2.0,1.0,167.0,5.0,0.0,0.0
LIVE_EPISODIC,PERIODIC_ONLY,Q06_FALSE3,POSE_SHIFT,LOW,8,COMPACT_TYPED,12,1.0,10.0,2.0,4.0,0.0,1.0,3.0,1.0,0.0,0.0,32.0,4.0,0.0,0.0,12.0,0.0,0.0
LIVE_EPISODIC,PERIODIC_ONLY,Q06_FALSE3,POSE_SHIFT,LOW,8,VERBOSE_TYPED,12,1.0,10.0,2.0,4.0,0.0,1.0,3.0,1.0,0.0,0.0,44.0,4.0,0.0,0.0,12.0,0.0,0.0
LIVE_EPISODIC,PERIODIC_ONLY,Q06_FALSE3,POSE_SHIFT,LOW,12,COMPACT_TYPED,12,1.0,16.0,0.0,5.0,0.0,1.0,4.0,0.0,0.0,0.0,37.0,5.0,3.0,493.0,10.0,0.0,0.0
LIVE_EPISODIC,PERIODIC_ONLY,Q06_FALSE3,POSE_SHIFT,LOW,12,VERBOSE_TYPED,12,1.0,16.0,0.0,5.0,0.0,1.0,4.0,0.0,0.0,0.0,49.0,5.0,3.0,496.0,10.0,0.0,0.0
LIVE_EPISODIC,PERIODIC_ONLY,Q06_FALSE3,RESTRICTION_CHANGE,HIGH,4,COMPACT_TYPED,12,1.0,4.0,4.0,2.0,0.0,1.0,1.0,1.0,0.0,0.0,25.0,2.0,1.0,166.0,5.0,0.0,0.0
LIVE_EPISODIC,PERIODIC_ONLY,Q06_FALSE3,RESTRICTION_CHANGE,HIGH,4,VERBOSE_TYPED,12,1.0,4.0,4.0,2.0,0.0,1.0,1.0,1.0,0.0,0.0,37.0,2.0,1.0,167.0,5.0,0.0,0.0
LIVE_EPISODIC,PERIODIC_ONLY,Q06_FALSE3,RESTRICTION_CHANGE,HIGH,8,COMPACT_TYPED,12,1.0,10.0,2.0,4.0,0.0,1.0,3.0,1.0,0.0,0.0,32.0,4.0,0.0,0.0,12.0,0.0,0.0
LIVE_EPISODIC,PERIODIC_ONLY,Q06_FALSE3,RESTRICTION_CHANGE,HIGH,8,VERBOSE_TYPED,12,1.0,10.0,2.0,4.0,0.0,1.0,3.0,1.0,0.0,0.0,44.0,4.0,0.0,0.0,12.0,0.0,0.0
LIVE_EPISODIC,PERIODIC_ONLY,Q06_FALSE3,RESTRICTION_CHANGE,HIGH,12,COMPACT_TYPED,12,1.0,16.0,0.0,5.0,0.0,1.0,4.0,1.0,0.0,0.0,37.0,5.0,3.0,496.0,10.0,0.0,0.0
LIVE_EPISODIC,PERIODIC_ONLY,Q06_FALSE3,RESTRICTION_CHANGE,HIGH,12,VERBOSE_TYPED,12,1.0,16.0,0.0,5.0,0.0,1.0,4.0,1.0,0.0,0.0,49.0,5.0,3.0,499.0,10.0,0.0,0.0
LIVE_EPISODIC,PERIODIC_ONLY,Q06_FALSE3,RESTRICTION_CHANGE,LOW,4,COMPACT_TYPED,12,1.0,4.0,4.0,2.0,0.0,1.0,1.0,1.0,0.0,0.0,25.0,2.0,1.0,166.0,5.0,0.0,0.0
LIVE_EPISODIC,PERIODIC_ONLY,Q06_FALSE3,RESTRICTION_CHANGE,LOW,4,VERBOSE_TYPED,12,1.0,4.0,4.0,2.0,0.0,1.0,1.0,1.0,0.0,0.0,37.0,2.0,1.0,167.0,5.0,0.0,0.0
LIVE_EPISODIC,PERIODIC_ONLY,Q06_FALSE3,RESTRICTION_CHANGE,LOW,8,COMPACT_TYPED,12,1.0,10.0,2.0,4.0,0.0,1.0,3.0,1.0,0.0,0.0,32.0,4.0,0.0,0.0,12.0,0.0,0.0
LIVE_EPISODIC,PERIODIC_ONLY,Q06_FALSE3,RESTRICTION_CHANGE,LOW,8,VERBOSE_TYPED,12,1.0,10.0,2.0,4.0,0.0,1.0,3.0,1.0,0.0,0.0,44.0,4.0,0.0,0.0,12.0,0.0,0.0
LIVE_EPISODIC,PERIODIC_ONLY,Q06_FALSE3,RESTRICTION_CHANGE,LOW,12,COMPACT_TYPED,12,1.0,16.0,0.0,5.0,0.0,1.0,4.0,1.0,0.0,0.0,37.0,5.0,3.0,496.0,10.0,0.0,0.0
LIVE_EPISODIC,PERIODIC_ONLY,Q06_FALSE3,RESTRICTION_CHANGE,LOW,12,VERBOSE_TYPED,12,1.0,16.0,0.0,5.0,0.0,1.0,4.0,1.0,0.0,0.0,49.0,5.0,3.0,499.0,10.0,0.0,0.0
LIVE_EPISODIC,PERIODIC_ONLY,Q07_DUP_OOO,AVAILABILITY_LOSS,HIGH,4,COMPACT_TYPED,12,1.0,7.0,1.0,2.0,0.0,1.0,1.0,1.0,0.0,0.0,19.0,2.0,2.0,334.0,5.0,0.0,0.0
LIVE_EPISODIC,PERIODIC_ONLY,Q07_DUP_OOO,AVAILABILITY_LOSS,HIGH,4,VERBOSE_TYPED,12,1.0,7.0,1.0,2.0,0.0,1.0,1.0,1.0,0.0,0.0,28.0,2.0,2.0,336.0,5.0,0.0,0.0
LIVE_EPISODIC,PERIODIC_ONLY,Q07_DUP_OOO,AVAILABILITY_LOSS,HIGH,8,COMPACT_TYPED,12,1.0,10.0,2.0,4.0,0.0,1.0,3.0,1.0,0.0,0.0,32.0,4.0,1.0,167.0,6.0,0.0,0.0
LIVE_EPISODIC,PERIODIC_ONLY,Q07_DUP_OOO,AVAILABILITY_LOSS,HIGH,8,VERBOSE_TYPED,12,1.0,10.0,2.0,4.0,0.0,1.0,3.0,1.0,0.0,0.0,41.0,4.0,1.0,168.0,6.0,0.0,0.0
LIVE_EPISODIC,PERIODIC_ONLY,Q07_DUP_OOO,AVAILABILITY_LOSS,HIGH,12,COMPACT_TYPED,12,1.0,13.0,3.0,5.0,0.0,1.0,4.0,1.0,0.0,0.0,39.0,5.0,0.0,0.0,16.0,0.0,0.0
LIVE_EPISODIC,PERIODIC_ONLY,Q07_DUP_OOO,AVAILABILITY_LOSS,HIGH,12,VERBOSE_TYPED,12,1.0,13.0,3.0,5.0,0.0,1.0,4.0,1.0,0.0,0.0,48.0,5.0,0.0,0.0,16.0,0.0,0.0
LIVE_EPISODIC,PERIODIC_ONLY,Q07_DUP_OOO,AVAILABILITY_LOSS,LOW,4,COMPACT_TYPED,12,1.0,7.0,1.0,2.0,0.0,1.0,1.0,1.0,0.0,0.0,19.0,2.0,2.0,334.0,5.0,0.0,0.0
LIVE_EPISODIC,PERIODIC_ONLY,Q07_DUP_OOO,AVAILABILITY_LOSS,LOW,4,VERBOSE_TYPED,12,1.0,7.0,1.0,2.0,0.0,1.0,1.0,1.0,0.0,0.0,28.0,2.0,2.0,336.0,5.0,0.0,0.0
LIVE_EPISODIC,PERIODIC_ONLY,Q07_DUP_OOO,AVAILABILITY_LOSS,LOW,8,COMPACT_TYPED,12,1.0,10.0,2.0,4.0,0.0,1.0,3.0,1.0,0.0,0.0,32.0,4.0,1.0,167.0,6.0,0.0,0.0
LIVE_EPISODIC,PERIODIC_ONLY,Q07_DUP_OOO,AVAILABILITY_LOSS,LOW,8,VERBOSE_TYPED,12,1.0,10.0,2.0,4.0,0.0,1.0,3.0,1.0,0.0,0.0,41.0,4.0,1.0,168.0,6.0,0.0,0.0
LIVE_EPISODIC,PERIODIC_ONLY,Q07_DUP_OOO,AVAILABILITY_LOSS,LOW,12,COMPACT_TYPED,12,1.0,13.0,3.0,5.0,0.0,1.0,4.0,1.0,0.0,0.0,39.0,5.0,0.0,0.0,16.0,0.0,0.0
LIVE_EPISODIC,PERIODIC_ONLY,Q07_DUP_OOO,AVAILABILITY_LOSS,LOW,12,VERBOSE_TYPED,12,1.0,13.0,3.0,5.0,0.0,1.0,4.0,1.0,0.0,0.0,48.0,5.0,0.0,0.0,16.0,0.0,0.0
LIVE_EPISODIC,PERIODIC_ONLY,Q07_DUP_OOO,CONTROL_FAILURE,HIGH,4,COMPACT_TYPED,12,1.0,5.0,3.0,2.0,0.0,1.0,1.0,1.0,0.0,0.0,23.0,2.0,2.0,332.0,5.0,0.0,0.0
LIVE_EPISODIC,PERIODIC_ONLY,Q07_DUP_OOO,CONTROL_FAILURE,HIGH,4,VERBOSE_TYPED,12,1.0,5.0,3.0,2.0,0.0,1.0,1.0,1.0,0.0,0.0,32.0,2.0,2.0,334.0,5.0,0.0,0.0
LIVE_EPISODIC,PERIODIC_ONLY,Q07_DUP_OOO,CONTROL_FAILURE,HIGH,8,COMPACT_TYPED,12,1.0,10.0,2.0,4.0,0.0,1.0,3.0,1.0,0.0,0.0,32.0,4.0,1.0,166.0,6.0,0.0,0.0
LIVE_EPISODIC,PERIODIC_ONLY,Q07_DUP_OOO,CONTROL_FAILURE,HIGH,8,VERBOSE_TYPED,12,1.0,10.0,2.0,4.0,0.0,1.0,3.0,1.0,0.0,0.0,41.0,4.0,1.0,167.0,6.0,0.0,0.0
LIVE_EPISODIC,PERIODIC_ONLY,Q07_DUP_OOO,CONTROL_FAILURE,HIGH,12,COMPACT_TYPED,12,1.0,13.0,3.0,5.0,0.0,1.0,4.0,1.0,0.0,0.0,39.0,5.0,0.0,0.0,16.0,0.0,0.0
LIVE_EPISODIC,PERIODIC_ONLY,Q07_DUP_OOO,CONTROL_FAILURE,HIGH,12,VERBOSE_TYPED,12,1.0,13.0,3.0,5.0,0.0,1.0,4.0,1.0,0.0,0.0,48.0,5.0,0.0,0.0,16.0,0.0,0.0
LIVE_EPISODIC,PERIODIC_ONLY,Q07_DUP_OOO,CONTROL_FAILURE,LOW,4,COMPACT_TYPED,12,1.0,6.0,2.0,2.0,0.0,1.0,1.0,1.0,0.0,0.0,21.0,2.0,2.0,332.0,5.0,0.0,0.0
LIVE_EPISODIC,PERIODIC_ONLY,Q07_DUP_OOO,CONTROL_FAILURE,LOW,4,VERBOSE_TYPED,12,1.0,6.0,2.0,2.0,0.0,1.0,1.0,1.0,0.0,0.0,30.0,2.0,2.0,334.0,5.0,0.0,0.0
LIVE_EPISODIC,PERIODIC_ONLY,Q07_DUP_OOO,CONTROL_FAILURE,LOW,8,COMPACT_TYPED,12,1.0,10.0,2.0,4.0,0.0,1.0,3.0,1.0,0.0,0.0,32.0,4.0,1.0,166.0,6.0,0.0,0.0
LIVE_EPISODIC,PERIODIC_ONLY,Q07_DUP_OOO,CONTROL_FAILURE,LOW,8,VERBOSE_TYPED,12,1.0,10.0,2.0,4.0,0.0,1.0,3.0,1.0,0.0,0.0,41.0,4.0,1.0,167.0,6.0,0.0,0.0
LIVE_EPISODIC,PERIODIC_ONLY,Q07_DUP_OOO,CONTROL_FAILURE,LOW,12,COMPACT_TYPED,12,1.0,14.0,2.0,5.0,0.0,1.0,4.0,1.0,0.0,0.0,37.0,5.0,0.0,0.0,16.0,0.0,0.0
LIVE_EPISODIC,PERIODIC_ONLY,Q07_DUP_OOO,CONTROL_FAILURE,LOW,12,VERBOSE_TYPED,12,1.0,14.0,2.0,5.0,0.0,1.0,4.0,1.0,0.0,0.0,46.0,5.0,0.0,0.0,16.0,0.0,0.0
LIVE_EPISODIC,PERIODIC_ONLY,Q07_DUP_OOO,POSE_SHIFT,HIGH,4,COMPACT_TYPED,12,1.0,7.0,1.0,2.0,0.0,1.0,1.0,0.0,0.0,0.0,19.0,2.0,2.0,322.0,5.0,0.0,0.0
LIVE_EPISODIC,PERIODIC_ONLY,Q07_DUP_OOO,POSE_SHIFT,HIGH,4,VERBOSE_TYPED,12,1.0,7.0,1.0,2.0,0.0,1.0,1.0,0.0,0.0,0.0,28.0,2.0,2.0,324.0,5.0,0.0,0.0
LIVE_EPISODIC,PERIODIC_ONLY,Q07_DUP_OOO,POSE_SHIFT,HIGH,8,COMPACT_TYPED,12,1.0,10.0,2.0,4.0,0.0,1.0,3.0,1.0,0.0,0.0,32.0,4.0,1.0,161.0,6.0,0.0,0.0
LIVE_EPISODIC,PERIODIC_ONLY,Q07_DUP_OOO,POSE_SHIFT,HIGH,8,VERBOSE_TYPED,12,1.0,10.0,2.0,4.0,0.0,1.0,3.0,1.0,0.0,0.0,41.0,4.0,1.0,162.0,6.0,0.0,0.0
LIVE_EPISODIC,PERIODIC_ONLY,Q07_DUP_OOO,POSE_SHIFT,HIGH,12,COMPACT_TYPED,12,1.0,13.0,3.0,5.0,0.0,1.0,4.0,1.0,0.0,0.0,39.0,5.0,0.0,0.0,16.0,0.0,0.0
LIVE_EPISODIC,PERIODIC_ONLY,Q07_DUP_OOO,POSE_SHIFT,HIGH,12,VERBOSE_TYPED,12,1.0,13.0,3.0,5.0,0.0,1.0,4.0,1.0,0.0,0.0,48.0,5.0,0.0,0.0,16.0,0.0,0.0
LIVE_EPISODIC,PERIODIC_ONLY,Q07_DUP_OOO,POSE_SHIFT,LOW,4,COMPACT_TYPED,12,1.0,7.0,1.0,2.0,0.0,1.0,1.0,0.0,0.0,0.0,19.0,2.0,2.0,322.0,5.0,0.0,0.0
LIVE_EPISODIC,PERIODIC_ONLY,Q07_DUP_OOO,POSE_SHIFT,LOW,4,VERBOSE_TYPED,12,1.0,7.0,1.0,2.0,0.0,1.0,1.0,0.0,0.0,0.0,28.0,2.0,2.0,324.0,5.0,0.0,0.0
LIVE_EPISODIC,PERIODIC_ONLY,Q07_DUP_OOO,POSE_SHIFT,LOW,8,COMPACT_TYPED,12,1.0,10.0,2.0,4.0,0.0,1.0,3.0,1.0,0.0,0.0,32.0,4.0,1.0,161.0,6.0,0.0,0.0
LIVE_EPISODIC,PERIODIC_ONLY,Q07_DUP_OOO,POSE_SHIFT,LOW,8,VERBOSE_TYPED,12,1.0,10.0,2.0,4.0,0.0,1.0,3.0,1.0,0.0,0.0,41.0,4.0,1.0,162.0,6.0,0.0,0.0
LIVE_EPISODIC,PERIODIC_ONLY,Q07_DUP_OOO,POSE_SHIFT,LOW,12,COMPACT_TYPED,12,1.0,13.0,3.0,5.0,0.0,1.0,4.0,1.0,0.0,0.0,39.0,5.0,0.0,0.0,16.0,0.0,0.0
LIVE_EPISODIC,PERIODIC_ONLY,Q07_DUP_OOO,POSE_SHIFT,LOW,12,VERBOSE_TYPED,12,1.0,13.0,3.0,5.0,0.0,1.0,4.0,1.0,0.0,0.0,48.0,5.0,0.0,0.0,16.0,0.0,0.0
LIVE_EPISODIC,PERIODIC_ONLY,Q07_DUP_OOO,RESTRICTION_CHANGE,HIGH,4,COMPACT_TYPED,12,1.0,7.0,1.0,2.0,0.0,1.0,1.0,1.0,0.0,0.0,19.0,2.0,2.0,328.0,5.0,0.0,0.0
LIVE_EPISODIC,PERIODIC_ONLY,Q07_DUP_OOO,RESTRICTION_CHANGE,HIGH,4,VERBOSE_TYPED,12,1.0,7.0,1.0,2.0,0.0,1.0,1.0,1.0,0.0,0.0,28.0,2.0,2.0,330.0,5.0,0.0,0.0
LIVE_EPISODIC,PERIODIC_ONLY,Q07_DUP_OOO,RESTRICTION_CHANGE,HIGH,8,COMPACT_TYPED,12,1.0,10.0,2.0,4.0,0.0,1.0,3.0,1.0,0.0,0.0,32.0,4.0,1.0,164.0,6.0,0.0,0.0
LIVE_EPISODIC,PERIODIC_ONLY,Q07_DUP_OOO,RESTRICTION_CHANGE,HIGH,8,VERBOSE_TYPED,12,1.0,10.0,2.0,4.0,0.0,1.0,3.0,1.0,0.0,0.0,41.0,4.0,1.0,165.0,6.0,0.0,0.0
LIVE_EPISODIC,PERIODIC_ONLY,Q07_DUP_OOO,RESTRICTION_CHANGE,HIGH,12,COMPACT_TYPED,12,1.0,13.0,3.0,5.0,0.0,1.0,4.0,1.0,0.0,0.0,39.0,5.0,0.0,0.0,16.0,0.0,0.0
LIVE_EPISODIC,PERIODIC_ONLY,Q07_DUP_OOO,RESTRICTION_CHANGE,HIGH,12,VERBOSE_TYPED,12,1.0,13.0,3.0,5.0,0.0,1.0,4.0,1.0,0.0,0.0,48.0,5.0,0.0,0.0,16.0,0.0,0.0
LIVE_EPISODIC,PERIODIC_ONLY,Q07_DUP_OOO,RESTRICTION_CHANGE,LOW,4,COMPACT_TYPED,12,1.0,7.0,1.0,2.0,0.0,1.0,1.0,1.0,0.0,0.0,19.0,2.0,2.0,328.0,5.0,0.0,0.0
LIVE_EPISODIC,PERIODIC_ONLY,Q07_DUP_OOO,RESTRICTION_CHANGE,LOW,4,VERBOSE_TYPED,12,1.0,7.0,1.0,2.0,0.0,1.0,1.0,1.0,0.0,0.0,28.0,2.0,2.0,330.0,5.0,0.0,0.0
LIVE_EPISODIC,PERIODIC_ONLY,Q07_DUP_OOO,RESTRICTION_CHANGE,LOW,8,COMPACT_TYPED,12,1.0,10.0,2.0,4.0,0.0,1.0,3.0,1.0,0.0,0.0,32.0,4.0,1.0,164.0,6.0,0.0,0.0
LIVE_EPISODIC,PERIODIC_ONLY,Q07_DUP_OOO,RESTRICTION_CHANGE,LOW,8,VERBOSE_TYPED,12,1.0,10.0,2.0,4.0,0.0,1.0,3.0,1.0,0.0,0.0,41.0,4.0,1.0,165.0,6.0,0.0,0.0
LIVE_EPISODIC,PERIODIC_ONLY,Q07_DUP_OOO,RESTRICTION_CHANGE,LOW,12,COMPACT_TYPED,12,1.0,13.0,3.0,5.0,0.0,1.0,4.0,1.0,0.0,0.0,39.0,5.0,0.0,0.0,16.0,0.0,0.0
LIVE_EPISODIC,PERIODIC_ONLY,Q07_DUP_OOO,RESTRICTION_CHANGE,LOW,12,VERBOSE_TYPED,12,1.0,13.0,3.0,5.0,0.0,1.0,4.0,1.0,0.0,0.0,48.0,5.0,0.0,0.0,16.0,0.0,0.0
LIVE_EPISODIC,PERIODIC_ONLY,Q08_GUARDED,AVAILABILITY_LOSS,HIGH,4,COMPACT_TYPED,12,1.0,5.75,2.25,2.0,0.0,1.0,1.0,1.0,0.0,0.0,19.25,2.0,0.58333333,97.41666667,6.25,0.0,0.0
LIVE_EPISODIC,PERIODIC_ONLY,Q08_GUARDED,AVAILABILITY_LOSS,HIGH,4,VERBOSE_TYPED,12,1.0,5.75,2.25,2.0,0.0,1.0,1.0,1.0,0.0,0.0,25.75,2.0,0.58333333,98.0,6.25,0.0,0.0
LIVE_EPISODIC,PERIODIC_ONLY,Q08_GUARDED,AVAILABILITY_LOSS,HIGH,8,COMPACT_TYPED,12,1.0,10.0,2.0,4.0,0.0,1.0,3.0,1.0,0.0,0.0,31.5,4.0,0.83333333,139.16666667,7.0,0.0,0.0
LIVE_EPISODIC,PERIODIC_ONLY,Q08_GUARDED,AVAILABILITY_LOSS,HIGH,8,VERBOSE_TYPED,12,1.0,10.0,2.0,4.0,0.0,1.0,3.0,1.0,0.0,0.0,39.5,4.0,0.83333333,140.0,7.0,0.0,0.0
LIVE_EPISODIC,PERIODIC_ONLY,Q08_GUARDED,AVAILABILITY_LOSS,HIGH,12,COMPACT_TYPED,12,1.0,13.0,3.0,5.0,0.0,1.0,4.0,1.0,0.0,0.0,39.33333333,5.0,1.0,166.0,10.0,0.0,0.0
LIVE_EPISODIC,PERIODIC_ONLY,Q08_GUARDED,AVAILABILITY_LOSS,HIGH,12,VERBOSE_TYPED,12,1.0,13.0,3.0,5.0,0.0,1.0,4.0,1.0,0.0,0.0,46.33333333,5.0,1.0,167.0,10.0,0.0,0.0
LIVE_EPISODIC,PERIODIC_ONLY,Q08_GUARDED,AVAILABILITY_LOSS,LOW,4,COMPACT_TYPED,12,1.0,6.0,2.0,2.0,0.0,1.0,1.0,1.0,0.0,0.0,19.0,2.0,0.66666667,111.33333333,6.0,0.0,0.0
LIVE_EPISODIC,PERIODIC_ONLY,Q08_GUARDED,AVAILABILITY_LOSS,LOW,4,VERBOSE_TYPED,12,1.0,6.0,2.0,2.0,0.0,1.0,1.0,1.0,0.0,0.0,26.0,2.0,0.66666667,112.0,6.0,0.0,0.0
LIVE_EPISODIC,PERIODIC_ONLY,Q08_GUARDED,AVAILABILITY_LOSS,LOW,8,COMPACT_TYPED,12,1.0,10.0,2.0,4.0,0.0,1.0,3.0,1.0,0.0,0.0,31.5,4.0,0.83333333,139.16666667,7.0,0.0,0.0
LIVE_EPISODIC,PERIODIC_ONLY,Q08_GUARDED,AVAILABILITY_LOSS,LOW,8,VERBOSE_TYPED,12,1.0,10.0,2.0,4.0,0.0,1.0,3.0,1.0,0.0,0.0,39.5,4.0,0.83333333,140.0,7.0,0.0,0.0
LIVE_EPISODIC,PERIODIC_ONLY,Q08_GUARDED,AVAILABILITY_LOSS,LOW,12,COMPACT_TYPED,12,1.0,13.0,3.0,5.0,0.0,1.0,4.0,1.0,0.0,0.0,39.66666667,5.0,1.0,166.0,10.0,0.0,0.0
LIVE_EPISODIC,PERIODIC_ONLY,Q08_GUARDED,AVAILABILITY_LOSS,LOW,12,VERBOSE_TYPED,12,1.0,13.0,3.0,5.0,0.0,1.0,4.0,1.0,0.0,0.0,47.66666667,5.0,1.0,167.0,10.0,0.0,0.0
LIVE_EPISODIC,PERIODIC_ONLY,Q08_GUARDED,CONTROL_FAILURE,HIGH,4,COMPACT_TYPED,12,1.0,5.0,3.0,2.0,0.0,1.0,1.0,1.0,0.0,0.0,21.0,2.0,0.66666667,110.66666667,6.0,0.0,0.0
LIVE_EPISODIC,PERIODIC_ONLY,Q08_GUARDED,CONTROL_FAILURE,HIGH,4,VERBOSE_TYPED,12,1.0,5.0,3.0,2.0,0.0,1.0,1.0,1.0,0.0,0.0,28.0,2.0,0.66666667,111.33333333,6.0,0.0,0.0
LIVE_EPISODIC,PERIODIC_ONLY,Q08_GUARDED,CONTROL_FAILURE,HIGH,8,COMPACT_TYPED,12,1.0,10.0,2.0,4.0,0.0,1.0,3.0,1.0,0.0,0.0,30.75,4.0,0.58333333,96.83333333,8.5,0.0,0.0
LIVE_EPISODIC,PERIODIC_ONLY,Q08_GUARDED,CONTROL_FAILURE,HIGH,8,VERBOSE_TYPED,12,1.0,10.0,2.0,4.0,0.0,1.0,3.0,1.0,0.0,0.0,37.25,4.0,0.58333333,97.41666667,8.5,0.0,0.0
LIVE_EPISODIC,PERIODIC_ONLY,Q08_GUARDED,CONTROL_FAILURE,HIGH,12,COMPACT_TYPED,12,1.0,13.0,3.0,5.0,0.0,1.0,4.0,1.0,0.0,0.0,39.66666667,5.0,1.0,166.0,10.0,0.0,0.0
LIVE_EPISODIC,PERIODIC_ONLY,Q08_GUARDED,CONTROL_FAILURE,HIGH,12,VERBOSE_TYPED,12,1.0,13.0,3.0,5.0,0.0,1.0,4.0,1.0,0.0,0.0,47.66666667,5.0,1.0,167.0,10.0,0.0,0.0
LIVE_EPISODIC,PERIODIC_ONLY,Q08_GUARDED,CONTROL_FAILURE,LOW,4,COMPACT_TYPED,12,1.0,6.0,2.0,2.0,0.0,1.0,1.0,1.0,0.0,0.0,19.75,2.0,0.91666667,152.16666667,5.25,0.0,0.0
LIVE_EPISODIC,PERIODIC_ONLY,Q08_GUARDED,CONTROL_FAILURE,LOW,4,VERBOSE_TYPED,12,1.0,6.0,2.0,2.0,0.0,1.0,1.0,1.0,0.0,0.0,28.25,2.0,0.91666667,153.08333333,5.25,0.0,0.0
LIVE_EPISODIC,PERIODIC_ONLY,Q08_GUARDED,CONTROL_FAILURE,LOW,8,COMPACT_TYPED,12,1.0,10.0,2.0,4.0,0.0,1.0,3.0,1.0,0.0,0.0,31.0,4.0,0.66666667,110.66666667,8.0,0.0,0.0
LIVE_EPISODIC,PERIODIC_ONLY,Q08_GUARDED,CONTROL_FAILURE,LOW,8,VERBOSE_TYPED,12,1.0,10.0,2.0,4.0,0.0,1.0,3.0,1.0,0.0,0.0,38.0,4.0,0.66666667,111.33333333,8.0,0.0,0.0
LIVE_EPISODIC,PERIODIC_ONLY,Q08_GUARDED,CONTROL_FAILURE,LOW,12,COMPACT_TYPED,12,1.0,14.0,2.0,5.0,0.0,1.0,4.0,1.0,0.0,0.0,37.66666667,5.0,1.0,166.0,10.0,0.0,0.0
LIVE_EPISODIC,PERIODIC_ONLY,Q08_GUARDED,CONTROL_FAILURE,LOW,12,VERBOSE_TYPED,12,1.0,14.0,2.0,5.0,0.0,1.0,4.0,1.0,0.0,0.0,45.66666667,5.0,1.0,167.0,10.0,0.0,0.0
LIVE_EPISODIC,PERIODIC_ONLY,Q08_GUARDED,POSE_SHIFT,HIGH,4,COMPACT_TYPED,12,1.0,6.0,2.0,2.0,0.0,1.0,1.0,0.33333333,0.0,0.0,19.0,2.0,0.66666667,107.33333333,6.0,0.0,0.0
LIVE_EPISODIC,PERIODIC_ONLY,Q08_GUARDED,POSE_SHIFT,HIGH,4,VERBOSE_TYPED,12,1.0,6.0,2.0,2.0,0.0,1.0,1.0,0.33333333,0.0,0.0,26.0,2.0,0.66666667,108.0,6.0,0.0,0.0
LIVE_EPISODIC,PERIODIC_ONLY,Q08_GUARDED,POSE_SHIFT,HIGH,8,COMPACT_TYPED,12,1.0,10.0,2.0,4.0,0.0,1.0,3.0,1.0,0.0,0.0,30.25,4.0,0.41666667,67.08333333,9.5,0.0,0.0
LIVE_EPISODIC,PERIODIC_ONLY,Q08_GUARDED,POSE_SHIFT,HIGH,8,VERBOSE_TYPED,12,1.0,10.0,2.0,4.0,0.0,1.0,3.0,1.0,0.0,0.0,35.75,4.0,0.41666667,67.5,9.5,0.0,0.0
LIVE_EPISODIC,PERIODIC_ONLY,Q08_GUARDED,POSE_SHIFT,HIGH,12,COMPACT_TYPED,12,1.0,13.0,3.0,5.0,0.0,1.0,4.0,1.0,0.0,0.0,39.33333333,5.0,1.0,166.0,10.0,0.0,0.0
LIVE_EPISODIC,PERIODIC_ONLY,Q08_GUARDED,POSE_SHIFT,HIGH,12,VERBOSE_TYPED,12,1.0,13.0,3.0,5.0,0.0,1.0,4.0,1.0,0.0,0.0,46.33333333,5.0,1.0,167.0,10.0,0.0,0.0
LIVE_EPISODIC,PERIODIC_ONLY,Q08_GUARDED,POSE_SHIFT,LOW,4,COMPACT_TYPED,12,1.0,6.0,2.0,2.0,0.0,1.0,1.0,0.33333333,0.0,0.0,19.0,2.0,0.66666667,107.33333333,6.0,0.0,0.0
LIVE_EPISODIC,PERIODIC_ONLY,Q08_GUARDED,POSE_SHIFT,LOW,4,VERBOSE_TYPED,12,1.0,6.0,2.0,2.0,0.0,1.0,1.0,0.33333333,0.0,0.0,26.0,2.0,0.66666667,108.0,6.0,0.0,0.0
LIVE_EPISODIC,PERIODIC_ONLY,Q08_GUARDED,POSE_SHIFT,LOW,8,COMPACT_TYPED,12,1.0,10.0,2.0,4.0,0.0,1.0,3.0,1.0,0.0,0.0,30.75,4.0,0.58333333,93.91666667,8.5,0.0,0.0
LIVE_EPISODIC,PERIODIC_ONLY,Q08_GUARDED,POSE_SHIFT,LOW,8,VERBOSE_TYPED,12,1.0,10.0,2.0,4.0,0.0,1.0,3.0,1.0,0.0,0.0,37.25,4.0,0.58333333,94.5,8.5,0.0,0.0
LIVE_EPISODIC,PERIODIC_ONLY,Q08_GUARDED,POSE_SHIFT,LOW,12,COMPACT_TYPED,12,1.0,13.0,3.0,5.0,0.0,1.0,4.0,1.0,0.0,0.0,39.33333333,5.0,1.0,166.0,10.0,0.0,0.0
LIVE_EPISODIC,PERIODIC_ONLY,Q08_GUARDED,POSE_SHIFT,LOW,12,VERBOSE_TYPED,12,1.0,13.0,3.0,5.0,0.0,1.0,4.0,1.0,0.0,0.0,46.33333333,5.0,1.0,167.0,10.0,0.0,0.0
LIVE_EPISODIC,PERIODIC_ONLY,Q08_GUARDED,RESTRICTION_CHANGE,HIGH,4,COMPACT_TYPED,12,1.0,6.25,1.75,2.0,0.0,1.0,1.0,1.0,0.0,0.0,18.75,2.0,0.75,123.0,5.75,0.0,0.0
LIVE_EPISODIC,PERIODIC_ONLY,Q08_GUARDED,RESTRICTION_CHANGE,HIGH,4,VERBOSE_TYPED,12,1.0,6.25,1.75,2.0,0.0,1.0,1.0,1.0,0.0,0.0,26.25,2.0,0.75,123.75,5.75,0.0,0.0
LIVE_EPISODIC,PERIODIC_ONLY,Q08_GUARDED,RESTRICTION_CHANGE,HIGH,8,COMPACT_TYPED,12,1.0,10.0,2.0,4.0,0.0,1.0,3.0,1.0,0.0,0.0,31.25,4.0,0.75,123.0,7.5,0.0,0.0
LIVE_EPISODIC,PERIODIC_ONLY,Q08_GUARDED,RESTRICTION_CHANGE,HIGH,8,VERBOSE_TYPED,12,1.0,10.0,2.0,4.0,0.0,1.0,3.0,1.0,0.0,0.0,38.75,4.0,0.75,123.75,7.5,0.0,0.0
LIVE_EPISODIC,PERIODIC_ONLY,Q08_GUARDED,RESTRICTION_CHANGE,HIGH,12,COMPACT_TYPED,12,1.0,13.0,3.0,5.0,0.0,1.0,4.0,1.0,0.0,0.0,39.66666667,5.0,1.0,166.0,10.0,0.0,0.0
LIVE_EPISODIC,PERIODIC_ONLY,Q08_GUARDED,RESTRICTION_CHANGE,HIGH,12,VERBOSE_TYPED,12,1.0,13.0,3.0,5.0,0.0,1.0,4.0,1.0,0.0,0.0,47.66666667,5.0,1.0,167.0,10.0,0.0,0.0
LIVE_EPISODIC,PERIODIC_ONLY,Q08_GUARDED,RESTRICTION_CHANGE,LOW,4,COMPACT_TYPED,12,1.0,6.5,1.5,2.0,0.0,1.0,1.0,1.0,0.0,0.0,18.5,2.0,0.83333333,136.66666667,5.5,0.0,0.0
LIVE_EPISODIC,PERIODIC_ONLY,Q08_GUARDED,RESTRICTION_CHANGE,LOW,4,VERBOSE_TYPED,12,1.0,6.5,1.5,2.0,0.0,1.0,1.0,1.0,0.0,0.0,26.5,2.0,0.83333333,137.5,5.5,0.0,0.0
LIVE_EPISODIC,PERIODIC_ONLY,Q08_GUARDED,RESTRICTION_CHANGE,LOW,8,COMPACT_TYPED,12,1.0,10.0,2.0,4.0,0.0,1.0,3.0,1.0,0.0,0.0,31.25,4.0,0.75,123.0,7.5,0.0,0.0
LIVE_EPISODIC,PERIODIC_ONLY,Q08_GUARDED,RESTRICTION_CHANGE,LOW,8,VERBOSE_TYPED,12,1.0,10.0,2.0,4.0,0.0,1.0,3.0,1.0,0.0,0.0,38.75,4.0,0.75,123.75,7.5,0.0,0.0
LIVE_EPISODIC,PERIODIC_ONLY,Q08_GUARDED,RESTRICTION_CHANGE,LOW,12,COMPACT_TYPED,12,1.0,13.0,3.0,5.0,0.0,1.0,4.0,1.0,0.0,0.0,39.5,5.0,1.0,166.0,10.0,0.0,0.0
LIVE_EPISODIC,PERIODIC_ONLY,Q08_GUARDED,RESTRICTION_CHANGE,LOW,12,VERBOSE_TYPED,12,1.0,13.0,3.0,5.0,0.0,1.0,4.0,1.0,0.0,0.0,47.0,5.0,1.0,167.0,10.0,0.0,0.0
LIVE_EPISODIC,PERIODIC_ONLY,Q09_HOSTILE,AVAILABILITY_LOSS,HIGH,4,COMPACT_TYPED,12,0.0,1.0,7.0,1.0,0.0,1.0,1.0,0.0,0.0,0.0,25.5,1.0,1.0,166.0,5.0,0.0,0.0
LIVE_EPISODIC,PERIODIC_ONLY,Q09_HOSTILE,AVAILABILITY_LOSS,HIGH,4,VERBOSE_TYPED,12,0.0,1.0,7.0,1.0,0.0,1.0,1.0,0.0,0.0,0.0,39.0,1.0,1.0,167.0,5.0,0.0,0.0
LIVE_EPISODIC,PERIODIC_ONLY,Q09_HOSTILE,AVAILABILITY_LOSS,HIGH,8,COMPACT_TYPED,12,0.0,7.0,5.0,2.0,0.0,1.0,1.0,1.0,0.0,0.0,27.0,2.0,0.0,0.0,12.0,0.0,0.0
LIVE_EPISODIC,PERIODIC_ONLY,Q09_HOSTILE,AVAILABILITY_LOSS,HIGH,8,VERBOSE_TYPED,12,0.0,7.0,5.0,2.0,0.0,1.0,1.0,1.0,0.0,0.0,42.0,2.0,0.0,0.0,12.0,0.0,0.0
LIVE_EPISODIC,PERIODIC_ONLY,Q09_HOSTILE,AVAILABILITY_LOSS,HIGH,12,COMPACT_TYPED,12,1.0,13.0,3.0,3.0,0.0,1.0,2.0,1.0,0.0,0.0,29.08333333,3.0,0.83333333,139.16666667,12.25,0.0,0.0
LIVE_EPISODIC,PERIODIC_ONLY,Q09_HOSTILE,AVAILABILITY_LOSS,HIGH,12,VERBOSE_TYPED,12,1.0,13.0,3.0,3.0,0.0,1.0,2.0,1.0,0.0,0.0,41.83333333,3.0,0.83333333,140.0,12.25,0.0,0.0
LIVE_EPISODIC,PERIODIC_ONLY,Q09_HOSTILE,AVAILABILITY_LOSS,LOW,4,COMPACT_TYPED,12,0.0,1.0,7.0,1.0,0.0,1.0,1.0,0.0,0.0,0.0,25.0,1.0,1.0,166.0,5.0,0.0,0.0
LIVE_EPISODIC,PERIODIC_ONLY,Q09_HOSTILE,AVAILABILITY_LOSS,LOW,4,VERBOSE_TYPED,12,0.0,1.0,7.0,1.0,0.0,1.0,1.0,0.0,0.0,0.0,37.0,1.0,1.0,167.0,5.0,0.0,0.0
LIVE_EPISODIC,PERIODIC_ONLY,Q09_HOSTILE,AVAILABILITY_LOSS,LOW,8,COMPACT_TYPED,12,0.0,7.0,5.0,2.0,0.0,1.0,1.0,1.0,0.0,0.0,26.75,2.0,0.0,0.0,12.0,0.0,0.0
LIVE_EPISODIC,PERIODIC_ONLY,Q09_HOSTILE,AVAILABILITY_LOSS,LOW,8,VERBOSE_TYPED,12,0.0,7.0,5.0,2.0,0.0,1.0,1.0,1.0,0.0,0.0,41.0,2.0,0.0,0.0,12.0,0.0,0.0
LIVE_EPISODIC,PERIODIC_ONLY,Q09_HOSTILE,AVAILABILITY_LOSS,LOW,12,COMPACT_TYPED,12,1.0,13.0,3.0,3.0,0.0,1.0,2.0,1.0,0.0,0.0,30.33333333,3.0,1.33333333,222.66666667,10.0,0.0,0.0
LIVE_EPISODIC,PERIODIC_ONLY,Q09_HOSTILE,AVAILABILITY_LOSS,LOW,12,VERBOSE_TYPED,12,1.0,13.0,3.0,3.0,0.0,1.0,2.0,1.0,0.0,0.0,45.33333333,3.0,1.33333333,224.0,10.0,0.0,0.0
LIVE_EPISODIC,PERIODIC_ONLY,Q09_HOSTILE,CONTROL_FAILURE,HIGH,4,COMPACT_TYPED,12,1.0,5.0,3.0,1.0,0.0,1.0,1.0,0.0,0.0,0.0,17.5,1.0,1.0,166.0,5.0,0.0,0.0
LIVE_EPISODIC,PERIODIC_ONLY,Q09_HOSTILE,CONTROL_FAILURE,HIGH,4,VERBOSE_TYPED,12,1.0,5.0,3.0,1.0,0.0,1.0,1.0,0.0,0.0,0.0,31.0,1.0,1.0,167.0,5.0,0.0,0.0
LIVE_EPISODIC,PERIODIC_ONLY,Q09_HOSTILE,CONTROL_FAILURE,HIGH,8,COMPACT_TYPED,12,1.0,9.0,3.0,2.0,0.0,1.0,1.0,1.0,0.0,0.0,22.25,2.0,0.0,0.0,12.0,0.0,0.0
LIVE_EPISODIC,PERIODIC_ONLY,Q09_HOSTILE,CONTROL_FAILURE,HIGH,8,VERBOSE_TYPED,12,1.0,9.0,3.0,2.0,0.0,1.0,1.0,1.0,0.0,0.0,35.0,2.0,0.0,0.0,12.0,0.0,0.0
LIVE_EPISODIC,PERIODIC_ONLY,Q09_HOSTILE,CONTROL_FAILURE,HIGH,12,COMPACT_TYPED,12,1.0,13.0,3.0,3.0,0.0,1.0,2.0,1.0,0.0,0.0,29.91666667,3.0,1.16666667,193.66666667,10.75,0.0,0.0
LIVE_EPISODIC,PERIODIC_ONLY,Q09_HOSTILE,CONTROL_FAILURE,HIGH,12,VERBOSE_TYPED,12,1.0,13.0,3.0,3.0,0.0,1.0,2.0,1.0,0.0,0.0,44.16666667,3.0,1.16666667,194.83333333,10.75,0.0,0.0
LIVE_EPISODIC,PERIODIC_ONLY,Q09_HOSTILE,CONTROL_FAILURE,LOW,4,COMPACT_TYPED,12,1.0,6.0,2.0,1.0,0.0,1.0,1.0,0.0,0.0,0.0,16.5,1.0,1.0,166.0,5.0,0.0,0.0
LIVE_EPISODIC,PERIODIC_ONLY,Q09_HOSTILE,CONTROL_FAILURE,LOW,4,VERBOSE_TYPED,12,1.0,6.0,2.0,1.0,0.0,1.0,1.0,0.0,0.0,0.0,33.0,1.0,1.0,167.0,5.0,0.0,0.0
LIVE_EPISODIC,PERIODIC_ONLY,Q09_HOSTILE,CONTROL_FAILURE,LOW,8,COMPACT_TYPED,12,1.0,10.0,2.0,2.0,0.0,1.0,1.0,1.0,0.0,0.0,20.75,2.0,0.0,0.0,12.0,0.0,0.0
LIVE_EPISODIC,PERIODIC_ONLY,Q09_HOSTILE,CONTROL_FAILURE,LOW,8,VERBOSE_TYPED,12,1.0,10.0,2.0,2.0,0.0,1.0,1.0,1.0,0.0,0.0,35.0,2.0,0.0,0.0,12.0,0.0,0.0
LIVE_EPISODIC,PERIODIC_ONLY,Q09_HOSTILE,CONTROL_FAILURE,LOW,12,COMPACT_TYPED,12,1.0,14.0,2.0,3.0,0.0,1.0,2.0,1.0,0.0,0.0,26.66666667,3.0,0.66666667,110.66666667,13.0,0.0,0.0
LIVE_EPISODIC,PERIODIC_ONLY,Q09_HOSTILE,CONTROL_FAILURE,LOW,12,VERBOSE_TYPED,12,1.0,14.0,2.0,3.0,0.0,1.0,2.0,1.0,0.0,0.0,38.66666667,3.0,0.66666667,111.33333333,13.0,0.0,0.0
LIVE_EPISODIC,PERIODIC_ONLY,Q09_HOSTILE,POSE_SHIFT,HIGH,4,COMPACT_TYPED,12,0.0,1.0,7.0,1.0,0.0,1.0,1.0,0.0,0.0,0.0,25.0,1.0,1.0,166.0,5.0,0.0,0.0
LIVE_EPISODIC,PERIODIC_ONLY,Q09_HOSTILE,POSE_SHIFT,HIGH,4,VERBOSE_TYPED,12,0.0,1.0,7.0,1.0,0.0,1.0,1.0,0.0,0.0,0.0,37.0,1.0,1.0,167.0,5.0,0.0,0.0
LIVE_EPISODIC,PERIODIC_ONLY,Q09_HOSTILE,POSE_SHIFT,HIGH,8,COMPACT_TYPED,12,0.0,7.0,5.0,2.0,0.0,1.0,1.0,1.0,0.0,0.0,26.25,2.0,0.0,0.0,12.0,0.0,0.0
LIVE_EPISODIC,PERIODIC_ONLY,Q09_HOSTILE,POSE_SHIFT,HIGH,8,VERBOSE_TYPED,12,0.0,7.0,5.0,2.0,0.0,1.0,1.0,1.0,0.0,0.0,39.0,2.0,0.0,0.0,12.0,0.0,0.0
LIVE_EPISODIC,PERIODIC_ONLY,Q09_HOSTILE,POSE_SHIFT,HIGH,12,COMPACT_TYPED,12,1.0,13.0,3.0,3.0,0.0,1.0,2.0,1.0,0.0,0.0,29.5,3.0,1.0,161.0,11.5,0.0,0.0
LIVE_EPISODIC,PERIODIC_ONLY,Q09_HOSTILE,POSE_SHIFT,HIGH,12,VERBOSE_TYPED,12,1.0,13.0,3.0,3.0,0.0,1.0,2.0,1.0,0.0,0.0,43.0,3.0,1.0,162.0,11.5,0.0,0.0
LIVE_EPISODIC,PERIODIC_ONLY,Q09_HOSTILE,POSE_SHIFT,LOW,4,COMPACT_TYPED,12,0.0,1.0,7.0,1.0,0.0,1.0,1.0,0.0,0.0,0.0,25.75,1.0,1.0,166.0,5.0,0.0,0.0
LIVE_EPISODIC,PERIODIC_ONLY,Q09_HOSTILE,POSE_SHIFT,LOW,4,VERBOSE_TYPED,12,0.0,1.0,7.0,1.0,0.0,1.0,1.0,0.0,0.0,0.0,40.0,1.0,1.0,167.0,5.0,0.0,0.0
LIVE_EPISODIC,PERIODIC_ONLY,Q09_HOSTILE,POSE_SHIFT,LOW,8,COMPACT_TYPED,12,0.0,7.0,5.0,2.0,0.0,1.0,1.0,1.0,0.0,0.0,26.0,2.0,0.0,0.0,12.0,0.0,0.0
LIVE_EPISODIC,PERIODIC_ONLY,Q09_HOSTILE,POSE_SHIFT,LOW,8,VERBOSE_TYPED,12,0.0,7.0,5.0,2.0,0.0,1.0,1.0,1.0,0.0,0.0,38.0,2.0,0.0,0.0,12.0,0.0,0.0
LIVE_EPISODIC,PERIODIC_ONLY,Q09_HOSTILE,POSE_SHIFT,LOW,12,COMPACT_TYPED,12,1.0,13.0,3.0,3.0,0.0,1.0,2.0,1.0,0.0,0.0,28.66666667,3.0,0.66666667,107.33333333,13.0,0.0,0.0
LIVE_EPISODIC,PERIODIC_ONLY,Q09_HOSTILE,POSE_SHIFT,LOW,12,VERBOSE_TYPED,12,1.0,13.0,3.0,3.0,0.0,1.0,2.0,1.0,0.0,0.0,40.66666667,3.0,0.66666667,108.0,13.0,0.0,0.0
LIVE_EPISODIC,PERIODIC_ONLY,Q09_HOSTILE,RESTRICTION_CHANGE,HIGH,4,COMPACT_TYPED,12,0.0,1.0,7.0,1.0,0.0,1.0,1.0,0.0,0.0,0.0,25.25,1.0,1.0,166.0,5.0,0.0,0.0
LIVE_EPISODIC,PERIODIC_ONLY,Q09_HOSTILE,RESTRICTION_CHANGE,HIGH,4,VERBOSE_TYPED,12,0.0,1.0,7.0,1.0,0.0,1.0,1.0,0.0,0.0,0.0,38.0,1.0,1.0,167.0,5.0,0.0,0.0
LIVE_EPISODIC,PERIODIC_ONLY,Q09_HOSTILE,RESTRICTION_CHANGE,HIGH,8,COMPACT_TYPED,12,0.0,7.0,5.0,2.0,0.0,1.0,1.0,1.0,0.0,0.0,26.5,2.0,0.0,0.0,12.0,0.0,0.0
LIVE_EPISODIC,PERIODIC_ONLY,Q09_HOSTILE,RESTRICTION_CHANGE,HIGH,8,VERBOSE_TYPED,12,0.0,7.0,5.0,2.0,0.0,1.0,1.0,1.0,0.0,0.0,40.0,2.0,0.0,0.0,12.0,0.0,0.0
LIVE_EPISODIC,PERIODIC_ONLY,Q09_HOSTILE,RESTRICTION_CHANGE,HIGH,12,COMPACT_TYPED,12,1.0,13.0,3.0,3.0,0.0,1.0,2.0,1.0,0.0,0.0,29.5,3.0,1.0,164.0,11.5,0.0,0.0
LIVE_EPISODIC,PERIODIC_ONLY,Q09_HOSTILE,RESTRICTION_CHANGE,HIGH,12,VERBOSE_TYPED,12,1.0,13.0,3.0,3.0,0.0,1.0,2.0,1.0,0.0,0.0,43.0,3.0,1.0,165.0,11.5,0.0,0.0
LIVE_EPISODIC,PERIODIC_ONLY,Q09_HOSTILE,RESTRICTION_CHANGE,LOW,4,COMPACT_TYPED,12,0.0,1.0,7.0,1.0,0.0,1.0,1.0,0.0,0.0,0.0,26.0,1.0,1.0,166.0,5.0,0.0,0.0
LIVE_EPISODIC,PERIODIC_ONLY,Q09_HOSTILE,RESTRICTION_CHANGE,LOW,4,VERBOSE_TYPED,12,0.0,1.0,7.0,1.0,0.0,1.0,1.0,0.0,0.0,0.0,41.0,1.0,1.0,167.0,5.0,0.0,0.0
LIVE_EPISODIC,PERIODIC_ONLY,Q09_HOSTILE,RESTRICTION_CHANGE,LOW,8,COMPACT_TYPED,12,0.0,7.0,5.0,2.0,0.0,1.0,1.0,1.0,0.0,0.0,26.25,2.0,0.0,0.0,12.0,0.0,0.0
LIVE_EPISODIC,PERIODIC_ONLY,Q09_HOSTILE,RESTRICTION_CHANGE,LOW,8,VERBOSE_TYPED,12,0.0,7.0,5.0,2.0,0.0,1.0,1.0,1.0,0.0,0.0,39.0,2.0,0.0,0.0,12.0,0.0,0.0
LIVE_EPISODIC,PERIODIC_ONLY,Q09_HOSTILE,RESTRICTION_CHANGE,LOW,12,COMPACT_TYPED,12,1.0,13.0,3.0,3.0,0.0,1.0,2.0,1.0,0.0,0.0,29.08333333,3.0,0.83333333,136.66666667,12.25,0.0,0.0
LIVE_EPISODIC,PERIODIC_ONLY,Q09_HOSTILE,RESTRICTION_CHANGE,LOW,12,VERBOSE_TYPED,12,1.0,13.0,3.0,3.0,0.0,1.0,2.0,1.0,0.0,0.0,41.83333333,3.0,0.83333333,137.5,12.25,0.0,0.0
